horizon,alpha,budget_per_shared_group,panel_index,method,replications,mse,mse_se,bias,normalized_to_uniform
2,0.1,50,0,learned_occupancy,300,0.0029474139591726283,0.000363227165315385,-0.0016494731166167983,0.10212621405041804
2,0.1,50,0,oracle_tail,300,0.00037616938481018647,4.098401334232148e-05,0.0015133999885581816,0.01303405481703126
2,0.1,50,0,tis,300,0.012659857534846232,0.0024034969194345994,0.01347701000981456,0.43865684914325237
2,0.1,50,0,tis_anchored,300,0.0022506275594892946,0.00030038340543275084,-0.0025781470583179835,0.07798296237719338
2,0.1,50,0,uniform,300,0.028860503511052887,0.0029555573322635393,0.04205025071739555,1.0
2,0.1,50,1,learned_occupancy,300,0.0004279765811760349,3.420950535116748e-05,-0.0009206276155153595,0.03929232171120808
2,0.1,50,1,oracle_tail,300,0.00016348965227135968,1.5404496743627562e-05,-0.0009040552512396764,0.015009905438862173
2,0.1,50,1,tis,300,0.01236017354614443,0.002412096921671703,-0.008388405627767043,1.1347815201638554
2,0.1,50,1,tis_anchored,300,0.0006336831037415723,5.8506152807392694e-05,-0.0005324561873221364,0.05817813747367013
2,0.1,50,1,uniform,300,0.010892117404555283,0.0013326453275924089,-0.002007044843846418,1.0
2,0.1,50,2,learned_occupancy,300,1.7179963885917468e-08,1.1604019658532791e-08,6.689669034098955e-07,0.15617190463258412
2,0.1,50,2,oracle_tail,300,1.2479602745621208e-08,5.744729905338582e-09,-1.304970689955572e-06,0.113443971290258
2,0.1,50,2,tis,300,2.010813298749883e-07,1.1496977547470681e-07,-1.43100540561103e-05,1.827899900207085
2,0.1,50,2,tis_anchored,300,5.3194170611249846e-08,4.4562466982982174e-08,-3.443999556504984e-06,0.48355369050101327
2,0.1,50,2,uniform,300,1.1000675138294365e-07,6.265141330924733e-08,-2.598342344399818e-06,1.0
2,0.1,50,3,learned_occupancy,300,2.8610811797109737e-05,2.5347896717090637e-06,-0.00030470820525166473,0.0384602594874832
2,0.1,50,3,oracle_tail,300,9.857531736741737e-06,8.216091647427969e-07,-0.0002005350831260048,0.013251047582630536
2,0.1,50,3,tis,300,0.0009102358307467166,0.00029016810827954347,0.0002340206673418684,1.223590106201043
2,0.1,50,3,tis_anchored,300,5.637138492962535e-05,4.781344159153855e-06,-0.0007288735519831913,0.07577758042787196
2,0.1,50,3,uniform,300,0.0007439058440679802,0.0001953022425757527,-1.4746209504487019e-05,1.0
2,0.1,50,4,learned_occupancy,300,0.0017897343209315863,0.0001454585000747374,-0.0035063772989373347,0.056552024795185854
2,0.1,50,4,oracle_tail,300,0.000760822875855428,6.725661974656226e-05,-0.0018867516945602668,0.02404048111326657
2,0.1,50,4,tis,300,0.01017465958461995,0.0011430003232701053,0.0070492960491845835,0.3214988919766029
2,0.1,50,4,tis_anchored,300,0.0019594966173244544,0.00016107976199380706,-0.0017634103512060698,0.06191617381027542
2,0.1,50,4,uniform,300,0.031647572786535176,0.0021320193817477486,0.0034045121798360507,1.0
2,0.1,50,5,learned_occupancy,300,0.0003489838822420478,2.839428628073241e-05,-0.0004375719025592639,0.04563436285450786
2,0.1,50,5,oracle_tail,300,0.00012694168266680548,1.1174499305796934e-05,-0.000371098794948721,0.01659934198382537
2,0.1,50,5,tis,300,0.0007759601185833978,0.00015932470994876373,0.002565094408994473,0.10146728090869764
2,0.1,50,5,tis_anchored,300,0.0003097078964547989,2.727969617596178e-05,-0.0006733281930658471,0.04049849647761689
2,0.1,50,5,uniform,300,0.007647392456309367,0.0006183984684514118,0.004956005098572118,1.0
2,0.1,50,6,learned_occupancy,300,0.0,0.0,0.0,0.0
2,0.1,50,6,oracle_tail,300,0.0,0.0,0.0,0.0
2,0.1,50,6,tis,300,0.0,0.0,0.0,0.0
2,0.1,50,6,tis_anchored,300,0.0,0.0,0.0,0.0
2,0.1,50,6,uniform,300,0.0,0.0,0.0,0.0
2,0.1,50,7,learned_occupancy,300,0.0002746875123425503,2.3512996878251406e-05,0.00041878448604438124,0.042390634609006765
2,0.1,50,7,oracle_tail,300,0.00011562938365136467,9.422290123316734e-06,0.0012758235612447273,0.017844287534691763
2,0.1,50,7,tis,300,0.0016285547973113634,0.0003633441078262922,0.005451858020668721,0.2513236614392579
2,0.1,50,7,tis_anchored,300,0.0002389446617595894,2.130978698745529e-05,0.0004273667145560585,0.03687468630096308
2,0.1,50,7,uniform,300,0.006479910359355349,0.0006747213362472765,0.0047352975073296855,1.0
2,0.1,50,8,learned_occupancy,300,0.002364774307269174,0.0002081824575422141,0.0021758356962512733,0.04454940860747157
2,0.1,50,8,oracle_tail,300,0.0009007526142376696,7.340617420182334e-05,-0.0013555398392304323,0.016969059644538216
2,0.1,50,8,tis,300,0.018971856503544344,0.002561854840082697,0.01488109727142086,0.3574061950946718
2,0.1,50,8,tis_anchored,300,0.002510741570653617,0.0002193254219409122,0.0034316398877857895,0.04729925041683109
2,0.1,50,8,uniform,300,0.053082058352455164,0.0031698630430667995,0.02151229482496549,1.0
2,0.1,50,9,learned_occupancy,300,0.00025931910365868124,2.380255536472571e-05,-0.0009826361718132412,0.037305719965712504
2,0.1,50,9,oracle_tail,300,0.00014474088617112848,1.2425802046697403e-05,-0.0006448199226128193,0.020822465028246768
2,0.1,50,9,tis,300,0.005555819663221771,0.001153379067860178,-0.004562470115933843,0.7992617960339458
2,0.1,50,9,tis_anchored,300,0.0003619721669959481,3.245732970324322e-05,-0.0012811988749537914,0.05207341883730478
2,0.1,50,9,uniform,300,0.006951188822974603,0.0009141107219609394,-0.007659233973782176,1.0
2,0.1,50,10,learned_occupancy,300,0.0008142155022857632,6.280724939370841e-05,-0.00011712010161131992,0.050039862159266126
2,0.1,50,10,oracle_tail,300,0.00032054267718909765,2.4866727759732677e-05,0.000941761615695997,0.019699835409268708
2,0.1,50,10,tis,300,0.005545607544055875,0.0010535889439620527,0.011582698983898248,0.3408206258845565
2,0.1,50,10,tis_anchored,300,0.0006981453207642093,5.585603020179435e-05,-0.00041675704787344205,0.04290644862460084
2,0.1,50,10,uniform,300,0.016271337832512212,0.0013761620234863557,0.03371058048691235,1.0
2,0.1,50,11,learned_occupancy,300,0.0,0.0,0.0,0.0
2,0.1,50,11,oracle_tail,300,0.0,0.0,0.0,0.0
2,0.1,50,11,tis,300,0.0,0.0,0.0,0.0
2,0.1,50,11,tis_anchored,300,0.0,0.0,0.0,0.0
2,0.1,50,11,uniform,300,0.0,0.0,0.0,0.0
2,0.1,50,12,learned_occupancy,300,0.0009072681038062332,7.331130899284783e-05,0.0010719816606486773,0.04142611532389809
2,0.1,50,12,oracle_tail,300,0.000397082437796655,3.597623423496096e-05,0.0003236929791297279,0.0181308951480256
2,0.1,50,12,tis,300,0.02287469278946247,0.003143096999404097,0.012889544237333472,1.0444648693363467
2,0.1,50,12,tis_anchored,300,0.0013040346596804443,0.00011487722107644119,0.0018785386868557952,0.059542587215013196
2,0.1,50,12,uniform,300,0.02190087331898205,0.0019232287953926425,0.0008996289083365764,1.0
2,0.1,50,13,learned_occupancy,300,0.0001831100806719213,1.776312802042791e-05,-0.000421997679178111,0.03289766507853956
2,0.1,50,13,oracle_tail,300,0.00010910069605265531,9.171833406727089e-06,-0.0001287378678454698,0.019601095392484152
2,0.1,50,13,tis,300,0.00570783495089457,0.0016883364302812329,-0.0032461459464773056,1.0254729933440843
2,0.1,50,13,tis_anchored,300,0.0002501987898709968,2.346585026677329e-05,-0.000638328913394149,0.044950862137292
2,0.1,50,13,uniform,300,0.005566050971543606,0.0009453530949669102,-0.004657253924469743,1.0
2,0.1,50,14,learned_occupancy,300,0.00010254691334994338,1.0279056637517356e-05,-0.0008083141818764076,0.04370576773358683
2,0.1,50,14,oracle_tail,300,4.0546989215776324e-05,3.720768582452827e-06,-0.0004801020704154668,0.017281234852125838
2,0.1,50,14,tis,300,0.0027685335677450264,0.0007576215030436232,0.0010001096459833203,1.1799563840754979
2,0.1,50,14,tis_anchored,300,0.00015250787075189596,1.2087029817902719e-05,-0.0006952326196282832,0.06499926091271205
2,0.1,50,14,uniform,300,0.002346301613439879,0.00045194511184834876,0.0011299787521641621,1.0
2,0.1,50,15,learned_occupancy,300,3.7088491899952365e-05,1.736090118373609e-05,2.2971723120151683e-05,0.06186017776622841
2,0.1,50,15,oracle_tail,300,1.1088191834939323e-05,8.738794528307454e-07,2.4014396283940827e-05,0.018494079507618638
2,0.1,50,15,tis,300,0.0005087478126940346,0.0001318052428535843,0.000703500548379955,0.8485443467566088
2,0.1,50,15,tis_anchored,300,4.45242297901554e-05,1.4598782699286065e-05,-0.00018590870106634997,0.07426230155578133
2,0.1,50,15,uniform,300,0.0005995535939148278,0.00010263711685077031,-0.0006103541528651849,1.0
2,0.1,50,16,learned_occupancy,300,0.0005011232633276038,3.664310911872046e-05,-0.0005855365952733967,0.031956714872394786
2,0.1,50,16,oracle_tail,300,0.00019869258406004402,1.4938626339243696e-05,-1.2376862778860447e-05,0.012670659537741723
2,0.1,50,16,tis,300,0.014756702493058311,0.0019367592671013956,0.007999306857182692,0.9410374024466998
2,0.1,50,16,tis_anchored,300,0.0008369067590068963,6.491615122932908e-05,0.0006383496562377659,0.05336968492496284
2,0.1,50,16,uniform,300,0.015681313468190367,0.0017514769516899836,0.008974028029626501,1.0
2,0.1,50,17,learned_occupancy,300,0.0006402926052296722,5.394837077475345e-05,-0.001031894676831194,0.03597574879078959
2,0.1,50,17,oracle_tail,300,0.00032232609558616724,2.723312512276173e-05,-0.001421881470699794,0.018110349157264654
2,0.1,50,17,tis,300,0.01167289218183681,0.001045703091110871,0.006948263286179911,0.6558580145480526
2,0.1,50,17,tis_anchored,300,0.0008371646854414068,8.426356709861071e-05,-0.0012891001644166034,0.04703728603761912
2,0.1,50,17,uniform,300,0.017797895158574106,0.0009716844685369773,0.0009200933904106867,1.0
2,0.1,50,18,learned_occupancy,300,8.384871573639334e-06,1.3460394253704084e-06,9.560121218255964e-05,0.018003505240069367
2,0.1,50,18,oracle_tail,300,2.8007440640899882e-06,2.494514042717239e-07,0.00021082701802181304,0.006013593647928922
2,0.1,50,18,tis,300,0.0005073874927954424,0.0002904095689229376,-0.0007035824453594145,1.0894327128404182
2,0.1,50,18,tis_anchored,300,1.543899901986089e-05,2.6970655323352348e-06,7.151403029493242e-05,0.03314971461570621
2,0.1,50,18,uniform,300,0.0004657355032717521,0.00020574668909367666,-0.0012335595105183721,1.0
2,0.1,50,19,learned_occupancy,300,0.0007270615987902754,7.103805758698949e-05,-0.002572124930701162,0.056216300262550194
2,0.1,50,19,oracle_tail,300,0.00020640096329239656,2.036055851551929e-05,-0.0009741045076530193,0.01595889336781207
2,0.1,50,19,tis,300,0.004313714899856659,0.0006339685725732967,0.0005956412349994245,0.3335358275844373
2,0.1,50,19,tis_anchored,300,0.0007169905969657027,7.286446248257189e-05,-0.0017008878134574512,0.05543761182204272
2,0.1,50,19,uniform,300,0.012933287950196617,0.0011150798912874615,0.005887504758060263,1.0
2,0.1,50,20,learned_occupancy,300,0.0015536417938363065,0.0001465486514868469,0.0016742791563324408,0.14778191106368632
2,0.1,50,20,oracle_tail,300,0.0005850392171521411,4.6526641268507616e-05,0.0024804412408924383,0.05564874342396567
2,0.1,50,20,tis,300,0.010079201925095755,0.0008178109583468719,0.039695225503692505,0.9587304669562556
2,0.1,50,20,tis_anchored,300,0.001742181493611553,0.0001479963379246894,0.004135456949419274,0.1657157470706078
2,0.1,50,20,uniform,300,0.010513071475755701,0.0008537090902508463,0.028984640881627232,1.0
2,0.1,50,21,learned_occupancy,300,0.0021632771585303624,0.0001761068776619919,0.0018236184292897536,0.05690315451078128
2,0.1,50,21,oracle_tail,300,0.0008227758811971836,6.56790266691628e-05,0.0024384609212369794,0.021642415494884652
2,0.1,50,21,tis,300,0.012738264017851312,0.0020160902493504707,-1.8516132674257963e-05,0.33506913469162175
2,0.1,50,21,tis_anchored,300,0.002035630984392785,0.00016902656200855413,0.002909899059513145,0.053545531128581306
2,0.1,50,21,uniform,300,0.038016823094060494,0.0025573492037176478,0.004173044237565954,1.0
2,0.1,50,22,learned_occupancy,300,0.00023143715565474265,2.2256123456846165e-05,-0.0015689862906657448,0.05322141588870637
2,0.1,50,22,oracle_tail,300,0.0001159230098151045,9.450644445257208e-06,-0.0004746044803097386,0.02665771923694068
2,0.1,50,22,tis,300,0.0022778615252752256,0.0005445652648302658,0.0016530773219875017,0.5238182919704041
2,0.1,50,22,tis_anchored,300,0.00024235727300638276,2.278415176647892e-05,-0.0011521532933575266,0.05573261209434989
2,0.1,50,22,uniform,300,0.004348571938384935,0.0006230140112001114,0.001798303238769323,1.0
2,0.1,50,23,learned_occupancy,300,0.00017181215355939198,1.6484072940509813e-05,-0.0013124648466573707,0.03194958932998183
2,0.1,50,23,oracle_tail,300,7.574985260277561e-05,5.9794262609676494e-06,-0.00048710081378685227,0.014086178610343357
2,0.1,50,23,tis,300,0.0032327122860476743,0.0006534640921978343,-0.0020817278752490328,0.6011439110767376
2,0.1,50,23,tis_anchored,300,0.0002116875735045653,2.1370363506621156e-05,-0.001198781128976402,0.03936468346165777
2,0.1,50,23,uniform,300,0.00537760131389738,0.0009163191768978674,-0.007153725217097436,1.0
2,0.1,50,24,learned_occupancy,300,0.0002574700932406931,2.2299352090940704e-05,0.0009802309329571708,0.044366638028291036
2,0.1,50,24,oracle_tail,300,9.562937948476253e-05,9.21131149891369e-06,0.0011952821152133874,0.016478628686805375
2,0.1,50,24,tis,300,0.0008770040340660937,0.0002101717644267018,0.00023276106120000565,0.15112326266331474
2,0.1,50,24,tis_anchored,300,0.0002259063029571393,2.0141034343724376e-05,0.0008203509756808536,0.03892764027641547
2,0.1,50,24,uniform,300,0.005803236501186173,0.0005996929026009486,0.005178728965340498,1.0
2,0.1,50,25,learned_occupancy,300,9.241003526924574e-07,1.0348023025049799e-07,5.344425668653896e-05,0.05469530111667691
2,0.1,50,25,oracle_tail,300,6.734807589926451e-07,7.217227182689325e-08,1.8909089246288425e-06,0.03986172367759069
2,0.1,50,25,tis,300,2.5241592448330372e-05,6.194798915530314e-06,-0.0001332309873807976,1.4939897984059458
2,0.1,50,25,tis_anchored,300,1.4978242965349065e-06,2.84788227681341e-07,0.00013238362550271738,0.08865265626201525
2,0.1,50,25,uniform,300,1.6895424905352497e-05,2.2636429753982253e-06,-1.9864285837800645e-05,1.0
2,0.1,50,26,learned_occupancy,300,3.028367041049004e-06,5.031322872348818e-07,-6.888050093500168e-06,0.015871915608007006
2,0.1,50,26,oracle_tail,300,1.2620313942538546e-06,1.846160233563787e-07,-2.841168790684486e-05,0.006614408198457363
2,0.1,50,26,tis,300,0.00018359086616977864,0.00018091408418804104,-0.00032631052962584097,0.9622145185011219
2,0.1,50,26,tis_anchored,300,5.282677111276042e-06,1.4027531104037165e-06,7.06104721038255e-05,0.027686936278859996
2,0.1,50,26,uniform,300,0.00019080034923580773,0.00013348306725336168,-0.0006719661474340862,1.0
2,0.1,50,27,learned_occupancy,300,0.002090950960814994,0.00017290076781588092,0.0017644795715790352,0.04700920245348802
2,0.1,50,27,oracle_tail,300,0.0008105237989076655,7.150111770104306e-05,0.0010183547578770636,0.01822236775049451
2,0.1,50,27,tis,300,0.024446212361427824,0.0029785492218959,0.005652904835930059,0.549604925058308
2,0.1,50,27,tis_anchored,300,0.002377499968866593,0.00020718626996439984,0.0010590756058156687,0.053451457955785105
2,0.1,50,27,uniform,300,0.04447960934635785,0.003383340351711192,-0.005035225540119188,1.0
2,0.1,50,28,learned_occupancy,300,0.0009223795547545068,7.001349186296999e-05,-0.0010623481098050495,0.04380720557008244
2,0.1,50,28,oracle_tail,300,0.0003261476143383169,2.758703491606912e-05,0.0002442532637813307,0.01548995260558794
2,0.1,50,28,tis,300,0.009754237747238723,0.0015449088589746616,0.010642238352206007,0.4632647113329316
2,0.1,50,28,tis_anchored,300,0.0010853679055907518,9.206999729437931e-05,-0.0005603503743592978,0.05154812323657652
2,0.1,50,28,uniform,300,0.021055430099938488,0.0018908680958517655,0.00840322154495283,1.0
2,0.1,50,29,learned_occupancy,300,0.0,0.0,0.0,0.0
2,0.1,50,29,oracle_tail,300,0.0,0.0,0.0,0.0
2,0.1,50,29,tis,300,0.0,0.0,0.0,0.0
2,0.1,50,29,tis_anchored,300,0.0,0.0,0.0,0.0
2,0.1,50,29,uniform,300,0.0,0.0,0.0,0.0
2,0.1,50,30,learned_occupancy,300,7.2290682569382135e-06,7.111389297240498e-07,0.0004280780155068183,0.05800279040392924
2,0.1,50,30,oracle_tail,300,0.00020535498745243152,0.0001659867167524546,0.0012720348553260164,1.64767600363615
2,0.1,50,30,tis,300,0.00044012588813474324,0.0002683221551460331,0.0023259689243222818,3.531372057017349
2,0.1,50,30,tis_anchored,300,6.353126485055132e-06,5.91376921097391e-07,0.00021439129666213605,0.05097462782546446
2,0.1,50,30,uniform,300,0.00012463311172781957,3.6562727894131654e-05,-3.1064903528025265e-05,1.0
2,0.1,50,31,learned_occupancy,300,0.0002005063280435625,1.8368123247675023e-05,-0.00023023013567583295,0.046895104234590826
2,0.1,50,31,oracle_tail,300,8.741553563765462e-05,7.044035353858324e-06,0.00028490872914577637,0.02044504378215816
2,0.1,50,31,tis,300,0.0014519838039972557,0.00037533211058305273,0.0015818281919541706,0.3395949270019817
2,0.1,50,31,tis_anchored,300,0.0002011236278903371,1.998549742683884e-05,-0.00016556000780302172,0.047039480429302255
2,0.1,50,31,uniform,300,0.00427563455324756,0.0005735256812319295,0.001707822578860844,1.0
2,0.1,50,32,learned_occupancy,300,4.397209562727547e-07,8.169862408395277e-08,3.197067224865568e-05,0.14014835403233522
2,0.1,50,32,oracle_tail,300,3.145638713806941e-07,5.129790862777991e-08,1.0730711341343143e-05,0.10025814822593444
2,0.1,50,32,tis,300,4.448540799037769e-06,1.3746939055998556e-06,0.0002245049756610995,1.4178438892598721
2,0.1,50,32,tis_anchored,300,8.781387372899002e-07,2.1560431341389304e-07,1.8099575962053916e-05,0.279881358592502
2,0.1,50,32,uniform,300,3.137539211993183e-06,7.683034831190588e-07,0.00022770257579120804,1.0
2,0.1,50,33,learned_occupancy,300,0.0005258668615586449,3.852266899313842e-05,-0.0017301731760957103,0.036196023310758225
2,0.1,50,33,oracle_tail,300,0.00020168717743814906,1.589243381877881e-05,-0.0007024746084964858,0.013882361315551626
2,0.1,50,33,tis,300,0.011792986955983886,0.0013149204793362938,0.0029335310333181365,0.8117249097938394
2,0.1,50,33,tis_anchored,300,0.000766942843500776,7.382232558817694e-05,0.00042101366941229125,0.05278956152341128
2,0.1,50,33,uniform,300,0.014528304864980737,0.001451427994179663,-0.0022756190092152904,1.0
2,0.1,50,34,learned_occupancy,300,1.1982808483047359e-05,1.5011461141499387e-06,8.295768066891584e-05,0.039334026042295106
2,0.1,50,34,oracle_tail,300,5.030537617678719e-06,4.964190887391302e-07,0.00011009816601486404,0.016512931667101056
2,0.1,50,34,tis,300,0.000582307853765679,0.00031003380683810536,-0.000897070477003196,1.9114477475840725
2,0.1,50,34,tis_anchored,300,1.8498998697482712e-05,2.4615089859921512e-06,5.8777391426937754e-06,0.06072366904241146
2,0.1,50,34,uniform,300,0.0003046423081675514,0.0001546940681078218,0.0005158193212881438,1.0
2,0.1,50,35,learned_occupancy,300,0.0018418327361347723,0.00015142497412659763,0.0029797788336790253,0.05847347890955282
2,0.1,50,35,oracle_tail,300,0.0007467828281510373,5.59847755952466e-05,0.0025813114917662126,0.023708444906644685
2,0.1,50,35,tis,300,0.008458294812123863,0.0014960086718136573,0.020057915350636824,0.26852922830844633
2,0.1,50,35,tis_anchored,300,0.0018150649283419041,0.00015597826556658823,0.0031568029597527298,0.05762366947044167
2,0.1,50,35,uniform,300,0.03149860022838272,0.0025577979852181997,0.05328635234460533,1.0
2,0.1,50,36,learned_occupancy,300,3.9954377406628527e-07,1.0141271005274842e-07,-1.8563432614848718e-05,0.8711451506204106
2,0.1,50,36,oracle_tail,300,1.244258731726379e-07,1.906557395490332e-08,4.00090927719902e-06,0.27129191608444664
2,0.1,50,36,tis,300,6.864527793635742e-07,4.905258782428133e-07,0.00011351340940239929,1.4967071161851486
2,0.1,50,36,tis_anchored,300,1.0547656337234555e-06,3.6611683300332365e-07,-5.3329321592173366e-05,2.299757940182075
2,0.1,50,36,uniform,300,4.5864202283825934e-07,3.265965729561031e-07,0.00012622138893553163,1.0
2,0.1,50,37,learned_occupancy,300,0.0,0.0,0.0,0.0
2,0.1,50,37,oracle_tail,300,0.0,0.0,0.0,0.0
2,0.1,50,37,tis,300,0.0,0.0,0.0,0.0
2,0.1,50,37,tis_anchored,300,0.0,0.0,0.0,0.0
2,0.1,50,37,uniform,300,0.0,0.0,0.0,0.0
2,0.1,50,38,learned_occupancy,300,1.9155421969627794e-05,2.156601104847533e-06,0.00040937898344966416,0.06767321279063528
2,0.1,50,38,oracle_tail,300,9.967900369014698e-06,7.677701037218458e-07,0.00033085964354427454,0.03521508655970844
2,0.1,50,38,tis,300,0.00032115425329856337,9.980930062500356e-05,0.0002518297903175167,1.1345894732338053
2,0.1,50,38,tis_anchored,300,2.7615994634289467e-05,3.4215244013714486e-06,0.000531779117652668,0.09756313822136212
2,0.1,50,38,uniform,300,0.0002830576705274816,6.421535140887907e-05,0.0006087106778650283,1.0
2,0.1,50,39,learned_occupancy,300,0.0,0.0,0.0,0.0
2,0.1,50,39,oracle_tail,300,0.0,0.0,0.0,0.0
2,0.1,50,39,tis,300,0.0,0.0,0.0,0.0
2,0.1,50,39,tis_anchored,300,0.0,0.0,0.0,0.0
2,0.1,50,39,uniform,300,0.0,0.0,0.0,0.0
2,0.1,50,40,learned_occupancy,300,3.927751937755022e-05,3.8035994817422245e-06,-2.325949470935266e-06,0.04863794809758822
2,0.1,50,40,oracle_tail,300,1.6162751285366037e-05,2.0020565348841503e-06,0.00017735291942590233,0.020014580110707895
2,0.1,50,40,tis,300,0.0008568825999932481,0.00030144939971035457,0.0026056092907639767,1.0610907227511752
2,0.1,50,40,tis_anchored,300,8.34365801030071e-05,1.0696704142870982e-05,-0.0006874324517251252,0.10332078290081247
2,0.1,50,40,uniform,300,0.0008075488566816792,0.0002051392390491998,0.0011374323024764222,1.0
2,0.1,50,41,learned_occupancy,300,5.969817353152096e-05,4.952599065063032e-06,-6.258781794889885e-05,0.05302356671632847
2,0.1,50,41,oracle_tail,300,2.8139802761070447e-05,2.286763429646533e-06,0.00012304924634873944,0.02499360735547664
2,0.1,50,41,tis,300,0.0006467969242618877,0.00016236057256051296,-0.0005737492567721614,0.574481225081502
2,0.1,50,41,tis_anchored,300,6.712750112939651e-05,6.4898267629792594e-06,-0.0001093094880436385,0.05962225180567074
2,0.1,50,41,uniform,300,0.001125880004468599,0.00013783479317191108,0.001977753468295637,1.0
2,0.1,50,42,learned_occupancy,300,0.0,0.0,0.0,0.0
2,0.1,50,42,oracle_tail,300,0.0,0.0,0.0,0.0
2,0.1,50,42,tis,300,0.0,0.0,0.0,0.0
2,0.1,50,42,tis_anchored,300,0.0,0.0,0.0,0.0
2,0.1,50,42,uniform,300,0.0,0.0,0.0,0.0
2,0.1,50,43,learned_occupancy,300,0.0,0.0,0.0,0.0
2,0.1,50,43,oracle_tail,300,0.0,0.0,0.0,0.0
2,0.1,50,43,tis,300,0.0,0.0,0.0,0.0
2,0.1,50,43,tis_anchored,300,0.0,0.0,0.0,0.0
2,0.1,50,43,uniform,300,0.0,0.0,0.0,0.0
2,0.1,50,44,learned_occupancy,300,0.001348376158549478,0.0001083640100695946,-0.0012369064748247612,0.04226720610962463
2,0.1,50,44,oracle_tail,300,0.0005886653751977256,4.958188237504897e-05,0.00027060514638208575,0.018452744499611956
2,0.1,50,44,tis,300,0.018195603990629715,0.003297047692517373,0.003949375448350466,0.5703729921985516
2,0.1,50,44,tis_anchored,300,0.001541345458400636,0.00014635518476896042,-0.0015118405140915458,0.04831616590316844
2,0.1,50,44,uniform,300,0.031901236979144466,0.002431078781896843,0.0007947561093827153,1.0
2,0.1,50,45,learned_occupancy,300,0.002324412673622938,0.00029022856089396014,0.0003964989843036251,0.08659239620348344
2,0.1,50,45,oracle_tail,300,0.0003320630549463129,2.6456704804678716e-05,-0.0007047133275690833,0.012370495112484774
2,0.1,50,45,tis,300,0.009000622905799267,0.0017205944043711474,0.007934438421051312,0.33530427431473775
2,0.1,50,45,tis_anchored,300,0.002267642556671583,0.0002677269041106211,0.001729156449446798,0.08447751337077726
2,0.1,50,45,uniform,300,0.026843149924628502,0.002565884118743941,0.042338738690488445,1.0
2,0.1,50,46,learned_occupancy,300,0.0017375062920826012,0.00015224701756435033,0.0026143457646895644,0.041810878780212696
2,0.1,50,46,oracle_tail,300,0.00034236984698095415,3.0939408197981096e-05,0.00045255166894144974,0.008238694867091808
2,0.1,50,46,tis,300,0.026931779879539052,0.004114875886739759,0.04839502857217862,0.6480790251004436
2,0.1,50,46,tis_anchored,300,0.001784543062331931,0.0001712942595645282,0.0029413736939939636,0.042942758824658575
2,0.1,50,46,uniform,300,0.041556320813445534,0.00412172963656324,0.0856382374578905,1.0
2,0.1,50,47,learned_occupancy,300,1.12876440790535e-08,3.2092303641575926e-09,-4.590305849609214e-06,0.6866310311910061
2,0.1,50,47,oracle_tail,300,1.1796184051140638e-09,5.463688252955603e-10,-1.0314425982545691e-06,0.07175656817691556
2,0.1,50,47,tis,300,1.9193116322313264e-08,8.279999256610309e-09,1.4453915183923657e-05,1.1675234583817555
2,0.1,50,47,tis_anchored,300,5.9072123282318085e-09,1.2711504989647351e-09,-3.83262108800464e-06,0.3593376318380641
2,0.1,50,47,uniform,300,1.643916975245693e-08,5.832727917737781e-09,9.85482756090598e-06,1.0
2,0.1,50,48,learned_occupancy,300,0.0015516559400285167,0.0001178735200635615,0.0008844256117079752,0.04197262002022415
2,0.1,50,48,oracle_tail,300,0.0006504670372893921,5.011586447585986e-05,0.0013004013665827534,0.017595270373744625
2,0.1,50,48,tis,300,0.012309879853843573,0.001824370418657558,0.0026256245222543296,0.33298484301261594
2,0.1,50,48,tis_anchored,300,0.0017542413604457116,0.00013667120192713584,0.0014167208741108412,0.04745259831531708
2,0.1,50,48,uniform,300,0.03696828883402715,0.002618475633448047,0.0116182084284161,1.0
2,0.1,50,49,learned_occupancy,300,0.0008749749061727241,6.937845499694915e-05,0.0003649027348668432,0.035289005260338215
2,0.1,50,49,oracle_tail,300,0.0003461342372067359,2.4485340626270927e-05,4.9705120299049496e-05,0.013960095119756972
2,0.1,50,49,tis,300,0.025389703254479756,0.003663084015537692,-0.029319397827330337,1.0240035061404291
2,0.1,50,49,tis_anchored,300,0.001318079308244908,0.0001116512049481362,-0.0025677457977676555,0.05316004757857078
2,0.1,50,49,uniform,300,0.024794547188784606,0.003021778842237596,-0.016141826016406888,1.0
2,0.1,100,0,learned_occupancy,300,0.0008867310920879925,0.0001684556803976119,0.0022325110507255036,0.055315052740259184
2,0.1,100,0,oracle_tail,300,0.00015039648442400765,1.4320828396685872e-05,0.000701877744287142,0.009381862824133407
2,0.1,100,0,tis,300,0.002841287208053785,0.000798752944956086,0.0010376520941494049,0.17724195437157733
2,0.1,100,0,tis_anchored,300,0.0007773433840781583,0.00017051624918606415,0.0011638174608984476,0.04849135287037844
2,0.1,100,0,uniform,300,0.016030556750108914,0.0015240084047301598,0.034810843309988085,1.0
2,0.1,100,1,learned_occupancy,300,0.00020132041425303336,1.711183675679325e-05,0.0006350616644625366,0.03752247584419129
2,0.1,100,1,oracle_tail,300,7.545140144369664e-05,6.378667596805677e-06,-0.0005682358292595643,0.014062773507524856
2,0.1,100,1,tis,300,0.003191191159152383,0.00071562577228792,-0.00034461833113547113,0.5947801847506278
2,0.1,100,1,tis_anchored,300,0.00022202066406266924,1.986830091051346e-05,0.0006776448817865192,0.041380627171431
2,0.1,100,1,uniform,300,0.005365328639000216,0.0006515800588516987,0.0011802329339313533,1.0
2,0.1,100,2,learned_occupancy,300,6.176756245507825e-09,4.130772627205647e-09,7.531364847543909e-06,0.22446995491662133
2,0.1,100,2,oracle_tail,300,3.762369153591877e-09,2.1138618603895235e-09,6.04004307473908e-06,0.1367285352891599
2,0.1,100,2,tis,300,2.8671981789045956e-08,1.954233242217438e-08,1.6932907655600924e-05,1.0419706078312623
2,0.1,100,2,tis_anchored,300,3.4238403747304745e-09,9.8439096278583e-10,1.4153575724646188e-05,0.12442603593373157
2,0.1,100,2,uniform,300,2.7517073488976117e-08,1.5265415224277627e-08,1.4123879877823154e-05,1.0
2,0.1,100,3,learned_occupancy,300,1.3721881389925381e-05,1.373296452628729e-06,0.0002395023131954536,0.04312024014364281
2,0.1,100,3,oracle_tail,300,4.449545520073906e-06,4.21225724851212e-07,0.0001655647527475438,0.013982446422873518
2,0.1,100,3,tis,300,0.0003483229468214691,8.301464170803567e-05,0.0013046675346304697,1.0945852604082849
2,0.1,100,3,tis_anchored,300,2.575209335205188e-05,2.89422142936829e-06,-4.180794292489409e-05,0.08092450429991825
2,0.1,100,3,uniform,300,0.00031822367742421743,6.170641554661591e-05,0.0010287537904955062,1.0
2,0.1,100,4,learned_occupancy,300,0.0006396305072615041,5.3141836287682454e-05,-0.0012613879690917635,0.03906257730265136
2,0.1,100,4,oracle_tail,300,0.0003056085786940001,2.4190728423839764e-05,0.0005993433029559003,0.0186636794118814
2,0.1,100,4,tis,300,0.003663935309300846,0.0003516276438152842,0.0030368798653389443,0.22375848966966855
2,0.1,100,4,tis_anchored,300,0.0006497151350522716,5.2104737922309244e-05,-0.0006221893011354511,0.03967845091745421
2,0.1,100,4,uniform,300,0.016374508581595545,0.0010497745341039272,0.006524141809465692,1.0
2,0.1,100,5,learned_occupancy,300,0.00013495659596045293,1.2081943355649244e-05,-0.00014162911142087195,0.03652754719827373
2,0.1,100,5,oracle_tail,300,5.8009632151559594e-05,5.068563520935525e-06,-0.00010118961589005603,0.01570097082910655
2,0.1,100,5,tis,300,0.0004079499982414907,0.00030150956978484527,-0.0007351049529878114,0.11041633578004871
2,0.1,100,5,tis_anchored,300,0.000118563932106238,1.3882875104788906e-05,1.4950687690873376e-06,0.032090685121404686
2,0.1,100,5,uniform,300,0.003694652565306408,0.00032722844001168566,0.0071933569504239675,1.0
2,0.1,100,6,learned_occupancy,300,0.0,0.0,0.0,0.0
2,0.1,100,6,oracle_tail,300,0.0,0.0,0.0,0.0
2,0.1,100,6,tis,300,0.0,0.0,0.0,0.0
2,0.1,100,6,tis_anchored,300,0.0,0.0,0.0,0.0
2,0.1,100,6,uniform,300,0.0,0.0,0.0,0.0
2,0.1,100,7,learned_occupancy,300,0.00012634320007572355,1.019630354726865e-05,-4.146259755495208e-05,0.04340121518736252
2,0.1,100,7,oracle_tail,300,4.913837645188983e-05,3.976781888696248e-06,0.00017147881538645364,0.01687993694213768
2,0.1,100,7,tis,300,0.0003206189519427879,7.31626137927136e-05,0.002081088689731458,0.11013851254420896
2,0.1,100,7,tis_anchored,300,0.00010667573313940001,8.317932706922894e-06,0.00018281279298261067,0.0366450782193095
2,0.1,100,7,uniform,300,0.002911052133685692,0.0003197270605345376,0.009968853062885231,1.0
2,0.1,100,8,learned_occupancy,300,0.0010786598328581954,8.661886762702433e-05,-0.001970874311816065,0.033389744279678606
2,0.1,100,8,oracle_tail,300,0.00042538358840431186,3.869007167986399e-05,-0.001969107967537438,0.013167681603528542
2,0.1,100,8,tis,300,0.005173219824055727,0.0010384595774705603,0.0002766357816256152,0.16013620027927075
2,0.1,100,8,tis_anchored,300,0.0009182682019583773,7.953491654798259e-05,-0.00020637605362612535,0.02842484674923578
2,0.1,100,8,uniform,300,0.03230512410706543,0.0023510240809613216,-0.006276668137997491,1.0
2,0.1,100,9,learned_occupancy,300,0.00013154037234523134,1.2211986013547178e-05,-0.0005786989390275769,0.030642875193630112
2,0.1,100,9,oracle_tail,300,7.792085799437318e-05,6.555636072232922e-06,0.0003618380023397605,0.018151986982639198
2,0.1,100,9,tis,300,0.002287824394697969,0.0004171219552016401,-0.0031482126839420424,0.5329581796201577
2,0.1,100,9,tis_anchored,300,0.00015158063042444207,1.5094193164890706e-05,-0.00048730307275805443,0.035311336413716164
2,0.1,100,9,uniform,300,0.004292690275114109,0.0004956927436794093,-0.0034913080478562535,1.0
2,0.1,100,10,learned_occupancy,300,0.0003180127315641972,2.681668769251935e-05,0.0007058548839561266,0.03746728212791233
2,0.1,100,10,oracle_tail,300,0.0001204032304518939,1.079973170541783e-05,0.00045957818468981616,0.014185538365914392
2,0.1,100,10,tis,300,0.001173361293215745,0.0002930172073406581,-0.0018700348343656378,0.13824181942228828
2,0.1,100,10,tis_anchored,300,0.0002692630883985964,2.2007043122477754e-05,0.0010934934322978326,0.03172374907772091
2,0.1,100,10,uniform,300,0.008487744867068553,0.0006711461702920647,0.010810710116541954,1.0
2,0.1,100,11,learned_occupancy,300,0.0,0.0,0.0,0.0
2,0.1,100,11,oracle_tail,300,0.0,0.0,0.0,0.0
2,0.1,100,11,tis,300,0.0,0.0,0.0,0.0
2,0.1,100,11,tis_anchored,300,0.0,0.0,0.0,0.0
2,0.1,100,11,uniform,300,0.0,0.0,0.0,0.0
2,0.1,100,12,learned_occupancy,300,0.00045530394597009035,3.7541185827002906e-05,0.0010715162218761969,0.04555513003027078
2,0.1,100,12,oracle_tail,300,0.00022139841582571328,1.6839630218286678e-05,0.00013241954773661265,0.022151869560337357
2,0.1,100,12,tis,300,0.02495506691797838,0.003862964985297496,-0.009697411060320897,2.496862433160845
2,0.1,100,12,tis_anchored,300,0.00047808396473368624,4.1337553378378874e-05,-3.323668850076326e-05,0.047834369483503614
2,0.1,100,12,uniform,300,0.009994570220028939,0.0008029566172287726,-0.006140000721293054,1.0
2,0.1,100,13,learned_occupancy,300,7.412936223370606e-05,5.457315640220785e-06,0.0003761790371332959,0.03156514643736587
2,0.1,100,13,oracle_tail,300,4.9640822367609956e-05,3.7447594476994774e-06,-9.713980775232296e-05,0.021137640741665638
2,0.1,100,13,tis,300,0.0028019965267987237,0.0008818771670943773,-0.0013311737645823008,1.193122779156689
2,0.1,100,13,tis_anchored,300,0.00010800951405771758,8.397307830042033e-06,0.00011973219485245397,0.04599170996658573
2,0.1,100,13,uniform,300,0.0023484561486448218,0.0002643552353667202,0.00034546829775247554,1.0
2,0.1,100,14,learned_occupancy,300,4.452580619929891e-05,3.3031052057372807e-06,0.0006842391238883757,0.027107648030716733
2,0.1,100,14,oracle_tail,300,1.832451418445259e-05,1.4000753588967268e-06,0.0006069014967856264,0.011156103016363543
2,0.1,100,14,tis,300,0.0012076352311614059,0.000335736007389217,0.0010939118600690671,0.735217474767073
2,0.1,100,14,tis_anchored,300,6.98901980429548e-05,5.256205226181766e-06,0.0006491599830779849,0.042549681882578405
2,0.1,100,14,uniform,300,0.00164255512499074,0.00037415928833299,-0.0007112990256136394,1.0
2,0.1,100,15,learned_occupancy,300,8.738851663861969e-06,7.152490498594827e-07,-7.090351140254247e-05,0.030823672925659844
2,0.1,100,15,oracle_tail,300,4.991309649052501e-06,3.605586982000426e-07,-6.952844481600126e-05,0.01760534473073926
2,0.1,100,15,tis,300,0.00015930032150335112,4.2501645869673036e-05,0.0009977349900031358,0.561884009002823
2,0.1,100,15,tis_anchored,300,1.2009001567960503e-05,1.0894336279317415e-06,-0.0001808650659394351,0.04235814392242069
2,0.1,100,15,uniform,300,0.0002835110431173541,3.9530796377138445e-05,-0.0001653726713837019,1.0
2,0.1,100,16,learned_occupancy,300,0.0002587007747657048,2.114355813597059e-05,0.002004745516038822,0.033464277454464744
2,0.1,100,16,oracle_tail,300,0.0001076997972109005,8.550453580419812e-06,0.0005656561840804523,0.013931523393848554
2,0.1,100,16,tis,300,0.005694132192678613,0.000757289653619853,-0.002732190539819822,0.7365653223527084
2,0.1,100,16,tis_anchored,300,0.0003616944656639127,3.284735777964416e-05,0.0017716537283983898,0.04678704176160092
2,0.1,100,16,uniform,300,0.007730654729292219,0.0007135015016409754,-0.005303138637040166,1.0
2,0.1,100,17,learned_occupancy,300,0.0003407353490135784,2.5720347309427123e-05,-0.0007114773945889963,0.04117758806895759
2,0.1,100,17,oracle_tail,300,0.00012461417284326482,1.0388306727158122e-05,-0.00031771444774800575,0.01505952080331224
2,0.1,100,17,tis,300,0.004659131151936541,0.0005758326415646269,0.006588282546696639,0.5630521866577612
2,0.1,100,17,tis_anchored,300,0.0004194013063474513,4.4501101737216545e-05,-0.002263226656096843,0.050684304632184866
2,0.1,100,17,uniform,300,0.008274776765530067,0.0006266626238020267,0.008601278575595893,1.0
2,0.1,100,18,learned_occupancy,300,3.442959889562114e-06,3.9160526681448505e-07,5.9715920646037365e-05,0.08655081655807134
2,0.1,100,18,oracle_tail,300,1.5409694475873068e-06,1.2896509124424518e-07,-9.062798513438312e-05,0.03873764675100069
2,0.1,100,18,tis,300,1.559193545412591e-05,1.2292479594146411e-05,0.0012060982577324568,0.391957730720753
2,0.1,100,18,tis_anchored,300,6.9184370916753e-06,9.769204187095896e-07,0.00016182334054612186,0.17391906928846107
2,0.1,100,18,uniform,300,3.977963497608433e-05,2.8425544707227308e-05,0.0008911071561482942,1.0
2,0.1,100,19,learned_occupancy,300,0.0003149831344419955,2.6589943215842076e-05,0.0014334773383693803,0.04650214271681025
2,0.1,100,19,oracle_tail,300,0.00010387043475494773,7.623550442396182e-06,-0.00032290150518933357,0.015334782256162971
2,0.1,100,19,tis,300,0.0007070993335802281,0.00020380127538102046,0.001394086517148964,0.10439172936468566
2,0.1,100,19,tis_anchored,300,0.0002541426084923184,2.4173271595720035e-05,0.0013122028462450067,0.03752002744994131
2,0.1,100,19,uniform,300,0.006773518724936752,0.0006147873258726557,-0.0032389396863842022,1.0
2,0.1,100,20,learned_occupancy,300,0.0006910461365192751,7.570702491670885e-05,0.00032222856805905604,0.12929949685432984
2,0.1,100,20,oracle_tail,300,0.0002481862643521617,2.318764495656792e-05,0.00024113725273744224,0.04643736128607258
2,0.1,100,20,tis,300,0.005745347046277303,0.0006091441723661505,0.017468008447079287,1.0749940460978828
2,0.1,100,20,tis_anchored,300,0.0007246724543997341,7.479036164836958e-05,0.0001271775690055262,0.13559121278071767
2,0.1,100,20,uniform,300,0.005344538481057005,0.0003884031189866609,0.0041899371779235625,1.0
2,0.1,100,21,learned_occupancy,300,0.0010082870458864737,8.469938173720052e-05,0.0011011950265738739,0.04821350589427402
2,0.1,100,21,oracle_tail,300,0.000339056313631094,2.7874807326903152e-05,-0.00035594978328378174,0.01621273787304428
2,0.1,100,21,tis,300,0.0033937194812009913,0.0006526136616473548,0.003420264574152143,0.16227830643856098
2,0.1,100,21,tis_anchored,300,0.0008153304662117572,7.223686617102057e-05,0.0002034778057159307,0.0389868543872057
2,0.1,100,21,uniform,300,0.020912958458103353,0.0016303519059763182,0.005696729422751136,1.0
2,0.1,100,22,learned_occupancy,300,9.397495856027626e-05,1.0218361145557191e-05,0.00011621621812991903,0.035509409298238134
2,0.1,100,22,oracle_tail,300,5.195100074955359e-05,4.148677465125184e-06,0.0002597374711854328,0.019630222533013813
2,0.1,100,22,tis,300,0.0017005477534945612,0.00046242956336806036,0.0003354202733152497,0.6425695433673009
2,0.1,100,22,tis_anchored,300,0.00011227432046253703,1.1131415372866256e-05,-6.878949904950415e-06,0.042424012312052464
2,0.1,100,22,uniform,300,0.0026464804798918187,0.00033529818738344235,-0.002165437501971423,1.0
2,0.1,100,23,learned_occupancy,300,6.731926182887646e-05,5.234405086944128e-06,0.0002813112804060425,0.041640586016803934
2,0.1,100,23,oracle_tail,300,3.473253738793675e-05,2.899148854132254e-06,0.00037771609888488823,0.0214839433973689
2,0.1,100,23,tis,300,0.0007281093138364128,0.000148015694144953,0.0012954202920697107,0.450374791534568
2,0.1,100,23,tis_anchored,300,8.080423912714444e-05,6.742998411750219e-06,0.0007157638694023246,0.04998177012768366
2,0.1,100,23,uniform,300,0.0016166742178342537,0.00015816377205465928,0.004857422931050714,1.0
2,0.1,100,24,learned_occupancy,300,0.00011127645610239977,1.005586174621885e-05,0.0005269378102130511,0.03579589420975573
2,0.1,100,24,oracle_tail,300,4.304027220773608e-05,3.1802691886608834e-06,0.00033562732232501023,0.013845381895424908
2,0.1,100,24,tis,300,0.00018240347059059715,5.9094275582534305e-05,0.0006692498530347879,0.05867634147824462
2,0.1,100,24,tis_anchored,300,8.852297154041045e-05,7.638525000116875e-06,0.0004573756373551489,0.028476454367649586
2,0.1,100,24,uniform,300,0.0031086374166362563,0.0003167013268797465,0.0034457845208960493,1.0
2,0.1,100,25,learned_occupancy,300,5.231663926391844e-07,4.9006174876147334e-08,-6.685964407896854e-05,0.02663855056532213
2,0.1,100,25,oracle_tail,300,3.4704378226440337e-07,3.1974107500114077e-08,-4.7215813031917054e-05,0.017670751547312857
2,0.1,100,25,tis,300,1.280831408294635e-05,3.6801085643352305e-06,-8.732395223511658e-05,0.6521728596401032
2,0.1,100,25,tis_anchored,300,7.007577646073465e-07,7.823587531990379e-08,-2.92048160695213e-05,0.03568113588559427
2,0.1,100,25,uniform,300,1.9639446649182127e-05,5.205888679862724e-06,-0.00038686428583780167,1.0
2,0.1,100,26,learned_occupancy,300,1.6432403141511839e-06,2.8881538848504845e-07,-6.890142174616957e-05,0.023175931974868506
2,0.1,100,26,oracle_tail,300,6.238842080003533e-07,7.713458206229294e-08,-2.1264034119254187e-05,0.008799137801265393
2,0.1,100,26,tis,300,0.00011188440580120994,6.408204035602561e-05,-0.00048204369373038144,1.5779952302575126
2,0.1,100,26,tis_anchored,300,3.1570806717347207e-06,4.976603765188648e-07,-0.00010536457290765874,0.04452683290276453
2,0.1,100,26,uniform,300,7.090287958788795e-05,4.0509859640134705e-05,-0.0002814105918785289,1.0
2,0.1,100,27,learned_occupancy,300,0.0009432143321266117,7.308026392543421e-05,-0.0006868189976061108,0.03823606211088127
2,0.1,100,27,oracle_tail,300,0.0003326063704135104,2.756995493598652e-05,0.00020642179821516097,0.013483210978073468
2,0.1,100,27,tis,300,0.004586371447499552,0.000834536949366946,0.00265571509260028,0.18592251788072417
2,0.1,100,27,tis_anchored,300,0.0008066539161993843,6.396557608606252e-05,1.5164527681136297e-05,0.03270017024894512
2,0.1,100,27,uniform,300,0.024668187047907075,0.0020811276512906875,-0.01646622554011919,1.0
2,0.1,100,28,learned_occupancy,300,0.00040359838271865014,3.255156867585904e-05,-0.0005287515387065652,0.038308224452452445
2,0.1,100,28,oracle_tail,300,0.00015017567966610248,1.1943621601436464e-05,0.001004303157460211,0.014254179130244592
2,0.1,100,28,tis,300,0.003245353890375887,0.0006097122199551073,0.0050707393212152405,0.3080382642336447
2,0.1,100,28,tis_anchored,300,0.00047614270183376356,4.4701608230664494e-05,-0.0006051542533968931,0.0451938914382624
2,0.1,100,28,uniform,300,0.010535554400846482,0.0009898286755898168,0.00618953635976764,1.0
2,0.1,100,29,learned_occupancy,300,0.0,0.0,0.0,0.0
2,0.1,100,29,oracle_tail,300,0.0,0.0,0.0,0.0
2,0.1,100,29,tis,300,0.0,0.0,0.0,0.0
2,0.1,100,29,tis_anchored,300,0.0,0.0,0.0,0.0
2,0.1,100,29,uniform,300,0.0,0.0,0.0,0.0
2,0.1,100,30,learned_occupancy,300,3.592018943454559e-06,4.5876624342968044e-07,1.5186449495754687e-05,0.07208067902888667
2,0.1,100,30,oracle_tail,300,1.0431808742182557e-06,1.3221515474297225e-07,6.017336939764917e-05,0.020933404569209706
2,0.1,100,30,tis,300,4.962348129135548e-05,3.2471499802715946e-05,5.543975879048609e-05,0.9957893551135184
2,0.1,100,30,tis_anchored,300,2.794863643279591e-06,2.9064617508434084e-07,-8.187791955120093e-05,0.05608424464682657
2,0.1,100,30,uniform,300,4.9833311670316544e-05,9.792434434860058e-06,0.00023504620758308872,1.0
2,0.1,100,31,learned_occupancy,300,8.201032777308245e-05,6.618388526296523e-06,0.00020018776458948932,0.031508721686797206
2,0.1,100,31,oracle_tail,300,3.5643605072023726e-05,2.9505315611566587e-06,0.0002755636467930763,0.013694426819461258
2,0.1,100,31,tis,300,0.0007333915007583523,0.0004266912539521157,0.00017832280895613173,0.2817721781187913
2,0.1,100,31,tis_anchored,300,6.1274410982477e-05,5.156044025501817e-06,0.0003787056798218602,0.02354189301024825
2,0.1,100,31,uniform,300,0.0026027818135017024,0.0003355066801145856,-0.000825992235953978,1.0
2,0.1,100,32,learned_occupancy,300,2.743589172492582e-07,3.8390840775069615e-08,-2.0796361410049998e-05,0.019069736466402643
2,0.1,100,32,oracle_tail,300,1.4966598669674597e-07,1.448763261132838e-08,3.917281069563868e-06,0.010402763478243702
2,0.1,100,32,tis,300,1.5732957515311283e-05,1.0116074195690883e-05,-0.0003030685646871493,1.0935432923491255
2,0.1,100,32,tis_anchored,300,4.6404699537950695e-07,8.18672507783666e-08,8.200524434987718e-06,0.032254296665974645
2,0.1,100,32,uniform,300,1.438713732266977e-05,7.799828175023977e-06,-0.00028107520198657513,1.0
2,0.1,100,33,learned_occupancy,300,0.0002861436329079641,2.633274260598023e-05,0.0007944312755166516,0.037832222947071906
2,0.1,100,33,oracle_tail,300,0.00010788831132246814,8.380356307743307e-06,1.4040788122801073e-05,0.014264356001405595
2,0.1,100,33,tis,300,0.006756731798177501,0.0010253503462356959,-0.003922708369364876,0.8933352148514876
2,0.1,100,33,tis_anchored,300,0.0003583083009527199,3.9508338304806954e-05,-1.6599256397564396e-05,0.047373409597374794
2,0.1,100,33,uniform,300,0.00756348981417997,0.0006577435615099786,0.0009486402500439713,1.0
2,0.1,100,34,learned_occupancy,300,6.312386333965524e-06,9.384728250141233e-07,-0.000123831867827117,0.06477829018168053
2,0.1,100,34,oracle_tail,300,2.409866633394137e-06,2.3695899211645043e-07,-4.313885331157212e-05,0.024730273436715727
2,0.1,100,34,tis,300,0.00014079423307520797,4.519938937946974e-05,-5.7950745581943534e-05,1.4448433925816808
2,0.1,100,34,tis_anchored,300,7.490576905888698e-06,7.897567027896196e-07,1.3552920064856533e-05,0.07686899038909537
2,0.1,100,34,uniform,300,9.744601650123026e-05,2.8644185439384275e-05,0.0008910230249918445,1.0
2,0.1,100,35,learned_occupancy,300,0.0007405332106006924,5.06226252339109e-05,0.000996297278350502,0.03861577444641134
2,0.1,100,35,oracle_tail,300,0.00031363725642188434,2.490167318851734e-05,-0.00023804614245084583,0.016354898576600635
2,0.1,100,35,tis,300,0.0021662793163146335,0.0006188839157042179,0.00616331360904284,0.11296259542347369
2,0.1,100,35,tis_anchored,300,0.0005899692911960703,4.417938057941365e-05,0.0004169965535719953,0.03076448260930341
2,0.1,100,35,uniform,300,0.01917696126043931,0.0015530981720016878,0.02753487086312381,1.0
2,0.1,100,36,learned_occupancy,300,1.4628833288848661e-07,3.301362748977963e-08,2.4959201334536404e-05,0.021939041793108672
2,0.1,100,36,oracle_tail,300,6.398300737321175e-08,8.110225720649557e-09,1.3284764462702103e-05,0.009595610566426455
2,0.1,100,36,tis,300,1.0359959430635542e-05,9.940825222393315e-06,-0.000102114937988933,1.5536958992955463
2,0.1,100,36,tis_anchored,300,2.531733946403856e-07,6.800069160520792e-08,1.3173730766233849e-05,0.037968726392914987
2,0.1,100,36,uniform,300,6.667945403816024e-06,6.383410195794741e-06,-5.381564810150582e-05,1.0
2,0.1,100,37,learned_occupancy,300,0.0,0.0,0.0,0.0
2,0.1,100,37,oracle_tail,300,0.0,0.0,0.0,0.0
2,0.1,100,37,tis,300,0.0,0.0,0.0,0.0
2,0.1,100,37,tis_anchored,300,0.0,0.0,0.0,0.0
2,0.1,100,37,uniform,300,0.0,0.0,0.0,0.0
2,0.1,100,38,learned_occupancy,300,8.444596601082077e-06,6.271803131086637e-07,6.996640072293688e-05,0.03157293088702866
2,0.1,100,38,oracle_tail,300,5.162920169061295e-06,4.148029066030221e-07,0.00015966322304803956,0.01930329290710357
2,0.1,100,38,tis,300,0.00022080496636634167,7.030575650127377e-05,-0.0005615461810472891,0.8255527495184176
2,0.1,100,38,tis_anchored,300,1.3237726364841683e-05,1.1043150875949758e-06,-6.333260166938212e-05,0.04949363946703951
2,0.1,100,38,uniform,300,0.00026746318329767203,7.997300540569416e-05,-5.123376657942084e-05,1.0
2,0.1,100,39,learned_occupancy,300,0.0,0.0,0.0,0.0
2,0.1,100,39,oracle_tail,300,0.0,0.0,0.0,0.0
2,0.1,100,39,tis,300,0.0,0.0,0.0,0.0
2,0.1,100,39,tis_anchored,300,0.0,0.0,0.0,0.0
2,0.1,100,39,uniform,300,0.0,0.0,0.0,0.0
2,0.1,100,40,learned_occupancy,300,1.5236974056966227e-05,1.239675949782116e-06,-0.0002533321472317344,0.03246108174288028
2,0.1,100,40,oracle_tail,300,7.74139365439384e-06,7.387548682238522e-07,-0.000264982766358363,0.016492383020380835
2,0.1,100,40,tis,300,0.0006104305973191231,0.0001273015209063032,5.060063565278587e-05,1.3004706475083823
2,0.1,100,40,tis_anchored,300,2.6986974063245907e-05,1.9738433748625405e-06,-0.00025063616713967953,0.0574934608265939
2,0.1,100,40,uniform,300,0.0004693920608578661,8.435138480406309e-05,0.0001602841543282729,1.0
2,0.1,100,41,learned_occupancy,300,2.6314308203435032e-05,2.995279997324364e-06,1.6933937422178116e-05,0.03792262752988658
2,0.1,100,41,oracle_tail,300,1.153328087731696e-05,9.338392863154454e-07,-3.589608954451077e-05,0.016621083538535156
2,0.1,100,41,tis,300,0.00010742747887009912,2.4656312226997744e-05,0.0013365399049378895,0.1548181406165078
2,0.1,100,41,tis_anchored,300,2.4057874388451137e-05,2.1176462686203995e-06,0.00034328999618704983,0.03467078832324899
2,0.1,100,41,uniform,300,0.0006938946459523907,7.332834503980544e-05,-0.0010838946798525095,1.0
2,0.1,100,42,learned_occupancy,300,0.0,0.0,0.0,0.0
2,0.1,100,42,oracle_tail,300,0.0,0.0,0.0,0.0
2,0.1,100,42,tis,300,0.0,0.0,0.0,0.0
2,0.1,100,42,tis_anchored,300,0.0,0.0,0.0,0.0
2,0.1,100,42,uniform,300,0.0,0.0,0.0,0.0
2,0.1,100,43,learned_occupancy,300,0.0,0.0,0.0,0.0
2,0.1,100,43,oracle_tail,300,0.0,0.0,0.0,0.0
2,0.1,100,43,tis,300,0.0,0.0,0.0,0.0
2,0.1,100,43,tis_anchored,300,0.0,0.0,0.0,0.0
2,0.1,100,43,uniform,300,0.0,0.0,0.0,0.0
2,0.1,100,44,learned_occupancy,300,0.00043382963312806007,3.2074808342712805e-05,-0.0006406529282751257,0.02751135430073175
2,0.1,100,44,oracle_tail,300,0.000250834384800181,2.08393237606353e-05,-0.000866007325526567,0.015906690332070633
2,0.1,100,44,tis,300,0.008684001646434986,0.002065832965058464,0.0020796614177839945,0.5506969275487192
2,0.1,100,44,tis_anchored,300,0.0005426930275494667,5.587808112190628e-05,-0.00013987882812842688,0.034414938531972014
2,0.1,100,44,uniform,300,0.015769112214025792,0.001209489294682224,0.003607811664938274,1.0
2,0.1,100,45,learned_occupancy,300,0.0008911312059172415,0.00014634085133546435,0.002497898757708807,0.07696832269813447
2,0.1,100,45,oracle_tail,300,0.0001641250518617099,1.4046945606241193e-05,-4.39223926249103e-05,0.014175723923322359
2,0.1,100,45,tis,300,0.003407423939042448,0.0006861993248205653,0.0053960692855793205,0.29430425460145293
2,0.1,100,45,tis_anchored,300,0.000713986835534224,0.00010215726351670714,0.001629387768218076,0.06166810094261425
2,0.1,100,45,uniform,300,0.011577895615735438,0.0014384707492940683,0.018176312764562545,1.0
2,0.1,100,46,learned_occupancy,300,0.0008555571751906573,8.535063057282569e-05,-0.0010687915415887868,0.04385885214209484
2,0.1,100,46,oracle_tail,300,0.0002180498102211461,1.7657034586946297e-05,-0.00034202508937953755,0.011177995654083457
2,0.1,100,46,tis,300,0.007000272588860861,0.001712390912194407,0.0111709342476579,0.3588584484266513
2,0.1,100,46,tis_anchored,300,0.0008457378955522079,8.272975293512362e-05,-0.001054089213441354,0.04335548153602323
2,0.1,100,46,uniform,300,0.019507058060224763,0.002164603413798973,0.038178181902334934,1.0
2,0.1,100,47,learned_occupancy,300,4.161366701890295e-09,6.676032001375557e-10,1.8514589675833192e-07,0.2770222311431798
2,0.1,100,47,oracle_tail,300,3.2504432418645115e-10,2.64534682536932e-11,4.52056934712175e-07,0.02163820455084027
2,0.1,100,47,tis,300,2.1087790185373815e-08,7.625406150920733e-09,-5.7023639539299785e-06,1.4038144449942085
2,0.1,100,47,tis_anchored,300,2.1317334671208266e-09,3.408319044357763e-10,-3.6023719685592446e-06,0.14190952241631263
2,0.1,100,47,uniform,300,1.5021778882935497e-08,3.6690002836547623e-09,-6.497024290946414e-06,1.0
2,0.1,100,48,learned_occupancy,300,0.0007021053696181996,5.742194120756007e-05,-0.0002673127262387372,0.04122833512839183
2,0.1,100,48,oracle_tail,300,0.0002623720824023763,2.1889484499986853e-05,3.423953758798004e-05,0.01540675318791752
2,0.1,100,48,tis,300,0.0017439171953107853,0.00045108628742115107,0.001830125560558213,0.10240457583102706
2,0.1,100,48,tis_anchored,300,0.0006255541180669545,5.122324832823846e-05,-0.0017115375700604348,0.03673316846249834
2,0.1,100,48,uniform,300,0.017029680374716267,0.001243915729699137,0.025033338058045702,1.0
2,0.1,100,49,learned_occupancy,300,0.0003911744945141966,3.0704898271728345e-05,0.00018337600665738974,0.03576972077873512
2,0.1,100,49,oracle_tail,300,0.00015692086706677847,1.212317360583707e-05,-0.00038216976528791525,0.01434913492073796
2,0.1,100,49,tis,300,0.006386450469917896,0.00087407014959553,-0.0005919428279478519,0.5839888675765751
2,0.1,100,49,tis_anchored,300,0.0004486117679278857,3.7452036004400294e-05,-0.0005265205986786129,0.04102189151356549
2,0.1,100,49,uniform,300,0.010935911323824127,0.0011924560648843069,-0.0035210112015921008,1.0
2,0.1,200,0,learned_occupancy,300,0.00028861339575637126,4.071284254930898e-05,0.0011163994674362342,0.041215719768178866
2,0.1,200,0,oracle_tail,300,6.64644608986861e-05,5.764318073702029e-06,0.001242546662593188,0.009491522691676224
2,0.1,200,0,tis,300,0.0008052148351696556,0.0002247835134170604,0.0024517480801823782,0.1149894962864011
2,0.1,200,0,tis_anchored,300,0.00021376995846692642,3.5569208265283414e-05,0.001156405068118778,0.030527629114157552
2,0.1,200,0,uniform,300,0.007002507717436467,0.0007284729393689312,0.014259709050728844,1.0
2,0.1,200,1,learned_occupancy,300,8.489776259534956e-05,7.323863700916955e-06,0.00025514969324761603,0.032848777814924776
2,0.1,200,1,oracle_tail,300,3.3303148664326776e-05,2.9126474165651005e-06,-0.00028491235556302066,0.012885707438794192
2,0.1,200,1,tis,300,0.0014237880642196084,0.0005902149056620055,-0.0012460697600450118,0.5508943504201802
2,0.1,200,1,tis_anchored,300,7.948958709749681e-05,7.779931268844864e-06,-0.0001074690526743242,0.030756237918910884
2,0.1,200,1,uniform,300,0.0025845029326106747,0.00027356930383027364,0.0003721634894869193,1.0
2,0.1,200,2,learned_occupancy,300,5.503777123795024e-09,2.1186836802837836e-09,-4.126468872311939e-06,0.16784422171287006
2,0.1,200,2,oracle_tail,300,3.725793692345771e-09,1.3549144083631316e-09,-1.958002275958363e-06,0.11362250477964418
2,0.1,200,2,tis,300,2.318903500224913e-08,2.2208895161971397e-08,2.173320673880023e-05,0.7071771702741576
2,0.1,200,2,tis_anchored,300,5.1615862486332294e-09,1.7022467259661478e-09,1.7407248190681735e-06,0.15740870446227792
2,0.1,200,2,uniform,300,3.2790983613426366e-08,2.2445912741321528e-08,1.5781287285231056e-05,1.0
2,0.1,200,3,learned_occupancy,300,6.147166454488057e-06,4.613924601040575e-07,0.00011211900614226389,0.025324475820111717
2,0.1,200,3,oracle_tail,300,2.4467133025862497e-06,2.0906522027679012e-07,9.317506365423463e-06,0.010079722475198763
2,0.1,200,3,tis,300,0.0002753818146534491,6.023228815840701e-05,-0.00021146883586219893,1.1344902009930284
2,0.1,200,3,tis_anchored,300,1.1771889201413339e-05,9.970465621405391e-07,-6.924872214934652e-05,0.04849664079302272
2,0.1,200,3,uniform,300,0.00024273617737059796,4.725218927203749e-05,3.392508679181283e-05,1.0
2,0.1,200,4,learned_occupancy,300,0.0002738290636767308,2.1324895993622545e-05,-0.0007915981825252968,0.03609825821495857
2,0.1,200,4,oracle_tail,300,0.0001573500507190892,1.2483138354491902e-05,-0.00034895536859541533,0.020743096750679885
2,0.1,200,4,tis,300,0.0013150936033470358,0.00015162929009219703,0.0028451306270935793,0.17336577729566874
2,0.1,200,4,tis_anchored,300,0.000282965614967633,2.5058937373057446e-05,-0.0015385785402951908,0.037302708842896895
2,0.1,200,4,uniform,300,0.007585658622256189,0.0007286243577120311,-0.0011700480053491418,1.0
2,0.1,200,5,learned_occupancy,300,5.8582312001836045e-05,4.479558394834874e-06,-0.0006826673800259427,0.02905379204516459
2,0.1,200,5,oracle_tail,300,2.3424511348002608e-05,1.944811908228576e-06,-0.00046683176338296883,0.011617344181348388
2,0.1,200,5,tis,300,4.307162370608868e-05,6.7920483108423764e-06,-0.00011235388040428118,0.021361294142249996
2,0.1,200,5,tis_anchored,300,4.7211108208202075e-05,3.941916143497567e-06,-0.0005866580696549232,0.023414264019826946
2,0.1,200,5,uniform,300,0.0020163396196533965,0.0001590727884922351,-0.0041439347162427,1.0
2,0.1,200,6,learned_occupancy,300,0.0,0.0,0.0,0.0
2,0.1,200,6,oracle_tail,300,0.0,0.0,0.0,0.0
2,0.1,200,6,tis,300,0.0,0.0,0.0,0.0
2,0.1,200,6,tis_anchored,300,0.0,0.0,0.0,0.0
2,0.1,200,6,uniform,300,0.0,0.0,0.0,0.0
2,0.1,200,7,learned_occupancy,300,5.863930536297453e-05,4.40934770834103e-06,0.0001654310369160006,0.041617627282792384
2,0.1,200,7,oracle_tail,300,2.613218720413695e-05,1.989597128934335e-06,3.834426322729493e-05,0.0185465980610443
2,0.1,200,7,tis,300,0.00015365461297764055,7.43310404451472e-05,0.0003922560814431146,0.10905211740831541
2,0.1,200,7,tis_anchored,300,4.849746096445066e-05,3.85229110944374e-06,1.91093061183271e-05,0.03441973335268544
2,0.1,200,7,uniform,300,0.001409001646454268,0.00011695820477446425,0.003743005840663017,1.0
2,0.1,200,8,learned_occupancy,300,0.0005101686910155911,4.280796128969696e-05,0.0003872912034016148,0.03277365549831725
2,0.1,200,8,oracle_tail,300,0.0002295267755499786,1.847096678800927e-05,7.473288520832548e-05,0.014744988475360389
2,0.1,200,8,tis,300,0.0023295160343456676,0.0006214599927056197,0.0001817700489432339,0.14965002230040392
2,0.1,200,8,tis_anchored,300,0.0003458083027715021,2.815435298389314e-05,-4.643036304642319e-05,0.022215009237296846
2,0.1,200,8,uniform,300,0.015566426242619944,0.0011799046285940885,-0.0029895570268863984,1.0
2,0.1,200,9,learned_occupancy,300,5.404119675027953e-05,4.306892691691197e-06,-0.0005089314414331025,0.02968453150813346
2,0.1,200,9,oracle_tail,300,3.277936575258682e-05,2.5670794003740995e-06,-0.000543443778123042,0.0180055249330551
2,0.1,200,9,tis,300,0.0008916294265545503,0.0001574775022965728,-0.0013952960161408372,0.48976712948165074
2,0.1,200,9,tis_anchored,300,5.506354499352835e-05,4.972029570645994e-06,-0.00015531282412249549,0.03024610176312319
2,0.1,200,9,uniform,300,0.0018205170843094635,0.0001883228513701151,-0.002383896010819217,1.0
2,0.1,200,10,learned_occupancy,300,0.00014398292885241032,1.095010111842081e-05,-0.00016527919483250202,0.030842943967478675
2,0.1,200,10,oracle_tail,300,6.887758310101518e-05,5.064152655019615e-06,0.0004770666097152517,0.01475443966261841
2,0.1,200,10,tis,300,0.00030309794928472375,9.728077509297556e-05,-0.0006242348752590284,0.06492737118876807
2,0.1,200,10,tis_anchored,300,0.00011863545776423385,9.977163519810666e-06,5.7267002312307856e-05,0.025413198672525776
2,0.1,200,10,uniform,300,0.004668261531850798,0.000384529101686029,0.007875043449875283,1.0
2,0.1,200,11,learned_occupancy,300,0.0,0.0,0.0,0.0
2,0.1,200,11,oracle_tail,300,0.0,0.0,0.0,0.0
2,0.1,200,11,tis,300,0.0,0.0,0.0,0.0
2,0.1,200,11,tis_anchored,300,0.0,0.0,0.0,0.0
2,0.1,200,11,uniform,300,0.0,0.0,0.0,0.0
2,0.1,200,12,learned_occupancy,300,0.000204919979226312,1.4362344744006322e-05,0.0004991975305536049,0.04147753199409929
2,0.1,200,12,oracle_tail,300,0.00010226422297775557,8.774590151288048e-06,0.0004196109385186453,0.020699141179040897
2,0.1,200,12,tis,300,0.011902066080326382,0.0019742797332237914,0.0001804254866983579,2.409078551083679
2,0.1,200,12,tis_anchored,300,0.00025630805327651955,2.2761722175533622e-05,-0.0008950802963173139,0.051878911564700696
2,0.1,200,12,uniform,300,0.004940505603261653,0.00039024762489023605,0.004723735389818061,1.0
2,0.1,200,13,learned_occupancy,300,4.4384930174693e-05,4.268692166365229e-06,-0.0001602812795879786,0.04028367296199915
2,0.1,200,13,oracle_tail,300,2.7407609046672636e-05,2.446041380985515e-06,0.00010299324876674583,0.02487509060307148
2,0.1,200,13,tis,300,0.0008626261399694286,0.0002945110467670846,0.0008814088177552138,0.7829177419955358
2,0.1,200,13,tis_anchored,300,4.9649260899501586e-05,5.479236853414789e-06,-0.0001533612927396466,0.04506156889305791
2,0.1,200,13,uniform,300,0.0011018094158534823,0.00011998316429120299,0.0003448803347895124,1.0
2,0.1,200,14,learned_occupancy,300,2.1453536414641665e-05,1.9067529351122517e-06,-0.00034119638698627624,0.032479200061891846
2,0.1,200,14,oracle_tail,300,1.0179648254435204e-05,8.55188426132254e-07,3.940195265997796e-05,0.015411297504771382
2,0.1,200,14,tis,300,0.0003616481220289776,7.263457163639934e-05,-1.7972595541916326e-05,0.5475107450988905
2,0.1,200,14,tis_anchored,300,2.7268526384215398e-05,3.282034057753022e-06,-0.00019962188595159378,0.04128270074958181
2,0.1,200,14,uniform,300,0.000660531551693396,8.160104264347903e-05,-0.000928197173761793,1.0
2,0.1,200,15,learned_occupancy,300,4.621134386029546e-06,3.92465073286841e-07,-4.187553493022985e-05,0.031316299004726614
2,0.1,200,15,oracle_tail,300,2.9616432424125255e-06,2.573503203800261e-07,1.2983195950761287e-05,0.020070332861366322
2,0.1,200,15,tis,300,5.598403600565169e-05,7.868623029413215e-06,0.0003262173934795724,0.37939013769965696
2,0.1,200,15,tis_anchored,300,4.980770662790528e-06,4.5667272558885456e-07,8.168273078998921e-06,0.03375346620982713
2,0.1,200,15,uniform,300,0.00014756323489349975,1.6334052498896147e-05,-0.0006523495232355559,1.0
2,0.1,200,16,learned_occupancy,300,0.00011177673574602131,9.849307336384119e-06,0.000546236858184104,0.027452332274416562
2,0.1,200,16,oracle_tail,300,4.8174166443790984e-05,4.127331367430472e-06,-0.0002973297881550237,0.01183156061439263
2,0.1,200,16,tis,300,0.0029570690560491706,0.0003979442399140781,-0.0006948094556066175,0.7262552600347045
2,0.1,200,16,tis_anchored,300,0.00013798017229739925,1.2142409831877565e-05,-0.0005435971661380897,0.03388788831511642
2,0.1,200,16,uniform,300,0.004071666284259153,0.00033727401945226145,-0.0013392451185216395,1.0
2,0.1,200,17,learned_occupancy,300,0.00016548319323461262,1.3806259193511099e-05,0.0008474361668405612,0.033923990978522764
2,0.1,200,17,oracle_tail,300,6.272508695733786e-05,4.531047713594704e-06,0.00050889207650238,0.012858618706076038
2,0.1,200,17,tis,300,0.001069999174961207,0.00024348060738285345,0.003332528032639027,0.21934941941172628
2,0.1,200,17,tis_anchored,300,0.00014147212996569014,1.4907730048572559e-05,0.001070898455834234,0.029001732241559417
2,0.1,200,17,uniform,300,0.004878057930724596,0.0003946619556445681,-0.0027801797577374407,1.0
2,0.1,200,18,learned_occupancy,300,1.982414761171367e-06,1.8568196273798895e-07,-0.00019147337237879276,0.032357091997730764
2,0.1,200,18,oracle_tail,300,7.019834498781755e-07,7.173393039485309e-08,-5.930299003742571e-05,0.011457815747483256
2,0.1,200,18,tis,300,6.328896303633898e-05,2.086368051032769e-05,9.243507553044002e-05,1.0330062303398975
2,0.1,200,18,tis_anchored,300,3.9498962150291655e-06,4.0626657442183057e-07,-0.00017872283924656637,0.0644704416626058
2,0.1,200,18,uniform,300,6.126677766068706e-05,1.719482785611205e-05,-0.00010115210311096264,1.0
2,0.1,200,19,learned_occupancy,300,0.0001356273866362564,1.3046273252252682e-05,-0.000542585957450971,0.03860141780330143
2,0.1,200,19,oracle_tail,300,4.95688001465055e-05,3.988147058695032e-06,-0.00016151829895179012,0.014107961613942238
2,0.1,200,19,tis,300,0.00014206037056032752,2.1344904421936195e-05,-0.0002379553498545739,0.0404323334194887
2,0.1,200,19,tis_anchored,300,0.00011529265296812395,1.2194064872381303e-05,-0.0005707213352307568,0.03281387319516396
2,0.1,200,19,uniform,300,0.003513533811824309,0.0002734447825111841,-0.0001410230197175381,1.0
2,0.1,200,20,learned_occupancy,300,0.00042199017752828945,6.383410190740969e-05,0.0013732066017101989,0.12475645800860574
2,0.1,200,20,oracle_tail,300,0.0001406068855039634,1.2927162611666239e-05,0.0006126523426415961,0.04156878036792714
2,0.1,200,20,tis,300,0.0032160667878712488,0.00043840020651256186,0.013963205449457084,0.9507925125746169
2,0.1,200,20,tis_anchored,300,0.00043879651790705316,6.601906318744748e-05,0.0020457540834704986,0.1297250558798228
2,0.1,200,20,uniform,300,0.0033825116892881044,0.00022082449603988647,0.006119386251997636,1.0
2,0.1,200,21,learned_occupancy,300,0.00042997625916889277,3.5682900296292616e-05,0.0002137048650717636,0.03332665421305933
2,0.1,200,21,oracle_tail,300,0.0001608759742209947,1.2566460162227265e-05,-0.0008372163528458709,0.012469195332819946
2,0.1,200,21,tis,300,0.001346275267940439,0.0003345115491762043,0.002625965082749272,0.10434727353777297
2,0.1,200,21,tis_anchored,300,0.0003219738320833196,3.0189220381163214e-05,0.00012682254914179105,0.0249555884509419
2,0.1,200,21,uniform,300,0.01290187296990656,0.0011161074573334247,-0.001997145577248881,1.0
2,0.1,200,22,learned_occupancy,300,4.85272330964848e-05,3.8133295257665994e-06,-0.0003535399164595769,0.0527200164818699
2,0.1,200,22,oracle_tail,300,2.6640895821819284e-05,2.153534887776721e-06,-2.8163572909627085e-05,0.02894268593524717
2,0.1,200,22,tis,300,0.0005971652578824105,0.00012858906222468965,0.0005573762291053734,0.6487607108232448
2,0.1,200,22,tis_anchored,300,4.5270719621361685e-05,3.9194845697778275e-06,-0.00025953219907603797,0.049182138199368806
2,0.1,200,22,uniform,300,0.0009204707497231725,7.13635922292163e-05,-8.189583530475904e-05,1.0
2,0.1,200,23,learned_occupancy,300,3.378802392332493e-05,2.7345451873915502e-06,7.896922514923614e-05,0.03649421370939839
2,0.1,200,23,oracle_tail,300,1.83364143119873e-05,1.555250077939177e-06,0.00011644516140294492,0.019805035774932808
2,0.1,200,23,tis,300,0.00036538659113713624,9.746059368900939e-05,-0.00036242765303367343,0.39465155978837824
2,0.1,200,23,tis_anchored,300,2.973723655497546e-05,2.291955854430877e-06,0.00030402170051147426,0.03211898595866198
2,0.1,200,23,uniform,300,0.0009258460585663602,9.194121366146262e-05,0.0016151544125322008,1.0
2,0.1,200,24,learned_occupancy,300,5.145410866079973e-05,4.5253444900964634e-06,0.0005577275017931023,0.036164016359339746
2,0.1,200,24,oracle_tail,300,2.4522721800858297e-05,1.866286564153223e-06,0.00043754781960317454,0.0172355548558441
2,0.1,200,24,tis,300,4.7875792028487546e-05,6.417206718740964e-06,0.0007584140413322431,0.0336490315583607
2,0.1,200,24,tis_anchored,300,4.230830016729539e-05,3.576448462787836e-06,0.0005925680118928057,0.029735974428638488
2,0.1,200,24,uniform,300,0.0014227985119111683,0.0001082186557744832,0.0021038215579330883,1.0
2,0.1,200,25,learned_occupancy,300,2.284605018801349e-07,2.0679588381960496e-08,-3.9246876116083575e-05,0.04732910663292666
2,0.1,200,25,oracle_tail,300,1.7982116788590263e-07,1.5273667651385404e-08,-4.179694687783305e-05,0.03725272053457448
2,0.1,200,25,tis,300,6.372775695512618e-06,1.2780128407163377e-06,-8.553266452382561e-05,1.3202184971076014
2,0.1,200,25,tis_anchored,300,3.426987705326375e-07,3.555668133974224e-08,-3.50310478953116e-05,0.07099532094183145
2,0.1,200,25,uniform,300,4.827061361035619e-06,8.124715973292477e-07,-7.993835991186785e-05,1.0
2,0.1,200,26,learned_occupancy,300,7.230220009280232e-07,1.0223583353014273e-07,-7.494321503167534e-06,0.059156341821246884
2,0.1,200,26,oracle_tail,300,3.125783139712319e-07,2.773713300199998e-08,-5.365311477138516e-05,0.02557458772133823
2,0.1,200,26,tis,300,1.6814343196594453e-05,1.13609593306059e-05,0.00018805583309240795,1.3757189025517886
2,0.1,200,26,tis_anchored,300,1.1685804777337073e-06,1.4499698026363505e-07,1.0879733834663341e-05,0.09561112400137455
2,0.1,200,26,uniform,300,1.2222222988581406e-05,8.199836667942854e-06,0.00024918200071406474,1.0
2,0.1,200,27,learned_occupancy,300,0.00042776577272228637,4.0161742457123157e-05,0.000267408405772939,0.037070934538149435
2,0.1,200,27,oracle_tail,300,0.00017105700773665776,1.2709494995038922e-05,0.0003607935416928713,0.01482410127332515
2,0.1,200,27,tis,300,0.0011553669009039494,0.000272306515952194,-1.6352849845932365e-05,0.10012612855484651
2,0.1,200,27,tis_anchored,300,0.0003601170787492486,3.132728167337938e-05,0.0002264819735535084,0.03120837968738091
2,0.1,200,27,uniform,300,0.011539114890186424,0.0008143482878848256,0.0022908624228437625,1.0
2,0.1,200,28,learned_occupancy,300,0.000183021134981682,1.4063031525808088e-05,6.212198846577051e-05,0.036190071714335276
2,0.1,200,28,oracle_tail,300,7.670920110920867e-05,5.7248597794824665e-06,0.00027391680762803777,0.015168256330447744
2,0.1,200,28,tis,300,0.0011755776094129475,0.00026536956488520345,-0.0009641013601421137,0.23245532814928457
2,0.1,200,28,tis_anchored,300,0.00016657723796641445,1.4194905697189379e-05,6.801399479372934e-05,0.032938502914342645
2,0.1,200,28,uniform,300,0.00505721946135811,0.0004086018520695197,0.007604304878286148,1.0
2,0.1,200,29,learned_occupancy,300,0.0,0.0,0.0,0.0
2,0.1,200,29,oracle_tail,300,0.0,0.0,0.0,0.0
2,0.1,200,29,tis,300,0.0,0.0,0.0,0.0
2,0.1,200,29,tis_anchored,300,0.0,0.0,0.0,0.0
2,0.1,200,29,uniform,300,0.0,0.0,0.0,0.0
2,0.1,200,30,learned_occupancy,300,1.3653613458828425e-06,1.3412627627217491e-07,6.122614659372509e-05,0.04576111195326382
2,0.1,200,30,oracle_tail,300,4.878735725166326e-07,4.252191500167734e-08,-2.49670928966302e-05,0.01635144955457681
2,0.1,200,30,tis,300,4.412982448840659e-06,2.647054510352163e-06,0.00013253083065621637,0.14790442434754106
2,0.1,200,30,tis_anchored,300,1.222415369525471e-06,1.2461936337100766e-07,3.2685608251412646e-05,0.04097017009228076
2,0.1,200,30,uniform,300,2.9836716976573835e-05,3.556979787230363e-06,-0.00015450934797246833,1.0
2,0.1,200,31,learned_occupancy,300,4.0233163051236974e-05,3.16498669339047e-06,0.0002787113734488537,0.04084893709710898
2,0.1,200,31,oracle_tail,300,2.1428362228458463e-05,1.6788597119295441e-06,0.00014924861949315934,0.02175632623389907
2,0.1,200,31,tis,300,0.00019951602193238026,0.0001092969725031264,0.0007449304575688209,0.20256964184998733
2,0.1,200,31,tis_anchored,300,3.787301600055737e-05,3.0263846208002637e-06,0.00012005503509518789,0.03845266767403725
2,0.1,200,31,uniform,300,0.0009849255797180685,6.989858122417208e-05,0.000642924430712668,1.0
2,0.1,200,32,learned_occupancy,300,1.0794632689099102e-07,1.3807482759184726e-08,2.7649380474245404e-05,0.09041344613568243
2,0.1,200,32,oracle_tail,300,8.97248606702815e-08,1.4709040471006042e-08,1.432171953672882e-05,0.07515155069089383
2,0.1,200,32,tis,300,1.2893925813287479e-06,2.0359257159649693e-07,0.00010764028935182616,1.0799665913360936
2,0.1,200,32,tis_anchored,300,1.5776879583988464e-07,1.923704290652085e-08,2.383443893687091e-05,0.13214363967164655
2,0.1,200,32,uniform,300,1.193918952375703e-06,1.6771159906135998e-07,0.00013079516838380675,1.0
2,0.1,200,33,learned_occupancy,300,0.00012298215214340302,9.352561857080736e-06,0.0005619279493620343,0.0334556734512125
2,0.1,200,33,oracle_tail,300,4.563788465462464e-05,4.280405619529584e-06,0.0003846807632200633,0.01241518496300869
2,0.1,200,33,tis,300,0.001998472206900172,0.0004020312358491745,-0.002009309928238936,0.5436580218356721
2,0.1,200,33,tis_anchored,300,0.0001343222077083519,1.1902822140784263e-05,-0.00027103003125626007,0.03654058609330995
2,0.1,200,33,uniform,300,0.0036759729952154313,0.000341685101078154,-0.004594466231437507,1.0
2,0.1,200,34,learned_occupancy,300,2.4497097347153045e-06,2.082672657635077e-07,2.2947181854189313e-05,0.03186939852262863
2,0.1,200,34,oracle_tail,300,1.508587900262678e-06,1.6528000171643273e-07,-7.595187493620055e-05,0.019625912539174454
2,0.1,200,34,tis,300,5.290166397428063e-05,1.3983310272292252e-05,-9.663274347978534e-05,0.688222032110457
2,0.1,200,34,tis_anchored,300,3.415966140192224e-06,3.3791892033283847e-07,-4.305060209002898e-05,0.04443987167901887
2,0.1,200,34,uniform,300,7.686714680152831e-05,1.2888498689224997e-05,-0.00044005567871185404,1.0
2,0.1,200,35,learned_occupancy,300,0.00038529899768507074,2.9935755919956063e-05,0.0011916534693335635,0.03937304601529352
2,0.1,200,35,oracle_tail,300,0.00016752079743500585,1.3952953087644134e-05,0.0015939451808382257,0.017118663961120186
2,0.1,200,35,tis,300,0.0015613030142911251,0.0004078386251793787,0.0034151067992644123,0.159546886430644
2,0.1,200,35,tis_anchored,300,0.0003163364335889084,2.5583129419514628e-05,0.001744065442791963,0.03232587946203353
2,0.1,200,35,uniform,300,0.009785856993015235,0.0008324731732325903,0.013387759752012698,1.0
2,0.1,200,36,learned_occupancy,300,5.797898256020979e-08,6.814640297795805e-09,1.9253733838070866e-05,0.9247954534201875
2,0.1,200,36,oracle_tail,300,2.9133864839532167e-08,2.5633436155186303e-09,1.4947558202147438e-05,0.46470056138322346
2,0.1,200,36,tis,300,7.566212128093601e-08,1.6164399992549373e-08,0.0001491597529228287,1.2068508736605061
2,0.1,200,36,tis_anchored,300,1.0008822771332113e-07,2.4003552856529332e-08,5.0327283655119034e-05,1.5964601971764727
2,0.1,200,36,uniform,300,6.269384472618792e-08,1.0821608345348594e-08,0.00015454083337997546,1.0
2,0.1,200,37,learned_occupancy,300,0.0,0.0,0.0,0.0
2,0.1,200,37,oracle_tail,300,0.0,0.0,0.0,0.0
2,0.1,200,37,tis,300,0.0,0.0,0.0,0.0
2,0.1,200,37,tis_anchored,300,0.0,0.0,0.0,0.0
2,0.1,200,37,uniform,300,0.0,0.0,0.0,0.0
2,0.1,200,38,learned_occupancy,300,3.293150871591026e-06,2.6018747775368855e-07,0.00010196603243377492,0.036512088060570595
2,0.1,200,38,oracle_tail,300,2.637702688941092e-06,2.0260838857978925e-07,6.382293740171555e-05,0.02924495008322881
2,0.1,200,38,tis,300,7.959981090218299e-05,2.3979672330162072e-05,0.00018719674251335287,0.8825454461675241
2,0.1,200,38,tis_anchored,300,4.3665798990924925e-06,3.6261770931240815e-07,9.97815354151621e-05,0.048413496986901006
2,0.1,200,38,uniform,300,9.019344130984663e-05,1.0817363704969958e-05,0.00018967364082798533,1.0
2,0.1,200,39,learned_occupancy,300,0.0,0.0,0.0,0.0
2,0.1,200,39,oracle_tail,300,0.0,0.0,0.0,0.0
2,0.1,200,39,tis,300,0.0,0.0,0.0,0.0
2,0.1,200,39,tis_anchored,300,0.0,0.0,0.0,0.0
2,0.1,200,39,uniform,300,0.0,0.0,0.0,0.0
2,0.1,200,40,learned_occupancy,300,8.40928886091257e-06,7.501619541519501e-07,-4.972378081389284e-06,0.030343932901973954
2,0.1,200,40,oracle_tail,300,3.427273415607373e-06,3.581835922640175e-07,9.225529367793416e-06,0.012366914287282973
2,0.1,200,40,tis,300,0.00033877716012255043,4.8123492421966606e-05,-0.0014807512954982734,1.2224376621502329
2,0.1,200,40,tis_anchored,300,1.4903820503016199e-05,1.3349962150047434e-06,-0.00021206496181190785,0.053778688876851166
2,0.1,200,40,uniform,300,0.0002771324629565577,3.507970904042326e-05,-0.0011628686234495037,1.0
2,0.1,200,41,learned_occupancy,300,9.980534880238284e-06,8.278546420018007e-07,0.00017783999160292014,0.03188862699428201
2,0.1,200,41,oracle_tail,300,5.795684638493653e-06,4.480915466908832e-07,4.8312204085193915e-05,0.01851768746175674
2,0.1,200,41,tis,300,2.8888871819856625e-05,7.186709521147334e-06,0.00045378748358814835,0.09230231333323476
2,0.1,200,41,tis_anchored,300,8.812032900549004e-06,8.051991177613791e-07,3.178697605457599e-05,0.02815516739321683
2,0.1,200,41,uniform,300,0.0003129810161481053,2.9766843037171487e-05,0.0004000405053326787,1.0
2,0.1,200,42,learned_occupancy,300,0.0,0.0,0.0,0.0
2,0.1,200,42,oracle_tail,300,0.0,0.0,0.0,0.0
2,0.1,200,42,tis,300,0.0,0.0,0.0,0.0
2,0.1,200,42,tis_anchored,300,0.0,0.0,0.0,0.0
2,0.1,200,42,uniform,300,0.0,0.0,0.0,0.0
2,0.1,200,43,learned_occupancy,300,0.0,0.0,0.0,0.0
2,0.1,200,43,oracle_tail,300,0.0,0.0,0.0,0.0
2,0.1,200,43,tis,300,0.0,0.0,0.0,0.0
2,0.1,200,43,tis_anchored,300,0.0,0.0,0.0,0.0
2,0.1,200,43,uniform,300,0.0,0.0,0.0,0.0
2,0.1,200,44,learned_occupancy,300,0.0002465199898334278,1.9291613503602293e-05,-0.0009027311034855597,0.027665291746250684
2,0.1,200,44,oracle_tail,300,0.00012217140832655415,9.403335104442785e-06,-1.3180356868679836e-05,0.01371048107169007
2,0.1,200,44,tis,300,0.004552679729924255,0.0016530516248069867,0.0010370050384228867,0.5109168349418676
2,0.1,200,44,tis_anchored,300,0.00022668193261045618,1.791743484712379e-05,-0.0006936946522350703,0.02543899909905739
2,0.1,200,44,uniform,300,0.00891080390890283,0.0007546671797125248,0.007036894998271589,1.0
2,0.1,200,45,learned_occupancy,300,0.00030994770034416534,6.288583945026991e-05,-0.001099544561689138,0.0512718029504287
2,0.1,200,45,oracle_tail,300,6.812364782313338e-05,5.973363723247177e-06,-2.3918830503857533e-05,0.011269069728775767
2,0.1,200,45,tis,300,0.0009859287361461218,0.00030478400687753224,0.00022688002167685952,0.16309314063862437
2,0.1,200,45,tis_anchored,300,0.0002786198378507262,6.334346958911846e-05,-0.0014474940651848357,0.046089522227461
2,0.1,200,45,uniform,300,0.006045188242040819,0.000617295897190174,0.010971831283081048,1.0
2,0.1,200,46,learned_occupancy,300,0.0002704634820392738,2.350623615798489e-05,0.00013469223683075664,0.029774647756700325
2,0.1,200,46,oracle_tail,300,9.329307468093792e-05,9.051777909865129e-06,0.0002193712561282531,0.010270401075296023
2,0.1,200,46,tis,300,0.003010992714402233,0.0007069875776528461,0.004673089554448621,0.3314726512923445
2,0.1,200,46,tis_anchored,300,0.000294669329152849,2.439939648611521e-05,0.00034352171589097183,0.03243940887722228
2,0.1,200,46,uniform,300,0.009083683684500018,0.001093028046614089,0.0066683624578904995,1.0
2,0.1,200,47,learned_occupancy,300,3.5469840050059268e-09,6.251995618162384e-10,-9.935459575041162e-06,0.6832609878102301
2,0.1,200,47,oracle_tail,300,1.2482866950160848e-09,1.0928899596435912e-09,-1.5195377583217726e-06,0.240459387215543
2,0.1,200,47,tis,300,6.76838029730783e-09,1.8357825188847487e-09,4.5748096093019734e-06,1.3038035134320038
2,0.1,200,47,tis_anchored,300,2.7700910779593745e-09,2.0303813555345875e-09,-4.6927599374487395e-06,0.5336069076092902
2,0.1,200,47,uniform,300,5.191257906255685e-09,1.0448462509692917e-09,5.637234968314253e-06,1.0
2,0.1,200,48,learned_occupancy,300,0.0003372602512801727,2.7484825715388083e-05,0.00048650431889606495,0.03865698706210119
2,0.1,200,48,oracle_tail,300,0.00013229973722384667,1.0287910419077924e-05,-0.0004577422081184827,0.015164281028578759
2,0.1,200,48,tis,300,0.00023850490091364436,2.2311202038473124e-05,0.0003870220165411109,0.027337585244242825
2,0.1,200,48,tis_anchored,300,0.00024303450408366553,2.1153795883107844e-05,0.0001818325917869945,0.02785677127483882
2,0.1,200,48,uniform,300,0.008724431905113947,0.0007154099711639114,0.0006747825024901547,1.0
2,0.1,200,49,learned_occupancy,300,0.00014899777996387378,1.1631029242858468e-05,0.0002890447651108885,0.025155814882669988
2,0.1,200,49,oracle_tail,300,5.616893768260939e-05,4.256952590424148e-06,0.00020770278598460887,0.009483197661351334
2,0.1,200,49,tis,300,0.002825765923237675,0.00040414090615874487,-0.004361420117552392,0.47708391684734663
2,0.1,200,49,tis_anchored,300,0.00016194936158897593,1.627207358320184e-05,0.0008986847309748555,0.027342475582432465
2,0.1,200,49,uniform,300,0.005922995564199328,0.0005561033170513613,-0.010162182497888403,1.0
2,0.1,400,0,learned_occupancy,300,9.079776574891181e-05,1.257481124381138e-05,0.00020152880046784966,0.03165785619685073
2,0.1,400,0,oracle_tail,300,2.8009274327794177e-05,2.4958900343087835e-06,0.0004745735763532436,0.009765808349288353
2,0.1,400,0,tis,300,0.00020211420530940282,6.350217774111732e-05,-0.0002244535637531231,0.07046982262449034
2,0.1,400,0,tis_anchored,300,6.867048186229017e-05,1.3678426684523492e-05,0.0003460300017280504,0.02394288253498003
2,0.1,400,0,uniform,300,0.002868095842760958,0.00027230932925060067,0.0014124254859139568,1.0
2,0.1,400,1,learned_occupancy,300,4.787648514135388e-05,3.8951109181438925e-06,0.000512796031205841,0.039370621130425276
2,0.1,400,1,oracle_tail,300,1.8641721288297383e-05,1.3984258912365113e-06,0.00042303996330944025,0.015329783376820902
2,0.1,400,1,tis,300,0.0001166899258897604,3.113061605632805e-05,-0.00017505252877003107,0.09595848250720695
2,0.1,400,1,tis_anchored,300,4.355466748074948e-05,4.04086737451314e-06,0.00033962507900193393,0.03581662911935625
2,0.1,400,1,uniform,300,0.0012160459694743131,9.346349254834607e-05,-0.0021010853531056905,1.0
2,0.1,400,2,learned_occupancy,300,1.7556689696530384e-09,4.665503270487141e-10,-3.900141060331208e-08,0.002446261757003589
2,0.1,400,2,oracle_tail,300,2.4996050720667016e-09,1.1874684065830292e-09,-1.1815217919604788e-06,0.003482825294005953
2,0.1,400,2,tis,300,6.066346318999407e-07,5.340412401584699e-07,-4.5186901580942516e-05,0.8452545019258644
2,0.1,400,2,tis_anchored,300,3.3194301650819924e-09,1.3570905362955068e-09,2.8261181031652426e-06,0.004625128773272634
2,0.1,400,2,uniform,300,7.176946476093984e-07,4.804282140863454e-07,-6.490737012217733e-05,1.0
2,0.1,400,3,learned_occupancy,300,2.632157520683209e-06,2.395843809597559e-07,1.8985539620805327e-05,0.027862580667417397
2,0.1,400,3,oracle_tail,300,1.4577617246120634e-06,1.3006514525525485e-07,1.4694082014150568e-05,0.015431068743687678
2,0.1,400,3,tis,300,8.767168018413682e-05,1.041564773432068e-05,0.0002788943035820875,0.9280444814505185
2,0.1,400,3,tis_anchored,300,4.766266187383815e-06,4.300151761189681e-07,6.894972280503102e-05,0.05045308842074752
2,0.1,400,3,uniform,300,9.446926514460535e-05,1.2289255739044498e-05,-6.118023728227229e-05,1.0
2,0.1,400,4,learned_occupancy,300,0.00015370084690003507,1.1910784132558174e-05,-0.001352672573075712,0.0391336195068755
2,0.1,400,4,oracle_tail,300,9.241960730977808e-05,8.075342675411396e-06,-0.0008691862502712204,0.02353086414538735
2,0.1,400,4,tis,300,0.0005562918958986798,0.00010082964518681823,-0.0003086150505698663,0.14163692541665732
2,0.1,400,4,tis_anchored,300,0.00014085438408429325,1.1455259304844588e-05,-0.001437174593192552,0.035862794407470346
2,0.1,400,4,uniform,300,0.003927590875488297,0.0003060325217665671,0.000314608244650821,1.0
2,0.1,400,5,learned_occupancy,300,2.9025518757232206e-05,2.154447457173048e-06,0.00033124859708194045,0.026436110952192646
2,0.1,400,5,oracle_tail,300,1.4158884950773006e-05,1.0287442484038774e-06,0.0004651895693799953,0.01289575068920004
2,0.1,400,5,tis,300,1.894511931961901e-05,1.362561788202533e-06,0.0005827282284231616,0.0172549982835771
2,0.1,400,5,tis_anchored,300,2.1436556323942354e-05,1.5665792637541433e-06,0.00032662577800409895,0.019524170649713683
2,0.1,400,5,uniform,300,0.0010979496496183675,9.684698630265309e-05,-0.002595292355131595,1.0
2,0.1,400,6,learned_occupancy,300,0.0,0.0,0.0,0.0
2,0.1,400,6,oracle_tail,300,0.0,0.0,0.0,0.0
2,0.1,400,6,tis,300,0.0,0.0,0.0,0.0
2,0.1,400,6,tis_anchored,300,0.0,0.0,0.0,0.0
2,0.1,400,6,uniform,300,0.0,0.0,0.0,0.0
2,0.1,400,7,learned_occupancy,300,2.7668076077165445e-05,2.1841839467074743e-06,6.783394781865996e-05,0.03641103521230007
2,0.1,400,7,oracle_tail,300,1.3665099629990012e-05,1.094613550560612e-06,-0.00012275067377478632,0.01798319559406565
2,0.1,400,7,tis,300,3.808477239792122e-05,1.0113101559400598e-05,0.0001270906122767283,0.05011935000343577
2,0.1,400,7,tis_anchored,300,2.215253127164784e-05,2.0044310185799557e-06,-0.00015731675077134132,0.029152608729424257
2,0.1,400,7,uniform,300,0.0007598816105019407,6.25102192231797e-05,0.0036549421832555835,1.0
2,0.1,400,8,learned_occupancy,300,0.00022004705939263254,1.817797052294388e-05,-0.0006059392929604046,0.026192802715231174
2,0.1,400,8,oracle_tail,300,0.00012686203229022685,1.0104455096504564e-05,-0.0003256638940244279,0.015100734329297077
2,0.1,400,8,tis,300,0.000271117493178746,4.289855957173996e-05,0.00010942410550941472,0.03227185598880441
2,0.1,400,8,tis_anchored,300,0.00016098115883034366,1.2737461541638689e-05,-0.0005377112450554984,0.019162027185234277
2,0.1,400,8,uniform,300,0.00840105053991319,0.0006587552477937876,-0.007887004943553107,1.0
2,0.1,400,9,learned_occupancy,300,3.08003103257048e-05,2.5205033848341024e-06,-0.000804996013715525,0.03808931703464527
2,0.1,400,9,oracle_tail,300,1.703083675320247e-05,1.4761779060388613e-06,-0.0004148568908264975,0.021061246902978198
2,0.1,400,9,tis,300,0.0003711033929584527,7.600149617080664e-05,0.0003764047491737462,0.4589263756615607
2,0.1,400,9,tis_anchored,300,2.8809322655530076e-05,2.36316634872474e-06,-0.000658619682553565,0.035627154810322956
2,0.1,400,9,uniform,300,0.0008086338302597934,8.819107534296773e-05,-0.0009465985571155163,1.0
2,0.1,400,10,learned_occupancy,300,6.12388379025623e-05,4.393724671331061e-06,-0.0007807158890646182,0.026831336361449635
2,0.1,400,10,oracle_tail,300,3.2739331717638105e-05,2.4283449068594383e-06,-0.00041904948199774603,0.014344492019308382
2,0.1,400,10,tis,300,7.40631350522379e-05,1.2861363213956481e-05,-0.0005161944295434092,0.03245020572944149
2,0.1,400,10,tis_anchored,300,4.368244956596255e-05,3.127382192850006e-06,-0.0006113931259250301,0.019139136821330185
2,0.1,400,10,uniform,300,0.0022823625732838345,0.00017971626071194998,0.0031552645146900723,1.0
2,0.1,400,11,learned_occupancy,300,0.0,0.0,0.0,0.0
2,0.1,400,11,oracle_tail,300,0.0,0.0,0.0,0.0
2,0.1,400,11,tis,300,0.0,0.0,0.0,0.0
2,0.1,400,11,tis_anchored,300,0.0,0.0,0.0,0.0
2,0.1,400,11,uniform,300,0.0,0.0,0.0,0.0
2,0.1,400,12,learned_occupancy,300,0.00010179019611196423,9.62679193895852e-06,-0.00015064154804724303,0.038818456299465814
2,0.1,400,12,oracle_tail,300,5.930678100684796e-05,5.074878334332557e-06,0.00017780842236886658,0.022617086661705726
2,0.1,400,12,tis,300,0.0035839633623565687,0.00037790603091605537,0.011016116736761136,1.3667713637912193
2,0.1,400,12,tis_anchored,300,9.478382255913644e-05,9.724746633357884e-06,-0.0005118894997675742,0.03614652308814733
2,0.1,400,12,uniform,300,0.0026222113349047573,0.00021461604021917667,0.0013327492787069191,1.0
2,0.1,400,13,learned_occupancy,300,1.6722483460347887e-05,1.3058617085233095e-06,0.0003866461515174661,0.03261938595728281
2,0.1,400,13,oracle_tail,300,1.081369405159005e-05,8.123345438854377e-07,0.00039283154595496733,0.0210935212302163
2,0.1,400,13,tis,300,0.0004238303874752405,0.0001266616767937816,0.0021341624813231014,0.8267364726215122
2,0.1,400,13,tis_anchored,300,1.6980478907375823e-05,1.2470615905001159e-06,0.00043398000792911634,0.03312263974023801
2,0.1,400,13,uniform,300,0.000512654759419661,4.256130985369752e-05,0.0007622692236783853,1.0
2,0.1,400,14,learned_occupancy,300,1.0533798751923097e-05,8.549989159632596e-07,-0.00013026171437493812,0.03367626212739517
2,0.1,400,14,oracle_tail,300,5.174780548703848e-06,3.912411473903914e-07,-0.00026361297654480106,0.01654362973073523
2,0.1,400,14,tis,300,0.00010498224621429694,1.989747110761677e-05,0.0003425795946505731,0.335625326199626
2,0.1,400,14,tis_anchored,300,1.2591669458144958e-05,1.1243186096360292e-06,-0.0002581522818807125,0.040255217636143925
2,0.1,400,14,uniform,300,0.00031279596031395655,2.8907786403980217e-05,-8.439393302103637e-05,1.0
2,0.1,400,15,learned_occupancy,300,1.8178618709048143e-06,1.4503127212830728e-07,-1.4786608332155725e-05,0.03219653055879251
2,0.1,400,15,oracle_tail,300,1.3362953505003818e-06,1.011582573180735e-07,-4.4123454695175945e-05,0.02366740552545023
2,0.1,400,15,tis,300,7.688353874525967e-05,6.120973802012348e-05,-0.00025873938883074507,1.36170038235511
2,0.1,400,15,tis_anchored,300,1.8327282225310555e-06,1.547654295602878e-07,4.335527480429461e-06,0.03245983161158031
2,0.1,400,15,uniform,300,5.646142113310332e-05,4.661326490483708e-06,0.0007860544119496349,1.0
2,0.1,400,16,learned_occupancy,300,5.469125402021751e-05,4.1560963876738634e-06,-0.00023419793611392607,0.027365341319387906
2,0.1,400,16,oracle_tail,300,2.257852775362913e-05,1.9711037139288782e-06,-0.00020370322409562084,0.011297402656719639
2,0.1,400,16,tis,300,0.0007440075618668978,0.00011001059353410901,0.0024991595829624734,0.37227196997836
2,0.1,400,16,tis_anchored,300,6.353311858684801e-05,6.167598037206612e-06,-0.0002544489699589055,0.03178946078968202
2,0.1,400,16,uniform,300,0.0019985591768033103,0.00018212076242354053,0.0015760731685153916,1.0
2,0.1,400,17,learned_occupancy,300,8.047281823631688e-05,6.860761194576339e-06,-0.0004430008947764149,0.027054659401245365
2,0.1,400,17,oracle_tail,300,3.704012897705713e-05,3.297818215370779e-06,-0.000533135898297189,0.012452752315815309
2,0.1,400,17,tis,300,0.0002912536399942801,8.598447072802947e-05,-0.001555157582076787,0.09791838041857087
2,0.1,400,17,tis_anchored,300,6.107850732602142e-05,5.156473864862928e-06,-0.0003636700630567402,0.02053436487820474
2,0.1,400,17,uniform,300,0.00297445320019858,0.00027366581270325363,-0.0015066068410708152,1.0
2,0.1,400,18,learned_occupancy,300,9.871193451852633e-07,8.973769473161106e-08,-7.297470598747192e-05,0.04587715462051671
2,0.1,400,18,oracle_tail,300,3.848022929296882e-07,2.9703554122432332e-08,-4.7135609368048244e-05,0.017883991816360786
2,0.1,400,18,tis,300,2.4422755169476998e-05,5.7356325739592e-06,0.00033627723345662703,1.1350669203619281
2,0.1,400,18,tis_anchored,300,1.8502824139920627e-06,2.0313905566640443e-07,-4.457719776175558e-05,0.08599334296543987
2,0.1,400,18,uniform,300,2.1516577332453263e-05,4.638578390431386e-06,0.00038961410059273525,1.0
2,0.1,400,19,learned_occupancy,300,6.861257828886603e-05,5.770711843012635e-06,8.566733182985657e-05,0.040645503980695226
2,0.1,400,19,oracle_tail,300,2.4767747122437906e-05,1.918042105785411e-06,-0.00017903416764907846,0.014672201356719202
2,0.1,400,19,tis,300,9.716082442172579e-05,2.346766436680108e-05,-0.0002604109881592024,0.05755724058604173
2,0.1,400,19,tis_anchored,300,5.9328931438653486e-05,5.385481186892361e-06,-5.1160198329455545e-05,0.03514595106465338
2,0.1,400,19,uniform,300,0.001688073011013811,0.00015341142713187127,-0.002971931584532369,1.0
2,0.1,400,20,learned_occupancy,300,0.00012038789673639973,1.449281598956025e-05,-0.0008005144916681998,0.07438618976784578
2,0.1,400,20,oracle_tail,300,5.7665224473795405e-05,4.9239661230993195e-06,-0.0005758947969485036,0.03563062772086976
2,0.1,400,20,tis,300,0.0011682291605855705,0.00016262707024938675,0.005024542661375786,0.7218343237769587
2,0.1,400,20,tis_anchored,300,0.0001226403784432585,1.5990098908789844e-05,-0.0006217639347641427,0.07577797030589996
2,0.1,400,20,uniform,300,0.0016184173045039965,0.00012812787173192353,0.0033904533816272444,1.0
2,0.1,400,21,learned_occupancy,300,0.0001745478364682638,1.4872418614672919e-05,-0.0006124950097181133,0.026335123660967866
2,0.1,400,21,oracle_tail,300,8.914390925814477e-05,8.45688891411491e-06,-1.0902919134420097e-05,0.013449699070673862
2,0.1,400,21,tis,300,0.00021826706757282872,4.694761748296274e-05,-0.0012783783677449848,0.03293131746546964
2,0.1,400,21,tis_anchored,300,0.0001446021879128858,1.4095145477718986e-05,-0.00029397062559508616,0.021817036391767308
2,0.1,400,21,uniform,300,0.0066279482380774525,0.0005498903028174306,0.004518047709788137,1.0
2,0.1,400,22,learned_occupancy,300,1.9777655242562456e-05,1.945246701047056e-06,-4.408841833615525e-05,0.0352569144365724
2,0.1,400,22,oracle_tail,300,1.3671129197117025e-05,1.2105622673889145e-06,0.0001987310063348809,0.02437103015714374
2,0.1,400,22,tis,300,0.0003827653223602973,6.678361761479196e-05,-0.0002817528311146822,0.6823419689661645
2,0.1,400,22,tis_anchored,300,2.2161957808193882e-05,1.907038346782598e-06,0.00011282138163119034,0.03950732483742008
2,0.1,400,22,uniform,300,0.0005609581995084309,5.332460894792387e-05,0.0005730659702507897,1.0
2,0.1,400,23,learned_occupancy,300,1.6057334752700856e-05,1.1840956238321236e-06,0.00013390606110368056,0.0265382598226189
2,0.1,400,23,oracle_tail,300,7.526560442061363e-06,5.916634800494656e-07,0.00016752177631873606,0.012439288316417088
2,0.1,400,23,tis,300,8.32247468102224e-05,3.228419124332768e-05,-0.00039757817464899036,0.1375471078193634
2,0.1,400,23,tis_anchored,300,1.3567012448481494e-05,1.1467943854499272e-06,0.0002925245631126283,0.022422457208469613
2,0.1,400,23,uniform,300,0.0006050635897013482,5.001578400240191e-05,-0.0006242310041344768,1.0
2,0.1,400,24,learned_occupancy,300,2.8031571380826865e-05,2.046620513264276e-06,0.0003473184819441462,0.041306022659425144
2,0.1,400,24,oracle_tail,300,1.309432813635076e-05,1.0898097106913373e-06,-0.00011377746576757164,0.019295194242303595
2,0.1,400,24,tis,300,3.129943246014661e-05,9.855982764682796e-06,0.00020442039525396362,0.04612139108656087
2,0.1,400,24,tis_anchored,300,2.1853108206509697e-05,1.691791790834861e-06,0.00010552100821258644,0.032201726064289324
2,0.1,400,24,uniform,300,0.0006786315790302958,5.453689328874564e-05,-0.0013215974235483955,1.0
2,0.1,400,25,learned_occupancy,300,1.0540268597662744e-07,8.546145192974635e-09,-1.653806964618883e-05,0.03393843055369027
2,0.1,400,25,oracle_tail,300,7.532142191671416e-08,5.626247527171621e-09,-1.2324359032911402e-06,0.02425261579664539
2,0.1,400,25,tis,300,8.039388883761412e-06,3.6093814075989816e-06,-6.0981750473167264e-05,2.5885890743443505
2,0.1,400,25,tis_anchored,300,1.417254874924079e-07,1.4473854927940116e-08,-3.580841969220335e-06,0.045633947279252136
2,0.1,400,25,uniform,300,3.105703011513199e-06,5.384448690117692e-07,0.00010009404749554104,1.0
2,0.1,400,26,learned_occupancy,300,3.057823434119909e-07,3.596668919594126e-08,1.0345148584419335e-05,0.025104058981707297
2,0.1,400,26,oracle_tail,300,1.473558060217067e-07,1.5330549213014673e-08,-9.765106982448923e-06,0.012097588122286864
2,0.1,400,26,tis,300,1.1571336954233883e-05,4.548371949635906e-06,6.766577668657773e-05,0.9499813565262433
2,0.1,400,26,tis_anchored,300,5.110507402126977e-07,5.303285461022706e-08,3.49449588713302e-05,0.041956143647114336
2,0.1,400,26,uniform,300,1.218059372927728e-05,3.983033244086995e-06,-5.060966595260489e-05,1.0
2,0.1,400,27,learned_occupancy,300,0.00017938825736682018,1.589194794036116e-05,-0.001056846007601,0.02736552007300162
2,0.1,400,27,oracle_tail,300,8.487994490326473e-05,6.288837303248746e-06,-0.00037880131730301617,0.01294836055682197
2,0.1,400,27,tis,300,0.00016927626337575604,4.942538128700758e-05,-0.00019316212665136242,0.025822944329179715
2,0.1,400,27,tis_anchored,300,0.00013928007262125177,1.3673551585226115e-05,-0.000525679048760358,0.021247051947732236
2,0.1,400,27,uniform,300,0.006555265782936892,0.0005340128760492863,-0.00513855655863774,1.0
2,0.1,400,28,learned_occupancy,300,8.165526455771717e-05,7.076387571507711e-06,-0.0007860594289306699,0.031139718901362547
2,0.1,400,28,oracle_tail,300,2.950697718415387e-05,2.8648489874286063e-06,-8.854437698762634e-05,0.01125266056169591
2,0.1,400,28,tis,300,0.00027462774994701193,7.118667117721513e-05,-0.0005411885806546924,0.10473091945980853
2,0.1,400,28,tis_anchored,300,5.6961479460043004e-05,5.130714890768009e-06,-0.00041017861952987106,0.0217225976573465
2,0.1,400,28,uniform,300,0.002622222275556388,0.00022462130657843675,0.0017698986282861267,1.0
2,0.1,400,29,learned_occupancy,300,0.0,0.0,0.0,0.0
2,0.1,400,29,oracle_tail,300,0.0,0.0,0.0,0.0
2,0.1,400,29,tis,300,0.0,0.0,0.0,0.0
2,0.1,400,29,tis_anchored,300,0.0,0.0,0.0,0.0
2,0.1,400,29,uniform,300,0.0,0.0,0.0,0.0
2,0.1,400,30,learned_occupancy,300,6.504958572404097e-07,5.374413875148659e-08,-8.680778886510273e-06,0.04318411824954615
2,0.1,400,30,oracle_tail,300,2.425157838490726e-07,2.2262622146021523e-08,9.400890220994477e-06,0.016099764772597443
2,0.1,400,30,tis,300,4.737222750426226e-07,4.7194229023497993e-08,-4.3529790526715865e-06,0.031448745622562904
2,0.1,400,30,tis_anchored,300,4.984455499569313e-07,4.307497337691571e-08,7.611754408842763e-06,0.03309003636335998
2,0.1,400,30,uniform,300,1.506331224552087e-05,1.9121825233576833e-06,0.00020801842980531227,1.0
2,0.1,400,31,learned_occupancy,300,1.953283843698609e-05,1.4856435758835756e-06,0.0003319642586200233,0.03225823077295971
2,0.1,400,31,oracle_tail,300,9.177200932070504e-06,6.943624719002104e-07,0.00014800547712266724,0.015156028985320893
2,0.1,400,31,tis,300,9.889730015551558e-05,6.275961031929914e-05,0.0006418911319166339,0.16332761577541313
2,0.1,400,31,tis_anchored,300,1.7691226575583142e-05,1.323339658907447e-06,0.0002086385163643752,0.0292168325342446
2,0.1,400,31,uniform,300,0.0006055148707460854,5.17257889892335e-05,-0.0017031137637317768,1.0
2,0.1,400,32,learned_occupancy,300,5.2418019043938685e-08,5.9258213404937705e-09,-1.0690305433724105e-05,0.04905423447321459
2,0.1,400,32,oracle_tail,300,3.269360834621203e-08,3.10124270452119e-09,-9.701241371865936e-07,0.030595584473465137
2,0.1,400,32,tis,300,1.477206542336989e-06,7.078443047808641e-07,2.4946598481018583e-05,1.3824108086271618
2,0.1,400,32,tis_anchored,300,8.153618832394527e-08,9.787938699394242e-09,6.61496714577714e-06,0.07630382401025691
2,0.1,400,32,uniform,300,1.0685727665888017e-06,3.9628159720268135e-07,3.107641838380341e-05,1.0
2,0.1,400,33,learned_occupancy,300,5.593227388837723e-05,3.9742785700292305e-06,-0.0003121855703612723,0.031962757302784035
2,0.1,400,33,oracle_tail,300,2.131514478551437e-05,1.808710922134689e-06,-0.00017313724832121937,0.012180638337943047
2,0.1,400,33,tis,300,0.00036033223280339174,6.706506459841003e-05,0.0023590799084894595,0.2059135254978141
2,0.1,400,33,tis_anchored,300,5.3520168691888253e-05,4.4167211386966344e-06,9.212337963182919e-06,0.030584348601968063
2,0.1,400,33,uniform,300,0.0017499201761140108,0.00014550797534091913,0.001807548814858767,1.0
2,0.1,400,34,learned_occupancy,300,1.2106137794320586e-06,1.1459992969770328e-07,0.00010853994955051534,0.05021995546276644
2,0.1,400,34,oracle_tail,300,5.330598433399113e-07,4.466715138494366e-08,7.039928411530117e-05,0.022112949684149855
2,0.1,400,34,tis,300,3.9156219697448563e-05,2.7917543137152628e-05,2.4963704977824335e-05,1.6243195333681755
2,0.1,400,34,tis_anchored,300,1.2536296549787315e-06,1.1771035412496644e-07,0.00018320212935868607,0.052004385303932844
2,0.1,400,34,uniform,300,2.4106229650673812e-05,3.110035263741787e-06,0.0007079003398066574,1.0
2,0.1,400,35,learned_occupancy,300,0.00016697895669739627,1.573269766943611e-05,0.0010541509762355627,0.03619035142348412
2,0.1,400,35,oracle_tail,300,8.687709805903035e-05,6.957740939198715e-06,9.620171160782491e-05,0.018829394862651127
2,0.1,400,35,tis,300,0.0006222845873732543,0.00014659572509982427,0.0014008114156201582,0.1348714733154579
2,0.1,400,35,tis_anchored,300,0.0001323007682165965,1.1471815118435372e-05,0.00048502954946403774,0.028674339509933026
2,0.1,400,35,uniform,300,0.0046139081310230855,0.00034070680697814227,0.002492309520531166,1.0
2,0.1,400,36,learned_occupancy,300,3.126095361896918e-08,3.759986223750635e-09,1.794319149554931e-05,0.029713476969425747
2,0.1,400,36,oracle_tail,300,1.3356496261062967e-08,1.2868331920215113e-09,7.921391488659632e-06,0.012695324297608621
2,0.1,400,36,tis,300,1.363662744838277e-06,7.613776362924254e-07,-3.2463511617941698e-06,1.2961588458462436
2,0.1,400,36,tis_anchored,300,4.9743663617702476e-08,6.925343768036275e-09,3.763001752040326e-05,0.047281257676751655
2,0.1,400,36,uniform,300,1.0520799585701713e-06,5.831902410065274e-07,1.3229490787383114e-05,1.0
2,0.1,400,37,learned_occupancy,300,0.0,0.0,0.0,0.0
2,0.1,400,37,oracle_tail,300,0.0,0.0,0.0,0.0
2,0.1,400,37,tis,300,0.0,0.0,0.0,0.0
2,0.1,400,37,tis_anchored,300,0.0,0.0,0.0,0.0
2,0.1,400,37,uniform,300,0.0,0.0,0.0,0.0
2,0.1,400,38,learned_occupancy,300,1.7398085367209558e-06,1.434358663898289e-07,-8.944380446272548e-05,0.033042430463411515
2,0.1,400,38,oracle_tail,300,1.342307356909171e-06,1.0600284709658829e-07,-6.241991757418056e-05,0.025493091087361808
2,0.1,400,38,tis,300,3.998116330291835e-05,1.060160329922491e-05,-0.00018692096410051059,0.7593219485937401
2,0.1,400,38,tis_anchored,300,2.13253413828299e-06,1.751243313741677e-07,-6.824965742373863e-05,0.04050107209375562
2,0.1,400,38,uniform,300,5.265377008654001e-05,1.0521000192239533e-05,6.125581675391345e-05,1.0
2,0.1,400,39,learned_occupancy,300,0.0,0.0,0.0,0.0
2,0.1,400,39,oracle_tail,300,0.0,0.0,0.0,0.0
2,0.1,400,39,tis,300,0.0,0.0,0.0,0.0
2,0.1,400,39,tis_anchored,300,0.0,0.0,0.0,0.0
2,0.1,400,39,uniform,300,0.0,0.0,0.0,0.0
2,0.1,400,40,learned_occupancy,300,3.5538873388563156e-06,2.7886053380272865e-07,5.050466640146522e-05,0.025355688566007395
2,0.1,400,40,oracle_tail,300,1.8544176393637641e-06,1.4754828974000187e-07,-3.5909664675349466e-05,0.013230592771168103
2,0.1,400,40,tis,300,0.00013923058797723215,1.6318294538702735e-05,-0.00022971495702026463,0.9933594092909207
2,0.1,400,40,tis_anchored,300,6.557791734466048e-06,5.379976875229337e-07,-5.8652152318851387e-05,0.04678744964193734
2,0.1,400,40,uniform,300,0.00014016134208324221,1.7319902865031034e-05,-0.00025834431789395116,1.0
2,0.1,400,41,learned_occupancy,300,4.89892363283318e-06,3.772150079836858e-07,-4.435787070914262e-05,0.02766795993522635
2,0.1,400,41,oracle_tail,300,2.7214543818772607e-06,2.0943444384014542e-07,-8.78466744460386e-05,0.015370129531857981
2,0.1,400,41,tis,300,1.9607675409179903e-05,8.3113543430315e-06,-6.89580686511726e-05,0.11073950490025654
2,0.1,400,41,tis_anchored,300,4.108372815268146e-06,3.119413165085938e-07,1.7226775091725432e-05,0.023203116229446822
2,0.1,400,41,uniform,300,0.00017706125223189867,1.5665348317707695e-05,0.0009790648108882357,1.0
2,0.1,400,42,learned_occupancy,300,0.0,0.0,0.0,0.0
2,0.1,400,42,oracle_tail,300,0.0,0.0,0.0,0.0
2,0.1,400,42,tis,300,0.0,0.0,0.0,0.0
2,0.1,400,42,tis_anchored,300,0.0,0.0,0.0,0.0
2,0.1,400,42,uniform,300,0.0,0.0,0.0,0.0
2,0.1,400,43,learned_occupancy,300,0.0,0.0,0.0,0.0
2,0.1,400,43,oracle_tail,300,0.0,0.0,0.0,0.0
2,0.1,400,43,tis,300,0.0,0.0,0.0,0.0
2,0.1,400,43,tis_anchored,300,0.0,0.0,0.0,0.0
2,0.1,400,43,uniform,300,0.0,0.0,0.0,0.0
2,0.1,400,44,learned_occupancy,300,0.00011276678463103674,9.63729389660621e-06,0.0002132980311524435,0.02617386402429854
2,0.1,400,44,oracle_tail,300,6.690097661902916e-05,5.519396092961196e-06,-0.00020504185071152406,0.015528127993083726
2,0.1,400,44,tis,300,0.0004916062469949478,0.00014252281400634599,0.0005175383451471546,0.11410483241534268
2,0.1,400,44,tis_anchored,300,7.793123400445647e-05,6.616877453298619e-06,0.0004769973011336337,0.01808831854834169
2,0.1,400,44,uniform,300,0.004308373594603745,0.0003973836456386945,0.003190807035308591,1.0
2,0.1,400,45,learned_occupancy,300,8.982500578403182e-05,7.901737371398838e-06,3.609936589033876e-05,0.03466623583437583
2,0.1,400,45,oracle_tail,300,3.330276393043728e-05,3.2331311276350383e-06,9.382986265792184e-06,0.012852562137594826
2,0.1,400,45,tis,300,0.000413586229816241,0.00016493350080790738,-0.00023223181756907316,0.159615662203597
2,0.1,400,45,tis_anchored,300,6.99799416916245e-05,6.903146315764462e-06,-0.00017509074989787284,0.027007414485343495
2,0.1,400,45,uniform,300,0.0025911381383657266,0.00028551317007073114,0.0023376854497476514,1.0
2,0.1,400,46,learned_occupancy,300,0.00013711344660077214,1.2672007727290231e-05,-0.0006397167652406445,0.03150442182333916
2,0.1,400,46,oracle_tail,300,4.2969919190884094e-05,3.443509451325605e-06,-2.3610041455170056e-05,0.009873156086915736
2,0.1,400,46,tis,300,0.0012951585336243416,0.00026811766261991126,0.0025772915119356373,0.2975873029448658
2,0.1,400,46,tis_anchored,300,0.00012557375012276682,1.2138867890465815e-05,-0.0005332747021428341,0.028852957108759278
2,0.1,400,46,uniform,300,0.004352196887460271,0.0003828776851736269,0.007149225883816363,1.0
2,0.1,400,47,learned_occupancy,300,1.2909479611408853e-09,2.610318782482965e-10,1.171282103243539e-06,0.4253127744551755
2,0.1,400,47,oracle_tail,300,1.9954978533890148e-10,1.217620221412266e-10,4.507636692870539e-08,0.06574321769672066
2,0.1,400,47,tis,300,3.3953334250609714e-09,5.142917065819414e-10,-2.444843723313402e-06,1.1186188155383583
2,0.1,400,47,tis_anchored,300,5.292465843613458e-10,1.8381159793854205e-10,-9.057188651221775e-08,0.17436437404240474
2,0.1,400,47,uniform,300,3.0352908228411103e-09,5.065464683025409e-10,-3.2447094761319424e-06,1.0
2,0.1,400,48,learned_occupancy,300,0.00016544431760320624,1.6154938078678882e-05,0.0011700413028083675,0.03359455190253162
2,0.1,400,48,oracle_tail,300,7.482950747957874e-05,6.326907404530459e-06,0.0007709831748926595,0.01519462142479089
2,0.1,400,48,tis,300,0.0001330962323917161,3.186619040206663e-05,0.0009666655375421381,0.02702606140779455
2,0.1,400,48,tis_anchored,300,0.00012199142886612354,1.057377649641846e-05,0.0006296726024390867,0.024771158345468367
2,0.1,400,48,uniform,300,0.0049247365490455814,0.00039277039681233974,0.00391856606730494,1.0
2,0.1,400,49,learned_occupancy,300,8.59745615998912e-05,6.41778602824642e-06,-0.0005708164625333575,0.03493028145941999
2,0.1,400,49,oracle_tail,300,3.353635179534023e-05,2.623676786960031e-06,-0.00044545670279914,0.013625358309879904
2,0.1,400,49,tis,300,0.0008756609857456353,0.000143924487926494,-0.0013554957995950282,0.35576901034371666
2,0.1,400,49,tis_anchored,300,9.011341289896286e-05,8.225859673396399e-06,-0.0006018058642046238,0.036611839796036647
2,0.1,400,49,uniform,300,0.002461318890309302,0.00020733715316634014,-0.001290772775666185,1.0
2,0.2,50,0,learned_occupancy,300,0.0014390627329274968,0.00014061411410137562,0.0011865324291864899,0.075391976520223
2,0.2,50,0,oracle_tail,300,0.0003901569776073523,2.980174530031095e-05,0.0005261662338794526,0.020440183059383457
2,0.2,50,0,tis,300,0.004559680386524356,0.001006763458188685,0.00866063817377888,0.23888000764306166
2,0.2,50,0,tis_anchored,300,0.0011711422502263895,0.00012622695961442447,8.218235863196106e-05,0.06135571925435831
2,0.2,50,0,uniform,300,0.019087743807081184,0.0014365337518413772,0.005273004795785761,1.0
2,0.2,50,1,learned_occupancy,300,8.479227297577048e-05,6.610265503508143e-06,0.0005247836621044858,0.03311027560068269
2,0.2,50,1,oracle_tail,300,3.367018848723514e-05,2.7714587291524403e-06,0.0006712393528456406,0.013147769026758524
2,0.2,50,1,tis,300,0.001892371462757673,0.0003457855377586458,0.0016748524132239302,0.7389463505557625
2,0.2,50,1,tis_anchored,300,0.00011090071424385256,8.945777968968905e-06,0.0008728730477066703,0.043305281059935516
2,0.2,50,1,uniform,300,0.0025609050796913985,0.00023500230001392952,0.00123910720770642,1.0
2,0.2,50,2,learned_occupancy,300,1.6727809406391653e-09,7.289184513442935e-10,4.5446659492879666e-06,0.17939305941053085
2,0.2,50,2,oracle_tail,300,1.5234641601674112e-09,4.867593633457639e-10,1.6426592671936469e-06,0.16337996802516178
2,0.2,50,2,tis,300,1.691421743476388e-08,1.665023755181052e-08,7.859987986848319e-06,1.8139214403039756
2,0.2,50,2,tis_anchored,300,5.2489024038103635e-09,2.9723307098275646e-09,1.1885369355842575e-06,0.5629049434333233
2,0.2,50,2,uniform,300,9.32466922709145e-09,9.07334914979512e-09,9.811939938800436e-06,1.0
2,0.2,50,3,learned_occupancy,300,7.794588179068676e-06,8.332523163845179e-07,0.0003066683886050403,0.04477662396685604
2,0.2,50,3,oracle_tail,300,3.094900680757855e-06,2.2723563679567124e-07,0.000106404542132054,0.01777890002825257
2,0.2,50,3,tis,300,0.00025916528539742813,8.775463887567675e-05,-0.000137582493605282,1.488795336316295
2,0.2,50,3,tis_anchored,300,1.3585488833591306e-05,1.4384754434503166e-06,8.509148880013084e-05,0.07804290758313326
2,0.2,50,3,uniform,300,0.000174077174394351,5.159438683977976e-05,0.00035681208043294516,1.0
2,0.2,50,4,learned_occupancy,300,0.0004479870300159733,3.6042182109854836e-05,-0.00034372709788330145,0.04884047716516807
2,0.2,50,4,oracle_tail,300,0.0002117722332468016,1.6568612494207616e-05,0.00048259815728143494,0.02308784904272401
2,0.2,50,4,tis,300,0.0019798908808830893,0.00026770741362190545,0.001560260342124523,0.21585181908915343
2,0.2,50,4,tis_anchored,300,0.0004924921580622537,3.908101157169408e-05,0.00015179497165436948,0.05369251872985296
2,0.2,50,4,uniform,300,0.009172453997551596,0.000779863148951416,0.00273645356160334,1.0
2,0.2,50,5,learned_occupancy,300,8.318998756211812e-05,6.2849464244149365e-06,0.00047997505495129194,0.03425348779490245
2,0.2,50,5,oracle_tail,300,3.459849397222644e-05,2.6364210950956417e-06,0.0003763105667623146,0.014245934225134168
2,0.2,50,5,tis,300,0.00017540412675982872,6.213168036801418e-05,0.0007424708038792264,0.07222267115567217
2,0.2,50,5,tis_anchored,300,6.988385450464283e-05,5.7488562065116594e-06,0.00044513273528365465,0.028774685842428965
2,0.2,50,5,uniform,300,0.0024286574278283663,0.00021752141039759685,0.0017245235929394538,1.0
2,0.2,50,6,learned_occupancy,300,0.0,0.0,0.0,0.0
2,0.2,50,6,oracle_tail,300,0.0,0.0,0.0,0.0
2,0.2,50,6,tis,300,0.0,0.0,0.0,0.0
2,0.2,50,6,tis_anchored,300,0.0,0.0,0.0,0.0
2,0.2,50,6,uniform,300,0.0,0.0,0.0,0.0
2,0.2,50,7,learned_occupancy,300,9.559789534163383e-05,9.44044646770037e-06,-0.0007654961986278175,0.04933066406810451
2,0.2,50,7,oracle_tail,300,3.828344126484747e-05,3.91007975677663e-06,-0.0005696863164856936,0.019755116717352243
2,0.2,50,7,tis,300,0.0003865722000012376,0.00010301704241652325,-9.260108510232698e-05,0.19947994951332415
2,0.2,50,7,tis_anchored,300,8.102321258596215e-05,7.469900931310424e-06,-0.0008621988430096324,0.04180979997010472
2,0.2,50,7,uniform,300,0.0019379000292729506,0.00021007767579526304,-2.859959568843847e-05,1.0
2,0.2,50,8,learned_occupancy,300,0.0005865889917166584,5.1833142438609386e-05,-0.00013206985825419535,0.03925530162914307
2,0.2,50,8,oracle_tail,300,0.00025692469732376965,2.0298681677851063e-05,0.0016578614648391971,0.017193736384150497
2,0.2,50,8,tis,300,0.002971570736382646,0.0005362233480272454,0.00578908751093367,0.1988613956556847
2,0.2,50,8,tis_anchored,300,0.0005145740799679158,4.850236133500559e-05,0.0010478204567697588,0.03443596965664924
2,0.2,50,8,uniform,300,0.01494292407324609,0.0010723681477892493,0.0020361370053412404,1.0
2,0.2,50,9,learned_occupancy,300,7.1540553670065e-05,5.721284978982789e-06,0.00029808293129773253,0.05017625537051716
2,0.2,50,9,oracle_tail,300,4.3508355549833937e-05,3.3988719445002226e-06,0.0003253029081008455,0.030515368512351936
2,0.2,50,9,tis,300,0.0010912786011787023,0.00021391939819694186,0.0002543372482997419,0.7653878948945737
2,0.2,50,9,tis_anchored,300,8.076004943741451e-05,7.130282343500927e-06,0.0007088687919454702,0.056642514719632296
2,0.2,50,9,uniform,300,0.001425785028033423,0.0002290940456431705,0.0035185311612570586,1.0
2,0.2,50,10,learned_occupancy,300,0.0003996348737997304,3.55913011808013e-05,-0.0012075381662273424,0.0442432036176713
2,0.2,50,10,oracle_tail,300,0.00017921161140022266,1.2772766728638457e-05,-0.0008022776999853942,0.01984035011370017
2,0.2,50,10,tis,300,0.0017566708043230542,0.0003643352270343048,0.002091719835436261,0.19447938400849274
2,0.2,50,10,tis_anchored,300,0.0003428441958388024,3.091563232105113e-05,-0.0007363836127419621,0.037955960703355274
2,0.2,50,10,uniform,300,0.00903268391803597,0.0007503963116335427,0.007438958533702624,1.0
2,0.2,50,11,learned_occupancy,300,0.0,0.0,0.0,0.0
2,0.2,50,11,oracle_tail,300,0.0,0.0,0.0,0.0
2,0.2,50,11,tis,300,0.0,0.0,0.0,0.0
2,0.2,50,11,tis_anchored,300,0.0,0.0,0.0,0.0
2,0.2,50,11,uniform,300,0.0,0.0,0.0,0.0
2,0.2,50,12,learned_occupancy,300,0.0002492795739491705,1.912122655407894e-05,-0.0006542945631442062,0.04900036965220587
2,0.2,50,12,oracle_tail,300,0.0001270326581198722,1.0172721750083032e-05,1.874537429772431e-05,0.024970546552062343
2,0.2,50,12,tis,300,0.007849229097027873,0.0016442192156925506,0.0019705671389270065,1.5429067097075553
2,0.2,50,12,tis_anchored,300,0.0003104633229812169,2.3419055991048367e-05,-0.0009978714671642034,0.06102713250237578
2,0.2,50,12,uniform,300,0.005087299865664352,0.0004531624491065043,-0.003693852212498263,1.0
2,0.2,50,13,learned_occupancy,300,3.876571901904006e-05,2.9711333596632706e-06,-0.00045234934625277613,0.0350864003725681
2,0.2,50,13,oracle_tail,300,2.5914841841270392e-05,1.997362727896498e-06,-0.00016078715430452252,0.023455221248134313
2,0.2,50,13,tis,300,0.0007023939140049831,0.0001757652507330969,0.0023239521443429254,0.6357285434053137
2,0.2,50,13,tis_anchored,300,5.9915347742870094e-05,5.625962209893149e-06,-0.0003730112105319535,0.054228682778603106
2,0.2,50,13,uniform,300,0.0011048645232170523,0.0001558007783228415,0.0014258545192467264,1.0
2,0.2,50,14,learned_occupancy,300,2.2966241262874435e-05,2.2894255200015152e-06,3.477599238777736e-05,0.03702072208486648
2,0.2,50,14,oracle_tail,300,9.453970020047888e-06,7.77390784589513e-07,-0.00018452066521206827,0.015239446137693654
2,0.2,50,14,tis,300,0.0008157905340453716,0.00015503086478934984,-0.002042758066901602,1.3150238340994662
2,0.2,50,14,tis_anchored,300,3.495302677164089e-05,3.0796844295379964e-06,0.0003268603547887798,0.05634297207482444
2,0.2,50,14,uniform,300,0.0006203617857649161,9.185609677471638e-05,-0.0005770106239179285,1.0
2,0.2,50,15,learned_occupancy,300,4.936630423732746e-06,4.3375810094308937e-07,0.0002413260427566229,0.03910924557201405
2,0.2,50,15,oracle_tail,300,2.5182407833266063e-06,1.9276028988721982e-07,0.00024946361807491434,0.019950145899338443
2,0.2,50,15,tis,300,0.00010016912793282369,2.7538521642296564e-05,-1.3226957454307205e-05,0.793565385050055
2,0.2,50,15,tis_anchored,300,7.715634887142165e-06,6.145532843008971e-07,0.0002642287580933981,0.06112522786688108
2,0.2,50,15,uniform,300,0.00012622668505948682,2.3766044913822928e-05,-9.884374309927501e-05,1.0
2,0.2,50,16,learned_occupancy,300,0.00014328609253835896,1.0887236381920239e-05,0.0014930518978198547,0.03476983469247027
2,0.2,50,16,oracle_tail,300,5.5999038574209375e-05,4.939432785087898e-06,0.000379089392368183,0.013588739002295538
2,0.2,50,16,tis,300,0.004596955371057268,0.000714837201040523,-0.00290215558118641,1.1154982002006593
2,0.2,50,16,tis_anchored,300,0.00022674346191667928,1.676822739328225e-05,0.0007904792232092839,0.05502161827974194
2,0.2,50,16,uniform,300,0.004120988604222179,0.0004864738082118367,-0.001305393392594059,1.0
2,0.2,50,17,learned_occupancy,300,0.00017101077187323303,1.4437092010505022e-05,0.00030205283222371114,0.03823405271645577
2,0.2,50,17,oracle_tail,300,6.277582001774466e-05,4.851496467628118e-06,-0.0004265369310431962,0.014035221206161158
2,0.2,50,17,tis,300,0.002317003036358552,0.0003584527151577874,0.0010164612162917278,0.5180282812944077
2,0.2,50,17,tis_anchored,300,0.00021182227656418114,2.2423987745590162e-05,-5.625197627346109e-05,0.04735856110092337
2,0.2,50,17,uniform,300,0.0044727346363580955,0.000325523039365868,0.0017348244729830696,1.0
2,0.2,50,18,learned_occupancy,300,2.6118676376284334e-06,3.0980155899462544e-07,-0.00020093770939375217,0.036064385246002806
2,0.2,50,18,oracle_tail,300,9.713833669972688e-07,1.0675348852569631e-07,-0.00010011233141462794,0.013412756245472713
2,0.2,50,18,tis,300,0.0001285329388904437,7.149511194792666e-05,-0.0004925523642101933,1.7747688888074287
2,0.2,50,18,tis_anchored,300,3.921440622594814e-06,4.828191116821823e-07,-8.513985045344989e-05,0.05414682708079238
2,0.2,50,18,uniform,300,7.242235296158056e-05,4.010657649957508e-05,-0.00018174271822226048,1.0
2,0.2,50,19,learned_occupancy,300,0.00017247438415186463,1.6485044567736202e-05,-0.00024358148269602476,0.04764088479314538
2,0.2,50,19,oracle_tail,300,5.26851265931063e-05,4.463690756143148e-06,-0.00026845468405998997,0.014552688845228277
2,0.2,50,19,tis,300,0.0013183498236882993,0.0003285959578844417,-0.0016263037857074528,0.3641546678148772
2,0.2,50,19,tis_anchored,300,0.00016153358676408323,1.4187092488292573e-05,-0.00014619952985548337,0.044618817078802976
2,0.2,50,19,uniform,300,0.0036203018667839777,0.0003403199161883888,0.0010832708975485868,1.0
2,0.2,50,20,learned_occupancy,300,0.0006964517263638014,6.77924262761263e-05,0.0008122597613596427,0.1409663151204923
2,0.2,50,20,oracle_tail,300,0.00019321393136545074,1.7024578335920046e-05,0.0002809649342590877,0.03910774416015137
2,0.2,50,20,tis,300,0.0045735582732312815,0.0005194552744757539,0.0065764405591261605,0.9257176518641839
2,0.2,50,20,tis_anchored,300,0.0006801089609818859,6.215399160294326e-05,0.0006079115791729813,0.13765843414675202
2,0.2,50,20,uniform,300,0.004940554243533306,0.0005174501748505619,0.005694839263251317,1.0
2,0.2,50,21,learned_occupancy,300,0.0005362111394275193,4.233886990605125e-05,-0.002313865727212688,0.04065335785908816
2,0.2,50,21,oracle_tail,300,0.00018691950813685103,1.690113520664279e-05,-0.001416045211261328,0.014171480404612717
2,0.2,50,21,tis,300,0.0010925271537927503,0.0002483040744737159,-0.001573504709468974,0.0828309859458102
2,0.2,50,21,tis_anchored,300,0.0005070623525772931,5.2579890409573675e-05,-0.0035641755726485203,0.038443414842526294
2,0.2,50,21,uniform,300,0.01318983640382483,0.001035521037995883,0.0033544850817460014,1.0
2,0.2,50,22,learned_occupancy,300,5.5995859035683375e-05,5.380774074549129e-06,0.0007615724083831251,0.04584627343026485
2,0.2,50,22,oracle_tail,300,3.219102871921601e-05,3.181412243291956e-06,0.00061319864734059,0.02635621151418013
2,0.2,50,22,tis,300,0.0005473716652663165,0.00016744211129264325,0.0011151094854615802,0.4481572649468095
2,0.2,50,22,tis_anchored,300,5.8190252885171933e-05,5.489869901647843e-06,0.0006255119252769588,0.04764292022111475
2,0.2,50,22,uniform,300,0.0012213830011910717,0.00024998230689228225,0.0042415570917779906,1.0
2,0.2,50,23,learned_occupancy,300,4.0747717856996314e-05,4.153577350388501e-06,6.025981767122287e-06,0.040661600534122794
2,0.2,50,23,oracle_tail,300,1.673492589134083e-05,1.2832307368045017e-06,-9.637334640925606e-05,0.01669955784885789
2,0.2,50,23,tis,300,0.0005987609432097117,0.00013281515911799894,0.00031560078830582245,0.5974955057280003
2,0.2,50,23,tis_anchored,300,5.999009082974089e-05,5.953458251348434e-06,-0.000118841725114421,0.05986330615828205
2,0.2,50,23,uniform,300,0.00100211790292911,0.00016447287822842158,0.0015931373914512804,1.0
2,0.2,50,24,learned_occupancy,300,7.5029531732778e-05,5.751440736204782e-06,0.0008615633957605429,0.04342923321682102
2,0.2,50,24,oracle_tail,300,2.8360609159826845e-05,2.067335856067209e-06,0.0004383880548334496,0.016415929580367476
2,0.2,50,24,tis,300,0.00016597329595642663,4.873701866391685e-05,-0.00041755024022700776,0.09607007815973245
2,0.2,50,24,tis_anchored,300,6.183708682837615e-05,4.437518095763351e-06,0.000641466825298634,0.035793069785948484
2,0.2,50,24,uniform,300,0.0017276273646875614,0.0001894363204084465,-0.0016995109625939197,1.0
2,0.2,50,25,learned_occupancy,300,2.436105810796952e-07,3.089832531784841e-08,3.337408095159885e-05,0.05490688283775316
2,0.2,50,25,oracle_tail,300,1.4738405770998681e-07,1.5322820498410826e-08,4.4764038839978e-05,0.03321858661872956
2,0.2,50,25,tis,300,4.833465604135628e-06,8.809164508980856e-07,8.128203503688702e-05,1.0894047723639904
2,0.2,50,25,tis_anchored,300,3.5300451509789633e-07,5.416434232681831e-08,2.3949884259989823e-05,0.07956295439128432
2,0.2,50,25,uniform,300,4.4367949606527684e-06,7.741545241206659e-07,5.766044967367175e-05,1.0
2,0.2,50,26,learned_occupancy,300,6.486135891699317e-07,1.561860213814539e-07,6.153750973710699e-05,0.012969453743925816
2,0.2,50,26,oracle_tail,300,2.9840422779981764e-07,4.801412754759035e-08,2.335764042980785e-05,0.005966788075461814
2,0.2,50,26,tis,300,9.364083417811862e-05,6.596594716903244e-05,-0.0005012223662942206,1.8724098410734271
2,0.2,50,26,tis_anchored,300,1.3555487953983607e-06,3.5989184025296086e-07,3.7235914695072186e-05,0.027105086438371527
2,0.2,50,26,uniform,300,5.001086414095944e-05,3.5238290739914e-05,-0.0002909830737170423,1.0
2,0.2,50,27,learned_occupancy,300,0.0005044258800678235,3.808219905160007e-05,0.0006675603082551637,0.03721741599296989
2,0.2,50,27,oracle_tail,300,0.00016995088557744296,1.454934717513772e-05,-0.0005476733106764801,0.012539270994697704
2,0.2,50,27,tis,300,0.005036121484481734,0.0010413899500745143,0.0030701155397633902,0.3715737746324363
2,0.2,50,27,tis_anchored,300,0.0005153588498273384,4.3878931144865134e-05,0.0004375588321322399,0.03802406945714924
2,0.2,50,27,uniform,300,0.013553490123094682,0.0014302269855995951,-0.0008635757330225561,1.0
2,0.2,50,28,learned_occupancy,300,0.00024563570351511066,2.051935522065416e-05,-0.00014081938637139468,0.04082889129350082
2,0.2,50,28,oracle_tail,300,7.527084435419895e-05,6.185093156195781e-06,0.00035794387966164187,0.012511312800740934
2,0.2,50,28,tis,300,0.00202399376735243,0.0006278022415472127,0.003700899942215115,0.33642267929048014
2,0.2,50,28,tis_anchored,300,0.0002239180446439755,2.440825128329739e-05,-0.00035245292279153444,0.03721904174593957
2,0.2,50,28,uniform,300,0.006016222722026527,0.0006529221644231815,0.0036136626073027746,1.0
2,0.2,50,29,learned_occupancy,300,0.0,0.0,0.0,0.0
2,0.2,50,29,oracle_tail,300,0.0,0.0,0.0,0.0
2,0.2,50,29,tis,300,0.0,0.0,0.0,0.0
2,0.2,50,29,tis_anchored,300,0.0,0.0,0.0,0.0
2,0.2,50,29,uniform,300,0.0,0.0,0.0,0.0
2,0.2,50,30,learned_occupancy,300,2.4532811531100995e-06,2.860742120717321e-07,-1.9247213093887734e-05,0.08169201212087229
2,0.2,50,30,oracle_tail,300,0.0008765624677880755,0.0003950978846976846,0.005806870025242133,29.18872614843405
2,0.2,50,30,tis,300,0.0017881577415997751,0.0006362929386918212,0.011943512638969788,59.54401260353411
2,0.2,50,30,tis_anchored,300,1.8930935779610123e-06,2.234977550787275e-07,-9.869633543793407e-05,0.06303827970172973
2,0.2,50,30,uniform,300,3.0030857233387775e-05,7.863105272279845e-06,5.41342149027139e-05,1.0
2,0.2,50,31,learned_occupancy,300,4.7245493854428556e-05,3.4562375020902072e-06,-0.00018746337382521036,0.041073269646829155
2,0.2,50,31,oracle_tail,300,1.960603402112277e-05,1.5889516371862744e-06,-0.0003031501792100714,0.017044671488368798
2,0.2,50,31,tis,300,0.0002756637230936273,7.442069161038127e-05,0.0018588040098555636,0.23965058901404823
2,0.2,50,31,tis_anchored,300,4.9214005370195506e-05,5.565398119379246e-06,-0.00029402532132748237,0.042784611781152206
2,0.2,50,31,uniform,300,0.0011502735053885804,0.0001307826449890378,0.0008656764280132427,1.0
2,0.2,50,32,learned_occupancy,300,1.2496122153489724e-07,2.319432320742314e-08,8.50338814161929e-06,0.1749899852405434
2,0.2,50,32,oracle_tail,300,7.795114164228805e-08,1.0500264336639626e-08,3.3451230165611653e-06,0.1091592172189045
2,0.2,50,32,tis,300,9.492089729340094e-07,4.111648717776612e-07,0.00018804324979155776,1.3292288769562584
2,0.2,50,32,tis_anchored,300,2.1056083739208395e-07,6.125931371559901e-08,2.7250627294139e-05,0.2948597762961803
2,0.2,50,32,uniform,300,7.14104989283381e-07,2.3460892313451203e-07,0.00017003647308079387,1.0
2,0.2,50,33,learned_occupancy,300,0.00016771940282206757,1.4654619645787422e-05,6.99058812935142e-05,0.04790541247085352
2,0.2,50,33,oracle_tail,300,5.310285266950041e-05,4.192844104724273e-06,0.000751554145108675,0.015167678978741677
2,0.2,50,33,tis,300,0.0032303668371899837,0.0003658981953716915,0.002067421140988298,0.9226842760221853
2,0.2,50,33,tis_anchored,300,0.0002100368590176927,1.7714555199575902e-05,0.00011821210757555267,0.05999247669632884
2,0.2,50,33,uniform,300,0.003501053308415014,0.0003119190316334704,0.0002023386435404473,1.0
2,0.2,50,34,learned_occupancy,300,2.5899917852622235e-06,2.6760150373948103e-07,-1.0487234606858149e-05,0.05081398580898457
2,0.2,50,34,oracle_tail,300,1.035498365071091e-06,1.2890681515074012e-07,-6.797787488293701e-06,0.02031581703361343
2,0.2,50,34,tis,300,3.7345448209715466e-05,2.646086222055401e-05,0.0004493035493615305,0.7326938587824595
2,0.2,50,34,tis_anchored,300,4.1251094381086526e-06,5.693680724536417e-07,5.7074161007746316e-05,0.080932014395304
2,0.2,50,34,uniform,300,5.0970057633311645e-05,2.3880895491408424e-05,0.00033283558656999355,1.0
2,0.2,50,35,learned_occupancy,300,0.0007886770917373066,6.039015331978372e-05,-0.002731940452334698,0.04685702501679967
2,0.2,50,35,oracle_tail,300,0.00028025405825034337,2.157752461340821e-05,-0.0015432953486774045,0.01665050444101139
2,0.2,50,35,tis,300,0.001779051080512752,0.0004243620869605495,-0.005569892960399112,0.10569730230419384
2,0.2,50,35,tis_anchored,300,0.0006298200944096431,5.2629828183771095e-05,-0.0020565467716322644,0.03741898456163793
2,0.2,50,35,uniform,300,0.016831565628729988,0.0014067900824430632,-0.0024617824205406154,1.0
2,0.2,50,36,learned_occupancy,300,6.743420427365245e-08,2.138448950349894e-08,1.089459768160624e-05,0.4535212879630443
2,0.2,50,36,oracle_tail,300,2.7453984058502455e-08,4.815585235727062e-09,1.412663439451863e-05,0.18463873555031626
2,0.2,50,36,tis,300,1.2126298219029964e-07,6.291206508929213e-08,5.284907520521539e-05,0.8155407846440905
2,0.2,50,36,tis_anchored,300,1.643979860886011e-07,6.812107487041314e-08,-2.637161253749021e-07,1.105640486048768
2,0.2,50,36,uniform,300,1.4869027334202534e-07,5.8309733895113444e-08,3.5777361134320764e-05,1.0
2,0.2,50,37,learned_occupancy,300,0.0,0.0,0.0,0.0
2,0.2,50,37,oracle_tail,300,0.0,0.0,0.0,0.0
2,0.2,50,37,tis,300,1.4473785178383132e-07,1.0602998630999593e-07,3.4480426372318076e-05,144737851.7838313
2,0.2,50,37,tis_anchored,300,0.0,0.0,0.0,0.0
2,0.2,50,37,uniform,300,0.0,0.0,0.0,0.0
2,0.2,50,38,learned_occupancy,300,4.346810485565739e-06,3.8786569498349974e-07,0.00017456516134310615,0.03906290306738248
2,0.2,50,38,oracle_tail,300,2.7104178073205527e-06,2.458083508318235e-07,3.747677516085254e-05,0.024357350850940124
2,0.2,50,38,tis,300,6.857672071334609e-05,2.2044395777763065e-05,0.00043944526567265256,0.6162692859050999
2,0.2,50,38,tis_anchored,300,5.943713114864727e-06,6.472391838653074e-07,0.0001979451860303557,0.05341357531856434
2,0.2,50,38,uniform,300,0.00011127720021391153,2.4213562964308732e-05,-0.0003767187351415561,1.0
2,0.2,50,39,learned_occupancy,300,0.0,0.0,0.0,0.0
2,0.2,50,39,oracle_tail,300,0.0,0.0,0.0,0.0
2,0.2,50,39,tis,300,1.034442631682681e-06,1.0327171215044556e-06,5.8720883045207486e-05,1034442631.6826808
2,0.2,50,39,tis_anchored,300,0.0,0.0,0.0,0.0
2,0.2,50,39,uniform,300,0.0,0.0,0.0,0.0
2,0.2,50,40,learned_occupancy,300,1.0100355081010324e-05,1.4136561114251335e-06,1.211117655786076e-07,0.02981445254272456
2,0.2,50,40,oracle_tail,300,3.950338571408619e-06,4.922299577458562e-07,7.030635833189524e-06,0.011660697165626333
2,0.2,50,40,tis,300,0.0012444347783714992,0.0007506906218629084,-0.0035111509748449077,3.673350228253733
2,0.2,50,40,tis_anchored,300,1.8390340966684484e-05,2.1017619368721444e-06,-0.000248081068229428,0.05428501707099316
2,0.2,50,40,uniform,300,0.00033877378987711955,6.91519246153179e-05,-0.00149954310802105,1.0
2,0.2,50,41,learned_occupancy,300,1.6065781623992028e-05,1.4025247720611412e-06,-0.00017860518851458673,0.03198113778892585
2,0.2,50,41,oracle_tail,300,6.418231597392837e-06,5.375602377853322e-07,-0.00020447979439922086,0.012776368674831666
2,0.2,50,41,tis,300,0.000268621045961474,0.0001233535754937285,-0.0006556943621051236,0.53472696722518
2,0.2,50,41,tis_anchored,300,1.6020144195300586e-05,1.5540896079714938e-06,-4.412468737194179e-05,0.03189029023917865
2,0.2,50,41,uniform,300,0.0005023517840430039,8.359260339085541e-05,-0.002005938080667096,1.0
2,0.2,50,42,learned_occupancy,300,0.0,0.0,0.0,0.0
2,0.2,50,42,oracle_tail,300,0.0,0.0,0.0,0.0
2,0.2,50,42,tis,300,0.0,0.0,0.0,0.0
2,0.2,50,42,tis_anchored,300,0.0,0.0,0.0,0.0
2,0.2,50,42,uniform,300,0.0,0.0,0.0,0.0
2,0.2,50,43,learned_occupancy,300,0.0,0.0,0.0,0.0
2,0.2,50,43,oracle_tail,300,0.0,0.0,0.0,0.0
2,0.2,50,43,tis,300,2.599229460861046e-07,2.594893795689394e-07,2.9434840245651333e-05,259922946.0861046
2,0.2,50,43,tis_anchored,300,0.0,0.0,0.0,0.0
2,0.2,50,43,uniform,300,0.0,0.0,0.0,0.0
2,0.2,50,44,learned_occupancy,300,0.00030245797520140466,2.6392521032097615e-05,0.0004054780312392918,0.03885284306842085
2,0.2,50,44,oracle_tail,300,0.00013340790940313756,1.1468690061756881e-05,-4.084898583169627e-05,0.0171371793541721
2,0.2,50,44,tis,300,0.005513130784635575,0.0010451979342338937,0.0051327601855989426,0.7082002220258569
2,0.2,50,44,tis_anchored,300,0.000328358360357761,3.626117688747001e-05,0.0011645563115257732,0.042179928754362765
2,0.2,50,44,uniform,300,0.007784706377053758,0.0006520146999353053,-0.0019360792126538562,1.0
2,0.2,50,45,learned_occupancy,300,0.001625447592294397,0.00017207277998896418,0.0009377581625967853,0.0790392698745191
2,0.2,50,45,oracle_tail,300,0.0003830243036367676,2.8399080179390905e-05,-0.0010762329425712254,0.01862499993673317
2,0.2,50,45,tis,300,0.0019723492792217555,0.0005129807258205957,-0.00039163036810870835,0.09590776577863767
2,0.2,50,45,tis_anchored,300,0.0013823399779456147,0.0001564138909143375,0.0006904568513549299,0.06721788084287339
2,0.2,50,45,uniform,300,0.020565063352368,0.0014263734624518224,0.002927178875019932,1.0
2,0.2,50,46,learned_occupancy,300,0.001083614522022524,9.000004628061101e-05,-0.002402086040223442,0.04465689429227499
2,0.2,50,46,oracle_tail,300,0.00042938912514713654,3.245276513958705e-05,-0.0015181059062689631,0.01769557751603253
2,0.2,50,46,tis,300,0.005490108459960192,0.0011297134628459398,0.00250423691760974,0.2262531446071473
2,0.2,50,46,tis_anchored,300,0.0011010659953228847,0.00011367720236928047,-0.001395670874098914,0.04537608786395588
2,0.2,50,46,uniform,300,0.024265335491769163,0.0017339449196341152,0.003711521046279113,1.0
2,0.2,50,47,learned_occupancy,300,1.8199749567814566e-09,3.7602558273933304e-10,1.2587140162767519e-06,0.1687143504243737
2,0.2,50,47,oracle_tail,300,1.8908642858509615e-10,2.3380567393951748e-11,-5.331326159400499e-07,0.0175285895302734
2,0.2,50,47,tis,300,2.6509924669732457e-08,1.2380510857838822e-08,-6.852380770339117e-06,2.4575089364760214
2,0.2,50,47,tis_anchored,300,1.693563085199584e-09,3.9818054537274093e-10,-3.5964839057693136e-06,0.15699578434169434
2,0.2,50,47,uniform,300,1.0787315674117844e-08,4.991498391785959e-09,5.200063730459448e-07,1.0
2,0.2,50,48,learned_occupancy,300,0.0004652717907924787,3.764046723003905e-05,-0.00020824702056439714,0.04852029143167303
2,0.2,50,48,oracle_tail,300,0.00015208892157784703,1.275743015741131e-05,-0.00026905176978796907,0.015860404487271773
2,0.2,50,48,tis,300,0.0017283171382476,0.0003430236195000919,0.001828558975222017,0.18023540840783825
2,0.2,50,48,tis_anchored,300,0.00037353422335062713,3.335695740661018e-05,-0.000614949748742379,0.038953553031457616
2,0.2,50,48,uniform,300,0.009589220861290191,0.0007839185029229941,0.008380380410855814,1.0
2,0.2,50,49,learned_occupancy,300,0.00017212180679334577,1.4016468544667345e-05,-3.538902637394241e-05,0.04055669107625408
2,0.2,50,49,oracle_tail,300,7.609266291705762e-05,6.360480219868904e-06,-5.533471512110847e-05,0.017929550477016883
2,0.2,50,49,tis,300,0.0038417434255998764,0.00043248789121576775,0.00867315742211086,0.9052217392381442
2,0.2,50,49,tis_anchored,300,0.0003094822423488427,2.7421665381726954e-05,-0.000183913217002268,0.07292263502438236
2,0.2,50,49,uniform,300,0.004243980517782502,0.00037314977776111774,0.005938161065870504,1.0
2,0.2,100,0,learned_occupancy,300,0.00046215917542850567,3.723405115820748e-05,-0.0025953975146418774,0.04384283311398585
2,0.2,100,0,oracle_tail,300,0.00016628279137171313,1.1997281475782205e-05,-0.0017684592171602412,0.015774454039732745
2,0.2,100,0,tis,300,0.0006141646768692576,0.0001487483022082842,-0.0017858030953430723,0.05826286886442954
2,0.2,100,0,tis_anchored,300,0.00037474532062938015,3.947814019745192e-05,-0.0016713061344536455,0.03555029830873212
2,0.2,100,0,uniform,300,0.01054127077570352,0.0008052680017457804,-0.006482152611621648,1.0
2,0.2,100,1,learned_occupancy,300,4.7519229693219845e-05,3.876263797333925e-06,0.000472938884863933,0.03967852904951468
2,0.2,100,1,oracle_tail,300,1.6966881898715787e-05,1.3468036203008102e-06,0.00035066274024804446,0.01416733647923455
2,0.2,100,1,tis,300,0.0005573448133134697,7.142974221040193e-05,0.001726068354820457,0.4653825937083785
2,0.2,100,1,tis_anchored,300,5.649106946695581e-05,4.958566566248889e-06,0.00026513250799248413,0.04717001002233371
2,0.2,100,1,uniform,300,0.0011976056278175228,0.00010634620657426964,0.0017537738743730906,1.0
2,0.2,100,2,learned_occupancy,300,3.0752409760254923e-09,1.8478964199347853e-09,1.6183349526333047e-06,1.2676461768653546
2,0.2,100,2,oracle_tail,300,1.6518949927500758e-09,8.699167441022799e-10,1.3122703577465404e-06,0.6809282226880999
2,0.2,100,2,tis,300,3.767410274471062e-09,3.504314315998419e-09,1.1461245494356713e-05,1.552965529644045
2,0.2,100,2,tis_anchored,300,3.1177943967234764e-09,2.122047966347225e-09,3.0446561959940333e-06,1.2851871375513233
2,0.2,100,2,uniform,300,2.4259458452594178e-09,2.1805756468177078e-09,1.233971771657849e-05,1.0
2,0.2,100,3,learned_occupancy,300,2.9311261253221287e-06,2.4766278445822145e-07,-1.3904572774313303e-05,0.030024488920468922
2,0.2,100,3,oracle_tail,300,1.3592964733389604e-06,1.1622549906568143e-07,-1.0773934607741786e-05,0.013923720835763377
2,0.2,100,3,tis,300,0.00011030400540688256,2.3128239853361466e-05,-0.00035559385564864376,1.1298802052942443
2,0.2,100,3,tis_anchored,300,6.075928371209732e-06,5.926162630270639e-07,3.261948248073428e-05,0.062237732619882004
2,0.2,100,3,uniform,300,9.762451354580294e-05,1.7737179743393065e-05,-0.0003017249566040962,1.0
2,0.2,100,4,learned_occupancy,300,0.00020536817130804665,1.741851126492561e-05,-0.0020758709578378794,0.04147428295508958
2,0.2,100,4,oracle_tail,300,9.860315350122675e-05,8.105691612798794e-06,-0.0006286984769301152,0.01991299363736301
2,0.2,100,4,tis,300,0.0006566684692282812,0.00011260230457027969,0.0013194340765092468,0.13261477534222055
2,0.2,100,4,tis_anchored,300,0.00019502888196587908,1.6269395571216035e-05,-0.0011160596933136365,0.03938625437208004
2,0.2,100,4,uniform,300,0.004951699141620593,0.00034001196385904025,0.0007705646727144444,1.0
2,0.2,100,5,learned_occupancy,300,4.375623300607489e-05,3.6039874308331806e-06,0.00028712582564657845,0.038742492140462506
2,0.2,100,5,oracle_tail,300,1.892990919769094e-05,1.5477382585360976e-06,5.495233432478264e-05,0.01676085457834978
2,0.2,100,5,tis,300,2.9918020464471233e-05,3.203898575591278e-06,0.0005972923992528053,0.026489909964188412
2,0.2,100,5,tis_anchored,300,3.1397869177036074e-05,2.664859996382466e-06,0.00014905738992241791,0.027800192481142214
2,0.2,100,5,uniform,300,0.0011294119347675122,0.00010178832090630752,0.0009489124818283464,1.0
2,0.2,100,6,learned_occupancy,300,0.0,0.0,0.0,0.0
2,0.2,100,6,oracle_tail,300,0.0,0.0,0.0,0.0
2,0.2,100,6,tis,300,0.0,0.0,0.0,0.0
2,0.2,100,6,tis_anchored,300,0.0,0.0,0.0,0.0
2,0.2,100,6,uniform,300,0.0,0.0,0.0,0.0
2,0.2,100,7,learned_occupancy,300,3.775725905315229e-05,3.1683777393822345e-06,-0.0003378429066443152,0.030588927904253497
2,0.2,100,7,oracle_tail,300,1.6519816185883387e-05,1.3905978982003323e-06,-0.00010135231872534363,0.013383478540911677
2,0.2,100,7,tis,300,7.25902943589272e-05,1.058233936215326e-05,0.0006353900406511015,0.058808804886179386
2,0.2,100,7,tis_anchored,300,3.341872990487758e-05,2.998940310485791e-06,-0.00015461191187609913,0.02707408178843096
2,0.2,100,7,uniform,300,0.001234343981303837,0.00013748835176904806,0.000521567070978232,1.0
2,0.2,100,8,learned_occupancy,300,0.0003097461753623315,2.495541774823251e-05,0.0009707398051790639,0.03382837745696937
2,0.2,100,8,oracle_tail,300,0.00013185675494001872,1.0884515346650192e-05,0.0006538190307373574,0.01440050089769247
2,0.2,100,8,tis,300,0.0005820560525629607,0.00013159514676659408,0.0024505548726603335,0.06356821621503694
2,0.2,100,8,tis_anchored,300,0.0002464352009514968,1.986173308849505e-05,0.001002216998556541,0.026913982026475543
2,0.2,100,8,uniform,300,0.009156400591672987,0.000811026489527726,-0.006269335216880975,1.0
2,0.2,100,9,learned_occupancy,300,2.9954204567729735e-05,2.228105148739308e-06,0.0001932252525244027,0.03353539630600263
2,0.2,100,9,oracle_tail,300,1.885193308283253e-05,1.5478590723276186e-06,7.135126719219009e-05,0.021105786522808225
2,0.2,100,9,tis,300,0.0004488277593685878,0.00010044747070908279,0.0012955395398238589,0.5024876140351991
2,0.2,100,9,tis_anchored,300,3.350085189733299e-05,2.4732059631325484e-06,0.0003993205978528014,0.037506065047579085
2,0.2,100,9,uniform,300,0.0008932115873748632,9.999526699690787e-05,0.0016235126427385483,1.0
2,0.2,100,10,learned_occupancy,300,0.00015222575815050513,1.3136481543952202e-05,-0.000701216413056361,0.03110052475523373
2,0.2,100,10,oracle_tail,300,8.334153997882869e-05,6.785311272917436e-06,-5.191609981824774e-05,0.017027115901687248
2,0.2,100,10,tis,300,0.00038162248343627715,9.14066719914485e-05,0.0013190274937977724,0.07796748485581005
2,0.2,100,10,tis_anchored,300,0.0001296273576221456,1.0912872199615569e-05,-0.0002417221310737368,0.026483552413627424
2,0.2,100,10,uniform,300,0.004894636323616627,0.00040768010476351194,0.00426661594111003,1.0
2,0.2,100,11,learned_occupancy,300,0.0,0.0,0.0,0.0
2,0.2,100,11,oracle_tail,300,0.0,0.0,0.0,0.0
2,0.2,100,11,tis,300,0.0,0.0,0.0,0.0
2,0.2,100,11,tis_anchored,300,0.0,0.0,0.0,0.0
2,0.2,100,11,uniform,300,0.0,0.0,0.0,0.0
2,0.2,100,12,learned_occupancy,300,0.0001257699081976848,9.980406019253799e-06,-0.0003844189654040764,0.043612432968218394
2,0.2,100,12,oracle_tail,300,6.0532267853914785e-05,4.48922307834039e-06,-4.775083432925246e-05,0.02099039040438527
2,0.2,100,12,tis,300,0.006673437392873181,0.0013440904786377337,-0.0028950053254086974,2.3141055371275314
2,0.2,100,12,tis_anchored,300,0.00014034339449413725,1.2496545272047245e-05,-0.00018322748541467907,0.048665988332338324
2,0.2,100,12,uniform,300,0.0028838085756265164,0.0002538375632019554,-0.006023861471757524,1.0
2,0.2,100,13,learned_occupancy,300,2.086202410651666e-05,1.628859875616322e-06,0.00017695598601125424,0.03841408780681126
2,0.2,100,13,oracle_tail,300,1.3478569196294909e-05,1.1672736372528129e-06,4.436874095617031e-05,0.024818633991268352
2,0.2,100,13,tis,300,0.0002711951946452132,5.6365445188927565e-05,0.001637087098626402,0.4993626681043052
2,0.2,100,13,tis_anchored,300,2.533588310433362e-05,2.0577017668802282e-06,0.0003967610494411855,0.04665198512204588
2,0.2,100,13,uniform,300,0.0005430826370636238,6.606338187288003e-05,0.0007368452599874534,1.0
2,0.2,100,14,learned_occupancy,300,1.1047499333762526e-05,9.504974087829415e-07,-0.00010180409775077356,0.02881862222341661
2,0.2,100,14,oracle_tail,300,5.0618827621848045e-06,4.2403746604831973e-07,-0.00016612473656734276,0.013204480276981042
2,0.2,100,14,tis,300,0.0002582275193786103,3.928890968847919e-05,-0.00045936761657800585,0.673615005879133
2,0.2,100,14,tis_anchored,300,1.6487008941846612e-05,1.5698846778321057e-06,-0.00017856655811501716,0.04300818383732364
2,0.2,100,14,uniform,300,0.0003833458535288986,5.951791554187611e-05,-0.0016381495128068154,1.0
2,0.2,100,15,learned_occupancy,300,2.1351088876022077e-06,1.7810285590618964e-07,-5.530302625422164e-05,0.044834272911856286
2,0.2,100,15,oracle_tail,300,1.3522500610222248e-06,1.2495803661875942e-07,1.0277072927215395e-05,0.028395342566828467
2,0.2,100,15,tis,300,2.5252102587311572e-05,5.549633434115377e-06,0.000800513036024361,0.5302585107353326
2,0.2,100,15,tis_anchored,300,2.7528453944017073e-06,2.9067242778668557e-07,-5.0859131037432894e-05,0.057805867613318435
2,0.2,100,15,uniform,300,4.762224853740373e-05,7.392354657676865e-06,0.0008806099606044489,1.0
2,0.2,100,16,learned_occupancy,300,5.59543449454864e-05,4.704326995523748e-06,0.00010624913090256631,0.03097523855585648
2,0.2,100,16,oracle_tail,300,2.5681601262481125e-05,1.9766790450389544e-06,0.00016562133970384973,0.014216835643000535
2,0.2,100,16,tis,300,0.001546030258963536,0.00017429483463823317,-0.0015674644007847923,0.8558523226859986
2,0.2,100,16,tis_anchored,300,8.845782970964158e-05,7.874363693506095e-06,0.00010849448446701659,0.04896853640336471
2,0.2,100,16,uniform,300,0.0018064217599030282,0.00014122060776352175,0.00107424549629484,1.0
2,0.2,100,17,learned_occupancy,300,9.414230756214919e-05,7.205406134893154e-06,-0.0004649381495909973,0.03575291599155769
2,0.2,100,17,oracle_tail,300,3.571109502337222e-05,2.8645437470303533e-06,-0.000202768085017907,0.013562189130474436
2,0.2,100,17,tis,300,0.0010698600789687351,0.00017730674530197477,-0.00478231598351332,0.40630635169887735
2,0.2,100,17,tis_anchored,300,9.862673557827251e-05,1.0049945290787563e-05,-0.0010912722096940574,0.037455990648239554
2,0.2,100,17,uniform,300,0.0026331364855492886,0.00021328940562472754,-0.0007348236751650716,1.0
2,0.2,100,18,learned_occupancy,300,1.0203692155265617e-06,1.0871876920930427e-07,-2.466329341242209e-05,0.029554381257239963
2,0.2,100,18,oracle_tail,300,3.9610503910636264e-07,4.083551037741683e-08,-3.867255203250671e-05,0.011472944465128903
2,0.2,100,18,tis,300,2.115123220376429e-05,1.2458124530846938e-05,0.0003010542449791028,0.6126327324446699
2,0.2,100,18,tis_anchored,300,2.0118455065780653e-06,2.7362833044767446e-07,-4.157628179824421e-05,0.05827189631685376
2,0.2,100,18,uniform,300,3.452514219957154e-05,2.217271050463559e-05,0.00013110913362959146,1.0
2,0.2,100,19,learned_occupancy,300,7.907773328288598e-05,6.612820253099721e-06,-0.0007173755019792424,0.046271081073960836
2,0.2,100,19,oracle_tail,300,2.7593185682590233e-05,1.995328367806727e-06,-0.000324318234346687,0.016145714840365893
2,0.2,100,19,tis,300,0.0001662906146039673,4.441132655431789e-05,-0.0002621045152149415,0.09730231495955362
2,0.2,100,19,tis_anchored,300,6.846391782451322e-05,6.325899967591596e-06,-0.0008296779436287512,0.040060575345103384
2,0.2,100,19,uniform,300,0.0017090098490780059,0.0001535363229867358,0.0006891227494004375,1.0
2,0.2,100,20,learned_occupancy,300,0.0002889281416545943,2.9074834231927167e-05,0.0015986249232281698,0.1127191594480099
2,0.2,100,20,oracle_tail,300,9.51925925770596e-05,7.340445201924939e-06,-0.0005243262405938827,0.03713736211196236
2,0.2,100,20,tis,300,0.0016020230326852665,0.00028413130913507395,0.0014800131404355576,0.6249951584034754
2,0.2,100,20,tis_anchored,300,0.00028905311167907994,3.244342547672039e-05,0.0011461444976572977,0.11276791384083419
2,0.2,100,20,uniform,300,0.0025632567087040623,0.00022856460812507292,0.0039697837076957555,1.0
2,0.2,100,21,learned_occupancy,300,0.000251040280266489,1.976828059373817e-05,0.0009824707738971972,0.03695968428719634
2,0.2,100,21,oracle_tail,300,8.926801063043983e-05,7.0728939054134375e-06,0.0007170042389558832,0.013142582084216882
2,0.2,100,21,tis,300,0.0002691810315869778,4.107191967967222e-05,0.0012122121863449072,0.039630476563344494
2,0.2,100,21,tis_anchored,300,0.00019778599953749944,1.681439917917989e-05,0.000919356216669381,0.029119263616076183
2,0.2,100,21,uniform,300,0.006792273394863791,0.0006580245766897944,-0.0004959408441799311,1.0
2,0.2,100,22,learned_occupancy,300,2.454742467537022e-05,2.1530331322628545e-06,0.0001379009699377128,0.0385629105393387
2,0.2,100,22,oracle_tail,300,1.4589714733410664e-05,1.1689283788127857e-06,6.607970001820748e-05,0.022919791851871797
2,0.2,100,22,tis,300,0.0002884547162189885,9.318217832277449e-05,0.0009818887031590325,0.45314950807707977
2,0.2,100,22,tis_anchored,300,2.619464890523725e-05,2.7738005442889635e-06,0.00021517317798623427,0.041150626418077214
2,0.2,100,22,uniform,300,0.0006365552893194866,7.805991226217209e-05,0.00048180709177799374,1.0
2,0.2,100,23,learned_occupancy,300,1.794676021711116e-05,1.5225447605152023e-06,-0.00019785195153215233,0.04179232779898682
2,0.2,100,23,oracle_tail,300,9.01791265874555e-06,7.238255974665231e-07,6.856951393547917e-06,0.020999866122777676
2,0.2,100,23,tis,300,0.00022754659475936398,4.0604100931598785e-05,-0.00039242521348802534,0.5298840438431682
2,0.2,100,23,tis_anchored,300,2.0304048160010997e-05,1.965253732342937e-06,-4.86098082863573e-05,0.04728170578333966
2,0.2,100,23,uniform,300,0.00042942714996474176,3.926484576727446e-05,0.001979554058117953,1.0
2,0.2,100,24,learned_occupancy,300,3.1648980232528494e-05,2.882434930634224e-06,-0.00021543112079317028,0.0389453137496215
2,0.2,100,24,oracle_tail,300,1.3009497194892283e-05,1.0571385034614835e-06,3.613732795966958e-07,0.01600869747642491
2,0.2,100,24,tis,300,3.77285598978044e-05,7.892650673696365e-06,9.285270917969897e-06,0.046426475410768414
2,0.2,100,24,tis_anchored,300,2.5146245492537648e-05,2.170172833831397e-06,9.91342680830846e-05,0.030943443142137657
2,0.2,100,24,uniform,300,0.0008126518234260235,6.910139129627434e-05,0.0025144797781468165,1.0
2,0.2,100,25,learned_occupancy,300,1.0460247619335439e-07,8.643071439402639e-09,-3.757894679801884e-06,0.022328019007639314
2,0.2,100,25,oracle_tail,300,7.654033414239282e-08,6.271578104248671e-09,1.1152296061642808e-05,0.01633798833235448
2,0.2,100,25,tis,300,4.626272437446115e-06,1.5867817141066899e-06,-0.00019866489098939731,0.9875052931526805
2,0.2,100,25,tis_anchored,300,1.6373682343434957e-07,1.5292366623938895e-08,-1.612726658697827e-05,0.03495059618985298
2,0.2,100,25,uniform,300,4.684807736752897e-06,1.7117166883519132e-06,-0.00014340436514112136,1.0
2,0.2,100,26,learned_occupancy,300,4.0871045972797054e-07,6.876161640704453e-08,-2.104485261252916e-05,0.035333023827008044
2,0.2,100,26,oracle_tail,300,1.8165686062733094e-07,2.3536058432376245e-08,-3.499014636181075e-05,0.015704237638442087
2,0.2,100,26,tis,300,1.8154315224656754e-05,1.2451600599327753e-05,-9.34452275654296e-05,1.5694407547649896
2,0.2,100,26,tis_anchored,300,6.750526276531088e-07,1.2430486431238123e-07,5.466115098655689e-06,0.05835830723105755
2,0.2,100,26,uniform,300,1.156737848787112e-05,7.919839268303583e-06,-2.1714555198522795e-05,1.0
2,0.2,100,27,learned_occupancy,300,0.0002364745123380112,1.7280537230936726e-05,0.001360786627661978,0.035862366336680454
2,0.2,100,27,oracle_tail,300,8.865054842680442e-05,6.937138807907493e-06,0.0006046299409550389,0.013444233005058025
2,0.2,100,27,tis,300,0.0013611338434247756,0.00024910081863298837,0.002568018433714036,0.20642174094593457
2,0.2,100,27,tis_anchored,300,0.00019354756927717314,1.5726251988375548e-05,0.0005047409699107397,0.029352312705356643
2,0.2,100,27,uniform,300,0.006593946147277578,0.0005989276704068993,-0.005216381288578121,1.0
2,0.2,100,28,learned_occupancy,300,0.00010967636509583561,8.434188938008953e-06,-0.0003133501061716929,0.031032776858917078
2,0.2,100,28,oracle_tail,300,3.680882324716647e-05,2.9655622808788306e-06,-7.71089636623264e-05,0.010415005979369467
2,0.2,100,28,tis,300,0.00041586296650708457,9.123651895373379e-05,0.0002628208073304102,0.11766785516847583
2,0.2,100,28,tis_anchored,300,8.70550733312097e-05,6.779842326787386e-06,-0.0001014679050533962,0.024632113425380756
2,0.2,100,28,uniform,300,0.0035342104766986323,0.000278264513010663,-0.0018244855408453783,1.0
2,0.2,100,29,learned_occupancy,300,0.0,0.0,0.0,0.0
2,0.2,100,29,oracle_tail,300,0.0,0.0,0.0,0.0
2,0.2,100,29,tis,300,0.0,0.0,0.0,0.0
2,0.2,100,29,tis_anchored,300,0.0,0.0,0.0,0.0
2,0.2,100,29,uniform,300,0.0,0.0,0.0,0.0
2,0.2,100,30,learned_occupancy,300,8.939728056461288e-07,9.364359084597177e-08,4.228955064263647e-05,0.060100153262049504
2,0.2,100,30,oracle_tail,300,0.0004997655576983264,0.00032901450243626434,0.0035045855208244363,33.598322480351314
2,0.2,100,30,tis,300,0.000552567159806659,0.0003442178024904122,0.004530176498336937,37.148077416016214
2,0.2,100,30,tis_anchored,300,6.72934652915038e-07,6.255528694910652e-08,9.849774783156074e-06,0.04524016336974244
2,0.2,100,30,uniform,300,1.487471756932493e-05,3.3496137333219833e-06,-0.00018782874806025363,1.0
2,0.2,100,31,learned_occupancy,300,2.3973230358464616e-05,2.603159648931128e-06,0.0002560840766273061,0.03287610661084762
2,0.2,100,31,oracle_tail,300,1.0991306887528929e-05,9.994892694763326e-07,0.00016305049088188048,0.01507311996021248
2,0.2,100,31,tis,300,0.00019226107289394746,8.879168495590017e-05,-0.00037239072972395444,0.2636605678527415
2,0.2,100,31,tis_anchored,300,2.2007054172070917e-05,2.5424642533531522e-06,2.7447293825127637e-05,0.030179756684156765
2,0.2,100,31,uniform,300,0.0007291991914442369,8.823361826723544e-05,-0.0017647032016163914,1.0
2,0.2,100,32,learned_occupancy,300,5.2385504845421266e-08,7.885294259433991e-09,1.0542804769773095e-05,0.14569686990781705
2,0.2,100,32,oracle_tail,300,3.291658769020108e-08,4.183531254120391e-09,2.1202710700536363e-05,0.09154906130350403
2,0.2,100,32,tis,300,5.197330832388291e-07,1.019439499879128e-07,7.669305365957557e-05,1.4455045081436284
2,0.2,100,32,tis_anchored,300,7.670352465671023e-08,1.2613806787735811e-08,2.548031052353794e-05,0.21333121607506156
2,0.2,100,32,uniform,300,3.595513402488727e-07,6.050459317346016e-08,0.00010910128789560029,1.0
2,0.2,100,33,learned_occupancy,300,7.126307876649459e-05,5.285892297961753e-06,-4.8279944271130874e-05,0.03941971024908517
2,0.2,100,33,oracle_tail,300,2.377950193911689e-05,2.188615831513067e-06,0.0002452421980904451,0.013153811097314965
2,0.2,100,33,tis,300,0.0012041186521398058,0.00016043590961815587,0.0010696167861563796,0.6660673267906437
2,0.2,100,33,tis_anchored,300,7.80002486306403e-05,6.208676452440943e-06,-0.000588735378369889,0.043146426643330515
2,0.2,100,33,uniform,300,0.0018078032110382752,0.00016705877493814315,-0.001154902097200293,1.0
2,0.2,100,34,learned_occupancy,300,1.2814195139028809e-06,1.153065569814479e-07,-7.022565122725292e-05,0.053321137797138984
2,0.2,100,34,oracle_tail,300,5.07661286264482e-07,4.708648444215443e-08,3.8075564378687126e-05,0.021124289981144174
2,0.2,100,34,tis,300,1.2457150723405786e-05,6.881022134716879e-06,0.00036386964803738857,0.5183544054666173
2,0.2,100,34,tis_anchored,300,2.0972471274005585e-06,2.3871913205560865e-07,-0.00010836438749596574,0.08726853451308883
2,0.2,100,34,uniform,300,2.4032111219720394e-05,7.660500834871044e-06,0.00040497447545888944,1.0
2,0.2,100,35,learned_occupancy,300,0.0002953087756649819,2.2790300699169104e-05,-0.0012552253820311895,0.03779522614239979
2,0.2,100,35,oracle_tail,300,0.00015033666325008196,1.1776523448511306e-05,-0.00040463877219369985,0.019240905293910746
2,0.2,100,35,tis,300,0.00042954485203714946,6.336834351595641e-05,-0.0012107067454836,0.054975490601286786
2,0.2,100,35,tis_anchored,300,0.00023149713761448952,1.7989329932142652e-05,-0.0005469797168579316,0.02962826501771109
2,0.2,100,35,uniform,300,0.00781338824518094,0.000593549491935862,-0.0018026527909109802,1.0
2,0.2,100,36,learned_occupancy,300,3.3509637272467266e-08,7.525630521752356e-09,1.2651808086441286e-05,0.6977763717874474
2,0.2,100,36,oracle_tail,300,1.2039231278588654e-08,1.9422149958573244e-09,2.314446154795776e-05,0.25069477930714146
2,0.2,100,36,tis,300,6.218872418064544e-08,2.2871610015075234e-08,4.965292086245151e-05,1.2949654444787146
2,0.2,100,36,tis_anchored,300,8.252076927042334e-08,2.8211682955948238e-08,4.575351841719458e-06,1.7183427713774675
2,0.2,100,36,uniform,300,4.802346228294869e-08,1.4823048361819188e-08,4.855513891209862e-05,1.0
2,0.2,100,37,learned_occupancy,300,0.0,0.0,0.0,0.0
2,0.2,100,37,oracle_tail,300,0.0,0.0,0.0,0.0
2,0.2,100,37,tis,300,0.0,0.0,0.0,0.0
2,0.2,100,37,tis_anchored,300,0.0,0.0,0.0,0.0
2,0.2,100,37,uniform,300,0.0,0.0,0.0,0.0
2,0.2,100,38,learned_occupancy,300,2.077586406195452e-06,1.563004271736763e-07,5.45521854658193e-05,0.03533061334416462
2,0.2,100,38,oracle_tail,300,1.2890452481090355e-06,1.0608222501913245e-07,9.305480703354352e-05,0.021920994047834843
2,0.2,100,38,tis,300,4.2817827505406754e-05,1.0686019273071583e-05,-0.0002063835337807755,0.7281430525919343
2,0.2,100,38,tis_anchored,300,2.9612151020116616e-06,2.4145463595142067e-07,9.247093140049678e-05,0.05035725372773381
2,0.2,100,38,uniform,300,5.8804142061083025e-05,1.052988258704114e-05,-0.00018512614254897252,1.0
2,0.2,100,39,learned_occupancy,300,0.0,0.0,0.0,0.0
2,0.2,100,39,oracle_tail,300,0.0,0.0,0.0,0.0
2,0.2,100,39,tis,300,0.0,0.0,0.0,0.0
2,0.2,100,39,tis_anchored,300,0.0,0.0,0.0,0.0
2,0.2,100,39,uniform,300,0.0,0.0,0.0,0.0
2,0.2,100,40,learned_occupancy,300,3.7475223314260566e-06,3.2940424879103256e-07,-1.2889777942822386e-05,0.029226501318962355
2,0.2,100,40,oracle_tail,300,1.6497325770989084e-06,1.3922333115668342e-07,-1.6438991338914764e-05,0.012866077124127144
2,0.2,100,40,tis,300,0.0001549281270028731,3.543436009127033e-05,0.00010087566585045061,1.2082668781511385
2,0.2,100,40,tis_anchored,300,7.590794995441178e-06,7.767660525904732e-07,-0.00013074148286835432,0.05919974861412293
2,0.2,100,40,uniform,300,0.00012822343292231967,2.4057426556250215e-05,-9.813570061364334e-05,1.0
2,0.2,100,41,learned_occupancy,300,5.958808715784893e-06,6.039412570576678e-07,-0.00017432774016344984,0.03613488082001642
2,0.2,100,41,oracle_tail,300,3.1018736480209874e-06,2.5957003082195044e-07,-0.0001628044849667032,0.018810107848079162
2,0.2,100,41,tis,300,2.5897898855572414e-05,5.889348618195838e-06,-0.00010413612737782741,0.15704774784194145
2,0.2,100,41,tis_anchored,300,6.100617899678286e-06,6.88629590432528e-07,-0.00024413974404637515,0.036994827531445056
2,0.2,100,41,uniform,300,0.00016490461793592227,2.5186846757401205e-05,-0.000256502895481916,1.0
2,0.2,100,42,learned_occupancy,300,0.0,0.0,0.0,0.0
2,0.2,100,42,oracle_tail,300,0.0,0.0,0.0,0.0
2,0.2,100,42,tis,300,0.0,0.0,0.0,0.0
2,0.2,100,42,tis_anchored,300,0.0,0.0,0.0,0.0
2,0.2,100,42,uniform,300,0.0,0.0,0.0,0.0
2,0.2,100,43,learned_occupancy,300,0.0,0.0,0.0,0.0
2,0.2,100,43,oracle_tail,300,0.0,0.0,0.0,0.0
2,0.2,100,43,tis,300,0.0,0.0,0.0,0.0
2,0.2,100,43,tis_anchored,300,0.0,0.0,0.0,0.0
2,0.2,100,43,uniform,300,0.0,0.0,0.0,0.0
2,0.2,100,44,learned_occupancy,300,0.0001273009541106627,9.747530457766015e-06,-0.00017687366851258933,0.027434116475449664
2,0.2,100,44,oracle_tail,300,6.898249853566483e-05,5.5631393960111515e-06,-0.00032388446967247076,0.014866140735676166
2,0.2,100,44,tis,300,0.0020614881337877385,0.0005710450026325291,0.006141249257593806,0.44426301413206093
2,0.2,100,44,tis_anchored,300,0.00014171785015619476,1.2673882763313916e-05,-0.0004379427797355595,0.030541043741554485
2,0.2,100,44,uniform,300,0.004640242532489873,0.0004592511899175223,-0.007219671805246438,1.0
2,0.2,100,45,learned_occupancy,300,0.0006205348083928083,6.034687704473648e-05,0.0025613446267882746,0.0669757835507343
2,0.2,100,45,oracle_tail,300,0.00019163175651131789,1.6432646534757448e-05,0.0007651363342875195,0.020683266872314577
2,0.2,100,45,tis,300,0.0006140724913800956,7.179789018788813e-05,0.001536343454856974,0.0662782904534483
2,0.2,100,45,tis_anchored,300,0.0005683776562005741,5.863411147692997e-05,0.002722564906140079,0.06134633925751669
2,0.2,100,45,uniform,300,0.009265062317975747,0.0007424572573800355,0.010491095541686608,1.0
2,0.2,100,46,learned_occupancy,300,0.000526112698942499,4.5134598555975216e-05,-0.0013609501076643467,0.035339195249862454
2,0.2,100,46,oracle_tail,300,0.0001943895137890129,1.5725970143986615e-05,-0.0016740062131395002,0.01305721948191667
2,0.2,100,46,tis,300,0.0013640806792750428,0.0003078850177469458,-0.0010234983712901727,0.09162583142045451
2,0.2,100,46,tis_anchored,300,0.00047997680122724917,4.054704602073554e-05,-0.002201589036634289,0.03224022900049411
2,0.2,100,46,uniform,300,0.014887512158176455,0.0011271571962791292,0.006163150675908743,1.0
2,0.2,100,47,learned_occupancy,300,2.8175805054047976e-09,1.916169935278331e-09,-2.0468201249723707e-06,0.4540682492034966
2,0.2,100,47,oracle_tail,300,9.99596675768254e-11,2.8501221626934118e-11,-7.383190975122448e-07,0.016109037935386955
2,0.2,100,47,tis,300,9.708386445736805e-09,2.881967138808113e-09,-1.1471476770719136e-05,1.5645586798852935
2,0.2,100,47,tis_anchored,300,5.602030217029332e-10,1.1808640145585824e-10,-2.049388918555402e-06,0.09027972928376513
2,0.2,100,47,uniform,300,6.205191643210583e-09,1.4558059653049876e-09,-9.0077714047343e-06,1.0
2,0.2,100,48,learned_occupancy,300,0.00017804119385372088,1.4624639761375186e-05,-0.000716730901952689,0.03826162195636753
2,0.2,100,48,oracle_tail,300,6.084665352826099e-05,4.843979177346135e-06,-0.0002338629725201132,0.013076140438157052
2,0.2,100,48,tis,300,0.00047471065912058313,0.00011810425549004487,-0.0008612042109563293,0.10201683882693316
2,0.2,100,48,tis_anchored,300,0.00014782209771876676,1.1785064737035473e-05,-0.00017666485861773698,0.03176744155265318
2,0.2,100,48,uniform,300,0.004653257879573271,0.00033815104686522955,-0.002009851070625671,1.0
2,0.2,100,49,learned_occupancy,300,8.494104601341163e-05,7.242092526903257e-06,3.609283039054611e-05,0.02984083714622973
2,0.2,100,49,oracle_tail,300,3.0172928743858006e-05,2.2245090168867784e-06,0.0003877589477347672,0.010600122027318758
2,0.2,100,49,tis,300,0.0018508656435117033,0.00025937977116223456,0.0013074159583616022,0.6502319295533959
2,0.2,100,49,tis_anchored,300,0.00010178009088427262,9.141908967936124e-06,-0.00022397641348935145,0.03575660130588086
2,0.2,100,49,uniform,300,0.002846469943090842,0.0002724003773101764,0.0024256795843890255,1.0
2,0.2,200,0,learned_occupancy,300,0.0002480904072211601,3.07843842028748e-05,0.0004886727377810134,0.038961081816205084
2,0.2,200,0,oracle_tail,300,7.947974990831103e-05,6.6785130342059494e-06,0.0007743164140015191,0.012481808843776643
2,0.2,200,0,tis,300,0.00013923056893536698,2.189378674726777e-05,0.00033755491600707564,0.021865309700474962
2,0.2,200,0,tis_anchored,300,0.00017301430175579928,2.204973708339679e-05,0.0009169791155003041,0.027170838411628654
2,0.2,200,0,uniform,300,0.006367646781254719,0.00047653031588665626,-0.0033122915005105637,1.0
2,0.2,200,1,learned_occupancy,300,2.511149724297964e-05,1.973173089645241e-06,-3.0370812360656085e-05,0.037221148269694096
2,0.2,200,1,oracle_tail,300,8.288259354322324e-06,6.361552439150427e-07,-0.00011821480276304067,0.01228515079526596
2,0.2,200,1,tis,300,0.00023323195063396866,7.932813533602526e-05,-0.0002669553020880359,0.3457046360787544
2,0.2,200,1,tis_anchored,300,2.5417741302485607e-05,2.2812675671232736e-06,0.00012140467322112085,0.037675074032673894
2,0.2,200,1,uniform,300,0.0006746567048665106,7.959265631154819e-05,-0.001736858070071359,1.0
2,0.2,200,2,learned_occupancy,300,1.1994643018663259e-09,4.233914355371395e-10,1.3502000125760934e-06,0.20177041897045989
2,0.2,200,2,oracle_tail,300,9.889059606948347e-10,3.378748994696822e-10,9.67571832573011e-07,0.1663509032334826
2,0.2,200,2,tis,300,8.31014847619305e-09,5.956557879368676e-09,5.93025460513615e-06,1.3979091642321047
2,0.2,200,2,tis_anchored,300,1.8139789746399618e-09,9.372917713013617e-10,2.2719176536186345e-06,0.3051423015651365
2,0.2,200,2,uniform,300,5.944698474566447e-09,4.211606900463447e-09,7.4091621610228305e-06,1.0
2,0.2,200,3,learned_occupancy,300,1.4778643417013371e-06,1.108055797089529e-07,2.332944120130076e-05,0.03413269793000288
2,0.2,200,3,oracle_tail,300,6.623518186295315e-07,5.653653655746964e-08,3.758010478616421e-05,0.015297652098868146
2,0.2,200,3,tis,300,4.759738206052796e-05,1.0656634839502608e-05,0.0005688353932625456,1.099307303308128
2,0.2,200,3,tis_anchored,300,2.8093208983908758e-06,2.7271107281195835e-07,9.852618561078256e-05,0.06488396729488077
2,0.2,200,3,uniform,300,4.329761288521773e-05,7.997949818558667e-06,0.0005916893952477476,1.0
2,0.2,200,4,learned_occupancy,300,7.597794409358133e-05,6.26512845861979e-06,-0.0003341110902847925,0.03497898996792872
2,0.2,200,4,oracle_tail,300,5.003375691659377e-05,3.40486201473016e-06,-7.4079756256847e-06,0.02303471490473207
2,0.2,200,4,tis,300,0.00020210480103860422,3.5749922164683915e-05,-0.00039639518834328776,0.09304571073010644
2,0.2,200,4,tis_anchored,300,7.698853502412799e-05,6.664665984717272e-06,-0.0001950834813304784,0.035444249332906165
2,0.2,200,4,uniform,300,0.0021721022866367334,0.00018088266670475647,0.0009218586541959191,1.0
2,0.2,200,5,learned_occupancy,300,1.9444410500598634e-05,1.7120377245721868e-06,0.0002113252620446038,0.03593871792777077
2,0.2,200,5,oracle_tail,300,1.0264033563676852e-05,8.847481681829927e-07,0.00016140514110976723,0.018970809479402714
2,0.2,200,5,tis,300,1.7420952301714532e-05,2.765270806688479e-06,0.00039116608928411843,0.03219880030742985
2,0.2,200,5,tis_anchored,300,1.532611961111526e-05,1.393561066322701e-06,0.00031191914455537556,0.028326962630941668
2,0.2,200,5,uniform,300,0.0005410435213542617,4.5947539078618705e-05,-0.0002476986292827643,1.0
2,0.2,200,6,learned_occupancy,300,0.0,0.0,0.0,0.0
2,0.2,200,6,oracle_tail,300,0.0,0.0,0.0,0.0
2,0.2,200,6,tis,300,0.0,0.0,0.0,0.0
2,0.2,200,6,tis_anchored,300,0.0,0.0,0.0,0.0
2,0.2,200,6,uniform,300,0.0,0.0,0.0,0.0
2,0.2,200,7,learned_occupancy,300,1.7068290338414426e-05,1.5322113757114746e-06,0.00011262826337545162,0.04014353432584739
2,0.2,200,7,oracle_tail,300,7.608045754383083e-06,6.16166338811358e-07,0.0001189493376285015,0.01789364018529266
2,0.2,200,7,tis,300,5.1047317780011e-05,2.1826565109974516e-05,-0.0003185720692177244,0.12006004777949397
2,0.2,200,7,tis_anchored,300,1.4315368930370223e-05,1.3118423763089996e-06,4.8041192542718216e-05,0.03366883809974319
2,0.2,200,7,uniform,300,0.0004251815547647132,3.0884390367632585e-05,0.0015443078117189724,1.0
2,0.2,200,8,learned_occupancy,300,0.00011778326026721259,9.988304349873642e-06,2.619575909933965e-05,0.029640906796212507
2,0.2,200,8,oracle_tail,300,5.573847140179587e-05,5.018183357904995e-06,-0.00026021967876671103,0.014026940942505858
2,0.2,200,8,tis,300,0.00022768202252216287,8.328741232009106e-05,-0.0004431525804186513,0.05729762950560155
2,0.2,200,8,tis_anchored,300,8.608733121619702e-05,7.073771018458818e-06,-0.00010473637863117391,0.021664424597561356
2,0.2,200,8,uniform,300,0.003973672636839263,0.0003341091070957107,-0.0011580134576217335,1.0
2,0.2,200,9,learned_occupancy,300,1.4534179226755212e-05,1.175227564998606e-06,0.0002137924339620878,0.041789167132885344
2,0.2,200,9,oracle_tail,300,8.886387116395225e-06,7.533373975473126e-07,0.00024211412597884284,0.025550442898829236
2,0.2,200,9,tis,300,0.00022779739050024885,5.004274146512035e-05,0.0002113297918295413,0.654970815725608
2,0.2,200,9,tis_anchored,300,1.4354055119867124e-05,1.2058650977249686e-06,0.00014131385248652723,0.041271268165907454
2,0.2,200,9,uniform,300,0.00034779777210055385,2.9209583238076038e-05,0.002850957087182979,1.0
2,0.2,200,10,learned_occupancy,300,7.131488826635685e-05,5.691806794534305e-06,0.00018486262831359716,0.030469872830211363
2,0.2,200,10,oracle_tail,300,3.9210014071902666e-05,3.0221195865052072e-06,-0.00022872791359931514,0.01675280115393926
2,0.2,200,10,tis,300,0.00010413039182204689,4.1871588510010465e-05,0.00040899447418722755,0.04449056674852358
2,0.2,200,10,tis_anchored,300,5.448279791228966e-05,4.407991744891066e-06,-2.6499511359791006e-05,0.02327822372267144
2,0.2,200,10,uniform,300,0.0023405049526707246,0.0001944945668252308,0.003920139089258163,1.0
2,0.2,200,11,learned_occupancy,300,0.0,0.0,0.0,0.0
2,0.2,200,11,oracle_tail,300,0.0,0.0,0.0,0.0
2,0.2,200,11,tis,300,0.0,0.0,0.0,0.0
2,0.2,200,11,tis_anchored,300,0.0,0.0,0.0,0.0
2,0.2,200,11,uniform,300,0.0,0.0,0.0,0.0
2,0.2,200,12,learned_occupancy,300,5.211887021004258e-05,4.1409552270403104e-06,-0.00019263206211343143,0.037607798597718886
2,0.2,200,12,oracle_tail,300,2.2670944007271006e-05,1.934543941047632e-06,0.00010551237200741026,0.016358840719485224
2,0.2,200,12,tis,300,0.0029816299241289578,0.0006625250625154753,0.0030231311618176267,2.1514767535764294
2,0.2,200,12,tis_anchored,300,6.030213009530478e-05,5.489739772292725e-06,-0.0003283256775610048,0.04351265394852488
2,0.2,200,12,uniform,300,0.0013858527261205835,0.00010631967945559999,-0.0038707781384241862,1.0
2,0.2,200,13,learned_occupancy,300,1.0926731580208458e-05,9.334451332878054e-07,0.00032382900567530385,0.04031658962938482
2,0.2,200,13,oracle_tail,300,6.828405616314343e-06,4.957809983129222e-07,0.00011339434288934506,0.025194910759460593
2,0.2,200,13,tis,300,0.0003646721951319153,0.0001860002963560981,0.0001852480789371743,1.345538611656816
2,0.2,200,13,tis_anchored,300,1.1202068375615368e-05,8.356987648596257e-07,0.00030616958976717196,0.041332505551616945
2,0.2,200,13,uniform,300,0.0002710232110566338,2.71960050044932e-05,0.0006484679451726483,1.0
2,0.2,200,14,learned_occupancy,300,4.263457192546292e-06,3.181690694734008e-07,-4.190296527036101e-05,0.028215150827307297
2,0.2,200,14,oracle_tail,300,2.1649189578530277e-06,1.5777975518401805e-07,-7.530664245162614e-06,0.014327226043575872
2,0.2,200,14,tis,300,0.00010059070812549739,3.503133792014202e-05,-0.0002445107070698449,0.6656996595505839
2,0.2,200,14,tis_anchored,300,5.603453429660138e-06,5.154194798685879e-07,-5.745765791040173e-05,0.03708311741655572
2,0.2,200,14,uniform,300,0.00015110524195461738,1.780826752635919e-05,0.0008634453946005905,1.0
2,0.2,200,15,learned_occupancy,300,9.48180590537108e-07,8.306117545719926e-08,-5.2423936100713205e-06,0.02604021888954414
2,0.2,200,15,oracle_tail,300,6.238940999064592e-07,5.247581640968338e-08,-1.0668312621003503e-05,0.01713422431085242
2,0.2,200,15,tis,300,9.65286324566209e-05,6.13513148951506e-05,-0.0002703892203953606,2.6509999712764527
2,0.2,200,15,tis_anchored,300,1.2867169297661633e-06,1.0483351899126157e-07,3.2158304025377376e-05,0.03533756209986644
2,0.2,200,15,uniform,300,3.641215899755084e-05,4.383772571570847e-06,8.45150531970377e-05,1.0
2,0.2,200,16,learned_occupancy,300,2.6833880972385583e-05,2.0434131087599473e-06,-3.47411694583033e-05,0.025878877903971278
2,0.2,200,16,oracle_tail,300,1.3277424872244061e-05,1.0671246219357069e-06,0.00017807794411902464,0.012804888622020609
2,0.2,200,16,tis,300,0.0005359856531571615,6.993294908721115e-05,-0.0025945918048958724,0.5169102184886581
2,0.2,200,16,tis_anchored,300,3.275786382620013e-05,3.1265239103578974e-06,0.0001628517867066126,0.03159202946549349
2,0.2,200,16,uniform,300,0.001036902800498462,8.430262924184712e-05,-0.0016141572814829378,1.0
2,0.2,200,17,learned_occupancy,300,4.082820576729782e-05,3.1727484736635026e-06,0.00014765175013919273,0.03121879802964042
2,0.2,200,17,oracle_tail,300,1.959736871568563e-05,1.5430020512672906e-06,0.00035979023817865217,0.014984893025532414
2,0.2,200,17,tis,300,0.0002134358868467249,5.478424137357088e-05,-0.0007951984288501002,0.1632011918849034
2,0.2,200,17,tis_anchored,300,3.162303752255964e-05,3.2677869854812684e-06,0.0005177110745075593,0.024180176496790228
2,0.2,200,17,uniform,300,0.0013078083829023087,9.765386338321565e-05,0.0005634980840941869,1.0
2,0.2,200,18,learned_occupancy,300,4.403365667254796e-07,4.4882814420519306e-08,-2.8884626743078307e-05,0.02273480747647914
2,0.2,200,18,oracle_tail,300,1.792702838418987e-07,1.920448881409379e-08,8.157106345184257e-06,0.009255818610995002
2,0.2,200,18,tis,300,2.3333154290456474e-05,6.351092419317791e-06,-0.00026382897437844536,1.2047029719955706
2,0.2,200,18,tis_anchored,300,8.042848214395554e-07,1.0399500348126523e-07,-1.565348890422221e-05,0.04152564641101526
2,0.2,200,18,uniform,300,1.9368387754373584e-05,4.839664897800825e-06,-0.0002351917922963335,1.0
2,0.2,200,19,learned_occupancy,300,3.4590769872466436e-05,3.982672010208129e-06,2.2580336913133142e-05,0.037453573301339776
2,0.2,200,19,oracle_tail,300,1.5418659344362607e-05,1.230977883993834e-06,-8.466350257498127e-06,0.01669473937965567
2,0.2,200,19,tis,300,9.34691483442427e-05,4.208566490622443e-05,-5.792706081858519e-05,0.10120484776233402
2,0.2,200,19,tis_anchored,300,3.266955887988234e-05,3.5346044562276004e-06,0.0001526549409598425,0.03537335892613549
2,0.2,200,19,uniform,300,0.0009235639439302596,8.153556926413291e-05,-0.0013549744728217935,1.0
2,0.2,200,20,learned_occupancy,300,0.0001426644994582182,1.8376816165634017e-05,0.0004165279417070215,0.11974027711067092
2,0.2,200,20,oracle_tail,300,4.543250128061247e-05,3.6683890694576574e-06,-3.896444296666394e-06,0.03813212336517311
2,0.2,200,20,tis,300,0.00034860895838458424,7.11548694472123e-05,0.0005726939339612018,0.2925922947807874
2,0.2,200,20,tis_anchored,300,0.00013705423100416394,1.7701607534250703e-05,0.00032219997802886385,0.11503150161357921
2,0.2,200,20,uniform,300,0.0011914495514851646,0.00010322731562775713,0.0016101286151031634,1.0
2,0.2,200,21,learned_occupancy,300,0.00011131745100010741,8.826360697387604e-06,0.0012362778878657363,0.04097575097204111
2,0.2,200,21,oracle_tail,300,4.8789384772946737e-05,4.071060855460384e-06,0.0005030854508588907,0.01795928367541789
2,0.2,200,21,tis,300,9.505199817281058e-05,1.3229032946691314e-05,0.0007331660484377904,0.03498846741038146
2,0.2,200,21,tis_anchored,300,8.393191358304397e-05,7.509282067514337e-06,0.0011037348227340385,0.03089518452576107
2,0.2,200,21,uniform,300,0.00271666652494209,0.00022238414919283314,-6.162371455030624e-05,1.0
2,0.2,200,22,learned_occupancy,300,1.0760915054889116e-05,9.336970789216092e-07,0.00014254499196941328,0.03802616024962446
2,0.2,200,22,oracle_tail,300,7.216162840683843e-06,5.28667455514951e-07,-4.541512757721226e-05,0.02549996567834227
2,0.2,200,22,tis,300,0.00015090140035265868,3.879613394974932e-05,0.00015078034299556637,0.5332446917788689
2,0.2,200,22,tis_anchored,300,1.0836869694875447e-05,8.657812842282304e-07,7.347348456738049e-05,0.03829456338235902
2,0.2,200,22,uniform,300,0.0002829871589518531,2.9816939414119083e-05,0.0008064274621483544,1.0
2,0.2,200,23,learned_occupancy,300,7.93508975151664e-06,6.435930479321375e-07,-8.283378794515647e-05,0.030801664906403618
2,0.2,200,23,oracle_tail,300,3.7199869717068124e-06,2.894717959719255e-07,-0.0001396732777324246,0.01443988609414283
2,0.2,200,23,tis,300,4.473202142491114e-05,1.0870036832843119e-05,-0.0002814959634927313,0.17363643987175273
2,0.2,200,23,tis_anchored,300,7.327583051596951e-06,6.083631414232801e-07,-9.411636180945167e-05,0.028443504080844607
2,0.2,200,23,uniform,300,0.0002576188584490102,2.268783949404132e-05,9.792442848832146e-05,1.0
2,0.2,200,24,learned_occupancy,300,1.511920242876575e-05,1.2992797328115829e-06,0.00011579598081004653,0.030804820604124934
2,0.2,200,24,oracle_tail,300,6.626578248644896e-06,5.84364344288253e-07,-0.00012971751398654327,0.013501410218592233
2,0.2,200,24,tis,300,9.486058859771639e-06,8.463080625591726e-07,0.00024308647113855238,0.019327497121109066
2,0.2,200,24,tis_anchored,300,9.921465428061572e-06,9.255444338295692e-07,1.034131671679539e-05,0.020214622039848845
2,0.2,200,24,uniform,300,0.0004908063781011342,4.1797912227605906e-05,-0.002893966981112442,1.0
2,0.2,200,25,learned_occupancy,300,6.699178029749756e-08,9.080995639460594e-09,-2.6194061642944208e-05,0.035720627303811994
2,0.2,200,25,oracle_tail,300,3.875843503566281e-08,3.401401072996418e-09,-2.5585788892100354e-05,0.020666350508073254
2,0.2,200,25,tis,300,2.7681231346129707e-06,9.034337247794836e-07,-8.88589599692476e-05,1.4759884628153896
2,0.2,200,25,tis_anchored,300,8.433601924176864e-08,8.62007996137382e-09,-2.569545438804092e-05,0.04496873345124202
2,0.2,200,25,uniform,300,1.875436837313e-06,5.335876060251559e-07,7.178776448851269e-05,1.0
2,0.2,200,26,learned_occupancy,300,1.6900745859969665e-07,1.7922117225793762e-08,-1.4395910128064405e-05,0.028270549200789658
2,0.2,200,26,oracle_tail,300,6.665372936351806e-08,4.950880689168913e-09,1.3553021374184126e-05,0.011149434178822911
2,0.2,200,26,tis,300,8.423886180405039e-06,4.1342321392760895e-06,-6.438640244464055e-05,1.4090969161843854
2,0.2,200,26,tis_anchored,300,3.342932835681906e-07,4.8721332956433847e-08,-7.634865683492364e-06,0.055918565955082794
2,0.2,200,26,uniform,300,5.978216319723138e-06,2.921929141393915e-06,-8.93909223555885e-06,1.0
2,0.2,200,27,learned_occupancy,300,0.00010411069836561702,8.355287975676227e-06,0.000942594332262312,0.03316511023922262
2,0.2,200,27,oracle_tail,300,4.284920080980751e-05,3.1689286135321758e-06,0.0005527265790352427,0.01364987931911882
2,0.2,200,27,tis,300,0.00022838124292130993,6.672414604914188e-05,0.0005574965436657505,0.07275226481966779
2,0.2,200,27,tis_anchored,300,7.864708376230075e-05,6.045815873663026e-06,0.0009152589772290757,0.025053517495484345
2,0.2,200,27,uniform,300,0.003139163344088355,0.0002530371891337722,0.0016047738040144766,1.0
2,0.2,200,28,learned_occupancy,300,4.508906077980601e-05,3.694578704178082e-06,-1.4071908583895472e-05,0.02512457231690305
2,0.2,200,28,oracle_tail,300,1.912362876349237e-05,1.4161156416841186e-06,-4.559330705951788e-05,0.010656087874093848
2,0.2,200,28,tis,300,5.7695733968360836e-05,1.62416697301119e-05,0.0003155548284290392,0.03214927557582002
2,0.2,200,28,tis_anchored,300,3.7201759378336225e-05,2.92864063026604e-06,0.0002741096286345209,0.020729602206210698
2,0.2,200,28,uniform,300,0.0017946200321774812,0.00015058285150108672,-0.0013219878556601982,1.0
2,0.2,200,29,learned_occupancy,300,0.0,0.0,0.0,0.0
2,0.2,200,29,oracle_tail,300,0.0,0.0,0.0,0.0
2,0.2,200,29,tis,300,0.0,0.0,0.0,0.0
2,0.2,200,29,tis_anchored,300,0.0,0.0,0.0,0.0
2,0.2,200,29,uniform,300,0.0,0.0,0.0,0.0
2,0.2,200,30,learned_occupancy,300,3.0033203172629983e-07,2.4770207138760017e-08,-3.2908072665094325e-07,0.029345335368027924
2,0.2,200,30,oracle_tail,300,7.692132988010888e-05,3.96821698024166e-05,0.0012140647178838484,7.51595562188858
2,0.2,200,30,tis,300,0.00019129098983737138,0.00010511294861147731,0.0020856147930086136,18.690974177457726
2,0.2,200,30,tis_anchored,300,2.503260872973444e-07,2.0731736837129245e-08,-5.527308251837374e-06,0.02445927242886071
2,0.2,200,30,uniform,300,1.0234404478931769e-05,1.7317792198200727e-06,-9.568522954173209e-05,1.0
2,0.2,200,31,learned_occupancy,300,1.0365473983647788e-05,8.553030292308861e-07,0.00012155637942166341,0.02943813440020567
2,0.2,200,31,oracle_tail,300,4.403215338034863e-06,3.809441460429235e-07,-1.934460099256944e-06,0.012505211543495763
2,0.2,200,31,tis,300,7.291107274257963e-05,3.507050346551194e-05,-0.00016402395889885012,0.20706877100316526
2,0.2,200,31,tis_anchored,300,8.439783038930878e-06,7.420748944956888e-07,3.096319431831196e-05,0.023969137137440297
2,0.2,200,31,uniform,300,0.0003521104239396152,3.798838405978344e-05,0.0012292366131984275,1.0
2,0.2,200,32,learned_occupancy,300,2.032450061453466e-08,1.757490022531455e-09,2.709706593678011e-05,0.0972005224984369
2,0.2,200,32,oracle_tail,300,1.7665117228338904e-08,1.6439963186036894e-09,1.3775398058121595e-05,0.0844822048598213
2,0.2,200,32,tis,300,1.686332313562267e-07,2.7886153744829824e-08,0.00018542031487889983,0.8064767990758486
2,0.2,200,32,tis_anchored,300,2.906487705869875e-08,3.1169642788704013e-09,3.2561863144773275e-05,0.13900077005769193
2,0.2,200,32,uniform,300,2.0909867655147123e-07,2.946372421410554e-08,0.00015036517678449046,1.0
2,0.2,200,33,learned_occupancy,300,2.8075201016501375e-05,2.4759732049319525e-06,-0.0006190699652692514,0.02728120772458365
2,0.2,200,33,oracle_tail,300,1.059816190134048e-05,8.048039169972189e-07,-0.0002833031578554849,0.010298435838778132
2,0.2,200,33,tis,300,0.0006348267189146235,0.00011200271298141337,-0.0022664496623534622,0.6168732176715835
2,0.2,200,33,tis_anchored,300,2.773568041313903e-05,2.582498217886524e-06,-0.0005295780036732471,0.02695128908565173
2,0.2,200,33,uniform,300,0.0010291040374727342,0.00010724551878337073,-0.004312362745348441,1.0
2,0.2,200,34,learned_occupancy,300,7.417635952194386e-07,6.753352037298305e-08,6.767525292153223e-05,0.05037177421489836
2,0.2,200,34,oracle_tail,300,2.859532654824688e-07,2.198270997144733e-08,4.512151353299298e-05,0.019418549815234092
2,0.2,200,34,tis,300,9.895610245386002e-06,2.4737043622509975e-06,-2.28044024834273e-05,0.6719923277601101
2,0.2,200,34,tis_anchored,300,6.82995700746283e-07,5.249039664234837e-08,0.00012257163769898642,0.04638095674884163
2,0.2,200,34,uniform,300,1.4725778608767938e-05,2.5945573596170463e-06,0.00018544669768110793,1.0
2,0.2,200,35,learned_occupancy,300,0.00013302379254846467,1.1307691871039574e-05,0.0006440210929337201,0.027773488957043894
2,0.2,200,35,oracle_tail,300,7.124964496674117e-05,5.2778322383237325e-06,-0.0002873278492907945,0.014875919486028242
2,0.2,200,35,tis,300,0.00015575522198274153,1.585353134079698e-05,0.0003821002752474752,0.03251949034728916
2,0.2,200,35,tis_anchored,300,0.0001009456976873831,8.726589079494693e-06,0.00023870221732989473,0.02107603584494242
2,0.2,200,35,uniform,300,0.004789596033620661,0.0003736736648381012,0.0009086110979779064,1.0
2,0.2,200,36,learned_occupancy,300,3.8817753730356635e-08,2.2662868186350326e-08,1.4536511431388158e-07,0.07779649850634843
2,0.2,200,36,oracle_tail,300,8.630024672153553e-09,8.720355692233454e-10,-2.30592135382827e-06,0.017295841129310385
2,0.2,200,36,tis,300,7.067776171979734e-07,6.771418875285048e-07,1.154949683606447e-05,1.4164864928199816
2,0.2,200,36,tis_anchored,300,3.744514481726779e-08,6.88317573843463e-09,-2.0085663883081157e-07,0.0750455879822959
2,0.2,200,36,uniform,300,4.989653066093841e-07,4.7401883635821925e-07,2.27333796528395e-05,1.0
2,0.2,200,37,learned_occupancy,300,0.0,0.0,0.0,0.0
2,0.2,200,37,oracle_tail,300,0.0,0.0,0.0,0.0
2,0.2,200,37,tis,300,0.0,0.0,0.0,0.0
2,0.2,200,37,tis_anchored,300,0.0,0.0,0.0,0.0
2,0.2,200,37,uniform,300,0.0,0.0,0.0,0.0
2,0.2,200,38,learned_occupancy,300,9.792348967281758e-07,8.299518626968621e-08,-1.0387636787002237e-05,0.03851476685881502
2,0.2,200,38,oracle_tail,300,6.609034378411147e-07,5.338611825398649e-08,-5.047669305725755e-05,0.02599431649105716
2,0.2,200,38,tis,300,1.9523170606220577e-05,4.371700116351609e-06,-0.00035402612637703835,0.767875375720176
2,0.2,200,38,tis_anchored,300,1.2704278256813903e-06,1.406407816610548e-07,-2.1136577664472672e-05,0.049967818426973905
2,0.2,200,38,uniform,300,2.5424920792531157e-05,3.2606407209599607e-06,-0.0004760127166230436,1.0
2,0.2,200,39,learned_occupancy,300,0.0,0.0,0.0,0.0
2,0.2,200,39,oracle_tail,300,0.0,0.0,0.0,0.0
2,0.2,200,39,tis,300,0.0,0.0,0.0,0.0
2,0.2,200,39,tis_anchored,300,0.0,0.0,0.0,0.0
2,0.2,200,39,uniform,300,0.0,0.0,0.0,0.0
2,0.2,200,40,learned_occupancy,300,1.8605675800906634e-06,1.535457353603092e-07,-2.6593442294543893e-05,0.0378630490792268
2,0.2,200,40,oracle_tail,300,8.893221705012968e-07,8.703388038774573e-08,-4.024957070360842e-05,0.018097944599945296
2,0.2,200,40,tis,300,5.6027431337873274e-05,7.62874660116246e-06,0.0005692735889701295,1.1401732488671728
2,0.2,200,40,tis_anchored,300,3.6031123893751664e-06,2.797608072318987e-07,3.5170816418791015e-05,0.07332430313024924
2,0.2,200,40,uniform,300,4.913940174753242e-05,6.069406990008837e-06,0.0005222624475345058,1.0
2,0.2,200,41,learned_occupancy,300,2.976304936266967e-06,2.729625262108212e-07,-5.109699626199893e-05,0.03250793237968592
2,0.2,200,41,oracle_tail,300,1.6242768941577056e-06,1.2911790902170558e-07,-2.9505755808558744e-05,0.01774075055205592
2,0.2,200,41,tis,300,1.03662843811828e-05,3.2678447259850013e-06,-6.138086855658642e-05,0.11322310008824239
2,0.2,200,41,tis_anchored,300,2.358018328350104e-06,2.0157225660954328e-07,-7.687397410731655e-06,0.025754854428393658
2,0.2,200,41,uniform,300,9.155626699060222e-05,8.461640773382592e-06,-0.00012564409918561928,1.0
2,0.2,200,42,learned_occupancy,300,0.0,0.0,0.0,0.0
2,0.2,200,42,oracle_tail,300,0.0,0.0,0.0,0.0
2,0.2,200,42,tis,300,0.0,0.0,0.0,0.0
2,0.2,200,42,tis_anchored,300,0.0,0.0,0.0,0.0
2,0.2,200,42,uniform,300,0.0,0.0,0.0,0.0
2,0.2,200,43,learned_occupancy,300,0.0,0.0,0.0,0.0
2,0.2,200,43,oracle_tail,300,0.0,0.0,0.0,0.0
2,0.2,200,43,tis,300,0.0,0.0,0.0,0.0
2,0.2,200,43,tis_anchored,300,0.0,0.0,0.0,0.0
2,0.2,200,43,uniform,300,0.0,0.0,0.0,0.0
2,0.2,200,44,learned_occupancy,300,6.0691817115372075e-05,5.065798631896653e-06,-0.0006284447621985559,0.0298126499107699
2,0.2,200,44,oracle_tail,300,3.7468703047132624e-05,3.0400958954983535e-06,-0.00028473427089049724,0.018405138940416354
2,0.2,200,44,tis,300,0.0005518719311183186,0.0001520931056667974,0.0018052240641395505,0.2710870338044926
2,0.2,200,44,tis_anchored,300,5.7961917504929274e-05,5.048892389647517e-06,-0.0004728380417458326,0.028471685918491196
2,0.2,200,44,uniform,300,0.002035773985104457,0.0001457227122340391,0.00010758976882763246,1.0
2,0.2,200,45,learned_occupancy,300,0.00025893001533303306,2.394806267940556e-05,0.0011501166196725243,0.04952263807548974
2,0.2,200,45,oracle_tail,300,0.00010359304599478107,8.385789406563702e-06,0.0010517249917167222,0.019813079288388775
2,0.2,200,45,tis,300,0.00019863813390501718,2.2940441161797903e-05,0.0007707641902095415,0.03799128656720805
2,0.2,200,45,tis_anchored,300,0.0001963018726458196,2.090234710958549e-05,0.000955185826844683,0.037544456095892395
2,0.2,200,45,uniform,300,0.0052285182170290195,0.00046261093495651907,0.004163380263908806,1.0
2,0.2,200,46,learned_occupancy,300,0.000253532733025765,2.0042358599616122e-05,-0.0020828132527066934,0.033441289515409096
2,0.2,200,46,oracle_tail,300,0.00010302482386406,8.745299878226152e-06,-5.418234959660614e-08,0.013589105126563425
2,0.2,200,46,tis,300,0.00024157707153333254,6.302178562180182e-05,-0.0010185005175271295,0.03186432257885172
2,0.2,200,46,tis_anchored,300,0.00016431098940199266,1.3321733589417863e-05,-0.0010713784750426955,0.021672828204778404
2,0.2,200,46,uniform,300,0.007581428129706003,0.0005807736489860664,-0.004221597009276453,1.0
2,0.2,200,47,learned_occupancy,300,9.531262632041533e-10,3.6783421661640477e-10,-3.8486054891354965e-07,0.5139012335952201
2,0.2,200,47,oracle_tail,300,2.0409238792553679e-10,1.5189121002811108e-10,-7.675417801400464e-07,0.11004138063485745
2,0.2,200,47,tis,300,2.468294617232723e-09,5.695895784317654e-10,-3.2465061214999775e-06,1.330841146280157
2,0.2,200,47,tis_anchored,300,2.241677096651535e-10,3.405244730183413e-11,-5.518676800978876e-07,0.12086547918831447
2,0.2,200,47,uniform,300,1.8546876343069718e-09,3.872160379460172e-10,-2.48230844176837e-06,1.0
2,0.2,200,48,learned_occupancy,300,8.239142613925934e-05,7.39650086544047e-06,-0.0006147120346905395,0.03368890084758156
2,0.2,200,48,oracle_tail,300,3.453994053095653e-05,3.0627222905240035e-06,-0.00025163643686905565,0.014122982042597503
2,0.2,200,48,tis,300,0.0002146228378728121,0.0001091320375378314,-0.0014996278377103238,0.08775679513670252
2,0.2,200,48,tis_anchored,300,6.311167856390976e-05,5.092391405408444e-06,-0.0006081890435671193,0.02580563513817953
2,0.2,200,48,uniform,300,0.002445654920949254,0.00018219237603659747,0.0005494868923372916,1.0
2,0.2,200,49,learned_occupancy,300,3.589056179408233e-05,3.160761555245811e-06,-0.0009172844778098203,0.02941098866612206
2,0.2,200,49,oracle_tail,300,1.4829981978325404e-05,1.3609803331987236e-06,-0.00044841696285390363,0.01215262202875961
2,0.2,200,49,tis,300,0.00043810150157486713,6.494161950113428e-05,-0.0024804261100295124,0.35900798575836074
2,0.2,200,49,tis_anchored,300,4.042283739183597e-05,3.841464376793806e-06,-0.000765716131516095,0.03312502097918695
2,0.2,200,49,uniform,300,0.0012203112993417987,0.00010504406338362918,-0.004019973193388757,1.0
2,0.2,400,0,learned_occupancy,300,0.00011074030031767444,1.413169361014417e-05,-0.0003691854880388512,0.041265600940921604
2,0.2,400,0,oracle_tail,300,4.226962813693951e-05,3.239323133148592e-06,-0.000349774090648118,0.015751100562454455
2,0.2,400,0,tis,300,6.36643751470796e-05,1.290960185920214e-05,-0.0004955598475929135,0.02372351069516843
2,0.2,400,0,tis_anchored,300,7.607940919160951e-05,1.3512417943245447e-05,-0.000500707549411999,0.028349774477006495
2,0.2,400,0,uniform,300,0.002683598391702017,0.00020351704705229537,0.0005258091939338231,1.0
2,0.2,400,1,learned_occupancy,300,1.084474101701799e-05,8.749391058474749e-07,2.0070187602216906e-05,0.03591977780902766
2,0.2,400,1,oracle_tail,300,4.3579192586481754e-06,3.570018226573945e-07,-1.5285642933820695e-05,0.01443423049335004
2,0.2,400,1,tis,300,4.885487135558925e-05,1.9226995672554864e-05,0.0001324611952699369,0.16181632380410071
2,0.2,400,1,tis_anchored,300,9.474080784137598e-06,7.597121957087072e-07,-0.00010465824024537218,0.03137989890002705
2,0.2,400,1,uniform,300,0.00030191559298266036,2.481349318459312e-05,-9.783087099728786e-05,1.0
2,0.2,400,2,learned_occupancy,300,3.6593939051612994e-10,1.0534893251480782e-10,1.7032395267387498e-06,0.17840165987599763
2,0.2,400,2,oracle_tail,300,2.899386315592421e-10,7.436088356215277e-11,1.727695536312505e-06,0.14135000077304916
2,0.2,400,2,tis,300,2.633793578109909e-09,1.333909133645526e-09,7.552432930061729e-06,1.2840190432706085
2,0.2,400,2,tis_anchored,300,1.0136344200557106e-09,3.881526331435414e-10,-4.181026241149392e-07,0.49416397286537034
2,0.2,400,2,uniform,300,2.0512106825154258e-09,1.0137098503102268e-09,8.475713086947649e-06,1.0
2,0.2,400,3,learned_occupancy,300,7.570817458243925e-07,6.511316940817939e-08,-2.6861359961620758e-05,0.03140695686031544
2,0.2,400,3,oracle_tail,300,3.0123032276531556e-07,2.2441886656763212e-08,-3.6809815910003132e-06,0.012496309420071008
2,0.2,400,3,tis,300,2.220200488525352e-05,2.975341326788088e-06,-0.0001283765914513187,0.921033182334065
2,0.2,400,3,tis_anchored,300,1.2252597623817644e-06,1.0087431676332849e-07,-4.476277270712833e-05,0.05082896359877413
2,0.2,400,3,uniform,300,2.4105542895848354e-05,2.3967058902205e-06,-0.0001735177806781718,1.0
2,0.2,400,4,learned_occupancy,300,4.176792195801548e-05,3.6050723183020254e-06,-0.00018464067751707317,0.03406632028198568
2,0.2,400,4,oracle_tail,300,2.4794992610533153e-05,2.1941306104579413e-06,-0.00017699483211818431,0.02022303528791653
2,0.2,400,4,tis,300,7.224934385527794e-05,1.0514599803355041e-05,-7.094047414362407e-05,0.058927262180082735
2,0.2,400,4,tis_anchored,300,3.6254296869250396e-05,3.1164550139211927e-06,-0.00017838403880785097,0.029569354443525583
2,0.2,400,4,uniform,300,0.0012260767119042914,0.00010280399980919444,-0.0034473190078411374,1.0
2,0.2,400,5,learned_occupancy,300,9.860053966858584e-06,9.82278417980163e-07,-0.0002596779475243327,0.03445356364607374
2,0.2,400,5,oracle_tail,300,3.736156079595315e-06,2.7967138354479905e-07,1.774001727608665e-05,0.013055089932840805
2,0.2,400,5,tis,300,8.31236519189626e-06,1.263493802185538e-06,-7.372090550837726e-05,0.029045541145212406
2,0.2,400,5,tis_anchored,300,7.289464267636016e-06,7.523721185528708e-07,-0.00019018255727147956,0.025471262321173038
2,0.2,400,5,uniform,300,0.0002861838638274568,2.8423685041389858e-05,0.0007975594725690867,1.0
2,0.2,400,6,learned_occupancy,300,0.0,0.0,0.0,0.0
2,0.2,400,6,oracle_tail,300,0.0,0.0,0.0,0.0
2,0.2,400,6,tis,300,0.0,0.0,0.0,0.0
2,0.2,400,6,tis_anchored,300,0.0,0.0,0.0,0.0
2,0.2,400,6,uniform,300,0.0,0.0,0.0,0.0
2,0.2,400,7,learned_occupancy,300,8.734639876954131e-06,7.530741294002585e-07,-0.00015573898756173396,0.03570671172678297
2,0.2,400,7,oracle_tail,300,3.773689880110778e-06,2.779176192878934e-07,-0.00015498734781196566,0.015426629900439722
2,0.2,400,7,tis,300,1.0028714419367118e-05,1.0393762022147756e-06,1.1505828877926838e-05,0.04099681495826526
2,0.2,400,7,tis_anchored,300,6.958135966942492e-06,5.737674630954091e-07,-0.00014559914119777713,0.028444464640483145
2,0.2,400,7,uniform,300,0.00024462179390219327,2.128923702211953e-05,-0.0006449126743921548,1.0
2,0.2,400,8,learned_occupancy,300,6.141299500251009e-05,4.923335116976346e-06,-0.00010934095186457863,0.03115803467620753
2,0.2,400,8,oracle_tail,300,3.6748724061001316e-05,2.8352551642020247e-06,-0.0003854872493630309,0.018644555904695114
2,0.2,400,8,tis,300,6.471728786636041e-05,7.234239249772301e-06,-5.957374467527199e-05,0.03283447582075658
2,0.2,400,8,tis_anchored,300,4.4670926066571806e-05,3.6973482240866614e-06,-0.0001028113264210151,0.022663904656394934
2,0.2,400,8,uniform,300,0.0019710163250253212,0.00015714686558769236,-0.003844615888177317,1.0
2,0.2,400,9,learned_occupancy,300,5.4040824227497025e-06,4.5364052073335097e-07,-4.1226796732527495e-05,0.026981806697089935
2,0.2,400,9,oracle_tail,300,3.6142465457400178e-06,2.9464090193751087e-07,-0.0001961220133142357,0.01804541345303217
2,0.2,400,9,tis,300,9.273609138373157e-05,1.916736187964576e-05,0.00048765451287840084,0.46301797341691003
2,0.2,400,9,tis_anchored,300,5.478629209896063e-06,4.7662016178430205e-07,-0.00012438459224631827,0.02735400808917173
2,0.2,400,9,uniform,300,0.0002002861588706196,1.7374689924179998e-05,-0.0010030533294836822,1.0
2,0.2,400,10,learned_occupancy,300,3.660914482398441e-05,3.125615372824508e-06,3.602284646111157e-05,0.027630051429023018
2,0.2,400,10,oracle_tail,300,1.9311596809743324e-05,1.6525953434436178e-06,-7.192653540632995e-05,0.01457505810625193
2,0.2,400,10,tis,300,4.434230649535263e-05,1.0300951265414224e-05,-0.0002356883378900032,0.03346650720301502
2,0.2,400,10,tis_anchored,300,2.83840094822024e-05,2.457229917404985e-06,-0.0002782773847024563,0.021422287942692624
2,0.2,400,10,uniform,300,0.0013249756309005498,0.00011166275973066902,-0.003905587183890001,1.0
2,0.2,400,11,learned_occupancy,300,0.0,0.0,0.0,0.0
2,0.2,400,11,oracle_tail,300,0.0,0.0,0.0,0.0
2,0.2,400,11,tis,300,0.0,0.0,0.0,0.0
2,0.2,400,11,tis_anchored,300,0.0,0.0,0.0,0.0
2,0.2,400,11,uniform,300,0.0,0.0,0.0,0.0
2,0.2,400,12,learned_occupancy,300,2.0917973309345263e-05,1.6464814815972729e-06,0.00015734710619287625,0.02934188790700521
2,0.2,400,12,oracle_tail,300,1.2512905168766602e-05,9.740920724948955e-07,0.00020107776997634996,0.01755199968100675
2,0.2,400,12,tis,300,0.0012989064979344427,0.0002737925951953168,0.0012097431835229359,1.8219914664030152
2,0.2,400,12,tis_anchored,300,2.0938340664325923e-05,1.8403467060256011e-06,0.0001068723209830343,0.02937045743608754
2,0.2,400,12,uniform,300,0.0007129048197458083,6.194807312252354e-05,0.0008220632967609816,1.0
2,0.2,400,13,learned_occupancy,300,4.468965746412314e-06,3.50004127221687e-07,-9.043424616999325e-05,0.03510679928167815
2,0.2,400,13,oracle_tail,300,3.0609000644754294e-06,2.3852899797367133e-07,-0.00011546166766487194,0.02404547501199404
2,0.2,400,13,tis,300,0.00018098231434429072,4.376109853802616e-05,-0.0003589730463830132,1.4217405421644487
2,0.2,400,13,tis_anchored,300,4.840061366204556e-06,4.346358717806232e-07,-0.00010928669843324265,0.03802201058058216
2,0.2,400,13,uniform,300,0.00012729630264940212,1.070894697022024e-05,0.0008532289405430116,1.0
2,0.2,400,14,learned_occupancy,300,2.568965221560177e-06,2.0627639495357168e-07,0.00012737802931424457,0.036920489506443006
2,0.2,400,14,oracle_tail,300,1.1490950505237946e-06,9.728684614814143e-08,-4.37188350473557e-05,0.016514490503302268
2,0.2,400,14,tis,300,1.629941122702188e-05,3.081638902420177e-06,0.00036966267315982957,0.23425083224870902
2,0.2,400,14,tis_anchored,300,2.8280407632696487e-06,2.3616663494830621e-07,4.555723714650147e-05,0.04064385475046584
2,0.2,400,14,uniform,300,6.958101736738529e-05,5.4620854881313185e-06,0.0008572087047857754,1.0
2,0.2,400,15,learned_occupancy,300,4.618760681617235e-07,3.708602708829506e-08,1.1052844317465115e-05,0.02544108141967513
2,0.2,400,15,oracle_tail,300,3.057104634489929e-07,2.7282449727818155e-08,-1.6575870203470178e-05,0.0168391595226128
2,0.2,400,15,tis,300,2.0949840567223948e-05,1.640760123740263e-05,-8.707143946229475e-05,1.1539601991531092
2,0.2,400,15,tis_anchored,300,4.631610933362637e-07,4.0389315437038755e-08,-4.1446030672461406e-05,0.025511863242647523
2,0.2,400,15,uniform,300,1.8154734091001602e-05,2.3527295366918852e-06,0.00020589989116000555,1.0
2,0.2,400,16,learned_occupancy,300,1.2275744311088912e-05,1.0628806469818585e-06,-3.7324442094900006e-05,0.02730285866721678
2,0.2,400,16,oracle_tail,300,5.182976227087635e-06,4.2242039292109384e-07,-9.451332007170298e-05,0.011527616070977421
2,0.2,400,16,tis,300,0.00020270136226772229,3.0985751916696416e-05,0.000660400398911141,0.45083430425059184
2,0.2,400,16,tis_anchored,300,1.4105915650799309e-05,1.6657614400179536e-06,8.234907798198761e-05,0.0313733987630842
2,0.2,400,16,uniform,300,0.00044961388331943064,3.391640420924813e-05,0.0012021934129615053,1.0
2,0.2,400,17,learned_occupancy,300,1.6635947085461775e-05,1.3109814925058398e-06,0.00027362858230142284,0.024862537088546393
2,0.2,400,17,oracle_tail,300,9.223448979022402e-06,8.273541468694863e-07,-6.832943668385457e-05,0.013784507797915643
2,0.2,400,17,tis,300,2.6759427750136654e-05,7.661585254714591e-06,-0.0002501271682204638,0.039992148417415024
2,0.2,400,17,tis_anchored,300,1.3021510449816489e-05,1.2335230105859784e-06,0.00020368784607316355,0.019460736731387027
2,0.2,400,17,uniform,300,0.0006691170344447903,5.9145047960967334e-05,0.0013667457692793543,1.0
2,0.2,400,18,learned_occupancy,300,2.0668715906505618e-07,1.8656661802831417e-08,1.692078429820443e-05,0.019281623541723247
2,0.2,400,18,oracle_tail,300,9.054886657874137e-08,6.874688373404699e-09,-1.2103393788809314e-06,0.008447206712786032
2,0.2,400,18,tis,300,1.221263607945981e-05,3.3536326716055837e-06,-0.0001635922588778797,1.139303730340075
2,0.2,400,18,tis_anchored,300,4.145758414494183e-07,4.4219030663557945e-08,-1.4938142444379891e-05,0.038675335906110934
2,0.2,400,18,uniform,300,1.071938566883689e-05,2.5974308566157625e-06,-0.00019246204692596302,1.0
2,0.2,400,19,learned_occupancy,300,1.6727659950686927e-05,1.5422541149149845e-06,-0.00021853122725372506,0.034229929282864606
2,0.2,400,19,oracle_tail,300,6.666250846049539e-06,5.523776356494672e-07,-0.00031610387812183396,0.013641196420467742
2,0.2,400,19,tis,300,2.4191948535853228e-05,6.504613835660193e-06,-0.0002500135349901811,0.04950415599301744
2,0.2,400,19,tis_anchored,300,1.4076610729584025e-05,1.4467756814995252e-06,-0.00035991111355838213,0.028805068445708532
2,0.2,400,19,uniform,300,0.000488685203304254,3.5744755238545444e-05,2.7632587363393877e-05,1.0
2,0.2,400,20,learned_occupancy,300,4.865537953819392e-05,5.688476808763146e-06,0.00010742417922882812,0.07159181534473463
2,0.2,400,20,oracle_tail,300,2.0397044306147287e-05,1.5729882474840544e-06,-9.501342912121605e-05,0.030012332519115982
2,0.2,400,20,tis,300,6.510044616456806e-05,7.96402966354961e-06,0.00037922238364880253,0.09578918435966634
2,0.2,400,20,tis_anchored,300,4.334075847222017e-05,5.08950309585733e-06,0.00015985681348559526,0.06377185024336791
2,0.2,400,20,uniform,300,0.0006796220951222516,5.563704667889409e-05,0.0004950180826957362,1.0
2,0.2,400,21,learned_occupancy,300,5.599401964841234e-05,4.724328127624893e-06,-3.176020287776341e-05,0.03802289938207359
2,0.2,400,21,oracle_tail,300,2.4979090445674695e-05,2.0810803718863064e-06,-4.22244935537767e-05,0.01696212289518198
2,0.2,400,21,tis,300,3.53424333992294e-05,3.1452215061337273e-06,0.00012686522962171692,0.023999380603400552
2,0.2,400,21,tis_anchored,300,4.0046359967649285e-05,3.4185179412802562e-06,-7.197273649040918e-05,0.0271935954094591
2,0.2,400,21,uniform,300,0.0014726393977943586,0.0001207070264637736,0.0017426176048941221,1.0
2,0.2,400,22,learned_occupancy,300,5.607978144938154e-06,5.758076748036781e-07,0.0001726820768571639,0.04169434613879814
2,0.2,400,22,oracle_tail,300,3.6673580659280005e-06,2.7124005794049687e-07,-8.59658745799489e-05,0.027266171989941242
2,0.2,400,22,tis,300,7.52725875095193e-05,1.597608946864432e-05,0.00017657817521717987,0.5596386500217866
2,0.2,400,22,tis_anchored,300,5.081802419153132e-06,4.834921434023112e-07,0.00012010089436959248,0.03778232075750879
2,0.2,400,22,uniform,300,0.0001345021247310009,1.2888164861038808e-05,0.0011207503788150245,1.0
2,0.2,400,23,learned_occupancy,300,3.5440023335241226e-06,2.711302699291456e-07,2.7860134468982166e-06,0.025657848982209217
2,0.2,400,23,oracle_tail,300,1.8428211338532528e-06,1.4471554501161057e-07,-2.5977508480479195e-06,0.013341646506934639
2,0.2,400,23,tis,300,9.618940108648652e-06,2.294996655408528e-06,5.2798137433831546e-05,0.06963915072572915
2,0.2,400,23,tis_anchored,300,2.917211738242843e-06,2.2788012451068675e-07,5.2209332468737085e-06,0.02112001381063804
2,0.2,400,23,uniform,300,0.00013812546546600546,1.4009619904494067e-05,-6.537071040057259e-05,1.0
2,0.2,400,24,learned_occupancy,300,7.312136210972951e-06,5.834069469799851e-07,0.0003362357200106795,0.03274778448300869
2,0.2,400,24,oracle_tail,300,3.7655085971591566e-06,3.7019246675872215e-07,0.00015822937290263183,0.01686402720775856
2,0.2,400,24,tis,300,6.335162609314431e-06,8.820013825607825e-07,0.0002429144304001459,0.028372357107258953
2,0.2,400,24,tis_anchored,300,5.698783056680263e-06,4.52067537963647e-07,0.00025270222320852593,0.025522297994877586
2,0.2,400,24,uniform,300,0.00022328643987402813,1.730005682074531e-05,-0.0008441307542605877,1.0
2,0.2,400,25,learned_occupancy,300,2.7660613190411684e-08,2.1792761867675107e-09,-1.6702752996374433e-06,0.041936570068987364
2,0.2,400,25,oracle_tail,300,2.2054181760374788e-08,1.9045950501856668e-09,4.143702820578928e-06,0.03343659565105885
2,0.2,400,25,tis,300,5.795070103629304e-07,8.391827153302705e-08,0.00011303243571604134,0.8785971655168759
2,0.2,400,25,tis_anchored,300,3.312725148013614e-08,3.2590813670866364e-09,1.3742323052125342e-05,0.05022460251789588
2,0.2,400,25,uniform,300,6.595821533546699e-07,1.0159594539313574e-07,2.671079689591386e-05,1.0
2,0.2,400,26,learned_occupancy,300,7.149057758267533e-08,7.412371541593835e-09,1.7684917766805548e-05,0.021541423760803577
2,0.2,400,26,oracle_tail,300,3.924226257264672e-08,3.601333727733448e-09,-6.277379683209775e-07,0.011824414293373385
2,0.2,400,26,tis,300,3.3989517678671034e-06,1.2316778425624696e-06,-1.9552794118388542e-05,1.0241665804068296
2,0.2,400,26,tis_anchored,300,1.3476103156108683e-07,1.6897575245404646e-08,4.1476782404293494e-05,0.04060597333884013
2,0.2,400,26,uniform,300,3.318748954410266e-06,1.05775523107835e-06,-4.5235388531859046e-05,1.0
2,0.2,400,27,learned_occupancy,300,4.840539236490751e-05,4.476196515851983e-06,0.0003198899836576223,0.030484615307005646
2,0.2,400,27,oracle_tail,300,1.9118324130961867e-05,1.5029897751766258e-06,0.0005374381503588055,0.012040285761004162
2,0.2,400,27,tis,300,2.7825107396772514e-05,2.423367253895256e-06,0.00029800574390613304,0.01752361985772632
2,0.2,400,27,tis_anchored,300,3.46419438840603e-05,3.29751245309046e-06,0.00026200108129495914,0.021816708453293268
2,0.2,400,27,uniform,300,0.001587862988508289,0.00013964713093402373,-0.0026295277006151687,1.0
2,0.2,400,28,learned_occupancy,300,2.5956846472361494e-05,2.3359318644699643e-06,-0.00011454574873713152,0.034187728992462064
2,0.2,400,28,oracle_tail,300,1.0484873037903792e-05,8.524959821064742e-07,-4.5202774540584005e-05,0.013809612747908508
2,0.2,400,28,tis,300,1.4114775925823604e-05,1.1899348858849354e-06,0.00013227102256882135,0.01859055315734137
2,0.2,400,28,tis_anchored,300,1.8286899231475585e-05,1.5584565992497438e-06,0.00013088016265978665,0.024085651379255238
2,0.2,400,28,uniform,300,0.0007592445370701468,5.871449701988303e-05,-0.001024966443623171,1.0
2,0.2,400,29,learned_occupancy,300,0.0,0.0,0.0,0.0
2,0.2,400,29,oracle_tail,300,0.0,0.0,0.0,0.0
2,0.2,400,29,tis,300,0.0,0.0,0.0,0.0
2,0.2,400,29,tis_anchored,300,0.0,0.0,0.0,0.0
2,0.2,400,29,uniform,300,0.0,0.0,0.0,0.0
2,0.2,400,30,learned_occupancy,300,1.4697343708239643e-07,1.2889942776525622e-08,-4.131345622963023e-06,0.04188905509350081
2,0.2,400,30,oracle_tail,300,1.0710144483601096e-06,7.988473562395335e-07,0.00010054973543894988,0.30525096319371253
2,0.2,400,30,tis,300,1.6485562078225634e-05,1.0997831990002213e-05,0.00047914504024824,4.698567522476706
2,0.2,400,30,tis_anchored,300,1.1420355598560471e-07,9.845618039842206e-09,-1.4494790259802493e-05,0.03254927654629698
2,0.2,400,30,uniform,300,3.508635770234877e-06,3.981577271040112e-07,-0.00010158337768988446,1.0
2,0.2,400,31,learned_occupancy,300,4.306034011117489e-06,3.70138221087309e-07,-0.00012667564070247605,0.033599978355864056
2,0.2,400,31,oracle_tail,300,2.613749076244043e-06,1.9551146774064046e-07,-1.987780876110327e-05,0.0203950809869865
2,0.2,400,31,tis,300,1.6642242834963927e-05,1.1336773883226639e-05,0.0005053778021812616,0.1298594013897965
2,0.2,400,31,tis_anchored,300,3.794818002718581e-06,3.2499658822510697e-07,-9.704659079295963e-05,0.029610960439835833
2,0.2,400,31,uniform,300,0.000128155856694651,1.0347212211120132e-05,0.0009171318678280508,1.0
2,0.2,400,32,learned_occupancy,300,1.2269279125863104e-08,1.3024060964549322e-09,1.159935593918841e-06,0.04088857572990116
2,0.2,400,32,oracle_tail,300,8.948508377348526e-09,7.920864096248985e-10,4.330667876894327e-06,0.029821781598039145
2,0.2,400,32,tis,300,1.9327292622285295e-07,5.392434395300166e-08,5.9672807315423646e-05,0.6441009776804467
2,0.2,400,32,tis_anchored,300,2.090696521229365e-08,1.946718947845261e-09,2.848112891444821e-06,0.06967451156631352
2,0.2,400,32,uniform,300,3.000661898059408e-07,7.203927986455804e-08,2.9345500858568573e-05,1.0
2,0.2,400,33,learned_occupancy,300,1.801135850615292e-05,1.659327451234769e-06,4.7055155013144095e-05,0.03740391284843253
2,0.2,400,33,oracle_tail,300,6.6553953741211945e-06,5.140730248624697e-07,4.878451988127678e-06,0.01382115782440562
2,0.2,400,33,tis,300,0.0001262006894063319,3.1271628653232125e-05,0.0006521824730909557,0.26207904230844054
2,0.2,400,33,tis_anchored,300,1.590912188395336e-05,1.3851024192049401e-06,0.00018048266636919792,0.03303823019452978
2,0.2,400,33,uniform,300,0.00048153674668044026,4.0526888007645604e-05,-0.0003725039490521502,1.0
2,0.2,400,34,learned_occupancy,300,2.96934681384262e-07,2.8467741381756615e-08,-1.4202814383030097e-05,0.034544387568037446
2,0.2,400,34,oracle_tail,300,1.3359685082534773e-07,1.0606542069904109e-08,-8.529781644040687e-06,0.015542210735592095
2,0.2,400,34,tis,300,3.0102801166677026e-06,1.0417083134302312e-06,6.001390451365163e-05,0.35020591920670685
2,0.2,400,34,tis_anchored,300,3.6044205503772235e-07,3.337553065319118e-08,1.942531741365568e-05,0.041932622982930885
2,0.2,400,34,uniform,300,8.595743108759118e-06,1.939539576500631e-06,0.00019149010045889166,1.0
2,0.2,400,35,learned_occupancy,300,6.737831571493952e-05,6.115559327674556e-06,-0.00023028974952824817,0.028860169563599505
2,0.2,400,35,oracle_tail,300,3.236550430914108e-05,2.5506393924233318e-06,0.00021746868416205767,0.013863123951109889
2,0.2,400,35,tis,300,0.00010561795762603854,1.2962280382127869e-05,-0.0004976464975536062,0.04523936423321257
2,0.2,400,35,tis_anchored,300,5.366276303502515e-05,4.4823802258163765e-06,7.67998412196047e-05,0.022985383710010056
2,0.2,400,35,uniform,300,0.002334647257233091,0.0001892433158985169,0.004059847787792698,1.0
2,0.2,400,36,learned_occupancy,300,7.799289887628206e-09,8.431963266556928e-10,2.849819454691834e-06,0.025596585177053512
2,0.2,400,36,oracle_tail,300,4.048700696766092e-09,4.161604915770766e-10,9.224091507216888e-07,0.013287480493007339
2,0.2,400,36,tis,300,3.9418103281824646e-07,2.1643645907152054e-07,-9.149551113794749e-06,1.2936675680841356
2,0.2,400,36,tis_anchored,300,1.3945607301654092e-08,1.6598309938030184e-09,6.384296622654606e-06,0.045768259711536544
2,0.2,400,36,uniform,300,3.0470040568614635e-07,1.6619842693527544e-07,2.2374305787664637e-06,1.0
2,0.2,400,37,learned_occupancy,300,0.0,0.0,0.0,0.0
2,0.2,400,37,oracle_tail,300,0.0,0.0,0.0,0.0
2,0.2,400,37,tis,300,0.0,0.0,0.0,0.0
2,0.2,400,37,tis_anchored,300,0.0,0.0,0.0,0.0
2,0.2,400,37,uniform,300,0.0,0.0,0.0,0.0
2,0.2,400,38,learned_occupancy,300,4.022696147422856e-07,3.187144304239524e-08,4.0220652280090385e-05,0.034987500097278405
2,0.2,400,38,oracle_tail,300,2.8831602028033433e-07,2.2911292384228938e-08,3.2592543716323256e-05,0.02507635779070129
2,0.2,400,38,tis,300,8.381099249076642e-06,2.2814683122090756e-06,5.332586194698822e-06,0.728948198039341
2,0.2,400,38,tis_anchored,300,5.422634243023637e-07,4.3929718982757324e-08,2.9177087149412363e-05,0.04716349660832371
2,0.2,400,38,uniform,300,1.1497523790605926e-05,1.3665688700857544e-06,-4.9534128660069974e-05,1.0
2,0.2,400,39,learned_occupancy,300,0.0,0.0,0.0,0.0
2,0.2,400,39,oracle_tail,300,0.0,0.0,0.0,0.0
2,0.2,400,39,tis,300,0.0,0.0,0.0,0.0
2,0.2,400,39,tis_anchored,300,0.0,0.0,0.0,0.0
2,0.2,400,39,uniform,300,0.0,0.0,0.0,0.0
2,0.2,400,40,learned_occupancy,300,8.776404019650819e-07,6.909489484467973e-08,0.0001130391391323952,0.03143203205352071
2,0.2,400,40,oracle_tail,300,4.050448326180253e-07,2.9408518383869264e-08,5.581989749283256e-05,0.014506376567733757
2,0.2,400,40,tis,300,3.079320830058901e-05,5.03999881873939e-06,0.00038292352464929533,1.1028356353783295
2,0.2,400,40,tis_anchored,300,1.5664512466508787e-06,1.218601124891829e-07,0.00015941125476285936,0.0561012752885627
2,0.2,400,40,uniform,300,2.792184738392621e-05,3.919040298516458e-06,0.00043758941512710354,1.0
2,0.2,400,41,learned_occupancy,300,1.36781757028155e-06,1.2282178306714128e-07,4.830731889454043e-05,0.02844198186446358
2,0.2,400,41,oracle_tail,300,6.392563727614265e-07,4.882681895988927e-08,4.340190593633627e-05,0.013292502272127384
2,0.2,400,41,tis,300,1.467171306059672e-06,2.854761983832712e-07,0.00021293428385637118,0.030507913179109867
2,0.2,400,41,tis_anchored,300,1.0652600646335135e-06,1.0055920721199892e-07,7.014966540911086e-05,0.02215069326314266
2,0.2,400,41,uniform,300,4.8091499980546355e-05,4.2407943717518766e-06,-0.0002246984973337729,1.0
2,0.2,400,42,learned_occupancy,300,0.0,0.0,0.0,0.0
2,0.2,400,42,oracle_tail,300,0.0,0.0,0.0,0.0
2,0.2,400,42,tis,300,0.0,0.0,0.0,0.0
2,0.2,400,42,tis_anchored,300,0.0,0.0,0.0,0.0
2,0.2,400,42,uniform,300,0.0,0.0,0.0,0.0
2,0.2,400,43,learned_occupancy,300,0.0,0.0,0.0,0.0
2,0.2,400,43,oracle_tail,300,0.0,0.0,0.0,0.0
2,0.2,400,43,tis,300,0.0,0.0,0.0,0.0
2,0.2,400,43,tis_anchored,300,0.0,0.0,0.0,0.0
2,0.2,400,43,uniform,300,0.0,0.0,0.0,0.0
2,0.2,400,44,learned_occupancy,300,3.100418184476195e-05,2.5642230024808294e-06,0.0004634273471649767,0.03171804722841726
2,0.2,400,44,oracle_tail,300,1.6182286634588916e-05,1.2701891747613524e-06,0.00035310223838698864,0.016554880703178173
2,0.2,400,44,tis,300,7.531739705845045e-05,3.1189632417351854e-05,0.0009588329875321015,0.07705156578498737
2,0.2,400,44,tis_anchored,300,2.2115471536258784e-05,1.8837587551714713e-06,0.00036917378241693797,0.022624676057506832
2,0.2,400,44,uniform,300,0.0009774934005705202,9.658714213917152e-05,7.59965975313163e-05,1.0
2,0.2,400,45,learned_occupancy,300,9.27379477031024e-05,7.424489417221e-06,0.00018667698778359053,0.031074243542945836
2,0.2,400,45,oracle_tail,300,4.4783472869718684e-05,3.885170878002771e-06,0.0002867452349919053,0.015005858735495736
2,0.2,400,45,tis,300,8.155665115875286e-05,8.348572118673942e-06,0.00022719476337098552,0.027327661474326335
2,0.2,400,45,tis_anchored,300,7.679526540440669e-05,6.857524086074235e-06,0.00048200740682028694,0.025732236255233246
2,0.2,400,45,uniform,300,0.002984399204277809,0.00021746503354577704,0.0006325984352050496,1.0
2,0.2,400,46,learned_occupancy,300,0.00012428362742570667,1.002662895540874e-05,-0.0004557824894350963,0.03215213168906817
2,0.2,400,46,oracle_tail,300,4.9632999311241e-05,4.109835769563729e-06,-0.00039294943510948866,0.012840039859090687
2,0.2,400,46,tis,300,8.852427559800787e-05,2.2883640572125638e-05,-0.0006511103632253982,0.022901199664516703
2,0.2,400,46,tis_anchored,300,9.198805251154889e-05,8.135613663569964e-06,-0.0005126663415876146,0.023797277561279875
2,0.2,400,46,uniform,300,0.003865486389133058,0.000348931863945255,-0.002102909509276515,1.0
2,0.2,400,47,learned_occupancy,300,3.4256153003807807e-10,6.166000170481015e-11,6.448385353271154e-07,0.4205407222302059
2,0.2,400,47,oracle_tail,300,5.35023199909439e-11,3.564732315527456e-11,8.173124418660768e-08,0.06568135157348845
2,0.2,400,47,tis,300,8.919491069870432e-10,1.1761410754681862e-10,-2.8070298785161837e-06,1.094988458287255
2,0.2,400,47,tis_anchored,300,6.324224722016551e-11,4.550453437780558e-12,1.3200190190487683e-06,0.0776384327757799
2,0.2,400,47,uniform,300,8.145739804255112e-10,1.3472494196676724e-10,-2.8110121454731168e-06,1.0
2,0.2,400,48,learned_occupancy,300,4.6024199941138887e-05,4.189052757356998e-06,-0.0002795092676553764,0.039344629221004464
2,0.2,400,48,oracle_tail,300,1.8515746206172023e-05,1.487309430492468e-06,-4.997325867495868e-05,0.015828524345099813
2,0.2,400,48,tis,300,2.6454143662992985e-05,2.28626655670957e-06,-0.00026727897164385394,0.0226148086248273
2,0.2,400,48,tis_anchored,300,3.2455195899201185e-05,3.0681169271130806e-06,-0.00022722089181710482,0.02774491790367311
2,0.2,400,48,uniform,300,0.001169770839181488,9.623421518523374e-05,-0.0001681363715516071,1.0
2,0.2,400,49,learned_occupancy,300,1.9289000516203848e-05,1.594397383533871e-06,-8.630164170153165e-05,0.030416151274445
2,0.2,400,49,oracle_tail,300,8.083026337916637e-06,6.17881527481839e-07,0.00023953016068522774,0.012745841944628697
2,0.2,400,49,tis,300,0.00023537425025890786,5.601462636241982e-05,-0.00016898912707133767,0.3711534351388452
2,0.2,400,49,tis_anchored,300,1.633014927732154e-05,1.4553854021190294e-06,0.00012764355102864148,0.025750442089315328
2,0.2,400,49,uniform,300,0.0006341696667063217,5.483451620084999e-05,-0.0013392295591295041,1.0
4,0.1,50,0,learned_occupancy,300,0.02066677109143704,0.002918548496295357,-0.005296271206348038,0.25282946443291937
4,0.1,50,0,oracle_tail,300,0.0013783313784478338,0.00011242021287419642,-0.0013523557775402292,0.016861985003958448
4,0.1,50,0,tis,300,0.029146780332540298,0.006032938685201467,0.008974261227272748,0.3565706916100412
4,0.1,50,0,tis_anchored,300,0.015233380536985648,0.0024032003710253843,0.001656666352368738,0.186359418490135
4,0.1,50,0,uniform,300,0.08174194071008026,0.006875581635751732,0.04399103409712396,1.0
4,0.1,50,1,learned_occupancy,300,0.0026703079937300677,0.0002829360727688599,-0.008117426303878524,0.09553379058132205
4,0.1,50,1,oracle_tail,300,0.00048206114888927205,4.718471566022119e-05,-0.0008142512277640446,0.017246373434642304
4,0.1,50,1,tis,300,0.016177129979156504,0.004913764884154301,-0.006320974769220405,0.578758162453297
4,0.1,50,1,tis_anchored,300,0.002219904665830197,0.00035016976047222,-0.0037412526235824097,0.07942001744887851
4,0.1,50,1,uniform,300,0.027951450240603595,0.0033606694368788987,-0.009571423724458149,1.0
4,0.1,50,2,learned_occupancy,300,1.5322578358070374e-07,1.0736300092872075e-07,-8.124369434409454e-06,0.053053829905060454
4,0.1,50,2,oracle_tail,300,4.914290028150892e-08,1.814843182251386e-08,2.386776179876075e-06,0.01701553753975945
4,0.1,50,2,tis,300,4.3188458847307735e-06,4.295890189086147e-06,-2.972168914522862e-05,1.4953835418566728
4,0.1,50,2,tis_anchored,300,1.574619998469513e-07,8.676855935631447e-08,8.321926317300665e-06,0.05452060326381553
4,0.1,50,2,uniform,300,2.8881191773506356e-06,2.4046338718860638e-06,-3.9480125162034696e-05,1.0
4,0.1,50,3,learned_occupancy,300,0.0001438171756658528,1.7384603183615887e-05,0.00013178442633586141,0.05930627355785103
4,0.1,50,3,oracle_tail,300,2.4477503455398024e-05,2.0348744435866706e-06,-0.00031677369013990357,0.010093853597235924
4,0.1,50,3,tis,300,0.0006073908322978464,0.00036744357793438233,-0.001479114636005272,0.25047138278171455
4,0.1,50,3,tis_anchored,300,9.710723164431188e-05,1.9250700484902674e-05,-3.429090609089395e-05,0.04004436895440001
4,0.1,50,3,uniform,300,0.0024249909333042916,0.0006623911029589395,-0.0028864139413001975,1.0
4,0.1,50,4,learned_occupancy,300,0.00976601628526177,0.000822845738048956,0.0024503111144744535,0.10203147440722089
4,0.1,50,4,oracle_tail,300,0.003033969199537706,0.00024906618561404555,0.0025604282094490822,0.03169770986375438
4,0.1,50,4,tis,300,0.024781646407969423,0.0028477623056582437,0.024216829935850174,0.2589088372768114
4,0.1,50,4,tis_anchored,300,0.009764924990029396,0.0008253201730977002,0.005814154765404448,0.10202007298638355
4,0.1,50,4,uniform,300,0.09571572244741194,0.006671877393148605,0.053490173824998294,1.0
4,0.1,50,5,learned_occupancy,300,0.000697402240446544,5.4993585233221036e-05,0.0026702474513609904,0.08813912967340493
4,0.1,50,5,oracle_tail,300,0.00016349950381482517,1.7129215975409575e-05,8.242269089230684e-05,0.02066340360341418
4,0.1,50,5,tis,300,0.0007224950195362454,0.00014130793866465332,0.002473152516011343,0.09131040670950562
4,0.1,50,5,tis_anchored,300,0.00047129599974348596,4.813296669295944e-05,0.001202154190750518,0.059563357882748504
4,0.1,50,5,uniform,300,0.007912515621957383,0.0005803397787336732,0.00836158702334456,1.0
4,0.1,50,6,learned_occupancy,300,0.0,0.0,0.0,0.0
4,0.1,50,6,oracle_tail,300,0.0,0.0,0.0,0.0
4,0.1,50,6,tis,300,0.0,0.0,0.0,0.0
4,0.1,50,6,tis_anchored,300,0.0,0.0,0.0,0.0
4,0.1,50,6,uniform,300,0.0,0.0,0.0,0.0
4,0.1,50,7,learned_occupancy,300,0.001720707804376284,0.00016497134567727142,0.0007486936509163064,0.10225667090005275
4,0.1,50,7,oracle_tail,300,0.00036776379516512684,2.8045400450127356e-05,0.0009473258359161226,0.021855135006368022
4,0.1,50,7,tis,300,0.001220188968584206,0.00015866708615211255,0.005076447027216671,0.07251228911675509
4,0.1,50,7,tis_anchored,300,0.0010548024727727613,9.346006360527739e-05,-3.2184445970158866e-07,0.06268384966265846
4,0.1,50,7,uniform,300,0.016827340350813205,0.0018337617187588787,0.020778422030961443,1.0
4,0.1,50,8,learned_occupancy,300,0.02185219273089265,0.0015990324977789641,0.0036308760747617375,0.1022895189254569
4,0.1,50,8,oracle_tail,300,0.005137821669317936,0.00045269127783995256,-0.00036603763735788256,0.024050003281197097
4,0.1,50,8,tis,300,0.05549479231543903,0.00754308381196199,0.007971540592830702,0.2597696111653559
4,0.1,50,8,tis_anchored,300,0.015960244215887962,0.001402856055617009,-0.0002660275165850049,0.07470946842181253
4,0.1,50,8,uniform,300,0.21363080949493324,0.013548915704093131,0.03846483602081297,1.0
4,0.1,50,9,learned_occupancy,300,0.001984524670580282,0.0001698814527776692,0.002132830955931179,0.06981539352774671
4,0.1,50,9,oracle_tail,300,0.000836705447392757,6.413368934565828e-05,0.0023478613581913886,0.029435219900518533
4,0.1,50,9,tis,300,0.013798273052480063,0.004707607483733425,0.04308640285944135,0.4854219639811869
4,0.1,50,9,tis_anchored,300,0.0020841470595631684,0.0002004517392155202,0.0032471227133600887,0.07332009991619425
4,0.1,50,9,uniform,300,0.028425316685947964,0.0038497669466772927,0.0011588953224654394,1.0
4,0.1,50,10,learned_occupancy,300,0.010802140824835648,0.0009288188307767409,-8.238732052542034e-05,0.1337069555506149
4,0.1,50,10,oracle_tail,300,0.0019662905110165952,0.00016836371416104943,-0.0012278087616295044,0.024338390159812776
4,0.1,50,10,tis,300,0.01299120386126181,0.0021563833709001543,0.002668281096632976,0.1608027839475179
4,0.1,50,10,tis_anchored,300,0.008059780362939526,0.0008513421776702686,-0.0001503145574419181,0.09976251117348957
4,0.1,50,10,uniform,300,0.08078967006878326,0.005855988378393074,0.030216919783184717,1.0
4,0.1,50,11,learned_occupancy,300,0.0,0.0,0.0,0.0
4,0.1,50,11,oracle_tail,300,0.0,0.0,0.0,0.0
4,0.1,50,11,tis,300,0.0,0.0,0.0,0.0
4,0.1,50,11,tis_anchored,300,0.0,0.0,0.0,0.0
4,0.1,50,11,uniform,300,0.0,0.0,0.0,0.0
4,0.1,50,12,learned_occupancy,300,0.007030836959758936,0.0006977057712394297,-0.004429148902743081,0.1148659997828373
4,0.1,50,12,oracle_tail,300,0.0021413726145964396,0.00019595518380845914,0.0018281328661704814,0.034984584010555965
4,0.1,50,12,tis,300,0.07555799085693862,0.008736099817303299,0.033904854955973694,1.234425461867389
4,0.1,50,12,tis_anchored,300,0.007092616976402299,0.0006663486771360109,0.0004899855611600098,0.11587532817701807
4,0.1,50,12,uniform,300,0.06120903464080977,0.0044756858668278995,0.004241868254798079,1.0
4,0.1,50,13,learned_occupancy,300,0.0017776737458304556,0.0001741091834066227,-0.0008888911373022301,0.0697412013690639
4,0.1,50,13,oracle_tail,300,0.0009023679409734233,7.921041577694027e-05,0.0005164756144645288,0.03540144777860559
4,0.1,50,13,tis,300,0.011481626391349928,0.00477607128798355,0.029971449324923776,0.4504439693063138
4,0.1,50,13,tis_anchored,300,0.0020775241326605283,0.00019529337706245665,-0.0029659121451535847,0.0815048482460889
4,0.1,50,13,uniform,300,0.02548957733640367,0.003164901601766099,0.0026967512545548506,1.0
4,0.1,50,14,learned_occupancy,300,0.0006703415185510646,7.022535787622124e-05,-0.001110485185534406,0.09886066564490892
4,0.1,50,14,oracle_tail,300,0.0002062731719812533,2.0437111155502867e-05,-0.0007226440576068516,0.030420766911217437
4,0.1,50,14,tis,300,0.0058429086540840725,0.004876711073781485,-0.0041484716068761395,0.8617008239228552
4,0.1,50,14,tis_anchored,300,0.0005676518177871149,6.902437870349555e-05,-0.0010860470760085212,0.08371618795487422
4,0.1,50,14,uniform,300,0.006780669684734068,0.0015794564340189806,0.003522902479927319,1.0
4,0.1,50,15,learned_occupancy,300,5.188180800644714e-05,4.427183940862901e-06,6.600709934678169e-05,0.06457724895540241
4,0.1,50,15,oracle_tail,300,2.984003390689714e-05,2.5506485239021385e-06,3.825812191940632e-06,0.03714186865276336
4,0.1,50,15,tis,300,0.0007531673292714368,0.0006185516780845936,0.004152159106323608,0.9374668307895736
4,0.1,50,15,tis_anchored,300,6.592185212082266e-05,6.491099676320017e-06,-5.0649222639830667e-05,0.08205288172452628
4,0.1,50,15,uniform,300,0.0008034069094872274,0.00022134872260198013,0.00214957604544829,1.0
4,0.1,50,16,learned_occupancy,300,0.0039782688279051,0.0003100710014445034,-0.0005818120308467378,0.05901862755486549
4,0.1,50,16,oracle_tail,300,0.0009860337757233311,8.912908253571888e-05,0.0007742133569952547,0.014628061270705374
4,0.1,50,16,tis,300,0.02488255694883067,0.006528787581000863,-0.008124721070316693,0.369139046329626
4,0.1,50,16,tis_anchored,300,0.003127866754038959,0.00027934237423322766,-0.00032047598812298943,0.04640269699800061
4,0.1,50,16,uniform,300,0.06740700339408573,0.007440174013769858,-0.0044161080635107585,1.0
4,0.1,50,17,learned_occupancy,300,0.0014071300425490434,0.00011767362581422872,0.00042715304701104333,0.08235617889027287
4,0.1,50,17,oracle_tail,300,0.00026255565722809517,2.1288549457550585e-05,3.179058173032656e-05,0.015366796260109365
4,0.1,50,17,tis,300,0.008886521896876382,0.0009433971562062491,0.0035785092619545936,0.5201082806289173
4,0.1,50,17,tis_anchored,300,0.001572202395260297,0.0001509141531458782,0.0011491254226409131,0.0920174950434687
4,0.1,50,17,uniform,300,0.017085907354004743,0.0010507060009037493,0.012756492988347889,1.0
4,0.1,50,18,learned_occupancy,300,6.101755562608365e-05,9.081661463256462e-06,-0.0003864921698600258,0.05475502269756329
4,0.1,50,18,oracle_tail,300,1.019199896888212e-05,1.1052988993241938e-06,-0.0001234997242479515,0.009145943805000974
4,0.1,50,18,tis,300,0.0018620456278670384,0.001057134906620972,-0.002828772807508489,1.6709346936568221
4,0.1,50,18,tis_anchored,300,0.00010343098194997743,2.0339455043386326e-05,-0.00091303700596807,0.09281534971684953
4,0.1,50,18,uniform,300,0.001114373670578335,0.0005386371871516012,-0.0013582417385772047,1.0
4,0.1,50,19,learned_occupancy,300,0.0018399959122053788,0.000256668983785043,-0.0021497300590664075,0.12294102978521292
4,0.1,50,19,oracle_tail,300,0.0003692717544303675,4.0678278749305714e-05,-0.00041632118843593893,0.024673234032269026
4,0.1,50,19,tis,300,0.0024374376414512287,0.0008715456984270648,-0.001534420459706652,0.16285965185546927
4,0.1,50,19,tis_anchored,300,0.0012773983138227945,0.00020460431848013473,-0.002033666208835429,0.08535055056673393
4,0.1,50,19,uniform,300,0.014966491784069062,0.0010969983744988142,0.0009931725983911373,1.0
4,0.1,50,20,learned_occupancy,300,0.0032010431690026406,0.000565777654764267,-0.0013108450143112572,0.11416883000294832
4,0.1,50,20,oracle_tail,300,0.0006605347111051367,5.101356625372645e-05,-0.0007733757363316466,0.0235587185682052
4,0.1,50,20,tis,300,0.047212531935342895,0.005354840937235284,0.07858304797806492,1.6838884226026771
4,0.1,50,20,tis_anchored,300,0.0029719963047950635,0.00043487279827840995,-0.0024607296492738565,0.10599961418116641
4,0.1,50,20,uniform,300,0.028037803040637067,0.0036655269011655,0.034869865974545576,1.0
4,0.1,50,21,learned_occupancy,300,0.01800305903687631,0.0013855470310526784,-0.008299163624662648,0.12354148541086982
4,0.1,50,21,oracle_tail,300,0.003067420364575544,0.0002782255919476465,0.0013713020348252243,0.02104940429529172
4,0.1,50,21,tis,300,0.037113227298661504,0.0062128711788578,-0.0045612954835932635,0.2546802307028055
4,0.1,50,21,tis_anchored,300,0.01171076749494764,0.0010094469870345945,-0.008177664010541801,0.08036221003684434
4,0.1,50,21,uniform,300,0.14572480634341076,0.00991294697583575,0.014814197399432082,1.0
4,0.1,50,22,learned_occupancy,300,0.0016033031651834242,0.00014791273590620939,0.0026434738590927517,0.06731962738626238
4,0.1,50,22,oracle_tail,300,0.0009804313740832257,8.446204481883203e-05,-0.0007348327975433707,0.04116643452988696
4,0.1,50,22,tis,300,0.03009535194771812,0.008418682680275248,-0.0032134791564997337,1.2636461544981894
4,0.1,50,22,tis_anchored,300,0.00176200976027754,0.00013289941727897192,-0.0012476675143826,0.07398341317393405
4,0.1,50,22,uniform,300,0.02381628103768446,0.0027159424533756762,-0.007469102528897624,1.0
4,0.1,50,23,learned_occupancy,300,0.0011006822551389713,0.00011626591603025836,-0.00430282163345201,0.081521316790318
4,0.1,50,23,oracle_tail,300,0.0003298972797391682,3.094245331081138e-05,-0.0012163146034830181,0.024433627892443233
4,0.1,50,23,tis,300,0.0019638921279823834,0.0006287520259788052,-0.0008371203341080103,0.14545439572572164
4,0.1,50,23,tis_anchored,300,0.0008901561105182582,0.0001106184765044326,-0.004002500460532715,0.06592883453838731
4,0.1,50,23,uniform,300,0.013501772278409705,0.0020168480942891914,-0.010242610627224995,1.0
4,0.1,50,24,learned_occupancy,300,0.0006304044572629807,7.017114693014484e-05,-0.0018214779847882526,0.0871891277823764
4,0.1,50,24,oracle_tail,300,0.00014664414203791892,1.2677272655796989e-05,-0.000235128783577007,0.020281859830422057
4,0.1,50,24,tis,300,0.0009289565343229184,0.0003638615342295866,-0.00024329376013376702,0.12848086501007475
4,0.1,50,24,tis_anchored,300,0.0004235512183155649,4.7801783812359756e-05,-0.0006790428568416074,0.05857994953974698
4,0.1,50,24,uniform,300,0.0072303103987514,0.0006310072154438763,-0.0005510867941625579,1.0
4,0.1,50,25,learned_occupancy,300,1.1191429204732702e-05,2.365244030094275e-06,2.7115019277637782e-05,0.0728493910251574
4,0.1,50,25,oracle_tail,300,4.324725612988961e-06,4.160144576336352e-07,8.639343640866788e-07,0.028151330942067215
4,0.1,50,25,tis,300,5.952929370387808e-05,1.048791873995987e-05,0.002237999631224493,0.3874994618785003
4,0.1,50,25,tis_anchored,300,8.744398467786371e-06,1.1708591526243464e-06,2.9705053727978973e-05,0.05692071062650048
4,0.1,50,25,uniform,300,0.00015362419708996492,4.798307275190702e-05,0.002159078134614198,1.0
4,0.1,50,26,learned_occupancy,300,2.1491970955718765e-05,6.081594408464246e-06,9.8747312184669e-05,0.03330385451740616
4,0.1,50,26,oracle_tail,300,5.210968653271997e-06,8.266533389781997e-07,-0.00014669073109163506,0.008074891887807809
4,0.1,50,26,tis,300,7.1436706032444885e-06,1.1742907351490036e-06,-0.00016254041112753786,0.011069797506283154
4,0.1,50,26,tis_anchored,300,1.1577109478576145e-05,2.2807016301488934e-06,-0.00015884000244356026,0.017939833000937037
4,0.1,50,26,uniform,300,0.0006453298354545132,0.00045488937098465466,-0.0010444075717102397,1.0
4,0.1,50,27,learned_occupancy,300,0.01644896255077614,0.0013435079954302843,-0.007040154507123433,0.11485224997580674
4,0.1,50,27,oracle_tail,300,0.0028050982469890995,0.00022190644404345057,-0.0018704234832366555,0.01958614983014158
4,0.1,50,27,tis,300,0.03556539020853636,0.007110396211533389,-0.007516241671679354,0.24832964839628677
4,0.1,50,27,tis_anchored,300,0.012169169543848269,0.0014728123106448761,-0.012471186838337207,0.08496927986391989
4,0.1,50,27,uniform,300,0.14321846158208534,0.010845939731483605,-0.02035495571915184,1.0
4,0.1,50,28,learned_occupancy,300,0.0077086172646035145,0.0005990580628758873,-0.003934609456183101,0.09413060293209767
4,0.1,50,28,oracle_tail,300,0.0010465313316152492,7.847721696045531e-05,0.0017930580177937976,0.012779286070488447
4,0.1,50,28,tis,300,0.018828326502594153,0.003701396716724959,-0.004134859852601265,0.2299143497537154
4,0.1,50,28,tis_anchored,300,0.005462996772282778,0.0004696593425620677,-0.0010793494469286524,0.06670913373171998
4,0.1,50,28,uniform,300,0.08189278539057299,0.00786150538321616,-0.021436211091582672,1.0
4,0.1,50,29,learned_occupancy,300,0.0,0.0,0.0,0.0
4,0.1,50,29,oracle_tail,300,0.0,0.0,0.0,0.0
4,0.1,50,29,tis,300,0.0,0.0,0.0,0.0
4,0.1,50,29,tis_anchored,300,0.0,0.0,0.0,0.0
4,0.1,50,29,uniform,300,0.0,0.0,0.0,0.0
4,0.1,50,30,learned_occupancy,300,2.8495948268846957e-06,4.074928613149965e-07,-0.00013394888374299068,0.011504172706632782
4,0.1,50,30,oracle_tail,300,0.008783293685496029,0.0021752038008557907,0.03057325517437036,35.4592612738176
4,0.1,50,30,tis,300,0.007124922321547189,0.002186316938762805,0.02315066960672598,28.7642075059601
4,0.1,50,30,tis_anchored,300,2.5337212276989856e-06,4.770766857123107e-07,-9.252012920816159e-05,0.010228951259634713
4,0.1,50,30,uniform,300,0.0002477009776845361,8.006223164831692e-05,0.0032387740095976532,1.0
4,0.1,50,31,learned_occupancy,300,0.000711525765807383,8.848254983383353e-05,-0.0034451920076898116,0.08655041392925955
4,0.1,50,31,oracle_tail,300,0.00018227857046911747,1.3705252966309367e-05,-0.0006057241665042816,0.022172472850135152
4,0.1,50,31,tis,300,0.0018898179004917253,0.0003540907357113044,0.005845815270728768,0.22987856434528833
4,0.1,50,31,tis_anchored,300,0.0006463269067367408,6.452489598671616e-05,-0.002174491411607935,0.07861958624675627
4,0.1,50,31,uniform,300,0.008220940068396854,0.001127929877949066,0.0035366723466282684,1.0
4,0.1,50,32,learned_occupancy,300,1.4679411250067326e-06,2.8700689119871226e-07,0.00010513531369622076,0.13683342582427074
4,0.1,50,32,oracle_tail,300,1.0603483643731395e-06,1.7518624984034075e-07,2.634986829543884e-05,0.0988398627115739
4,0.1,50,32,tis,300,9.44688197765291e-06,3.277193338851766e-06,0.0004532688763331135,0.8805865591877065
4,0.1,50,32,tis_anchored,300,2.4404141636532875e-06,6.58860503327628e-07,7.255332538276408e-05,0.22748203232007708
4,0.1,50,32,uniform,300,1.0727942505012964e-05,2.5282866132514134e-06,0.00023689590944575567,1.0
4,0.1,50,33,learned_occupancy,300,0.0030782058974229624,0.0002552444798333007,-0.0012536462071842255,0.11519310522424749
4,0.1,50,33,oracle_tail,300,0.0004804016176677006,4.1563606641734596e-05,-0.0005099872591435769,0.017977664892469755
4,0.1,50,33,tis,300,0.028956825600221798,0.005893087335029275,-0.004458052706844351,1.083626881853186
4,0.1,50,33,tis_anchored,300,0.00282276710061821,0.00023778303274504957,-0.0012920751533209492,0.10563403439558097
4,0.1,50,33,uniform,300,0.026722136636829007,0.002482126501260317,-0.0008247135883281668,1.0
4,0.1,50,34,learned_occupancy,300,7.118725880513846e-05,1.1630776820505818e-05,-0.0010611849847394369,0.08276836438606408
4,0.1,50,34,oracle_tail,300,1.514795144346308e-05,2.8782890080621163e-06,-0.00011989271285532362,0.017612297282115004
4,0.1,50,34,tis,300,6.124628839899756e-05,1.692563777403946e-05,2.2250610909867834e-05,0.0712101463181539
4,0.1,50,34,tis_anchored,300,5.283408288623885e-05,1.4096503835247473e-05,-0.0007821387042762155,0.06142940039736544
4,0.1,50,34,uniform,300,0.0008600781147866254,0.0002897665607659046,-0.002366774078460896,1.0
4,0.1,50,35,learned_occupancy,300,0.015659256479731824,0.0014730268883250339,0.02249627911402069,0.11564838817205099
4,0.1,50,35,oracle_tail,300,0.0040335643217285395,0.00041721446314623085,0.004859423289829142,0.029789103524804548
4,0.1,50,35,tis,300,0.03342883655792499,0.005230470637020891,0.04334788670636106,0.2468821601711939
4,0.1,50,35,tis_anchored,300,0.011931151577609723,0.0010672590937294254,0.0188633215239494,0.08811519568460496
4,0.1,50,35,uniform,300,0.13540401839786498,0.01152179057536023,0.11822473161436396,1.0
4,0.1,50,36,learned_occupancy,300,3.0020604396652257e-07,1.628895505404945e-07,6.014682259726604e-05,1.0485347607214397
4,0.1,50,36,oracle_tail,300,1.1309453061539351e-07,2.2908967945566665e-08,2.992258546885266e-05,0.3950071924965608
4,0.1,50,36,tis,300,5.204093798066951e-07,2.3000813210000238e-07,1.9422217746773996e-05,1.8176427007367508
4,0.1,50,36,tis_anchored,300,4.7594114695218e-07,2.4615026376124086e-07,2.193318622379259e-05,1.662327746781281
4,0.1,50,36,uniform,300,2.8631005400332853e-07,1.2035217635709212e-07,9.99268388170682e-05,1.0
4,0.1,50,37,learned_occupancy,300,0.0,0.0,0.0,0.0
4,0.1,50,37,oracle_tail,300,0.0,0.0,0.0,0.0
4,0.1,50,37,tis,300,0.0,0.0,0.0,0.0
4,0.1,50,37,tis_anchored,300,0.0,0.0,0.0,0.0
4,0.1,50,37,uniform,300,0.0,0.0,0.0,0.0
4,0.1,50,38,learned_occupancy,300,4.5243847964085586e-05,4.43929728730588e-06,0.0006731777954229701,0.1067759027541693
4,0.1,50,38,oracle_tail,300,2.464850710209647e-05,2.081736090686159e-06,-3.7395533415492583e-07,0.05817070642307151
4,0.1,50,38,tis,300,0.0005620406173383409,0.00019757851726167721,0.0005412915706850111,1.326421093724159
4,0.1,50,38,tis_anchored,300,5.691665016535987e-05,6.310451618667951e-06,0.0004957868365329151,0.1343238247103496
4,0.1,50,38,uniform,300,0.00042372714064755533,6.500330708452132e-05,0.0008600687142790313,1.0
4,0.1,50,39,learned_occupancy,300,0.0,0.0,0.0,0.0
4,0.1,50,39,oracle_tail,300,0.0,0.0,0.0,0.0
4,0.1,50,39,tis,300,0.0,0.0,0.0,0.0
4,0.1,50,39,tis_anchored,300,0.0,0.0,0.0,0.0
4,0.1,50,39,uniform,300,0.0,0.0,0.0,0.0
4,0.1,50,40,learned_occupancy,300,0.00020206025373863552,2.4944004212040066e-05,-0.001121143623200444,0.09441819035012747
4,0.1,50,40,oracle_tail,300,5.232721364292311e-05,8.932556343514545e-06,-0.0009062386573566942,0.024451324428306463
4,0.1,50,40,tis,300,0.0025994729018356017,0.0007965989631361288,-0.0018003067892796488,1.2146749433116368
4,0.1,50,40,tis_anchored,300,0.00026251526142207166,3.603035495116648e-05,-0.0009315213305249218,0.12266744925908857
4,0.1,50,40,uniform,300,0.0021400564127457113,0.0004963222635216258,-0.0012900276539490167,1.0
4,0.1,50,41,learned_occupancy,300,0.0005547134567312859,0.0003464337138057223,-0.000936331824521827,0.15271779911191502
4,0.1,50,41,oracle_tail,300,9.31960716635825e-05,1.2218556160566923e-05,-0.0002351741711602721,0.025657749559937625
4,0.1,50,41,tis,300,0.0018869373619256854,0.0011798403627477324,0.0009319014352567472,0.5194914914691323
4,0.1,50,41,tis_anchored,300,0.0002649062480774877,4.295871686885887e-05,-0.00043189576545077233,0.07293116596770526
4,0.1,50,41,uniform,300,0.003632277704085949,0.0008800208346570226,-0.002987788436383891,1.0
4,0.1,50,42,learned_occupancy,300,0.0,0.0,0.0,0.0
4,0.1,50,42,oracle_tail,300,0.0,0.0,0.0,0.0
4,0.1,50,42,tis,300,0.0,0.0,0.0,0.0
4,0.1,50,42,tis_anchored,300,0.0,0.0,0.0,0.0
4,0.1,50,42,uniform,300,0.0,0.0,0.0,0.0
4,0.1,50,43,learned_occupancy,300,0.0,0.0,0.0,0.0
4,0.1,50,43,oracle_tail,300,5.7696873133732244e-05,3.437109657154959e-05,0.0007520849777777771,1.0
4,0.1,50,43,tis,300,0.0001277802609940869,7.127139899853806e-05,0.001313882338303396,2.214682599833659
4,0.1,50,43,tis_anchored,300,0.0,0.0,0.0,0.0
4,0.1,50,43,uniform,300,5.7696873133732244e-05,3.437109657154959e-05,0.0007520849777777771,1.0
4,0.1,50,44,learned_occupancy,300,0.010015350074810405,0.0009033008056977001,-0.009782868758140889,0.07443757829106296
4,0.1,50,44,oracle_tail,300,0.0032470174649200188,0.00028064990486984393,-0.006149892623713411,0.02413296739025951
4,0.1,50,44,tis,300,0.08336095434625447,0.012576152257206293,0.02533738690958069,0.6195677154784336
4,0.1,50,44,tis_anchored,300,0.010977000542430383,0.0009050925805729141,-0.009039210923163288,0.08158490029552663
4,0.1,50,44,uniform,300,0.13454696276722986,0.011841808447243873,-0.028420676632441435,1.0
4,0.1,50,45,learned_occupancy,300,0.02290290979887084,0.0028337902967552927,-0.0101611900272993,0.27849372815321116
4,0.1,50,45,oracle_tail,300,0.0019825542471506247,0.00018258237340267082,-0.0003551565698700909,0.024107370129108286
4,0.1,50,45,tis,300,0.02191808136635399,0.003139543447252288,-0.00881301045533009,0.26651845757966935
4,0.1,50,45,tis_anchored,300,0.017898184893309854,0.00258400091228326,-0.008696367770672581,0.21763750902774343
4,0.1,50,45,uniform,300,0.08223851197923919,0.006898173530154607,0.06445837960031837,1.0
4,0.1,50,46,learned_occupancy,300,0.028527917448024135,0.002470633535681317,-0.02383704798933989,0.17055620245429776
4,0.1,50,46,oracle_tail,300,0.0034020511816743866,0.0002924585701151341,-0.002571307175839805,0.02033940721956651
4,0.1,50,46,tis,300,0.04914915071712721,0.006578852720681235,0.0023823825197269682,0.29384172593179364
4,0.1,50,46,tis_anchored,300,0.02456122323505742,0.002145262698597664,-0.02421981755347894,0.1468410363369792
4,0.1,50,46,uniform,300,0.16726402814736965,0.01362046647841129,0.08898974540759169,1.0
4,0.1,50,47,learned_occupancy,300,3.633760654275151e-08,8.53795604224878e-09,-5.017854341624606e-06,0.9100560803934368
4,0.1,50,47,oracle_tail,300,3.090699635709085e-09,4.1010420251137737e-10,3.3820914055778436e-06,0.07740493289885934
4,0.1,50,47,tis,300,1.4468880999398763e-08,7.269638686651233e-09,4.2557086862986536e-05,0.36236544953780153
4,0.1,50,47,tis_anchored,300,1.9714576587802566e-08,5.994439155811852e-09,1.1064667199189119e-05,0.49374111294324347
4,0.1,50,47,uniform,300,3.992897506606624e-08,1.3690941983330226e-08,3.135336544342208e-05,1.0
4,0.1,50,48,learned_occupancy,300,0.011134542775801589,0.0010218071037267783,0.0009254294776149186,0.1220589557740853
4,0.1,50,48,oracle_tail,300,0.0017959747662193615,0.00017672595991476348,0.001772458709122248,0.01968781376795786
4,0.1,50,48,tis,300,0.00948960522867434,0.001403574835730487,-0.0044340131104516275,0.1040268404588264
4,0.1,50,48,tis_anchored,300,0.007887470949868528,0.0008540291699604466,-0.005324842887853518,0.08646394263549603
4,0.1,50,48,uniform,300,0.09122266125568146,0.007234892980971603,-0.022348262981087372,1.0
4,0.1,50,49,learned_occupancy,300,0.005566166890775773,0.0006158653227100891,-0.0016769216134401661,0.08025508403904358
4,0.1,50,49,oracle_tail,300,0.0008202938019374203,6.585414887177341e-05,-0.0005789039611159723,0.01182730401423859
4,0.1,50,49,tis,300,0.004529900351820916,0.001117745281771651,0.0004326846349197444,0.06531380401589289
4,0.1,50,49,tis_anchored,300,0.0029192729021647094,0.0005500633518749005,-0.00030992136136218356,0.04209117273942862
4,0.1,50,49,uniform,300,0.0693559412144889,0.007339970895630494,-0.0068454270370753596,1.0
4,0.1,100,0,learned_occupancy,300,0.007322146802114689,0.0009396494335955454,-0.002903060965565858,0.21065439666232572
4,0.1,100,0,oracle_tail,300,0.0007162033581930596,5.97716559047172e-05,0.0003414134634164756,0.020604802168691535
4,0.1,100,0,tis,300,0.00759235587917751,0.0031024011948186537,0.003920293833967974,0.21842817280198373
4,0.1,100,0,tis_anchored,300,0.004453233184409232,0.0007952085243557447,-0.0017359347189991022,0.12811722777634643
4,0.1,100,0,uniform,300,0.034759050454816406,0.003232724135888103,0.03980815422675367,1.0
4,0.1,100,1,learned_occupancy,300,0.0011319541380498243,0.00010811896794115697,-0.0013282679081119597,0.09581694854240616
4,0.1,100,1,oracle_tail,300,0.00022075462450348366,2.1278145548785035e-05,-0.0002673560032168728,0.018686299899914723
4,0.1,100,1,tis,300,0.007355760827542392,0.0022314366593046185,0.00164557875544075,0.6226458590602841
4,0.1,100,1,tis_anchored,300,0.0011166746136870623,0.00011083928681054518,-0.0009552537365068581,0.09452357688501596
4,0.1,100,1,uniform,300,0.011813715164899558,0.0013929631184925997,-0.0036244544244582247,1.0
4,0.1,100,2,learned_occupancy,300,4.790433020386205e-08,2.4225285160192752e-08,6.127540190736802e-06,0.025633432703885732
4,0.1,100,2,oracle_tail,300,3.929452331686813e-08,1.8185609894085723e-08,4.733803646539414e-06,0.021026356381306902
4,0.1,100,2,tis,300,2.907936725933306e-06,1.5299499094887658e-06,-0.00012046490268128244,1.5560263561593384
4,0.1,100,2,tis_anchored,300,4.479880004032669e-08,8.726984073396671e-09,4.599306297781898e-06,0.02397167481857345
4,0.1,100,2,uniform,300,1.8688222821050538e-06,9.830674516496228e-07,-7.269465664350901e-05,1.0
4,0.1,100,3,learned_occupancy,300,5.184018360859218e-05,5.260848130574814e-06,5.6202345354064616e-05,0.06715511956841111
4,0.1,100,3,oracle_tail,300,1.1294354108702719e-05,1.0951396234105484e-06,-0.00018385977765123852,0.01463099950309964
4,0.1,100,3,tis,300,7.945641529515983e-05,4.406951912401121e-05,-0.0005492294188230096,0.10292990298628871
4,0.1,100,3,tis_anchored,300,2.5939393467669837e-05,2.2600412298868036e-06,-7.449188916161494e-05,0.03360256365999272
4,0.1,100,3,uniform,300,0.000771946858880691,0.0001624851048059413,0.000173366356847926,1.0
4,0.1,100,4,learned_occupancy,300,0.004135589392138782,0.00030431143616616366,0.00485834017205336,0.08274221065189519
4,0.1,100,4,oracle_tail,300,0.0016552570773991605,0.00014077015421150638,0.0034446737996253847,0.03311731818481404
4,0.1,100,4,tis,300,0.008035181872534658,0.0008158384818885972,0.02227066110570986,0.16076274699498536
4,0.1,100,4,tis_anchored,300,0.003360435039078751,0.0002800691895398938,0.004224198119476273,0.06723342129032447
4,0.1,100,4,uniform,300,0.049981615907479474,0.004163973501271959,0.026846234156479798,1.0
4,0.1,100,5,learned_occupancy,300,0.00027090548140031647,2.438609446937204e-05,0.0007047245635966533,0.06323706191911667
4,0.1,100,5,oracle_tail,300,7.2641703953511e-05,5.927236094350952e-06,-9.074548573570596e-05,0.016956644461653743
4,0.1,100,5,tis,300,0.0007030127461205754,0.0005511504354736185,-0.00036905118756340433,0.16410321535968425
4,0.1,100,5,tis_anchored,300,0.00015869096351463303,1.3214418714310065e-05,0.00011140277355475995,0.03704299460427016
4,0.1,100,5,uniform,300,0.004283966920329379,0.0003457597560366419,-0.0023589350025812195,1.0
4,0.1,100,6,learned_occupancy,300,0.0,0.0,0.0,0.0
4,0.1,100,6,oracle_tail,300,0.0,0.0,0.0,0.0
4,0.1,100,6,tis,300,0.0,0.0,0.0,0.0
4,0.1,100,6,tis_anchored,300,0.0,0.0,0.0,0.0
4,0.1,100,6,uniform,300,0.0,0.0,0.0,0.0
4,0.1,100,7,learned_occupancy,300,0.0007689037874075473,6.974952396414947e-05,-0.002104369277339418,0.0697529761262004
4,0.1,100,7,oracle_tail,300,0.00016314558805550111,1.3432556260556956e-05,0.0002834798080096257,0.014800148594792308
4,0.1,100,7,tis,300,0.0006934156879545611,0.00013435820579910302,0.003039756161607894,0.06290488968783114
4,0.1,100,7,tis_anchored,300,0.0005515998226890165,5.5067006649467936e-05,-0.001181959698340107,0.050039718744225394
4,0.1,100,7,uniform,300,0.011023239868882583,0.001063323285603594,0.003861448605035726,1.0
4,0.1,100,8,learned_occupancy,300,0.008359857436999706,0.0007061524776407635,-0.0071799001581210825,0.07798004938580037
4,0.1,100,8,oracle_tail,300,0.0020430723791960126,0.0001586197790747115,-0.00030923308435690797,0.019057607887347918
4,0.1,100,8,tis,300,0.01837144061973751,0.003501983012406387,0.0073522995149500414,0.1713672580676905
4,0.1,100,8,tis_anchored,300,0.005070022839814907,0.0004174621046851561,-0.004242007135341103,0.04729274804209993
4,0.1,100,8,uniform,300,0.10720508005374484,0.00800210600516194,0.0314602221504427,1.0
4,0.1,100,9,learned_occupancy,300,0.0011529101609575078,9.857684053658429e-05,-0.0005762089236341968,0.06658509263747019
4,0.1,100,9,oracle_tail,300,0.0005035382338898428,3.83826158847087e-05,0.00032218220618586294,0.02908131187101147
4,0.1,100,9,tis,300,0.029314248227334194,0.008015025499312708,0.014645050777007989,1.6930130377147257
4,0.1,100,9,tis_anchored,300,0.0010387193492086362,8.568013628752301e-05,0.0007530419615108556,0.0599901244984681
4,0.1,100,9,uniform,300,0.01731483903213371,0.0016795705166222869,0.00028941840024304444,1.0
4,0.1,100,10,learned_occupancy,300,0.00465408276212669,0.0004211374342965952,-0.0002277829604019595,0.09217641515070278
4,0.1,100,10,oracle_tail,300,0.001154846576909205,8.975076729301755e-05,-0.001995351284461787,0.0228723086694549
4,0.1,100,10,tis,300,0.005452917034099869,0.0010112239831836102,0.0014649078203079916,0.10799772372072101
4,0.1,100,10,tis_anchored,300,0.0033174994608987265,0.00028864206808222674,-0.0017495703328946025,0.06570472060756825
4,0.1,100,10,uniform,300,0.050491036720375276,0.0035665711076111536,0.012352835699851452,1.0
4,0.1,100,11,learned_occupancy,300,0.0,0.0,0.0,0.0
4,0.1,100,11,oracle_tail,300,0.0,0.0,0.0,0.0
4,0.1,100,11,tis,300,0.0,0.0,0.0,0.0
4,0.1,100,11,tis_anchored,300,0.0,0.0,0.0,0.0
4,0.1,100,11,uniform,300,0.0,0.0,0.0,0.0
4,0.1,100,12,learned_occupancy,300,0.0035814194796010505,0.00036772195401966264,0.0008930690763245908,0.10660864787568113
4,0.1,100,12,oracle_tail,300,0.0011202231307189726,8.30761094189275e-05,0.0010958754373105457,0.03334584903143358
4,0.1,100,12,tis,300,0.05577650748644634,0.008090569924859216,0.032374013228840835,1.6603076183134595
4,0.1,100,12,tis_anchored,300,0.003141653434351368,0.0002921286234458631,0.001154084722379108,0.09351806640854544
4,0.1,100,12,uniform,300,0.03359408032055175,0.0026357666022947717,-0.004493342995201819,1.0
4,0.1,100,13,learned_occupancy,300,0.0006978984972862346,5.445707399158528e-05,-0.002348729616373492,0.0628376617501803
4,0.1,100,13,oracle_tail,300,0.00044678135647545857,3.36493700402383e-05,-0.0003222166094242196,0.040227477009421184
4,0.1,100,13,tis,300,0.013209455999702241,0.006150665617732242,0.018762923632884596,1.1893582394013147
4,0.1,100,13,tis_anchored,300,0.0008122185440020076,7.934897532988843e-05,-8.593577796338329e-05,0.07313085546634944
4,0.1,100,13,uniform,300,0.011106372800134183,0.0009693410873804224,0.005318386113813977,1.0
4,0.1,100,14,learned_occupancy,300,0.00029817701182913213,2.9475560508196143e-05,-0.0014062573218216838,0.10627062004621514
4,0.1,100,14,oracle_tail,300,8.119937353729529e-05,7.077404992098328e-06,-0.00012789431486474713,0.028939547419294154
4,0.1,100,14,tis,300,0.0006669799492028135,0.00013894194228630216,-0.0019078528893305183,0.23771239883775308
4,0.1,100,14,tis_anchored,300,0.00026159048229268313,2.695748184725831e-05,-0.0014842872214616495,0.09323114005637063
4,0.1,100,14,uniform,300,0.0028058273462548767,0.00036584802651921374,0.004450797844742172,1.0
4,0.1,100,15,learned_occupancy,300,2.322287892859981e-05,1.7863798595617544e-06,0.0003892563786506864,0.06530527080434645
4,0.1,100,15,oracle_tail,300,1.3626918010769849e-05,1.219566412615224e-06,0.000299404549102887,0.03832038110597887
4,0.1,100,15,tis,300,0.00015068376112153614,2.358262959397922e-05,0.0036868811122132443,0.42373918652008774
4,0.1,100,15,tis_anchored,300,2.3681721749050976e-05,2.31400166945691e-06,0.00016679902670767947,0.06659558690763073
4,0.1,100,15,uniform,300,0.00035560497097049306,7.983409155043582e-05,0.002537741132485271,1.0
4,0.1,100,16,learned_occupancy,300,0.002269913469053357,0.0001924399688333919,0.0005992779080728853,0.07402358571672928
4,0.1,100,16,oracle_tail,300,0.0005013119229064036,6.102306735347857e-05,-0.00048629415955415034,0.016348158906496296
4,0.1,100,16,tis,300,0.004005600784674436,0.0006176967682605985,0.01158858439653985,0.13062565471053045
4,0.1,100,16,tis_anchored,300,0.0016625714612330705,0.00017924318873539395,-0.0009160524298056309,0.05421770598246586
4,0.1,100,16,uniform,300,0.030664732693979162,0.003596678987114264,-0.0060282720357329725,1.0
4,0.1,100,17,learned_occupancy,300,0.0006408892227903145,5.019483221072007e-05,-0.000782781717631309,0.06931783243201428
4,0.1,100,17,oracle_tail,300,0.00012528261436482938,9.99212274717203e-06,0.0005222875013081577,0.013550421758343777
4,0.1,100,17,tis,300,0.003184635617644347,0.0004600012545589704,-0.0028211244635315182,0.34444648193611554
4,0.1,100,17,tis_anchored,300,0.0004927824787465075,5.218775158638604e-05,-0.001357164095407626,0.05329877937167159
4,0.1,100,17,uniform,300,0.009245661618442662,0.0006471809629905433,0.0008523523790883725,1.0
4,0.1,100,18,learned_occupancy,300,1.9756473269254382e-05,2.6540201664269995e-06,0.00035682392606023683,0.037182338492477804
4,0.1,100,18,oracle_tail,300,4.860096200845678e-06,4.2579381543907443e-07,0.00018907382093043287,0.009146862376853226
4,0.1,100,18,tis,300,0.0005005272569871889,0.0002311104447523713,-0.001402389483714863,0.9420089122369694
4,0.1,100,18,tis_anchored,300,1.8586057655821396e-05,2.891209464926262e-06,0.00043971600735145017,0.034979577457021564
4,0.1,100,18,uniform,300,0.0005313402564298431,0.0001894885442478184,-0.0010796109107994252,1.0
4,0.1,100,19,learned_occupancy,300,0.0006570209313824759,5.8497572770652e-05,-0.0007110107988240862,0.08973958021692482
4,0.1,100,19,oracle_tail,300,0.00015859863015104425,1.3033108803755445e-05,0.0002669721153746233,0.021662284735413893
4,0.1,100,19,tis,300,0.0011409541259994854,0.0006046250163844466,0.0024168682081238593,0.1558378727729725
4,0.1,100,19,tis_anchored,300,0.0005109164085948787,5.850379906556964e-05,-0.000840606114255793,0.06978381029165817
4,0.1,100,19,uniform,300,0.007321417481497893,0.0006403016314388743,0.009257900398391047,1.0
4,0.1,100,20,learned_occupancy,300,0.001127827733738014,0.00013634634206047435,0.0010931328693685246,0.09570701632862612
4,0.1,100,20,oracle_tail,300,0.00032260959365199953,2.803610703870747e-05,0.0007482331541118696,0.027376522782508222
4,0.1,100,20,tis,300,0.024552735763082683,0.0040725321984736735,0.0425319928921618,2.083535465829974
4,0.1,100,20,tis_anchored,300,0.0011137951574932972,0.0001483095313888675,0.002122933373961491,0.09451621744719182
4,0.1,100,20,uniform,300,0.011784169823719381,0.0016566996517359065,0.010723921181952966,1.0
4,0.1,100,21,learned_occupancy,300,0.009399302194756227,0.0008462939198549533,0.003832854320083668,0.12146653532273295
4,0.1,100,21,oracle_tail,300,0.001596503395237485,0.00014423740999193555,0.0033913138498671428,0.020631503491680903
4,0.1,100,21,tis,300,0.012743324355231445,0.002081383700533858,-6.424025601681205e-05,0.16468110353844287
4,0.1,100,21,tis_anchored,300,0.006432340575681265,0.0006144774640799739,0.0020896105179265406,0.08312469453101783
4,0.1,100,21,uniform,300,0.07738182512395338,0.005895713846897508,0.025676884377209844,1.0
4,0.1,100,22,learned_occupancy,300,0.0007275196980804974,6.268422224193812e-05,-0.0029597499223420415,0.058716041325888375
4,0.1,100,22,oracle_tail,300,0.0005015874173681912,4.202807196982228e-05,-0.0007831534513632654,0.04048169087990476
4,0.1,100,22,tis,300,0.009494486608272975,0.0038453888228339025,0.006589932199437435,0.7662729538874518
4,0.1,100,22,tis_anchored,300,0.0008460333948608084,7.698616659995436e-05,-0.0022982367054794357,0.06828094401676589
4,0.1,100,22,uniform,300,0.01239047595260357,0.0016654242967939171,-0.010827784912230947,1.0
4,0.1,100,23,learned_occupancy,300,0.00043000575902065797,4.0382132678783806e-05,-0.0003740008457471348,0.06905439022099731
4,0.1,100,23,oracle_tail,300,0.0001399175299773222,1.1731212880426488e-05,1.0869511411602713e-05,0.022469279797129246
4,0.1,100,23,tis,300,0.0010669292859136832,0.0006948954786948144,0.0022969902738512902,0.1713375918859589
4,0.1,100,23,tis_anchored,300,0.00036996115002506353,3.516871268571797e-05,-0.0011094575682517327,0.05941185922398853
4,0.1,100,23,uniform,300,0.006227058955187276,0.0007328817209166794,-0.0010474937142621007,1.0
4,0.1,100,24,learned_occupancy,300,0.00023829484781253413,1.9138168285675223e-05,-0.0008958769453659625,0.08149383200196286
4,0.1,100,24,oracle_tail,300,6.268165899670176e-05,4.8604094662333045e-06,-5.952013763690959e-05,0.021436336684459576
4,0.1,100,24,tis,300,0.0001489855026043361,1.8940474874591295e-05,-0.00037995434037641976,0.05095116252583594
4,0.1,100,24,tis_anchored,300,0.000136844514495772,1.0772681418218532e-05,-0.0013757303944544486,0.04679909774416041
4,0.1,100,24,uniform,300,0.0029240844608558175,0.00022625717541801112,0.004586520450281933,1.0
4,0.1,100,25,learned_occupancy,300,7.213696864909852e-06,1.8511009301613741e-06,-6.474974866486515e-05,0.15032366243700243
4,0.1,100,25,oracle_tail,300,2.170816367971692e-06,1.9577347319919611e-07,1.0972512201338585e-06,0.045236869946540824
4,0.1,100,25,tis,300,2.07629288436074e-05,4.046849754662418e-06,0.001046443957054685,0.432671287016847
4,0.1,100,25,tis_anchored,300,5.402430798154386e-06,1.0649458033930555e-06,-5.4881031231923676e-06,0.11257933329461775
4,0.1,100,25,uniform,300,4.7987766848968074e-05,8.165595576934176e-06,0.0008921737605400034,1.0
4,0.1,100,26,learned_occupancy,300,1.0603905582823473e-05,1.628320463309996e-06,-0.0001235785197503514,0.043054640709000766
4,0.1,100,26,oracle_tail,300,2.4606862622346768e-06,3.616054610105882e-07,-8.2275059063505e-05,0.009991032274910038
4,0.1,100,26,tis,300,2.7239425206909586e-06,3.33637231384296e-07,-5.6242811384043335e-05,0.011059921801858568
4,0.1,100,26,tis_anchored,300,4.54604224424243e-06,6.086562971747462e-07,-6.025311328325511e-05,0.01845812506958227
4,0.1,100,26,uniform,300,0.0002462894918690305,0.00014047912559510386,-0.0006152895235621333,1.0
4,0.1,100,27,learned_occupancy,300,0.007902693628029117,0.0007209641295876988,-0.004865499282129759,0.10303035675233914
4,0.1,100,27,oracle_tail,300,0.001102083281550774,9.373506178320417e-05,-0.0011836079018579474,0.014368269733529204
4,0.1,100,27,tis,300,0.010215025200769043,0.001813311872953383,0.005769198284900145,0.1331770836891023
4,0.1,100,27,tis_anchored,300,0.005587960474200625,0.0005612617206096438,0.003187027924456367,0.07285231950949919
4,0.1,100,27,uniform,300,0.07670257463075027,0.00669947419649498,0.004823140578996116,1.0
4,0.1,100,28,learned_occupancy,300,0.0031381253438908943,0.00024812924679955685,-0.0014984118079599028,0.0830702478248427
4,0.1,100,28,oracle_tail,300,0.0005609360868839401,4.5224287794427456e-05,-0.00036674636183667915,0.014848705722369793
4,0.1,100,28,tis,300,0.004104671424358161,0.0007194109539140788,0.0007409202176040056,0.10865597613070917
4,0.1,100,28,tis_anchored,300,0.002067607200553693,0.0001726743626122259,-0.0007363114040044231,0.05473224416889197
4,0.1,100,28,uniform,300,0.03777676636414726,0.003277939547551247,0.0038235145158247797,1.0
4,0.1,100,29,learned_occupancy,300,0.0,0.0,0.0,0.0
4,0.1,100,29,oracle_tail,300,0.0,0.0,0.0,0.0
4,0.1,100,29,tis,300,0.0,0.0,0.0,0.0
4,0.1,100,29,tis_anchored,300,0.0,0.0,0.0,0.0
4,0.1,100,29,uniform,300,0.0,0.0,0.0,0.0
4,0.1,100,30,learned_occupancy,300,9.236055559403505e-07,1.0307067949608943e-07,2.375029306213472e-05,0.023437207847444557
4,0.1,100,30,oracle_tail,300,0.0009661692331404775,0.0003292317840989257,0.007806048483292859,24.51729419261087
4,0.1,100,30,tis,300,0.0011909375907596094,0.00035894863776507783,0.0085543287349861,30.220965723348787
4,0.1,100,30,tis_anchored,300,8.370391923275683e-07,9.957521760221377e-08,3.560125815928646e-06,0.021240519181442995
4,0.1,100,30,uniform,300,3.940766161021414e-05,1.777274794649407e-05,0.000721166887375434,1.0
4,0.1,100,31,learned_occupancy,300,0.0002762746491653898,2.3800149591104917e-05,-0.0009570847238253454,0.06798793833885194
4,0.1,100,31,oracle_tail,300,9.387881316234747e-05,7.752573338106103e-06,0.00012262237979819327,0.023102470602669626
4,0.1,100,31,tis,300,0.00129713802602971,0.00037276735539339373,0.00013512776710806012,0.31921039587636546
4,0.1,100,31,tis_anchored,300,0.00020786875094547515,1.7355694611866095e-05,-0.0012642641411202624,0.05115405218882308
4,0.1,100,31,uniform,300,0.00406358327543978,0.0004609972799446922,-0.004702319234853038,1.0
4,0.1,100,32,learned_occupancy,300,8.151987878256128e-07,1.1015172386322584e-07,-8.021431144465888e-05,0.027813814809751487
4,0.1,100,32,oracle_tail,300,5.025250116898485e-07,5.8739016922443046e-08,-3.10521097205078e-05,0.017145680073557264
4,0.1,100,32,tis,300,3.362440165472794e-05,1.935251391638449e-05,-0.00018193416680255907,1.1472329138366764
4,0.1,100,32,tis_anchored,300,1.252421455412641e-06,2.355613696763464e-07,-3.5815051368740155e-05,0.04273144041040753
4,0.1,100,32,uniform,300,2.9309132652303604e-05,1.7037553317520508e-05,-0.0001648631812949549,1.0
4,0.1,100,33,learned_occupancy,300,0.0023940587547644564,0.0003086894745202414,-0.009880548794784921,0.12647144053314072
4,0.1,100,33,oracle_tail,300,0.0002552618595771392,2.1060891445387764e-05,-0.00036750737777621427,0.013484771428287409
4,0.1,100,33,tis,300,0.024684583986765766,0.0071758907453986125,-0.013069292858114603,1.3040176601992866
4,0.1,100,33,tis_anchored,300,0.0018884424276125493,0.0001969539234259279,-0.007942803943907435,0.09976114149611108
4,0.1,100,33,uniform,300,0.018929639329419313,0.0018819394130498892,-0.016160834064254073,1.0
4,0.1,100,34,learned_occupancy,300,2.3399854893346734e-05,3.4639609652172398e-06,-0.0003724078598191986,0.0645997335988342
4,0.1,100,34,oracle_tail,300,5.624814890644432e-06,5.156898316974748e-07,-1.7133495306197824e-05,0.01552836738238494
4,0.1,100,34,tis,300,3.915385463898169e-05,1.158771543842619e-05,6.113309964794903e-05,0.10809163520774046
4,0.1,100,34,tis_anchored,300,1.3923949259704076e-05,1.6412498467583666e-06,-0.00012670386687025766,0.038439700456275795
4,0.1,100,34,uniform,300,0.00036222834971209574,8.709912299272549e-05,-0.0016042078229053184,1.0
4,0.1,100,35,learned_occupancy,300,0.008217405725663289,0.0005954225686726135,0.009756022544326996,0.10036249515021083
4,0.1,100,35,oracle_tail,300,0.0022242769509631553,0.00015311938776817058,0.001520012360807368,0.02716599279096037
4,0.1,100,35,tis,300,0.01060613631740185,0.0011381325464259605,0.020485136551364906,0.12953702667903713
4,0.1,100,35,tis_anchored,300,0.006250621879531817,0.0005323932005911927,0.011853137588153746,0.07634136965041692
4,0.1,100,35,uniform,300,0.0818772561738769,0.006770245875591565,0.074752226775475,1.0
4,0.1,100,36,learned_occupancy,300,4.333493136746186e-07,1.3149765739908066e-07,-3.101251594938385e-05,0.0864275604579457
4,0.1,100,36,oracle_tail,300,6.302480821962454e-08,1.0480959102808045e-08,-7.875137368342777e-06,0.012569722048393473
4,0.1,100,36,tis,300,2.41846736759793e-07,8.883128368824359e-08,1.3312813344075931e-05,0.048234121534938834
4,0.1,100,36,tis_anchored,300,3.4080258867048163e-07,1.153513358197595e-07,-2.6263307171525695e-05,0.06796996189235599
4,0.1,100,36,uniform,300,5.014017651064901e-06,4.855881190857669e-06,-2.1889664886602193e-05,1.0
4,0.1,100,37,learned_occupancy,300,0.0,0.0,0.0,0.0
4,0.1,100,37,oracle_tail,300,0.0,0.0,0.0,0.0
4,0.1,100,37,tis,300,0.0,0.0,0.0,0.0
4,0.1,100,37,tis_anchored,300,0.0,0.0,0.0,0.0
4,0.1,100,37,uniform,300,0.0,0.0,0.0,0.0
4,0.1,100,38,learned_occupancy,300,2.0712605194530223e-05,1.7619312953682782e-06,-0.0003094677605334099,0.09706319854633585
4,0.1,100,38,oracle_tail,300,1.2708099016767781e-05,1.1411669409504583e-06,-0.0003198677253466009,0.05955256359237542
4,0.1,100,38,tis,300,0.0003872739566578721,0.0001688720725314974,-0.0006495592078716372,1.8148392533854154
4,0.1,100,38,tis_anchored,300,2.3366202022726618e-05,2.406031872590127e-06,-0.0002845549891289778,0.1094984568529622
4,0.1,100,38,uniform,300,0.0002133929800864998,2.6038644799502146e-05,0.000536322584649415,1.0
4,0.1,100,39,learned_occupancy,300,0.0,0.0,0.0,0.0
4,0.1,100,39,oracle_tail,300,0.0,0.0,0.0,0.0
4,0.1,100,39,tis,300,0.0,0.0,0.0,0.0
4,0.1,100,39,tis_anchored,300,0.0,0.0,0.0,0.0
4,0.1,100,39,uniform,300,0.0,0.0,0.0,0.0
4,0.1,100,40,learned_occupancy,300,6.33664966054905e-05,7.781549524816285e-06,-0.00017087481051720162,0.07097162171568352
4,0.1,100,40,oracle_tail,300,1.779472002609439e-05,1.941810864942555e-06,2.0006631187802584e-05,0.019930408115998655
4,0.1,100,40,tis,300,0.003407401616308224,0.003045922209096318,0.0003481362900322719,3.816351408089085
4,0.1,100,40,tis_anchored,300,8.856010126287972e-05,1.5796536181645977e-05,-0.0005641362366978002,0.09918891437320096
4,0.1,100,40,uniform,300,0.0008928427316954994,0.00021081162761112893,0.00102239837568064,1.0
4,0.1,100,41,learned_occupancy,300,9.682362501056852e-05,9.47376317269549e-06,0.0002896280651314731,0.0917549300972432
4,0.1,100,41,oracle_tail,300,4.561768198002774e-05,3.914042739649777e-06,0.00041336860272763213,0.04322960662564372
4,0.1,100,41,tis,300,0.00018381215619835828,2.9921345641547132e-05,0.005279208134023792,0.1741896313132563
4,0.1,100,41,tis_anchored,300,8.916354174215038e-05,8.49281073169462e-06,0.00040535693356239004,0.08449585045881765
4,0.1,100,41,uniform,300,0.0010552416628507421,0.00015694640488251576,0.00254599164139372,1.0
4,0.1,100,42,learned_occupancy,300,0.0,0.0,0.0,0.0
4,0.1,100,42,oracle_tail,300,0.0,0.0,0.0,0.0
4,0.1,100,42,tis,300,0.0,0.0,0.0,0.0
4,0.1,100,42,tis_anchored,300,0.0,0.0,0.0,0.0
4,0.1,100,42,uniform,300,0.0,0.0,0.0,0.0
4,0.1,100,43,learned_occupancy,300,0.0,0.0,0.0,0.0
4,0.1,100,43,oracle_tail,300,0.0,0.0,0.0,0.0
4,0.1,100,43,tis,300,0.0,0.0,0.0,0.0
4,0.1,100,43,tis_anchored,300,0.0,0.0,0.0,0.0
4,0.1,100,43,uniform,300,0.0,0.0,0.0,0.0
4,0.1,100,44,learned_occupancy,300,0.00405427207581899,0.00031364715234413683,0.0005151599967536262,0.07243652041472344
4,0.1,100,44,oracle_tail,300,0.001532518556450607,0.0001342690410029335,0.001472523041800291,0.02738107103427489
4,0.1,100,44,tis,300,0.051662283725243056,0.011028803331560165,0.006913984596864881,0.9230352575631832
4,0.1,100,44,tis_anchored,300,0.0039243606306691775,0.0003794275240320243,0.002477427913336712,0.07011542975462025
4,0.1,100,44,uniform,300,0.05597000038940191,0.004603699607088423,-0.010325580867626393,1.0
4,0.1,100,45,learned_occupancy,300,0.008676253881951725,0.0015268032503903334,-0.008188806761694313,0.20949048713159873
4,0.1,100,45,oracle_tail,300,0.000861728239706135,7.073798059905002e-05,-0.0036535032813777998,0.020806660474357214
4,0.1,100,45,tis,300,0.006964446788863993,0.0013540305446021754,-0.006110486521846623,0.16815844375372488
4,0.1,100,45,tis_anchored,300,0.00648838812105555,0.0013427722491030276,-0.006651095540946802,0.15666387898195538
4,0.1,100,45,uniform,300,0.041415980270748214,0.0037298414483782037,0.007462943963281418,1.0
4,0.1,100,46,learned_occupancy,300,0.010254495757917708,0.000998376466865267,-0.008397607803004914,0.1304510432311084
4,0.1,100,46,oracle_tail,300,0.0016603426951723235,0.00014408977795746258,-0.0031561700514690307,0.021121802750675822
4,0.1,100,46,tis,300,0.02452321448142432,0.003780543683886094,-0.008680483201022883,0.311968427117633
4,0.1,100,46,tis_anchored,300,0.008770385105267928,0.0008886446830193253,-0.0059861126066483,0.11157115020866705
4,0.1,100,46,uniform,300,0.07860800116217345,0.005635638368850477,0.031007134544628875,1.0
4,0.1,100,47,learned_occupancy,300,1.1201060671677337e-08,1.8676533792060456e-09,-2.1952853846585185e-06,0.213332238133603
4,0.1,100,47,oracle_tail,300,1.2585568185035605e-09,1.6781230959656834e-10,-1.243399015168715e-06,0.023970117721848334
4,0.1,100,47,tis,300,4.8369194431219004e-08,2.568563465027713e-08,4.477744350096143e-06,0.9212260166417033
4,0.1,100,47,tis_anchored,300,1.1058511230570544e-08,3.780510464823286e-09,-4.555988063626633e-06,0.2106172817372948
4,0.1,100,47,uniform,300,5.250524144720443e-08,1.420912470763793e-08,-9.421888260301437e-06,1.0
4,0.1,100,48,learned_occupancy,300,0.005693870036579472,0.0005062579004775458,-0.009417424502813363,0.12472796143847574
4,0.1,100,48,oracle_tail,300,0.000853786744276578,6.514449724867497e-05,-0.0009133018232710088,0.018702759183591072
4,0.1,100,48,tis,300,0.0031390773638376524,0.00036371236735698357,-0.008149083375796864,0.06876355060333313
4,0.1,100,48,tis_anchored,300,0.003274374600131848,0.0002758869946712851,-0.00919628579102561,0.0717273253932074
4,0.1,100,48,uniform,300,0.045650309448760404,0.004235018239260075,0.002241580204097862,1.0
4,0.1,100,49,learned_occupancy,300,0.002676050324486606,0.0002351363427390404,-0.004450428012131086,0.07650633867825965
4,0.1,100,49,oracle_tail,300,0.0004348084479729238,4.020213193423435e-05,-0.0017424299864252364,0.012430858297542246
4,0.1,100,49,tis,300,0.003784290831821807,0.0009042789502051074,-0.0024358672073095315,0.10819013132420677
4,0.1,100,49,tis_anchored,300,0.0016677065440085812,0.00015035550611964488,-0.00570779438931031,0.04767852102943852
4,0.1,100,49,uniform,300,0.0349781517547257,0.0033381078094160787,-0.00623197284448276,1.0
4,0.1,200,0,learned_occupancy,300,0.0017403187978981339,0.0001951725948389228,-0.0015161209568539636,0.08962577022580698
4,0.1,200,0,oracle_tail,300,0.00029412966812855375,2.3403222179441443e-05,-0.0001622125929985422,0.015147568413396892
4,0.1,200,0,tis,300,0.0006802857152768558,0.0001467245079577515,-0.0018010256006894616,0.035034461087784595
4,0.1,200,0,tis_anchored,300,0.0008498488717564373,0.0001370966296477108,-0.002883012981862752,0.04376690052345347
4,0.1,200,0,uniform,300,0.019417616088693024,0.0016977574041784783,0.0034593587327722782,1.0
4,0.1,200,1,learned_occupancy,300,0.0005312966354067672,5.855311958403002e-05,-0.00028290763076505466,0.09405620207474064
4,0.1,200,1,oracle_tail,300,0.00010052859037981949,7.960156543351412e-06,-9.783024658124676e-06,0.017796719912999272
4,0.1,200,1,tis,300,0.001838333384220059,0.0011706318767533944,0.000959865025892747,0.32544278420766626
4,0.1,200,1,tis_anchored,300,0.00042381161210154443,5.1723885447025867e-05,-0.001251858955628405,0.07502797490694729
4,0.1,200,1,uniform,300,0.005648714531175506,0.0004456093137878962,0.005164011609569525,1.0
4,0.1,200,2,learned_occupancy,300,2.7947830933442052e-08,1.0526009251071875e-08,1.6671919864667355e-06,0.009367500849821847
4,0.1,200,2,oracle_tail,300,3.318953368626535e-08,1.0912185604646846e-08,-8.046632520812835e-06,0.011124404815232318
4,0.1,200,2,tis,300,5.24748269289533e-06,4.104037719834779e-06,-0.00011272898519687935,1.7588412747374675
4,0.1,200,2,tis_anchored,300,1.5919444980721095e-08,3.5318835920688487e-09,1.3678822984415363e-05,0.005335849309405807
4,0.1,200,2,uniform,300,2.983488486576819e-06,2.7880640743986077e-06,-4.963659113424483e-05,1.0
4,0.1,200,3,learned_occupancy,300,2.5109200206543665e-05,2.886751774545169e-06,-0.00011170045820802018,0.08002933357838245
4,0.1,200,3,oracle_tail,300,5.751902921761506e-06,4.575716119968192e-07,0.00010137405380653331,0.01833276065544138
4,0.1,200,3,tis,300,3.0507695133033147e-05,1.3303001545060522e-05,-0.00022961099797326264,0.0972356941051761
4,0.1,200,3,tis_anchored,300,1.4101620734552388e-05,1.4083462214304566e-06,-8.847825639806572e-05,0.044945410466209104
4,0.1,200,3,uniform,300,0.0003137499599687554,5.263820555550265e-05,0.0014871008880979128,1.0
4,0.1,200,4,learned_occupancy,300,0.002048601082841145,0.00017288660402888122,-0.0015208591700418528,0.07151564207585498
4,0.1,200,4,oracle_tail,300,0.0009700344178873684,7.785960368374258e-05,-0.0037488441869320734,0.03386341773025058
4,0.1,200,4,tis,300,0.003359949677291277,0.000368247488899867,0.004969901206227891,0.11729416748174205
4,0.1,200,4,tis_anchored,300,0.0017910493555796606,0.00016122270700649971,-0.0020014198183050894,0.06252463972936309
4,0.1,200,4,uniform,300,0.028645496612730425,0.002431518860043404,-0.003979125005904489,1.0
4,0.1,200,5,learned_occupancy,300,0.00013759741932498567,1.2294314225643574e-05,-0.0003984113342083447,0.05699391150803216
4,0.1,200,5,oracle_tail,300,3.5563759732730575e-05,2.897010425753792e-06,0.00029843269242234055,0.014730783360935501
4,0.1,200,5,tis,300,0.0005067517844088661,0.000316457867197827,-0.0012311322584400463,0.20990049449199083
4,0.1,200,5,tis_anchored,300,7.020327887636608e-05,5.532941253531881e-06,0.00014422572693522393,0.029078739147012186
4,0.1,200,5,uniform,300,0.0024142476921520653,0.00020452430183385347,0.00030914226547434773,1.0
4,0.1,200,6,learned_occupancy,300,0.0,0.0,0.0,0.0
4,0.1,200,6,oracle_tail,300,0.0,0.0,0.0,0.0
4,0.1,200,6,tis,300,0.0,0.0,0.0,0.0
4,0.1,200,6,tis_anchored,300,0.0,0.0,0.0,0.0
4,0.1,200,6,uniform,300,0.0,0.0,0.0,0.0
4,0.1,200,7,learned_occupancy,300,0.0004110688358684356,3.051108053540337e-05,0.0004863364197536435,0.08838521204409361
4,0.1,200,7,oracle_tail,300,9.223969936267111e-05,7.485136627403802e-06,0.00044911535632619884,0.01983274983575358
4,0.1,200,7,tis,300,0.0002492042886114632,2.069240419711856e-05,0.002940374312231638,0.05358220319642811
4,0.1,200,7,tis_anchored,300,0.0002469478062363076,1.8454530481851876e-05,0.0008795035340796124,0.05309702977582438
4,0.1,200,7,uniform,300,0.004650877973380452,0.0003664565063924418,0.0030496251058460323,1.0
4,0.1,200,8,learned_occupancy,300,0.004023325854876558,0.00032811504679966833,0.0016101642106385132,0.07342981440274499
4,0.1,200,8,oracle_tail,300,0.001162528769203749,0.00010334932532798924,0.0018687383666663065,0.021217339792901753
4,0.1,200,8,tis,300,0.015112296639077396,0.003227481972017421,0.004655736043291122,0.27581487988641357
4,0.1,200,8,tis_anchored,300,0.002299183343373932,0.00021680571636475707,-0.0006780841602870891,0.04196244904627802
4,0.1,200,8,uniform,300,0.054791447964304754,0.004551263599144096,0.018083288672317947,1.0
4,0.1,200,9,learned_occupancy,300,0.0004804719830599058,4.225432976938742e-05,1.0560967601656775e-05,0.05891827912024277
4,0.1,200,9,oracle_tail,300,0.0002757581424448899,2.360176698678723e-05,-0.0006231056074395322,0.033815073051245884
4,0.1,200,9,tis,300,0.017294218834304067,0.004319760278804128,0.011099837032406516,2.1207180613464476
4,0.1,200,9,tis_anchored,300,0.0005144843433831752,4.49305631707771e-05,0.0013949899275472787,0.06308907327623585
4,0.1,200,9,uniform,300,0.008154888266158273,0.0007773916333778607,-0.005875871130428344,1.0
4,0.1,200,10,learned_occupancy,300,0.0023273737705726025,0.000223545460057706,-0.002241633450115654,0.0918410536205444
4,0.1,200,10,oracle_tail,300,0.0005753984405707974,4.4187586287987745e-05,-0.00039910988371369746,0.022705935635185383
4,0.1,200,10,tis,300,0.0020394719400117626,0.00044589812551775284,-0.002350438311016069,0.08048009055036007
4,0.1,200,10,tis_anchored,300,0.001500279341774311,0.00014513596635250486,-0.0014812599441590146,0.059202882328518225
4,0.1,200,10,uniform,300,0.025341322631037198,0.001915020862001856,-0.008392033753389205,1.0
4,0.1,200,11,learned_occupancy,300,0.0,0.0,0.0,0.0
4,0.1,200,11,oracle_tail,300,0.0,0.0,0.0,0.0
4,0.1,200,11,tis,300,0.0,0.0,0.0,0.0
4,0.1,200,11,tis_anchored,300,0.0,0.0,0.0,0.0
4,0.1,200,11,uniform,300,0.0,0.0,0.0,0.0
4,0.1,200,12,learned_occupancy,300,0.001238896259914282,9.66844510679857e-05,0.0007845999105849356,0.07214493053561172
4,0.1,200,12,oracle_tail,300,0.0005155767583406219,4.105513078798455e-05,-0.0004762304775190566,0.03002369982038174
4,0.1,200,12,tis,300,0.030892997353934516,0.0038433597188768016,0.02120676248314084,1.7989990124682829
4,0.1,200,12,tis_anchored,300,0.0010752706099425792,8.325550403652498e-05,0.0005272297172437964,0.0626164804683966
4,0.1,200,12,uniform,300,0.01717232591003391,0.0014751425565323818,-0.0074145765514518425,1.0
4,0.1,200,13,learned_occupancy,300,0.0003217491544398112,2.7827731460031196e-05,-0.0007277885761872878,0.048789864257159025
4,0.1,200,13,oracle_tail,300,0.00017699267366263745,1.66582815879275e-05,0.00013387858566842178,0.026839071380146042
4,0.1,200,13,tis,300,0.020668931193361228,0.007302533230055333,0.006406137203412288,3.134225322271358
4,0.1,200,13,tis_anchored,300,0.00033173773751295194,2.9152698976891024e-05,-0.0007754374623498883,0.05030452748326257
4,0.1,200,13,uniform,300,0.006594590071904133,0.0005896845403983372,-0.0020869075077137953,1.0
4,0.1,200,14,learned_occupancy,300,0.00018126198352552719,1.8502889078156877e-05,-0.0008107133237726982,0.1111701921334589
4,0.1,200,14,oracle_tail,300,4.3039265328392685e-05,3.481391603495594e-06,-0.00030550474887625377,0.02639650798683058
4,0.1,200,14,tis,300,0.0003588173278167995,7.832806636051494e-05,-0.0010528559079860144,0.2200670570759269
4,0.1,200,14,tis_anchored,300,0.0001592794601021865,2.189017574329424e-05,-0.00039349601984870326,0.09768804157425529
4,0.1,200,14,uniform,300,0.001630490872120862,0.00017117334405527686,0.0018125248746032828,1.0
4,0.1,200,15,learned_occupancy,300,1.102751516521601e-05,9.687948923093555e-07,-0.00013744612711196722,0.057714059901614
4,0.1,200,15,oracle_tail,300,6.8521738667975375e-06,6.392602006395694e-07,3.0180514217167757e-05,0.03586182082542442
4,0.1,200,15,tis,300,5.153592492061061e-05,6.502461939353915e-06,0.0021363162009494802,0.2697205502228788
4,0.1,200,15,tis_anchored,300,1.115032165425782e-05,1.013135113113594e-06,2.351170618832832e-06,0.058356785026782945
4,0.1,200,15,uniform,300,0.00019107155490386183,2.26791778606884e-05,0.0012199906314434934,1.0
4,0.1,200,16,learned_occupancy,300,0.0008136438333498071,6.509139903651536e-05,1.3902601742852293e-05,0.05415668607946785
4,0.1,200,16,oracle_tail,300,0.00020653484243212842,1.737205148062712e-05,0.0010204479473919447,0.01374709936658526
4,0.1,200,16,tis,300,0.0012396655632860235,0.0002696674476884266,0.0009644774256438616,0.08251298172814177
4,0.1,200,16,tis_anchored,300,0.0004930339773931583,4.871735407006975e-05,0.001760108490299138,0.03281667634628679
4,0.1,200,16,uniform,300,0.015023885179309,0.0012544507138768587,-0.008885866739552429,1.0
4,0.1,200,17,learned_occupancy,300,0.00031180280318728715,2.4105371358902885e-05,-0.0008428147669354535,0.06056044971690306
4,0.1,200,17,oracle_tail,300,6.946869732197834e-05,5.204860882424284e-06,-0.0007010273345106969,0.013492680335331755
4,0.1,200,17,tis,300,0.0013690471502135597,0.0002893222750976998,-0.0020601155757009404,0.26590559883702203
4,0.1,200,17,tis_anchored,300,0.0001589743446235318,1.9980609043917636e-05,-0.0008376428395337306,0.03087707264154433
4,0.1,200,17,uniform,300,0.005148621000089101,0.00036539559428835824,0.005655351420176185,1.0
4,0.1,200,18,learned_occupancy,300,1.014010698867908e-05,1.0327480301561692e-06,-6.0703357791163096e-05,0.07473079820115848
4,0.1,200,18,oracle_tail,300,2.565922809198631e-06,2.299643622159039e-07,1.2178026215347397e-05,0.018910398072530758
4,0.1,200,18,tis,300,2.7118697787501717e-05,2.1558567489835295e-05,0.0007257638274232055,0.19986001470187573
4,0.1,200,18,tis_anchored,300,7.903945262566516e-06,8.381714445129719e-07,0.0001311829715010567,0.05825068108939207
4,0.1,200,18,uniform,300,0.00013568846088575417,4.381812410088649e-05,0.00047022144869133105,1.0
4,0.1,200,19,learned_occupancy,300,0.0003354608094915149,2.820655539004054e-05,0.0009600248231058451,0.08250696457472663
4,0.1,200,19,oracle_tail,300,7.747900736866755e-05,6.598597133114229e-06,-0.0002357411076693731,0.019056049277235556
4,0.1,200,19,tis,300,0.0002474513920421213,2.9811264714430023e-05,0.002415777187510649,0.06086094905730711
4,0.1,200,19,tis_anchored,300,0.00022134037031690165,2.329002350596035e-05,-0.0005104137092149333,0.05443891380449136
4,0.1,200,19,uniform,300,0.004065848394988374,0.00032449439447714446,0.0038537171302197542,1.0
4,0.1,200,20,learned_occupancy,300,0.00039849104758646234,3.367635857327087e-05,-0.0017684481278634851,0.08884595671315094
4,0.1,200,20,oracle_tail,300,0.0001530745094376686,1.1514123626073702e-05,-0.0005882391150765765,0.034128875220051355
4,0.1,200,20,tis,300,0.011415600624962155,0.002391507587852609,0.020045459671833875,2.545176272146853
4,0.1,200,20,tis_anchored,300,0.00039987362689334054,3.545093840739374e-05,-0.001428140671625188,0.08915421101897633
4,0.1,200,20,uniform,300,0.004485190573984532,0.00045444868796265254,0.0017830088431798053,1.0
4,0.1,200,21,learned_occupancy,300,0.003381922635011192,0.00028641133014857805,0.0013680768058215082,0.07589384105834722
4,0.1,200,21,oracle_tail,300,0.0007853270155202417,7.105012475344272e-05,0.0013886315071174118,0.017623550307655743
4,0.1,200,21,tis,300,0.004759236684004028,0.0013878318500838765,-0.0025453596282597416,0.10680219255035142
4,0.1,200,21,tis_anchored,300,0.0020855822726878965,0.00019652517853395487,0.0019135939126990193,0.04680262282728356
4,0.1,200,21,uniform,300,0.04456122641639877,0.003644454122652066,-0.001671621538067954,1.0
4,0.1,200,22,learned_occupancy,300,0.0003886077015320485,3.274055931630299e-05,-0.00017011867043386308,0.0780672055537585
4,0.1,200,22,oracle_tail,300,0.0002466367555678724,2.0712460387089092e-05,0.0005559965025414108,0.04954673368057602
4,0.1,200,22,tis,300,0.0111241910450367,0.003141850573958608,-0.007305118224197254,2.2347331396378407
4,0.1,200,22,tis_anchored,300,0.00041480837208526247,3.1998922353506805e-05,0.0008979747799917385,0.08333064507299658
4,0.1,200,22,uniform,300,0.004977861046460107,0.0006005319571264194,0.0057287955074449715,1.0
4,0.1,200,23,learned_occupancy,300,0.0001937070318416456,1.778393350229333e-05,-0.0009669007614844165,0.06707016590569544
4,0.1,200,23,oracle_tail,300,7.336558957670876e-05,5.965528303504987e-06,-0.0009220654361946205,0.025402496842249968
4,0.1,200,23,tis,300,0.0009583120673594285,0.0005725225273447661,-0.0008182909734729711,0.33181113115072974
4,0.1,200,23,tis_anchored,300,0.00015458177984769184,1.5196193469841174e-05,-0.0008433451146224143,0.05352322794795606
4,0.1,200,23,uniform,300,0.0028881251332225563,0.0003974287283838919,-0.0003388904360214122,1.0
4,0.1,200,24,learned_occupancy,300,0.00012386009442371906,1.2340971890642452e-05,-0.0015322268929366123,0.07777545790976556
4,0.1,200,24,oracle_tail,300,3.341237682720989e-05,2.8577036950845023e-06,-0.00024613006548839097,0.02098063076474006
4,0.1,200,24,tis,300,0.00028771006402507685,0.00016022963838532275,-0.0019318020894955785,0.18066175452965902
4,0.1,200,24,tis_anchored,300,7.324981161426098e-05,6.093680135837197e-06,-0.0011176345132670191,0.045995747594168114
4,0.1,200,24,uniform,300,0.0015925344286294078,0.00016164075776228467,0.002135850403522707,1.0
4,0.1,200,25,learned_occupancy,300,2.041843656952582e-06,2.949947824922758e-07,9.326456612139082e-05,0.043374007617038975
4,0.1,200,25,oracle_tail,300,1.108539922405512e-06,8.527907954044731e-08,3.9167567552595984e-05,0.023548237336628305
4,0.1,200,25,tis,300,1.5304166147549265e-05,7.856386012215735e-06,0.00010180207306141812,0.32509982671589405
4,0.1,200,25,tis_anchored,300,1.7792606853311033e-06,1.9856559669436725e-07,0.0001110530746138183,0.03779607035801638
4,0.1,200,25,uniform,300,4.707528238987231e-05,1.1158558597379258e-05,-1.8837201497177897e-05,1.0
4,0.1,200,26,learned_occupancy,300,4.201746141541451e-06,5.482774247874283e-07,2.538833980635739e-06,0.19165424501829315
4,0.1,200,26,oracle_tail,300,8.910299425129117e-07,7.658597757194661e-08,4.3255106406278427e-05,0.040642548399736675
4,0.1,200,26,tis,300,1.034056478920627e-06,1.2349031271210232e-07,8.079188480760576e-05,0.047166417745814274
4,0.1,200,26,tis_anchored,300,1.6350109446167682e-06,1.9202213792323827e-07,8.825337240987885e-05,0.07457775354134438
4,0.1,200,26,uniform,300,2.192357461813799e-05,2.081500082146037e-05,0.0007585408653267164,1.0
4,0.1,200,27,learned_occupancy,300,0.0034690087921956394,0.00032350461828659414,-0.008728354598113202,0.1003529184435287
4,0.1,200,27,oracle_tail,300,0.0005614901229457158,3.7736924482068324e-05,-0.0011365400711451927,0.016243018075245207
4,0.1,200,27,tis,300,0.0034500144541098916,0.0007695402463483769,-0.003935903724186866,0.09980344238999543
4,0.1,200,27,tis_anchored,300,0.0024599181851251467,0.00027752994914798443,-0.005858513299779222,0.07116152878164714
4,0.1,200,27,uniform,300,0.0345680907541094,0.002684091319042268,0.004309057963718299,1.0
4,0.1,200,28,learned_occupancy,300,0.0013485111310105275,0.00010609192375032103,-0.0032368441358583263,0.08369108150589287
4,0.1,200,28,oracle_tail,300,0.0002752297924094037,2.175497069187861e-05,0.0008860477334645411,0.017081267228490942
4,0.1,200,28,tis,300,0.0009443156364808406,0.0001421542708628025,-0.0007298138263578731,0.058605965559056374
4,0.1,200,28,tis_anchored,300,0.0008412511024518935,7.604492642428961e-05,-0.003573385856076865,0.05220959098013854
4,0.1,200,28,uniform,300,0.01611296098396788,0.0014176685440719812,-0.0008166751573232145,1.0
4,0.1,200,29,learned_occupancy,300,0.0,0.0,0.0,0.0
4,0.1,200,29,oracle_tail,300,0.0,0.0,0.0,0.0
4,0.1,200,29,tis,300,0.0,0.0,0.0,0.0
4,0.1,200,29,tis_anchored,300,0.0,0.0,0.0,0.0
4,0.1,200,29,uniform,300,0.0,0.0,0.0,0.0
4,0.1,200,30,learned_occupancy,300,5.159129166497536e-07,5.104505692223817e-08,2.5047015485631558e-05,0.05879512749471268
4,0.1,200,30,oracle_tail,300,0.00028287474162498334,0.00010826880271113877,0.003448922583654795,32.23733301131092
4,0.1,200,30,tis,300,0.0002474202087359215,9.150081795770175e-05,0.0033158285097594203,28.19681819920931
4,0.1,200,30,tis_anchored,300,3.7414949102201635e-07,5.6989654543842564e-08,2.3450049314932184e-05,0.042639302713282465
4,0.1,200,30,uniform,300,8.774756321366061e-06,2.4948001333783817e-06,-0.00011546480313382494,1.0
4,0.1,200,31,learned_occupancy,300,0.00013646329147745494,1.1673422399889563e-05,-0.0010636196579409966,0.0695154258574889
4,0.1,200,31,oracle_tail,300,4.2176389249280544e-05,3.3899073711766403e-06,-0.00026933431701590423,0.021484969533212044
4,0.1,200,31,tis,300,0.002915395362318754,0.0012266863528648609,-0.002968691513335276,1.4851242994385678
4,0.1,200,31,tis_anchored,300,8.933000614400086e-05,8.17970499627831e-06,-0.0006866317686129723,0.045505376220375295
4,0.1,200,31,uniform,300,0.0019630648851553245,0.00021881508904040095,0.00030041097139706335,1.0
4,0.1,200,32,learned_occupancy,300,2.937181986874432e-07,2.8747535073294384e-08,-3.834026046048618e-05,0.029925494175150794
4,0.1,200,32,oracle_tail,300,2.501158077284319e-07,2.8726227345719424e-08,-2.206540700626795e-05,0.025483062271041742
4,0.1,200,32,tis,300,1.4018796736631782e-05,9.529234579668068e-06,0.00025244162096749623,1.428305845396812
4,0.1,200,32,tis_anchored,300,3.614272040125771e-07,4.936370430759854e-08,-1.0730661033250636e-05,0.036824029756252916
4,0.1,200,32,uniform,300,9.814982401571758e-06,3.064251197705377e-06,-0.00013733269240604696,1.0
4,0.1,200,33,learned_occupancy,300,0.000977230803871685,0.00010813040799845911,0.001499565096286346,0.12568714061301553
4,0.1,200,33,oracle_tail,300,0.00012541761646556467,1.059592057776391e-05,-0.00034962290374361603,0.016130663844819287
4,0.1,200,33,tis,300,0.006752761239322555,0.0015645300850070628,0.0033428153747792886,0.8685105381965609
4,0.1,200,33,tis_anchored,300,0.0007307352804087345,7.252898842776948e-05,0.0012742409688049634,0.09398396732455386
4,0.1,200,33,uniform,300,0.007775105703777049,0.0006538477325143958,0.001578467539565349,1.0
4,0.1,200,34,learned_occupancy,300,1.0736014757088018e-05,1.047012652730426e-06,-0.0001066480918524156,0.09721668612090593
4,0.1,200,34,oracle_tail,300,3.207761395221797e-06,2.9440335360603394e-07,-5.96315694527864e-05,0.029046898664530224
4,0.1,200,34,tis,300,4.4926176552656944e-05,1.283405815779139e-05,-0.0003086689647914653,0.4068152012969748
4,0.1,200,34,tis_anchored,300,8.937511345548723e-06,1.2642746853706911e-06,-0.00016107186593744031,0.08093089054377521
4,0.1,200,34,uniform,300,0.00011043386876750672,2.3564912113646534e-05,0.00018298999850670258,1.0
4,0.1,200,35,learned_occupancy,300,0.0033258535862857306,0.0002656401297582627,0.0027336437264539894,0.09021868245098902
4,0.1,200,35,oracle_tail,300,0.0010996244822417645,8.189568929890412e-05,0.000863905602019904,0.029828935461195593
4,0.1,200,35,tis,300,0.00686380954040231,0.0011508419818049257,0.013229936562232718,0.1861909543712621
4,0.1,200,35,tis_anchored,300,0.0023392859525309295,0.00026992432746451677,0.004232779815111123,0.06345658070568949
4,0.1,200,35,uniform,300,0.03686435554068847,0.003526189216088768,0.016538132648623197,1.0
4,0.1,200,36,learned_occupancy,300,1.517133104848792e-07,2.8234902134689948e-08,-1.8873630774020415e-05,0.6366749809893832
4,0.1,200,36,oracle_tail,300,3.062585199393696e-08,4.041532257671703e-09,1.0507824928662756e-06,0.1285234214038646
4,0.1,200,36,tis,300,1.6933454866689485e-07,6.612363916585115e-08,-5.3423430443440745e-06,0.7106236770443835
4,0.1,200,36,tis_anchored,300,1.5530235079317687e-07,3.3098359464285746e-08,-2.6424026689643537e-05,0.6517366269501264
4,0.1,200,36,uniform,300,2.3829004596524122e-07,1.2266109326769694e-07,8.700699819212657e-05,1.0
4,0.1,200,37,learned_occupancy,300,0.0,0.0,0.0,0.0
4,0.1,200,37,oracle_tail,300,0.0,0.0,0.0,0.0
4,0.1,200,37,tis,300,0.0,0.0,0.0,0.0
4,0.1,200,37,tis_anchored,300,0.0,0.0,0.0,0.0
4,0.1,200,37,uniform,300,0.0,0.0,0.0,0.0
4,0.1,200,38,learned_occupancy,300,8.67454208343637e-06,7.104439144562803e-07,3.3321686920263125e-05,0.06602317004333219
4,0.1,200,38,oracle_tail,300,6.3125143756163455e-06,4.917326626677498e-07,3.5001189072379666e-05,0.04804544217015257
4,0.1,200,38,tis,300,0.00020697301311642784,0.0001378667115817562,0.0004575187368939071,1.5753009562844178
4,0.1,200,38,tis_anchored,300,1.0250482152690432e-05,9.087956211868833e-07,2.5230652604338507e-05,0.0780178734143767
4,0.1,200,38,uniform,300,0.00013138633115833596,2.0118798680965425e-05,0.0012134504840706868,1.0
4,0.1,200,39,learned_occupancy,300,0.0,0.0,0.0,0.0
4,0.1,200,39,oracle_tail,300,0.0,0.0,0.0,0.0
4,0.1,200,39,tis,300,0.0,0.0,0.0,0.0
4,0.1,200,39,tis_anchored,300,0.0,0.0,0.0,0.0
4,0.1,200,39,uniform,300,0.0,0.0,0.0,0.0
4,0.1,200,40,learned_occupancy,300,3.189859442450328e-05,3.435148745373654e-06,-2.509306017308403e-05,0.07010790302451782
4,0.1,200,40,oracle_tail,300,9.642998102660764e-06,9.237840098568026e-07,-0.0001824913140249033,0.0211937355875353
4,0.1,200,40,tis,300,0.0015448353224804827,0.0013707692612259016,0.0012813262697455796,3.3952958408134597
4,0.1,200,40,tis_anchored,300,4.176218093367407e-05,4.3373239976163195e-06,-5.395061956379177e-05,0.09178645591798613
4,0.1,200,40,uniform,300,0.00045499284743045083,8.017923926894668e-05,0.0017663271416528687,1.0
4,0.1,200,41,learned_occupancy,300,5.051675938799312e-05,5.90179819339888e-06,-0.00026519842104760695,0.07064304222788867
4,0.1,200,41,oracle_tail,300,2.1309249440332683e-05,1.6680474727474018e-06,-8.247829779276886e-06,0.029799025636150125
4,0.1,200,41,tis,300,0.00050795590152308,0.0002582960958357196,0.0006814990576253803,0.7103296140909829
4,0.1,200,41,tis_anchored,300,3.875220639877945e-05,5.825339939601937e-06,-0.00018131522611438615,0.05419139680015784
4,0.1,200,41,uniform,300,0.0007150988660005637,0.00012850456638156073,0.00011604259648622994,1.0
4,0.1,200,42,learned_occupancy,300,0.0,0.0,0.0,0.0
4,0.1,200,42,oracle_tail,300,0.0,0.0,0.0,0.0
4,0.1,200,42,tis,300,0.0,0.0,0.0,0.0
4,0.1,200,42,tis_anchored,300,0.0,0.0,0.0,0.0
4,0.1,200,42,uniform,300,0.0,0.0,0.0,0.0
4,0.1,200,43,learned_occupancy,300,0.0,0.0,0.0,0.0
4,0.1,200,43,oracle_tail,300,0.0,0.0,0.0,0.0
4,0.1,200,43,tis,300,0.0,0.0,0.0,0.0
4,0.1,200,43,tis_anchored,300,0.0,0.0,0.0,0.0
4,0.1,200,43,uniform,300,0.0,0.0,0.0,0.0
4,0.1,200,44,learned_occupancy,300,0.0017558265093201015,0.0001381390191118013,0.0024177748195267153,0.05341577961255537
4,0.1,200,44,oracle_tail,300,0.000694983615139417,6.054541584104014e-05,0.0007439796509995422,0.02114280165128561
4,0.1,200,44,tis,300,0.012263720902283348,0.003227601474162526,0.016313795417656488,0.3730870957176272
4,0.1,200,44,tis_anchored,300,0.0013146636249871482,0.00012539282046820604,0.0012118339087276709,0.03999471592677399
4,0.1,200,44,uniform,300,0.03287093293509461,0.002508024702523839,0.0072872074258921605,1.0
4,0.1,200,45,learned_occupancy,300,0.0027540648415387693,0.0004692838833315229,-0.001956158300950737,0.15258506179369988
4,0.1,200,45,oracle_tail,300,0.00047330246433091594,4.1862292664363515e-05,-0.0005795982495067091,0.026222652668806672
4,0.1,200,45,tis,300,0.0013248798587003675,0.00023956033837278218,-0.0006319798532164071,0.07340309206230362
4,0.1,200,45,tis_anchored,300,0.0015651577832461027,0.0002507032669617026,-0.0017086392190067674,0.08671535015132831
4,0.1,200,45,uniform,300,0.01804937396337236,0.0015356987755468826,0.005918523809346207,1.0
4,0.1,200,46,learned_occupancy,300,0.004128488037638574,0.00048538718662160125,-0.004737182403537962,0.0869477461447164
4,0.1,200,46,oracle_tail,300,0.0007088661261684529,6.46056431654013e-05,-0.0009476576039459801,0.014929027631126902
4,0.1,200,46,tis,300,0.00705540579278047,0.0011958276190123089,-0.00347981402267755,0.1485899017330136
4,0.1,200,46,tis_anchored,300,0.0032032202032191326,0.00044998376177310097,-0.004228746773361417,0.06746120481299218
4,0.1,200,46,uniform,300,0.04748240432554849,0.003345941352442141,0.017991119991041003,1.0
4,0.1,200,47,learned_occupancy,300,3.5385093859740338e-09,3.935108244806476e-10,9.794389453000226e-06,0.18662351100897476
4,0.1,200,47,oracle_tail,300,7.654579193625746e-10,8.314712293128335e-11,2.1765101448541676e-07,0.04037079709532715
4,0.1,200,47,tis,300,1.1740120737874512e-08,2.5706442611746387e-09,6.290382838938235e-06,0.6191823484928562
4,0.1,200,47,tis_anchored,300,3.563216153790249e-09,4.898392894782947e-10,4.585107860757276e-06,0.18792656358072213
4,0.1,200,47,uniform,300,1.8960683821899943e-08,2.7536766796666897e-09,-5.568144857511411e-06,1.0
4,0.1,200,48,learned_occupancy,300,0.002033745211053209,0.00017137245925232173,0.0007334469797998144,0.07590024745600997
4,0.1,200,48,oracle_tail,300,0.0004069352118312647,3.372133999832851e-05,0.001380330163240077,0.015186997421649364
4,0.1,200,48,tis,300,0.0015193037115211717,0.000133242671250723,-0.0005440288026324073,0.0567010690614353
4,0.1,200,48,tis_anchored,300,0.001621408338120213,0.00013727994267105775,-0.0007595555684134947,0.06051165771489666
4,0.1,200,48,uniform,300,0.026794974709824507,0.0022910507645085105,0.003245043602246061,1.0
4,0.1,200,49,learned_occupancy,300,0.0015361628461878407,0.00014895589077256922,-0.00010685988629259699,0.09449812264302691
4,0.1,200,49,oracle_tail,300,0.00028912623644964763,2.471282585902105e-05,0.0006570314971610484,0.01778580091240841
4,0.1,200,49,tis,300,0.0009188789500957123,0.00023902434361017922,0.000644385488558766,0.056525475756508854
4,0.1,200,49,tis_anchored,300,0.0008526670007534948,7.648067226283494e-05,0.0005734103429410682,0.05245240178202629
4,0.1,200,49,uniform,300,0.016256014439469876,0.001189880445294272,0.020865586550077413,1.0
4,0.1,400,0,learned_occupancy,300,0.0009522902581958175,0.00020689147586024466,0.0007471957130943241,0.10798077667587325
4,0.1,400,0,oracle_tail,300,0.00015627631087795826,1.3621059349383349e-05,0.0007636118845138788,0.017720266777287785
4,0.1,400,0,tis,300,0.000328465904763794,0.0001034151893881664,0.0004684820844158429,0.03724495047879055
4,0.1,400,0,tis_anchored,300,0.0003736544079769081,0.00010057455084311375,0.0003201286048073874,0.04236890258454536
4,0.1,400,0,uniform,300,0.008819072130350708,0.0007493842398520913,0.012429089978901913,1.0
4,0.1,400,1,learned_occupancy,300,0.00027804657677387703,2.3681141781537278e-05,-0.0014070994129519664,0.1038636141944848
4,0.1,400,1,oracle_tail,300,5.194738311740687e-05,4.353171890019614e-06,-0.0003231086800403308,0.01940481706742002
4,0.1,400,1,tis,300,0.0002927713921204992,4.557970337422613e-05,0.0012724042336275392,0.10936403271425807
4,0.1,400,1,tis_anchored,300,0.00021244499012923967,2.2973379043435692e-05,-0.0015450756745258613,0.07935830301654537
4,0.1,400,1,uniform,300,0.002677035446246212,0.000226293793122042,-0.0035740112329362955,1.0
4,0.1,400,2,learned_occupancy,300,9.2309309662744e-09,2.0022454976244523e-09,1.8646546689800777e-06,0.11920281470865801
4,0.1,400,2,oracle_tail,300,7.660654527113411e-09,1.6103542381145758e-09,4.7078063632606985e-06,0.09892518809628773
4,0.1,400,2,tis,300,8.850110030982039e-08,4.7446745679222356e-08,3.559178318406945e-05,1.1428511707310147
4,0.1,400,2,tis_anchored,300,2.0982237135524913e-08,6.323473336324695e-09,-4.659647038695406e-06,0.2709522728072745
4,0.1,400,2,uniform,300,7.743886743644094e-08,3.6691141972783025e-08,4.374386734376845e-05,1.0
4,0.1,400,3,learned_occupancy,300,1.1623590735711553e-05,7.776832899601484e-07,0.00031738499183591324,0.06636357688838734
4,0.1,400,3,oracle_tail,300,2.5753812471775163e-06,2.0494766841524202e-07,0.00011754474856096487,0.0147038480018811
4,0.1,400,3,tis,300,1.579646616553209e-05,6.913253240985198e-06,0.0002373468300159646,0.09018813727846933
4,0.1,400,3,tis_anchored,300,6.818298650912015e-06,7.647081759814836e-07,0.00023775655561141326,0.038928305121548795
4,0.1,400,3,uniform,300,0.00017515015435742,3.255544381873214e-05,0.001139845661491991,1.0
4,0.1,400,4,learned_occupancy,300,0.0009734376617510976,7.252177992071574e-05,0.0007055670121667027,0.07305622484715309
4,0.1,400,4,oracle_tail,300,0.00042068702801907913,3.213205764363009e-05,0.00012369003278633883,0.03157244404737331
4,0.1,400,4,tis,300,0.0013150705082581246,0.00015018015206838534,0.0027448765656473842,0.09869567463451094
4,0.1,400,4,tis_anchored,300,0.0006766411996410023,5.560927004599524e-05,0.0008162047939811012,0.05078173319583371
4,0.1,400,4,uniform,300,0.013324499914794478,0.0010631064937993142,0.012773607191042665,1.0
4,0.1,400,5,learned_occupancy,300,6.085954199738221e-05,5.076441425904427e-06,-0.0008651934336690707,0.05639433158438776
4,0.1,400,5,oracle_tail,300,1.7069334538405128e-05,1.598739667283197e-06,-0.0002070768263817868,0.01581697266017984
4,0.1,400,5,tis,300,2.740695371259573e-05,2.7063284104204813e-06,0.0004857872193795195,0.025396129919159963
4,0.1,400,5,tis_anchored,300,3.5829866867421424e-05,3.175623579944943e-06,-0.0007156499537870845,0.03320106143474997
4,0.1,400,5,uniform,300,0.0010791783551209002,9.334359076613433e-05,-0.0024419521023352764,1.0
4,0.1,400,6,learned_occupancy,300,0.0,0.0,0.0,0.0
4,0.1,400,6,oracle_tail,300,0.0,0.0,0.0,0.0
4,0.1,400,6,tis,300,0.0,0.0,0.0,0.0
4,0.1,400,6,tis_anchored,300,0.0,0.0,0.0,0.0
4,0.1,400,6,uniform,300,0.0,0.0,0.0,0.0
4,0.1,400,7,learned_occupancy,300,0.0001742284959105051,1.427841987036275e-05,0.0003361643700418722,0.08431805728096795
4,0.1,400,7,oracle_tail,300,4.344612993252351e-05,3.3677063257268825e-06,-0.00010552592215644123,0.021025798639555466
4,0.1,400,7,tis,300,0.00011446871426307475,8.570871047373902e-06,0.000690171523943656,0.05539725035031273
4,0.1,400,7,tis_anchored,300,0.00010987956786987373,9.342080098812189e-06,-0.00054476039103354,0.053176328299470756
4,0.1,400,7,uniform,300,0.0020663248363269812,0.00014933333672512,0.002944609695971984,1.0
4,0.1,400,8,learned_occupancy,300,0.0018331134464542346,0.00013309322308702342,-0.005132130515366073,0.05370711243647876
4,0.1,400,8,oracle_tail,300,0.0005842382839589907,4.417943021520885e-05,-0.0033824931080262705,0.017117190028241
4,0.1,400,8,tis,300,0.00824230581890219,0.0018454623939906357,-0.0052749820789998484,0.2414855699236041
4,0.1,400,8,tis_anchored,300,0.0011538251796455645,9.763578897478012e-05,-0.0035708522120617096,0.033805119249509435
4,0.1,400,8,uniform,300,0.034131670151180085,0.003027209636074792,-0.01972885710668972,1.0
4,0.1,400,9,learned_occupancy,300,0.00028594603855408443,2.2061510531645152e-05,-0.0012788159265487739,0.07854928642603792
4,0.1,400,9,oracle_tail,300,0.0001456034334469621,1.0881466047758212e-05,-0.0005736847888705743,0.039997217154231525
4,0.1,400,9,tis,300,0.01237031267560968,0.0022098112830230905,-0.0015336273286672235,3.398120982719356
4,0.1,400,9,tis_anchored,300,0.00026195029487408603,1.9978953833202544e-05,-0.0008089953573566448,0.07195766322028584
4,0.1,400,9,uniform,300,0.0036403390987304702,0.0003016539335340444,0.002791964515441063,1.0
4,0.1,400,10,learned_occupancy,300,0.0009478451126510788,7.85443364731384e-05,0.0010293504948588532,0.06948196590821888
4,0.1,400,10,oracle_tail,300,0.0002522708045720225,2.2539904225761696e-05,-8.423893729068451e-05,0.018492759216626076
4,0.1,400,10,tis,300,0.001223261169418914,0.00046608841387002725,0.000680426061259376,0.08967139223062197
4,0.1,400,10,tis_anchored,300,0.0005237090148585098,5.1396037981892636e-05,0.0007669723427164447,0.03839058874761658
4,0.1,400,10,uniform,300,0.013641598942423706,0.0010025540972081366,0.003910339148939904,1.0
4,0.1,400,11,learned_occupancy,300,0.0,0.0,0.0,0.0
4,0.1,400,11,oracle_tail,300,0.0,0.0,0.0,0.0
4,0.1,400,11,tis,300,0.0,0.0,0.0,0.0
4,0.1,400,11,tis_anchored,300,0.0,0.0,0.0,0.0
4,0.1,400,11,uniform,300,0.0,0.0,0.0,0.0
4,0.1,400,12,learned_occupancy,300,0.0006992208920880876,5.965300759379701e-05,-0.0005448159621238946,0.06626377372984577
4,0.1,400,12,oracle_tail,300,0.0002859331755342008,2.531092021952947e-05,4.290582315727839e-05,0.027097318543891014
4,0.1,400,12,tis,300,0.012229459202754561,0.0019046428336076985,0.0027372655372060826,1.1589615336431023
4,0.1,400,12,tis_anchored,300,0.0005275461734430408,4.205870570196197e-05,-0.000635822225739829,0.04999450197302132
4,0.1,400,12,uniform,300,0.010552083781687076,0.000906323566470713,0.00156490240181773,1.0
4,0.1,400,13,learned_occupancy,300,0.00017441217976509434,1.4497238569244948e-05,-0.00135016193897473,0.05615344093363714
4,0.1,400,13,oracle_tail,300,9.034103112930852e-05,6.984079878147974e-06,-7.840195172837295e-05,0.02908604067809929
4,0.1,400,13,tis,300,0.022987318236610873,0.00570485642952794,-0.010797207368672618,7.400956851527084
4,0.1,400,13,tis_anchored,300,0.000176020781362377,1.500363015140238e-05,-0.0004837006593410864,0.05667134349583448
4,0.1,400,13,uniform,300,0.003105992738204893,0.0002481063740281782,0.003930961168378469,1.0
4,0.1,400,14,learned_occupancy,300,7.72675624329104e-05,6.476043119622467e-06,0.0003737209166331897,0.08907452602341788
4,0.1,400,14,oracle_tail,300,2.2886584929096598e-05,1.8468061728297668e-06,0.00035413337610692877,0.026383797296880653
4,0.1,400,14,tis,300,0.00014805781390118925,2.7101988455930903e-05,0.001152659173992016,0.1706819677243323
4,0.1,400,14,tis_anchored,300,7.122332840500419e-05,9.295876630103303e-06,3.0537803861589255e-05,0.08210669548420774
4,0.1,400,14,uniform,300,0.000867448482550405,8.31674252421802e-05,-0.000342854137925667,1.0
4,0.1,400,15,learned_occupancy,300,4.861143488422125e-06,3.9010317926392665e-07,-0.0002141484021556635,0.041761342460698736
4,0.1,400,15,oracle_tail,300,2.934383822457e-06,2.3615061235636585e-07,4.2294599245037054e-05,0.025208843971099768
4,0.1,400,15,tis,300,2.65174686341321e-05,4.5512137843231996e-06,0.0003224311909434352,0.22780752953669337
4,0.1,400,15,tis_anchored,300,4.716052810902571e-06,5.400411481915188e-07,-0.00013001828687708125,0.04051489057418682
4,0.1,400,15,uniform,300,0.00011640295071924251,1.3383537506127645e-05,-0.00014680473508578375,1.0
4,0.1,400,16,learned_occupancy,300,0.0004426360335798596,3.4464529876399886e-05,-0.0012265937442971294,0.05488100193171105
4,0.1,400,16,oracle_tail,300,0.0001095703092120716,8.553453263561564e-06,-0.0012587213785597092,0.013585266212722298
4,0.1,400,16,tis,300,0.0013887253369421059,0.0006868058876134289,-0.0022938659321216984,0.17218353707659745
4,0.1,400,16,tis_anchored,300,0.00024567896103850685,2.3614940851710567e-05,-0.0021251993499150925,0.03046093519835967
4,0.1,400,16,uniform,300,0.00806537814543976,0.0008007892091196888,-0.0057597674124329635,1.0
4,0.1,400,17,learned_occupancy,300,0.0001274577790953199,9.885182172882644e-06,-0.0011677173043569368,0.05054521524721784
4,0.1,400,17,oracle_tail,300,3.11390186081504e-05,2.401319275394786e-06,-1.3462284768084309e-05,0.012348625633583446
4,0.1,400,17,tis,300,0.0005031050475174772,0.00016702263809534513,-0.00010444523489620143,0.1995135416545665
4,0.1,400,17,tis_anchored,300,9.327457522868078e-05,1.385979718214803e-05,-0.0009984841079745215,0.036989374171510235
4,0.1,400,17,uniform,300,0.002521658647053354,0.00020801933257689188,-0.006050102659851454,1.0
4,0.1,400,18,learned_occupancy,300,5.389718986990992e-06,5.284056685105887e-07,-0.00012690240046817476,0.05125723454607502
4,0.1,400,18,oracle_tail,300,1.4881016261764888e-06,1.3011780033813218e-07,-7.42183009247362e-05,0.014152124492098574
4,0.1,400,18,tis,300,1.3426066913453848e-05,7.286216222595581e-06,0.00010294075153083782,0.12768440478534201
4,0.1,400,18,tis_anchored,300,3.6378167023896156e-06,4.630411192907006e-07,-0.00018506303279886154,0.03459631650556874
4,0.1,400,18,uniform,300,0.00010515040529832301,1.907641110600663e-05,-0.0005141451576888553,1.0
4,0.1,400,19,learned_occupancy,300,0.0001406534555211853,1.1493731888835168e-05,0.00023284592431700225,0.06981434563683768
4,0.1,400,19,oracle_tail,300,4.860458603552809e-05,3.5404236085849437e-06,0.0001136249098142339,0.02412523287427284
4,0.1,400,19,tis,300,0.0003033294698781151,0.00016553183587884922,0.0011764998762165287,0.15055974539295852
4,0.1,400,19,tis_anchored,300,9.488504619395136e-05,8.212490319366352e-06,0.00014511069875552322,0.04709686929628308
4,0.1,400,19,uniform,300,0.002014678419430307,0.00016580123089371128,0.00023031403246952446,1.0
4,0.1,400,20,learned_occupancy,300,0.00018587800076055123,1.4563572005515652e-05,3.13948486369342e-06,0.08641796641983049
4,0.1,400,20,oracle_tail,300,8.082311438296036e-05,5.824598144489215e-06,-0.0007144009119107164,0.03757609376103811
4,0.1,400,20,tis,300,0.004575411179125198,0.0010262746233054736,0.0069456920796911285,2.1271894899704202
4,0.1,400,20,tis_anchored,300,0.00015291075143703667,1.1612429016526875e-05,-0.0006554349331682289,0.07109090978409818
4,0.1,400,20,uniform,300,0.00215091847750189,0.00017534332607667952,0.0008459452000807595,1.0
4,0.1,400,21,learned_occupancy,300,0.0016301817227368477,0.00016143461690457342,-0.000359062456383387,0.08009357092667686
4,0.1,400,21,oracle_tail,300,0.0003632009369536764,2.885304138378899e-05,-0.0012126629905324189,0.017844673142143087
4,0.1,400,21,tis,300,0.0008658498861253309,0.00010464819665181972,0.00013633454322836173,0.04254066175506309
4,0.1,400,21,tis_anchored,300,0.0008264732331363311,9.259192692456772e-05,-0.0027020179231105807,0.04060602053988937
4,0.1,400,21,uniform,300,0.020353465376506032,0.0015111571926459302,0.0007221096393697006,1.0
4,0.1,400,22,learned_occupancy,300,0.00016143476801898005,1.2311891505494662e-05,0.0009986051469646011,0.06553341155146498
4,0.1,400,22,oracle_tail,300,0.00011589553849377443,9.01933148331689e-06,0.000827592606146772,0.047047052591534785
4,0.1,400,22,tis,300,0.002605227543477662,0.0006625427225323947,0.0053723391095253275,1.057575458415878
4,0.1,400,22,tis_anchored,300,0.00016697839512661657,1.264348415509224e-05,0.001362932410669977,0.0677838115191466
4,0.1,400,22,uniform,300,0.0024633963683120845,0.00021071704338290493,-0.00042563894053682696,1.0
4,0.1,400,23,learned_occupancy,300,0.00010854751354957029,9.265954212444133e-06,0.00024569643658026646,0.0857324717318187
4,0.1,400,23,oracle_tail,300,3.742885213924183e-05,3.2425521549790887e-06,4.4627121970763166e-05,0.029561874823752467
4,0.1,400,23,tis,300,0.000592350698181253,0.00039279116068009464,-3.720157201048864e-05,0.4678475611876268
4,0.1,400,23,tis_anchored,300,7.4742391351894e-05,6.850731626270072e-06,0.00043050950264428956,0.059032673749993506
4,0.1,400,23,uniform,300,0.001266119025345726,0.00012345608936385763,-0.001230007355993945,1.0
4,0.1,400,24,learned_occupancy,300,5.6178299244637556e-05,4.66874393561937e-06,0.0001010478983427913,0.08480500486961529
4,0.1,400,24,oracle_tail,300,1.4897597805185496e-05,1.3012320772813125e-06,0.00018311763935438357,0.0224889480707254
4,0.1,400,24,tis,300,0.00026499240129538145,0.00013638068671339122,-0.0010774255401031659,0.400024247519579
4,0.1,400,24,tis_anchored,300,2.9976121606519687e-05,2.8950474159612998e-06,-0.00021510365751494268,0.04525101637098311
4,0.1,400,24,uniform,300,0.0006624408468699426,4.862933648687336e-05,0.0026262088051503046,1.0
4,0.1,400,25,learned_occupancy,300,7.748240770595276e-07,9.022943707677948e-08,4.6668438543013835e-05,0.04189220120219361
4,0.1,400,25,oracle_tail,300,4.7218509073200696e-07,5.0049512985077247e-08,4.4698126825267374e-05,0.025529502000880094
4,0.1,400,25,tis,300,5.234355407708194e-06,1.4253183682883491e-06,0.00032139584935774547,0.28300446049078476
4,0.1,400,25,tis_anchored,300,7.192855887180452e-07,7.286444903222658e-08,5.457161400340767e-05,0.03888941696128997
4,0.1,400,25,uniform,300,1.8495663985757695e-05,3.140537750641091e-06,0.000348054835329988,1.0
4,0.1,400,26,learned_occupancy,300,2.284754141537257e-06,2.458859288082862e-07,-2.0832847150589197e-05,0.03221152700048581
4,0.1,400,26,oracle_tail,300,5.315208928233738e-07,4.130460268839748e-08,-1.9296533050409496e-05,0.007493628867648226
4,0.1,400,26,tis,300,6.138157638925936e-07,5.16208528534455e-08,-2.05754656047293e-05,0.008653860252397614
4,0.1,400,26,tis_anchored,300,1.033464805813026e-06,1.1642092888758421e-07,-5.067671665744289e-05,0.014570267711211966
4,0.1,400,26,uniform,300,7.092970604910468e-05,2.53206181194054e-05,-0.0005566095760795416,1.0
4,0.1,400,27,learned_occupancy,300,0.0015482699175777797,0.00014609885433103403,-0.0006556716791196308,0.0865802384650533
4,0.1,400,27,oracle_tail,300,0.00032432492852339204,2.702994547751146e-05,-7.719536728446755e-05,0.018136456268327647
4,0.1,400,27,tis,300,0.0010227111704805732,0.00019819320034115205,0.0018488926338815293,0.05719065908069194
4,0.1,400,27,tis_anchored,300,0.0009115376465580014,0.00011182074252950382,-0.00039053013175474865,0.05097376491841611
4,0.1,400,27,uniform,300,0.017882486177289908,0.0014123157954813357,0.01729498103782097,1.0
4,0.1,400,28,learned_occupancy,300,0.0007485919069756551,6.436496241197563e-05,-0.0014497974467135122,0.07710708991863412
4,0.1,400,28,oracle_tail,300,0.0001304585178722811,1.072886366867827e-05,0.0001740476816676817,0.01343759740720367
4,0.1,400,28,tis,300,0.0004216231238425097,5.220092316880181e-05,0.0004008156470823806,0.043428377756903884
4,0.1,400,28,tis_anchored,300,0.0004963022469568986,5.970270091066347e-05,0.00011425321276541093,0.05112053927690974
4,0.1,400,28,uniform,300,0.009708470489102797,0.0007453752055022832,-0.0019039893412931218,1.0
4,0.1,400,29,learned_occupancy,300,0.0,0.0,0.0,0.0
4,0.1,400,29,oracle_tail,300,0.0,0.0,0.0,0.0
4,0.1,400,29,tis,300,0.0,0.0,0.0,0.0
4,0.1,400,29,tis_anchored,300,0.0,0.0,0.0,0.0
4,0.1,400,29,uniform,300,0.0,0.0,0.0,0.0
4,0.1,400,30,learned_occupancy,300,1.9959135609526725e-07,1.9416649356171275e-08,7.891218213970096e-06,0.05780804304040132
4,0.1,400,30,oracle_tail,300,1.2194583405396784e-05,6.023908636790963e-06,0.0005011405901547265,3.5319415437132586
4,0.1,400,30,tis,300,2.1663351825540133e-05,9.701142870039222e-06,0.0006911345356125236,6.2743998499235385
4,0.1,400,30,tis_anchored,300,1.5972370265736516e-07,1.4817880158903113e-08,-1.0865605282095458e-05,0.046261094961357246
4,0.1,400,30,uniform,300,3.4526572012786413e-06,6.716443620524244e-07,-1.135538829730757e-05,1.0
4,0.1,400,31,learned_occupancy,300,7.814561835610119e-05,6.399244056817715e-06,-0.0003066274149930089,0.08280633746916147
4,0.1,400,31,oracle_tail,300,2.2845628761029173e-05,1.7384618726580594e-06,0.00037465391470126473,0.02420817551484976
4,0.1,400,31,tis,300,0.0009388151171044528,0.0003950686424430379,-0.0008152559852097367,0.9948074254636972
4,0.1,400,31,tis_anchored,300,5.445657904921646e-05,5.262868492604273e-06,0.0001223250634639624,0.05770444916843403
4,0.1,400,31,uniform,300,0.0009437154298148254,7.797474877853278e-05,-0.0002315295079648753,1.0
4,0.1,400,32,learned_occupancy,300,1.3920021279782216e-07,1.1598634939629306e-08,-7.224843136857117e-06,0.043748205048626844
4,0.1,400,32,oracle_tail,300,1.220137833619073e-07,1.0745959921029065e-08,-2.4398295804539672e-05,0.038346809289927807
4,0.1,400,32,tis,300,2.863125289150334e-05,1.962521559923204e-05,-6.247967510268312e-05,8.998304651414838
4,0.1,400,32,tis_anchored,300,1.800580065540142e-07,1.662639664587444e-08,-1.044181234739335e-05,0.05658909877395857
4,0.1,400,32,uniform,300,3.181849692875373e-06,8.489859641125379e-07,-6.129410863146519e-05,1.0
4,0.1,400,33,learned_occupancy,300,0.00041626223121452147,4.1061003113794804e-05,-0.0008471748538754046,0.11260635828092379
4,0.1,400,33,oracle_tail,300,6.886595986403996e-05,5.2927490150036285e-06,4.5437510647103885e-05,0.018629470483507257
4,0.1,400,33,tis,300,0.0011330756392092707,0.00023671281302477246,0.003025908589266814,0.3065171707169161
4,0.1,400,33,tis_anchored,300,0.00029984225625743225,2.9232164863654826e-05,-0.0006474795013442739,0.0811126785088618
4,0.1,400,33,uniform,300,0.0036966139174490903,0.0003689921864798148,0.0015467812687392066,1.0
4,0.1,400,34,learned_occupancy,300,5.053239903055018e-06,4.551298830716667e-07,3.3225421818485754e-05,0.09086525578098799
4,0.1,400,34,oracle_tail,300,1.1946518090957168e-06,1.076310839795845e-07,0.00015629805273296752,0.02148173138130158
4,0.1,400,34,tis,300,2.365551207173141e-05,9.743460823691717e-06,0.0001293898629005626,0.4253635679811343
4,0.1,400,34,tis_anchored,300,3.6360780703561906e-06,3.8899792187355877e-07,2.18075676509318e-05,0.06538244180784133
4,0.1,400,34,uniform,300,5.561245450334519e-05,7.604626447734068e-06,-8.649537966168926e-05,1.0
4,0.1,400,35,learned_occupancy,300,0.0016306260668850596,0.00012042606548610707,0.0002914879002874493,0.07212171064458872
4,0.1,400,35,oracle_tail,300,0.0005801398623984123,4.830994490137986e-05,0.0005188663147851898,0.025659272925286244
4,0.1,400,35,tis,300,0.003963601847245931,0.0008348971454269943,0.008398146353589242,0.17530796995260986
4,0.1,400,35,tis_anchored,300,0.00112061465243372,9.442432113905003e-05,-0.00021168443525997597,0.0495641811131479
4,0.1,400,35,uniform,300,0.02260936481277715,0.0019263171207884906,0.01845734849201854,1.0
4,0.1,400,36,learned_occupancy,300,5.109158683379558e-08,6.770578743941362e-09,1.6706896511333726e-05,0.094041867140557
4,0.1,400,36,oracle_tail,300,1.6054469947092612e-08,1.6576758184463524e-09,-8.064730295724113e-07,0.029550703419880184
4,0.1,400,36,tis,300,5.3536036547804525e-08,1.4967840101955e-08,2.1275349289554174e-05,0.0985412501012863
4,0.1,400,36,tis_anchored,300,5.417596275355581e-08,8.720394297436443e-09,1.363513515124944e-05,0.09971913199829592
4,0.1,400,36,uniform,300,5.432855427831202e-07,3.8133743379845646e-07,5.075768160503665e-05,1.0
4,0.1,400,37,learned_occupancy,300,0.0,0.0,0.0,0.0
4,0.1,400,37,oracle_tail,300,0.0,0.0,0.0,0.0
4,0.1,400,37,tis,300,0.0,0.0,0.0,0.0
4,0.1,400,37,tis_anchored,300,0.0,0.0,0.0,0.0
4,0.1,400,37,uniform,300,0.0,0.0,0.0,0.0
4,0.1,400,38,learned_occupancy,300,4.052672574660764e-06,3.1537901750128457e-07,-0.00017720258084721923,0.05691382376678597
4,0.1,400,38,oracle_tail,300,2.7364208149037398e-06,2.2327948887720375e-07,-9.637118101005833e-05,0.03842900435257413
4,0.1,400,38,tis,300,0.00010052624730679122,3.992443681688217e-05,-0.0006747489869875168,1.4117432429472725
4,0.1,400,38,tis_anchored,300,4.719804766420633e-06,3.727844266881879e-07,-0.00018672489663022597,0.06628271387361853
4,0.1,400,38,uniform,300,7.120717439874143e-05,7.072581596802527e-06,-1.920796845389668e-05,1.0
4,0.1,400,39,learned_occupancy,300,0.0,0.0,0.0,0.0
4,0.1,400,39,oracle_tail,300,0.0,0.0,0.0,0.0
4,0.1,400,39,tis,300,0.0,0.0,0.0,0.0
4,0.1,400,39,tis_anchored,300,0.0,0.0,0.0,0.0
4,0.1,400,39,uniform,300,0.0,0.0,0.0,0.0
4,0.1,400,40,learned_occupancy,300,1.3217338745843566e-05,1.0904069354571846e-06,0.0001715560872821283,0.052574264774620176
4,0.1,400,40,oracle_tail,300,4.785764886949558e-06,4.1604436604679536e-07,-5.624008840602842e-05,0.0190362125957231
4,0.1,400,40,tis,300,0.0003122363683759473,0.00023744537400080757,0.0023371184002696785,1.2419744866132814
4,0.1,400,40,tis_anchored,300,1.8543798901278944e-05,2.4954603868303017e-06,-3.735320032338674e-05,0.07376118688565302
4,0.1,400,40,uniform,300,0.000251403206540401,2.9916862144369445e-05,0.0008412713302813406,1.0
4,0.1,400,41,learned_occupancy,300,2.3646141262024488e-05,1.7922846509849585e-06,-6.091313756522017e-05,0.07025055566139118
4,0.1,400,41,oracle_tail,300,1.1413665404772366e-05,9.733551264215545e-07,-9.202916546572718e-07,0.03390897178247711
4,0.1,400,41,tis,300,9.678304934774056e-05,2.55743606340253e-05,0.001969696086863384,0.2875337214618547
4,0.1,400,41,tis_anchored,300,1.8685838977849546e-05,1.5413292325707885e-06,-9.380955354053811e-05,0.05551394439571343
4,0.1,400,41,uniform,300,0.00033659721320923456,4.6264117934629554e-05,-3.059013514724226e-05,1.0
4,0.1,400,42,learned_occupancy,300,0.0,0.0,0.0,0.0
4,0.1,400,42,oracle_tail,300,0.0,0.0,0.0,0.0
4,0.1,400,42,tis,300,0.0,0.0,0.0,0.0
4,0.1,400,42,tis_anchored,300,0.0,0.0,0.0,0.0
4,0.1,400,42,uniform,300,0.0,0.0,0.0,0.0
4,0.1,400,43,learned_occupancy,300,0.0,0.0,0.0,0.0
4,0.1,400,43,oracle_tail,300,0.0,0.0,0.0,0.0
4,0.1,400,43,tis,300,0.0,0.0,0.0,0.0
4,0.1,400,43,tis_anchored,300,0.0,0.0,0.0,0.0
4,0.1,400,43,uniform,300,0.0,0.0,0.0,0.0
4,0.1,400,44,learned_occupancy,300,0.0010775124240952358,8.205512030911583e-05,0.0010562637128142649,0.06491120446805686
4,0.1,400,44,oracle_tail,300,0.0003238916644614988,2.6593683740450205e-05,-0.00015752946016236964,0.019511791778190575
4,0.1,400,44,tis,300,0.0020188712097835015,0.0003709024592583252,0.010521646465756509,0.12162027923062499
4,0.1,400,44,tis_anchored,300,0.0006369540554519712,5.659303393613344e-05,0.0011507408272732015,0.038371209468807586
4,0.1,400,44,uniform,300,0.01659979094403471,0.0013309279112203886,-0.006378677803187867,1.0
4,0.1,400,45,learned_occupancy,300,0.0008692863519747769,8.269050931091227e-05,0.0001807548417226775,0.09078469796364201
4,0.1,400,45,oracle_tail,300,0.00023692389690277977,1.9359961264685176e-05,-0.0007359918073215436,0.024743359161023642
4,0.1,400,45,tis,300,0.0004017823912235781,7.426489796907435e-05,-0.0014330994703299056,0.04196050352278021
4,0.1,400,45,tis_anchored,300,0.0004835180872926258,6.981040212089233e-05,-0.0008644049202087197,0.05049664407487742
4,0.1,400,45,uniform,300,0.009575251903386999,0.0009048885776575166,0.008565324117136876,1.0
4,0.1,400,46,learned_occupancy,300,0.0019160628799460785,0.00019120793499191553,-0.0004204220171657647,0.08191927844823672
4,0.1,400,46,oracle_tail,300,0.0003764288004143237,3.222346747478058e-05,0.0004865512152546399,0.016093822410433896
4,0.1,400,46,tis,300,0.0030804654907987204,0.0006699336636691168,-0.007238380998239044,0.13170210275042027
4,0.1,400,46,tis_anchored,300,0.001266908486696717,0.00021730834118767722,-0.002499095531430827,0.05416535656338337
4,0.1,400,46,uniform,300,0.023389645468579207,0.0020970574077816048,0.005451554710434657,1.0
4,0.1,400,47,learned_occupancy,300,2.1428360348721107e-09,2.80238438716913e-10,-4.7420345359020883e-07,0.008719958324323204
4,0.1,400,47,oracle_tail,300,4.988489244368595e-10,2.2219627619437539e-10,3.5459447075947284e-07,0.0020299928507980704
4,0.1,400,47,tis,300,2.18126346109006e-08,1.71662139261177e-08,-3.82950792267985e-06,0.08876333123737812
4,0.1,400,47,tis_anchored,300,2.5641851679599445e-09,5.088685212713818e-10,-3.5138740668516633e-06,0.010434577091565889
4,0.1,400,47,uniform,300,2.4573925186029215e-07,2.3599084695366922e-07,-2.8970591472070596e-05,1.0
4,0.1,400,48,learned_occupancy,300,0.0009946582305605648,8.016714251750806e-05,-0.003316923308515824,0.07745770971067108
4,0.1,400,48,oracle_tail,300,0.00019734414986769108,1.4589170971160617e-05,0.00020296468754820238,0.015367917746919028
4,0.1,400,48,tis,300,0.0006039813432286889,9.597566641199494e-05,-0.0019180563638383401,0.04703425771493715
4,0.1,400,48,tis_anchored,300,0.0006349735941593453,5.557161028601832e-05,-0.0028653202082933285,0.049447738750040174
4,0.1,400,48,uniform,300,0.012841307008378202,0.00095687540098323,-0.002552089569549243,1.0
4,0.1,400,49,learned_occupancy,300,0.0006761170449606676,5.470209848468446e-05,-0.0005962580380877957,0.0736018032827298
4,0.1,400,49,oracle_tail,300,0.00013538335476766974,1.116465006445232e-05,-9.655592016730422e-05,0.01473777228311959
4,0.1,400,49,tis,300,0.0004153315684402359,5.609067133774886e-05,-0.00157236249799073,0.04521281133982386
4,0.1,400,49,tis_anchored,300,0.0003818884306936861,3.471197323720231e-05,-0.0013560719898912167,0.041572206116327406
4,0.1,400,49,uniform,300,0.009186147822540024,0.0009072077433365447,0.0007919289090328041,1.0
4,0.2,50,0,learned_occupancy,300,0.009247837222403535,0.0013131598389024635,-0.014710431448150487,0.2025267063263178
4,0.2,50,0,oracle_tail,300,0.0008426856200756195,6.888285352885866e-05,-2.1036474509694703e-05,0.018454730441082465
4,0.2,50,0,tis,300,0.01112088326082753,0.001944221760744278,0.0063947611150407665,0.24354622644077084
4,0.2,50,0,tis_anchored,300,0.005762910481551517,0.0007628280603124193,-0.008734292483091956,0.12620716072451582
4,0.2,50,0,uniform,300,0.045662309875829955,0.0030679844985639954,0.0018980258995794422,1.0
4,0.2,50,1,learned_occupancy,300,0.0005348873944045271,5.413815506313796e-05,-0.0008318964875082635,0.09903382025142389
4,0.2,50,1,oracle_tail,300,0.0001179019141216379,1.0726548694872402e-05,-0.0002791483911100867,0.02182941137250005
4,0.2,50,1,tis,300,0.0034827992658221407,0.0016852661188014523,0.00037109545215976275,0.6448365021710852
4,0.2,50,1,tis_anchored,300,0.0005291579911287413,6.030252531625381e-05,-0.0012519379791157566,0.09797302745634641
4,0.2,50,1,uniform,300,0.005401057871407688,0.0005578349632291144,0.0018286970414743578,1.0
4,0.2,50,2,learned_occupancy,300,4.972689145925183e-08,3.196941040301499e-08,-7.755362355840548e-06,8.487787358399046
4,0.2,50,2,oracle_tail,300,3.235016285483064e-08,2.027934103363615e-08,-5.415135803182499e-06,5.521787010281643
4,0.2,50,2,tis,300,3.6999345947098308e-09,5.681917422298425e-10,4.1470911645425567e-05,0.631534712070536
4,0.2,50,2,tis_anchored,300,3.356877471302739e-08,1.6432232978357768e-08,9.45731847252329e-06,5.729789522026685
4,0.2,50,2,uniform,300,5.85864010955044e-09,3.1903832221252336e-09,4.0486855937709915e-05,1.0
4,0.2,50,3,learned_occupancy,300,4.435202970090238e-05,7.521027679832251e-06,-0.0007080265075367867,0.07594210829848214
4,0.2,50,3,oracle_tail,300,6.128198832775947e-06,5.354120383196387e-07,-1.3719123390956156e-05,0.010493056181909844
4,0.2,50,3,tis,300,6.450592709109124e-05,5.2424641655221244e-05,4.827769500780269e-05,0.11045077607679304
4,0.2,50,3,tis_anchored,300,2.243456926866342e-05,4.244347474017852e-06,-0.0001500991452689678,0.03841376596561877
4,0.2,50,3,uniform,300,0.0005840242086324703,0.0001717367710734089,-0.001455317726205405,1.0
4,0.2,50,4,learned_occupancy,300,0.0035220154743830496,0.0002786639262313434,0.0006868463913341149,0.11167529859666074
4,0.2,50,4,oracle_tail,300,0.0013306861596079818,0.0001146430868059513,7.18872436834624e-05,0.0421931065588791
4,0.2,50,4,tis,300,0.006606288797898432,0.0009737541358431053,0.003587810771676514,0.209470764534422
4,0.2,50,4,tis_anchored,300,0.0029110082211823525,0.0002387026215482275,-0.0005494995604823842,0.0923016138578491
4,0.2,50,4,uniform,300,0.03153799916939164,0.002414481541512036,0.016095483702597863,1.0
4,0.2,50,5,learned_occupancy,300,0.0002146408298590853,1.5646088432831708e-05,-0.0007123844259195995,0.08328885487648152
4,0.2,50,5,oracle_tail,300,5.0665309519732195e-05,4.08515617722145e-06,-0.00038753689047903145,0.01966007872142214
4,0.2,50,5,tis,300,0.0004985834933832091,0.0003223671772698282,0.0010421163003395328,0.19346947293982222
4,0.2,50,5,tis_anchored,300,0.0001130715896499266,8.901131860881045e-06,-0.0005897197708453857,0.043876103289335
4,0.2,50,5,uniform,300,0.0025770654450394414,0.00021813324383938544,0.0018117065392850473,1.0
4,0.2,50,6,learned_occupancy,300,0.0,0.0,0.0,0.0
4,0.2,50,6,oracle_tail,300,0.0,0.0,0.0,0.0
4,0.2,50,6,tis,300,0.0,0.0,0.0,0.0
4,0.2,50,6,tis_anchored,300,0.0,0.0,0.0,0.0
4,0.2,50,6,uniform,300,0.0,0.0,0.0,0.0
4,0.2,50,7,learned_occupancy,300,0.0004096684516715906,3.449520994166117e-05,-0.0017843763545066442,0.08864115740179311
4,0.2,50,7,oracle_tail,300,0.00012005180857736719,1.0692248663079814e-05,0.0007372726243041239,0.02597595986963402
4,0.2,50,7,tis,300,0.0005071160628791734,8.757787407506223e-05,-0.0006132780265548258,0.1097261811770791
4,0.2,50,7,tis_anchored,300,0.0002887789447699884,2.6566299658958494e-05,-0.0013101607620841006,0.062483942303178795
4,0.2,50,7,uniform,300,0.004621650525327002,0.0004630211285500048,0.00974248724198659,1.0
4,0.2,50,8,learned_occupancy,300,0.0053080762199114,0.00043619894020143933,-0.006385622049615374,0.100191330698841
4,0.2,50,8,oracle_tail,300,0.0013929466677556547,0.00012264462807564083,-0.004208256919490925,0.026292233655470173
4,0.2,50,8,tis,300,0.013884699059486732,0.0031678052349267743,-0.0059275962952509975,0.26207733602328376
4,0.2,50,8,tis_anchored,300,0.0032453622755103445,0.00028112076224496316,-0.0035772397876291844,0.06125706404958658
4,0.2,50,8,uniform,300,0.052979396349836116,0.0037940818942045823,0.012828708573416316,1.0
4,0.2,50,9,learned_occupancy,300,0.0005437860890771666,5.384895898715014e-05,-0.0012223197669431096,0.07203306259913712
4,0.2,50,9,oracle_tail,300,0.00031012745669610915,2.737871551020077e-05,-0.0014813836601509204,0.04108128352421298
4,0.2,50,9,tis,300,0.01111190978955858,0.004810447799816416,0.014146172076277936,1.4719480868398098
4,0.2,50,9,tis_anchored,300,0.0006454391045967708,5.3714852146099785e-05,-0.00219790891757787,0.08549861123562609
4,0.2,50,9,uniform,300,0.007549117994653757,0.0011765607521639638,0.006800177039010339,1.0
4,0.2,50,10,learned_occupancy,300,0.0037900843643672508,0.000350155007145949,-0.000758888548608619,0.10419358155967606
4,0.2,50,10,oracle_tail,300,0.0008619193060205931,7.891921660858298e-05,-0.0004842033929734287,0.02369510830788832
4,0.2,50,10,tis,300,0.0021647764801619664,0.00020481488139933562,0.0031028022433686824,0.059512082861480194
4,0.2,50,10,tis_anchored,300,0.0021717366029187046,0.000200615599514847,0.0018198484396821724,0.05970342427987647
4,0.2,50,10,uniform,300,0.03637541111106263,0.0028268115036568058,0.003967094082067103,1.0
4,0.2,50,11,learned_occupancy,300,0.0,0.0,0.0,0.0
4,0.2,50,11,oracle_tail,300,0.0,0.0,0.0,0.0
4,0.2,50,11,tis,300,0.0,0.0,0.0,0.0
4,0.2,50,11,tis_anchored,300,0.0,0.0,0.0,0.0
4,0.2,50,11,uniform,300,0.0,0.0,0.0,0.0
4,0.2,50,12,learned_occupancy,300,0.002034788795421068,0.00018670370491446385,-0.007557688851463942,0.09488260564721443
4,0.2,50,12,oracle_tail,300,0.0005843643666220453,4.890369130241405e-05,-0.0008394329453446884,0.027249026472553416
4,0.2,50,12,tis,300,0.028524961502704275,0.005147618153767945,0.0071705160647040495,1.3301246200360515
4,0.2,50,12,tis_anchored,300,0.0019358041427081996,0.00018256371223174424,-0.0031839657324671438,0.09026693163248797
4,0.2,50,12,uniform,300,0.021445330063833524,0.0021124361185260745,-0.0054453732355643405,1.0
4,0.2,50,13,learned_occupancy,300,0.0004162303594605051,4.327345422202489e-05,-0.0018219687023504176,0.06323794145421088
4,0.2,50,13,oracle_tail,300,0.00017307303677082007,1.489230651198957e-05,-0.00044317374841187365,0.026295012648288395
4,0.2,50,13,tis,300,0.018184028136766506,0.007929245051524158,-0.0015709488226219434,2.762702144564917
4,0.2,50,13,tis_anchored,300,0.0004309467881776983,4.724058168013716e-05,-0.0009650100530894686,0.0654738106945978
4,0.2,50,13,uniform,300,0.006581971991638719,0.0007945996663210828,-0.0009040334393895162,1.0
4,0.2,50,14,learned_occupancy,300,0.0001905833123521259,1.8872648269158808e-05,-0.0005041192908710042,0.1395799973517419
4,0.2,50,14,oracle_tail,300,5.2979232435068204e-05,5.685617949816522e-06,-7.960527349707055e-05,0.03880109455397263
4,0.2,50,14,tis,300,0.0002328601032934192,8.258900986087616e-05,0.0007392650132203648,0.17054280461328772
4,0.2,50,14,tis_anchored,300,0.00015372217099973422,1.942126002515568e-05,-0.00024672729588088416,0.11258352033153533
4,0.2,50,14,uniform,300,0.0013654056166218112,0.00025066997639156566,0.002288488884407911,1.0
4,0.2,50,15,learned_occupancy,300,1.2555063621641136e-05,1.1284192265609943e-06,-0.00033598250971995203,0.09287119068121627
4,0.2,50,15,oracle_tail,300,6.78281065024267e-06,6.633065440886071e-07,-0.00026631489414648285,0.050173198658067054
4,0.2,50,15,tis,300,8.164602668186761e-05,2.0516995490268443e-05,0.0014973776113740719,0.6039446665379975
4,0.2,50,15,tis_anchored,300,1.247918350357538e-05,1.3476206332496636e-06,-4.2922583710918915e-05,0.09230989707680547
4,0.2,50,15,uniform,300,0.0001351879256586345,2.9808224375538958e-05,0.0011856403042057328,1.0
4,0.2,50,16,learned_occupancy,300,0.0010631205172950803,7.97114474417821e-05,-0.0007767058253785401,0.06091209015287411
4,0.2,50,16,oracle_tail,300,0.00023910401448390937,1.8571598262999937e-05,2.4615862834542015e-05,0.013699599480230445
4,0.2,50,16,tis,300,0.003286317901797306,0.000739355201172784,0.0008431584009145195,0.18829143925713598
4,0.2,50,16,tis_anchored,300,0.0006818275455390197,5.923513589869548e-05,0.0014102869690634531,0.039065694102353714
4,0.2,50,16,uniform,300,0.0174533580218133,0.0015900445456003014,-0.013852349557681297,1.0
4,0.2,50,17,learned_occupancy,300,0.00042078072173664445,3.576020646025943e-05,-0.0003571018836727606,0.08224859501135834
4,0.2,50,17,oracle_tail,300,7.024114104921336e-05,5.203713701282874e-06,-0.0005908847933616072,0.013729800023747919
4,0.2,50,17,tis,300,0.002791479011754477,0.00033273032339770336,-0.0015987517459129985,0.5456410307319126
4,0.2,50,17,tis_anchored,300,0.0004929880425226697,5.053834667070171e-05,-0.0006000603055220063,0.09636271758730197
4,0.2,50,17,uniform,300,0.005115962426817572,0.00040427781706949223,0.005634105753432727,1.0
4,0.2,50,18,learned_occupancy,300,1.3975709218081694e-05,1.8700890940566732e-06,-0.00014116179120824858,0.06705237663001352
4,0.2,50,18,oracle_tail,300,2.598710714506111e-06,2.5338670342540956e-07,9.306607242201003e-06,0.012468042005057746
4,0.2,50,18,tis,300,0.00010146350063670248,9.769016013632546e-05,0.0002280990111670489,0.48679954288757177
4,0.2,50,18,tis_anchored,300,1.6119717734060535e-05,3.843817351214064e-06,2.6167743651129468e-05,0.07733885757120058
4,0.2,50,18,uniform,300,0.00020842973687864753,0.00011554887073949316,-0.00018400888410320912,1.0
4,0.2,50,19,learned_occupancy,300,0.00048662976276917636,6.246685467353123e-05,-0.0018553449237117652,0.13166815339625085
4,0.2,50,19,oracle_tail,300,8.059435951488399e-05,6.482073680015466e-06,-0.00040688754441172483,0.021806538159713423
4,0.2,50,19,tis,300,0.0004782921998607737,7.709738914339512e-05,-0.0006620607409544052,0.12941224634747636
4,0.2,50,19,tis_anchored,300,0.0003751357986935012,5.061419092209406e-05,-0.001233333942854391,0.10150106233890557
4,0.2,50,19,uniform,300,0.0036958805164122,0.00033053749023440407,-0.0007762324045660825,1.0
4,0.2,50,20,learned_occupancy,300,0.007091417989739869,0.0006727461705928567,0.0077332744117420546,0.14874081368818765
4,0.2,50,20,oracle_tail,300,0.0020337687755448545,0.00015765676865061364,0.00389233930736898,0.04265781864301971
4,0.2,50,20,tis,300,0.05424769111311544,0.004848059631484951,0.07749125349276716,1.1378324798431803
4,0.2,50,20,tis_anchored,300,0.006972561524992272,0.0006823791259112603,0.009306321819230216,0.1462478274752416
4,0.2,50,20,uniform,300,0.047676342584799504,0.003985452286236558,0.05068184148725583,1.0
4,0.2,50,21,learned_occupancy,300,0.004745532308368453,0.00040449563662094655,0.0014435646817318377,0.12101229181850959
4,0.2,50,21,oracle_tail,300,0.000787988886713828,6.188951574596205e-05,0.003063422533830241,0.020093918850916097
4,0.2,50,21,tis,300,0.005472341410123437,0.0008989651031697682,0.002097086295165765,0.13954611045099968
4,0.2,50,21,tis_anchored,300,0.0032672735237201426,0.00027147930544737815,0.002285789746482786,0.08331631341042253
4,0.2,50,21,uniform,300,0.039215291579517,0.0028192240509680153,0.012584300971718022,1.0
4,0.2,50,22,learned_occupancy,300,0.0004496665563478774,3.87436672654443e-05,0.0011523478139575845,0.07345738486366758
4,0.2,50,22,oracle_tail,300,0.00025994132717133833,2.069749494875816e-05,0.000636489267973288,0.042463932090215956
4,0.2,50,22,tis,300,0.008259364881936272,0.0033604703329893877,-0.0021068874797372872,1.3492472061731016
4,0.2,50,22,tis_anchored,300,0.0004627457139091848,3.800571369354845e-05,0.0015710976969688483,0.07559399186080931
4,0.2,50,22,uniform,300,0.006121461541034044,0.0006378985755969836,-0.0020388145407058095,1.0
4,0.2,50,23,learned_occupancy,300,0.0002047623515951148,1.7818396494642438e-05,0.0007358018377987552,0.08341881557613369
4,0.2,50,23,oracle_tail,300,7.172508310810928e-05,5.546611828217086e-06,0.00047501495504181256,0.02922032020714973
4,0.2,50,23,tis,300,0.0003651760566955438,9.36018281402551e-05,0.0006199841904149676,0.14877028852716148
4,0.2,50,23,tis_anchored,300,0.0001674953620970784,1.5887225197103433e-05,0.0006497043665285792,0.06823649275264167
4,0.2,50,23,uniform,300,0.0024546302915106092,0.0002897150985252469,-0.000549142913612779,1.0
4,0.2,50,24,learned_occupancy,300,0.0001646456821054417,1.3781704721389602e-05,-0.0014590017009330847,0.0841371112308237
4,0.2,50,24,oracle_tail,300,5.0024053365055194e-05,4.336696358894967e-06,-0.00014591703684956324,0.025563253699522323
4,0.2,50,24,tis,300,0.00010479089040278634,1.0635405198152618e-05,8.425336430374427e-05,0.05355016110382942
4,0.2,50,24,tis_anchored,300,9.781257440987908e-05,7.990368441532702e-06,-0.0016901792733504347,0.04998410737323075
4,0.2,50,24,uniform,300,0.0019568734853963425,0.0001440711388256994,0.0019216518092345437,1.0
4,0.2,50,25,learned_occupancy,300,8.886741038777903e-06,5.707123446387513e-06,-8.020856221161369e-05,0.3226023357362033
4,0.2,50,25,oracle_tail,300,1.200162778527542e-06,1.0908479971910094e-07,3.09240378154015e-05,0.04356775041909859
4,0.2,50,25,tis,300,2.1365701821596555e-05,4.841978562123533e-06,0.000756355979897901,0.775607760169207
4,0.2,50,25,tis_anchored,300,9.393380446443917e-06,5.697418795949117e-06,-8.5396423947189e-06,0.3409941236341365
4,0.2,50,25,uniform,300,2.754704493536192e-05,3.048572100336947e-06,0.0007377377636032041,1.0
4,0.2,50,26,learned_occupancy,300,5.013823639950161e-06,1.4522138624761392e-06,7.188825014585584e-05,15.735632176766636
4,0.2,50,26,oracle_tail,300,9.95593063564835e-07,1.300569909379004e-07,4.284082363274599e-05,3.1246185288942905
4,0.2,50,26,tis,300,1.4129058743036177e-06,2.3154826009105315e-07,3.507830319708471e-05,4.434333701186108
4,0.2,50,26,tis_anchored,300,2.1185616268090116e-06,4.2608055362902457e-07,5.419274526446305e-05,6.648998628043154
4,0.2,50,26,uniform,300,3.1862867558336657e-07,4.7944877521111e-08,0.0005053255771077965,1.0
4,0.2,50,27,learned_occupancy,300,0.003716574334306395,0.000358299486614167,-0.004398739082836359,0.09979330760056768
4,0.2,50,27,oracle_tail,300,0.0005936768534823707,5.0075729943865596e-05,-0.0022254249566836808,0.01594074852964294
4,0.2,50,27,tis,300,0.005759575387320393,0.0014295771570774281,-0.009446052508730696,0.15464969258654382
4,0.2,50,27,tis_anchored,300,0.002740599443170059,0.00026348141758193353,-0.0031536939005761956,0.07358751867753369
4,0.2,50,27,uniform,300,0.037242721217161594,0.0035507499460362218,0.008243305221904968,1.0
4,0.2,50,28,learned_occupancy,300,0.0018220590837826822,0.0001791326088887469,-0.0037688486357336584,0.08795813791772623
4,0.2,50,28,oracle_tail,300,0.0003378020360333439,2.845809312324246e-05,4.2659068114601815e-05,0.016307066186144272
4,0.2,50,28,tis,300,0.0037724903076016185,0.000572362190829187,0.008872193526846655,0.18211331658929075
4,0.2,50,28,tis_anchored,300,0.0012975948704462613,0.00011534285295590707,0.000930244572321448,0.06264013587259676
4,0.2,50,28,uniform,300,0.02071507113403184,0.0018537751895452818,-0.00454857562634996,1.0
4,0.2,50,29,learned_occupancy,300,0.0,0.0,0.0,0.0
4,0.2,50,29,oracle_tail,300,0.0,0.0,0.0,0.0
4,0.2,50,29,tis,300,0.0,0.0,0.0,0.0
4,0.2,50,29,tis_anchored,300,0.0,0.0,0.0,0.0
4,0.2,50,29,uniform,300,0.0,0.0,0.0,0.0
4,0.2,50,30,learned_occupancy,300,0.0007241693138866026,6.54450590676188e-05,0.00018209931835312388,0.146750939146502
4,0.2,50,30,oracle_tail,300,0.0002278795241110289,1.934324298322164e-05,0.000594989934049602,0.04617916491941833
4,0.2,50,30,tis,300,0.004073883873840885,0.000934747449904024,0.008358510893572873,0.8255614716002122
4,0.2,50,30,tis_anchored,300,0.0005751494089978833,5.233851571629913e-05,0.00022353667898928082,0.11655246128422904
4,0.2,50,30,uniform,300,0.004934682654150933,0.0003380564870045888,-0.0016883573393661232,1.0
4,0.2,50,31,learned_occupancy,300,0.00021564641061889157,2.4092132109673125e-05,-0.0023622440869825894,0.09683842187732306
4,0.2,50,31,oracle_tail,300,5.040310355150751e-05,4.33016430193035e-06,-0.0003066952156390338,0.022634074880445474
4,0.2,50,31,tis,300,0.0003385653886230293,7.42612408699453e-05,0.0016766405123304043,0.1520365576335938
4,0.2,50,31,tis_anchored,300,0.00013150804576787846,1.4908734992145098e-05,-0.001437369646839315,0.05905515227349895
4,0.2,50,31,uniform,300,0.00222686828676408,0.00033284575136565374,-0.0009217081448040551,1.0
4,0.2,50,32,learned_occupancy,300,4.6326976208482207e-07,9.79495637195442e-08,-2.5401551130429152e-05,0.0941844759769459
4,0.2,50,32,oracle_tail,300,3.562541129375121e-07,6.501820878757792e-08,-1.4567977667156265e-05,0.07242779410132925
4,0.2,50,32,tis,300,6.565577519226566e-06,2.994828736642612e-06,0.000142686067449751,1.33480647506873
4,0.2,50,32,tis_anchored,300,1.0716160361543495e-06,3.5299668024835633e-07,-5.1144329039543025e-05,0.2178635496508181
4,0.2,50,32,uniform,300,4.9187486290014435e-06,1.6004055681833638e-06,-6.587856379571821e-05,1.0
4,0.2,50,33,learned_occupancy,300,0.0009340730476407953,9.766184011565178e-05,-0.006359813556115831,0.11375542104525022
4,0.2,50,33,oracle_tail,300,0.00010736800811001669,8.867046323738805e-06,-0.00015110525271239055,0.013075736421464175
4,0.2,50,33,tis,300,0.009509674848784153,0.0029616308575372953,-0.0024274940351280607,1.1581289805536419
4,0.2,50,33,tis_anchored,300,0.0010537539572711098,0.00011891731584501036,-0.005725386216458734,0.1283306754115559
4,0.2,50,33,uniform,300,0.008211239860553414,0.0008352340725129098,0.0013334486132431274,1.0
4,0.2,50,34,learned_occupancy,300,1.1043927248544452e-05,1.4359184729891744e-06,-1.2279896954892068e-06,0.26626508393705134
4,0.2,50,34,oracle_tail,300,3.7264539259585494e-06,4.815344906847081e-07,-0.00011035290965640894,0.08984345378711898
4,0.2,50,34,tis,300,1.6474563683899194e-05,5.530308936649747e-06,0.0001252517086851975,0.3971957604753195
4,0.2,50,34,tis_anchored,300,9.918373212814862e-06,2.1147155909200517e-06,-0.00011522940123092517,0.23912838400644243
4,0.2,50,34,uniform,300,4.1477189142664255e-05,2.0335201181295528e-05,0.001052934545954723,1.0
4,0.2,50,35,learned_occupancy,300,0.006310861762685823,0.0005194250976015556,0.002907642164717268,0.08705079481039314
4,0.2,50,35,oracle_tail,300,0.0018768083335493717,0.00017345381316874703,0.0017315151341349428,0.025888327662038784
4,0.2,50,35,tis,300,0.008220360009577637,0.0012610423895944504,0.004386809376549588,0.11339004075360361
4,0.2,50,35,tis_anchored,300,0.004106511575774548,0.00032431521216120965,0.0025997451186865286,0.056644418783325955
4,0.2,50,35,uniform,300,0.07249631409376125,0.005245255644019824,0.014470204884691652,1.0
4,0.2,50,36,learned_occupancy,300,1.5988426119565272e-07,7.177487619308172e-08,1.4979148242829273e-06,4.954984384315239
4,0.2,50,36,oracle_tail,300,3.547248668848465e-08,8.705661557758952e-09,1.3629683954041738e-06,1.0993303299515182
4,0.2,50,36,tis,300,2.3117683996715736e-07,2.0183056898778486e-07,1.4415477486241872e-05,7.164417707449453
4,0.2,50,36,tis_anchored,300,3.505698340859813e-07,1.7675100571084668e-07,-2.434812816706433e-05,10.864534385797647
4,0.2,50,36,uniform,300,3.226735924774224e-08,1.2257390446941926e-08,6.436522681620686e-05,1.0
4,0.2,50,37,learned_occupancy,300,0.0,0.0,0.0,0.0
4,0.2,50,37,oracle_tail,300,0.0011265484105660774,0.00046816598487974144,0.007908615659259259,1.0
4,0.2,50,37,tis,300,0.00309825207913671,0.0013821728460801418,0.012264048568142939,2.7502165464685837
4,0.2,50,37,tis_anchored,300,0.0,0.0,0.0,0.0
4,0.2,50,37,uniform,300,0.0011265484105660774,0.00046816598487974144,0.007908615659259259,1.0
4,0.2,50,38,learned_occupancy,300,1.087725189885061e-05,8.646882272435745e-07,0.00024306325944622713,0.06772398488525226
4,0.2,50,38,oracle_tail,300,6.385685710667018e-06,5.413240809542836e-07,-0.00010222753208199838,0.039758579333524724
4,0.2,50,38,tis,300,0.0001695735320381211,0.00012280781770432532,0.0005319799725996211,1.055799334931471
4,0.2,50,38,tis_anchored,300,1.1873915782881275e-05,1.2127710524859075e-06,0.00013355148280196497,0.07392941714382688
4,0.2,50,38,uniform,300,0.00016061151624908692,3.353967739426974e-05,-0.00029565005767508384,1.0
4,0.2,50,39,learned_occupancy,300,0.0,0.0,0.0,0.0
4,0.2,50,39,oracle_tail,300,0.0,0.0,0.0,0.0
4,0.2,50,39,tis,300,1.976985580104367e-06,1.0771341589769698e-06,0.000176291892152749,1976985580.1043668
4,0.2,50,39,tis_anchored,300,0.0,0.0,0.0,0.0
4,0.2,50,39,uniform,300,0.0,0.0,0.0,0.0
4,0.2,50,40,learned_occupancy,300,4.303876733967794e-05,5.532288358814778e-06,-3.1412905196666806e-05,0.11619711430641011
4,0.2,50,40,oracle_tail,300,1.3778726760028022e-05,1.9671520348768915e-06,-9.082234110773247e-05,0.037200142738654664
4,0.2,50,40,tis,300,0.0003388250542024063,0.00018246939565819294,0.0019348843023394894,0.9147681494292353
4,0.2,50,40,tis_anchored,300,5.5284756528691385e-05,8.321026435724282e-06,0.000340582295962791,0.14925913474859467
4,0.2,50,40,uniform,300,0.00037039445941992443,0.0001086895561705412,0.0010331838915439281,1.0
4,0.2,50,41,learned_occupancy,300,7.12194690547778e-05,1.7168940103093248e-05,-0.0003647985333025779,0.122581958077527
4,0.2,50,41,oracle_tail,300,2.6195785862220434e-05,2.597312431207983e-06,-0.0007435069955243397,0.04508782172892595
4,0.2,50,41,tis,300,0.0004077931211460835,0.00024065384388111236,-0.0007161924446475595,0.7018878397167666
4,0.2,50,41,tis_anchored,300,6.011895837426925e-05,1.2226817560604656e-05,-0.0004373305795667622,0.10347591372004025
4,0.2,50,41,uniform,300,0.000580994708941874,0.0001421830254858034,0.00019390930773381424,1.0
4,0.2,50,42,learned_occupancy,300,0.0,0.0,0.0,0.0
4,0.2,50,42,oracle_tail,300,0.0,0.0,0.0,0.0
4,0.2,50,42,tis,300,0.0,0.0,0.0,0.0
4,0.2,50,42,tis_anchored,300,0.0,0.0,0.0,0.0
4,0.2,50,42,uniform,300,0.0,0.0,0.0,0.0
4,0.2,50,43,learned_occupancy,300,6.052268812618911e-07,6.042173277963169e-07,4.4915731515134396e-05,0.0003279971504466137
4,0.2,50,43,oracle_tail,300,0.0018452199369347892,0.00042222773290016765,0.015134999940740732,1.0
4,0.2,50,43,tis,300,0.0024794240252263345,0.0006725708319419657,0.015866687645930713,1.343701081696018
4,0.2,50,43,tis_anchored,300,7.956114056858149e-07,7.905967136222055e-07,5.488550901930011e-05,0.0004311742951398276
4,0.2,50,43,uniform,300,0.0018452199369347892,0.00042222773290016765,0.015134999940740732,1.0
4,0.2,50,44,learned_occupancy,300,0.002430409260909818,0.00019881467050905676,0.0002610670058887362,0.06438083553657696
4,0.2,50,44,oracle_tail,300,0.0007610131191970414,6.432501677445972e-05,0.0008885800757125551,0.020159016531175133
4,0.2,50,44,tis,300,0.04676499864040829,0.01147853765524118,-0.0015482192802382792,1.2387912335428217
4,0.2,50,44,tis_anchored,300,0.0024528909424075445,0.0002250404970028351,0.0027119303761182004,0.06497636875082624
4,0.2,50,44,uniform,300,0.03775050821651762,0.003599527097725255,0.0024385088846916652,1.0
4,0.2,50,45,learned_occupancy,300,0.011372315212036218,0.0012164795786630278,-0.01468289031506717,0.28143718802910306
4,0.2,50,45,oracle_tail,300,0.0014575981944231042,0.00011426902997022995,-0.0020316271848759165,0.036072016072907095
4,0.2,50,45,tis,300,0.00810564703210303,0.0010859492884523145,-0.014956780847932043,0.2005950824733662
4,0.2,50,45,tis_anchored,300,0.008401441579502842,0.0011048019390926664,-0.013231957904345776,0.20791527929366155
4,0.2,50,45,uniform,300,0.04040800468366043,0.0031932656842482868,0.002195735747722003,1.0
4,0.2,50,46,learned_occupancy,300,0.00912861116884354,0.000720512261490516,-0.0065227651722193575,0.10487234756280649
4,0.2,50,46,oracle_tail,300,0.0013855840777457877,0.00012089237393945337,-6.149689414580569e-05,0.015918024362215823
4,0.2,50,46,tis,300,0.014924292409792912,0.002786957721680845,-0.004159428819676187,0.17145495100839506
4,0.2,50,46,tis_anchored,300,0.00624677623486738,0.0005015721653148927,-0.006991310388496028,0.0717649241854043
4,0.2,50,46,uniform,300,0.08704497783246962,0.006523877639329397,0.013491921040143835,1.0
4,0.2,50,47,learned_occupancy,300,5.874804188522648e-09,1.5178581709997285e-09,1.256431878712642e-06,0.33022605225667656
4,0.2,50,47,oracle_tail,300,4.367977181497407e-09,3.3874189665123522e-09,-4.613408996195408e-06,0.24552645751344823
4,0.2,50,47,tis,300,1.5499161407738937e-08,5.631179262655181e-09,1.7475687524548532e-06,0.8712165921999447
4,0.2,50,47,tis_anchored,300,8.360275916622512e-09,3.508676161902701e-09,-3.867965662194272e-06,0.46993581796588885
4,0.2,50,47,uniform,300,1.7790250491673224e-08,5.65521894351759e-09,2.9730679070712657e-06,1.0
4,0.2,50,48,learned_occupancy,300,0.0026549758918857653,0.00022306262920062877,-0.0020671207121163147,0.10334672604105166
4,0.2,50,48,oracle_tail,300,0.0004913693931283382,3.8950358414033876e-05,6.097950274567276e-05,0.019126884809685923
4,0.2,50,48,tis,300,0.0017778008010558906,0.0004793447420469254,-0.004404804875791026,0.06920209441592572
4,0.2,50,48,tis_anchored,300,0.0015361493452741778,0.00015051782191039594,-0.003947585430088872,0.059795648626937536
4,0.2,50,48,uniform,300,0.025689985484698846,0.0024652123439030597,-9.0981564433259e-05,1.0
4,0.2,50,49,learned_occupancy,300,0.0015435437606009308,0.00015103424693249326,-0.0017761059831837283,0.0887091902617303
4,0.2,50,49,oracle_tail,300,0.000288455575805595,2.469754774029477e-05,-8.117959363646677e-05,0.01657786530537582
4,0.2,50,49,tis,300,0.001040285495851356,0.00015145638115786187,-0.0029718803823672603,0.059786373625111154
4,0.2,50,49,tis_anchored,300,0.000951666763065222,8.67151461895047e-05,-0.0033613962918142477,0.05469335570871723
4,0.2,50,49,uniform,300,0.01740004340076617,0.0020986767442999514,-0.012956834155574574,1.0
4,0.2,100,0,learned_occupancy,300,0.0029092391110803095,0.0003516375409865892,-0.00019384231820771536,0.1340984847608619
4,0.2,100,0,oracle_tail,300,0.0004473957381832407,3.5441579000460344e-05,2.8870544925655808e-06,0.020622261797024116
4,0.2,100,0,tis,300,0.003407854912075968,0.0012985090810713788,0.0034362501286069993,0.1570816844355398
4,0.2,100,0,tis_anchored,300,0.001716873635086054,0.0002735528477685276,-0.0019830549507969357,0.07913758347123956
4,0.2,100,0,uniform,300,0.021694794808967167,0.0017247096298688572,-0.012880881901346489,1.0
4,0.2,100,1,learned_occupancy,300,0.00026055327674473196,2.2450726696946135e-05,-0.0019451625900288327,0.10167410612336474
4,0.2,100,1,oracle_tail,300,4.8785565810892755e-05,4.411317160868453e-06,-0.0006642784336199403,0.019037291940890527
4,0.2,100,1,tis,300,0.003568643506552044,0.0021370461647060796,-0.00041397911054150545,1.3925698541765321
4,0.2,100,1,tis_anchored,300,0.0002550258050032799,2.8982183461615797e-05,-0.001013549852351831,0.0995171547487524
4,0.2,100,1,uniform,300,0.0025626315949962087,0.00021715515993212664,0.0028252607433262135,1.0
4,0.2,100,2,learned_occupancy,300,4.31518375493322e-09,7.433464986448283e-10,1.2826795142585705e-05,0.10060024118739791
4,0.2,100,2,oracle_tail,300,3.6669979461465303e-09,6.371418822457132e-10,1.3756892350282139e-05,0.08548903100460034
4,0.2,100,2,tis,300,6.635421240583781e-08,4.472922810567546e-08,2.1708726383926623e-05,1.5469213250063365
4,0.2,100,2,tis_anchored,300,6.304042562003774e-09,1.1254063611818046e-09,1.3759486623146817e-05,0.14696667354389778
4,0.2,100,2,uniform,300,4.289436788620521e-08,2.8349898417690412e-08,2.4630967048794676e-05,1.0
4,0.2,100,3,learned_occupancy,300,1.3031479661650007e-05,1.6108633140578816e-06,0.0002518719132630413,0.09920962483018823
4,0.2,100,3,oracle_tail,300,2.8891743842647753e-06,2.6079828752994975e-07,3.507025186280692e-05,0.0219954996803184
4,0.2,100,3,tis,300,5.618717402549507e-06,9.362519573245425e-07,0.00020773456076655556,0.042775713887213795
4,0.2,100,3,tis_anchored,300,5.865983131014325e-06,5.010438598891703e-07,0.00028161067258315834,0.04465816628642598
4,0.2,100,3,uniform,300,0.00013135297793893775,2.816866354524745e-05,0.001251494728424197,1.0
4,0.2,100,4,learned_occupancy,300,0.0015111285435932295,0.00013626033808446396,-0.003279442682479497,0.08319378977778384
4,0.2,100,4,oracle_tail,300,0.0006313441765943276,5.321241309513266e-05,-0.0006893022779361014,0.034758071990436235
4,0.2,100,4,tis,300,0.0032609715639699602,0.00043081154130430993,-0.0029517465460256204,0.17952978514928727
4,0.2,100,4,tis_anchored,300,0.0015331246157058926,0.00013340441091282793,-0.00276885732489008,0.0844047632631543
4,0.2,100,4,uniform,300,0.018163958483314133,0.0014049618238299534,-0.00772402208258728,1.0
4,0.2,100,5,learned_occupancy,300,9.408255920844761e-05,8.180299702105548e-06,0.0009331787865219162,0.07835622245588279
4,0.2,100,5,oracle_tail,300,2.5049549963426233e-05,2.1211485419222373e-06,8.642368108333187e-05,0.02086240134056365
4,0.2,100,5,tis,300,6.04762024388686e-05,1.73951063683951e-05,0.001720685985059071,0.0503673243102161
4,0.2,100,5,tis_anchored,300,4.786639776733867e-05,4.4827984371913e-06,0.00028525769853178674,0.039865307057703775
4,0.2,100,5,uniform,300,0.001200703100017606,0.0001000462455095582,0.0034302003466924386,1.0
4,0.2,100,6,learned_occupancy,300,0.0,0.0,0.0,0.0
4,0.2,100,6,oracle_tail,300,0.0,0.0,0.0,0.0
4,0.2,100,6,tis,300,0.0,0.0,0.0,0.0
4,0.2,100,6,tis_anchored,300,0.0,0.0,0.0,0.0
4,0.2,100,6,uniform,300,0.0,0.0,0.0,0.0
4,0.2,100,7,learned_occupancy,300,0.00022435534115212467,2.0900032564117062e-05,-0.00019264274174157474,0.09912945611357586
4,0.2,100,7,oracle_tail,300,5.2083399434040615e-05,4.155775341203173e-06,0.00029396438689600695,0.023012597034370523
4,0.2,100,7,tis,300,0.00019113467603462108,2.2146717984126096e-05,0.0007505533905087095,0.0844511941746437
4,0.2,100,7,tis_anchored,300,0.00013956811696085326,1.6256440328710006e-05,-0.0003420414665016317,0.06166695855813952
4,0.2,100,7,uniform,300,0.002263256048687218,0.0002664660757522068,0.008192292159579154,1.0
4,0.2,100,8,learned_occupancy,300,0.002017576759840074,0.0001880632651624313,-0.0002026357139613366,0.06494024632200282
4,0.2,100,8,oracle_tail,300,0.0006160408492190251,4.7722237494702223e-05,0.00014964043760557082,0.019828660445053107
4,0.2,100,8,tis,300,0.00570316580944608,0.0013629631773793445,-0.0014889116471187463,0.1835692201916573
4,0.2,100,8,tis_anchored,300,0.0012550676361550621,0.00010477830386001676,-0.0015817543130336625,0.040397174999747765
4,0.2,100,8,uniform,300,0.031068203065261334,0.0028491359876911737,-0.009543643040472597,1.0
4,0.2,100,9,learned_occupancy,300,0.0002941065744732221,2.2995420974336014e-05,-0.000400779248769821,0.07091072072256943
4,0.2,100,9,oracle_tail,300,0.0001454831782358417,1.2540873811623245e-05,0.0005797346228639648,0.0350767984027261
4,0.2,100,9,tis,300,0.014558641777416337,0.0037323064777693314,-0.0030463479833287128,3.5101690026051986
4,0.2,100,9,tis_anchored,300,0.0003000610327274962,2.2728633654284913e-05,0.00035337728648258347,0.07234637351978858
4,0.2,100,9,uniform,300,0.004147561489663636,0.0004070083968617655,0.003719510333454785,1.0
4,0.2,100,10,learned_occupancy,300,0.0016792225376908087,0.00014115734662029295,-0.0005302829331762345,0.08661526023268404
4,0.2,100,10,oracle_tail,300,0.00044277405489363754,3.6966564145096e-05,-0.0006117087850186846,0.02283853934073068
4,0.2,100,10,tis,300,0.001870731097851552,0.00042013361125240194,0.0024476418588791223,0.09649338144818409
4,0.2,100,10,tis_anchored,300,0.0011052238251407368,9.968283364222338e-05,-0.0008039227131309379,0.057008077893934146
4,0.2,100,10,uniform,300,0.01938714417274427,0.0015267111502754649,-0.009422052122562634,1.0
4,0.2,100,11,learned_occupancy,300,0.0,0.0,0.0,0.0
4,0.2,100,11,oracle_tail,300,0.0,0.0,0.0,0.0
4,0.2,100,11,tis,300,0.0,0.0,0.0,0.0
4,0.2,100,11,tis_anchored,300,0.0,0.0,0.0,0.0
4,0.2,100,11,uniform,300,0.0,0.0,0.0,0.0
4,0.2,100,12,learned_occupancy,300,0.000730365328131202,6.474516192813437e-05,-0.0009608560014282393,0.07270874559615809
4,0.2,100,12,oracle_tail,300,0.00025505338056968946,2.1285357740014878e-05,-0.0009162614747121567,0.02539087035899151
4,0.2,100,12,tis,300,0.024628418741299205,0.004527566452516985,-0.00041601290329579857,2.4517886648297966
4,0.2,100,12,tis_anchored,300,0.0007393525618229895,6.552935083072552e-05,-0.0015509058210119802,0.0736034355039901
4,0.2,100,12,uniform,300,0.01004508222694182,0.0009439436519309478,0.010622915864435601,1.0
4,0.2,100,13,learned_occupancy,300,0.00021378886149653724,4.4625810991610964e-05,0.0011471560723746214,0.07102497081228897
4,0.2,100,13,oracle_tail,300,9.749269236027979e-05,8.20114709542122e-06,0.0011537027220966337,0.03238903832888644
4,0.2,100,13,tis,300,0.013457252019486636,0.0058297251709853075,-0.003070481216192341,4.4707704845190746
4,0.2,100,13,tis_anchored,300,0.00017317890120085972,1.4143907943240602e-05,0.0011344312448314249,0.057533523107772204
4,0.2,100,13,uniform,300,0.003010052085224466,0.00032295923929786646,-0.00043678023568583115,1.0
4,0.2,100,14,learned_occupancy,300,9.361852131189458e-05,8.598339264121656e-06,-0.0001241279705253362,0.11559153529663825
4,0.2,100,14,oracle_tail,300,2.054887406327495e-05,1.6772418498157292e-06,0.00034278262590478576,0.025371858776511495
4,0.2,100,14,tis,300,0.00019277460613616662,6.588830514766307e-05,-0.0003022881096141402,0.2380203444492248
4,0.2,100,14,tis_anchored,300,7.868611547962094e-05,7.295344741010678e-06,-0.0001579300815244844,0.09715437466178337
4,0.2,100,14,uniform,300,0.000809908105049776,0.00011562180345684191,0.0026167724834819726,1.0
4,0.2,100,15,learned_occupancy,300,5.7286699493377815e-06,6.13628226133914e-07,4.454506246219422e-06,0.04429871697425905
4,0.2,100,15,oracle_tail,300,3.0312458858965393e-06,2.4788896943848884e-07,4.674364499292297e-06,0.02344004887107179
4,0.2,100,15,tis,300,5.159208721686317e-05,1.22983104891796e-05,0.0014997367298957502,0.3989518142854963
4,0.2,100,15,tis_anchored,300,6.94197944737257e-06,7.037596001076159e-07,0.00016015317457107012,0.0536810089427179
4,0.2,100,15,uniform,300,0.00012931909410980407,2.9343357036224377e-05,0.0002649395671686901,1.0
4,0.2,100,16,learned_occupancy,300,0.0005179477905649285,4.1680351486450264e-05,-0.0028808872235238027,0.06401552303323246
4,0.2,100,16,oracle_tail,300,9.979559282993652e-05,7.836645876050282e-06,-0.00010174667901047485,0.01233419118257451
4,0.2,100,16,tis,300,0.005493316175193305,0.002955115127891831,-0.0026852789650282393,0.6789439293840035
4,0.2,100,16,tis_anchored,300,0.00042974332726153217,5.56298032447247e-05,-0.002811745449835888,0.053113932264645815
4,0.2,100,16,uniform,300,0.008090971783453922,0.0007416021466193618,0.004855455689540912,1.0
4,0.2,100,17,learned_occupancy,300,0.00015150702201436505,1.0763356320169254e-05,0.0003141098123817132,0.05521941935880392
4,0.2,100,17,oracle_tail,300,3.377762037992674e-05,2.744302840155242e-06,-0.000263969743407797,0.01231085239418679
4,0.2,100,17,tis,300,0.0008025349808986351,0.00016153370579956124,-0.000274738610154881,0.29249809725749665
4,0.2,100,17,tis_anchored,300,0.00011572914527936223,1.2135593535694871e-05,-7.424930202884817e-05,0.042179538085113544
4,0.2,100,17,uniform,300,0.002743727184632366,0.00023228846955983644,0.00013179137658087943,1.0
4,0.2,100,18,learned_occupancy,300,7.87389441856491e-06,1.1472606544986868e-06,-0.00028297155249662253,0.061726761318801684
4,0.2,100,18,oracle_tail,300,1.406230784112175e-06,1.7527573726494186e-07,-7.649558402687292e-05,0.01102403300778118
4,0.2,100,18,tis,300,5.593152799161196e-05,3.6993272118956433e-05,3.442103933327149e-05,0.43847071029984064
4,0.2,100,18,tis_anchored,300,6.673153395332881e-06,1.3005036398374132e-06,-3.6569923281109717e-05,0.05231364874619929
4,0.2,100,18,uniform,300,0.0001275604656770897,4.5090547145227593e-05,-0.0006330058303995223,1.0
4,0.2,100,19,learned_occupancy,300,0.00018043888792310347,2.008030536964485e-05,-0.0009364874110200254,0.10528474996449826
4,0.2,100,19,oracle_tail,300,4.2837157234453136e-05,3.7220928241427163e-06,-0.0004396069178787121,0.02499516285281772
4,0.2,100,19,tis,300,0.0011697248344250276,0.0007201359901622073,-0.0016929341472432813,0.682525746734745
4,0.2,100,19,tis_anchored,300,0.0001239592057527971,1.5554144797345626e-05,-0.0006033424213824409,0.07232927521168778
4,0.2,100,19,uniform,300,0.001713817888953025,0.0001269988077031862,0.004005608688952406,1.0
4,0.2,100,20,learned_occupancy,300,0.0026557128702397134,0.00024650955294710174,0.008738761726196162,0.1087908868581793
4,0.2,100,20,oracle_tail,300,0.0009661285618688869,8.864972906955746e-05,0.001983971523563098,0.03957731434093112
4,0.2,100,20,tis,300,0.018211189480872393,0.0027235023642543646,0.021769073847473248,0.7460186967379583
4,0.2,100,20,tis_anchored,300,0.0026402437501749153,0.00025690565478025354,0.0073871138636014515,0.10815719663148957
4,0.2,100,20,uniform,300,0.02441117033728866,0.0019608789153343466,0.02869521156132993,1.0
4,0.2,100,21,learned_occupancy,300,0.0020406819405198885,0.00017412376112982376,0.0026251945623971084,0.10882052628275855
4,0.2,100,21,oracle_tail,300,0.00040564564771660035,3.2368045087371315e-05,0.0024070324338869983,0.021631285107362234
4,0.2,100,21,tis,300,0.0015922694250564173,0.00019989676410441323,0.0012906306461568614,0.08490867360468808
4,0.2,100,21,tis_anchored,300,0.0013032034695367111,0.00013795070145257007,0.0002972826922066285,0.06949406695507515
4,0.2,100,21,uniform,300,0.01875272993274627,0.0014445103396037871,0.014138471305977255,1.0
4,0.2,100,22,learned_occupancy,300,0.00023213993896913874,1.8152480100569213e-05,-0.000310246826610574,0.07279745480852554
4,0.2,100,22,oracle_tail,300,0.00014183570349398384,1.0735397119898888e-05,0.00031284894951430167,0.044478680666455175
4,0.2,100,22,tis,300,0.00324754605573999,0.001625394017283485,0.002338641544945068,1.0184076392936703
4,0.2,100,22,tis_anchored,300,0.00026671000548527166,2.113199296331277e-05,-0.0007338528229357869,0.08363838492210876
4,0.2,100,22,uniform,300,0.0031888469120207774,0.00031052251997427786,0.0021364074907756878,1.0
4,0.2,100,23,learned_occupancy,300,0.00011582771870656446,1.0375711243407579e-05,-0.0003402419190266759,0.08302384490612343
4,0.2,100,23,oracle_tail,300,4.250475001388164e-05,3.4618459020486255e-06,-0.0001274264448943955,0.0304668676231647
4,0.2,100,23,tis,300,0.00014801748250846476,2.645400363266452e-05,0.0009660011486305731,0.10609706077618833
4,0.2,100,23,tis_anchored,300,8.175274954082306e-05,7.474650964725754e-06,3.105390463513362e-05,0.05859933765700398
4,0.2,100,23,uniform,300,0.0013951138836985082,0.00016993595820418266,-0.0009585578154646424,1.0
4,0.2,100,24,learned_occupancy,300,7.686602001465945e-05,5.980997644215408e-06,-0.0011576317978034838,0.07569799495473013
4,0.2,100,24,oracle_tail,300,2.1166121685138718e-05,2.1682323022484156e-06,0.00016767320250282936,0.020844489830841584
4,0.2,100,24,tis,300,7.035150234245208e-05,1.9240014898371225e-05,-0.00017241708208360536,0.06928246926744716
4,0.2,100,24,tis_anchored,300,4.2114538899649355e-05,3.33704019077902e-06,-0.0006483540919596198,0.04147458334044676
4,0.2,100,24,uniform,300,0.001015430066022592,0.00010339391725421534,-0.0009674682305802914,1.0
4,0.2,100,25,learned_occupancy,300,2.1605206420693996e-06,6.232174658097213e-07,-0.00011335852517301218,0.09340438760876552
4,0.2,100,25,oracle_tail,300,5.761858320622094e-07,4.876283629524907e-08,-1.1877791343778791e-05,0.02490986836444627
4,0.2,100,25,tis,300,6.726855151070771e-06,1.1109809390283265e-06,0.0003375168250388683,0.2908177657200336
4,0.2,100,25,tis_anchored,300,1.405584815746741e-06,2.574178515490155e-07,-1.5488350847589298e-05,0.060766736679383544
4,0.2,100,25,uniform,300,2.3130826049831582e-05,7.603087084528546e-06,0.00025646972471431146,1.0
4,0.2,100,26,learned_occupancy,300,3.4058410563060715e-06,6.71655120230829e-07,-0.00014473089078177016,0.1683980623557407
4,0.2,100,26,oracle_tail,300,4.668050104880689e-07,4.360680409725964e-08,3.0981337155719935e-05,0.02308065994993916
4,0.2,100,26,tis,300,6.345545272000326e-07,7.358940308049178e-08,2.483547079608221e-05,0.03137485016856456
4,0.2,100,26,tis_anchored,300,1.0290911060269157e-06,1.2433443860463065e-07,-3.946947262342644e-05,0.05088227705799466
4,0.2,100,26,uniform,300,2.022494207273737e-05,1.9923943775834802e-05,0.00025730717155223457,1.0
4,0.2,100,27,learned_occupancy,300,0.002207764441962383,0.00020502160743789954,-0.003278685535468808,0.11877064672936323
4,0.2,100,27,oracle_tail,300,0.00030437640247389967,2.3707814883961546e-05,-0.0006653854787996331,0.0163744743251907
4,0.2,100,27,tis,300,0.0018000305222129935,0.00021911818648483284,-0.00663415534981302,0.09683586943985817
4,0.2,100,27,tis_anchored,300,0.001589865704819277,0.00014592903067562525,-0.004058024133422948,0.08552967625766199
4,0.2,100,27,uniform,300,0.01858846863899888,0.001618329578549465,-0.0035504361327246786,1.0
4,0.2,100,28,learned_occupancy,300,0.0009438447348788567,8.658251039340387e-05,-0.0007471050045136685,0.10406573400746619
4,0.2,100,28,oracle_tail,300,0.00017403374581250993,1.567161757460351e-05,-0.0002669049675288404,0.019188483900768064
4,0.2,100,28,tis,300,0.000911399329100828,0.00017578284731873677,0.0006331485291496815,0.10048839247798888
4,0.2,100,28,tis_anchored,300,0.0005862657678248393,5.101807610448859e-05,2.0617377068385216e-05,0.0646400569898537
4,0.2,100,28,uniform,300,0.009069697570298602,0.0007701641376265463,0.008157413251427763,1.0
4,0.2,100,29,learned_occupancy,300,0.0,0.0,0.0,0.0
4,0.2,100,29,oracle_tail,300,0.0,0.0,0.0,0.0
4,0.2,100,29,tis,300,0.0,0.0,0.0,0.0
4,0.2,100,29,tis_anchored,300,0.0,0.0,0.0,0.0
4,0.2,100,29,uniform,300,0.0,0.0,0.0,0.0
4,0.2,100,30,learned_occupancy,300,0.0002664412681370583,2.384067371756573e-05,0.0009893793287772872,0.08626476573143203
4,0.2,100,30,oracle_tail,300,0.00013596858143994395,9.956591442541909e-06,0.0008114105999593158,0.044022076260042085
4,0.2,100,30,tis,300,0.0018480369277273007,0.000279315678650799,0.003983615416503074,0.5983325096299442
4,0.2,100,30,tis_anchored,300,0.0002253898936260724,1.7166666843847388e-05,0.0009024590669251379,0.07297370451593808
4,0.2,100,30,uniform,300,0.003088645356860639,0.00020213186494307526,-0.0009477520717735322,1.0
4,0.2,100,31,learned_occupancy,300,9.636890343042724e-05,1.0236470800152229e-05,-0.0014587147684747492,0.09443537786920886
4,0.2,100,31,oracle_tail,300,2.1115994925916864e-05,1.7147643723838461e-06,0.00013954768137311706,0.02069232801173128
4,0.2,100,31,tis,300,0.0002468076191905804,8.571733501317495e-05,0.0011886613604028629,0.2418557226407462
4,0.2,100,31,tis_anchored,300,6.104085953612821e-05,5.84392484107099e-06,-0.0012403868609934573,0.05981614847280216
4,0.2,100,31,uniform,300,0.0010204745891301062,0.00013272944854046586,0.002430034378344037,1.0
4,0.2,100,32,learned_occupancy,300,2.0141323724403955e-07,3.395718045329013e-08,3.551029492040521e-05,0.08560426859028743
4,0.2,100,32,oracle_tail,300,1.294338163237871e-07,1.4735334659571859e-08,3.896017217735655e-05,0.05501171287874374
4,0.2,100,32,tis,300,7.783865860767614e-05,6.0512495722735125e-05,-0.0006397190260435866,33.082837698922816
4,0.2,100,32,tis_anchored,300,2.523900904599907e-07,4.296881269703443e-08,2.6435682871979913e-05,0.10727035317487985
4,0.2,100,32,uniform,300,2.352841050579243e-06,7.630433567193979e-07,4.4956495463474394e-05,1.0
4,0.2,100,33,learned_occupancy,300,0.0004676556093958422,4.416593457793296e-05,-0.0008777267804890328,0.10170728622685157
4,0.2,100,33,oracle_tail,300,5.9535784261488e-05,4.89306884827613e-06,-0.0003250189412456628,0.012948038960648636
4,0.2,100,33,tis,300,0.003169698307393537,0.0005509552266589558,0.002373539036988828,0.6893564548906438
4,0.2,100,33,tis_anchored,300,0.0004442514210858607,4.421851977451119e-05,-0.0005749649543553866,0.0966172660677315
4,0.2,100,33,uniform,300,0.004598054148773239,0.00047010789570296296,-0.005268269814534679,1.0
4,0.2,100,34,learned_occupancy,300,7.207250034392178e-06,1.0674021033540092e-06,-0.00025428613733947004,0.15505198099310227
4,0.2,100,34,oracle_tail,300,1.3652403978585392e-06,1.1552610673086824e-07,3.869350542176223e-05,0.029370873385778113
4,0.2,100,34,tis,300,1.4165324537463198e-05,7.605218687386686e-06,8.932319229087326e-05,0.3047433654255203
4,0.2,100,34,tis_anchored,300,4.621763913413957e-06,7.26593444453073e-07,-0.00014321594331221524,0.09942955316350452
4,0.2,100,34,uniform,300,4.648279878934797e-05,1.4229902003633197e-05,0.0005581992376213959,1.0
4,0.2,100,35,learned_occupancy,300,0.003267985099543359,0.00030017280742602515,0.0009566301601547663,0.08877083327830654
4,0.2,100,35,oracle_tail,300,0.0007847053919364231,5.7009093411714435e-05,0.0003522956772739268,0.021315565829816658
4,0.2,100,35,tis,300,0.006472679886854786,0.0012449958085259353,0.0008715747558859973,0.1758224623423534
4,0.2,100,35,tis_anchored,300,0.0021921308403161878,0.00019522127134082167,-0.00048473429105984215,0.05954656322549749
4,0.2,100,35,uniform,300,0.03681372562199409,0.0035288900386402596,0.0024443408439509175,1.0
4,0.2,100,36,learned_occupancy,300,4.839980166718784e-08,1.3441834735420435e-08,2.0047015022095492e-05,0.022335022456916768
4,0.2,100,36,oracle_tail,300,1.5793852144788227e-08,2.1265318119627036e-09,1.2485303634142871e-06,0.007288377848337663
4,0.2,100,36,tis,300,6.10226612252409e-08,3.320184351830636e-08,1.5519460419117042e-05,0.028160084585027813
4,0.2,100,36,tis_anchored,300,5.0198615012383573e-08,1.7934108994395208e-08,1.730895203645074e-05,0.02316511958700451
4,0.2,100,36,uniform,300,2.1669914037717593e-06,1.5823422413828478e-06,-5.25505667023148e-05,1.0
4,0.2,100,37,learned_occupancy,300,0.0,0.0,0.0,0.0
4,0.2,100,37,oracle_tail,300,6.14669950066907e-05,2.953354543862657e-05,0.0011678634546296296,1.0
4,0.2,100,37,tis,300,0.0001332696940758839,8.592408705170905e-05,0.0016263869945384848,2.168150469392191
4,0.2,100,37,tis_anchored,300,0.0,0.0,0.0,0.0
4,0.2,100,37,uniform,300,6.14669950066907e-05,2.953354543862657e-05,0.0011678634546296296,1.0
4,0.2,100,38,learned_occupancy,300,5.245723382132879e-06,5.520985864833026e-07,-0.000126930525427702,0.08201226208206697
4,0.2,100,38,oracle_tail,300,2.738971908133573e-06,2.8700325939683936e-07,-0.00011750798275822335,0.04282141195823725
4,0.2,100,38,tis,300,0.00010116904115806953,5.765625800789728e-05,-8.346029414921427e-05,1.5816887993574427
4,0.2,100,38,tis_anchored,300,5.48740858589829e-06,4.6822601730197276e-07,-0.00017025213058333784,0.08579079724846139
4,0.2,100,38,uniform,300,6.396267154396567e-05,1.0888627029569175e-05,0.0005914968265841746,1.0
4,0.2,100,39,learned_occupancy,300,0.0,0.0,0.0,0.0
4,0.2,100,39,oracle_tail,300,0.0,0.0,0.0,0.0
4,0.2,100,39,tis,300,0.0,0.0,0.0,0.0
4,0.2,100,39,tis_anchored,300,0.0,0.0,0.0,0.0
4,0.2,100,39,uniform,300,0.0,0.0,0.0,0.0
4,0.2,100,40,learned_occupancy,300,1.4980162378078544e-05,1.4287004950038866e-06,-7.241033672253483e-05,0.07552609083348344
4,0.2,100,40,oracle_tail,300,4.0091893985114e-06,4.636803719110537e-07,-7.030356544601712e-05,0.020213292422231393
4,0.2,100,40,tis,300,0.0011414932736905914,0.001036908435184676,-0.00017168058160082526,5.755112828464826
4,0.2,100,40,tis_anchored,300,2.1773915293986877e-05,2.0083410050834004e-06,-0.0001906305679086954,0.1097784298186734
4,0.2,100,40,uniform,300,0.00019834420413875436,3.630105041304276e-05,0.0008226116869142326,1.0
4,0.2,100,41,learned_occupancy,300,2.5872667395929688e-05,2.7662417464492005e-06,-0.0003432703194059202,0.0810062503181654
4,0.2,100,41,oracle_tail,300,1.1413626052162233e-05,1.0043532311370045e-06,-0.00015336325380045147,0.03573559057017997
4,0.2,100,41,tis,300,0.00022869473180748404,0.0001070774934902138,-0.0003501245008780825,0.7160337358241321
4,0.2,100,41,tis_anchored,300,2.31497185876031e-05,2.492935234565211e-06,-0.0001929465975553916,0.07248081034727337
4,0.2,100,41,uniform,300,0.00031939100124139217,4.811760930497719e-05,0.00029916063921528864,1.0
4,0.2,100,42,learned_occupancy,300,0.0,0.0,0.0,0.0
4,0.2,100,42,oracle_tail,300,0.0,0.0,0.0,0.0
4,0.2,100,42,tis,300,0.0,0.0,0.0,0.0
4,0.2,100,42,tis_anchored,300,0.0,0.0,0.0,0.0
4,0.2,100,42,uniform,300,0.0,0.0,0.0,0.0
4,0.2,100,43,learned_occupancy,300,0.0,0.0,0.0,0.0
4,0.2,100,43,oracle_tail,300,0.0003024406786892966,8.014030001572436e-05,0.005103432774074064,1.0
4,0.2,100,43,tis,300,0.0002866678138774548,7.984603602708734e-05,0.004462002479835779,0.9478480709665197
4,0.2,100,43,tis_anchored,300,0.0,0.0,0.0,0.0
4,0.2,100,43,uniform,300,0.0003024406786892966,8.014030001572436e-05,0.005103432774074064,1.0
4,0.2,100,44,learned_occupancy,300,0.0011365653647811083,8.130136923583833e-05,4.719529047672773e-05,0.06314198273336005
4,0.2,100,44,oracle_tail,300,0.0004463070620456399,3.635555844783959e-05,-0.00010664673232250917,0.024794625701874864
4,0.2,100,44,tis,300,0.013164152081103839,0.006959657974691289,0.013895725904030213,0.731335556371162
4,0.2,100,44,tis_anchored,300,0.0009741575710256841,8.75776019153362e-05,-0.00027391685994419064,0.054119404334586604
4,0.2,100,44,uniform,300,0.018000153235299375,0.0018943105981314142,0.000616331851358322,1.0
4,0.2,100,45,learned_occupancy,300,0.004027066158364247,0.0005221860261809268,-0.007403797304001976,0.1608228003791268
4,0.2,100,45,oracle_tail,300,0.00048621668475581534,3.564754185051089e-05,4.600390357389239e-05,0.019417294317619856
4,0.2,100,45,tis,300,0.0031223300538492974,0.0004956801381343271,0.0005774647037930084,0.12469173418594114
4,0.2,100,45,tis_anchored,300,0.003210075735584334,0.0004955120588657241,-0.004855404940581179,0.12819589967587094
4,0.2,100,45,uniform,300,0.025040393208368233,0.0019601335255238976,-0.014979356615240856,1.0
4,0.2,100,46,learned_occupancy,300,0.004359291619254577,0.00033786433733173893,-0.004007753358027264,0.11512368378987513
4,0.2,100,46,oracle_tail,300,0.0007157526720022206,5.51361417054615e-05,-0.0032623665207235698,0.01890217298594765
4,0.2,100,46,tis,300,0.0037945913407705302,0.0007889232096221833,-0.007738036860393075,0.10021062406037523
4,0.2,100,46,tis_anchored,300,0.0026790252113069375,0.00026853015091519994,-0.005012695323861816,0.07074985530432164
4,0.2,100,46,uniform,300,0.03786615816786404,0.003200075423615931,-0.01288810225522662,1.0
4,0.2,100,47,learned_occupancy,300,3.1556471142533227e-09,7.526880419582713e-10,-5.903841978405211e-07,0.32983427129278875
4,0.2,100,47,oracle_tail,300,3.158447745659491e-10,3.17818270992013e-11,7.44935446670425e-07,0.03301269986433347
4,0.2,100,47,tis,300,9.134265181117175e-09,2.686341884552719e-09,-1.677489001585819e-06,0.9547308652481419
4,0.2,100,47,tis_anchored,300,2.4888614419198277e-09,6.513908986785787e-10,-2.6289602603402074e-06,0.26014055764869226
4,0.2,100,47,uniform,300,9.567371825507191e-09,1.7710207983946962e-09,-3.7704552411010895e-06,1.0
4,0.2,100,48,learned_occupancy,300,0.001265308952818311,0.00011579597263025991,-0.0037765284872313004,0.10045318816391849
4,0.2,100,48,oracle_tail,300,0.00022558439354568535,2.1971872987486062e-05,-0.0001762271515363345,0.017909200342900028
4,0.2,100,48,tis,300,0.0008011806270820941,8.233875251510335e-05,-0.002989516906657259,0.06360592652593071
4,0.2,100,48,tis_anchored,300,0.0008860014365871357,7.56230166089334e-05,-0.003115606483636512,0.07033987140038013
4,0.2,100,48,uniform,300,0.012596005920226172,0.0012329278958431939,0.007218526465196328,1.0
4,0.2,100,49,learned_occupancy,300,0.0006874147586444824,5.4552564971908906e-05,-0.0019837210797131683,0.09824323831949054
4,0.2,100,49,oracle_tail,300,0.0001158243398468124,1.0392168848585404e-05,0.0009255323879027774,0.016553264357032856
4,0.2,100,49,tis,300,0.00068820199322281,0.0001635358440214529,0.00039918688436298903,0.09835574750454862
4,0.2,100,49,tis_anchored,300,0.0004131568344396671,3.5961007429904616e-05,-0.0008278121880431503,0.05904712524534959
4,0.2,100,49,uniform,300,0.0069970694207878706,0.0005528997489346478,0.005443221388869839,1.0
4,0.2,200,0,learned_occupancy,300,0.0010469718096794518,0.0001367486688454515,0.0026240558548606702,0.11886772002908087
4,0.2,200,0,oracle_tail,300,0.0001993923500158261,1.6415909638740804e-05,0.001977759356615839,0.022637967726063486
4,0.2,200,0,tis,300,0.001311110277608768,0.0009040759007747055,0.005613963074439242,0.1488566243763194
4,0.2,200,0,tis_anchored,300,0.0004362013327133809,8.971570167406548e-05,0.002380306490988693,0.04952402482466166
4,0.2,200,0,uniform,300,0.008807873234409739,0.0007702697033384937,0.002077524630366293,1.0
4,0.2,200,1,learned_occupancy,300,0.00014668186071445114,1.6781824084400844e-05,0.00013257701719026737,0.10264818403175364
4,0.2,200,1,oracle_tail,300,2.8744255257819637e-05,2.3008867617290828e-06,-9.976437108241587e-05,0.0201152725305569
4,0.2,200,1,tis,300,0.0018084503201175617,0.001095220651973812,-0.0022054956077447586,1.2655562205683317
4,0.2,200,1,tis_anchored,300,0.0001050465459492327,1.2975297837908676e-05,0.0008614907957454543,0.07351172890755793
4,0.2,200,1,uniform,300,0.0014289766750191697,0.00014930120732030118,-0.0021563842783751666,1.0
4,0.2,200,2,learned_occupancy,300,3.6783694579635968e-09,1.246799008385112e-09,9.636557448978363e-06,0.06701547983117905
4,0.2,200,2,oracle_tail,300,6.204630543687521e-09,3.2116119652990487e-09,5.370172111196503e-06,0.11304092691401518
4,0.2,200,2,tis,300,9.747416401673926e-09,6.775894331974754e-09,3.3565222509482534e-05,0.17758623616729352
4,0.2,200,2,tis_anchored,300,3.463995972828695e-09,4.123764013658596e-10,1.062979416656044e-05,0.06310985204322134
4,0.2,200,2,uniform,300,5.4888355156598166e-08,3.713492628671668e-08,1.7910540081125248e-05,1.0
4,0.2,200,3,learned_occupancy,300,7.201701205286217e-06,6.80352566779421e-07,-0.00014910946640026642,0.06986932640839517
4,0.2,200,3,oracle_tail,300,1.3653533111713821e-06,1.1034923587834215e-07,-6.093829617451381e-05,0.013246358525815167
4,0.2,200,3,tis,300,6.482581935423346e-06,2.6944923495511972e-06,-0.00016107313382262827,0.06289258889035775
4,0.2,200,3,tis_anchored,300,3.948873952579115e-06,5.95490304666684e-07,-3.9688136833418616e-05,0.03831110945506028
4,0.2,200,3,uniform,300,0.00010307386052631093,1.714312174883153e-05,-0.0003106937552563934,1.0
4,0.2,200,4,learned_occupancy,300,0.0006516543752571368,5.407768461357496e-05,-0.0015214881345214286,0.06741933574703395
4,0.2,200,4,oracle_tail,300,0.00027964885327483866,2.3444428923376462e-05,9.44492475990207e-05,0.028932115928431958
4,0.2,200,4,tis,300,0.0012428314278865903,0.00019541096057749884,-0.004129165276800803,0.12858176434492372
4,0.2,200,4,tis_anchored,300,0.0005187182779956833,4.774016752800508e-05,-0.001460488764926385,0.05366593560967772
4,0.2,200,4,uniform,300,0.009665689642838192,0.0008312145288923732,0.00837116074524833,1.0
4,0.2,200,5,learned_occupancy,300,3.9450986805423315e-05,3.304559364278314e-06,-0.00011034514530514479,0.07009662249921902
4,0.2,200,5,oracle_tail,300,1.1768466880830303e-05,8.89652830515415e-07,-0.0004437962611469818,0.020910244511975564
4,0.2,200,5,tis,300,0.0003108611288678003,0.00028914948942142417,-0.00010950932875978629,0.5523389137868603
4,0.2,200,5,tis_anchored,300,2.3912132551109172e-05,1.9645855913504837e-06,-0.000601678485590762,0.0424871432710516
4,0.2,200,5,uniform,300,0.000562808668932128,4.991664401979716e-05,0.0015805526672363894,1.0
4,0.2,200,6,learned_occupancy,300,0.0,0.0,0.0,0.0
4,0.2,200,6,oracle_tail,300,0.0,0.0,0.0,0.0
4,0.2,200,6,tis,300,0.0,0.0,0.0,0.0
4,0.2,200,6,tis_anchored,300,0.0,0.0,0.0,0.0
4,0.2,200,6,uniform,300,0.0,0.0,0.0,0.0
4,0.2,200,7,learned_occupancy,300,9.839356778742442e-05,9.164420957166476e-06,8.326333842994415e-05,0.07419339230594048
4,0.2,200,7,oracle_tail,300,2.519128473893348e-05,2.1810720083858755e-06,0.00017254607333193247,0.018995417214307187
4,0.2,200,7,tis,300,8.380281779535263e-05,9.388233138485284e-06,0.00045460827286841976,0.06319127842245512
4,0.2,200,7,tis_anchored,300,6.306774152607494e-05,6.966864050408389e-06,-0.0001043455066667054,0.047556052637536095
4,0.2,200,7,uniform,300,0.0013261769644080056,0.00011750240332192257,0.0004416751004356619,1.0
4,0.2,200,8,learned_occupancy,300,0.0008618501736444882,8.686301033892828e-05,0.00033313427450046615,0.051138897822715176
4,0.2,200,8,oracle_tail,300,0.00029409376423661143,2.267666007007846e-05,-0.000387086552175188,0.01745040079993948
4,0.2,200,8,tis,300,0.002870432984526122,0.0005999938369538723,0.003683079810991022,0.17032053086663726
4,0.2,200,8,tis_anchored,300,0.000540654224320245,4.4381757454520995e-05,-0.00013142872596205428,0.032080356865295805
4,0.2,200,8,uniform,300,0.016853123753904343,0.0014391794617990598,-0.008692360898805967,1.0
4,0.2,200,9,learned_occupancy,300,0.00014171575160095193,1.2985868350974268e-05,-0.0011302463915041031,0.07794986480209772
4,0.2,200,9,oracle_tail,300,6.901679173799108e-05,5.565896710443247e-06,-0.0004992685289180399,0.03796225560161939
4,0.2,200,9,tis,300,0.006941258110588391,0.0021665022220123172,0.00423634405567274,3.817995707353641
4,0.2,200,9,tis_anchored,300,0.0001402216196428755,1.3098601461862805e-05,-7.999047069959501e-05,0.07712802684257078
4,0.2,200,9,uniform,300,0.001818037169926409,0.00014618277899566722,0.0020154372339177408,1.0
4,0.2,200,10,learned_occupancy,300,0.0007325366763993233,6.433755219124599e-05,-0.0002642333455290154,0.08106288775681929
4,0.2,200,10,oracle_tail,300,0.00018331790525318871,1.4308636015004278e-05,9.276089962942194e-05,0.020286054277033602
4,0.2,200,10,tis,300,0.0005216519643595798,0.00011293416680102383,0.0004756162545679284,0.057726276372752516
4,0.2,200,10,tis_anchored,300,0.0003542254546192966,3.0217498950932243e-05,-0.0007102489997538456,0.03919877214824851
4,0.2,200,10,uniform,300,0.009036646690861315,0.000682948252566539,-0.005212931121463157,1.0
4,0.2,200,11,learned_occupancy,300,0.0,0.0,0.0,0.0
4,0.2,200,11,oracle_tail,300,0.0,0.0,0.0,0.0
4,0.2,200,11,tis,300,0.0,0.0,0.0,0.0
4,0.2,200,11,tis_anchored,300,0.0,0.0,0.0,0.0
4,0.2,200,11,uniform,300,0.0,0.0,0.0,0.0
4,0.2,200,12,learned_occupancy,300,0.0004263109367082387,3.674573641156901e-05,0.0018241508535116635,0.08934364056198082
4,0.2,200,12,oracle_tail,300,0.0001450109116670073,1.160697831126924e-05,0.001151112592510728,0.030390500580586847
4,0.2,200,12,tis,300,0.012049104273704736,0.002617529988501239,0.0035071198753451765,2.525177631228476
4,0.2,200,12,tis_anchored,300,0.0003677613343318578,3.469587336173975e-05,0.0014476056412598866,0.07707317274299
4,0.2,200,12,uniform,300,0.004771586808268596,0.00040765956009843806,0.003410138515824467,1.0
4,0.2,200,13,learned_occupancy,300,8.46639984672442e-05,6.671649368330168e-06,0.0005836341133097322,0.06059303301033451
4,0.2,200,13,oracle_tail,300,4.7431978244582094e-05,3.5792452062748303e-06,0.0003673736616540972,0.03394651180609402
4,0.2,200,13,tis,300,0.004409309772410646,0.00199763284067061,0.005109334741021299,3.155691408737753
4,0.2,200,13,tis_anchored,300,8.013212255370259e-05,6.1100426195334474e-06,0.0004797207891801314,0.05734962244859253
4,0.2,200,13,uniform,300,0.0013972563224026802,0.00010927852243826133,0.002758472573978521,1.0
4,0.2,200,14,learned_occupancy,300,4.239884395273698e-05,5.191546531505202e-06,0.00010671706187558676,0.09055710278099502
4,0.2,200,14,oracle_tail,300,1.1157011304674233e-05,8.963057999075189e-07,1.5016684514606027e-05,0.023829579423730648
4,0.2,200,14,tis,300,8.401073629744195e-05,2.436347213849558e-05,0.00021462040085100663,0.1794334036577762
4,0.2,200,14,tis_anchored,300,3.948902195704907e-05,5.028275584935805e-06,-3.776573927445644e-05,0.08434219159540594
4,0.2,200,14,uniform,300,0.00046820009309788915,5.120920509574302e-05,-0.0002749188643189626,1.0
4,0.2,200,15,learned_occupancy,300,2.561010405193785e-06,2.644762610113001e-07,-5.95046642003183e-05,0.04047824419253769
4,0.2,200,15,oracle_tail,300,1.5943004971625017e-06,1.2725586541713204e-07,-7.500817263720686e-06,0.02519883742352262
4,0.2,200,15,tis,300,0.00013145974312353122,6.133254861193556e-05,-0.0006708717168767005,2.0777969401650784
4,0.2,200,15,tis_anchored,300,2.8097657208512384e-06,2.663438192402312e-07,-6.045435193364016e-05,0.04440996520036869
4,0.2,200,15,uniform,300,6.326881158708748e-05,9.399303614421006e-06,-0.00039093317756509814,1.0
4,0.2,200,16,learned_occupancy,300,0.00023697652157004924,1.8811192969856572e-05,-0.001516253753524368,0.05566582053483022
4,0.2,200,16,oracle_tail,300,6.365256315148377e-05,5.25224783762451e-06,-0.0010189997773173331,0.014951996651385848
4,0.2,200,16,tis,300,0.00025141540386231285,4.909566034540872e-05,0.0007259560460306987,0.05905751615547464
4,0.2,200,16,tis_anchored,300,0.00017300573875774755,1.7774066496007986e-05,-0.0009787046420628915,0.04063907403728922
4,0.2,200,16,uniform,300,0.00425712796996808,0.0003978111910354869,-0.004386184629266941,1.0
4,0.2,200,17,learned_occupancy,300,8.262122668821404e-05,7.080423046963795e-06,-2.120600576421309e-05,0.0605788792865627
4,0.2,200,17,oracle_tail,300,1.718476973106407e-05,1.3475308656226665e-06,-4.3836343991251836e-05,0.012600080304230233
4,0.2,200,17,tis,300,0.0003148832507256276,8.376787319154332e-05,0.000367939961583111,0.23087619489180677
4,0.2,200,17,tis_anchored,300,4.09488233529644e-05,4.321503152403346e-06,-7.557566820757404e-05,0.03002417086092325
4,0.2,200,17,uniform,300,0.0013638619212049481,0.0001100082100301914,-0.001112244503801078,1.0
4,0.2,200,18,learned_occupancy,300,2.730322467653516e-06,3.0729732752650324e-07,1.707467287903904e-05,0.05982102288947927
4,0.2,200,18,oracle_tail,300,6.318859149450016e-07,5.0088430111925256e-08,-7.144546680774392e-07,0.013844541159253794
4,0.2,200,18,tis,300,2.7020762117060458e-05,1.2458002105191044e-05,-0.00012082861422748318,0.5920215096369247
4,0.2,200,18,tis_anchored,300,2.767383227186311e-06,4.818895057192616e-07,5.652377846593263e-05,0.06063301948349996
4,0.2,200,18,uniform,300,4.5641520919791866e-05,1.3173272341845387e-05,-1.1147783061581744e-05,1.0
4,0.2,200,19,learned_occupancy,300,7.89860536619205e-05,8.533466950890445e-06,-0.001773971903240219,0.08409955311153637
4,0.2,200,19,oracle_tail,300,2.262272067986594e-05,1.9660235639162884e-06,-0.0006312440058276491,0.02408729910076607
4,0.2,200,19,tis,300,0.0001923774019948263,0.00012798720884295658,-0.0006443295907030951,0.20483177455317242
4,0.2,200,19,tis_anchored,300,5.204680048579863e-05,6.101918007312291e-06,-0.0017125411288874037,0.05541627235202894
4,0.2,200,19,uniform,300,0.0009391970675178958,7.978285285964733e-05,-0.0012363743139989847,1.0
4,0.2,200,20,learned_occupancy,300,0.0014411409606797556,0.00018653413847796136,-0.0009238857029790571,0.11332684724260866
4,0.2,200,20,oracle_tail,300,0.0005144226210315114,4.103715316673079e-05,-0.0011237415310082037,0.04045259650678625
4,0.2,200,20,tis,300,0.0035541847597574633,0.0010663178837225658,0.005251655500488358,0.27949004596403737
4,0.2,200,20,tis_anchored,300,0.0012553363559441014,0.00018522270628463426,-0.0012115733752175932,0.09871575045724022
4,0.2,200,20,uniform,300,0.012716677431205506,0.0009595900697681857,0.017174499143042907,1.0
4,0.2,200,21,learned_occupancy,300,0.0008006318616158266,7.6328034664812e-05,-0.002096983190824376,0.07256524170680116
4,0.2,200,21,oracle_tail,300,0.00019368121864169415,1.345725848629426e-05,-0.0013848495350075418,0.017554290702892647
4,0.2,200,21,tis,300,0.00043218215841782294,4.932336595942963e-05,0.0005969560728707994,0.03917081531537241
4,0.2,200,21,tis_anchored,300,0.000536760138045977,4.874101937348869e-05,-0.000567083414046686,0.048649236963007624
4,0.2,200,21,uniform,300,0.011033269410867099,0.0009564401455685134,0.0026511058493221655,1.0
4,0.2,200,22,learned_occupancy,300,9.273132134209431e-05,7.914592767519805e-06,0.0003776918772082342,0.055265522066426806
4,0.2,200,22,oracle_tail,300,6.188983432119274e-05,5.122090921002215e-06,0.00022724186308729224,0.036884775875750814
4,0.2,200,22,tis,300,0.0013036056012677268,0.0005033163974199612,0.0017027162445771916,0.7769159662569739
4,0.2,200,22,tis_anchored,300,0.00010756630265517968,8.989546188502173e-06,-0.00017364023238612821,0.06410679570781923
4,0.2,200,22,uniform,300,0.001677923556582623,0.00014940690554859858,-0.005999239170914112,1.0
4,0.2,200,23,learned_occupancy,300,5.062600488655071e-05,4.2345483955313795e-06,0.00012445484480015404,0.09200619230185861
4,0.2,200,23,oracle_tail,300,2.1327394230655547e-05,1.8154248898330126e-06,-9.270400852661176e-06,0.03875977058194722
4,0.2,200,23,tis,300,0.00041521635522204643,0.00021701970665749244,-0.001225210190440711,0.7546018278757228
4,0.2,200,23,tis_anchored,300,4.289036263273667e-05,3.3443019660592076e-06,-2.7193228313813953e-05,0.07794766664142526
4,0.2,200,23,uniform,300,0.0005502456260819308,4.639337788001759e-05,0.002087981092463605,1.0
4,0.2,200,24,learned_occupancy,300,3.4222995791289e-05,2.6934547225640405e-06,-6.210560762464438e-05,0.06040029519410048
4,0.2,200,24,oracle_tail,300,1.0062724028040404e-05,7.309975454662953e-07,-3.567037985209816e-05,0.017759739838588688
4,0.2,200,24,tis,300,2.6270546270266124e-05,5.622783029798028e-06,0.0007241472525285471,0.04636498684426203
4,0.2,200,24,tis_anchored,300,2.034279600136378e-05,1.6654966684904841e-06,9.485223589729881e-05,0.03590307789093353
4,0.2,200,24,uniform,300,0.0005666031214137458,4.6178794932059025e-05,0.0016456508959242719,1.0
4,0.2,200,25,learned_occupancy,300,4.833114245748563e-07,4.6613479963397565e-08,6.564276336767852e-05,0.031364127818086306
4,0.2,200,25,oracle_tail,300,2.530961980674753e-07,1.936903874072655e-08,4.784115169112813e-05,0.01642448554457977
4,0.2,200,25,tis,300,2.0742964007030427e-06,4.273243716950373e-07,0.0003397845274901308,0.134609889475456
4,0.2,200,25,tis_anchored,300,4.802045400867986e-07,4.205122390049223e-08,2.312679543260939e-05,0.0311625089089426
4,0.2,200,25,uniform,300,1.5409688016133897e-05,4.093725866643311e-06,-0.00011518838518151498,1.0
4,0.2,200,26,learned_occupancy,300,1.0976827735886339e-06,1.6604167396082839e-07,6.537551958546365e-05,0.10583388481932673
4,0.2,200,26,oracle_tail,300,2.3666255777379e-07,2.208329590264731e-08,2.949159189372293e-06,0.02281799303326327
4,0.2,200,26,tis,300,2.870202104300562e-07,2.8478661953969713e-08,2.422609880400106e-05,0.02767326282452651
4,0.2,200,26,tis_anchored,300,5.027969916465108e-07,5.731804607305551e-08,4.319459662993482e-05,0.04847753848541567
4,0.2,200,26,uniform,300,1.0371751688625359e-05,7.128157474155914e-06,0.0002529152471888215,1.0
4,0.2,200,27,learned_occupancy,300,0.0008212205773385111,8.064011887423253e-05,0.00010695007171597289,0.08613780640190838
4,0.2,200,27,oracle_tail,300,0.00014621026876988541,1.193306452145786e-05,-0.0005781388527285869,0.015335991538458464
4,0.2,200,27,tis,300,0.0005239000653610532,6.75203329411476e-05,0.0006085307549927969,0.05495186512528866
4,0.2,200,27,tis_anchored,300,0.000559469647721221,6.751423509989987e-05,0.00046578461690683986,0.05868275775472885
4,0.2,200,27,uniform,300,0.009533799520117766,0.0010315713567814364,-0.008248777032030223,1.0
4,0.2,200,28,learned_occupancy,300,0.0004061135582964729,3.576753437662502e-05,-0.0016225885378828942,0.09893865741566286
4,0.2,200,28,oracle_tail,300,7.805881509162598e-05,5.907370544056561e-06,-0.00045860826041878246,0.01901693308890946
4,0.2,200,28,tis,300,0.0004715497680916119,0.00018858150583748635,-0.0011926184923065231,0.11488043185593998
4,0.2,200,28,tis_anchored,300,0.0002605819344360457,2.2414155062774923e-05,-0.0016758456201708112,0.06348378726389978
4,0.2,200,28,uniform,300,0.00410470051751664,0.00038848250489468986,0.008395110365143003,1.0
4,0.2,200,29,learned_occupancy,300,0.0,0.0,0.0,0.0
4,0.2,200,29,oracle_tail,300,0.0,0.0,0.0,0.0
4,0.2,200,29,tis,300,0.0,0.0,0.0,0.0
4,0.2,200,29,tis_anchored,300,0.0,0.0,0.0,0.0
4,0.2,200,29,uniform,300,0.0,0.0,0.0,0.0
4,0.2,200,30,learned_occupancy,300,0.0001332161664501857,1.0375377642603203e-05,-0.00018396074249564873,0.07650990280402707
4,0.2,200,30,oracle_tail,300,6.191593752292556e-05,5.057811363477834e-06,0.0001968062756870015,0.035560116224111954
4,0.2,200,30,tis,300,0.0009081445231627082,0.00021419428347419582,0.0004511476757308793,0.5215737027320189
4,0.2,200,30,tis_anchored,300,0.0001002749337036851,9.177792751996927e-06,-0.0006787633980061728,0.0575907987430193
4,0.2,200,30,uniform,300,0.0017411624060143746,0.00013553508848555623,0.00038280106121255466,1.0
4,0.2,200,31,learned_occupancy,300,3.507535264354402e-05,3.6856151282242204e-06,-0.0003049098977137898,0.06681703020381226
4,0.2,200,31,oracle_tail,300,1.1844411895996259e-05,9.79499078080375e-07,-8.987183322192246e-05,0.022563092535203413
4,0.2,200,31,tis,300,0.0007330160553980689,0.00041009244287991815,-0.0008100725552310679,1.3963638915096408
4,0.2,200,31,tis_anchored,300,2.5805132108583853e-05,3.5422380254443784e-06,-0.0004305125202131066,0.04915766090893384
4,0.2,200,31,uniform,300,0.0005249462979206577,5.045150662891089e-05,0.0006793522392236199,1.0
4,0.2,200,32,learned_occupancy,300,6.965458977375991e-08,6.771432801940883e-09,5.071145044275453e-05,0.06894048583665877
4,0.2,200,32,oracle_tail,300,5.8699680180113946e-08,5.792284484931046e-09,3.8179197299904226e-05,0.058097886775553706
4,0.2,200,32,tis,300,1.7905724104649969e-06,7.547802389497176e-07,0.00015858404175783658,1.7722153314536802
4,0.2,200,32,tis_anchored,300,9.281109720972933e-08,1.4213447100848735e-08,3.638655888176542e-05,0.09185959106864926
4,0.2,200,32,uniform,300,1.0103582666764648e-06,2.088241508373034e-07,0.00011917991126202102,1.0
4,0.2,200,33,learned_occupancy,300,0.00017699535724858336,1.4754227039338105e-05,3.3143869849096375e-05,0.08929666567851931
4,0.2,200,33,oracle_tail,300,2.671593850646139e-05,2.312570373336072e-06,-1.754342081839185e-05,0.013478569529644865
4,0.2,200,33,tis,300,0.0017123692947242474,0.0004448810552662939,-0.0006837187646446511,0.8639145727105046
4,0.2,200,33,tis_anchored,300,0.00017151012507363552,1.6853415225623043e-05,-0.0006101144091399199,0.0865292883229232
4,0.2,200,33,uniform,300,0.0019821048849213677,0.00015562886245129858,-0.00018049712778698193,1.0
4,0.2,200,34,learned_occupancy,300,2.4460615631576915e-06,2.9022483929629143e-07,-3.222897108123253e-05,0.06004092980052104
4,0.2,200,34,oracle_tail,300,6.929215797646598e-07,8.167589324990199e-08,1.5000952215561784e-05,0.01700842552556556
4,0.2,200,34,tis,300,4.8677422830620406e-05,4.4741640494061756e-05,-0.0001375666805413515,1.1948340839265887
4,0.2,200,34,tis_anchored,300,2.1099286742815473e-06,3.48765429216323e-07,-7.473637816363936e-05,0.05179022528488909
4,0.2,200,34,uniform,300,4.073990145196693e-05,1.1244929422878223e-05,-0.000281241034542948,1.0
4,0.2,200,35,learned_occupancy,300,0.0010869137584869006,7.943785975639785e-05,-0.0034066360928817555,0.059635361494033506
4,0.2,200,35,oracle_tail,300,0.0003730599953351305,2.7766213909130082e-05,-0.00047141238488082496,0.020468567544626486
4,0.2,200,35,tis,300,0.0027397696101203483,0.000490714795507464,0.002310570639416872,0.15032209302175592
4,0.2,200,35,tis_anchored,300,0.0007349653726098067,5.407321913190123e-05,-0.0001404027552075086,0.04032511810522922
4,0.2,200,35,uniform,300,0.01822599429695158,0.001519459922544739,-0.005366106025493546,1.0
4,0.2,200,36,learned_occupancy,300,2.6715357306210073e-08,4.916689393584858e-09,1.7217472690288876e-05,2.2536084913280607
4,0.2,200,36,oracle_tail,300,7.565091088018525e-09,9.072176354371265e-10,-2.504901426325645e-07,0.6381630355236068
4,0.2,200,36,tis,300,3.1479253287381846e-08,1.1565485033698917e-08,9.178554703227112e-06,2.6554730934712154
4,0.2,200,36,tis_anchored,300,2.4682722901105705e-08,4.7481203705699834e-09,1.0464642572078908e-05,2.082142989197421
4,0.2,200,36,uniform,300,1.185448022982315e-08,1.933825059144764e-09,6.823563069351243e-05,1.0
4,0.2,200,37,learned_occupancy,300,0.0,0.0,0.0,0.0
4,0.2,200,37,oracle_tail,300,2.550119164963633e-06,2.1342746342749055e-06,0.00014316662690972242,1.0
4,0.2,200,37,tis,300,5.3725646212446e-06,4.317574341844936e-06,0.00021269753551429645,2.106789633621383
4,0.2,200,37,tis_anchored,300,0.0,0.0,0.0,0.0
4,0.2,200,37,uniform,300,2.550119164963633e-06,2.1342746342749055e-06,0.00014316662690972242,1.0
4,0.2,200,38,learned_occupancy,300,2.144402400885802e-06,1.6224212264284726e-07,3.3815648352542026e-06,0.06186056059677485
4,0.2,200,38,oracle_tail,300,1.5556234902271616e-06,1.2161082590785244e-07,-7.590094929948036e-05,0.04487578504072401
4,0.2,200,38,tis,300,1.6815075045906078e-05,4.091883076511857e-06,0.0001680223534051913,0.4850721899895801
4,0.2,200,38,tis_anchored,300,2.4670577235179265e-06,1.986813347711545e-07,-8.169361646045352e-05,0.07116834682631443
4,0.2,200,38,uniform,300,3.466509808832224e-05,6.257327689421309e-06,6.248148271844833e-05,1.0
4,0.2,200,39,learned_occupancy,300,0.0,0.0,0.0,0.0
4,0.2,200,39,oracle_tail,300,0.0,0.0,0.0,0.0
4,0.2,200,39,tis,300,0.0,0.0,0.0,0.0
4,0.2,200,39,tis_anchored,300,0.0,0.0,0.0,0.0
4,0.2,200,39,uniform,300,0.0,0.0,0.0,0.0
4,0.2,200,40,learned_occupancy,300,7.560317871273849e-06,8.528934543785945e-07,-2.7591877328029626e-05,0.058584775489411135
4,0.2,200,40,oracle_tail,300,2.1599567953655376e-06,2.1248729064001564e-07,-0.00011478122611430219,0.016737468725239853
4,0.2,200,40,tis,300,0.0005672887881276279,0.0005018036369632554,0.00019825745882016873,4.39591123759423
4,0.2,200,40,tis_anchored,300,9.838943969084084e-06,9.094446125512625e-07,8.65699538809898e-05,0.0762418106349497
4,0.2,200,40,uniform,300,0.0001290491908198971,1.9962246751741e-05,0.00020091901602296383,1.0
4,0.2,200,41,learned_occupancy,300,1.1528255308879968e-05,1.0819873360449086e-06,-0.00010785626615739859,0.05276825528189254
4,0.2,200,41,oracle_tail,300,6.060989056439331e-06,6.015133106712609e-07,-0.00012073918956320077,0.02774295062190296
4,0.2,200,41,tis,300,0.00011144042789156252,6.180857757295085e-05,0.0004858868329276822,0.5100960023999184
4,0.2,200,41,tis_anchored,300,1.0224439264045072e-05,9.493119107435048e-07,-0.000208122459962438,0.04680030123758195
4,0.2,200,41,uniform,300,0.00021846951822255712,2.7235378620574904e-05,-0.0008410869750786902,1.0
4,0.2,200,42,learned_occupancy,300,0.0,0.0,0.0,0.0
4,0.2,200,42,oracle_tail,300,0.0,0.0,0.0,0.0
4,0.2,200,42,tis,300,0.0,0.0,0.0,0.0
4,0.2,200,42,tis_anchored,300,0.0,0.0,0.0,0.0
4,0.2,200,42,uniform,300,0.0,0.0,0.0,0.0
4,0.2,200,43,learned_occupancy,300,0.0,0.0,0.0,0.0
4,0.2,200,43,oracle_tail,300,6.352482488622803e-05,3.064749009113686e-05,0.0013889602116319403,1.0
4,0.2,200,43,tis,300,1.514983309127241e-05,7.897039382641704e-06,0.0005996587891482915,0.2384868139094523
4,0.2,200,43,tis_anchored,300,0.0,0.0,0.0,0.0
4,0.2,200,43,uniform,300,6.352482488622803e-05,3.064749009113686e-05,0.0013889602116319403,1.0
4,0.2,200,44,learned_occupancy,300,0.0005171590355896058,4.064031078310026e-05,-0.0016357150195708825,0.06449059426943718
4,0.2,200,44,oracle_tail,300,0.00017278141452381542,1.4658992112379803e-05,-0.0005247197824128014,0.021546130560497888
4,0.2,200,44,tis,300,0.0029251056759085152,0.001043119823010562,0.0031271459136921953,0.36476555635381286
4,0.2,200,44,tis_anchored,300,0.0003522323273842717,3.316295720159759e-05,-0.0012281511919813748,0.043923958687139275
4,0.2,200,44,uniform,300,0.008019138937206124,0.0007073496417855474,0.003960864764379116,1.0
4,0.2,200,45,learned_occupancy,300,0.0010432526745225166,9.293288260737369e-05,-0.001169831030438558,0.08789743579877102
4,0.2,200,45,oracle_tail,300,0.00031839068414772805,2.4630628453903826e-05,-0.0006668139535579313,0.026825452167290553
4,0.2,200,45,tis,300,0.0006087653270029468,6.945072444164329e-05,-0.00033794355373437297,0.05129046160485493
4,0.2,200,45,tis_anchored,300,0.0006365230220960362,7.334462155285307e-05,-0.0015953285198154052,0.05362913782582256
4,0.2,200,45,uniform,300,0.011868977348905818,0.0009532007972529765,0.009752333986032242,1.0
4,0.2,200,46,learned_occupancy,300,0.001841217361150305,0.00017661979442746826,-0.003663840322270746,0.08889635706792924
4,0.2,200,46,oracle_tail,300,0.00037343641680566897,3.03468350737934e-05,-3.7455942190048515e-05,0.018029993498315054
4,0.2,200,46,tis,300,0.0014564161242245233,0.0003900248961379953,-0.005349080419868104,0.07031765534606195
4,0.2,200,46,tis_anchored,300,0.0011530223565818368,0.00016030066953001343,-0.0030551364309995017,0.05566941159731809
4,0.2,200,46,uniform,300,0.02071195515631037,0.0016282755134903579,-0.002598511902969733,1.0
4,0.2,200,47,learned_occupancy,300,1.4697723799238895e-09,2.021324144945286e-10,-2.4012492965619357e-06,0.31682004533828856
4,0.2,200,47,oracle_tail,300,4.3945962353442314e-10,2.706844489923544e-10,-1.6468689611463343e-06,0.09472869388097564
4,0.2,200,47,tis,300,3.1273547142067768e-09,7.264238618621021e-10,2.8679381090353693e-06,0.6741238819545713
4,0.2,200,47,tis_anchored,300,9.97339125601725e-10,1.3075637840844288e-10,-1.4166549739721054e-06,0.21498364733670536
4,0.2,200,47,uniform,300,4.639139478546952e-09,8.18054102332391e-10,-1.4233896739993904e-06,1.0
4,0.2,200,48,learned_occupancy,300,0.0006595339903372382,5.9884301773148846e-05,-0.0013004198254840827,0.09227165428391244
4,0.2,200,48,oracle_tail,300,0.00012468420162958102,1.1001236500731092e-05,-0.0008219856113924921,0.0174438584151631
4,0.2,200,48,tis,300,0.0004428550645515189,4.318062284602344e-05,-0.002084685315093966,0.0619573365631741
4,0.2,200,48,tis_anchored,300,0.00046684986703174585,4.643503870814715e-05,-0.0018435770034745192,0.06531431308220713
4,0.2,200,48,uniform,300,0.007147742125744329,0.0005246018761462682,-0.0008636546577203193,1.0
4,0.2,200,49,learned_occupancy,300,0.00030231393875721976,2.347605291956883e-05,0.0006178907869786698,0.07223761417700428
4,0.2,200,49,oracle_tail,300,5.06540533753297e-05,4.404985396631289e-06,0.0007232958987406693,0.012103735538198246
4,0.2,200,49,tis,300,0.00016472028598761828,1.8737202683478325e-05,-0.00023484503478142423,0.03935974806591747
4,0.2,200,49,tis_anchored,300,0.00019997871507769046,1.817803142649096e-05,0.00028251544481507757,0.04778471453476863
4,0.2,200,49,uniform,300,0.004184993402695416,0.00030679344124368214,0.0005091713803050247,1.0
4,0.2,400,0,learned_occupancy,300,0.00044277403348717213,3.9745357447455776e-05,-0.0008399297696551766,0.0776941035953817
4,0.2,400,0,oracle_tail,300,0.00010522338871334025,8.432926793159468e-06,-0.0012110706900068198,0.018463677282439882
4,0.2,400,0,tis,300,0.00021513106008942692,3.780576389650523e-05,-0.0011861841174028642,0.037749311398263076
4,0.2,400,0,tis_anchored,300,0.00021951387538138314,3.1003297024720345e-05,-0.002131570662419237,0.03851836938174696
4,0.2,400,0,uniform,300,0.005698939983825124,0.00047952115432362577,-0.0014708956738114958,1.0
4,0.2,400,1,learned_occupancy,300,5.9339759507588775e-05,5.20525478447005e-06,-0.0008348632176776623,0.08048040285684925
4,0.2,400,1,oracle_tail,300,1.231029471019e-05,9.626118669764432e-07,-0.00037324540046712297,0.01669601437188045
4,0.2,400,1,tis,300,0.0008331752947470819,0.0005377757815578143,-0.0023841785064203816,1.1300059846559356
4,0.2,400,1,tis_anchored,300,4.2729025807222465e-05,4.082132401682236e-06,-0.000842622740343053,0.05795185621212686
4,0.2,400,1,uniform,300,0.0007373193647295304,6.751815622868477e-05,-0.0017141341254093441,1.0
4,0.2,400,2,learned_occupancy,300,4.088346268049995e-09,1.2355879034451262e-09,-2.0347455825634833e-06,0.10336649159516338
4,0.2,400,2,oracle_tail,300,3.4529926742246196e-09,1.117739783526478e-09,2.0033517629543715e-07,0.08730271724479946
4,0.2,400,2,tis,300,3.1049512703869265e-08,1.6270065436911708e-08,1.6560143816423493e-05,0.7850311552669034
4,0.2,400,2,tis_anchored,300,1.1187857592823811e-08,4.979587935972845e-09,-5.3676988535607725e-06,0.2828648827703371
4,0.2,400,2,uniform,300,3.955194962079271e-08,1.554698589574507e-08,7.618473240773582e-06,1.0
4,0.2,400,3,learned_occupancy,300,3.29289391316239e-06,3.55080033970948e-07,-0.0001024579562884842,0.057830031040472296
4,0.2,400,3,oracle_tail,300,7.604483591880654e-07,8.61196471466422e-08,8.867679994305118e-06,0.013355046769268124
4,0.2,400,3,tis,300,2.5298862099859908e-06,5.097293624157903e-07,-0.00014805548689100927,0.04443003689476518
4,0.2,400,3,tis_anchored,300,1.8697998663495695e-06,1.956047062125669e-07,-6.983517440370513e-05,0.03283755479587297
4,0.2,400,3,uniform,300,5.694089824814137e-05,7.74953016680187e-06,-0.00044991036126766767,1.0
4,0.2,400,4,learned_occupancy,300,0.00031037197955290714,2.300928312840107e-05,0.001730182106515817,0.08191125855788077
4,0.2,400,4,oracle_tail,300,0.00015029215381552822,1.3103342237235157e-05,-0.0006136671319719541,0.03966408142944491
4,0.2,400,4,tis,300,0.000410483197765266,4.377506465564815e-05,-0.0004289205180901656,0.1083319293006116
4,0.2,400,4,tis_anchored,300,0.0002036383253635181,1.6458071363892708e-05,0.0005172862373582447,0.053742839624804466
4,0.2,400,4,uniform,300,0.0037891247798810183,0.0002967882373264279,-0.004416435181784471,1.0
4,0.2,400,5,learned_occupancy,300,1.9726935810883158e-05,1.4945668081660086e-06,0.00022947672679332805,0.06330166373922924
4,0.2,400,5,oracle_tail,300,6.821159278208353e-06,5.578243479358369e-07,-2.919056834897719e-05,0.02188838322790375
4,0.2,400,5,tis,300,1.576849476793452e-05,1.4238947863317123e-06,0.0013833271166531272,0.050599442459933634
4,0.2,400,5,tis_anchored,300,1.138427497982964e-05,9.945526253720238e-07,0.00011812425500238237,0.03653094193628007
4,0.2,400,5,uniform,300,0.0003116337651431743,2.649412376268109e-05,0.0004413621326370768,1.0
4,0.2,400,6,learned_occupancy,300,0.0,0.0,0.0,0.0
4,0.2,400,6,oracle_tail,300,0.0,0.0,0.0,0.0
4,0.2,400,6,tis,300,0.0,0.0,0.0,0.0
4,0.2,400,6,tis_anchored,300,0.0,0.0,0.0,0.0
4,0.2,400,6,uniform,300,0.0,0.0,0.0,0.0
4,0.2,400,7,learned_occupancy,300,4.7793427563416124e-05,3.6933987881280353e-06,-0.0003637249043309406,0.06591590051000196
4,0.2,400,7,oracle_tail,300,1.2882503589532106e-05,9.870824434837138e-07,0.00017277434943053856,0.017767334719833723
4,0.2,400,7,tis,300,5.661887480886358e-05,1.2292978125387985e-05,0.0001862729475977935,0.07808781058728799
4,0.2,400,7,tis_anchored,300,3.488532519847124e-05,3.282154848599099e-06,-0.00036019601111512143,0.04811326038481626
4,0.2,400,7,uniform,300,0.0007250667470766639,6.302923243669619e-05,0.0002228487298735445,1.0
4,0.2,400,8,learned_occupancy,300,0.0004862849720833146,4.1562409418255686e-05,0.0022191627286014654,0.05890471537825178
4,0.2,400,8,oracle_tail,300,0.00016426042899422738,1.4222491574114971e-05,0.0011505425302964522,0.019897209194769797
4,0.2,400,8,tis,300,0.0016755155527934614,0.00026734359301938383,0.0008247228344952425,0.2029587020267277
4,0.2,400,8,tis_anchored,300,0.0002605368722985847,2.209233359077788e-05,0.0004887338033931118,0.03155937606408019
4,0.2,400,8,uniform,300,0.008255450670810913,0.0007840604428514223,-0.006247651295095198,1.0
4,0.2,400,9,learned_occupancy,300,7.062597026022444e-05,5.844836100029139e-06,8.200125986546662e-05,0.06387264202003946
4,0.2,400,9,oracle_tail,300,3.780577985478004e-05,3.0237856614735072e-06,6.069823166243715e-05,0.03419075212780109
4,0.2,400,9,tis,300,0.0020235530731280912,0.0004291489885182553,0.002091222202151115,1.8300588377368165
4,0.2,400,9,tis_anchored,300,6.324003446035963e-05,4.7882506715678575e-06,-0.0005816396938585614,0.05719295703179021
4,0.2,400,9,uniform,300,0.0011057311554149613,9.727122889007855e-05,-0.00022994919410238346,1.0
4,0.2,400,10,learned_occupancy,300,0.00031402978080290173,2.8323403618393238e-05,-0.000946319804225253,0.05687833386272998
4,0.2,400,10,oracle_tail,300,0.00011203653960659012,9.367690743903846e-06,-0.0004720721381334214,0.020292507571338343
4,0.2,400,10,tis,300,0.0003962113321736061,0.00013965935726414452,0.00019810949182584489,0.07176338617932487
4,0.2,400,10,tis_anchored,300,0.00019074207142548468,1.6386145089915097e-05,-0.00035668314265985637,0.034547969280075225
4,0.2,400,10,uniform,300,0.005521079108273114,0.00046219013615951847,-0.0032666819705879954,1.0
4,0.2,400,11,learned_occupancy,300,0.0,0.0,0.0,0.0
4,0.2,400,11,oracle_tail,300,0.0,0.0,0.0,0.0
4,0.2,400,11,tis,300,0.0,0.0,0.0,0.0
4,0.2,400,11,tis_anchored,300,0.0,0.0,0.0,0.0
4,0.2,400,11,uniform,300,0.0,0.0,0.0,0.0
4,0.2,400,12,learned_occupancy,300,0.0001614309291650534,1.8869899478652726e-05,-0.0008390459988554307,0.05805129548612461
4,0.2,400,12,oracle_tail,300,6.40127908000737e-05,5.238820331821261e-06,-0.00012406574850537904,0.02301929037295663
4,0.2,400,12,tis,300,0.0051158609971849005,0.0013994267771902649,-0.004064948305284427,1.8396868552362367
4,0.2,400,12,tis_anchored,300,0.00012050391965219849,1.0886220532742264e-05,-0.00010278182582083831,0.0433337569395615
4,0.2,400,12,uniform,300,0.002780832500174583,0.00020727043091636955,-0.0017771597503539597,1.0
4,0.2,400,13,learned_occupancy,300,4.483842864208758e-05,3.6198308327450147e-06,0.00017884013282639888,0.05148711637047496
4,0.2,400,13,oracle_tail,300,2.26440288542539e-05,1.949893299119476e-06,0.00024155720002033031,0.026001708445710658
4,0.2,400,13,tis,300,0.0018877537656602577,0.0007566255407239444,0.006467082580245876,2.1676718108742987
4,0.2,400,13,tis_anchored,300,3.9923713536722326e-05,3.1260084186416483e-06,0.00039186644007696596,0.04584364231884079
4,0.2,400,13,uniform,300,0.0008708669625125861,8.488688807927837e-05,-0.0020322047348358754,1.0
4,0.2,400,14,learned_occupancy,300,1.8103367306722844e-05,1.6554503479041182e-06,-0.0001028505469444596,0.07544232787082314
4,0.2,400,14,oracle_tail,300,4.734297865736349e-06,3.915437212355058e-07,-4.723099849927248e-05,0.019729282722578522
4,0.2,400,14,tis,300,5.7261229645223566e-05,1.9450915120323064e-05,-0.00021769471160415794,0.23862524512648062
4,0.2,400,14,tis_anchored,300,1.551251342928362e-05,1.7620355483354988e-06,-0.00017611676091995913,0.06464543885147603
4,0.2,400,14,uniform,300,0.0002399629997860155,2.396161288224644e-05,-0.0007788074912286843,1.0
4,0.2,400,15,learned_occupancy,300,1.3346325585770635e-06,1.075807774148265e-07,-5.485184151578319e-05,0.03892222313843697
4,0.2,400,15,oracle_tail,300,7.711890705024775e-07,6.111559388951171e-08,-4.3633862455784524e-05,0.02249037976117083
4,0.2,400,15,tis,300,8.098920212105955e-06,1.6582567783758997e-06,0.00018473674026068477,0.23619083593470086
4,0.2,400,15,tis_anchored,300,1.3315242168325515e-06,1.1140929740216533e-07,-0.00010194769453082102,0.03883157379064989
4,0.2,400,15,uniform,300,3.428973092904013e-05,4.143051205846969e-06,-0.00025348453310979866,1.0
4,0.2,400,16,learned_occupancy,300,9.986891389756887e-05,7.708443127723132e-06,0.0007347738599504365,0.047142915221173566
4,0.2,400,16,oracle_tail,300,2.641141176225049e-05,2.167061477732189e-06,4.973643571167881e-05,0.012467452553417538
4,0.2,400,16,tis,300,0.00011505558454789185,3.2135948068641425e-05,0.000316218167398102,0.05431175183928652
4,0.2,400,16,tis_anchored,300,6.837592156263997e-05,6.685394101272421e-06,0.00040386712612544193,0.032276713019061064
4,0.2,400,16,uniform,300,0.00211842889708938,0.0001729053981806307,-0.0028593595897885276,1.0
4,0.2,400,17,learned_occupancy,300,3.0645274843551776e-05,2.328544977410575e-06,3.256985321403801e-05,0.0445823957143864
4,0.2,400,17,oracle_tail,300,8.90985644471315e-06,6.846425497188244e-07,3.2999775563218316e-05,0.012961957358987733
4,0.2,400,17,tis,300,3.8449827514110855e-05,1.2815693708708038e-05,0.0008747513181955228,0.05593636977103771
4,0.2,400,17,tis_anchored,300,1.600965983818646e-05,1.4440852135309557e-06,0.00024398497851501943,0.023290670219227337
4,0.2,400,17,uniform,300,0.0006873851068901346,5.5203432192542774e-05,0.0010768001292681983,1.0
4,0.2,400,18,learned_occupancy,300,1.1801876061152889e-06,9.404061842252001e-08,2.2554212169018467e-05,0.04892457769469202
4,0.2,400,18,oracle_tail,300,3.136201422885681e-07,2.6078955709006543e-08,-3.613903374860635e-05,0.013001096553219129
4,0.2,400,18,tis,300,5.730438026333633e-06,2.4919343404860604e-06,3.670930742650717e-05,0.23755482517462567
4,0.2,400,18,tis_anchored,300,1.145630904589852e-06,2.3633360603495594e-07,2.5201032006402596e-05,0.04749203254687561
4,0.2,400,18,uniform,300,2.4122591583316436e-05,4.3855742870621404e-06,-0.00021417928150636664,1.0
4,0.2,400,19,learned_occupancy,300,4.1171157721673005e-05,3.791318828699622e-06,-0.0003445660085430043,0.09716105154217465
4,0.2,400,19,oracle_tail,300,1.0117915282308776e-05,8.644374664450216e-07,-8.084297223283669e-05,0.023877572131673647
4,0.2,400,19,tis,300,0.0002613210176541169,0.00010128956156981392,-0.0008475579138513126,0.6166993174442471
4,0.2,400,19,tis_anchored,300,2.3429581893581322e-05,2.792797904231611e-06,5.065580448277984e-06,0.05529217393795825
4,0.2,400,19,uniform,300,0.0004237413764897538,3.375752158387717e-05,-0.0007075076433646006,1.0
4,0.2,400,20,learned_occupancy,300,0.0004963929431097723,4.728142650465307e-05,0.0012004805621771242,0.07257444564640264
4,0.2,400,20,oracle_tail,300,0.00026124394672142324,2.1230761134580332e-05,0.00020656090649413686,0.03819481093548284
4,0.2,400,20,tis,300,0.0006737805728888125,6.236348079721305e-05,0.0017038843909262284,0.098509159413871
4,0.2,400,20,tis_anchored,300,0.00043384236932520246,4.166113750216812e-05,0.0007495587527074147,0.06342932527293335
4,0.2,400,20,uniform,300,0.006839775883763535,0.0005584350261524526,0.00787030294872852,1.0
4,0.2,400,21,learned_occupancy,300,0.0004238365179598467,4.255804006165975e-05,-0.0017956312053075626,0.08460124169595104
4,0.2,400,21,oracle_tail,300,9.654090060344686e-05,7.410183521971856e-06,-0.0011935180125775494,0.01927035476983312
4,0.2,400,21,tis,300,0.0001978088191954287,3.192909166958198e-05,-0.0002097769788651312,0.039484261061073944
4,0.2,400,21,tis_anchored,300,0.00019056531170361945,2.2231867700130024e-05,-0.0013799658298156363,0.03803839761591644
4,0.2,400,21,uniform,300,0.005009814388813294,0.0004302810779366719,0.001648114068990795,1.0
4,0.2,400,22,learned_occupancy,300,4.737255723126748e-05,3.896473952853976e-06,2.4276060594424405e-05,0.05477083980467165
4,0.2,400,22,oracle_tail,300,3.026921392403984e-05,2.5874697301909495e-06,0.00025145270572884737,0.0349964275467205
4,0.2,400,22,tis,300,0.000611175587997007,0.0001901320074471604,-0.0010785104001823768,0.7066243027432708
4,0.2,400,22,tis_anchored,300,4.7978694962792155e-05,4.306134364480859e-06,-8.639142833718101e-05,0.055471639477166275
4,0.2,400,22,uniform,300,0.0008649229663122102,6.749549321799088e-05,-0.0007611467944131345,1.0
4,0.2,400,23,learned_occupancy,300,2.2320651875245637e-05,1.738679942397516e-06,0.00034094503467070917,0.07028360192207525
4,0.2,400,23,oracle_tail,300,8.8651428686799e-06,7.555579865261542e-07,0.00014166512063641315,0.027914694241328714
4,0.2,400,23,tis,300,3.0424607402318962e-05,4.370968441187333e-06,0.0007094570867974263,0.09580145809592211
4,0.2,400,23,tis_anchored,300,1.6806273746453624e-05,1.4477533843237631e-06,0.00042919847539021265,0.05291984572812445
4,0.2,400,23,uniform,300,0.0003175797947861716,3.182586669343439e-05,6.2450462432650515e-06,1.0
4,0.2,400,24,learned_occupancy,300,1.3666148542257802e-05,1.4703157962853464e-06,-0.0001505603709257312,0.055236886663142776
4,0.2,400,24,oracle_tail,300,4.679671968654184e-06,3.59717891713697e-07,-3.6576609539569206e-05,0.0189146568511198
4,0.2,400,24,tis,300,2.7556779011742092e-05,1.1585367008725141e-05,-0.0001909642012890537,0.11138110158587469
4,0.2,400,24,tis_anchored,300,8.641590390278031e-06,8.216940126853198e-07,-0.00024837979964698054,0.03492824240136866
4,0.2,400,24,uniform,300,0.0002474098264371703,1.922936004716555e-05,-0.0011817644663659488,1.0
4,0.2,400,25,learned_occupancy,300,2.246671801390189e-07,2.822402795871561e-08,2.787707355732897e-05,0.034443551549044
4,0.2,400,25,oracle_tail,300,1.140573483883658e-07,9.596208475599175e-09,-5.878766642301396e-07,0.01748604382861376
4,0.2,400,25,tis,300,5.556130591711953e-07,1.3525733143594545e-07,7.872309048294538e-05,0.08518060819138507
4,0.2,400,25,tis_anchored,300,1.9060616398426728e-07,1.5191015251870933e-08,-1.925045118853497e-06,0.02922168351734898
4,0.2,400,25,uniform,300,6.522764640548651e-06,1.2082217904204464e-06,-2.319149023432221e-05,1.0
4,0.2,400,26,learned_occupancy,300,5.260182036946119e-07,5.797243957610906e-08,8.105085526971164e-06,0.041822027552632986
4,0.2,400,26,oracle_tail,300,1.1117789552593367e-07,7.968999393248444e-09,-1.2832338891892725e-05,0.008839399430041013
4,0.2,400,26,tis,300,1.2617521717809031e-07,1.0093843158007447e-08,-9.340337381315382e-06,0.010031788581113692
4,0.2,400,26,tis_anchored,300,2.191717445134377e-07,1.9738727595852412e-08,-2.4492148641566126e-05,0.017425645487967205
4,0.2,400,26,uniform,300,1.257753950433461e-05,3.8325618593066405e-06,-0.0001488692949191132,1.0
4,0.2,400,27,learned_occupancy,300,0.00041532828686293,3.939585600449149e-05,-0.0005857794497296443,0.08443680233741269
4,0.2,400,27,oracle_tail,300,7.566586083018814e-05,6.9553292929955586e-06,0.0002540672795754036,0.01538297182420738
4,0.2,400,27,tis,300,0.0001811168021412693,2.648973666620309e-05,0.00017562831413712844,0.036821290786374326
4,0.2,400,27,tis_anchored,300,0.0002111763033194651,2.6054768767152678e-05,-0.00019392692060669737,0.04293242802317466
4,0.2,400,27,uniform,300,0.004918806437070679,0.0004195323012768038,0.0004521751970242375,1.0
4,0.2,400,28,learned_occupancy,300,0.00018986861982451926,1.5049744885313337e-05,-2.6208740178534177e-05,0.07368280438754644
4,0.2,400,28,oracle_tail,300,3.669903435942114e-05,3.0687383173604603e-06,-0.00045930099851358247,0.014241888798771755
4,0.2,400,28,tis,300,0.00010822972548866434,1.3371984782713248e-05,-0.0008727019474361786,0.04200098836484654
4,0.2,400,28,tis_anchored,300,0.00011936963880603647,1.2840642909759803e-05,-0.000902663496777949,0.04632408322178906
4,0.2,400,28,uniform,300,0.0025768375864994907,0.00019830450125019774,0.002649622943535607,1.0
4,0.2,400,29,learned_occupancy,300,0.0,0.0,0.0,0.0
4,0.2,400,29,oracle_tail,300,0.0,0.0,0.0,0.0
4,0.2,400,29,tis,300,0.0,0.0,0.0,0.0
4,0.2,400,29,tis_anchored,300,0.0,0.0,0.0,0.0
4,0.2,400,29,uniform,300,0.0,0.0,0.0,0.0
4,0.2,400,30,learned_occupancy,300,4.9024897590778854e-05,4.031602109598927e-06,-0.0006682331941875138,0.04880632769587085
4,0.2,400,30,oracle_tail,300,3.28076131649243e-05,2.530267324334695e-06,-0.00010378422212134068,0.032661345514933555
4,0.2,400,30,tis,300,0.0003774651868404765,0.0001045205000917011,-0.00011409452088190145,0.3757823169055341
4,0.2,400,30,tis_anchored,300,4.186441690718409e-05,3.4724146607067124e-06,-0.00029550759180329753,0.041677770903756045
4,0.2,400,30,uniform,300,0.001004478310604928,8.731168705892774e-05,0.00027166990011222764,1.0
4,0.2,400,31,learned_occupancy,300,1.7909507105192755e-05,1.6570562009614198e-06,-4.587450652318026e-05,0.06729067015826307
4,0.2,400,31,oracle_tail,300,5.669728204314223e-06,4.0745604131303464e-07,0.0001093336163966511,0.0213026415658804
4,0.2,400,31,tis,300,0.0005096697974751754,0.0002403945399010782,-0.0007830119290530531,1.9149618149785281
4,0.2,400,31,tis_anchored,300,1.260873079452967e-05,1.5305360518260026e-06,-4.285173013102235e-05,0.04737427669145775
4,0.2,400,31,uniform,300,0.000266151415390437,2.1076033798212638e-05,-0.0005238788800074534,1.0
4,0.2,400,32,learned_occupancy,300,4.399111450057509e-08,4.41231580311294e-09,-5.625552916890264e-06,0.027861220553094212
4,0.2,400,32,oracle_tail,300,3.6353762214154803e-08,3.334724023280287e-09,5.7876238573658275e-06,0.023024199283927408
4,0.2,400,32,tis,300,7.679145416075305e-06,4.266719606334736e-06,-5.34114489812465e-05,4.863490423589054
4,0.2,400,32,tis_anchored,300,6.221560541183031e-08,7.575958354187835e-09,-8.365426260539266e-06,0.03940347326732597
4,0.2,400,32,uniform,300,1.5789370898788395e-06,6.528834229778004e-07,1.6996497964620143e-06,1.0
4,0.2,400,33,learned_occupancy,300,9.97600765638274e-05,1.0299062626270153e-05,-9.188004839864927e-05,0.08679216294593581
4,0.2,400,33,oracle_tail,300,1.4219072657695723e-05,1.210907245712225e-06,-4.365912060912673e-05,0.012370720969297139
4,0.2,400,33,tis,300,0.0007182531203270571,0.00035894833828276063,-0.0007625287503963037,0.6248866681248775
4,0.2,400,33,tis_anchored,300,6.358038341613648e-05,7.833824303616185e-06,-0.00019678075273546665,0.05531550483612298
4,0.2,400,33,uniform,300,0.0011494134168077998,9.658829774901516e-05,0.0015414636017666615,1.0
4,0.2,400,34,learned_occupancy,300,1.3759771631052052e-06,1.419109965451589e-07,-5.9674318828000965e-05,0.08326925902894337
4,0.2,400,34,oracle_tail,300,3.5221422699938377e-07,3.334990236716123e-08,-5.334062663690927e-05,0.02131475615155128
4,0.2,400,34,tis,300,4.409867524844373e-06,1.3007148575419043e-06,5.091254336881956e-05,0.2668695462800464
4,0.2,400,34,tis_anchored,300,9.149858114984886e-07,1.0676360681501882e-07,-8.443548776634262e-05,0.05537169699352795
4,0.2,400,34,uniform,300,1.6524431454673234e-05,2.2339452871146167e-06,-0.0004021561990683908,1.0
4,0.2,400,35,learned_occupancy,300,0.0005650770679223811,4.515887136086586e-05,0.001825187088520861,0.06050479646442182
4,0.2,400,35,oracle_tail,300,0.00019633770284524307,1.745305234008315e-05,0.0007046511842779179,0.021022570943500598
4,0.2,400,35,tis,300,0.0013626279297815154,0.0003304132909093161,0.002673194395304259,0.14590138271102474
4,0.2,400,35,tis_anchored,300,0.00033681705340621424,2.6897872698818975e-05,0.00013974012181197686,0.036064190920040214
4,0.2,400,35,uniform,300,0.009339376395632686,0.0007852885237696883,0.0048183791236780455,1.0
4,0.2,400,36,learned_occupancy,300,1.741067394899715e-08,2.877040357214949e-09,-6.524914184794876e-07,0.0338189295704303
4,0.2,400,36,oracle_tail,300,3.994471766779189e-09,4.380730106032408e-10,1.8141099951204018e-06,0.007758962102645013
4,0.2,400,36,tis,300,1.5169157952260206e-07,1.3590176853883755e-07,-1.7043453335768473e-05,0.29464952702751035
4,0.2,400,36,tis_anchored,300,2.2957722351424838e-08,8.529600308295142e-09,-2.9531609963884264e-06,0.044593655453817216
4,0.2,400,36,uniform,300,5.148203733869873e-07,2.0803163417732117e-07,-5.13930704530452e-05,1.0
4,0.2,400,37,learned_occupancy,300,0.0,0.0,0.0,0.0
4,0.2,400,37,oracle_tail,300,0.0,0.0,0.0,0.0
4,0.2,400,37,tis,300,0.0,0.0,0.0,0.0
4,0.2,400,37,tis_anchored,300,0.0,0.0,0.0,0.0
4,0.2,400,37,uniform,300,0.0,0.0,0.0,0.0
4,0.2,400,38,learned_occupancy,300,1.003066204874531e-06,7.66468678842346e-08,-8.182395096823243e-05,0.05383788516469871
4,0.2,400,38,oracle_tail,300,6.180480253083867e-07,4.5047547372731494e-08,-2.7239711083163107e-05,0.03317268436631644
4,0.2,400,38,tis,300,1.047999248027593e-05,3.5873418840912744e-06,0.0002236405496335836,0.5624959039972615
4,0.2,400,38,tis_anchored,300,1.1103933016734184e-06,8.655300017542842e-08,-4.160970166491899e-05,0.05959848589517769
4,0.2,400,38,uniform,300,1.86312334113049e-05,2.092889145189424e-06,-0.0001233454563187486,1.0
4,0.2,400,39,learned_occupancy,300,0.0,0.0,0.0,0.0
4,0.2,400,39,oracle_tail,300,0.0,0.0,0.0,0.0
4,0.2,400,39,tis,300,0.0,0.0,0.0,0.0
4,0.2,400,39,tis_anchored,300,0.0,0.0,0.0,0.0
4,0.2,400,39,uniform,300,0.0,0.0,0.0,0.0
4,0.2,400,40,learned_occupancy,300,3.860341880204445e-06,3.226435835335175e-07,-0.00017811607983395355,0.06037564848438641
4,0.2,400,40,oracle_tail,300,1.183235130095384e-06,9.853956321762707e-08,-0.0001022214883307034,0.018505767236665763
4,0.2,400,40,tis,300,0.0001855746835019564,0.0001189951402433493,4.959988481731662e-05,2.9023833138120922
4,0.2,400,40,tis_anchored,300,4.466876640716723e-06,4.3650689201659685e-07,-0.00014468494757346868,0.06986183665907507
4,0.2,400,40,uniform,300,6.393872326195815e-05,6.846515776550194e-06,0.00014670417934402083,1.0
4,0.2,400,41,learned_occupancy,300,5.736019676073767e-06,5.010657153657681e-07,8.53940757147568e-05,0.07128692225481478
4,0.2,400,41,oracle_tail,300,3.1954118879049225e-06,2.7342453537906335e-07,6.903780969226798e-05,0.03971239495139063
4,0.2,400,41,tis,300,0.00010395640490775211,7.756740141051692e-05,0.00039515797768311305,1.291964214394314
4,0.2,400,41,tis_anchored,300,4.365991209144659e-06,3.7004673562848883e-07,1.8457625390514802e-05,0.054260287353919724
4,0.2,400,41,uniform,300,8.046384238009869e-05,9.675849334725805e-06,-0.00031467587396831015,1.0
4,0.2,400,42,learned_occupancy,300,0.0,0.0,0.0,0.0
4,0.2,400,42,oracle_tail,300,0.0,0.0,0.0,0.0
4,0.2,400,42,tis,300,0.0,0.0,0.0,0.0
4,0.2,400,42,tis_anchored,300,0.0,0.0,0.0,0.0
4,0.2,400,42,uniform,300,0.0,0.0,0.0,0.0
4,0.2,400,43,learned_occupancy,300,0.0,0.0,0.0,0.0
4,0.2,400,43,oracle_tail,300,0.0,0.0,0.0,0.0
4,0.2,400,43,tis,300,7.925076576172142e-10,6.237802742771875e-10,2.221710857468843e-06,792507.6576172141
4,0.2,400,43,tis_anchored,300,0.0,0.0,0.0,0.0
4,0.2,400,43,uniform,300,0.0,0.0,0.0,0.0
4,0.2,400,44,learned_occupancy,300,0.00026590518282437823,2.085783724119379e-05,0.0015934576151176172,0.05956837222490969
4,0.2,400,44,oracle_tail,300,9.456597418534395e-05,7.323377916803703e-06,0.00036485868721543025,0.021184773798878065
4,0.2,400,44,tis,300,0.000951538970780402,0.00032648838361784685,-0.0012274040925986044,0.21316480933502838
4,0.2,400,44,tis_anchored,300,0.00018138390649623666,1.707224745526312e-05,-0.0002560415087610838,0.04063382271458855
4,0.2,400,44,uniform,300,0.0044638651836986865,0.0003888601677272158,-0.005330178189541725,1.0
4,0.2,400,45,learned_occupancy,300,0.0005325181600868632,5.623899805584005e-05,-0.002353066786515814,0.0940418874811098
4,0.2,400,45,oracle_tail,300,0.00014586947691785308,1.3200075445770393e-05,-5.676856662262179e-05,0.02576032511830105
4,0.2,400,45,tis,300,0.0003393141238718952,7.615697973596996e-05,-0.0008545839190880197,0.059922352042805584
4,0.2,400,45,tis_anchored,300,0.00030477559036961455,2.9936475294652786e-05,-0.0003409208981683021,0.05382290018401039
4,0.2,400,45,uniform,300,0.005662563506010342,0.00042488728382898043,-0.0014983048516849335,1.0
4,0.2,400,46,learned_occupancy,300,0.0006299231583359532,6.38637952542307e-05,0.0001806120652054388,0.06142790156479595
4,0.2,400,46,oracle_tail,300,0.00014528926132438376,1.0479252829077042e-05,-0.0009491763902719803,0.014168100227704825
4,0.2,400,46,tis,300,0.00032458658679575557,3.6913709443228086e-05,0.0010259203433877762,0.03165254783712682
4,0.2,400,46,tis_anchored,300,0.00036326868443900946,3.708074154657374e-05,0.0008310737209808283,0.03542469060550296
4,0.2,400,46,uniform,300,0.010254674867437752,0.0008745078617996087,-0.012215181666439265,1.0
4,0.2,400,47,learned_occupancy,300,8.379302603366754e-10,2.1615238278695587e-10,-1.4069524009544902e-08,0.36268379384336824
4,0.2,400,47,oracle_tail,300,2.744408525204118e-10,1.0921363996213703e-10,-1.4764748754281243e-06,0.1187870331090783
4,0.2,400,47,tis,300,9.00715859516162e-10,1.6267757482660563e-10,4.231783131459407e-06,0.38985946750861566
4,0.2,400,47,tis_anchored,300,5.449274743177595e-10,8.11518299444109e-11,1.4567720563674059e-06,0.23586254502330606
4,0.2,400,47,uniform,300,2.3103603595217467e-09,2.979247344750613e-10,-3.4870560730645056e-06,1.0
4,0.2,400,48,learned_occupancy,300,0.00025599158954868565,1.9864728589419623e-05,-0.001604190550694169,0.08172149868499293
4,0.2,400,48,oracle_tail,300,5.1179912653980105e-05,4.10347489535735e-06,8.77757124469521e-05,0.016338424133480533
4,0.2,400,48,tis,300,0.00014985950194668584,1.3283530912133438e-05,-0.0007382186394634016,0.047840411916894796
4,0.2,400,48,tis_anchored,300,0.00016964068635795282,1.5433885035242653e-05,-0.0011311094695631903,0.05415526014570942
4,0.2,400,48,uniform,300,0.003132487701130414,0.0002530445489978489,-0.0011012242536947976,1.0
4,0.2,400,49,learned_occupancy,300,0.0001389905964644604,1.1919794689738486e-05,-0.0005965470919167556,0.06864768897100329
4,0.2,400,49,oracle_tail,300,2.8589899333293217e-05,2.2153591771197942e-06,-0.000164286942830727,0.0141205992856218
4,0.2,400,49,tis,300,8.073491701850886e-05,9.637235007132855e-06,-2.6866756417890752e-06,0.039875111076334596
4,0.2,400,49,tis_anchored,300,8.5892126660916e-05,7.843743338789714e-06,-0.000333405750827153,0.04242226557811954
4,0.2,400,49,uniform,300,0.002024694473300767,0.00014897081647752644,0.002327955385791826,1.0
6,0.1,50,0,learned_occupancy,300,0.06098234361917786,0.013871137545433643,-0.031431962480986876,0.49247912893970724
6,0.1,50,0,oracle_tail,300,0.0022972205630143374,0.00017498939159111635,0.002259981660007361,0.01855181540612192
6,0.1,50,0,tis,300,0.05060908000214646,0.011766073195841132,-0.007249716453210181,0.4087070807173589
6,0.1,50,0,tis_anchored,300,0.04086231255565171,0.01042421391950431,-0.02972833085323801,0.32999446888329864
6,0.1,50,0,uniform,300,0.12382726502637993,0.010028814215312674,0.06392765851524619,1.0
6,0.1,50,1,learned_occupancy,300,0.006423766276290743,0.000932745903092382,-0.019454427552265965,0.22253911845253255
6,0.1,50,1,oracle_tail,300,0.0007663425023747703,6.272911842799472e-05,-0.0024734758580324217,0.026548472901424477
6,0.1,50,1,tis,300,0.023011836236795768,0.008077737891974072,-0.006303673898996906,0.7972011324589472
6,0.1,50,1,tis_anchored,300,0.006085572754651241,0.0012054619926431134,-0.017329266736955607,0.2108230495709807
6,0.1,50,1,uniform,300,0.02886578468073211,0.003077352585782113,-0.005312360433641579,1.0
6,0.1,50,2,learned_occupancy,300,3.593014862678232e-07,2.0816777574395546e-07,1.5364028629839172e-05,4.315899681241749
6,0.1,50,2,oracle_tail,300,2.9009798214990384e-07,1.3411782333620408e-07,-5.182656265598773e-06,3.484632923996254
6,0.1,50,2,tis,300,3.8646090465113316e-07,2.0646186951718547e-07,9.440750624872596e-05,4.642136364426147
6,0.1,50,2,tis_anchored,300,4.4226076131736614e-07,1.9669708715218858e-07,1.9781517987693675e-06,5.312399619111428
6,0.1,50,2,uniform,300,8.325065752326447e-08,3.656663805253826e-08,0.00014301245247520634,1.0
6,0.1,50,3,learned_occupancy,300,0.00033444394139011747,5.26756217102064e-05,-0.001331118612775691,0.1391966585637061
6,0.1,50,3,oracle_tail,300,4.082762213693458e-05,4.246217140342181e-06,-0.00035042251335945334,0.01699258941555705
6,0.1,50,3,tis,300,0.0005984609564442011,0.0004624952738944325,-0.0011741367994840216,0.24908140082197344
6,0.1,50,3,tis_anchored,300,0.0001403399154761117,2.0219425860653586e-05,-0.00045443453981518277,0.058409930274685294
6,0.1,50,3,uniform,300,0.0024026721965962465,0.0006522854375927899,-0.0012030990136388524,1.0
6,0.1,50,4,learned_occupancy,300,0.026235688691914626,0.002153040586869222,-0.0014063974738299397,0.1234926005065773
6,0.1,50,4,oracle_tail,300,0.006461650686354225,0.000493075272257294,-0.0023911385564410357,0.03041528873869099
6,0.1,50,4,tis,300,0.04704874668636385,0.005253084786537636,0.03236165752588933,0.2214606274339913
6,0.1,50,4,tis_anchored,300,0.021780054397521283,0.0019418730053735016,-0.004072243941722085,0.10251972373622227
6,0.1,50,4,uniform,300,0.21244745502397364,0.013701176531691343,0.04543897298793816,1.0
6,0.1,50,5,learned_occupancy,300,0.0010398970096958103,8.349315733117068e-05,-0.001398990915721045,0.1303327391954287
6,0.1,50,5,oracle_tail,300,0.00021452835262889222,1.8070661452755617e-05,0.00038129894469000723,0.026887343239293694
6,0.1,50,5,tis,300,0.0007230049989832835,0.00011951234255353273,0.0035525270202683575,0.09061591781771151
6,0.1,50,5,tis_anchored,300,0.0006674670488373633,9.155359226846381e-05,0.00022052243109214794,0.08365521584018172
6,0.1,50,5,uniform,300,0.007978785807121927,0.0006969851139756111,0.001267350686903986,1.0
6,0.1,50,6,learned_occupancy,300,0.0,0.0,0.0,0.0
6,0.1,50,6,oracle_tail,300,0.0,0.0,0.0,0.0
6,0.1,50,6,tis,300,0.0,0.0,0.0,0.0
6,0.1,50,6,tis_anchored,300,0.0,0.0,0.0,0.0
6,0.1,50,6,uniform,300,0.0,0.0,0.0,0.0
6,0.1,50,7,learned_occupancy,300,0.004775828293384105,0.0004956198463781953,0.002445719791772271,0.11721776886693008
6,0.1,50,7,oracle_tail,300,0.0009026624168351048,7.486497663888137e-05,0.0005610348310225384,0.022154915973008577
6,0.1,50,7,tis,300,0.004444133090415528,0.0008292491853883293,0.004560544249582483,0.10907665297092918
6,0.1,50,7,tis_anchored,300,0.0030780554687679373,0.00034936692670171004,-0.0008931186199620396,0.07554768981067551
6,0.1,50,7,uniform,300,0.04074321102976974,0.004615000345807391,0.004302838449291408,1.0
6,0.1,50,8,learned_occupancy,300,0.05456915266030515,0.0049523501002614505,-0.02577184733429707,0.1357320771296424
6,0.1,50,8,oracle_tail,300,0.015218516539520206,0.001175164310091053,-0.003649275930742591,0.03785363635018451
6,0.1,50,8,tis,300,0.10628280216669851,0.015413718928991998,0.045437842567277155,0.26436154490151426
6,0.1,50,8,tis_anchored,300,0.044229281517789834,0.004678026290205942,-0.02270678058917391,0.11001329428243582
6,0.1,50,8,uniform,300,0.40203578854970495,0.02737491924950899,0.05721894263846716,1.0
6,0.1,50,9,learned_occupancy,300,0.010566196640240132,0.0009104607728727079,-0.008151627550156904,0.09875024241529659
6,0.1,50,9,oracle_tail,300,0.004445426728276764,0.00035664018792525676,-0.0014182242689632796,0.04154635598820284
6,0.1,50,9,tis,300,0.08950514865544178,0.023298193440308344,0.07458649670670824,0.8365029942260437
6,0.1,50,9,tis_anchored,300,0.012962383698281838,0.0012806603308433196,-0.008213317496988459,0.12114468205243714
6,0.1,50,9,uniform,300,0.10699919698225883,0.010081644184744155,0.01405862069043316,1.0
6,0.1,50,10,learned_occupancy,300,0.04281947989838777,0.003774525046422145,0.009915781106826687,0.22703611975050858
6,0.1,50,10,oracle_tail,300,0.00793837495755319,0.0005996597768456734,0.014157025381612976,0.04209060576551618
6,0.1,50,10,tis,300,0.05091466856707543,0.007127417450574466,0.035889720134942446,0.2699581783170428
6,0.1,50,10,tis_anchored,300,0.030780243084235857,0.002660847776566366,0.0063614294844016785,0.1632020512954772
6,0.1,50,10,uniform,300,0.188602060083842,0.012995909972300813,0.060922088524411035,1.0
6,0.1,50,11,learned_occupancy,300,0.0,0.0,0.0,0.0
6,0.1,50,11,oracle_tail,300,0.0,0.0,0.0,0.0
6,0.1,50,11,tis,300,0.0,0.0,0.0,0.0
6,0.1,50,11,tis_anchored,300,0.0,0.0,0.0,0.0
6,0.1,50,11,uniform,300,0.0,0.0,0.0,0.0
6,0.1,50,12,learned_occupancy,300,0.025997425583418457,0.0025911212594898654,-0.02078321714343089,0.20170914833104817
6,0.1,50,12,oracle_tail,300,0.0068784727334349266,0.0005702721912241281,-0.0017375200413556246,0.05336877962887343
6,0.1,50,12,tis,300,0.1924481891593138,0.030122415906469233,0.035048718511779584,1.4931693989706694
6,0.1,50,12,tis_anchored,300,0.02231633230349143,0.0019406158213366143,-0.007737029492416044,0.1731482360961533
6,0.1,50,12,uniform,300,0.12888570398775906,0.008024143920640905,0.030706739313022594,1.0
6,0.1,50,13,learned_occupancy,300,0.005803998767617489,0.0005504507699855342,-0.0051193361841048845,0.06466924540124357
6,0.1,50,13,oracle_tail,300,0.0022643115558230887,0.00019934830955447726,0.0002315109113569876,0.02522938503801651
6,0.1,50,13,tis,300,0.04821288880625177,0.017372288788391123,0.045351813466727946,0.5371970709418745
6,0.1,50,13,tis_anchored,300,0.006499953520022324,0.0006296929792422871,-0.006411218904225527,0.07242370408971519
6,0.1,50,13,uniform,300,0.08974897931166953,0.013635421734197975,0.0033758403263022957,1.0
6,0.1,50,14,learned_occupancy,300,0.0028359998203647927,0.0006402225007499284,-0.001690983583998514,0.23920146200667086
6,0.1,50,14,oracle_tail,300,0.00043658436321771725,3.9344921585097326e-05,0.0018681445542638715,0.03682356297099357
6,0.1,50,14,tis,300,0.0038950080697720516,0.0012544921058751503,0.0015345874545117939,0.32852316073045906
6,0.1,50,14,tis_anchored,300,0.002561462557506085,0.0007531923405909515,-0.0007623585255965034,0.21604570784210766
6,0.1,50,14,uniform,300,0.011856114074610891,0.002484590507027303,0.004506318370012282,1.0
6,0.1,50,15,learned_occupancy,300,0.00011789918848130504,1.5010814166291853e-05,-0.0008881476321484527,0.08285959118161645
6,0.1,50,15,oracle_tail,300,5.895183326308213e-05,5.583104223721858e-06,-0.0006800776771316756,0.04143136917656021
6,0.1,50,15,tis,300,0.00024765359793165685,3.0068277187590583e-05,0.006819817010953313,0.17405103583496995
6,0.1,50,15,tis_anchored,300,0.00013136592885392066,1.5508220864079993e-05,-0.00106499579767676,0.09232402105766124
6,0.1,50,15,uniform,300,0.0014228791959990095,0.0006086083235090436,0.004364765397180454,1.0
6,0.1,50,16,learned_occupancy,300,0.018098113373698807,0.0015174374231404874,-0.0030150048204321232,0.1317082007134171
6,0.1,50,16,oracle_tail,300,0.002214471733903784,0.00017555733529666683,-0.0008078482897141873,0.0161157177867529
6,0.1,50,16,tis,300,0.06321641628039862,0.027085437647575497,0.016248907922064796,0.46005460745657917
6,0.1,50,16,tis_anchored,300,0.012470411818162825,0.0014766818569586025,-0.00755545116704369,0.09075285742835862
6,0.1,50,16,uniform,300,0.13741067963625406,0.01694706117531833,0.015765920848563524,1.0
6,0.1,50,17,learned_occupancy,300,0.002021999931357393,0.00016989904107376849,0.0023534683948269637,0.1245254466565893
6,0.1,50,17,oracle_tail,300,0.00029296622460457466,3.126984031183951e-05,0.0008241440999430013,0.018042409106160888
6,0.1,50,17,tis,300,0.007519516767670359,0.0008588462334517898,0.006739496214238152,0.4630916003579024
6,0.1,50,17,tis_anchored,300,0.0020949958013544994,0.000250268618246318,-0.00013395765901280665,0.12902091828075193
6,0.1,50,17,uniform,300,0.016237644478670887,0.001035979431168997,0.01653850088614929,1.0
6,0.1,50,18,learned_occupancy,300,0.00015478136387971758,2.8374331302716943e-05,-0.00022314598194036843,0.2698620348079453
6,0.1,50,18,oracle_tail,300,2.438440355001148e-05,2.275659658830858e-06,-0.00010862728199339718,0.04251432210338906
6,0.1,50,18,tis,300,0.00018215460536369373,0.0001495806824721505,0.001609181966604485,0.31758740988537115
6,0.1,50,18,tis_anchored,300,0.00013119819702657665,3.679317097132538e-05,-5.638131577521429e-05,0.22874467264831477
6,0.1,50,18,uniform,300,0.0005735573882775767,0.0004959639436023444,0.0023550164062412044,1.0
6,0.1,50,19,learned_occupancy,300,0.00229724852706304,0.00022209704371906693,-0.0021580992143447938,0.15358317951984873
6,0.1,50,19,oracle_tail,300,0.00047892456489992,4.9611830488115204e-05,-0.00027049537195715344,0.03201863296938417
6,0.1,50,19,tis,300,0.002427669301374346,0.0008152909589417731,0.004750045133564413,0.16230249611019573
6,0.1,50,19,tis_anchored,300,0.0014950593458354512,0.00017690848113601225,-0.0021253436263734497,0.09995260207994584
6,0.1,50,19,uniform,300,0.014957683089027004,0.000939877785062498,0.004896848389586027,1.0
6,0.1,50,20,learned_occupancy,300,0.0036026271999345123,0.0004129853734702432,0.004200568128194546,0.10098885857267582
6,0.1,50,20,oracle_tail,300,0.000705085185635481,5.231918034445993e-05,-0.0016866803572770416,0.019764950449251265
6,0.1,50,20,tis,300,0.12068028954818784,0.016251374974042686,0.148392473210523,3.3829103088748815
6,0.1,50,20,tis_anchored,300,0.0033267547726703733,0.00036771606125484893,0.004095600659975559,0.09325560170347066
6,0.1,50,20,uniform,300,0.03567351142345975,0.006171587004796625,0.036832961522228265,1.0
6,0.1,50,21,learned_occupancy,300,0.07309403683351871,0.006039237603683473,-0.023367243101025136,0.23072096126608935
6,0.1,50,21,oracle_tail,300,0.007139431964113515,0.0005733023981738326,-0.008493472883891628,0.022535581245921154
6,0.1,50,21,tis,300,0.09456732418469063,0.013285051372432483,-0.029607936323776684,0.29850128526829894
6,0.1,50,21,tis_anchored,300,0.05171048507654633,0.005399220224182039,-0.01114405731240891,0.1632238872176435
6,0.1,50,21,uniform,300,0.31680709213594044,0.024678578136968013,-0.030121299213208223,1.0
6,0.1,50,22,learned_occupancy,300,0.007169059459605985,0.0005514270906207414,-0.0017823153875720324,0.07731263249873599
6,0.1,50,22,oracle_tail,300,0.0037902646173981905,0.0002875052468101039,0.0010584201018964186,0.04087500418834214
6,0.1,50,22,tis,300,0.07262630286529502,0.02092054401927486,0.016500670329486707,0.783217198128114
6,0.1,50,22,tis_anchored,300,0.007537595114177812,0.0005991746751890678,-0.0018432015126976164,0.08128699786495082
6,0.1,50,22,uniform,300,0.09272817685677945,0.014443689756549288,-0.003122735677802278,1.0
6,0.1,50,23,learned_occupancy,300,0.002924913817418572,0.00029576173309542124,-0.0007982831964190762,0.15350922200021389
6,0.1,50,23,oracle_tail,300,0.0007673653902819395,6.157821828194639e-05,-0.001503921218027869,0.040273892294042074
6,0.1,50,23,tis,300,0.00436872310062299,0.0008019760901369707,0.010447555076359881,0.2292851434859986
6,0.1,50,23,tis_anchored,300,0.002291634353487319,0.00027159340208774584,-0.0003998671408804159,0.12027260585177739
6,0.1,50,23,uniform,300,0.019053668433121868,0.004032663649125198,0.006284032707120882,1.0
6,0.1,50,24,learned_occupancy,300,0.0009858448258508502,9.84866718821245e-05,-0.008071785016289676,0.14451515452493907
6,0.1,50,24,oracle_tail,300,0.0002060535820850574,3.649935922263452e-05,-0.0018428222334671244,0.030205428354040397
6,0.1,50,24,tis,300,0.0009381763024716214,0.0004325912996815412,-0.005587513946591713,0.13752741787360614
6,0.1,50,24,tis_anchored,300,0.0005421403854199838,5.724048398184265e-05,-0.006234145326005738,0.07947244791345315
6,0.1,50,24,uniform,300,0.006821740108098644,0.00067787636302652,-0.004126601995250555,1.0
6,0.1,50,25,learned_occupancy,300,0.00019234927382436102,0.00015727164120178037,0.0002385570550727841,0.41890402862608334
6,0.1,50,25,oracle_tail,300,8.793555566680192e-06,7.804841130569628e-07,0.0007981364414947374,0.019150869559264844
6,0.1,50,25,tis,300,9.563092713726279e-05,1.4144808186706396e-05,0.003906804507662967,0.20826790682675922
6,0.1,50,25,tis_anchored,300,4.1049260407187675e-05,1.7039980253041845e-05,0.0010848643829688938,0.08939831284413334
6,0.1,50,25,uniform,300,0.00045917265215907803,0.0002929561609721129,0.004581173695300689,1.0
6,0.1,50,26,learned_occupancy,300,6.201746166748571e-05,2.3061761369805508e-05,0.00014575876760738755,30.15471831760952
6,0.1,50,26,oracle_tail,300,9.064638859596338e-06,1.0132540313127846e-06,-0.0003543678316694813,4.407494665414392
6,0.1,50,26,tis,300,1.3325505843328428e-05,1.6351858644379798e-06,-0.0004116619871665102,6.479253815637811
6,0.1,50,26,tis_anchored,300,2.071064918552872e-05,3.345093503171614e-06,-0.00018226688090417683,10.070128244088885
6,0.1,50,26,uniform,300,2.056642048991359e-06,8.2744341267202e-09,0.0014328637360198307,1.0
6,0.1,50,27,learned_occupancy,300,0.056428532452424705,0.005629785782966595,-0.017805816254126357,0.25436055077650976
6,0.1,50,27,oracle_tail,300,0.005215063498418124,0.000600024943701473,0.00047805983325163395,0.023507725013236752
6,0.1,50,27,tis,300,0.08853116171340095,0.018059325628804187,-0.009199569300811391,0.39906823863070884
6,0.1,50,27,tis_anchored,300,0.03604341593915703,0.0032844028793745615,-0.015901096835475203,0.16247140819904254
6,0.1,50,27,uniform,300,0.22184467001726546,0.018298989092572927,0.04441986462142284,1.0
6,0.1,50,28,learned_occupancy,300,0.023062040257502723,0.0021782445543231444,-0.029922913482467842,0.19112729097805323
6,0.1,50,28,oracle_tail,300,0.0019476016727989658,0.0001818846643074636,-0.009009801091254259,0.01614080226511144
6,0.1,50,28,tis,300,0.025857375576923015,0.0033014022838990216,-0.021175121774946987,0.2142937090837653
6,0.1,50,28,tis_anchored,300,0.016886255790380174,0.0017207851415298697,-0.025020690956064406,0.13994530787135614
6,0.1,50,28,uniform,300,0.12066325086013431,0.011998556854422476,0.014460141524261172,1.0
6,0.1,50,29,learned_occupancy,300,0.0,0.0,0.0,0.0
6,0.1,50,29,oracle_tail,300,0.0,0.0,0.0,0.0
6,0.1,50,29,tis,300,0.0,0.0,0.0,0.0
6,0.1,50,29,tis_anchored,300,0.0,0.0,0.0,0.0
6,0.1,50,29,uniform,300,0.0,0.0,0.0,0.0
6,0.1,50,30,learned_occupancy,300,0.0010559484489195236,9.647443183976302e-05,0.0007890013849041585,0.09453140009878332
6,0.1,50,30,oracle_tail,300,0.0004498084854991658,3.7028598250391465e-05,0.00099426472616632,0.0402680888011703
6,0.1,50,30,tis,300,0.009428376734704511,0.004139642736839554,0.0159470803186582,0.8440541338001801
6,0.1,50,30,tis_anchored,300,0.0009449658531911332,7.989346887632269e-05,0.0006538976620523828,0.0845959338631569
6,0.1,50,30,uniform,300,0.011170346020645837,0.0005934320319832063,-0.002883062352793493,1.0
6,0.1,50,31,learned_occupancy,300,0.000961583366794245,9.333501330752224e-05,0.00116710324291822,0.09716973803074495
6,0.1,50,31,oracle_tail,300,0.00027665174846569274,2.4899539432936006e-05,-0.0007221106247359336,0.027956159447494928
6,0.1,50,31,tis,300,0.001996077416696438,0.0005755852212177092,0.0094787995318675,0.20170723243279778
6,0.1,50,31,tis_anchored,300,0.0008748688842673594,0.00011469622043899067,-0.0022310142456542213,0.08840708276695852
6,0.1,50,31,uniform,300,0.009895913957182796,0.0014877183908980128,0.007085358561480377,1.0
6,0.1,50,32,learned_occupancy,300,4.480581929832109e-06,9.355562816526671e-07,-5.2188735557564906e-05,0.20277276804726038
6,0.1,50,32,oracle_tail,300,2.714966007253683e-06,4.1536934415607175e-07,-4.256080867316807e-05,0.12286823030277146
6,0.1,50,32,tis,300,6.497930904782512e-06,2.237916294262153e-06,0.001075134884667602,0.29406971165282564
6,0.1,50,32,tis_anchored,300,7.3246003913240955e-06,2.3966737150006555e-06,-7.936365630004439e-05,0.33148138332211824
6,0.1,50,32,uniform,300,2.209656638305503e-05,6.055480049333577e-06,0.00048239309850307924,1.0
6,0.1,50,33,learned_occupancy,300,0.013726918724040409,0.002277673228478558,-0.023509852653397154,0.35713071052923606
6,0.1,50,33,oracle_tail,300,0.0008412201157578202,0.00010797518183645838,-0.0007967350388902039,0.021885868467038515
6,0.1,50,33,tis,300,0.03135528239903822,0.005910660331422029,0.002962060656974268,0.8157645941621301
6,0.1,50,33,tis_anchored,300,0.009924460504938039,0.0015967546817346975,-0.012017173393829144,0.2582028569558411
6,0.1,50,33,uniform,300,0.03843667967870456,0.00442932132830537,-0.0034406142362548545,1.0
6,0.1,50,34,learned_occupancy,300,0.00011118002830172398,2.0955102737237742e-05,-0.0006035839100272329,0.3214260209975267
6,0.1,50,34,oracle_tail,300,2.195705597322923e-05,3.5628206720872148e-06,-4.8553643305625133e-05,0.0634787492151197
6,0.1,50,34,tis,300,0.0004241596789688624,0.0003159709609352423,0.00030627433209014693,1.2262630254829292
6,0.1,50,34,tis_anchored,300,9.479199354030205e-05,2.465583138608557e-05,-0.0006219334168819509,0.27404754047548746
6,0.1,50,34,uniform,300,0.000345896165956581,0.00012164045962343059,0.000866183478252518,1.0
6,0.1,50,35,learned_occupancy,300,0.05488647288643601,0.005095814337165284,0.05244773806039729,0.1741578121630624
6,0.1,50,35,oracle_tail,300,0.01070134494195883,0.0009216763073775055,0.01955256279280053,0.0339559589873807
6,0.1,50,35,tis,300,0.08235129925742977,0.015244062214354053,0.09685844069540597,0.26130522427874825
6,0.1,50,35,tis_anchored,300,0.03766045117025737,0.003994175469632998,0.04375242785419815,0.11949869313804543
6,0.1,50,35,uniform,300,0.3151536655447089,0.026646014550452315,0.22542071173535372,1.0
6,0.1,50,36,learned_occupancy,300,1.2911537938336854e-06,5.41664892759154e-07,-4.479199756964351e-05,6.198156298226095
6,0.1,50,36,oracle_tail,300,1.3643780327105742e-07,3.085280803401353e-08,-1.7798025110756417e-06,0.6549667697987402
6,0.1,50,36,tis,300,1.0656403318742888e-07,3.2865571228709944e-08,8.072475486308702e-05,0.511558372534292
6,0.1,50,36,tis_anchored,300,1.0174879228704865e-06,8.547995863787933e-07,4.1807144647387775e-06,4.8844291111001805
6,0.1,50,36,uniform,300,2.0831255807524763e-07,6.99828112449606e-08,8.940408328664607e-05,1.0
6,0.1,50,37,learned_occupancy,300,0.0,0.0,0.0,0.0
6,0.1,50,37,oracle_tail,300,1.9838712751077496e-06,1.4651621261590163e-06,0.0001135562571970361,1.0
6,0.1,50,37,tis,300,0.00040746286024096915,0.0003474436882586043,0.0023526229288691487,205.38775138968566
6,0.1,50,37,tis_anchored,300,0.0,0.0,0.0,0.0
6,0.1,50,37,uniform,300,1.9838712751077496e-06,1.4651621261590163e-06,0.0001135562571970361,1.0
6,0.1,50,38,learned_occupancy,300,7.517129736778423e-05,6.683410683635903e-06,-0.0010016184818656877,0.08291607046308075
6,0.1,50,38,oracle_tail,300,3.914989609290294e-05,3.5585288523049454e-06,-0.00021033129624254966,0.04318344443596922
6,0.1,50,38,tis,300,0.0009410660633765076,0.00042115577022378914,0.00012844902690271572,1.038022526597781
6,0.1,50,38,tis_anchored,300,8.477329663144495e-05,8.640086427211218e-06,-0.0005322607165473666,0.09350734765810954
6,0.1,50,38,uniform,300,0.0009065950297446264,0.00017500308640571742,-0.001136992470947941,1.0
6,0.1,50,39,learned_occupancy,300,0.0,0.0,0.0,0.0
6,0.1,50,39,oracle_tail,300,0.0,0.0,0.0,0.0
6,0.1,50,39,tis,300,0.0,0.0,0.0,0.0
6,0.1,50,39,tis_anchored,300,0.0,0.0,0.0,0.0
6,0.1,50,39,uniform,300,0.0,0.0,0.0,0.0
6,0.1,50,40,learned_occupancy,300,0.0003990717890396824,6.236343202960587e-05,-0.0005002402543739611,0.15971367773000628
6,0.1,50,40,oracle_tail,300,8.614084826008301e-05,1.716492092838399e-05,-0.00024422336378332243,0.03447467863240073
6,0.1,50,40,tis,300,0.002231202723406194,0.0007193179870178019,0.0006931728584007161,0.8929561109141056
6,0.1,50,40,tis_anchored,300,0.0007239119286870927,0.00013672165768449272,-0.002347120664033205,0.2897188918351251
6,0.1,50,40,uniform,300,0.002498670087068608,0.0007719197855068007,0.0003146282120008766,1.0
6,0.1,50,41,learned_occupancy,300,0.0006152729399423683,6.22385869832542e-05,0.0028808339629780035,0.09477493789381389
6,0.1,50,41,oracle_tail,300,0.00024802327201349603,2.039653526022158e-05,0.0003748413084851965,0.0382048172043799
6,0.1,50,41,tis,300,0.00174529128953433,0.0008881928958408952,0.012944009494749617,0.2688398316163948
6,0.1,50,41,tis_anchored,300,0.0006559235644898457,7.905464980523163e-05,0.00012062454701810073,0.1010366473998305
6,0.1,50,41,uniform,300,0.006491937147262728,0.0023497885076546334,-0.0013408158361256802,1.0
6,0.1,50,42,learned_occupancy,300,0.0,0.0,0.0,0.0
6,0.1,50,42,oracle_tail,300,0.0,0.0,0.0,0.0
6,0.1,50,42,tis,300,0.0,0.0,0.0,0.0
6,0.1,50,42,tis_anchored,300,0.0,0.0,0.0,0.0
6,0.1,50,42,uniform,300,0.0,0.0,0.0,0.0
6,0.1,50,43,learned_occupancy,300,0.0,0.0,0.0,0.0
6,0.1,50,43,oracle_tail,300,0.0013862953341574993,0.00046525512745501435,0.009183109870127397,1.0
6,0.1,50,43,tis,300,0.001709594909023738,0.0005419611518349244,0.010093842884022519,1.2332111829999914
6,0.1,50,43,tis_anchored,300,0.0,0.0,0.0,0.0
6,0.1,50,43,uniform,300,0.0013862953341574993,0.00046525512745501435,0.009183109870127397,1.0
6,0.1,50,44,learned_occupancy,300,0.03297169304358021,0.0027774781165647955,0.006336255153779686,0.13620129714125034
6,0.1,50,44,oracle_tail,300,0.009172205862587072,0.0007206257343492581,0.00501520270343629,0.037889056363582155
6,0.1,50,44,tis,300,0.1967435222557926,0.02816165804996812,0.11618943398598676,0.8127190466064009
6,0.1,50,44,tis_anchored,300,0.03103164341656499,0.0027683298336444017,0.0024727432971728006,0.12818723261115123
6,0.1,50,44,uniform,300,0.2420806096243433,0.016299973750871936,0.03839900379443657,1.0
6,0.1,50,45,learned_occupancy,300,0.05238721704394585,0.006624081780769824,-0.009363392868447609,0.45348610501995207
6,0.1,50,45,oracle_tail,300,0.00418036818989514,0.0003490186716127478,0.004889537488565903,0.036187050867668415
6,0.1,50,45,tis,300,0.04701136834995621,0.009275793389727506,0.007817449318463508,0.40695046478220265
6,0.1,50,45,tis_anchored,300,0.0389225885385664,0.0068491788373467675,-0.011947055545233802,0.3369305351502449
6,0.1,50,45,uniform,300,0.11552110740337009,0.008988674988824384,0.025132269221518153,1.0
6,0.1,50,46,learned_occupancy,300,0.10315073033064147,0.008831002089393357,-0.014606022573398526,0.25435957992516295
6,0.1,50,46,oracle_tail,300,0.007285556045826286,0.00051862178662088,-0.0012733411346918654,0.01796546635586076
6,0.1,50,46,tis,300,0.17985022241401197,0.023575862749083396,0.026609484084730853,0.4434930017076761
6,0.1,50,46,tis_anchored,300,0.07907652710862476,0.007387467726719895,-0.024301246447332503,0.19499495692194457
6,0.1,50,46,uniform,300,0.40553113966059473,0.026610094067055598,0.10186354145444948,1.0
6,0.1,50,47,learned_occupancy,300,3.214900442110745e-08,6.4072610311964695e-09,-9.43530243163219e-06,0.36110081277591527
6,0.1,50,47,oracle_tail,300,4.8079313824498185e-09,6.136081408959196e-10,-2.616657300934892e-06,0.054003163122326434
6,0.1,50,47,tis,300,1.1141410622636966e-07,4.485078861008683e-08,-2.5492591576803393e-06,1.2514143139882141
6,0.1,50,47,tis_anchored,300,2.8278345965872316e-08,5.163345616723624e-09,-1.0779877088228733e-05,0.3176251923226201
6,0.1,50,47,uniform,300,8.903055125787778e-08,2.8289418281591786e-08,1.2629977370807548e-06,1.0
6,0.1,50,48,learned_occupancy,300,0.030058048209411586,0.002925995379880534,-0.02854585535732137,0.19062226552570663
6,0.1,50,48,oracle_tail,300,0.0034379885376167327,0.00031967486108199975,-0.00411153162703653,0.021803051193680346
6,0.1,50,48,tis,300,0.022108344318046615,0.003384639390422587,-0.031032254967141792,0.14020679757938712
6,0.1,50,48,tis_anchored,300,0.019890263511608726,0.0019731445767275715,-0.0318656380484279,0.12614016273015935
6,0.1,50,48,uniform,300,0.15768382631754035,0.013884097744111458,-0.03231996451568575,1.0
6,0.1,50,49,learned_occupancy,300,0.02226964824554251,0.002415567105868709,-0.016034643412804563,0.1680226583944777
6,0.1,50,49,oracle_tail,300,0.002297505458402467,0.00020749278840286313,-0.0021720880769821303,0.017334489101051426
6,0.1,50,49,tis,300,0.009820708805235568,0.0010928696865952685,0.00015342334574424576,0.0740964375629067
6,0.1,50,49,tis_anchored,300,0.010537236273021538,0.001543184518549694,-0.009158198598810069,0.07950257818186146
6,0.1,50,49,uniform,300,0.13253955423832547,0.015398829650434358,-0.018568451867318248,1.0
6,0.1,100,0,learned_occupancy,300,0.02125947553294185,0.005466442080632704,-0.009451266071099276,0.3947822400969138
6,0.1,100,0,oracle_tail,300,0.0009759297319408296,8.156403047980017e-05,0.00305865399742276,0.018122729563849548
6,0.1,100,0,tis,300,0.010832274786409078,0.002747601155950887,0.0050324568321987555,0.20115217324611653
6,0.1,100,0,tis_anchored,300,0.011596030900119235,0.0026987001304057305,0.0020731423319922046,0.21533490080169537
6,0.1,100,0,uniform,300,0.05385114469111612,0.004698317057785696,0.0325128756066538,1.0
6,0.1,100,1,learned_occupancy,300,0.0025982842140776616,0.0003205150784388868,-0.0078091274208279046,0.19238354421214063
6,0.1,100,1,oracle_tail,300,0.00034498916812190786,2.6772526005695506e-05,-0.0007350615917617172,0.025543871805283152
6,0.1,100,1,tis,300,0.014696929381575309,0.00459491611261512,-0.011332907363113306,1.088197876176794
6,0.1,100,1,tis_anchored,300,0.0020614264957405674,0.0002376273163406784,-0.005960640172599944,0.1526332389792712
6,0.1,100,1,uniform,300,0.013505750841207828,0.0014212365817381871,0.0066328920581177776,1.0
6,0.1,100,2,learned_occupancy,300,5.3194630662955623e-08,8.66371827113923e-09,4.690549479399989e-05,0.21594772863322553
6,0.1,100,2,oracle_tail,300,6.014249461169163e-08,1.498967470207995e-08,3.197848871179539e-05,0.2441531211678346
6,0.1,100,2,tis,300,3.7171713238828644e-07,3.4184729249155226e-07,0.00011645943871335884,1.5090145270847224
6,0.1,100,2,tis_anchored,300,1.4383093674600298e-07,7.000187967891032e-08,3.767940729701398e-05,0.5838928423864107
6,0.1,100,2,uniform,300,2.4633104964629456e-07,2.1781017107232108e-07,0.00012588497744112637,1.0
6,0.1,100,3,learned_occupancy,300,0.0001070861624972944,1.0040403136613964e-05,0.0001592269633591285,0.10795527479920115
6,0.1,100,3,oracle_tail,300,1.8465808444531917e-05,1.4404861656127842e-06,0.0002595722636333046,0.018615677119527173
6,0.1,100,3,tis,300,3.3581011088297045e-05,2.89913263584802e-06,0.0008465169951989419,0.03385355489009817
6,0.1,100,3,tis_anchored,300,4.681996890150725e-05,4.429747756515223e-06,0.0001551278206393514,0.047199960209424546
6,0.1,100,3,uniform,300,0.0009919493299097861,0.00023028629271727456,0.0006202675924248242,1.0
6,0.1,100,4,learned_occupancy,300,0.010195916966616224,0.0008943618764842286,0.002116302835279781,0.11296736971350743
6,0.1,100,4,oracle_tail,300,0.0031048631436325345,0.00021928948889906824,0.0052664413282582775,0.03440085122358389
6,0.1,100,4,tis,300,0.019799175316782006,0.002228871838478566,0.024788561213918245,0.21936827902353512
6,0.1,100,4,tis_anchored,300,0.008208156469211986,0.0007092907819719383,0.0024631455612577386,0.09094364435879877
6,0.1,100,4,uniform,300,0.09025541616551513,0.007220286689644766,-0.005886934516891027,1.0
6,0.1,100,5,learned_occupancy,300,0.00036286019651304553,2.8471649893075552e-05,-0.0004945092592150872,0.083908113106498
6,0.1,100,5,oracle_tail,300,9.185751313750872e-05,8.815768255658357e-06,0.0003052629249670232,0.021241212665623975
6,0.1,100,5,tis,300,0.00029843006698544673,7.613780131981671e-05,-0.0007750397675447326,0.06900923291015848
6,0.1,100,5,tis_anchored,300,0.00021951737522727521,2.020844942026931e-05,-0.0007183606156197398,0.05076139220122359
6,0.1,100,5,uniform,300,0.004324494772662752,0.0003404515578744274,0.006507851322971123,1.0
6,0.1,100,6,learned_occupancy,300,0.0,0.0,0.0,0.0
6,0.1,100,6,oracle_tail,300,0.0,0.0,0.0,0.0
6,0.1,100,6,tis,300,0.0,0.0,0.0,0.0
6,0.1,100,6,tis_anchored,300,0.0,0.0,0.0,0.0
6,0.1,100,6,uniform,300,0.0,0.0,0.0,0.0
6,0.1,100,7,learned_occupancy,300,0.0024747009605495056,0.00023143845119577577,-0.002626018595906666,0.12815454887450975
6,0.1,100,7,oracle_tail,300,0.00043992804171686143,3.5499363197418064e-05,-0.0005876466741727971,0.022782057558563367
6,0.1,100,7,tis,300,0.0018406998734486616,0.0002178971324329477,-0.0018499145525574256,0.09532224929625449
6,0.1,100,7,tis_anchored,300,0.0017881655999616908,0.00020212392457586033,-0.004518783720233377,0.09260171609790074
6,0.1,100,7,uniform,300,0.019310285762643962,0.002105925805942624,0.013485123851690043,1.0
6,0.1,100,8,learned_occupancy,300,0.030721250748557274,0.00254477756835763,0.010891428688376458,0.12298420200524704
6,0.1,100,8,oracle_tail,300,0.007156940799103631,0.0006006991887211638,0.006107000303172819,0.02865087297976924
6,0.1,100,8,tis,300,0.06948191025753848,0.010443614720166014,0.0432305985947286,0.2781519983272444
6,0.1,100,8,tis_anchored,300,0.01626046492872961,0.0017725590388201276,0.00017353470308375233,0.06509436480505373
6,0.1,100,8,uniform,300,0.2497983500941574,0.018161054677107397,0.05743852276123159,1.0
6,0.1,100,9,learned_occupancy,300,0.0053119365566201985,0.0003954096888780034,-0.0055171899708724185,0.0996657905900658
6,0.1,100,9,oracle_tail,300,0.002036837599220276,0.00015524309066140856,-0.0014843256884682873,0.038216388216621364
6,0.1,100,9,tis,300,0.10357623394923451,0.024707262159274743,0.05185511252960101,1.943360417214818
6,0.1,100,9,tis_anchored,300,0.005341434463218989,0.00045229948472027756,-0.005723644600398609,0.10021924828870048
6,0.1,100,9,uniform,300,0.05329749079570002,0.004589920798936799,0.0016299749524845172,1.0
6,0.1,100,10,learned_occupancy,300,0.020574026903379974,0.0018079157414933327,-0.00019197287055882083,0.20578452100504568
6,0.1,100,10,oracle_tail,300,0.0038965342250903245,0.00032285450965159065,0.0011312578964277043,0.03897372317318439
6,0.1,100,10,tis,300,0.020913896115097926,0.002802681910322143,0.01382554895441063,0.20918394413529595
6,0.1,100,10,tis_anchored,300,0.014886709162071812,0.0013979879520166355,0.013218766751563426,0.14889911093462688
6,0.1,100,10,uniform,300,0.0999784959670291,0.006710187248547775,-0.0008376629216562422,1.0
6,0.1,100,11,learned_occupancy,300,0.0,0.0,0.0,0.0
6,0.1,100,11,oracle_tail,300,0.0,0.0,0.0,0.0
6,0.1,100,11,tis,300,0.0,0.0,0.0,0.0
6,0.1,100,11,tis_anchored,300,0.0,0.0,0.0,0.0
6,0.1,100,11,uniform,300,0.0,0.0,0.0,0.0
6,0.1,100,12,learned_occupancy,300,0.01126887139688044,0.0015026818223640467,-0.01530739545204543,0.13821795696775563
6,0.1,100,12,oracle_tail,300,0.0025740645148149086,0.00021880506729130177,0.00047510573827026727,0.03157210032935551
6,0.1,100,12,tis,300,0.08338486110234328,0.010611627697406702,0.0459547504438773,1.0227541638993685
6,0.1,100,12,tis_anchored,300,0.010118885644792781,0.0019092149090518876,-0.01626824343997765,0.1241128460300635
6,0.1,100,12,uniform,300,0.08152972047987452,0.005611800135736627,0.02427582101322472,1.0
6,0.1,100,13,learned_occupancy,300,0.0027838248332232533,0.000248315899023425,-0.0040117889993223875,0.06702009821488973
6,0.1,100,13,oracle_tail,300,0.0011486644919056616,9.561474096968555e-05,-0.000497600825413523,0.027653897667957197
6,0.1,100,13,tis,300,0.05231175986889722,0.019235366919787677,0.0338831764971696,1.2593965117222785
6,0.1,100,13,tis_anchored,300,0.0031666349568281195,0.0002550954180847236,-0.00011638629383342074,0.07623618529603932
6,0.1,100,13,uniform,300,0.04153716433385912,0.006008764995535555,0.005859264156675337,1.0
6,0.1,100,14,learned_occupancy,300,0.001029842446458667,0.00011292078757790079,-0.0026980962615418404,0.15643038611380494
6,0.1,100,14,oracle_tail,300,0.00028818921509862137,2.562591081067258e-05,-0.0009283353412097517,0.04377519138654098
6,0.1,100,14,tis,300,0.002717235884847482,0.0010975680716858475,0.0006929710698953503,0.41274105577084297
6,0.1,100,14,tis_anchored,300,0.0008310327319085836,0.00010999019663960394,-6.463643358532926e-05,0.12623170813428639
6,0.1,100,14,uniform,300,0.006583391322127432,0.0008475533564432444,-0.003266952306193985,1.0
6,0.1,100,15,learned_occupancy,300,4.13703615687384e-05,3.964508425703624e-06,-0.00016315848896134206,0.06967952256986557
6,0.1,100,15,oracle_tail,300,2.4277417403004753e-05,2.1989719697806644e-06,-0.0004058423863661709,0.04089011528361906
6,0.1,100,15,tis,300,0.000230224038561016,3.598770242417551e-05,0.006041610043258325,0.3877631348322566
6,0.1,100,15,tis_anchored,300,4.435659180469224e-05,4.905316223571935e-06,0.00030055315866464333,0.07470918847644048
6,0.1,100,15,uniform,300,0.0005937233787337963,0.000145834837459523,0.002333764792038583,1.0
6,0.1,100,16,learned_occupancy,300,0.0064730228692638425,0.00047639357096725593,0.006211765665967637,0.08922775053520503
6,0.1,100,16,oracle_tail,300,0.0011121194021849476,0.0001320249533684351,0.0016701023816809639,0.015330072917663768
6,0.1,100,16,tis,300,0.04588747627196134,0.02198305524509901,0.014842387499959591,0.6325385168846707
6,0.1,100,16,tis_anchored,300,0.00462662262242942,0.000620597004591873,0.0024930659194445253,0.06377594170644689
6,0.1,100,16,uniform,300,0.07254495188366197,0.007047485972257258,0.004495079165721689,1.0
6,0.1,100,17,learned_occupancy,300,0.001035637160413241,8.587231376822236e-05,-0.001575200225566517,0.10766341298814949
6,0.1,100,17,oracle_tail,300,0.00016594844728213667,1.6528531840086912e-05,-0.0014045266248016296,0.017251772046640055
6,0.1,100,17,tis,300,0.0041328827643647755,0.0006122865122732695,0.0037388133008124033,0.42964880066090066
6,0.1,100,17,tis_anchored,300,0.0006643791746773485,7.658644972660848e-05,0.0004946160573159567,0.06906794406206088
6,0.1,100,17,uniform,300,0.009619211686399292,0.0006737713446226693,0.004870740847147396,1.0
6,0.1,100,18,learned_occupancy,300,9.659646069706319e-05,1.580269874148523e-05,-0.000591592725217979,0.07499817551989917
6,0.1,100,18,oracle_tail,300,1.7981540389688014e-05,1.8917781215492312e-06,-0.00038999669201430126,0.013960995180695877
6,0.1,100,18,tis,300,0.002609811095736607,0.002301031468565967,-0.002359048326614507,2.0262757995416414
6,0.1,100,18,tis_anchored,300,9.885942325331594e-05,2.2817090364353206e-05,-0.0005697417255815754,0.0767551556593792
6,0.1,100,18,uniform,300,0.0012879841413133226,0.0003917098479047234,-0.002900633412023989,1.0
6,0.1,100,19,learned_occupancy,300,0.0012146074258765672,0.00015226136241599784,-0.0037127330661877625,0.16931899893620014
6,0.1,100,19,oracle_tail,300,0.00019815796476344496,1.5735815795732516e-05,-0.001158829815968437,0.02762366465919416
6,0.1,100,19,tis,300,0.0008605572941986424,0.00010655619711633961,0.0049416819100857575,0.11996361661942173
6,0.1,100,19,tis_anchored,300,0.000736022598119489,0.00010455715905366989,-0.0031205614463530916,0.10260320071571637
6,0.1,100,19,uniform,300,0.007173485748839294,0.0005389361687047333,0.005022229558168479,1.0
6,0.1,100,20,learned_occupancy,300,0.001273449810329982,0.0001464040904285993,-0.0013253729781662622,0.09210096325720477
6,0.1,100,20,oracle_tail,300,0.0003373031927664852,2.5893706168628643e-05,-0.00020322693600167844,0.02439511059762454
6,0.1,100,20,tis,300,0.05175364290985438,0.008074007778764354,0.07421926396218387,3.7430296234697007
6,0.1,100,20,tis_anchored,300,0.001013006801393921,0.00010646315518402383,-0.0036289762112685087,0.07326468733801453
6,0.1,100,20,uniform,300,0.013826672005304614,0.0024573799871172677,0.02091367993384011,1.0
6,0.1,100,21,learned_occupancy,300,0.021622366743446985,0.002054265574415019,-0.0005348317238935733,0.13464746063922875
6,0.1,100,21,oracle_tail,300,0.003719160276064016,0.0003018528318454571,0.006218680513049675,0.02316006812871588
6,0.1,100,21,tis,300,0.03684699753400417,0.00661188588778747,-0.0023698714856497816,0.22945474512577144
6,0.1,100,21,tis_anchored,300,0.011941962801524087,0.0012766481748779854,0.008202173221022986,0.07436535441989327
6,0.1,100,21,uniform,300,0.1605850317621767,0.012336225029754616,0.004590590614961756,1.0
6,0.1,100,22,learned_occupancy,300,0.0036211430321781424,0.00029318074604014105,-0.0021829319720674998,0.09399092094684403
6,0.1,100,22,oracle_tail,300,0.0020551007386661185,0.0001624747131057092,-0.0008531196822112334,0.053342496926883434
6,0.1,100,22,tis,300,0.07673836130262615,0.020257340386400403,-0.006636935413840902,1.9918321885360588
6,0.1,100,22,tis_anchored,300,0.004189203477971543,0.0003188923159588029,-0.001105492804123626,0.10873558139774055
6,0.1,100,22,uniform,300,0.03852651932441493,0.0037513080698583293,-0.0002909433817738997,1.0
6,0.1,100,23,learned_occupancy,300,0.0017862324431679732,0.00023692272890458004,-0.006001532434820572,0.18361572075783647
6,0.1,100,23,oracle_tail,300,0.0004344856596638186,4.056415373476052e-05,-0.0009511378161486483,0.04466294286796464
6,0.1,100,23,tis,300,0.010677503470603434,0.005433345879977146,8.82691444338827e-05,1.0975937108005958
6,0.1,100,23,tis_anchored,300,0.0011683013481875294,0.00014364297528541838,-0.0018105365133871162,0.12009550880698702
6,0.1,100,23,uniform,300,0.009728101906501594,0.0011139558576169924,-0.008592260054094832,1.0
6,0.1,100,24,learned_occupancy,300,0.000438970375618853,3.5043793688055975e-05,-0.001204944797102862,0.12909008295749694
6,0.1,100,24,oracle_tail,300,8.252193877853334e-05,7.472908247250651e-06,-0.0007748222332611491,0.02426761466013798
6,0.1,100,24,tis,300,0.00021301576449070936,2.9127181250630137e-05,-0.0007009566937387346,0.06264254773592358
6,0.1,100,24,tis_anchored,300,0.00023055612592171403,2.1465248651067965e-05,-0.0016969203959214078,0.0678007243191172
6,0.1,100,24,uniform,300,0.003400496502611936,0.0002677359664147409,0.000712689872018523,1.0
6,0.1,100,25,learned_occupancy,300,1.8517412098907068e-05,5.153382254472552e-06,0.00045278596076728423,0.20081089075610284
6,0.1,100,25,oracle_tail,300,4.850440047801372e-06,4.2469303798680067e-07,0.0002852327398242016,0.0526002867655333
6,0.1,100,25,tis,300,8.307229553377793e-05,1.8097855926669598e-05,0.002281061500041508,0.9008721939215666
6,0.1,100,25,tis_anchored,300,2.5934904034162376e-05,8.46536047806754e-06,0.00016579630378735555,0.2812494074742538
6,0.1,100,25,uniform,300,9.22131863923536e-05,7.078495989259341e-06,0.004499489991385352,1.0
6,0.1,100,26,learned_occupancy,300,3.929274867272562e-05,8.333778434390115e-06,-0.0004222847301950357,0.06846718711528152
6,0.1,100,26,oracle_tail,300,4.95358527757959e-06,6.090492006970112e-07,-0.0002827365136665231,0.00863156845850711
6,0.1,100,26,tis,300,6.206610487982707e-06,7.340578833474992e-07,-0.0002939768943779238,0.010814951256575028
6,0.1,100,26,tis_anchored,300,9.44650053110452e-06,1.1377839930386884e-06,-0.00025498297709910747,0.016460424411506934
6,0.1,100,26,uniform,300,0.0005738916746582055,0.0002860580201238577,-0.001349606730188541,1.0
6,0.1,100,27,learned_occupancy,300,0.028515432242994857,0.0030472997562578904,-0.004931094385446832,0.20516519124703597
6,0.1,100,27,oracle_tail,300,0.00271441064680545,0.000209325424338014,-0.0039042170832403016,0.019529866309904532
6,0.1,100,27,tis,300,0.06437985256737874,0.02162980992829649,-0.017034559602846246,0.463205489991724
6,0.1,100,27,tis_anchored,300,0.0207380293966827,0.004370448857605363,-0.004752034592658787,0.1492076897520037
6,0.1,100,27,uniform,300,0.13898767168871207,0.012293091770201449,-0.053255033861578545,1.0
6,0.1,100,28,learned_occupancy,300,0.012230121812652529,0.001066711562825093,-0.015500703102037224,0.17581629683814634
6,0.1,100,28,oracle_tail,300,0.0009648382012349112,7.624114007386057e-05,-0.00368210864300386,0.013870203599575531
6,0.1,100,28,tis,300,0.012144296968717716,0.0016298110168880533,-0.006927852318648135,0.1745825064909627
6,0.1,100,28,tis_anchored,300,0.008224559072150727,0.0007560513188824896,-0.0191720410914174,0.11823361544086727
6,0.1,100,28,uniform,300,0.06956193500032243,0.00567915454676926,0.0026439612961110053,1.0
6,0.1,100,29,learned_occupancy,300,0.0,0.0,0.0,0.0
6,0.1,100,29,oracle_tail,300,0.0,0.0,0.0,0.0
6,0.1,100,29,tis,300,0.0,0.0,0.0,0.0
6,0.1,100,29,tis_anchored,300,0.0,0.0,0.0,0.0
6,0.1,100,29,uniform,300,0.0,0.0,0.0,0.0
6,0.1,100,30,learned_occupancy,300,0.00043401713987036976,3.410852663306931e-05,-0.000207953858782548,0.0682537323493307
6,0.1,100,30,oracle_tail,300,0.00020068616053866916,1.7658292266152265e-05,0.00046290521598492043,0.03155999666674977
6,0.1,100,30,tis,300,0.002259060407924699,0.0005525609442074956,0.00334835822325939,0.355260864788692
6,0.1,100,30,tis_anchored,300,0.00030670920366393647,2.5836495685741196e-05,0.0005176936183938426,0.04823322853610612
6,0.1,100,30,uniform,300,0.006358877748238272,0.0003927963919459903,-0.0052026516894334756,1.0
6,0.1,100,31,learned_occupancy,300,0.0005298370165005229,6.078993808002726e-05,-0.0002741929929887969,0.1059758910276419
6,0.1,100,31,oracle_tail,300,0.00014881924702338375,1.1813790472713914e-05,0.0005498727528921762,0.02976623341557389
6,0.1,100,31,tis,300,0.0016453415770012426,0.0007201278972528793,0.007314236954429917,0.3290946729603595
6,0.1,100,31,tis_anchored,300,0.00038776881494273946,3.9028036982810186e-05,-0.0008708019441723296,0.0775599748536049
6,0.1,100,31,uniform,300,0.004999599544412647,0.0005892223698461898,-0.0013380860488120822,1.0
6,0.1,100,32,learned_occupancy,300,1.6772580596688276e-06,2.1975854452590467e-07,-6.523414222337672e-05,0.05249548713709751
6,0.1,100,32,oracle_tail,300,1.225363838925472e-06,1.540311993336411e-07,-9.194809295326826e-05,0.03835192281459517
6,0.1,100,32,tis,300,0.00031151319293748226,0.00027367491035820127,-0.00044717128705293427,9.749863307328306
6,0.1,100,32,tis_anchored,300,2.470894998645432e-06,4.771533170240641e-07,-6.60116971573806e-05,0.07733505042397654
6,0.1,100,32,uniform,300,3.1950519009157704e-05,1.1876798723989303e-05,2.4282060457350893e-05,1.0
6,0.1,100,33,learned_occupancy,300,0.004406376673029687,0.000505236021952373,-0.012441138195936502,0.21856632561929568
6,0.1,100,33,oracle_tail,300,0.00031133337487552343,2.5234393945586577e-05,-0.0021321703643673415,0.01544284495823888
6,0.1,100,33,tis,300,0.018659467211483104,0.004210488791839861,-0.009840641073080544,0.9255521007520799
6,0.1,100,33,tis_anchored,300,0.00329000518086707,0.00041188222230015314,-0.007623243909960699,0.16319175526956073
6,0.1,100,33,uniform,300,0.02016036395608729,0.0019346389318713767,-0.008450949651953614,1.0
6,0.1,100,34,learned_occupancy,300,4.478625314124926e-05,7.702008444894473e-06,-0.0005698384102323839,0.13949341318098482
6,0.1,100,34,oracle_tail,300,9.796875153770449e-06,8.881757293887635e-07,-0.0002631841720502933,0.030513817474245305
6,0.1,100,34,tis,300,4.304692756172196e-05,1.1552644355794215e-05,0.0011860148458170982,0.13407602626638723
6,0.1,100,34,tis_anchored,300,3.0282373696507484e-05,5.708945673052705e-06,-0.000536341212622505,0.09431893426818772
6,0.1,100,34,uniform,300,0.00032106356938260325,7.285735687133802e-05,-0.0011567105319991514,1.0
6,0.1,100,35,learned_occupancy,300,0.025087918764028615,0.00227706544073394,0.029636727056907213,0.16458577423942033
6,0.1,100,35,oracle_tail,300,0.005684722232530199,0.0004128783030092916,0.0028646463996594355,0.03729382332497582
6,0.1,100,35,tis,300,0.0425868429987678,0.004647811864320852,0.0722339254316064,0.2793850136909205
6,0.1,100,35,tis_anchored,300,0.014325093657754898,0.0012108527707935398,0.01839436624010711,0.09397776885718835
6,0.1,100,35,uniform,300,0.15243066346386422,0.014971536061495164,0.09582564270899492,1.0
6,0.1,100,36,learned_occupancy,300,5.587652105380375e-07,1.5114097121433575e-07,-4.5114832538365825e-05,6.799270644421259
6,0.1,100,36,oracle_tail,300,6.069964058361737e-08,1.0078835444807706e-08,8.644837495107953e-06,0.7386166435625214
6,0.1,100,36,tis,300,2.6679338666815105e-07,8.991914794374543e-08,-2.6585993859740144e-08,3.2464448535580455
6,0.1,100,36,tis_anchored,300,4.7268586621322357e-07,2.0618558689477373e-07,-2.713821556933856e-05,5.751823974656025
6,0.1,100,36,uniform,300,8.21801689856984e-08,2.8137226433956818e-08,0.00011732554044741938,1.0
6,0.1,100,37,learned_occupancy,300,0.0,0.0,0.0,0.0
6,0.1,100,37,oracle_tail,300,0.0,0.0,0.0,0.0
6,0.1,100,37,tis,300,8.693791682558435e-08,8.679289934876958e-08,1.7023309199015366e-05,86937916.82558434
6,0.1,100,37,tis_anchored,300,0.0,0.0,0.0,0.0
6,0.1,100,37,uniform,300,0.0,0.0,0.0,0.0
6,0.1,100,38,learned_occupancy,300,3.46841044120017e-05,3.2214031645834564e-06,-0.0003238891778818509,0.07534974854233051
6,0.1,100,38,oracle_tail,300,1.834678244956428e-05,1.4814966371084733e-06,-0.0002738863528915732,0.03985760819175577
6,0.1,100,38,tis,300,0.0003047456356372958,0.0001591105984042651,0.0013384866487524802,0.6620469925323264
6,0.1,100,38,tis_anchored,300,4.1737882035206636e-05,4.612497288984776e-06,-0.0005122042795288614,0.09067378181902933
6,0.1,100,38,uniform,300,0.00046030816403476937,8.995357330424735e-05,-0.0004092227562337107,1.0
6,0.1,100,39,learned_occupancy,300,0.0,0.0,0.0,0.0
6,0.1,100,39,oracle_tail,300,0.0,0.0,0.0,0.0
6,0.1,100,39,tis,300,0.0,0.0,0.0,0.0
6,0.1,100,39,tis_anchored,300,0.0,0.0,0.0,0.0
6,0.1,100,39,uniform,300,0.0,0.0,0.0,0.0
6,0.1,100,40,learned_occupancy,300,0.00013658549605208227,1.6643674270853442e-05,-0.0006050249368648582,0.08308285669548945
6,0.1,100,40,oracle_tail,300,3.333946621840447e-05,5.194280093550601e-06,-8.71882511555233e-05,0.020279884571869827
6,0.1,100,40,tis,300,0.0004484873723708709,0.00012966836207624013,0.0052847172464241185,0.2728079713106377
6,0.1,100,40,tis_anchored,300,0.00020413332324875603,2.809799076476195e-05,-0.00033029730138258123,0.12417116115889279
6,0.1,100,40,uniform,300,0.0016439672573210578,0.0005639897093397456,-0.000313684941728735,1.0
6,0.1,100,41,learned_occupancy,300,0.0003637515290766058,3.314702934071363e-05,-9.273656287594652e-06,0.11297263582323658
6,0.1,100,41,oracle_tail,300,0.0001745267422264814,1.7657349329089947e-05,-0.0007303156624427694,0.05420388511086049
6,0.1,100,41,tis,300,0.007526191119214565,0.004865202079618636,0.0018312353725386155,2.3374572489234584
6,0.1,100,41,tis_anchored,300,0.0002962731233951705,2.8287545358010882e-05,-4.444418123116763e-05,0.0920154363570703
6,0.1,100,41,uniform,300,0.003219819794642591,0.0007737846771942119,-0.0006963097535078584,1.0
6,0.1,100,42,learned_occupancy,300,0.0,0.0,0.0,0.0
6,0.1,100,42,oracle_tail,300,0.0,0.0,0.0,0.0
6,0.1,100,42,tis,300,0.0,0.0,0.0,0.0
6,0.1,100,42,tis_anchored,300,0.0,0.0,0.0,0.0
6,0.1,100,42,uniform,300,0.0,0.0,0.0,0.0
6,0.1,100,43,learned_occupancy,300,0.0,0.0,0.0,0.0
6,0.1,100,43,oracle_tail,300,0.00020940858832413112,8.76760611926184e-05,0.002348193205419999,1.0
6,0.1,100,43,tis,300,0.00031243271525929495,0.0001486835800785833,0.0036225047067345345,1.491976607834722
6,0.1,100,43,tis_anchored,300,0.0,0.0,0.0,0.0
6,0.1,100,43,uniform,300,0.00020940858832413112,8.76760611926184e-05,0.002348193205419999,1.0
6,0.1,100,44,learned_occupancy,300,0.0143432101772556,0.0014725425976041871,0.008785153666076496,0.11078266772627868
6,0.1,100,44,oracle_tail,300,0.0046399117369116255,0.0003892299969524092,0.0005003035620627369,0.03583729122540775
6,0.1,100,44,tis,300,0.12470027415825288,0.02581397394555582,0.03219871037374331,0.9631476403626714
6,0.1,100,44,tis_anchored,300,0.011892294331511481,0.0011793915221498933,0.00037200161533283244,0.09185252639747792
6,0.1,100,44,uniform,300,0.1294716084351276,0.01002318212063322,-0.052284040746377665,1.0
6,0.1,100,45,learned_occupancy,300,0.02061547348662429,0.0030824166293487907,-0.003477008901808254,0.32726631403533546
6,0.1,100,45,oracle_tail,300,0.002055111226339636,0.00018112296396764988,-0.0032030092044561037,0.032624459312718956
6,0.1,100,45,tis,300,0.015400623270424539,0.0037696945243534787,-0.0036748944967018742,0.24448166154557485
6,0.1,100,45,tis_anchored,300,0.016438878244790827,0.0036528290090682507,-0.012180313092256407,0.26096374131493677
6,0.1,100,45,uniform,300,0.06299295895268466,0.005207310933378635,0.016552622530499574,1.0
6,0.1,100,46,learned_occupancy,300,0.04509008161429886,0.004808241001185809,-0.02403901106893903,0.23806546603218576
6,0.1,100,46,oracle_tail,300,0.0041869990392585715,0.0003431741563256586,-0.004429922651808561,0.022106411030343075
6,0.1,100,46,tis,300,0.058261276936593456,0.008686006662284184,-0.02402030870030635,0.30760640808292383
6,0.1,100,46,tis_anchored,300,0.031268195547302154,0.0038670823159879203,-0.021401992660576186,0.16508902353801502
6,0.1,100,46,uniform,300,0.1894020261141228,0.014393188446821453,0.03496496238704865,1.0
6,0.1,100,47,learned_occupancy,300,2.4733175154583778e-08,8.289925675109477e-09,-1.0274122647730976e-05,0.5790351303516483
6,0.1,100,47,oracle_tail,300,1.5909288087774174e-09,1.0770881202814286e-10,3.8102202633627515e-06,0.037245669608250785
6,0.1,100,47,tis,300,1.2864768902084003e-06,1.2612359684501196e-06,-4.4599971282948124e-05,30.118062446913523
6,0.1,100,47,tis_anchored,300,1.4836078714153064e-08,3.6952512930937297e-09,-2.351341565365317e-06,0.3473314978147819
6,0.1,100,47,uniform,300,4.2714463869512216e-08,8.83630887932204e-09,-5.291261094408916e-06,1.0
6,0.1,100,48,learned_occupancy,300,0.01613347353827338,0.0013955623167983965,-0.026679446742397375,0.20183162674450114
6,0.1,100,48,oracle_tail,300,0.0016088068792287527,0.00012987524413756382,-0.003215866381945817,0.020126360810161524
6,0.1,100,48,tis,300,0.010306943250102616,0.0011612187466908278,-0.015206488207974394,0.1289410564932875
6,0.1,100,48,tis_anchored,300,0.010002795985480746,0.0009546782673894925,-0.019695905205681204,0.1251361389073197
6,0.1,100,48,uniform,300,0.07993530943838034,0.009073614637988966,-0.004973772020039653,1.0
6,0.1,100,49,learned_occupancy,300,0.009431832888561864,0.000879639039160226,-0.006206960944839071,0.13365132892190656
6,0.1,100,49,oracle_tail,300,0.001155201940680424,9.231842802231318e-05,0.00045293636275554937,0.016369487921307487
6,0.1,100,49,tis,300,0.010886577220316124,0.0022940181184721827,-0.0021250680635448646,0.15426540420056786
6,0.1,100,49,tis_anchored,300,0.005112275060283316,0.0005062264485749171,-0.008082749480473045,0.07244216089216216
6,0.1,100,49,uniform,300,0.07057043850325613,0.006597721025752903,-0.028020454632669035,1.0
6,0.1,200,0,learned_occupancy,300,0.005584169206191135,0.0007959873611019149,-0.004919306296666356,0.22834491687144648
6,0.1,200,0,oracle_tail,300,0.0005074223162343469,3.480298259710194e-05,-0.0014995512374890712,0.02074924708420142
6,0.1,200,0,tis,300,0.0034160299632052336,0.0009219962799284251,-0.00479496692250277,0.13968650468428703
6,0.1,200,0,tis_anchored,300,0.003559614603240043,0.0008503554869238347,-0.006711929815849093,0.14555789243815642
6,0.1,200,0,uniform,300,0.024454974880544017,0.0021297638046402644,-0.003020772600067487,1.0
6,0.1,200,1,learned_occupancy,300,0.0013911148836519682,0.0002132428162926157,-0.0002859282498147353,0.19509643889433337
6,0.1,200,1,oracle_tail,300,0.0001718087587841394,1.3490389042395632e-05,4.3963382672878024e-05,0.02409526158015504
6,0.1,200,1,tis,300,0.008320314341173021,0.006696659495481238,0.000957905841293727,1.1668796858695814
6,0.1,200,1,tis_anchored,300,0.001180909247164823,0.00023438431779936215,-0.0008440681547833698,0.1656162201172199
6,0.1,200,1,uniform,300,0.007130396082756862,0.0006020502814841058,0.004838188718504446,1.0
6,0.1,200,2,learned_occupancy,300,5.839620972454088e-08,1.0341242507142846e-08,-6.035139313766239e-06,0.0038767319726898445
6,0.1,200,2,oracle_tail,300,5.272105661227025e-08,1.4487656407155091e-08,-5.375446645139448e-08,0.0034999772548060925
6,0.1,200,2,tis,300,2.0930165684364443e-05,2.016544115012027e-05,-0.00021099436852742255,1.389484743701992
6,0.1,200,2,tis_anchored,300,9.015542059793388e-08,2.7327307231900894e-08,1.8956559819633216e-05,0.005985121349347279
6,0.1,200,2,uniform,300,1.506325692256281e-05,1.4446851967188565e-05,-0.00015748624527038403,1.0
6,0.1,200,3,learned_occupancy,300,5.313355825234911e-05,5.492456815570371e-06,-0.00037318741958055696,0.09801422224163706
6,0.1,200,3,oracle_tail,300,8.325709029354396e-06,7.290627207451277e-07,-0.0002524526979227352,0.015358239161147615
6,0.1,200,3,tis,300,3.130448284083305e-05,6.0879146230164655e-06,-0.00032717551547344867,0.057746641468064505
6,0.1,200,3,tis_anchored,300,3.078072163685471e-05,4.121075330554681e-06,-0.0005457066796806531,0.0567804715231783
6,0.1,200,3,uniform,300,0.000542100493552431,0.00010044241221580293,0.0005575576939981542,1.0
6,0.1,200,4,learned_occupancy,300,0.0050201400355328754,0.00040314238894543174,0.004388995058386335,0.10903857480004564
6,0.1,200,4,oracle_tail,300,0.0014705532177757118,0.00011122005125705372,-9.112777437472927e-05,0.03194074784745807
6,0.1,200,4,tis,300,0.009171047565043763,0.0016131211742243835,0.006881726025508433,0.19919722335188875
6,0.1,200,4,tis_anchored,300,0.003791751739654576,0.00035359496227803584,0.0030940909880334266,0.0823577037216338
6,0.1,200,4,uniform,300,0.04604003715876497,0.0037333271087983577,0.009521978871641745,1.0
6,0.1,200,5,learned_occupancy,300,0.00022867742429155102,1.8434507241188773e-05,0.00029281002278255477,0.10371574304762254
6,0.1,200,5,oracle_tail,300,5.6283692649429853e-05,4.620219384165647e-06,-0.0006293748870100287,0.02552724661249085
6,0.1,200,5,tis,300,0.0001117093572466506,2.4565264010117936e-05,0.0008772531745176663,0.05066533798910186
6,0.1,200,5,tis_anchored,300,0.00012384139624572918,1.0133576530565087e-05,-0.00021857357426138552,0.056167776384017175
6,0.1,200,5,uniform,300,0.00220484776536336,0.00017646038303990478,-0.0006984622119059332,1.0
6,0.1,200,6,learned_occupancy,300,0.0,0.0,0.0,0.0
6,0.1,200,6,oracle_tail,300,0.0,0.0,0.0,0.0
6,0.1,200,6,tis,300,0.0,0.0,0.0,0.0
6,0.1,200,6,tis_anchored,300,0.0,0.0,0.0,0.0
6,0.1,200,6,uniform,300,0.0,0.0,0.0,0.0
6,0.1,200,7,learned_occupancy,300,0.0012581256069202063,0.00012028895529665173,-0.003953273667057901,0.12560484956274556
6,0.1,200,7,oracle_tail,300,0.00021710465149576202,1.8580215537670175e-05,-0.000180573157209191,0.02167462210490323
6,0.1,200,7,tis,300,0.0008632594825254508,0.00017371614261032852,-0.00036778628696368127,0.08618342782295801
6,0.1,200,7,tis_anchored,300,0.0007091738998612737,7.334685599300635e-05,-0.0014517864828920606,0.0708003084238554
6,0.1,200,7,uniform,300,0.01001653687178466,0.001010100099984685,-0.00835248013551374,1.0
6,0.1,200,8,learned_occupancy,300,0.01194356796623003,0.0010131661668492783,-0.00210655130952991,0.09036007932820136
6,0.1,200,8,oracle_tail,300,0.00326502285162012,0.0002847753934708354,-0.000407061273726903,0.024701808095785413
6,0.1,200,8,tis,300,0.053987770444997654,0.007503888050785609,0.008189497168196617,0.408449069319656
6,0.1,200,8,tis_anchored,300,0.006138036263398512,0.000536270263673895,-0.00023536172864374445,0.046437835431444814
6,0.1,200,8,uniform,300,0.13217748429424458,0.009678037389852878,0.002283426777222598,1.0
6,0.1,200,9,learned_occupancy,300,0.002513260664460525,0.00019505434265469399,-0.0015635932940096205,0.08544333776348734
6,0.1,200,9,oracle_tail,300,0.0010178366863981987,8.139561846760709e-05,-0.0018679177563969078,0.034603399883576226
6,0.1,200,9,tis,300,0.05499913682718713,0.012494085217755753,0.05289082543104161,1.8698059819570363
6,0.1,200,9,tis_anchored,300,0.0020649093041849947,0.00014994047282699608,7.044810069634384e-05,0.07020073390052348
6,0.1,200,9,uniform,300,0.029414354942656762,0.0030312455393024748,0.010214883864294718,1.0
6,0.1,200,10,learned_occupancy,300,0.00763757137225588,0.0006297727315777126,-0.004417705330813091,0.14192114757823104
6,0.1,200,10,oracle_tail,300,0.0017289508462760546,0.00014617049307577638,0.0018532542035269003,0.03212731852185311
6,0.1,200,10,tis,300,0.009839735492078927,0.002234819927182197,0.0034036872637439324,0.18284170253058105
6,0.1,200,10,tis_anchored,300,0.004725838908698755,0.0004422119536394905,-0.004058628902606494,0.0878154125837362
6,0.1,200,10,uniform,300,0.05381559762293938,0.004240945220073303,0.00827996789698371,1.0
6,0.1,200,11,learned_occupancy,300,0.0,0.0,0.0,0.0
6,0.1,200,11,oracle_tail,300,0.0,0.0,0.0,0.0
6,0.1,200,11,tis,300,0.0,0.0,0.0,0.0
6,0.1,200,11,tis_anchored,300,0.0,0.0,0.0,0.0
6,0.1,200,11,uniform,300,0.0,0.0,0.0,0.0
6,0.1,200,12,learned_occupancy,300,0.004934360416826578,0.0005861726680953587,-0.0004688891436832924,0.10754189046397725
6,0.1,200,12,oracle_tail,300,0.0013365146714351664,0.00012929360885266598,0.0017526179286395881,0.029128661519909147
6,0.1,200,12,tis,300,0.04585904546257325,0.0063740837543409725,0.027986098192502803,0.9994747094478276
6,0.1,200,12,tis_anchored,300,0.0036034463605195857,0.0003949433756174894,0.003595673609231498,0.07853529151910642
6,0.1,200,12,uniform,300,0.045883147446430794,0.0033681517880408433,0.006094950084883605,1.0
6,0.1,200,13,learned_occupancy,300,0.0013154583903435628,0.0001091229499005134,-0.003958707389994602,0.04952995753219287
6,0.1,200,13,oracle_tail,300,0.0006594290576988394,5.9796614574912406e-05,-0.0014820992369685814,0.024828982401174364
6,0.1,200,13,tis,300,0.05250981984688223,0.020092099867526476,0.03661504734215849,1.977112439383136
6,0.1,200,13,tis_anchored,300,0.0013913193948245882,0.00010436900587861261,-0.0015275922925828001,0.052386294424242606
6,0.1,200,13,uniform,300,0.026558843493628224,0.003225268540569326,0.0019459659285133845,1.0
6,0.1,200,14,learned_occupancy,300,0.0005945927744835517,0.00015929839967755634,-0.0017940232015963382,0.16213947780673185
6,0.1,200,14,oracle_tail,300,0.00010855867610360982,8.67248074558481e-06,-0.00045595442291509396,0.02960286066395237
6,0.1,200,14,tis,300,0.0011526728712870989,0.00033410215545054157,0.0016810974838746813,0.31432231512535225
6,0.1,200,14,tis_anchored,300,0.0004988146254856336,0.00016022966886923643,-0.000906710051031719,0.136021738523226
6,0.1,200,14,uniform,300,0.0036671684313199686,0.00041235198152422874,-0.0019871466172447848,1.0
6,0.1,200,15,learned_occupancy,300,1.8814515660060065e-05,1.7802245913318754e-06,2.820520410145022e-05,0.05189408962284912
6,0.1,200,15,oracle_tail,300,1.180267244973394e-05,9.91769363712762e-07,-0.00011302247265920625,0.03255406373260155
6,0.1,200,15,tis,300,0.00010778207782426714,1.007820851100677e-05,0.0034132416991642127,0.2972839113909755
6,0.1,200,15,tis_anchored,300,2.134213332772313e-05,1.9825447181376842e-06,0.00010970314693710126,0.05886575023574768
6,0.1,200,15,uniform,300,0.00036255604052019017,7.41631809020119e-05,0.0006963833046068002,1.0
6,0.1,200,16,learned_occupancy,300,0.0034295004292814245,0.00027846825159471905,0.005747122371032375,0.10201610636559048
6,0.1,200,16,oracle_tail,300,0.0005760283885709812,5.4226945937872295e-05,0.0018675525946868971,0.01713490771318248
6,0.1,200,16,tis,300,0.033391294037808494,0.012800823382525276,-0.014466104267576779,0.9932787222188874
6,0.1,200,16,tis_anchored,300,0.0018631156927508647,0.00022625347615513812,0.0023677076810353255,0.05542142729018334
6,0.1,200,16,uniform,300,0.0336172448788751,0.0029717303644192245,0.006587376884580084,1.0
6,0.1,200,17,learned_occupancy,300,0.0004137935578441467,2.99507989008909e-05,0.0016122419446070514,0.0726810841996917
6,0.1,200,17,oracle_tail,300,6.489803134682364e-05,4.871243763899059e-06,0.00016624224618723668,0.011399064077477258
6,0.1,200,17,tis,300,0.0009913251906308615,0.0003215893493124718,0.0018681927961601405,0.1741220671121578
6,0.1,200,17,tis_anchored,300,0.0001619539152662617,1.7484517336077843e-05,-0.0005382642347749686,0.02844651862939438
6,0.1,200,17,uniform,300,0.005693277176593108,0.0004074243155461015,-0.0004994904774514571,1.0
6,0.1,200,18,learned_occupancy,300,3.232225139587308e-05,4.365836390989401e-06,6.714824125430378e-06,0.0595855085654585
6,0.1,200,18,oracle_tail,300,6.6777904063602134e-06,5.498695870057092e-07,0.0002511845732439344,0.012310390528901
6,0.1,200,18,tis,300,0.0001517614228526825,7.41715773780908e-05,-3.4090148628426556e-05,0.27976954484207955
6,0.1,200,18,tis_anchored,300,2.1018632772982528e-05,2.5856358082723653e-06,0.0001248153280596398,0.03874748413375329
6,0.1,200,18,uniform,300,0.0005424515486070747,0.00012755230514579127,-0.001688892644898045,1.0
6,0.1,200,19,learned_occupancy,300,0.00047148377129960266,3.761901965577923e-05,-0.0007603215742779268,0.12634483012219117
6,0.1,200,19,oracle_tail,300,0.00012374603997019937,1.1513230240920865e-05,-0.0001564410503543338,0.033160573809853836
6,0.1,200,19,tis,300,0.0031726247036387213,0.001149852055464576,-0.003163505146541265,0.8501771505683194
6,0.1,200,19,tis_anchored,300,0.0002845547372048208,2.3828796084483622e-05,-0.0014474852548871952,0.07625293195884415
6,0.1,200,19,uniform,300,0.0037317219140950934,0.00030141986200320415,0.002362363729448297,1.0
6,0.1,200,20,learned_occupancy,300,0.0006037561601503959,5.5892176654329903e-05,-0.0006958209410892173,0.12165539266810386
6,0.1,200,20,oracle_tail,300,0.00015807202248446827,1.2392789665761267e-05,-0.0004351972247618615,0.031851126720428086
6,0.1,200,20,tis,300,0.01602549052518177,0.004271070026013978,0.021919590453168963,3.229097227023445
6,0.1,200,20,tis_anchored,300,0.0005237900703291324,5.767997063956764e-05,-0.00010876916183058194,0.1055424207442806
6,0.1,200,20,uniform,300,0.004962839270081048,0.0005827390023794308,0.0009396714993086279,1.0
6,0.1,200,21,learned_occupancy,300,0.012414812605143448,0.0013716971003386255,-0.012781592593805916,0.16786732485583622
6,0.1,200,21,oracle_tail,300,0.0016616582226774543,0.00013287216000501677,-0.0011620986567439876,0.02246817004309866
6,0.1,200,21,tis,300,0.007698947267968848,0.001401480743911331,-0.0006180992705334335,0.1041015859993439
6,0.1,200,21,tis_anchored,300,0.0055393294048576075,0.0007038590321920536,-0.005000899007700475,0.0749002371814676
6,0.1,200,21,uniform,300,0.0739560996507524,0.006050952526125468,-0.004922382931231365,1.0
6,0.1,200,22,learned_occupancy,300,0.001755408206077229,0.00015670693486617465,-0.0007572320416773737,0.07690244102745429
6,0.1,200,22,oracle_tail,300,0.001083509499616239,7.777703191047419e-05,-0.002059966241126651,0.0474673213378259
6,0.1,200,22,tis,300,0.04473577367079033,0.013009594869020013,-0.0029338325528652357,1.9598234670575196
6,0.1,200,22,tis_anchored,300,0.0020656317845424723,0.00020982397200099677,-0.0015910841343167404,0.0904929838799124
6,0.1,200,22,uniform,300,0.022826430248820653,0.0029649148905022244,-0.009802169165825167,1.0
6,0.1,200,23,learned_occupancy,300,0.0004975267854890552,4.748315125012382e-05,-0.000672773222666024,0.13505508541392294
6,0.1,200,23,oracle_tail,300,0.00021346477092999274,1.8198058120339844e-05,0.0004978374211473143,0.05794562968599782
6,0.1,200,23,tis,300,0.0039484337680804026,0.0012410371734467814,-0.00038548592056422584,1.071813770338295
6,0.1,200,23,tis_anchored,300,0.0004274117888336608,4.064924278597363e-05,0.00038472170046333965,0.11602216670828369
6,0.1,200,23,uniform,300,0.0036838804252665685,0.0003019598248293365,0.0029379436695064877,1.0
6,0.1,200,24,learned_occupancy,300,0.00015178716303709724,1.2755928030705514e-05,0.0001273740505852287,0.0943311882228189
6,0.1,200,24,oracle_tail,300,3.408136533783498e-05,2.774792150876495e-06,0.00013540382818595228,0.021180550609462456
6,0.1,200,24,tis,300,0.0004438330725602131,0.0002733968828567543,-0.0015309588140825006,0.2758289981146627
6,0.1,200,24,tis_anchored,300,8.879182189186046e-05,6.796772746567341e-06,-0.0010248967833804733,0.05518146525659104
6,0.1,200,24,uniform,300,0.0016090877884264753,0.00012012109795549727,0.0014845008208739122,1.0
6,0.1,200,25,learned_occupancy,300,4.8648272037538425e-06,8.242383792815168e-07,0.0002486807472155898,0.041356307663383746
6,0.1,200,25,oracle_tail,300,2.308516521549126e-06,1.8063026678176737e-07,0.0002027531404496393,0.01962489426911635
6,0.1,200,25,tis,300,5.235254386212769e-05,2.6035621647195614e-05,0.0008127567667133665,0.4450534048264417
6,0.1,200,25,tis_anchored,300,4.0314758581561824e-06,3.300588768355142e-07,0.0003168234844457037,0.034271917366100836
6,0.1,200,25,uniform,300,0.00011763204886061643,3.7188894139030446e-05,0.0020211509583422105,1.0
6,0.1,200,26,learned_occupancy,300,1.6349690478296334e-05,2.9065906854794493e-06,-0.0001252087253188113,0.19257332405960667
6,0.1,200,26,oracle_tail,300,2.340520760720079e-06,3.8665125777384617e-07,-9.679788737361417e-05,0.027567608299417234
6,0.1,200,26,tis,300,2.743669606177407e-06,3.345896260705211e-07,-9.744736276430613e-05,0.03231605985962072
6,0.1,200,26,tis_anchored,300,4.438001489866386e-06,5.019520124883827e-07,-5.779227222342994e-05,0.05227259196249395
6,0.1,200,26,uniform,300,8.490111783725382e-05,5.841800595723254e-05,0.000672874820306267,1.0
6,0.1,200,27,learned_occupancy,300,0.013121995239278539,0.0016655813490713313,-0.012021999322892047,0.19504671388312694
6,0.1,200,27,oracle_tail,300,0.0011711090947225788,9.453303645403564e-05,0.0009578563145767557,0.017407488446615337
6,0.1,200,27,tis,300,0.010503732832195599,0.002170226100571899,-0.007020106970320225,0.15612858677875135
6,0.1,200,27,tis_anchored,300,0.008735918009355461,0.001228768527705226,-0.010367096529118451,0.12985160178818153
6,0.1,200,27,uniform,300,0.06727616670917773,0.0053594478642328075,-0.0010943405615656307,1.0
6,0.1,200,28,learned_occupancy,300,0.00582621368741608,0.0005675310346623143,-0.005582321164037005,0.18319446955360214
6,0.1,200,28,oracle_tail,300,0.0005293306461046085,4.185226560182232e-05,-0.0020297104222053485,0.0166438191481105
6,0.1,200,28,tis,300,0.0032611058012406934,0.000350791030186095,-0.0028008731718861596,0.10253941572840201
6,0.1,200,28,tis_anchored,300,0.003695104221889698,0.00036129008572469325,-0.006126869225607088,0.1161856900883039
6,0.1,200,28,uniform,300,0.03180343654267002,0.0023635859863969776,0.004774687553561005,1.0
6,0.1,200,29,learned_occupancy,300,0.0,0.0,0.0,0.0
6,0.1,200,29,oracle_tail,300,0.0,0.0,0.0,0.0
6,0.1,200,29,tis,300,0.0,0.0,0.0,0.0
6,0.1,200,29,tis_anchored,300,0.0,0.0,0.0,0.0
6,0.1,200,29,uniform,300,0.0,0.0,0.0,0.0
6,0.1,200,30,learned_occupancy,300,0.0001941246029839798,1.6180694715380828e-05,0.0012846000883223756,0.04979724269950383
6,0.1,200,30,oracle_tail,300,0.00010538789028223704,8.232900719448793e-06,0.00060938480735882,0.027034318521729748
6,0.1,200,30,tis,300,0.0008808316455583729,0.00015467309144113543,-0.0007763503924244549,0.2259527466227114
6,0.1,200,30,tis_anchored,300,0.00014383217680248922,1.1458199960809376e-05,0.0009944132629264117,0.03689612602490465
6,0.1,200,30,uniform,300,0.003898300236328427,0.0002600798157710606,-0.0037774687814892327,1.0
6,0.1,200,31,learned_occupancy,300,0.00025323352843891514,2.057786078189683e-05,0.00042630649358814073,0.09451705695794954
6,0.1,200,31,oracle_tail,300,7.2131724459734e-05,5.704147805354162e-06,0.0006955995846254171,0.026922494628827787
6,0.1,200,31,tis,300,0.007207445248368338,0.005665970849575913,-0.000498639559246546,2.6901118396952644
6,0.1,200,31,tis_anchored,300,0.00019662110958016657,1.7859083750779257e-05,-0.00046046534830263957,0.07338699866438372
6,0.1,200,31,uniform,300,0.002679236283791382,0.000231094875688481,0.0009975452413289031,1.0
6,0.1,200,32,learned_occupancy,300,6.390827915897713e-07,6.67883744106217e-08,6.307294259516371e-05,0.051024009730723435
6,0.1,200,32,oracle_tail,300,4.976122915779091e-07,5.1635681298779974e-08,4.268329392649613e-05,0.03972908477857565
6,0.1,200,32,tis,300,1.3579717253962304e-05,7.461937861572791e-06,0.0007086813053225294,1.084196968569628
6,0.1,200,32,tis_anchored,300,1.0418735630136174e-06,1.345565776285387e-07,-7.416839425214761e-05,0.08318259780575377
6,0.1,200,32,uniform,300,1.2525138556583414e-05,3.7584432908352537e-06,4.131919091049448e-05,1.0
6,0.1,200,33,learned_occupancy,300,0.0023728840186557814,0.0002958649442743094,-0.004984770991997479,0.22151402718129828
6,0.1,200,33,oracle_tail,300,0.0001941182241948972,1.817029661617658e-05,0.0002520806385549109,0.018121370135508307
6,0.1,200,33,tis,300,0.006208389938666217,0.0014887716674470864,-0.0005334572129707856,0.5795670782109578
6,0.1,200,33,tis_anchored,300,0.0015865909819276927,0.00020010623384080127,-0.0031113402948277063,0.14811181462439463
6,0.1,200,33,uniform,300,0.010712116288300303,0.0013462725312986532,-0.009305053920474149,1.0
6,0.1,200,34,learned_occupancy,300,1.86722523438471e-05,2.414506433898006e-06,-0.00011658801181376817,0.17361232702473314
6,0.1,200,34,oracle_tail,300,3.933577280115677e-06,4.3332019051076184e-07,0.00012202938486489826,0.03657392223266193
6,0.1,200,34,tis,300,7.957228412720263e-05,3.632012681624791e-05,0.00047127468545552273,0.7398534017000434
6,0.1,200,34,tis_anchored,300,1.289198254020874e-05,1.805998955565519e-06,8.803919151603167e-06,0.11986808273322239
6,0.1,200,34,uniform,300,0.00010755142024671448,1.9217630224884838e-05,-0.00012147023323403931,1.0
6,0.1,200,35,learned_occupancy,300,0.011086625787034437,0.000991344080456385,0.023065591438931287,0.12019156722655054
6,0.1,200,35,oracle_tail,300,0.0031393522801225716,0.0002860859049854992,0.007836152329385273,0.03403413066087686
6,0.1,200,35,tis,300,0.022939592841685917,0.0031861889680074845,0.04266961727379913,0.24869114085239633
6,0.1,200,35,tis_anchored,300,0.007513989044735454,0.0008446003855798192,0.014943141955692732,0.08146014276643686
6,0.1,200,35,uniform,300,0.09224129481677464,0.008953450509015562,0.08976399806696787,1.0
6,0.1,200,36,learned_occupancy,300,1.506165984229815e-07,3.158548647073497e-08,6.845807546710011e-06,0.06361760804389782
6,0.1,200,36,oracle_tail,300,2.807203629858797e-08,3.2709451671228098e-09,2.2153532153065628e-05,0.011857098227794979
6,0.1,200,36,tis,300,8.457567905988269e-08,2.264365206143138e-08,4.5531899512236684e-05,0.03572317033324491
6,0.1,200,36,tis_anchored,300,1.3560909424083786e-07,4.3174588651409976e-08,1.9768744573163133e-05,0.05727872156808233
6,0.1,200,36,uniform,300,2.367530044811683e-06,1.4572762644292054e-06,-3.8619899160017294e-05,1.0
6,0.1,200,37,learned_occupancy,300,0.0,0.0,0.0,0.0
6,0.1,200,37,oracle_tail,300,0.0,0.0,0.0,0.0
6,0.1,200,37,tis,300,0.0,0.0,0.0,0.0
6,0.1,200,37,tis_anchored,300,0.0,0.0,0.0,0.0
6,0.1,200,37,uniform,300,0.0,0.0,0.0,0.0
6,0.1,200,38,learned_occupancy,300,1.6187948164618637e-05,1.4671675045154706e-06,0.00019805797316897985,0.07416224576639828
6,0.1,200,38,oracle_tail,300,1.0510752395678488e-05,9.265471079257686e-07,0.0003506969809577957,0.04815316891499519
6,0.1,200,38,tis,300,0.00012561406286648667,2.9051555873004097e-05,0.0015504228352205122,0.5754788010985489
6,0.1,200,38,tis_anchored,300,1.696890745325726e-05,1.2636065533399317e-06,0.00033106112897086427,0.0777400737967695
6,0.1,200,38,uniform,300,0.00021827748064168166,3.087106629175491e-05,0.0005433997319091378,1.0
6,0.1,200,39,learned_occupancy,300,0.0,0.0,0.0,0.0
6,0.1,200,39,oracle_tail,300,0.0,0.0,0.0,0.0
6,0.1,200,39,tis,300,0.0,0.0,0.0,0.0
6,0.1,200,39,tis_anchored,300,0.0,0.0,0.0,0.0
6,0.1,200,39,uniform,300,0.0,0.0,0.0,0.0
6,0.1,200,40,learned_occupancy,300,7.172542392516545e-05,6.835237349695036e-06,-0.0008376193381058098,0.13018220483791934
6,0.1,200,40,oracle_tail,300,1.6197089113680655e-05,1.7537920706647797e-06,-0.00012135597932751244,0.029397843294383077
6,0.1,200,40,tis,300,0.006118778645886559,0.0059141369795825405,-0.00020203887877741597,11.105631050264348
6,0.1,200,40,tis_anchored,300,9.614195842306852e-05,1.717407084329963e-05,-0.0007485856011098665,0.1744984057258294
6,0.1,200,40,uniform,300,0.0005509618155143839,0.00011256868864707443,0.0018787721363783113,1.0
6,0.1,200,41,learned_occupancy,300,0.00013017673673350208,1.1094298556825557e-05,-0.0005871961492552557,0.09460051323588275
6,0.1,200,41,oracle_tail,300,5.853918737152683e-05,5.6240447655023485e-06,-0.00027772992553134926,0.04254091252183568
6,0.1,200,41,tis,300,0.005334664126660594,0.002496735174437647,-0.0013820462365415097,3.876744624166519
6,0.1,200,41,tis_anchored,300,0.00014225209997511442,1.425578256100143e-05,-0.0009587640956653365,0.10337577976069072
6,0.1,200,41,uniform,300,0.001376067975539534,0.0002112420386998625,0.0007797938417324849,1.0
6,0.1,200,42,learned_occupancy,300,0.0,0.0,0.0,0.0
6,0.1,200,42,oracle_tail,300,0.0,0.0,0.0,0.0
6,0.1,200,42,tis,300,0.0,0.0,0.0,0.0
6,0.1,200,42,tis_anchored,300,0.0,0.0,0.0,0.0
6,0.1,200,42,uniform,300,0.0,0.0,0.0,0.0
6,0.1,200,43,learned_occupancy,300,0.0,0.0,0.0,0.0
6,0.1,200,43,oracle_tail,300,5.702133577321376e-07,5.692622088502259e-07,4.359714660892911e-05,1.0
6,0.1,200,43,tis,300,7.710782733900323e-06,7.67639056083087e-06,0.00017149124978329728,13.522627327721295
6,0.1,200,43,tis_anchored,300,0.0,0.0,0.0,0.0
6,0.1,200,43,uniform,300,5.702133577321376e-07,5.692622088502259e-07,4.359714660892911e-05,1.0
6,0.1,200,44,learned_occupancy,300,0.007268079622719116,0.0005085885635740705,0.0033113396943641356,0.09853116817192342
6,0.1,200,44,oracle_tail,300,0.0023357417643148307,0.0001921373367000401,0.0015245213065179083,0.03166494817509843
6,0.1,200,44,tis,300,0.03662921821368856,0.008888038544420544,0.0324651987651578,0.49657128803836537
6,0.1,200,44,tis_anchored,300,0.004805101299314893,0.0004147816840077333,0.004196120837619531,0.06514131225612478
6,0.1,200,44,uniform,300,0.07376426929230465,0.005604539068255269,0.008499574749913988,1.0
6,0.1,200,45,learned_occupancy,300,0.006573912772553458,0.0007670967658441209,-0.00805208788423076,0.2122641193038908
6,0.1,200,45,oracle_tail,300,0.0011315826680674602,8.991401145048168e-05,-0.0027206339890263657,0.03653750920756276
6,0.1,200,45,tis,300,0.0025861722584498486,0.00042130326596672015,-0.00020323904755381445,0.08350454224155852
6,0.1,200,45,tis_anchored,300,0.0029544566657491106,0.0005029490126054793,-0.003890164168432672,0.09539602423613462
6,0.1,200,45,uniform,300,0.030970438122619428,0.0021505075463763607,0.0006610665000620293,1.0
6,0.1,200,46,learned_occupancy,300,0.02115119255115412,0.0026647340533814735,-0.009449637238046342,0.20347828795175824
6,0.1,200,46,oracle_tail,300,0.0020327119749793737,0.0001644331934919364,-0.005726860834016778,0.019555055894248916
6,0.1,200,46,tis,300,0.02357183944250082,0.004730030890322236,-0.010380961410076056,0.22676534772371876
6,0.1,200,46,tis_anchored,300,0.015275023758814704,0.0023154570923214586,-0.01136252785987269,0.14694848412679457
6,0.1,200,46,uniform,300,0.10394815468551988,0.008579711816203246,0.05432379582430013,1.0
6,0.1,200,47,learned_occupancy,300,8.010979053918969e-09,1.5000099570844364e-09,-7.327302110800756e-06,0.28847406208053245
6,0.1,200,47,oracle_tail,300,2.1717130034631003e-09,1.1214501070074745e-09,-1.5581140730421457e-06,0.0782030345561369
6,0.1,200,47,tis,300,1.850405453736496e-08,9.66840321616558e-09,1.5756825454760203e-06,0.6663280157675683
6,0.1,200,47,tis_anchored,300,6.542343129173283e-09,1.2607052221405686e-09,-8.397298648980349e-06,0.2355887195927711
6,0.1,200,47,uniform,300,2.7770188404954643e-08,7.877535515692892e-09,-1.3231589394805769e-05,1.0
6,0.1,200,48,learned_occupancy,300,0.008007163087479167,0.0007987859432095012,-0.013821491994352024,0.18683430254461406
6,0.1,200,48,oracle_tail,300,0.0008184707156691661,6.478306029548522e-05,-0.0020644910059640226,0.019097700851673536
6,0.1,200,48,tis,300,0.004373607295064188,0.00047870169868113974,-0.009370524037660038,0.102051108445027
6,0.1,200,48,tis_anchored,300,0.004884309003136902,0.0004801270873625819,-0.010196677620946913,0.11396751334320022
6,0.1,200,48,uniform,300,0.04285702881336333,0.003456383100968763,-0.007833802027954173,1.0
6,0.1,200,49,learned_occupancy,300,0.005053075699279814,0.0005095872026811865,-0.004951224637088552,0.1407057789135762
6,0.1,200,49,oracle_tail,300,0.0005963215640394361,4.902001989145694e-05,-0.001038247364470967,0.016604914540086838
6,0.1,200,49,tis,300,0.0025468538768036765,0.0002619287100541949,-0.0009516785584499902,0.070918600836674
6,0.1,200,49,tis_anchored,300,0.0029896768842955206,0.00034983497084940134,-0.005007395135080356,0.08324926039890314
6,0.1,200,49,uniform,300,0.03591235369503549,0.002909421601318943,-0.012279739073816605,1.0
6,0.1,400,0,learned_occupancy,300,0.0016724342028031128,0.0001508190041597505,0.0017001484562785703,0.16144070280921735
6,0.1,400,0,oracle_tail,300,0.00025830474546797153,2.010429220662446e-05,0.0008905630169262949,0.024934254260892175
6,0.1,400,0,tis,300,0.0005457219734555299,7.576896953895563e-05,0.0005325647472713394,0.052678747412262514
6,0.1,400,0,tis_anchored,300,0.0006037086446934577,6.779735936181434e-05,0.0006051577477029468,0.05827622260293234
6,0.1,400,0,uniform,300,0.010359433362846004,0.0007882203995833059,0.0035548117283507484,1.0
6,0.1,400,1,learned_occupancy,300,0.0005919412828028599,5.5757207967335717e-05,-0.0003466081048284142,0.15208937867321007
6,0.1,400,1,oracle_tail,300,8.213035118881536e-05,6.559320251070163e-06,2.4618476767293746e-05,0.021102015428580135
6,0.1,400,1,tis,300,0.002771981593382326,0.0020237488553573324,0.0018348439503464247,0.71221415109765
6,0.1,400,1,tis_anchored,300,0.0003730984825599837,3.731736734591566e-05,-0.0003413818448094119,0.09586139376490074
6,0.1,400,1,uniform,300,0.0038920619438833175,0.00034448490909693905,-0.006012901220627752,1.0
6,0.1,400,2,learned_occupancy,300,3.530491535100449e-08,6.356345938427795e-09,-4.70984784081067e-06,0.035772191236709154
6,0.1,400,2,oracle_tail,300,6.301447988165457e-08,2.5683447413829096e-08,-1.910303019944326e-05,0.06384850388670238
6,0.1,400,2,tis,300,1.1181345787702812e-06,1.0363148114287933e-06,3.6271033147283006e-05,1.132933575466276
6,0.1,400,2,tis_anchored,300,5.446293967847103e-08,1.5631118503419058e-08,-3.4351976332480662e-06,0.055183780335453736
6,0.1,400,2,uniform,300,9.869374542193226e-07,6.648879006757879e-07,1.0730515098053377e-05,1.0
6,0.1,400,3,learned_occupancy,300,2.3810310436445583e-05,1.6279401027315604e-06,0.00037600751581328584,0.07980810146731726
6,0.1,400,3,oracle_tail,300,5.865282403494188e-06,9.72594659153046e-07,-0.00020918836202850807,0.019659426719444838
6,0.1,400,3,tis,300,1.6415685057345864e-05,6.019950224393532e-06,-0.00011452641313460798,0.055022577811789146
6,0.1,400,3,tis_anchored,300,1.3573072631333543e-05,1.3234556824132797e-06,-6.863392749475524e-05,0.04549462556047384
6,0.1,400,3,uniform,300,0.0002983445289222461,5.212826429849783e-05,0.000735185536914121,1.0
6,0.1,400,4,learned_occupancy,300,0.0027637639956554563,0.000197400005406982,-0.0017194596100946675,0.11302728432536137
6,0.1,400,4,oracle_tail,300,0.0007830252294842563,6.629493620921933e-05,0.00012518020659305258,0.032022710834200184
6,0.1,400,4,tis,300,0.004200114763721611,0.0005665977245790589,0.002442829016119051,0.17176848904051364
6,0.1,400,4,tis_anchored,300,0.0020699733848550316,0.00018541563050677667,0.0016760227730603335,0.08465392511217419
6,0.1,400,4,uniform,300,0.02445218437434682,0.0021519431632688636,0.004358676302243504,1.0
6,0.1,400,5,learned_occupancy,300,9.873640149542722e-05,7.662214049493202e-06,0.00013119937871711952,0.0893240916698708
6,0.1,400,5,oracle_tail,300,2.2526085835868928e-05,1.6968353001846123e-06,0.00011366740601796988,0.020378726849385145
6,0.1,400,5,tis,300,9.349790601988722e-05,3.2698472061499304e-05,0.0007224849126260106,0.08458496969477017
6,0.1,400,5,tis_anchored,300,4.699941687570737e-05,4.0696782473597905e-06,-0.00019262310253336394,0.04251907257963607
6,0.1,400,5,uniform,300,0.0011053725780984483,9.219992164490107e-05,0.0002745358928800693,1.0
6,0.1,400,6,learned_occupancy,300,0.0,0.0,0.0,0.0
6,0.1,400,6,oracle_tail,300,0.0,0.0,0.0,0.0
6,0.1,400,6,tis,300,0.0,0.0,0.0,0.0
6,0.1,400,6,tis_anchored,300,0.0,0.0,0.0,0.0
6,0.1,400,6,uniform,300,0.0,0.0,0.0,0.0
6,0.1,400,7,learned_occupancy,300,0.0005299241687271208,4.3903227983672484e-05,-0.0008984968013386648,0.10791756056275721
6,0.1,400,7,oracle_tail,300,8.038137285372531e-05,6.221128066628316e-06,0.00010846019340246649,0.016369439600944773
6,0.1,400,7,tis,300,0.000342101156467468,5.8660020367855356e-05,0.0006045306571569794,0.06966793449022361
6,0.1,400,7,tis_anchored,300,0.00023953582806494127,2.2037491449791923e-05,-0.0015744580958801224,0.04878079498476274
6,0.1,400,7,uniform,300,0.004910453553283892,0.0004517855356918904,0.0019820248324145034,1.0
6,0.1,400,8,learned_occupancy,300,0.006829754211247656,0.0005029173178188337,-0.0017414921969413737,0.10904552167790202
6,0.1,400,8,oracle_tail,300,0.0018980313396097636,0.00014163834584817595,0.0003114071870005519,0.030304431343649244
6,0.1,400,8,tis,300,0.033317773163927464,0.004410178730461562,0.00844670331279073,0.5319596933405267
6,0.1,400,8,tis_anchored,300,0.00357405100595084,0.00028934488793112714,0.000788854963340216,0.057064170157910175
6,0.1,400,8,uniform,300,0.06263213845151148,0.004930455894880914,0.015925231254712853,1.0
6,0.1,400,9,learned_occupancy,300,0.0010838674932991414,8.997282396480772e-05,-0.003586618362321034,0.0737669584866531
6,0.1,400,9,oracle_tail,300,0.0005031762475204354,3.886345910566689e-05,-0.0013885893223629785,0.03424568186774243
6,0.1,400,9,tis,300,0.04076612892536786,0.00934116489066401,0.03162327967447675,2.7745027493588554
6,0.1,400,9,tis_anchored,300,0.0010194703740396456,8.307507840092722e-05,-0.003773481672912295,0.06938415371352
6,0.1,400,9,uniform,300,0.01469312976344618,0.001388211974253151,-0.002867197272509547,1.0
6,0.1,400,10,learned_occupancy,300,0.0035042691790861495,0.00028844591419384575,-0.006635503201111132,0.10820514889803626
6,0.1,400,10,oracle_tail,300,0.0008609538551892889,6.560200794187806e-05,-0.0027656604058644584,0.026584613034604184
6,0.1,400,10,tis,300,0.004433387613077334,0.0013744026251202397,0.0027895525222237584,0.13689455412236445
6,0.1,400,10,tis_anchored,300,0.0014741606458658354,0.00012156107258696599,-0.002718100769056566,0.04551926922096088
6,0.1,400,10,uniform,300,0.032385419869328844,0.002556664868611014,-0.011291028965016988,1.0
6,0.1,400,11,learned_occupancy,300,0.0,0.0,0.0,0.0
6,0.1,400,11,oracle_tail,300,0.0,0.0,0.0,0.0
6,0.1,400,11,tis,300,0.0,0.0,0.0,0.0
6,0.1,400,11,tis_anchored,300,0.0,0.0,0.0,0.0
6,0.1,400,11,uniform,300,0.0,0.0,0.0,0.0
6,0.1,400,12,learned_occupancy,300,0.0018352994960099175,0.00018142986598636418,-0.00147581223532575,0.09240210105838918
6,0.1,400,12,oracle_tail,300,0.0006641986510702002,4.972122824098703e-05,-0.001835516350568461,0.03344050985273238
6,0.1,400,12,tis,300,0.016662544707803664,0.0024682507691601374,0.016908513310574004,0.8389116562870141
6,0.1,400,12,tis_anchored,300,0.0013145552865717045,0.00015863259299739774,-0.00037503747461904285,0.0661841136559556
6,0.1,400,12,uniform,300,0.019862097019311128,0.0016457834305036347,0.005900546150252198,1.0
6,0.1,400,13,learned_occupancy,300,0.0006342521746385226,4.579212665794251e-05,0.0001435100987362577,0.057756250384250196
6,0.1,400,13,oracle_tail,300,0.0002897042770685166,2.3585754436247038e-05,-0.0006408062915747573,0.026381041221172935
6,0.1,400,13,tis,300,0.078134745837994,0.020436035972490576,0.0044757188654441235,7.115103620891614
6,0.1,400,13,tis_anchored,300,0.0005798413445864056,4.559592156916302e-05,0.0007190180742340427,0.05280149319181962
6,0.1,400,13,uniform,300,0.01098153308808772,0.0009947641763107615,0.003906176480666179,1.0
6,0.1,400,14,learned_occupancy,300,0.00023809170134410511,2.272373648887865e-05,0.0003187394702295698,0.12921781286749176
6,0.1,400,14,oracle_tail,300,5.843921123908695e-05,4.561135669115154e-06,-0.0004933563089745219,0.031716296785591944
6,0.1,400,14,tis,300,0.0007948681638903343,0.00047531467166637547,0.0031392401130228174,0.4313931358214934
6,0.1,400,14,tis_anchored,300,0.00015612589516296726,1.905544575754893e-05,0.0008251538452824751,0.08473309481618953
6,0.1,400,14,uniform,300,0.001842560991093849,0.00017703748998009754,-0.0036054570021242785,1.0
6,0.1,400,15,learned_occupancy,300,9.697936766291538e-06,6.946760035036774e-07,0.00029720011713386306,0.03344011201057063
6,0.1,400,15,oracle_tail,300,6.261078083979082e-06,4.515102738375186e-07,8.899160057053084e-05,0.021589247020348677
6,0.1,400,15,tis,300,0.00014608992621587815,5.789398348731357e-05,0.0009378075379672005,0.503742560299563
6,0.1,400,15,tis_anchored,300,9.489984928287529e-06,7.844865275761214e-07,0.0002078963342151378,0.0327230592061196
6,0.1,400,15,uniform,300,0.0002900090993482904,4.5246746304195736e-05,-0.0007197340178789983,1.0
6,0.1,400,16,learned_occupancy,300,0.0013912570197889644,0.00011220221587177812,0.0030623371735984356,0.06504036251432875
6,0.1,400,16,oracle_tail,300,0.00021566424000042198,1.728242144626834e-05,0.000952753621718938,0.010082163217499768
6,0.1,400,16,tis,300,0.0028992866158251336,0.001518829265090572,0.002261320721003101,0.13553976716308808
6,0.1,400,16,tis_anchored,300,0.0006555835644690321,8.143572336796989e-05,0.0011213557665503797,0.03064810605445822
6,0.1,400,16,uniform,300,0.021390671361686566,0.0019323891079951363,0.01050913853496261,1.0
6,0.1,400,17,learned_occupancy,300,0.0002170438516752791,1.8206342086654195e-05,-0.0011338175003428057,0.08123191309211256
6,0.1,400,17,oracle_tail,300,3.430563212576711e-05,2.8474097253872716e-06,-0.0002918488889695799,0.01283939676660143
6,0.1,400,17,tis,300,0.00017819150463741482,8.810947556072472e-05,-0.0003850989470085494,0.06669084015388357
6,0.1,400,17,tis_anchored,300,7.38305933198902e-05,8.788744353526165e-06,-0.0003722922598261391,0.027632205629455845
6,0.1,400,17,uniform,300,0.002671903731100894,0.00023822780899726673,0.0030103077136145223,1.0
6,0.1,400,18,learned_occupancy,300,1.480194937983422e-05,1.5957778509666352e-06,0.00022030997576771554,0.05892307209245159
6,0.1,400,18,oracle_tail,300,2.8588206031199487e-06,2.52928584848265e-07,8.340713466702769e-06,0.011380291080208335
6,0.1,400,18,tis,300,0.00010614376477127236,2.965060141712598e-05,-0.0009800619914652532,0.4225333125583187
6,0.1,400,18,tis_anchored,300,1.2391070206846591e-05,2.0535244381950148e-06,-0.00019041400102627707,0.04932593027884196
6,0.1,400,18,uniform,300,0.00025120803879013023,4.678788041536669e-05,-0.0017466557265645298,1.0
6,0.1,400,19,learned_occupancy,300,0.00020296299398839075,2.2273484684995072e-05,-0.0005369892743588404,0.10874302061027685
6,0.1,400,19,oracle_tail,300,4.7230975699048824e-05,3.4262886323671934e-06,0.00044211085806333225,0.025305297596166357
6,0.1,400,19,tis,300,0.0005973479651342333,0.00036393670181739937,0.0034622245870891575,0.320045643827142
6,0.1,400,19,tis_anchored,300,0.0001068120203977779,9.61739757330592e-06,3.9079030451752614e-05,0.057227485204545424
6,0.1,400,19,uniform,300,0.001866446166837576,0.000162655454371851,-0.0005730995592487146,1.0
6,0.1,400,20,learned_occupancy,300,0.0001994492282624178,1.5910924299405767e-05,-8.809010352941312e-05,0.08437590183196055
6,0.1,400,20,oracle_tail,300,7.427167683797882e-05,5.415387658815863e-06,0.0004919025371287278,0.03142022542965758
6,0.1,400,20,tis,300,0.007368491601145721,0.0023235651815329415,0.013730003744445407,3.117199948098513
6,0.1,400,20,tis_anchored,300,0.00013930547518174144,1.1879578877526828e-05,-0.0006818190209713334,0.058932417041615816
6,0.1,400,20,uniform,300,0.0023638174399561664,0.00021456741442135895,-0.001181792916189038,1.0
6,0.1,400,21,learned_occupancy,300,0.0045223599708663405,0.00043664996697636324,-0.0030798213684029886,0.12498504614142555
6,0.1,400,21,oracle_tail,300,0.0008452648769235105,7.366261175339958e-05,-0.0009639010980234882,0.023360694487965104
6,0.1,400,21,tis,300,0.002380305469794976,0.00034515023928108243,0.002012753863023214,0.06578480945558624
6,0.1,400,21,tis_anchored,300,0.0017064903472058357,0.00015401200717240707,-0.0012288728063418971,0.047162493954358946
6,0.1,400,21,uniform,300,0.03618320839557966,0.0032420730158600193,-0.007776883866876204,1.0
6,0.1,400,22,learned_occupancy,300,0.0007692311069260191,6.16795920467671e-05,-0.001353842152051256,0.07968666386379683
6,0.1,400,22,oracle_tail,300,0.000489349626354017,4.092083066233649e-05,-0.0018806700792124223,0.05069300868886655
6,0.1,400,22,tis,300,0.014957363824199236,0.006133875856159974,-1.9352384004863352e-05,1.5494724701273819
6,0.1,400,22,tis_anchored,300,0.0007482604015902851,5.914823189488178e-05,-0.0011799836007176283,0.07751425360629526
6,0.1,400,22,uniform,300,0.009653197531782926,0.0008689346865694648,-0.003288999884081658,1.0
6,0.1,400,23,learned_occupancy,300,0.0002768279620089788,2.3626652538935257e-05,-0.0005256464201166085,0.12271602919789726
6,0.1,400,23,oracle_tail,300,0.00010112069728620243,7.695515307161384e-06,0.0007353957068520319,0.044826145273152936
6,0.1,400,23,tis,300,0.0010593082799393299,0.00029931921252373514,0.002230101688162255,0.4695844482877521
6,0.1,400,23,tis_anchored,300,0.00018524588937820745,1.565952672595276e-05,0.0002508136668005149,0.08211829399296457
6,0.1,400,23,uniform,300,0.002255841912571616,0.00017604297064825834,0.00023284925597612195,1.0
6,0.1,400,24,learned_occupancy,300,7.801172115027911e-05,7.80649794901085e-06,-1.1950596906767548e-05,0.0973666084117056
6,0.1,400,24,oracle_tail,300,2.0928232892449307e-05,1.5333744347817053e-06,0.00013752337958337525,0.026120575558930582
6,0.1,400,24,tis,300,7.413959320691976e-05,1.530128996385985e-05,0.0003024157737543535,0.09253379662878361
6,0.1,400,24,tis_anchored,300,4.106190557893949e-05,3.269551115920526e-06,0.00014105224284391166,0.05124945869917814
6,0.1,400,24,uniform,300,0.0008012163761565345,6.400709885883301e-05,0.002252494579892545,1.0
6,0.1,400,25,learned_occupancy,300,2.4085523144303733e-06,2.4231686578133906e-07,6.966084420251187e-05,0.058541906508775624
6,0.1,400,25,oracle_tail,300,1.339465451133554e-06,1.0863120649755267e-07,-2.4486966559185143e-05,0.03255684368663619
6,0.1,400,25,tis,300,3.2599580561365426e-06,5.590441154281243e-07,0.00014286399039797301,0.07923604507216625
6,0.1,400,25,tis_anchored,300,2.3628174796186975e-06,2.669983250593264e-07,-2.9307463783087386e-05,0.05743028256450907
6,0.1,400,25,uniform,300,4.114236207987732e-05,1.0115569907658904e-05,0.001454670371839993,1.0
6,0.1,400,26,learned_occupancy,300,6.835150006447207e-06,8.719769001513934e-07,-5.8784215873179946e-05,0.0823351563708929
6,0.1,400,26,oracle_tail,300,1.1175537068832884e-06,1.9894282867457965e-07,4.2088894775353936e-05,0.013461878542872513
6,0.1,400,26,tis,300,1.140547086368438e-06,9.73276792625746e-08,3.1792890332487114e-05,0.013738853224279557
6,0.1,400,26,tis_anchored,300,1.7892137668196354e-06,1.9428606054595504e-07,3.411876304187563e-06,0.021552591403713888
6,0.1,400,26,uniform,300,8.301617811542247e-05,4.744918584302498e-05,0.00029109716850784416,1.0
6,0.1,400,27,learned_occupancy,300,0.005115223034292396,0.0005971334198002675,-0.0002478464418201387,0.16906321635216623
6,0.1,400,27,oracle_tail,300,0.0005394994433134318,4.346031958942608e-05,0.0007593593079235713,0.017830993975297745
6,0.1,400,27,tis,300,0.0025473244437734517,0.0004155301385098967,0.004140190304027257,0.08419161015457206
6,0.1,400,27,tis_anchored,300,0.002913086851129868,0.0004408270396042131,0.0015259069272360144,0.09628042203898701
6,0.1,400,27,uniform,300,0.030256274218971188,0.0026742020727413547,-0.010321015647534055,1.0
6,0.1,400,28,learned_occupancy,300,0.0024098231068605865,0.00020505333369409502,-0.00207001547356469,0.14624355199035177
6,0.1,400,28,oracle_tail,300,0.0002780826338376125,2.27949230399691e-05,-0.00021415877604714564,0.016875841219825088
6,0.1,400,28,tis,300,0.0012598927241673423,0.0001362220056390443,0.0005945223029702484,0.07645838675232355
6,0.1,400,28,tis_anchored,300,0.0014231815608057342,0.00013269357460363073,-0.0006260538731929755,0.08636780267683117
6,0.1,400,28,uniform,300,0.016478149457280492,0.0012558276113885506,-0.0069167064233514024,1.0
6,0.1,400,29,learned_occupancy,300,0.0,0.0,0.0,0.0
6,0.1,400,29,oracle_tail,300,0.0,0.0,0.0,0.0
6,0.1,400,29,tis,300,0.0,0.0,0.0,0.0
6,0.1,400,29,tis_anchored,300,0.0,0.0,0.0,0.0
6,0.1,400,29,uniform,300,0.0,0.0,0.0,0.0
6,0.1,400,30,learned_occupancy,300,0.00010068607677587585,8.618399984853218e-06,-0.0008798027194782221,0.04401147500217632
6,0.1,400,30,oracle_tail,300,5.2305853415997526e-05,4.252761364666075e-06,0.0001530402482325403,0.02286371496239728
6,0.1,400,30,tis,300,0.00045538020909759,8.681954143638921e-05,0.0014081504028507074,0.19905388441936409
6,0.1,400,30,tis_anchored,300,7.966604766504532e-05,7.238565840237417e-06,-0.00016344829933340855,0.034823288160656704
6,0.1,400,30,uniform,300,0.002287723298773718,0.00019499825412156054,-0.003932360833304325,1.0
6,0.1,400,31,learned_occupancy,300,0.00010681840820971662,9.064877731938077e-06,-0.0007075675349181365,0.09067794362698402
6,0.1,400,31,oracle_tail,300,3.42402754978914e-05,2.926804629945422e-06,-0.0005215345601318155,0.02906650476643004
6,0.1,400,31,tis,300,0.0006922513516692871,0.0002529837553857559,0.00424919184142188,0.5876508562000937
6,0.1,400,31,tis_anchored,300,8.051892256164085e-05,9.316527956347931e-06,-0.0009045457398805172,0.0683523602656139
6,0.1,400,31,uniform,300,0.001177997690917304,0.00010127051533855228,-0.0012486031324794075,1.0
6,0.1,400,32,learned_occupancy,300,3.9665330409576286e-07,4.742043987804476e-08,-1.3270698017750308e-05,0.04656471527002074
6,0.1,400,32,oracle_tail,300,3.1158303286303036e-07,3.852318903796383e-08,-1.1314605895610026e-05,0.036577976430353175
6,0.1,400,32,tis,300,1.2013547176363647e-05,4.393000162058018e-06,0.0007282471785881276,1.4103182751133183
6,0.1,400,32,tis_anchored,300,5.256811937314118e-07,1.0558779946223405e-07,2.0997551850090444e-05,0.06171181446404415
6,0.1,400,32,uniform,300,8.518323408521643e-06,2.8299747132481253e-06,-8.413550802949921e-05,1.0
6,0.1,400,33,learned_occupancy,300,0.0010412367075677787,9.464711805727032e-05,-0.004841016944153698,0.16810220150799615
6,0.1,400,33,oracle_tail,300,9.743259230187358e-05,7.977500230312425e-06,-0.0010916041149716582,0.01572998065236749
6,0.1,400,33,tis,300,0.0024703038956643258,0.0006708762677915465,-0.003942200491813971,0.39881759856984395
6,0.1,400,33,tis_anchored,300,0.000713200885385712,8.650868556045261e-05,-0.003947536025061192,0.11514253971207215
6,0.1,400,33,uniform,300,0.006194069430543716,0.0006130644617166064,-0.0025946035322163825,1.0
6,0.1,400,34,learned_occupancy,300,9.988472270862174e-06,1.1992059488132718e-06,-0.00013183611615138997,0.13733093710951755
6,0.1,400,34,oracle_tail,300,2.342771409383063e-06,2.0272519529229207e-07,-3.905676485940942e-06,0.0322106308511772
6,0.1,400,34,tis,300,6.20046066873951e-05,1.8136489576504e-05,-7.302130304111346e-05,0.8524978105337451
6,0.1,400,34,tis_anchored,300,7.054000301571769e-06,1.0545076205134804e-06,-9.725812414736505e-05,0.09698504891599928
6,0.1,400,34,uniform,300,7.273286326515525e-05,1.7698919785951446e-05,0.0003074630684672804,1.0
6,0.1,400,35,learned_occupancy,300,0.004757511629258346,0.00035605226777128533,0.010567006185847784,0.09214678172085229
6,0.1,400,35,oracle_tail,300,0.0013724260650415517,0.00011234106716866115,0.0005367917255062249,0.026582098983351683
6,0.1,400,35,tis,300,0.00938572801163888,0.0010855171332266218,0.029260391998098604,0.1817892835113472
6,0.1,400,35,tis_anchored,300,0.0034048945845454215,0.00035552071602121466,0.009201718581419747,0.06594835756891883
6,0.1,400,35,uniform,300,0.0516297101256413,0.00470022541833934,0.0665351465236826,1.0
6,0.1,400,36,learned_occupancy,300,8.785259536223249e-08,1.019564936270087e-08,-2.8844758189941664e-05,0.06559829507077729
6,0.1,400,36,oracle_tail,300,5.387198810440701e-08,3.584512307050685e-08,-2.3660369121654887e-05,0.04022545443479875
6,0.1,400,36,tis,300,2.390247192991128e-07,1.6211314412354996e-07,-4.2121909356695276e-05,0.17847638992499845
6,0.1,400,36,tis_anchored,300,9.121245202006062e-08,1.3220383447453519e-08,-3.195140444859579e-05,0.06810705269514765
6,0.1,400,36,uniform,300,1.3392511995539506e-06,6.443044752033944e-07,-2.6402685728645164e-05,1.0
6,0.1,400,37,learned_occupancy,300,0.0,0.0,0.0,0.0
6,0.1,400,37,oracle_tail,300,0.0,0.0,0.0,0.0
6,0.1,400,37,tis,300,0.0,0.0,0.0,0.0
6,0.1,400,37,tis_anchored,300,0.0,0.0,0.0,0.0
6,0.1,400,37,uniform,300,0.0,0.0,0.0,0.0
6,0.1,400,38,learned_occupancy,300,6.5932401769498965e-06,5.603269010461563e-07,-0.00018320751287800825,0.060164164731289146
6,0.1,400,38,oracle_tail,300,5.260775078874954e-06,4.68528007613681e-07,-0.0001367977474396298,0.04800524931068329
6,0.1,400,38,tis,300,6.638177834789196e-05,1.801015805810278e-05,-0.0001221755906735389,0.6057422663959546
6,0.1,400,38,tis_anchored,300,8.152189893519404e-06,6.706895843603965e-07,-0.0003175217785548797,0.07438978142934094
6,0.1,400,38,uniform,300,0.00010958749625125265,1.1137447998110108e-05,7.595122774726922e-06,1.0
6,0.1,400,39,learned_occupancy,300,0.0,0.0,0.0,0.0
6,0.1,400,39,oracle_tail,300,0.0,0.0,0.0,0.0
6,0.1,400,39,tis,300,0.0,0.0,0.0,0.0
6,0.1,400,39,tis_anchored,300,0.0,0.0,0.0,0.0
6,0.1,400,39,uniform,300,0.0,0.0,0.0,0.0
6,0.1,400,40,learned_occupancy,300,3.047373828438452e-05,2.7158018867532297e-06,-0.00044602715450308436,0.07369189891375495
6,0.1,400,40,oracle_tail,300,7.122435214633569e-06,5.432097306299894e-07,-0.00014040602722874328,0.017223544120463206
6,0.1,400,40,tis,300,0.0005214050863271834,0.00038061517387526044,0.0011871408973889283,1.2608669982057803
6,0.1,400,40,tis_anchored,300,3.336402711428522e-05,3.9534395336421165e-06,-0.0005742625068164653,0.0806812242894913
6,0.1,400,40,uniform,300,0.0004135290138207641,5.2147612056849566e-05,-0.001610785150403009,1.0
6,0.1,400,41,learned_occupancy,300,5.794007413971354e-05,4.4061670932763515e-06,-0.0003935009870324994,0.0741362855150318
6,0.1,400,41,oracle_tail,300,3.423564197736448e-05,2.9228157751917026e-06,-0.00043981691546534897,0.04380566242121225
6,0.1,400,41,tis,300,0.0009115768880346499,0.00039374853456524165,0.005269269598081716,1.1663934753911434
6,0.1,400,41,tis_anchored,300,5.455628663880846e-05,5.565881386444125e-06,-0.0004440136591846544,0.06980661490252307
6,0.1,400,41,uniform,300,0.0007815346255507455,0.00011398879542036336,-0.001149441807628128,1.0
6,0.1,400,42,learned_occupancy,300,0.0,0.0,0.0,0.0
6,0.1,400,42,oracle_tail,300,0.0,0.0,0.0,0.0
6,0.1,400,42,tis,300,0.0,0.0,0.0,0.0
6,0.1,400,42,tis_anchored,300,0.0,0.0,0.0,0.0
6,0.1,400,42,uniform,300,0.0,0.0,0.0,0.0
6,0.1,400,43,learned_occupancy,300,0.0,0.0,0.0,0.0
6,0.1,400,43,oracle_tail,300,0.0,0.0,0.0,0.0
6,0.1,400,43,tis,300,0.0,0.0,0.0,0.0
6,0.1,400,43,tis_anchored,300,0.0,0.0,0.0,0.0
6,0.1,400,43,uniform,300,0.0,0.0,0.0,0.0
6,0.1,400,44,learned_occupancy,300,0.0036245096196000715,0.0003119250581490373,0.007281903266706379,0.0955447954401989
6,0.1,400,44,oracle_tail,300,0.0011606867474625053,8.424093545586658e-05,-0.00043552440033536014,0.03059657429428793
6,0.1,400,44,tis,300,0.013229151032570215,0.0021983236662417843,0.0163795857577889,0.3487303558029691
6,0.1,400,44,tis_anchored,300,0.00243466436406705,0.0002030957888124513,0.003850272892522657,0.0641795809762523
6,0.1,400,44,uniform,300,0.03793518634794333,0.003250629786286928,0.014087101622903449,1.0
6,0.1,400,45,learned_occupancy,300,0.0024305731413785513,0.00019965647076764583,-0.0009894109734374323,0.1603398299545332
6,0.1,400,45,oracle_tail,300,0.0005533662982550639,4.1922086486473876e-05,-0.0007566810614551519,0.0365044180955868
6,0.1,400,45,tis,300,0.0010307024717609028,0.00013702367710806342,-0.0008148782424012728,0.06799328777332246
6,0.1,400,45,tis_anchored,300,0.0010595322608217051,9.956326345747946e-05,-0.0001489277312825458,0.06989512870003176
6,0.1,400,45,uniform,300,0.015158885612313405,0.001113319722241988,0.022653507440352952,1.0
6,0.1,400,46,learned_occupancy,300,0.006778204653536649,0.0006587815910443146,-0.004665849954803449,0.1236515803406685
6,0.1,400,46,oracle_tail,300,0.0010279340613480097,7.867098979120367e-05,-0.00033984863196924247,0.018752114707153825
6,0.1,400,46,tis,300,0.006822619600873964,0.0012425218738955194,0.00040032311540579403,0.12446182120970763
6,0.1,400,46,tis_anchored,300,0.0038718106342084204,0.0005194053815222948,-0.005820945980105708,0.07063160942623324
6,0.1,400,46,uniform,300,0.054816967440789954,0.004564245246128866,0.03159976745272026,1.0
6,0.1,400,47,learned_occupancy,300,2.8899659901207657e-09,3.589525378211365e-10,3.5620394552774805e-07,0.2639645312418316
6,0.1,400,47,oracle_tail,300,8.081196791202234e-10,4.011050017751747e-10,5.450800740058881e-07,0.07381226388666089
6,0.1,400,47,tis,300,2.0457305353422304e-07,1.5871513952938781e-07,-3.194726349080579e-05,18.685351442012905
6,0.1,400,47,tis_anchored,300,2.0799745317090374e-09,2.407502299679824e-10,6.672716475542018e-07,0.1899813022486749
6,0.1,400,47,uniform,300,1.0948311792212409e-08,1.9953385335978007e-09,-1.472040703645779e-06,1.0
6,0.1,400,48,learned_occupancy,300,0.003260200394777317,0.0002887234311153902,-0.005193470648236098,0.1427368451662223
6,0.1,400,48,oracle_tail,300,0.00033977512396951733,2.4967397553295964e-05,0.0014838274829945877,0.014875904358229974
6,0.1,400,48,tis,300,0.0018183933446041579,0.0002048538979856163,-0.002692990655118404,0.07961220104624306
6,0.1,400,48,tis_anchored,300,0.0021755328456388224,0.0002371418560258709,-0.004548967532522533,0.09524834591132234
6,0.1,400,48,uniform,300,0.02284063649424712,0.0020095577433005152,0.0006476240316405472,1.0
6,0.1,400,49,learned_occupancy,300,0.001670897866739665,0.00016262470280476352,-0.0035032517965429464,0.10016730766064487
6,0.1,400,49,oracle_tail,300,0.0002621639521720081,2.3350822855427878e-05,-0.0006132648192091687,0.015716255180805504
6,0.1,400,49,tis,300,0.0011381034844380555,0.00018435101749440824,5.048125357072219e-05,0.06822724724510083
6,0.1,400,49,tis_anchored,300,0.0008645682649686709,8.156586908525291e-05,-5.563291585780394e-05,0.05182930513863645
6,0.1,400,49,uniform,300,0.016681069959476914,0.0014973295394943211,-0.005444832496366696,1.0
6,0.2,50,0,learned_occupancy,300,0.016784824075175616,0.0029594738322845818,-0.013609300679635578,0.33800117147606723
6,0.2,50,0,oracle_tail,300,0.0013450996726305747,0.00011105829929113928,-0.0005681917336002496,0.027086686346246492
6,0.2,50,0,tis,300,0.0229947707492262,0.006689913546095467,-0.01791805330651992,0.4630527800739395
6,0.2,50,0,tis_anchored,300,0.011185354119937766,0.0021754700622133413,-0.012437877094267446,0.22524292056805867
6,0.2,50,0,uniform,300,0.049659070712315845,0.003650859171905129,-0.0029694090899481844,1.0
6,0.2,50,1,learned_occupancy,300,0.0015151894819172278,0.00018733156519563078,-0.005862004503488436,0.19591815249936498
6,0.2,50,1,oracle_tail,300,0.00018086192060156643,1.5974216078622537e-05,0.0015219185256694567,0.023385941999088822
6,0.2,50,1,tis,300,0.020708991119912545,0.0160568171519706,-0.006247937123648568,2.6777293063077523
6,0.2,50,1,tis_anchored,300,0.001202041717574996,0.0001576720175155224,-0.005541691150368364,0.1554272883655892
6,0.2,50,1,uniform,300,0.007733788128295764,0.0009090322358412549,0.006545965473016384,1.0
6,0.2,50,2,learned_occupancy,300,1.0859100260940866e-07,6.97429799986947e-08,2.3084817003926617e-06,0.2505191108163916
6,0.2,50,2,oracle_tail,300,7.388500365767886e-08,5.724482683123598e-08,7.881259143145413e-06,0.1704524774079563
6,0.2,50,2,tis,300,3.267578759773147e-07,3.173925953854152e-07,4.617822071328733e-05,0.7538294202561965
6,0.2,50,2,tis_anchored,300,4.512916300374774e-07,4.074343282469816e-07,-2.2340389924197327e-05,1.0411284098971307
6,0.2,50,2,uniform,300,4.3346394714372216e-07,3.000440089108951e-07,2.719999977262392e-05,1.0
6,0.2,50,3,learned_occupancy,300,5.888534273891592e-05,1.235436647648431e-05,0.0010443952320860048,0.1626435792907897
6,0.2,50,3,oracle_tail,300,2.3736545037812484e-05,1.2642782301870067e-05,-0.0005325700423538867,0.06556124946175237
6,0.2,50,3,tis,300,0.0002628503786464744,0.00014024065037130545,-0.0009127002763291836,0.7260028457429506
6,0.2,50,3,tis_anchored,300,4.241189865914786e-05,7.372111508974899e-06,1.7510304796761743e-05,0.11714329375692524
6,0.2,50,3,uniform,300,0.00036205144399604664,0.0001157411727418467,0.0009846206145433366,1.0
6,0.2,50,4,learned_occupancy,300,0.010240241372815997,0.0008486008001936731,-0.005321554575764753,0.14167141766704475
6,0.2,50,4,oracle_tail,300,0.003062859634687141,0.00023069193013565862,-0.007823493386118223,0.04237396861691055
6,0.2,50,4,tis,300,0.022889432705470742,0.0041503910251357735,0.010270047606550894,0.3166701118575994
6,0.2,50,4,tis_anchored,300,0.008172776793247162,0.0006827418262530824,-0.003429451040220977,0.1130685139560581
6,0.2,50,4,uniform,300,0.07228163267824811,0.005953632026554568,0.021572028841056662,1.0
6,0.2,50,5,learned_occupancy,300,0.0003370688028525338,3.144261542566262e-05,-0.00019303290769677516,0.12005151364450603
6,0.2,50,5,oracle_tail,300,6.000065775880521e-05,4.925285767164578e-06,0.000558305258024913,0.021370028085221215
6,0.2,50,5,tis,300,0.0002677006397716381,6.606478947806006e-05,0.0015365961503277144,0.09534512460427252
6,0.2,50,5,tis_anchored,300,0.00013218347021262268,1.2570766282486306e-05,0.0002984348706867849,0.047078891738169475
6,0.2,50,5,uniform,300,0.002807701399339743,0.0002690401196170063,3.6391453057862396e-05,1.0
6,0.2,50,6,learned_occupancy,300,0.0,0.0,0.0,0.0
6,0.2,50,6,oracle_tail,300,3.460916514476738e-07,3.455143505429341e-07,3.3965259282963126e-05,1.0
6,0.2,50,6,tis,300,3.056836594798503e-06,2.384628173734322e-06,0.00013844411715510912,8.832448231594144
6,0.2,50,6,tis_anchored,300,0.0,0.0,0.0,0.0
6,0.2,50,6,uniform,300,3.460916514476738e-07,3.455143505429341e-07,3.3965259282963126e-05,1.0
6,0.2,50,7,learned_occupancy,300,0.0015045659102251826,0.0001569716510160047,-0.00484549047186445,0.15427767726883476
6,0.2,50,7,oracle_tail,300,0.0002516416047601261,2.2950264905749926e-05,-0.0014266299065188118,0.025803244658643077
6,0.2,50,7,tis,300,0.0011679054000361142,0.0001529698430281068,-0.003989733964556792,0.11975662293208136
6,0.2,50,7,tis_anchored,300,0.0008456464854192095,0.00010021412619553491,-0.004944997300439027,0.08671230331245713
6,0.2,50,7,uniform,300,0.009752324100676075,0.0014020488921569492,0.007471317610299291,1.0
6,0.2,50,8,learned_occupancy,300,0.015720692361005532,0.0012503438750343112,0.0032194896713706456,0.12102250021524619
6,0.2,50,8,oracle_tail,300,0.003383351974115516,0.00034875779605778186,0.0003448563413829279,0.026046035735124488
6,0.2,50,8,tis,300,0.05835593631264025,0.01837066553562493,0.004750952463613861,0.4492411118275755
6,0.2,50,8,tis_anchored,300,0.009524050312836055,0.0010015241498611631,0.0012976679259359052,0.0733189324341878
6,0.2,50,8,uniform,300,0.12989892237431291,0.009778799353221197,0.015432001141656153,1.0
6,0.2,50,9,learned_occupancy,300,0.002363633656076247,0.00023200584577176455,0.001548988592808298,0.07122694118097861
6,0.2,50,9,oracle_tail,300,0.0009756338315115189,7.611011274166705e-05,0.00019795916280369586,0.029400247095230085
6,0.2,50,9,tis,300,0.0355407492779282,0.014293050136469428,0.03602490386294526,1.071003051525866
6,0.2,50,9,tis_anchored,300,0.002989017536653089,0.0002377545699162178,-0.0005149979768361845,0.09007257775535557
6,0.2,50,9,uniform,300,0.03318454529825385,0.0041402399133008885,0.0020168814136135495,1.0
6,0.2,50,10,learned_occupancy,300,0.015938158791487488,0.0014947286133612607,-0.0011621404232211542,0.22309082474478967
6,0.2,50,10,oracle_tail,300,0.0029418757772511125,0.00023257672898901037,-0.00011084487330746295,0.041178250388256905
6,0.2,50,10,tis,300,0.011282169047458561,0.0015811582240425695,0.012865898002088013,0.1579196462173511
6,0.2,50,10,tis_anchored,300,0.00883369127233865,0.001003424843892635,0.00023141573285727338,0.1236476243754976
6,0.2,50,10,uniform,300,0.07144246658158328,0.00579325941582218,0.036801453388562506,1.0
6,0.2,50,11,learned_occupancy,300,0.0,0.0,0.0,0.0
6,0.2,50,11,oracle_tail,300,0.0,0.0,0.0,0.0
6,0.2,50,11,tis,300,0.0,0.0,0.0,0.0
6,0.2,50,11,tis_anchored,300,0.0,0.0,0.0,0.0
6,0.2,50,11,uniform,300,0.0,0.0,0.0,0.0
6,0.2,50,12,learned_occupancy,300,0.006014374428465927,0.0008054168423440787,-0.010745643798866927,0.14287349061770957
6,0.2,50,12,oracle_tail,300,0.001429561729303392,0.00011927393448250178,0.0010916674264594675,0.03395972045777029
6,0.2,50,12,tis,300,0.09131883053449479,0.01563316288528785,-0.012802018457845087,2.169309582030501
6,0.2,50,12,tis_anchored,300,0.0051936267858329185,0.0005136478687125283,-0.007201115905924758,0.12337635388072321
6,0.2,50,12,uniform,300,0.042095803794412426,0.0036715379331600777,-0.002542067807440933,1.0
6,0.2,50,13,learned_occupancy,300,0.0015896101570313857,0.0001579615262348726,-0.0006541465095985129,0.06739846222996729
6,0.2,50,13,oracle_tail,300,0.0007438164428534015,5.808047045642414e-05,0.0013953889869089335,0.03153734530943474
6,0.2,50,13,tis,300,0.02531633173599795,0.013420067188502858,0.022378696639371778,1.0733964052522662
6,0.2,50,13,tis_anchored,300,0.0017014121600951448,0.00019462019949722273,-0.00036962854564593397,0.07213879623412317
6,0.2,50,13,uniform,300,0.023585258542065068,0.00431050766737488,0.008445682290991205,1.0
6,0.2,50,14,learned_occupancy,300,0.000860096558184536,0.00019418372969878835,-0.002643741443998796,0.2901541052618293
6,0.2,50,14,oracle_tail,300,0.00014879743095277097,2.0072451548055996e-05,-0.0007266918171404087,0.050196905257347796
6,0.2,50,14,tis,300,0.0029555555152124737,0.0019737324445557184,-0.0008305993564357491,0.997058478966901
6,0.2,50,14,tis_anchored,300,0.0007763769190816497,0.0002647225361966623,-0.001731411319802354,0.26191123328939037
6,0.2,50,14,uniform,300,0.0029642749924506566,0.0005048551435836809,0.0016784088275600161,1.0
6,0.2,50,15,learned_occupancy,300,2.2888716494065252e-05,2.627129714418691e-06,0.0002111517316949237,0.03023000492442941
6,0.2,50,15,oracle_tail,300,1.2613831078137611e-05,1.1337849606067497e-06,0.00014606661526868513,0.016659570042159903
6,0.2,50,15,tis,300,0.00039764071057639573,0.0003195916646547544,0.0027497451551320735,0.5251793232702611
6,0.2,50,15,tis_anchored,300,2.55443588833634e-05,2.693969845850564e-06,0.0002835340785225752,0.03373741358698251
6,0.2,50,15,uniform,300,0.0007571522582045122,0.00026826748307096304,0.00033615618716480595,1.0
6,0.2,50,16,learned_occupancy,300,0.00399688647960909,0.00033811365031204295,-0.0028173854860169103,0.11296398855252138
6,0.2,50,16,oracle_tail,300,0.0005034045902128125,4.845251114940333e-05,-0.0008374560070771079,0.014227722167292733
6,0.2,50,16,tis,300,0.06692038024442068,0.029352429508072847,-0.009768421595280337,1.8913704720981894
6,0.2,50,16,tis_anchored,300,0.0030370024409550975,0.00042756692833741057,-0.003805313607857833,0.08583478933521894
6,0.2,50,16,uniform,300,0.03538195252153992,0.0033820412681410243,0.005417850109319075,1.0
6,0.2,50,17,learned_occupancy,300,0.0005487047702548315,4.409323565606682e-05,0.0008666630876804653,0.09479833970736506
6,0.2,50,17,oracle_tail,300,6.976723188133862e-05,5.900590554434609e-06,1.832785769420475e-05,0.012053508747988531
6,0.2,50,17,tis,300,0.003826247506239846,0.000585952535393342,-0.0032162544136830878,0.6610511345336523
6,0.2,50,17,tis_anchored,300,0.0006368270730367239,7.628440061025445e-05,-6.101894085402589e-06,0.11002300777619448
6,0.2,50,17,uniform,300,0.005788126373822996,0.0006283988989159213,-0.0013729919887181996,1.0
6,0.2,50,18,learned_occupancy,300,5.045937531136585e-05,9.35857977718416e-06,-0.0003157215376362184,0.1271796456067175
6,0.2,50,18,oracle_tail,300,6.083737404854383e-06,7.202740349806214e-07,0.0001775738014022584,0.015333673124951102
6,0.2,50,18,tis,300,0.0007902985810826898,0.000447620699275212,-0.0016643046645439725,1.9918973004596152
6,0.2,50,18,tis_anchored,300,6.301387781343329e-05,1.7493581759938407e-05,-0.0002827227654385626,0.15882247053526824
6,0.2,50,18,uniform,300,0.0003967566906689087,0.00022318355968392706,-2.2768541412533e-05,1.0
6,0.2,50,19,learned_occupancy,300,0.0006292943279429796,6.521557851660675e-05,-0.003422514784370181,0.15480290147483333
6,0.2,50,19,oracle_tail,300,0.00011491239653319654,9.561700984632757e-06,-0.0003913500894894432,0.028267809844898593
6,0.2,50,19,tis,300,0.0018596972660393388,0.00106324535060973,-0.0017727516337429586,0.45747517475445937
6,0.2,50,19,tis_anchored,300,0.00044733042136773954,3.943707311025621e-05,-0.004244122095776659,0.11004079342657039
6,0.2,50,19,uniform,300,0.004065132642525344,0.00037727392707699933,0.0022495473659812576,1.0
6,0.2,50,20,learned_occupancy,300,0.010590319121561286,0.0010429616208819507,0.0013585842304643385,0.08741664936093949
6,0.2,50,20,oracle_tail,300,0.0031731446713113335,0.00027100123403039455,-0.0017872306245398603,0.02619238116619309
6,0.2,50,20,tis,300,0.16902071250214978,0.01686687193919637,0.11691032806223302,1.3951632797783282
6,0.2,50,20,tis_anchored,300,0.010715686197552844,0.0010361445415223867,0.004226787292244815,0.08845147839654881
6,0.2,50,20,uniform,300,0.12114762117951154,0.012839458169100653,0.09313862499201923,1.0
6,0.2,50,21,learned_occupancy,300,0.017271010280054202,0.0014600557384880704,-0.0053453015646564,0.19785354083526951
6,0.2,50,21,oracle_tail,300,0.0017487909925734335,0.00014483561437960573,0.004354667319633301,0.020033830357976803
6,0.2,50,21,tis,300,0.016709495819866325,0.002036028126454465,-0.013959326314685085,0.19142093368740165
6,0.2,50,21,tis_anchored,300,0.011991947226683695,0.0010889060290233045,-0.01179125854833189,0.13737755822247205
6,0.2,50,21,uniform,300,0.08729189382783822,0.010243613088315066,0.002998493078499949,1.0
6,0.2,50,22,learned_occupancy,300,0.0021019359147254825,0.0002086194266634084,-5.998465780213606e-05,0.12708253108152148
6,0.2,50,22,oracle_tail,300,0.001128788669753687,0.00010124046803584429,0.0015153030117860207,0.06824628676996417
6,0.2,50,22,tis,300,0.029034337197598764,0.01366980140246589,0.013347821110478648,1.7554089225537168
6,0.2,50,22,tis_anchored,300,0.002136422146685778,0.00018234034490588106,0.0015441310041876077,0.1291675602274035
6,0.2,50,22,uniform,300,0.016539928004558887,0.001992762237450493,0.010314919895494531,1.0
6,0.2,50,23,learned_occupancy,300,0.0007989303291542456,0.00010171570845541647,-0.0012423167783291186,0.18124828134909252
6,0.2,50,23,oracle_tail,300,0.00023105143241575893,2.313699036485394e-05,0.00018744239705001202,0.05241718019759541
6,0.2,50,23,tis,300,0.0016273993293663932,0.0006763800302179308,0.0016683995909569837,0.369197814568606
6,0.2,50,23,tis_anchored,300,0.0006420838956582647,7.085386522212862e-05,-0.000433621448453545,0.1456655209136794
6,0.2,50,23,uniform,300,0.004407933268153142,0.00055180441657747,-0.0005093559307238257,1.0
6,0.2,50,24,learned_occupancy,300,0.0002643270100436146,2.34037503985578e-05,-0.0006223075692205838,0.14645323979128574
6,0.2,50,24,oracle_tail,300,6.287653883359826e-05,4.984837609154445e-06,0.0004169377164646789,0.034837426631215765
6,0.2,50,24,tis,300,0.00018893446455538852,3.622058745761302e-05,0.0011929385081139218,0.10468118425658755
6,0.2,50,24,tis_anchored,300,0.000143260301852437,1.3318632049542045e-05,-0.00039214401503589644,0.07937492024104924
6,0.2,50,24,uniform,300,0.0018048560101525497,0.00014589856824074815,0.0035511130384842313,1.0
6,0.2,50,25,learned_occupancy,300,9.380354094018606e-06,2.5242087363398e-06,-0.0002132873188317852,0.06809596858901718
6,0.2,50,25,oracle_tail,300,2.8864304221773997e-06,2.999022551249086e-07,-0.00016919267027186416,0.02095382257353258
6,0.2,50,25,tis,300,7.49407928883355e-05,2.0543228196912267e-05,-0.00010694599821609548,0.5440269980654756
6,0.2,50,25,tis_anchored,300,1.1461416409059236e-05,2.9990288405623617e-06,-0.00026390386788858854,0.0832032825151681
6,0.2,50,25,uniform,300,0.0001377519739917689,6.984375550439472e-05,-0.0002972186697009634,1.0
6,0.2,50,26,learned_occupancy,300,1.618325618734703e-05,6.119268616978404e-06,8.684613302427646e-05,9.896142324433054
6,0.2,50,26,oracle_tail,300,2.2818754009990443e-06,3.817763214095944e-07,-2.1252720572680536e-05,1.3953782522805867
6,0.2,50,26,tis,300,2.449825221796957e-06,3.781048081501201e-07,0.00010966462582346015,1.4980804100378529
6,0.2,50,26,tis_anchored,300,4.4897396714084046e-06,1.0675827120426893e-06,0.00011801189685558988,2.7454983270084776
6,0.2,50,26,uniform,300,1.6353095637470192e-06,1.0066667465334708e-06,0.0006322873404483801,1.0
6,0.2,50,27,learned_occupancy,300,0.014535962958133612,0.001513394774844763,-0.012047308324393612,0.20945554081158985
6,0.2,50,27,oracle_tail,300,0.0012076852423556607,0.00010456294445827662,0.0020940883535433604,0.01740210581826221
6,0.2,50,27,tis,300,0.029572936707242075,0.01731748381753418,-0.006535076968519237,0.4261303822280537
6,0.2,50,27,tis_anchored,300,0.010058799090702687,0.001032839262581969,-0.006830514250935398,0.1449419766359103
6,0.2,50,27,uniform,300,0.06939879891365132,0.006200438354145855,-0.0022785258806078297,1.0
6,0.2,50,28,learned_occupancy,300,0.005496606017809316,0.0005308552907188986,-0.01089790826865718,0.16175147951092692
6,0.2,50,28,oracle_tail,300,0.0005620456959072772,5.1079832629108744e-05,-0.0005505140673130986,0.01653961054716155
6,0.2,50,28,tis,300,0.011360704149812797,0.004257555230449589,-0.008023739064374284,0.33431734029402577
6,0.2,50,28,tis_anchored,300,0.003595680416504039,0.00034043801708040126,-0.008443071593703022,0.10581195474690303
6,0.2,50,28,uniform,300,0.03398179747368555,0.0039435050700089395,-0.0037940411122478353,1.0
6,0.2,50,29,learned_occupancy,300,0.0,0.0,0.0,0.0
6,0.2,50,29,oracle_tail,300,0.0,0.0,0.0,0.0
6,0.2,50,29,tis,300,0.0,0.0,0.0,0.0
6,0.2,50,29,tis_anchored,300,0.0,0.0,0.0,0.0
6,0.2,50,29,uniform,300,0.0,0.0,0.0,0.0
6,0.2,50,30,learned_occupancy,300,0.000393247916358937,4.5410465821497715e-05,2.96276000373874e-05,0.03625208994187392
6,0.2,50,30,oracle_tail,300,0.000141241139915308,1.3430575395845083e-05,-0.0007803710247002726,0.013020505118275065
6,0.2,50,30,tis,300,0.0020251373381350787,0.0007345111008415571,0.003405022887377737,0.18669001887275113
6,0.2,50,30,tis_anchored,300,0.00026116597100929657,2.4697790711154482e-05,-0.00042938984827477195,0.024075937536930547
6,0.2,50,30,uniform,300,0.010847592979865853,0.0011636465875370045,0.015800135336344175,1.0
6,0.2,50,31,learned_occupancy,300,0.00028893210363799753,3.2442926497842095e-05,-0.002304655432021933,0.09952966938046293
6,0.2,50,31,oracle_tail,300,8.439335124911191e-05,7.2089166567265256e-06,-0.0010522425421652995,0.02907133628271811
6,0.2,50,31,tis,300,0.002849953772725106,0.0014773909322097353,-0.0009751530071918128,0.981735685226324
6,0.2,50,31,tis_anchored,300,0.00023812475451705033,2.4260158013724197e-05,-0.0022471215436548004,0.0820278459540107
6,0.2,50,31,uniform,300,0.0029029746148711024,0.000394457605738507,-0.0040457591914486385,1.0
6,0.2,50,32,learned_occupancy,300,9.526136496978574e-07,2.0329987554837913e-07,-1.0162315562870875e-05,0.19842020186508535
6,0.2,50,32,oracle_tail,300,5.606938880375137e-07,7.279642896713549e-08,-4.539956816159337e-07,0.11678710932203144
6,0.2,50,32,tis,300,3.800153302593528e-06,1.5685295801009734e-06,0.00040646090957958237,0.7915351471795887
6,0.2,50,32,tis_anchored,300,1.2321138086127952e-06,3.1063752698742316e-07,2.7269540206333136e-05,0.2566373793859148
6,0.2,50,32,uniform,300,4.800991233471183e-06,1.2819478813886768e-06,0.00034704631722225416,1.0
6,0.2,50,33,learned_occupancy,300,0.002824160877219482,0.0004667645119872935,-0.009831775063046855,0.316328251098332
6,0.2,50,33,oracle_tail,300,0.00019810360285665374,1.732063663638293e-05,-0.0006829295228836167,0.022189163065533708
6,0.2,50,33,tis,300,0.010133622438442989,0.003925322904194796,0.005488608964723987,1.1350454887681538
6,0.2,50,33,tis_anchored,300,0.0021588566276188443,0.00024874927604583846,-0.003954756730976106,0.24180893761939867
6,0.2,50,33,uniform,300,0.008927943891870661,0.0009155821396750171,0.005307916552076997,1.0
6,0.2,50,34,learned_occupancy,300,3.3362007083906334e-05,6.656845581336082e-06,-0.00043870260144975265,0.18463252541760966
6,0.2,50,34,oracle_tail,300,5.592194136218896e-06,9.477793891685439e-07,-0.0002521656810669478,0.030948405574007454
6,0.2,50,34,tis,300,0.0018061360707899254,0.0017667622439306726,-0.0022566350758681224,9.995545626469443
6,0.2,50,34,tis_anchored,300,2.324286643308479e-05,4.139740973981039e-06,-0.0006150870961486232,0.12863102380776062
6,0.2,50,34,uniform,300,0.00018069409497837249,8.849670354455787e-05,-0.00033861609852683233,1.0
6,0.2,50,35,learned_occupancy,300,0.023986257043288363,0.0017603445411483178,0.014128811716076222,0.158480991921665
6,0.2,50,35,oracle_tail,300,0.004977397932391357,0.00041983665486028637,0.0008984599249477906,0.03288645494337137
6,0.2,50,35,tis,300,0.03126434518371884,0.005385572935479843,0.025370188984134453,0.20656847075202606
6,0.2,50,35,tis_anchored,300,0.014358640368457187,0.0012151089863072465,0.012488605923116784,0.09486980666190636
6,0.2,50,35,uniform,300,0.15135100274450858,0.012486079591797143,-0.020492573558612684,1.0
6,0.2,50,36,learned_occupancy,300,7.895534499576555e-08,5.641133665692601e-08,3.5127978508910174e-05,4.62091491554949
6,0.2,50,36,oracle_tail,300,2.7243045561375538e-08,5.589176550918364e-09,1.0653079040781794e-05,1.594417649448635
6,0.2,50,36,tis,300,1.8256660715259027e-05,8.169311688783569e-06,0.000585303555403455,1068.4834042811326
6,0.2,50,36,tis_anchored,300,3.4553577391741284e-08,1.1384969948960542e-08,3.4542425954473545e-05,2.022271464505084
6,0.2,50,36,uniform,300,1.70865178084277e-08,8.196313036433858e-09,7.20918967070272e-05,1.0
6,0.2,50,37,learned_occupancy,300,0.0008500843289640473,0.00026536167564097956,0.009913406384287834,0.07106628464090763
6,0.2,50,37,oracle_tail,300,0.0001098918410937257,1.5325045200840012e-05,0.0032611955852570223,0.009186858988916136
6,0.2,50,37,tis,300,0.006954422500757335,0.0020363210972088636,0.026791312740669558,0.5813834605729518
6,0.2,50,37,tis_anchored,300,0.0007018254741473616,0.00019285364388839767,0.0094772941614112,0.05867197784339554
6,0.2,50,37,uniform,300,0.011961851295019248,0.002568894829278047,0.04510849304905986,1.0
6,0.2,50,38,learned_occupancy,300,2.1429937914281946e-05,2.1191128763834403e-06,-0.000448895626152086,0.17167660175489996
6,0.2,50,38,oracle_tail,300,1.093545755852959e-05,1.1710939066605114e-06,-0.00020883922929552768,0.08760464914982932
6,0.2,50,38,tis,300,3.281512033563083e-05,3.0236860219425642e-06,0.0018889069671106388,0.26288402551295853
6,0.2,50,38,tis_anchored,300,2.113660116641233e-05,2.123713850186431e-06,-0.00017586734464607753,0.16932666232691274
6,0.2,50,38,uniform,300,0.00012482736549548632,2.1076963543199824e-05,0.001231827749497863,1.0
6,0.2,50,39,learned_occupancy,300,0.0,0.0,0.0,0.0
6,0.2,50,39,oracle_tail,300,6.164985577976539e-07,6.154702025232675e-07,4.5332054802963056e-05,1.0
6,0.2,50,39,tis,300,6.693754404973351e-07,5.169681390600313e-07,7.411536662518777e-05,1.0857696778538717
6,0.2,50,39,tis_anchored,300,0.0,0.0,0.0,0.0
6,0.2,50,39,uniform,300,6.164985577976539e-07,6.154702025232675e-07,4.5332054802963056e-05,1.0
6,0.2,50,40,learned_occupancy,300,0.00010615807429647813,1.5873539674375865e-05,-0.001145590932896489,0.19145873986403053
6,0.2,50,40,oracle_tail,300,1.6095610585995112e-05,3.076951618833364e-06,-0.00017367655948827683,0.02902883591812677
6,0.2,50,40,tis,300,0.008226251604483047,0.005840905369163655,-0.005439677124678951,14.836250341167265
6,0.2,50,40,tis_anchored,300,0.00012714757211067893,2.3360016455942735e-05,-0.0003051952483454112,0.22931382369554865
6,0.2,50,40,uniform,300,0.0005544697221545962,0.00012662895822876613,-7.149780953130828e-05,1.0
6,0.2,50,41,learned_occupancy,300,0.00021364385587915402,3.8559546403315966e-05,0.00032873814499445597,0.15743511530109439
6,0.2,50,41,oracle_tail,300,8.085281294336444e-05,8.684054086037229e-06,0.00031401672834995215,0.05958080037347996
6,0.2,50,41,tis,300,0.0022649327375123527,0.0014108457399294606,0.0015233607208083614,1.6690390894329172
6,0.2,50,41,tis_anchored,300,0.000379850908786272,0.00015640352842356104,-0.0006676987974669728,0.27991383780219115
6,0.2,50,41,uniform,300,0.0013570279760684934,0.000633963359400602,0.0013504754246925173,1.0
6,0.2,50,42,learned_occupancy,300,0.0,0.0,0.0,0.0
6,0.2,50,42,oracle_tail,300,0.0,0.0,0.0,0.0
6,0.2,50,42,tis,300,0.0,0.0,0.0,0.0
6,0.2,50,42,tis_anchored,300,0.0,0.0,0.0,0.0
6,0.2,50,42,uniform,300,0.0,0.0,0.0,0.0
6,0.2,50,43,learned_occupancy,300,0.004749074033657487,0.0005447150814117964,0.009847912183083857,0.13673500730162
6,0.2,50,43,oracle_tail,300,0.0010685905620939295,9.582328950515124e-05,0.005016735898576898,0.03076678469841131
6,0.2,50,43,tis,300,0.016335236642729026,0.0031966256184133178,0.02942947869530645,0.4703229905003278
6,0.2,50,43,tis_anchored,300,0.003712434411859545,0.0004196901672548618,0.008548106791662024,0.10688815184071959
6,0.2,50,43,uniform,300,0.03473195436470512,0.004781226051183284,0.064204873545274,1.0
6,0.2,50,44,learned_occupancy,300,0.008860414728502521,0.0007628804705885326,0.007343491051243844,0.11360553562919558
6,0.2,50,44,oracle_tail,300,0.002387521857075736,0.00018503910501229401,0.004565261258534205,0.030612077166882423
6,0.2,50,44,tis,300,0.13650761725967284,0.028545600369172294,0.0019360128265966752,1.7502590399480469
6,0.2,50,44,tis_anchored,300,0.00730554885767944,0.000682617515618252,0.011741996657304157,0.09366951959620053
6,0.2,50,44,uniform,300,0.07799280800385114,0.007404991281188842,0.016834809535333783,1.0
6,0.2,50,45,learned_occupancy,300,0.02891385370719487,0.0052630352471302235,-0.03583195738339713,0.4522792123071522
6,0.2,50,45,oracle_tail,300,0.002306711804045291,0.00018761372295952918,-0.002469691495634338,0.03608228112095646
6,0.2,50,45,tis,300,0.020535740694229136,0.003802935444629318,-0.019036681411506023,0.3212262439793248
6,0.2,50,45,tis_anchored,300,0.021148963178886985,0.003975125910934816,-0.028618719831584934,0.3308184548668369
6,0.2,50,45,uniform,300,0.06392921213358546,0.005453144205547777,0.014888484285600188,1.0
6,0.2,50,46,learned_occupancy,300,0.03077964323901484,0.0035113902255575536,-0.02003096412787184,0.19992331869571206
6,0.2,50,46,oracle_tail,300,0.002837371674959877,0.0002277195514983339,0.0010500010986114817,0.018429608076553715
6,0.2,50,46,tis,300,0.028948094681614953,0.004429445719418644,-0.007327080025782248,0.18802684338232734
6,0.2,50,46,tis_anchored,300,0.020629324710170097,0.0020987057470889256,-0.012945086328733098,0.1339938551750631
6,0.2,50,46,uniform,300,0.15395724440660258,0.01407663420405189,0.015936378935003753,1.0
6,0.2,50,47,learned_occupancy,300,9.972064312163751e-09,3.7170307650332067e-09,3.7217794103409457e-06,0.4661999859904166
6,0.2,50,47,oracle_tail,300,1.043203929165592e-09,1.4142004082180535e-10,2.1439786293712495e-06,0.048770409208945376
6,0.2,50,47,tis,300,2.012270901774843e-08,1.1062689959049021e-08,1.0395239063965001e-05,0.9407487124526981
6,0.2,50,47,tis_anchored,300,5.94697562699763e-09,1.290938374857232e-09,2.2556334441266774e-06,0.2780246764563904
6,0.2,50,47,uniform,300,2.1390099982475633e-08,9.555329163634823e-09,7.345389831658148e-06,1.0
6,0.2,50,48,learned_occupancy,300,0.008396776552246611,0.0010246155316981258,-0.020991050482477562,0.2086072977116938
6,0.2,50,48,oracle_tail,300,0.0007873229615848706,5.7856945064413645e-05,-0.0027198648786283214,0.0195600435977594
6,0.2,50,48,tis,300,0.004222227165282271,0.0004881583622193892,-0.01735818397534474,0.10489589591839019
6,0.2,50,48,tis_anchored,300,0.0050743127839286825,0.0006113792923400403,-0.02118510347653607,0.12606488585385134
6,0.2,50,48,uniform,300,0.04025159543484138,0.004767373059503492,-0.012009458022206917,1.0
6,0.2,50,49,learned_occupancy,300,0.004365053789064279,0.00034037809921614166,-0.0028026843141813244,0.13463746764515322
6,0.2,50,49,oracle_tail,300,0.0005060769399335787,4.6488175891932515e-05,0.0007728601619312474,0.015609639862163446
6,0.2,50,49,tis,300,0.0022384406273921664,0.0003333289285910237,-0.0029908443680557377,0.0690433593971163
6,0.2,50,49,tis_anchored,300,0.0020104684446930593,0.00017240378336415459,-0.0034332605113178987,0.0620116940716987
6,0.2,50,49,uniform,300,0.03242079538044115,0.0029008086818785393,0.004422767598364577,1.0
6,0.2,100,0,learned_occupancy,300,0.006021588348501816,0.0007287045564929627,-0.013757597539294331,0.25837540482092974
6,0.2,100,0,oracle_tail,300,0.0005849426765176832,5.375067239562743e-05,-0.00036318838376018755,0.025098826438359444
6,0.2,100,0,tis,300,0.0046524546365219925,0.001307507565090662,0.0017470698149336557,0.19962836722664068
6,0.2,100,0,tis_anchored,300,0.002475448766872641,0.0004753362768037439,-0.0068485465319498865,0.10621700459037897
6,0.2,100,0,uniform,300,0.023305578766969526,0.0021154928768648182,-0.012920693788952768,1.0
6,0.2,100,1,learned_occupancy,300,0.0008141128827622927,9.583123258597366e-05,-0.004892331929543472,0.19022826632723844
6,0.2,100,1,oracle_tail,300,8.958282744089172e-05,7.3144134357781416e-06,2.2021375704039946e-05,0.020932215074342134
6,0.2,100,1,tis,300,0.003906565487164051,0.0020262975747904676,-0.0026824025020263627,0.9128208085782439
6,0.2,100,1,tis_anchored,300,0.0005729308061696743,7.128149500313277e-05,-0.0027066846106036705,0.13387287720264068
6,0.2,100,1,uniform,300,0.004279663051556294,0.0006456522081772269,-0.0012525625521506518,1.0
6,0.2,100,2,learned_occupancy,300,5.9336970647100555e-08,2.5145151176313468e-08,-1.4697768383567695e-05,0.20239824613028823
6,0.2,100,2,oracle_tail,300,4.361051766352705e-08,1.9439877678734037e-08,-9.463604885335819e-06,0.1487553576071066
6,0.2,100,2,tis,300,4.949207118999825e-06,4.673360249500428e-06,-0.00010135434522980417,16.881732075246227
6,0.2,100,2,tis_anchored,300,1.4899689263610538e-07,8.862827121739407e-08,-2.098453595779611e-05,0.5082279971413433
6,0.2,100,2,uniform,300,2.931693914427699e-07,1.2734794771976831e-07,8.100914326473566e-06,1.0
6,0.2,100,3,learned_occupancy,300,3.28599434169702e-05,5.012382370644011e-06,-8.261624819527006e-05,0.2012601879660429
6,0.2,100,3,oracle_tail,300,4.977246363772751e-06,4.889152232433278e-07,-6.23283312037041e-05,0.030484578929885736
6,0.2,100,3,tis,300,9.746144536860627e-06,9.737549561909278e-07,0.00024936398773210005,0.05969306935628466
6,0.2,100,3,tis_anchored,300,1.3743644488094688e-05,1.4420994081888995e-06,-8.877116226273371e-05,0.08417690919041287
6,0.2,100,3,uniform,300,0.00016327095661122215,3.73177072787589e-05,0.001280534140551457,1.0
6,0.2,100,4,learned_occupancy,300,0.0043023564872650575,0.00033127207121827815,1.698808057366256e-05,0.09701417835865676
6,0.2,100,4,oracle_tail,300,0.0013915116563150138,0.0001153169074213411,-0.00015642380460096917,0.03137730692783893
6,0.2,100,4,tis,300,0.009375787425292978,0.0017112941245773902,0.006250137683460895,0.21141537578826555
6,0.2,100,4,tis_anchored,300,0.0033233903027106906,0.00030114298374300634,-0.000891841784276095,0.07493939206036368
6,0.2,100,4,uniform,300,0.04434770834588169,0.0040670629741715305,-0.007295534124110405,1.0
6,0.2,100,5,learned_occupancy,300,0.00012708284804986703,1.0734404216315053e-05,-7.377918483642886e-05,0.09741029179879492
6,0.2,100,5,oracle_tail,300,3.106769697734963e-05,2.3631222003255884e-06,0.00024121272414952431,0.02381370479588754
6,0.2,100,5,tis,300,0.00014054080602877203,3.4259256370140766e-05,0.002817804870919023,0.10772595306904474
6,0.2,100,5,tis_anchored,300,6.658262072595004e-05,7.2037653423357395e-06,0.0001582001436420673,0.051036254012014726
6,0.2,100,5,uniform,300,0.0013046141809364665,0.00012008964359808635,0.0025300018025023233,1.0
6,0.2,100,6,learned_occupancy,300,0.0,0.0,0.0,0.0
6,0.2,100,6,oracle_tail,300,0.0,0.0,0.0,0.0
6,0.2,100,6,tis,300,0.0,0.0,0.0,0.0
6,0.2,100,6,tis_anchored,300,0.0,0.0,0.0,0.0
6,0.2,100,6,uniform,300,0.0,0.0,0.0,0.0
6,0.2,100,7,learned_occupancy,300,0.0006319761236636396,5.868194631237744e-05,0.0016945405028434128,0.10787331166029061
6,0.2,100,7,oracle_tail,300,0.00012833502818518887,1.107537227179356e-05,-7.698890147285938e-05,0.021905771395441663
6,0.2,100,7,tis,300,0.00045872072526154724,6.456295632842892e-05,0.0005446307916078889,0.07829998936401346
6,0.2,100,7,tis_anchored,300,0.0003587981740952071,4.283341910552139e-05,0.0007585292015633183,0.061244002436262206
6,0.2,100,7,uniform,300,0.005858503034131631,0.0006786603704290053,0.0022904558698449524,1.0
6,0.2,100,8,learned_occupancy,300,0.007762798982610404,0.0006854521516325175,-0.0044858539301409865,0.10844774816737726
6,0.2,100,8,oracle_tail,300,0.0021746718450644893,0.00019186629061274313,-0.0004143085909855963,0.030380570864780247
6,0.2,100,8,tis,300,0.03288207175622766,0.006937388147570187,0.0019380032867947678,0.45936866908820406
6,0.2,100,8,tis_anchored,300,0.004677384740010878,0.0003847705554153015,-0.0010217007542612825,0.06534393631767842
6,0.2,100,8,uniform,300,0.07158100664874453,0.005580410490321446,0.026769980977074278,1.0
6,0.2,100,9,learned_occupancy,300,0.0010950125336403875,9.513310010662184e-05,-0.0023110567023645113,0.07028615982574075
6,0.2,100,9,oracle_tail,300,0.0004950521337921988,3.678685702755019e-05,-0.0015671058298815943,0.0317761781978101
6,0.2,100,9,tis,300,0.05179629925341043,0.015554197602029514,0.012248046496278092,3.3246769839282013
6,0.2,100,9,tis_anchored,300,0.0012032069802078733,0.00010825133496526178,-0.0017462723287399661,0.07723089509595574
6,0.2,100,9,uniform,300,0.015579347859596157,0.0017096554051909119,-0.002991722493952652,1.0
6,0.2,100,10,learned_occupancy,300,0.006421053752227026,0.0004878324552485877,-0.00734629511329973,0.1435058504784045
6,0.2,100,10,oracle_tail,300,0.0012212739597033276,0.00010249207986120319,-0.0012145586306401871,0.02729457889891811
6,0.2,100,10,tis,300,0.00899725659209352,0.004320748854500178,0.0026525981152290693,0.2010820978991177
6,0.2,100,10,tis_anchored,300,0.003892181847820411,0.0003843078612718659,-0.005954662280023101,0.08698741481401753
6,0.2,100,10,uniform,300,0.044744194963628324,0.00417748991284035,0.013172837039693757,1.0
6,0.2,100,11,learned_occupancy,300,0.0,0.0,0.0,0.0
6,0.2,100,11,oracle_tail,300,0.0,0.0,0.0,0.0
6,0.2,100,11,tis,300,0.0,0.0,0.0,0.0
6,0.2,100,11,tis_anchored,300,0.0,0.0,0.0,0.0
6,0.2,100,11,uniform,300,0.0,0.0,0.0,0.0
6,0.2,100,12,learned_occupancy,300,0.003039361028324675,0.0003529794744109077,-0.0066223781607459,0.10536327820456144
6,0.2,100,12,oracle_tail,300,0.0008340913140690768,6.319536796772711e-05,-0.0019797867455140393,0.02891482596284723
6,0.2,100,12,tis,300,0.04636375946753421,0.008800878776504751,0.000297573326267148,1.6072581183551782
6,0.2,100,12,tis_anchored,300,0.002432877549735527,0.0002689192355038656,-0.004032294458444786,0.08433876453687074
6,0.2,100,12,uniform,300,0.02884649263117834,0.0026317128467701566,-0.007656938401849294,1.0
6,0.2,100,13,learned_occupancy,300,0.0008605692525370235,8.442142856342547e-05,-0.0018965956398727106,0.07824270476839383
6,0.2,100,13,oracle_tail,300,0.00038471370515367,3.428387237547025e-05,-0.0006554976903738296,0.034978057563587545
6,0.2,100,13,tis,300,0.04253972739037501,0.018550410218525486,0.0013979144171791388,3.867699573649214
6,0.2,100,13,tis_anchored,300,0.0009601557097838572,9.02522112833655e-05,-0.0011446329522772692,0.08729707633735603
6,0.2,100,13,uniform,300,0.010998715536284103,0.0010995588409692,-0.006320191865133992,1.0
6,0.2,100,14,learned_occupancy,300,0.0002312697809068597,2.3090596414796857e-05,-0.0008061098394789701,0.12719418820232126
6,0.2,100,14,oracle_tail,300,5.936767904365814e-05,4.779812041342872e-06,-0.0008111597985066243,0.032651147555050414
6,0.2,100,14,tis,300,0.0007017473804729402,0.00033463515115134444,0.0010242431379366194,0.38594834150990287
6,0.2,100,14,tis_anchored,300,0.00021019844226934805,3.302368586668449e-05,-0.00023470802284689007,0.11560533382703264
6,0.2,100,14,uniform,300,0.0018182417308170618,0.00027406590128871455,-0.00154901861875,1.0
6,0.2,100,15,learned_occupancy,300,1.0814753655307778e-05,1.9196035551478256e-06,-6.242774577755868e-05,0.05550857963150313
6,0.2,100,15,oracle_tail,300,5.619549020816689e-06,4.5514490827879364e-07,-0.0002188116641686122,0.028843300019325432
6,0.2,100,15,tis,300,0.0001731346274290636,6.411317453828839e-05,0.001238706241064221,0.8886431961305084
6,0.2,100,15,tis_anchored,300,1.2129231165935554e-05,1.3336584777014406e-06,-0.00019909776929507572,0.062255361102266586
6,0.2,100,15,uniform,300,0.0001948303078029043,5.7920373070804204e-05,0.00097693397405412,1.0
6,0.2,100,16,learned_occupancy,300,0.001603975948887203,0.00013228304497948202,0.0027571236755408535,0.10592650250736199
6,0.2,100,16,oracle_tail,300,0.00024248315429868786,1.9435790601218362e-05,0.0014270489094153375,0.01601357705496324
6,0.2,100,16,tis,300,0.031180338873339798,0.015471733828051712,-0.01001220708758979,2.0591482348215
6,0.2,100,16,tis_anchored,300,0.000953660338739549,8.84447518792716e-05,0.002608576377286096,0.06297968765226818
6,0.2,100,16,uniform,300,0.015142347863092386,0.0013942945805531372,-0.012359053406128917,1.0
6,0.2,100,17,learned_occupancy,300,0.00025435096895982424,2.283132664650158e-05,-1.1105960208824447e-05,0.0993945154880976
6,0.2,100,17,oracle_tail,300,3.371380334482966e-05,2.699347397212422e-06,0.00038059229095973663,0.013174579843057909
6,0.2,100,17,tis,300,0.0005729718371445381,0.00010003658819092528,-0.0017125725900325017,0.223904231126802
6,0.2,100,17,tis_anchored,300,0.0001326710066573757,1.614287582703579e-05,7.712220099831857e-05,0.05184478156287634
6,0.2,100,17,uniform,300,0.0025590040628577994,0.00021110108252133967,-0.002772586873885411,1.0
6,0.2,100,18,learned_occupancy,300,1.624728663767573e-05,2.49226889817223e-06,0.00019494685884981452,0.04262918388636987
6,0.2,100,18,oracle_tail,300,3.300243785188999e-06,3.435513571456416e-07,-1.8433405378770473e-05,0.008659088888259881
6,0.2,100,18,tis,300,0.00016502092984056632,9.126973253560091e-05,-0.00025803130994706734,0.43297737770936484
6,0.2,100,18,tis_anchored,300,1.5308020329214e-05,3.0282943407772655e-06,-1.819487164356648e-05,0.04016476277565725
6,0.2,100,18,uniform,300,0.0003811306048218904,0.00016130038438120768,-0.001179970126822732,1.0
6,0.2,100,19,learned_occupancy,300,0.00030089446784297406,2.833134107820834e-05,-0.001185171972322007,0.1484007445479961
6,0.2,100,19,oracle_tail,300,5.4167617218590465e-05,4.391026689489449e-06,0.0001730870604849318,0.026715395544675447
6,0.2,100,19,tis,300,0.00042983231176734556,0.00010406008288384249,0.0033512027614517265,0.2119927147691822
6,0.2,100,19,tis_anchored,300,0.00018604453655767834,2.50873130085223e-05,-0.0007929504779240659,0.09175691378498378
6,0.2,100,19,uniform,300,0.0020275805809428274,0.00018166072902500217,0.0024453176159761427,1.0
6,0.2,100,20,learned_occupancy,300,0.004597116958422967,0.0005330828667311483,0.004997795535055316,0.08811539448418873
6,0.2,100,20,oracle_tail,300,0.0016668411880428923,0.00016451611682099582,0.0006421018096010663,0.03194923473891303
6,0.2,100,20,tis,300,0.045585173644979285,0.009353284940951377,0.03711078869954066,0.8737553546463465
6,0.2,100,20,tis_anchored,300,0.004217701895647417,0.0005327552765346343,0.004147514836894728,0.08084294346062816
6,0.2,100,20,uniform,300,0.05217155282948731,0.005910594672499702,0.044575946032860234,1.0
6,0.2,100,21,learned_occupancy,300,0.007941347569943375,0.0006575763293087287,-0.0012134935905290438,0.21656754806736686
6,0.2,100,21,oracle_tail,300,0.0010524710372646258,8.005495089559187e-05,-0.0009268081308508114,0.028701812878081035
6,0.2,100,21,tis,300,0.006619265150442698,0.000899052146148184,-0.004886242513622846,0.18051319514898992
6,0.2,100,21,tis_anchored,300,0.004583384858500824,0.0004939025860920917,-0.004067896463934524,0.12499294507792162
6,0.2,100,21,uniform,300,0.03666914845188666,0.003001297784641372,-0.003011386982993695,1.0
6,0.2,100,22,learned_occupancy,300,0.0009601641304402553,8.386606426343877e-05,0.0013997390956631507,0.09247822813490983
6,0.2,100,22,oracle_tail,300,0.0005445985319365522,4.30550398843007e-05,-0.0006913127777806875,0.05245301889716785
6,0.2,100,22,tis,300,0.005916160611437563,0.0013128077994323548,0.013402884819404083,0.5698151319779322
6,0.2,100,22,tis_anchored,300,0.0011063876411397506,0.00010462244626670077,-0.0002448866149483697,0.10656174860026507
6,0.2,100,22,uniform,300,0.010382596528985622,0.0010122516113667635,0.004463931311830913,1.0
6,0.2,100,23,learned_occupancy,300,0.0003649911355982846,3.249374551271307e-05,0.0005761957137926377,0.18226837669514448
6,0.2,100,23,oracle_tail,300,0.00010924685498730803,1.0156104124177624e-05,0.0010340167849051428,0.05455542607890137
6,0.2,100,23,tis,300,0.0017776489889828543,0.0009273711982412581,0.00012914596454480638,0.8877179853274014
6,0.2,100,23,tis_anchored,300,0.0003185050226479248,3.0869085719570316e-05,0.0006646415044620512,0.15905425580302865
6,0.2,100,23,uniform,300,0.0020024929294715542,0.00023133458457138016,0.002262183728040997,1.0
6,0.2,100,24,learned_occupancy,300,0.0001162943127508508,9.330396775015674e-06,-0.0005677728923090042,0.12148875945622417
6,0.2,100,24,oracle_tail,300,2.4203276058379927e-05,2.1172863966696658e-06,0.0004059326318996422,0.025284348938100554
6,0.2,100,24,tis,300,6.891324566888605e-05,1.2671967420694398e-05,0.0008801322227259378,0.07199135132559377
6,0.2,100,24,tis_anchored,300,5.811359576177644e-05,5.294388719319299e-06,-0.0006038584726078937,0.06070932008312723
6,0.2,100,24,uniform,300,0.0009572433966020941,7.724004703215887e-05,0.002439868431198316,1.0
6,0.2,100,25,learned_occupancy,300,4.697630779728405e-06,1.4223620200182214e-06,-7.950657154133604e-05,0.07781315523678481
6,0.2,100,25,oracle_tail,300,1.300578157925801e-06,1.1131849638815854e-07,-5.3849741229282284e-05,0.02154321930471152
6,0.2,100,25,tis,300,2.124764903435042e-05,6.058435642175778e-06,0.0002550907786036512,0.3519532909783554
6,0.2,100,25,tis_anchored,300,3.6612517231350136e-06,5.987941208374547e-07,-1.1184112375663228e-05,0.06064621977585942
6,0.2,100,25,uniform,300,6.0370650251021844e-05,2.1959992714446458e-05,0.00040627867067957475,1.0
6,0.2,100,26,learned_occupancy,300,5.362548133540851e-06,1.3680330381549213e-06,0.00019455929609137594,0.12041952190190368
6,0.2,100,26,oracle_tail,300,9.104020340285844e-07,9.493344965395798e-08,3.931860719269616e-05,0.020443672475505555
6,0.2,100,26,tis,300,1.153149317164222e-06,1.2549136412652027e-07,4.8031723348126814e-05,0.02589472131464729
6,0.2,100,26,tis_anchored,300,1.9085172508278664e-06,2.7756694348876474e-07,0.0001024263554290128,0.04285700177659329
6,0.2,100,26,uniform,300,4.453221578067132e-05,4.369140363066013e-05,0.00028103578658079297,1.0
6,0.2,100,27,learned_occupancy,300,0.006183264523901316,0.0007296568602860403,-0.010496569989606389,0.20254456270356833
6,0.2,100,27,oracle_tail,300,0.0004991769262722879,4.1628598272480664e-05,0.0003698515205511477,0.016351487446915756
6,0.2,100,27,tis,300,0.0066923587388009395,0.0011180105194835011,0.002856943162003917,0.21922090975829547
6,0.2,100,27,tis_anchored,300,0.004394181248244707,0.0005117614936657968,-0.008493206087313531,0.14393974508539864
6,0.2,100,27,uniform,300,0.03052792156633086,0.002726474336756794,0.017037008783905138,1.0
6,0.2,100,28,learned_occupancy,300,0.002958373349888532,0.00026101383058034364,-0.004583463683459483,0.15964530783209974
6,0.2,100,28,oracle_tail,300,0.00028443839162112916,2.4204112728979127e-05,0.00031803391210837235,0.015349399558150248
6,0.2,100,28,tis,300,0.003443982203554127,0.0006817546340774774,-0.0004116246736499492,0.18585064629364248
6,0.2,100,28,tis_anchored,300,0.0019648290662340174,0.00017206128553632252,-0.004761466142214014,0.10602980219795642
6,0.2,100,28,uniform,300,0.018530913248010254,0.0015855070008423012,-0.0026667621617078373,1.0
6,0.2,100,29,learned_occupancy,300,0.0,0.0,0.0,0.0
6,0.2,100,29,oracle_tail,300,0.0,0.0,0.0,0.0
6,0.2,100,29,tis,300,0.0,0.0,0.0,0.0
6,0.2,100,29,tis_anchored,300,0.0,0.0,0.0,0.0
6,0.2,100,29,uniform,300,0.0,0.0,0.0,0.0
6,0.2,100,30,learned_occupancy,300,0.0001537101245625124,1.3561990459954195e-05,0.0006716297545964996,0.03640454639329286
6,0.2,100,30,oracle_tail,300,6.090961086864014e-05,4.559479692267172e-06,-0.0003876722319309008,0.014425769030998578
6,0.2,100,30,tis,300,0.00019233252826634918,8.711369628283155e-05,3.178558680688207e-05,0.045551836407263235
6,0.2,100,30,tis_anchored,300,0.00010597605186777423,9.081494832095392e-06,-7.637028539198602e-05,0.025099258150879857
6,0.2,100,30,uniform,300,0.004222278253433527,0.0004117122776100817,0.011947806853481202,1.0
6,0.2,100,31,learned_occupancy,300,0.00012115985778490835,1.0459701616134082e-05,-0.0007893014316009521,0.08389379491960439
6,0.2,100,31,oracle_tail,300,3.83853620032011e-05,2.89751551703355e-06,0.0004541661636554191,0.026578883028471556
6,0.2,100,31,tis,300,0.0012988313807911862,0.0005576241643341791,0.000805158737535742,0.8993398926621626
6,0.2,100,31,tis_anchored,300,9.579547052775433e-05,9.323325244864273e-06,-0.0010990603057435273,0.06633092598168658
6,0.2,100,31,uniform,300,0.0014442052347377553,0.00017082417285088058,-0.0017247628273977921,1.0
6,0.2,100,32,learned_occupancy,300,3.210730858818669e-07,3.278075079190841e-08,3.499553261298545e-05,0.013046259535398312
6,0.2,100,32,oracle_tail,300,2.6224510685241525e-07,2.9722354078055916e-08,2.3142415099443408e-05,0.010655884520771337
6,0.2,100,32,tis,300,2.523951606879606e-05,1.1603562458671947e-05,-0.00019452955464913658,1.0255648687493
6,0.2,100,32,tis_anchored,300,5.148960721048514e-07,1.0896596821656187e-07,2.5213023078724344e-05,0.02092192739228422
6,0.2,100,32,uniform,300,2.461035555905521e-05,2.0636535048364308e-05,-1.8610168071783544e-05,1.0
6,0.2,100,33,learned_occupancy,300,0.0010878941291268917,0.00011403346662458963,-0.004569868179461333,0.22936610350240516
6,0.2,100,33,oracle_tail,300,8.095019082362879e-05,7.202902836477054e-06,-1.501639124495006e-05,0.01706712937397074
6,0.2,100,33,tis,300,0.003255262803756488,0.00045160807603264116,0.007482960050203056,0.686323168021115
6,0.2,100,33,tis_anchored,300,0.0009121446305311382,0.00013668298269205512,-0.002657002089829836,0.19231196688548852
6,0.2,100,33,uniform,300,0.004743046651248029,0.0003868863067999608,0.004829735092622269,1.0
6,0.2,100,34,learned_occupancy,300,1.5410406914495588e-05,2.689026451341142e-06,-0.0002587516883606211,0.23796117039667217
6,0.2,100,34,oracle_tail,300,2.6763720703873317e-06,2.747422790998794e-07,-6.057818473088616e-05,0.0413274376088842
6,0.2,100,34,tis,300,3.497531132583656e-05,2.4472310766877535e-05,0.0006141318694830699,0.5400743837760283
6,0.2,100,34,tis_anchored,300,9.137475337048948e-06,1.6846437386402574e-06,-2.7931856746891507e-05,0.1410971389489792
6,0.2,100,34,uniform,300,6.476017448059711e-05,2.120800358023478e-05,0.0002571499286731497,1.0
6,0.2,100,35,learned_occupancy,300,0.0106835285663455,0.0009695555714529728,0.002727639487916859,0.13721498504940408
6,0.2,100,35,oracle_tail,300,0.0025272382719627815,0.00021061389615189272,-0.00015846584598719164,0.03245884162242435
6,0.2,100,35,tis,300,0.01796385345061091,0.003200864919371717,0.018246159283761474,0.23072057769565457
6,0.2,100,35,tis_anchored,300,0.006069034910831778,0.00047530174943204205,0.0008911015654183678,0.0779482667531216
6,0.2,100,35,uniform,300,0.07785978012896266,0.005735346255891635,0.0017226560676014268,1.0
6,0.2,100,36,learned_occupancy,300,5.710312341763192e-08,2.3124103681211635e-08,2.4517728791694598e-05,1.8520949036831735
6,0.2,100,36,oracle_tail,300,1.330298714701459e-08,2.121245635811082e-09,1.1492598424616141e-05,0.43147192700042053
6,0.2,100,36,tis,300,1.09624199416423e-06,1.060140404327258e-06,9.074208905348306e-05,35.55574702535682
6,0.2,100,36,tis_anchored,300,8.101888538173189e-08,4.970766095250101e-08,1.4360400400684388e-05,2.6277838362737254
6,0.2,100,36,uniform,300,3.0831640054769136e-08,1.2538439477836803e-08,5.51960381902535e-05,1.0
6,0.2,100,37,learned_occupancy,300,0.0002583706439513079,3.827961657247909e-05,0.005894346429700505,0.056447868440093314
6,0.2,100,37,oracle_tail,300,6.108137706030702e-05,8.10315347831912e-06,0.0021479215354012118,0.013344834706104352
6,0.2,100,37,tis,300,0.0032497586920923745,0.0009792175710730791,0.01960216041982926,0.7099953319304001
6,0.2,100,37,tis_anchored,300,0.0003060298580082542,5.058971669556669e-05,0.006656684272697485,0.06686027831724543
6,0.2,100,37,uniform,300,0.004577155012071184,0.0010874010986806452,0.029372816142889818,1.0
6,0.2,100,38,learned_occupancy,300,7.276510973167812e-06,6.335506954495449e-07,-2.8303644576916178e-05,0.061784689229240505
6,0.2,100,38,oracle_tail,300,5.126838071776689e-06,4.259097793333676e-07,-3.0340530515665284e-05,0.04353186550002007
6,0.2,100,38,tis,300,0.00010814613525210119,5.2196489738298356e-05,0.00022022054844447414,0.9182663755381637
6,0.2,100,38,tis_anchored,300,8.676133706437323e-06,7.823746339211897e-07,0.00018151842223161464,0.07366885403461428
6,0.2,100,38,uniform,300,0.00011777207369563165,2.4129917484374324e-05,0.00016587112363405893,1.0
6,0.2,100,39,learned_occupancy,300,0.0,0.0,0.0,0.0
6,0.2,100,39,oracle_tail,300,0.0,0.0,0.0,0.0
6,0.2,100,39,tis,300,0.0,0.0,0.0,0.0
6,0.2,100,39,tis_anchored,300,0.0,0.0,0.0,0.0
6,0.2,100,39,uniform,300,0.0,0.0,0.0,0.0
6,0.2,100,40,learned_occupancy,300,3.819787909403728e-05,6.806992771495739e-06,-0.0006606778052720037,0.06884027817367094
6,0.2,100,40,oracle_tail,300,7.353588571238178e-06,1.1345288059278762e-06,-7.871728340364351e-06,0.013252648964423408
6,0.2,100,40,tis,300,0.0003611029453311189,0.00010100143733687114,-0.0006385374848408635,0.6507802997315246
6,0.2,100,40,tis_anchored,300,4.731644449022869e-05,6.497829907596773e-06,-0.0007839878403130903,0.08527377116612914
6,0.2,100,40,uniform,300,0.000554876884687643,0.00019473801309728505,-0.0023577239426404526,1.0
6,0.2,100,41,learned_occupancy,300,0.00010142411544631566,1.2841320158587571e-05,-0.0009561144677180758,0.10100893746974096
6,0.2,100,41,oracle_tail,300,4.233389965123148e-05,4.8208349529573076e-06,-0.00033413258329241025,0.04216060651753866
6,0.2,100,41,tis,300,0.0042454239728486175,0.0023940256597982973,-0.0029028699669186777,4.228045398463299
6,0.2,100,41,tis_anchored,300,9.163518082890534e-05,1.193886700225234e-05,-0.0011219147586327442,0.09126007369790218
6,0.2,100,41,uniform,300,0.0010041103093149462,0.00020779349477264132,-0.0020844429572081293,1.0
6,0.2,100,42,learned_occupancy,300,0.0,0.0,0.0,0.0
6,0.2,100,42,oracle_tail,300,0.0,0.0,0.0,0.0
6,0.2,100,42,tis,300,0.0,0.0,0.0,0.0
6,0.2,100,42,tis_anchored,300,0.0,0.0,0.0,0.0
6,0.2,100,42,uniform,300,0.0,0.0,0.0,0.0
6,0.2,100,43,learned_occupancy,300,0.0015921154444543135,0.00012444136287891565,0.005315223979480261,0.10997207904601143
6,0.2,100,43,oracle_tail,300,0.0005365345245540584,4.651233473367103e-05,0.005209388596099573,0.037060011791667666
6,0.2,100,43,tis,300,0.00588383724636887,0.0010220528903591905,0.01878737903549099,0.4064138797254857
6,0.2,100,43,tis_anchored,300,0.0013589688992361102,0.00011783747316819811,0.004361079307369193,0.09386796398993989
6,0.2,100,43,uniform,300,0.014477451533749628,0.0014274103910448693,0.03348535353633071,1.0
6,0.2,100,44,learned_occupancy,300,0.004462223442943068,0.00034703151150735186,0.0019044897895099976,0.09423692595955868
6,0.2,100,44,oracle_tail,300,0.0010345052266110294,7.366565056405362e-05,-0.00033260228590702655,0.02184753715081136
6,0.2,100,44,tis,300,0.057288191721053906,0.01693583624642827,0.008829243003641284,1.2098594233580695
6,0.2,100,44,tis_anchored,300,0.003469031906906781,0.0003369138034752571,0.0009192577492162994,0.07326188550228813
6,0.2,100,44,uniform,300,0.04735111419973535,0.0038801596322009238,-0.009531880150689155,1.0
6,0.2,100,45,learned_occupancy,300,0.00778854677239424,0.001190591018136096,-0.003233088959190812,0.2499510149632679
6,0.2,100,45,oracle_tail,300,0.0012185564622731416,9.75857678205274e-05,0.0027868654432575083,0.0391060660526266
6,0.2,100,45,tis,300,0.005217631760466849,0.0010048848705170221,-0.001015695867347867,0.1674448895724315
6,0.2,100,45,tis_anchored,300,0.005093820834368701,0.0011604863448895241,-0.002393857949149208,0.16347153388155194
6,0.2,100,45,uniform,300,0.031160292641895543,0.002702063811457085,0.011831327380664175,1.0
6,0.2,100,46,learned_occupancy,300,0.014210210646839689,0.0013411704542470727,-0.007521137901081076,0.17030455865909766
6,0.2,100,46,oracle_tail,300,0.0013340856215630981,0.00013197376339904143,-0.0011753334603170939,0.015988564043157252
6,0.2,100,46,tis,300,0.009602665534256717,0.0014672193069935622,-0.007563574659904093,0.11508469201518993
6,0.2,100,46,tis_anchored,300,0.009390382102268204,0.0010232505491012762,-0.010521361680393792,0.11254054702719972
6,0.2,100,46,uniform,300,0.08343998985537772,0.007212354099699551,0.01004953540659062,1.0
6,0.2,100,47,learned_occupancy,300,5.510941600676135e-09,1.7082031211406078e-09,-1.5690253920030984e-06,0.4052029478020319
6,0.2,100,47,oracle_tail,300,3.671767464477735e-09,3.193615923031963e-09,-3.1986327088429077e-06,0.2699740095353999
6,0.2,100,47,tis,300,1.7306684036516255e-08,8.78818402460306e-09,-3.886858359294365e-06,1.272508383579018
6,0.2,100,47,tis_anchored,300,3.786328068313485e-09,1.5153743253003177e-09,-7.408676650566548e-07,0.2783973059046685
6,0.2,100,47,uniform,300,1.3600447949773034e-08,4.185444943022993e-09,-3.7075337220674833e-06,1.0
6,0.2,100,48,learned_occupancy,300,0.0031516330685792612,0.0003085300615690377,-0.005130003598186149,0.146352014330296
6,0.2,100,48,oracle_tail,300,0.00035739901805435364,2.752900260063843e-05,-0.0027586880832042985,0.016596496189038835
6,0.2,100,48,tis,300,0.0018068830663392854,0.00019564682273272855,-0.008246123771786101,0.08390601655200451
6,0.2,100,48,tis_anchored,300,0.0019190171175763918,0.00017741415723638253,-0.0092570156952742,0.08911317230791399
6,0.2,100,48,uniform,300,0.02153460670152764,0.00195774503881781,0.00617428949741709,1.0
6,0.2,100,49,learned_occupancy,300,0.002068008084685481,0.00018714992051132567,-0.006717587723883056,0.13503492765858285
6,0.2,100,49,oracle_tail,300,0.0002871144419740212,3.1746067508832025e-05,-0.0008701288012634671,0.018747740005858275
6,0.2,100,49,tis,300,0.0025130706174818097,0.00043565964288496355,-0.0023308493098864085,0.16409621971288263
6,0.2,100,49,tis_anchored,300,0.001070574284790295,0.00010748218596253903,-0.0029338385864416416,0.06990539455351459
6,0.2,100,49,uniform,300,0.015314616155563497,0.0011805736076967084,-0.0055293485928648006,1.0
6,0.2,200,0,learned_occupancy,300,0.0020242962948671785,0.0001970562322754178,-0.0029243959089347155,0.14789551083098576
6,0.2,200,0,oracle_tail,300,0.0002771055220666961,2.373924058201441e-05,0.0011140711103768079,0.020245387418856113
6,0.2,200,0,tis,300,0.0012619917885776395,0.00027270820337503695,0.0014013445318889698,0.0922013841103462
6,0.2,200,0,tis_anchored,300,0.0010682989756878331,0.00016737992794494948,-0.00022892822976041375,0.07805014667575512
6,0.2,200,0,uniform,300,0.01368734103890776,0.0011439366638693218,-0.007175758256169196,1.0
6,0.2,200,1,learned_occupancy,300,0.00034792463328207196,4.0643326138422824e-05,-0.0025106615773167387,0.1448304773525497
6,0.2,200,1,oracle_tail,300,4.34874720147708e-05,3.3909316078445905e-06,-0.0007185603068768771,0.01810251625859641
6,0.2,200,1,tis,300,0.0007708268079541713,0.00018464693338439542,-0.001193819051551291,0.32087183220981036
6,0.2,200,1,tis_anchored,300,0.0002667567176162354,3.34889633133274e-05,-0.0031304213335625075,0.1110427347006403
6,0.2,200,1,uniform,300,0.0024022887975101107,0.0002143767541609212,-0.0002825544659757077,1.0
6,0.2,200,2,learned_occupancy,300,1.684021852095441e-08,4.2922012232732345e-09,-6.112434592512687e-06,0.004633033811553859
6,0.2,200,2,oracle_tail,300,1.550318929345652e-08,4.369684724899519e-09,-4.178716243024756e-06,0.004265194070619049
6,0.2,200,2,tis,300,1.0810631133934044e-07,6.303111066055154e-08,3.363149844249532e-05,0.029741905964837004
6,0.2,200,2,tis_anchored,300,3.8682532704570125e-08,1.5137344009130822e-08,-9.20882468446275e-06,0.010642230189222881
6,0.2,200,2,uniform,300,3.6348145094383462e-06,3.557718849771686e-06,-5.87220285563624e-05,1.0
6,0.2,200,3,learned_occupancy,300,1.3566896748404576e-05,1.2268402709432218e-06,-0.0002566312873639583,0.08546107637775273
6,0.2,200,3,oracle_tail,300,2.971070628271533e-06,6.034200951193691e-07,-0.00010072091905886686,0.018715473302048265
6,0.2,200,3,tis,300,5.743278183341988e-06,9.821186717061944e-07,-4.368630233142342e-05,0.03617826129199297
6,0.2,200,3,tis_anchored,300,6.554842466903327e-06,6.998193444839968e-07,-0.00017986159972641118,0.04129049576308143
6,0.2,200,3,uniform,300,0.00015874942515861312,2.804491905378814e-05,-0.0008589090100979864,1.0
6,0.2,200,4,learned_occupancy,300,0.0023137664348896,0.0001839190411991287,0.0013001029740025668,0.11575599759679212
6,0.2,200,4,oracle_tail,300,0.0006933591162561238,5.14682591941809e-05,0.0010019787682366962,0.034688236022789115
6,0.2,200,4,tis,300,0.003995188990794176,0.0007895290240744988,0.004317374212015235,0.1998763056821538
6,0.2,200,4,tis_anchored,300,0.0013592107393177089,0.0001200189574467115,0.000972457640089545,0.068000292813264
6,0.2,200,4,uniform,300,0.01998830715406249,0.0017062943708730477,0.002084574329925094,1.0
6,0.2,200,5,learned_occupancy,300,6.249581443254086e-05,5.20061553287182e-06,-2.1644915731019823e-05,0.08979669034747788
6,0.2,200,5,oracle_tail,300,1.4745300256720778e-05,1.2206011642031691e-06,-0.0001334697768618979,0.021186685432551283
6,0.2,200,5,tis,300,4.70003931653514e-05,8.263151521865205e-06,0.0020323345212395353,0.06753219858962618
6,0.2,200,5,tis_anchored,300,2.523647689733544e-05,2.2557860956195205e-06,-3.4808874729272966e-05,0.036260861979124
6,0.2,200,5,uniform,300,0.0006959701319804398,5.8513185327609006e-05,0.0032537928158180647,1.0
6,0.2,200,6,learned_occupancy,300,0.0,0.0,0.0,0.0
6,0.2,200,6,oracle_tail,300,0.0,0.0,0.0,0.0
6,0.2,200,6,tis,300,0.0,0.0,0.0,0.0
6,0.2,200,6,tis_anchored,300,0.0,0.0,0.0,0.0
6,0.2,200,6,uniform,300,0.0,0.0,0.0,0.0
6,0.2,200,7,learned_occupancy,300,0.0002986099826130404,3.172275083257882e-05,0.0006208515556908282,0.14366227214844857
6,0.2,200,7,oracle_tail,300,5.3748059820835617e-05,4.617655952702574e-06,-0.00014341281277641265,0.02585837328632823
6,0.2,200,7,tis,300,0.00022236976006275274,3.740290096550337e-05,-0.00042265276368886885,0.10698284333353461
6,0.2,200,7,tis_anchored,300,0.0001753484709042727,1.885055572788012e-05,-0.0002659242115718019,0.0843607421541166
6,0.2,200,7,uniform,300,0.002078555337788907,0.00016173716716426053,0.0015219429999685124,1.0
6,0.2,200,8,learned_occupancy,300,0.0036340685324995985,0.0003961882381122972,-0.0002579775402894757,0.08942903223788447
6,0.2,200,8,oracle_tail,300,0.0010289172928477125,7.730214479337022e-05,0.0004025338765007103,0.025320127270386048
6,0.2,200,8,tis,300,0.019793121688142498,0.00388989135109558,-0.0058135944845700725,0.48707934418610505
6,0.2,200,8,tis_anchored,300,0.002219584948378178,0.00027569056277065737,-0.00311909448625958,0.054620690867022655
6,0.2,200,8,uniform,300,0.040636339693723225,0.0033312450744545025,-0.002686253402243534,1.0
6,0.2,200,9,learned_occupancy,300,0.000542789463631688,4.182629133748243e-05,0.0010582857761024063,0.07431239670108414
6,0.2,200,9,oracle_tail,300,0.00026552407640383676,2.0148957598773647e-05,-0.00010096506656096664,0.03635245674702326
6,0.2,200,9,tis,300,0.04140793903003997,0.008801989904083048,-0.004765694663439093,5.669091605401224
6,0.2,200,9,tis_anchored,300,0.0005116552768171371,3.879862230242748e-05,0.0009663624737319794,0.0700498673106859
6,0.2,200,9,uniform,300,0.007304157687377741,0.0006708277477923467,0.0012081106081086872,1.0
6,0.2,200,10,learned_occupancy,300,0.0025280839459281604,0.00019756516317774394,0.003074309038519556,0.12811654783782148
6,0.2,200,10,oracle_tail,300,0.000625028341112406,4.8909368461924284e-05,0.0007746117967074524,0.031674768352964046
6,0.2,200,10,tis,300,0.0044490122956664085,0.002625921345953609,0.005831917413229878,0.22546407033945803
6,0.2,200,10,tis_anchored,300,0.001324569993837281,0.00012131617529265346,0.0017561316869108624,0.06712567248936567
6,0.2,200,10,uniform,300,0.019732688622927763,0.001616911504660501,0.006866261911980254,1.0
6,0.2,200,11,learned_occupancy,300,0.0,0.0,0.0,0.0
6,0.2,200,11,oracle_tail,300,0.0,0.0,0.0,0.0
6,0.2,200,11,tis,300,0.0,0.0,0.0,0.0
6,0.2,200,11,tis_anchored,300,0.0,0.0,0.0,0.0
6,0.2,200,11,uniform,300,0.0,0.0,0.0,0.0
6,0.2,200,12,learned_occupancy,300,0.0015753393286427031,0.00020617519456101645,-0.0036997595621823735,0.12401904742177738
6,0.2,200,12,oracle_tail,300,0.00038065592855486996,3.0481977955400267e-05,-9.232995109708468e-05,0.029967248831083
6,0.2,200,12,tis,300,0.019244724229265518,0.003958375532698497,0.002148746892423321,1.5150465194471316
6,0.2,200,12,tis_anchored,300,0.001122570432815693,0.00013519739850407695,-0.003222674547361235,0.08837468424127091
6,0.2,200,12,uniform,300,0.012702398231500028,0.001099120953379243,-0.0003683542804572015,1.0
6,0.2,200,13,learned_occupancy,300,0.0003476404567550065,2.835395516191118e-05,-0.0009785598638943475,0.05163651299915511
6,0.2,200,13,oracle_tail,300,0.00018047633171949172,1.4366490456754385e-05,0.00020092254500343612,0.026806915788402854
6,0.2,200,13,tis,300,0.023326154439491677,0.010700190555538032,0.014629183914751695,3.464732753426189
6,0.2,200,13,tis_anchored,300,0.00033362732226817045,2.8385793618874397e-05,0.0005201047359124989,0.0495550826390565
6,0.2,200,13,uniform,300,0.00673245416011524,0.0006939029861861905,-0.0030016074483860383,1.0
6,0.2,200,14,learned_occupancy,300,0.0001131741933891718,1.274830657235231e-05,-0.0006169179208769382,0.13173145576196502
6,0.2,200,14,oracle_tail,300,3.204694778232143e-05,2.737338780903051e-06,-0.00027794743796657697,0.037301711261825424
6,0.2,200,14,tis,300,0.0007343419980320548,0.00027844634470555193,-0.0013179588087378921,0.8547526386626588
6,0.2,200,14,tis_anchored,300,0.00011024094838844346,1.5217569130683201e-05,-0.001081482367575551,0.1283172442488886
6,0.2,200,14,uniform,300,0.0008591280855020256,0.000130849643926748,-0.0005220009209953602,1.0
6,0.2,200,15,learned_occupancy,300,4.7956049939874965e-06,4.520765608901276e-07,0.00014974226201511787,0.041580550705114516
6,0.2,200,15,oracle_tail,300,3.4418332434519236e-06,3.101046854274881e-07,5.556871305800441e-05,0.02984260002175538
6,0.2,200,15,tis,300,0.0007759378001181006,0.000732662725401167,-0.0007107201828176338,6.727810376850612
6,0.2,200,15,tis_anchored,300,5.417609152175698e-06,4.959218185805636e-07,4.8951389324547454e-05,0.04697367117078313
6,0.2,200,15,uniform,300,0.0001153328879166967,2.3129098737766977e-05,0.00031161114424722874,1.0
6,0.2,200,16,learned_occupancy,300,0.0008456569721420372,6.773283413668557e-05,0.0011477793837227099,0.09291610385372215
6,0.2,200,16,oracle_tail,300,0.00012543682785595096,1.0728666824870674e-05,-0.0002644352600029235,0.013782303827783502
6,0.2,200,16,tis,300,0.0036847487962034238,0.0016571956094144054,0.004954073397498837,0.40485978724410004
6,0.2,200,16,tis_anchored,300,0.000569381577751055,6.990761561149763e-05,0.0018459990655219595,0.06256049385687236
6,0.2,200,16,uniform,300,0.00910129608397437,0.0009305878868483626,-0.002248180561849611,1.0
6,0.2,200,17,learned_occupancy,300,0.00010550732590069142,9.126212608733606e-06,0.000506258139882744,0.09241174354756408
6,0.2,200,17,oracle_tail,300,1.3914951103144224e-05,1.1775682595626818e-06,3.227077807306689e-05,0.012187825649481569
6,0.2,200,17,tis,300,0.00022084219349905967,5.8098542722439125e-05,0.00028532778534979376,0.19343123310059063
6,0.2,200,17,tis_anchored,300,6.05326735899888e-05,8.028720010487787e-06,0.0001910737026775792,0.05301935064975229
6,0.2,200,17,uniform,300,0.0011417090712760665,9.679309929019726e-05,0.00264115096810457,1.0
6,0.2,200,18,learned_occupancy,300,7.674548732222236e-06,9.210095843692215e-07,0.00011716339066055366,0.1420563815409467
6,0.2,200,18,oracle_tail,300,1.7321413849717394e-06,1.34447166194941e-07,-1.4686475858275057e-05,0.03206204638890342
6,0.2,200,18,tis,300,3.794293618046419e-05,1.864687746336234e-05,0.00012223949329750756,0.7023261441034694
6,0.2,200,18,tis_anchored,300,9.02441127947496e-06,1.76428222034633e-06,-9.161140038934424e-05,0.16704242250974805
6,0.2,200,18,uniform,300,5.402466717069027e-05,1.7380701115768832e-05,0.0006105209379462773,1.0
6,0.2,200,19,learned_occupancy,300,0.00013668705210336782,1.3207917849048226e-05,5.1916977953460436e-05,0.13401852590884242
6,0.2,200,19,oracle_tail,300,2.4572674167865388e-05,2.088952251070687e-06,-0.00027649833060766404,0.024092944568920655
6,0.2,200,19,tis,300,0.0012044816628163863,0.0005648562568229025,-0.001627477731283542,1.180966700582653
6,0.2,200,19,tis_anchored,300,7.993409236019805e-05,1.0476866582270595e-05,-0.0002473459104403212,0.07837354791932817
6,0.2,200,19,uniform,300,0.0010199116217435528,8.672586071544192e-05,-0.0025817517586601986,1.0
6,0.2,200,20,learned_occupancy,300,0.00201220247486823,0.0002053718264053997,-0.0022633130928209635,0.0861973780139131
6,0.2,200,20,oracle_tail,300,0.0006062561596876407,5.084332990990772e-05,-0.002004428952540769,0.025970394143999324
6,0.2,200,20,tis,300,0.011583129855813166,0.004226237400037298,0.003169715129686635,0.49619033632843196
6,0.2,200,20,tis_anchored,300,0.0015513325828009372,0.00017415835615591967,-0.0018767307532168997,0.06645494314569377
6,0.2,200,20,uniform,300,0.023344126251072753,0.0024491585860122018,0.020722052976905055,1.0
6,0.2,200,21,learned_occupancy,300,0.0029834565752861007,0.00027299628557525156,-0.003241913175134372,0.14636506483664236
6,0.2,200,21,oracle_tail,300,0.0005736415058706313,4.75931325044348e-05,-0.001085732145166746,0.02814221493795082
6,0.2,200,21,tis,300,0.00198448592557829,0.00032360690536422873,-0.0028940203153864823,0.09735667466077223
6,0.2,200,21,tis_anchored,300,0.001200674045738929,9.133830801031024e-05,0.00023925765916015548,0.0589037346841221
6,0.2,200,21,uniform,300,0.02038366586053802,0.001567827321263514,0.015231043322541264,1.0
6,0.2,200,22,learned_occupancy,300,0.00045579475491530603,4.1184843871692296e-05,-0.0022832668105472703,0.09198745730226353
6,0.2,200,22,oracle_tail,300,0.00027859014311703575,2.4686949334028113e-05,-0.0014912121984575054,0.056224426934381205
6,0.2,200,22,tis,300,0.004822144290775243,0.0024319868832943306,0.0041612171141453035,0.9731941565134183
6,0.2,200,22,tis_anchored,300,0.00045598430393065787,3.8556961833951686e-05,-8.46205503499912e-05,0.09202571165198636
6,0.2,200,22,uniform,300,0.004954966343048275,0.0004922117687157381,0.001586187657594283,1.0
6,0.2,200,23,learned_occupancy,300,0.00015859677342602312,1.3084624826835136e-05,-0.00046112543866590953,0.15062405836973264
6,0.2,200,23,oracle_tail,300,5.292838241234713e-05,4.408746434099333e-06,-0.0006775179949565091,0.050267654187880116
6,0.2,200,23,tis,300,0.0005904755066240694,0.0001571265591628452,-0.00045445148170270233,0.5607920971805075
6,0.2,200,23,tis_anchored,300,0.00013259448377013076,1.1375465792923424e-05,-0.0012842669126808411,0.12592891287421162
6,0.2,200,23,uniform,300,0.00105293121923936,9.714045926504899e-05,0.0024772717026253855,1.0
6,0.2,200,24,learned_occupancy,300,5.23891169593519e-05,4.8067887860335044e-06,-0.0002064153460970782,0.10267785213602428
6,0.2,200,24,oracle_tail,300,1.2281351353176144e-05,1.0073296590192156e-06,0.0002892507697266241,0.024070319399549994
6,0.2,200,24,tis,300,0.0002612788468361401,0.00022441974717250925,0.0006380665348108275,0.5120825155829083
6,0.2,200,24,tis_anchored,300,2.7617854421158936e-05,2.1161203208707943e-06,-0.00022074720219712241,0.05412845524329452
6,0.2,200,24,uniform,300,0.0005102280177223469,3.919044084245621e-05,0.00037996092989108556,1.0
6,0.2,200,25,learned_occupancy,300,3.5776442579519386e-06,1.6845225057576953e-06,-7.733728885037058e-05,0.17561941267750283
6,0.2,200,25,oracle_tail,300,7.363878845018279e-07,7.286029221621878e-08,-1.6797259434901217e-05,0.03614781080919229
6,0.2,200,25,tis,300,2.4746204873085995e-05,1.2648858774796207e-05,-0.00031606750450131096,1.2147417832695269
6,0.2,200,25,tis_anchored,300,2.3323656781776267e-06,7.56674896639407e-07,-3.303796901171404e-05,0.1144911738053032
6,0.2,200,25,uniform,300,2.0371576259178784e-05,2.053596125075128e-06,-0.00014243369461875913,1.0
6,0.2,200,26,learned_occupancy,300,3.5920182766248696e-06,5.928837925942643e-07,-6.447127831636331e-05,0.07138499758673887
6,0.2,200,26,oracle_tail,300,4.4267831534182366e-07,3.478251556998796e-08,-6.867604060130835e-07,0.008797447016909458
6,0.2,200,26,tis,300,5.761729702622665e-07,5.7185239156122485e-08,-2.8542233392458984e-05,0.011450416708448017
6,0.2,200,26,tis_anchored,300,1.0357973907260912e-06,1.356479365799998e-07,-1.0971502626135888e-05,0.020584637533305725
6,0.2,200,26,uniform,300,5.0318952133608476e-05,2.2233196378114567e-05,-0.0002225841842630357,1.0
6,0.2,200,27,learned_occupancy,300,0.0028564823879611897,0.00025283672405588506,0.00023041889972651072,0.17692046173170456
6,0.2,200,27,oracle_tail,300,0.0002658111284686259,2.226478392003079e-05,-0.00046379699091125083,0.016463405403896257
6,0.2,200,27,tis,300,0.0031231181973795084,0.00096510118521839,-0.0024241392482935767,0.19343494497000857
6,0.2,200,27,tis_anchored,300,0.002085854430763168,0.0002388655997752065,-0.0017055879080833576,0.12919047936407418
6,0.2,200,27,uniform,300,0.016145573892368502,0.0012337222173814688,0.003164921917625619,1.0
6,0.2,200,28,learned_occupancy,300,0.0016064315072221327,0.00019684896168028113,-0.0034793018241451625,0.16594687353372506
6,0.2,200,28,oracle_tail,300,0.00014187821809443497,1.1844781639060904e-05,0.0008462240202464377,0.014656240623679345
6,0.2,200,28,tis,300,0.0007858731437806243,8.264592770031605e-05,-0.0052812682338348885,0.08118191819458695
6,0.2,200,28,tis_anchored,300,0.0008273336100374633,9.140947260389874e-05,-0.004468456641363357,0.08546484885153749
6,0.2,200,28,uniform,300,0.009680396340191735,0.0008476379083241667,-0.0028550944121110374,1.0
6,0.2,200,29,learned_occupancy,300,0.0,0.0,0.0,0.0
6,0.2,200,29,oracle_tail,300,0.0,0.0,0.0,0.0
6,0.2,200,29,tis,300,0.0,0.0,0.0,0.0
6,0.2,200,29,tis_anchored,300,0.0,0.0,0.0,0.0
6,0.2,200,29,uniform,300,0.0,0.0,0.0,0.0
6,0.2,200,30,learned_occupancy,300,5.755315586356878e-05,4.9631609272337595e-06,-0.0003258424456931608,0.03434561658773368
6,0.2,200,30,oracle_tail,300,2.696123565787134e-05,1.9815607561002986e-06,0.00022341924707426132,0.016089478478502374
6,0.2,200,30,tis,300,3.645174850531195e-05,3.0435878601983632e-06,0.00033243082339564636,0.021753069129410316
6,0.2,200,30,tis_anchored,300,4.108771302477637e-05,3.467009263304136e-06,6.680862091189196e-05,0.02451964304722134
6,0.2,200,30,uniform,300,0.0016757060021488604,0.0002158405533691218,0.003361306321402752,1.0
6,0.2,200,31,learned_occupancy,300,7.841840687588508e-05,7.051124797869879e-06,-0.0012204563649704065,0.12549093842959116
6,0.2,200,31,oracle_tail,300,1.8388591170457585e-05,1.4284484016154553e-06,-0.00021729939672457437,0.029426784530717637
6,0.2,200,31,tis,300,0.0023111017439346377,0.0016568507520555071,-0.002432353345763317,3.6983960552992174
6,0.2,200,31,tis_anchored,300,4.460817408969726e-05,3.71656787564051e-06,-0.0008297303560577992,0.07138530162958633
6,0.2,200,31,uniform,300,0.0006248929831685262,6.479496318359337e-05,-0.00019677641711056756,1.0
6,0.2,200,32,learned_occupancy,300,2.252229104156001e-07,2.8192470150379615e-08,-2.4625610054929877e-05,0.0980069039863134
6,0.2,200,32,oracle_tail,300,1.5924389208527803e-07,2.147327144575596e-08,-1.537815521585865e-05,0.06929579594371353
6,0.2,200,32,tis,300,8.201796001449323e-06,6.116142732198578e-06,0.000332104346341433,3.5690535733956814
6,0.2,200,32,tis_anchored,300,2.566743812569512e-07,3.8485773093209526e-08,8.513608446415096e-06,0.1116931727468432
6,0.2,200,32,uniform,300,2.298031069801494e-06,5.381067564890308e-07,9.733825246067548e-05,1.0
6,0.2,200,33,learned_occupancy,300,0.0004805220755217941,4.9397741918044864e-05,-0.00156023133011754,0.19431774165214413
6,0.2,200,33,oracle_tail,300,3.726522556404107e-05,3.051378989586973e-06,0.0002525166035624145,0.015069639549648078
6,0.2,200,33,tis,300,0.0011440424285794795,0.00018782677156363,0.0034219270482567735,0.4626379356960803
6,0.2,200,33,tis_anchored,300,0.00033290342150851126,3.728508379086742e-05,-0.0015907178036498415,0.13462241247826243
6,0.2,200,33,uniform,300,0.002472867744531509,0.00019440593018176812,2.076214260094004e-05,1.0
6,0.2,200,34,learned_occupancy,300,5.820380551108033e-06,7.27467723736318e-07,7.10191972289979e-07,0.1373749059317511
6,0.2,200,34,oracle_tail,300,1.4352840833875157e-06,1.4279360833494516e-07,5.051689081594812e-05,0.03387613820253793
6,0.2,200,34,tis,300,2.174839055705873e-05,8.430503310310542e-06,0.00028487972011703423,0.5133140489197323
6,0.2,200,34,tis_anchored,300,4.646411890227079e-06,7.173528260354857e-07,-1.502550546924238e-06,0.109666436882482
6,0.2,200,34,uniform,300,4.2368586254025474e-05,1.5934118682155768e-05,-6.120482660869027e-05,1.0
6,0.2,200,35,learned_occupancy,300,0.00457063662498362,0.0003499514231998082,0.0031310833249709588,0.11963418559599708
6,0.2,200,35,oracle_tail,300,0.0012551425502818718,0.00010198511456186427,0.0002154442394895247,0.03285274440524851
6,0.2,200,35,tis,300,0.00934314231723697,0.0012174124357383581,0.014500105755739684,0.24455219562201527
6,0.2,200,35,tis_anchored,300,0.002998491451414147,0.0002351053884171521,0.0021776210719155866,0.07848405205648487
6,0.2,200,35,uniform,300,0.03820510502256098,0.0029749845360510186,0.0029835328436602438,1.0
6,0.2,200,36,learned_occupancy,300,6.466757306561621e-08,1.3805079252434971e-08,-2.3297454201001897e-05,0.09184557978201764
6,0.2,200,36,oracle_tail,300,9.413078574525213e-09,1.5900989047942596e-09,-5.246747549517335e-06,0.013369137238747528
6,0.2,200,36,tis,300,5.249194195889725e-08,1.3268248911996435e-08,-1.750330539905587e-05,0.07455286497619232
6,0.2,200,36,tis_anchored,300,5.776491418260641e-08,1.2647724521090796e-08,-2.220931189604869e-05,0.08204192275434087
6,0.2,200,36,uniform,300,7.040902046575943e-07,4.813919043933961e-07,-2.062994335505645e-05,1.0
6,0.2,200,37,learned_occupancy,300,0.00011283800354119862,1.5711478790074132e-05,0.003939589720648972,0.08543936950376287
6,0.2,200,37,oracle_tail,300,3.1484263808581715e-05,4.309628148002975e-06,0.0018057213279456855,0.02383944739072957
6,0.2,200,37,tis,300,0.00087010120647164,0.0001943102054858832,0.009924983747107156,0.6588285520157886
6,0.2,200,37,tis_anchored,300,0.00012919019706887904,1.9406973075702955e-05,0.004439374066070223,0.0978210233895339
6,0.2,200,37,uniform,300,0.0013206792629272513,0.00021799785615584435,0.015594389663521498,1.0
6,0.2,200,38,learned_occupancy,300,3.721262660456045e-06,3.1868277754548504e-07,-9.736762112409369e-05,0.06039508459877363
6,0.2,200,38,oracle_tail,300,2.4534267983067616e-06,2.171367464075547e-07,-0.00011446830154210848,0.039818452111756115
6,0.2,200,38,tis,300,6.011585297751951e-05,2.8220046026957494e-05,-0.00018868829586077347,0.9756640037496793
6,0.2,200,38,tis_anchored,300,3.824622012711104e-06,3.340643746308915e-07,2.9973921024897265e-05,0.06207257887775949
6,0.2,200,38,uniform,300,6.161532325317097e-05,9.761473784358297e-06,-0.00010939488408771532,1.0
6,0.2,200,39,learned_occupancy,300,0.0,0.0,0.0,0.0
6,0.2,200,39,oracle_tail,300,0.0,0.0,0.0,0.0
6,0.2,200,39,tis,300,0.0,0.0,0.0,0.0
6,0.2,200,39,tis_anchored,300,0.0,0.0,0.0,0.0
6,0.2,200,39,uniform,300,0.0,0.0,0.0,0.0
6,0.2,200,40,learned_occupancy,300,1.4600008673358121e-05,1.4518340625313238e-06,-0.00028183769784183207,0.10221691441610883
6,0.2,200,40,oracle_tail,300,4.564594331526419e-06,5.566201924989572e-07,-9.363477313613829e-05,0.03195742951723703
6,0.2,200,40,tis,300,0.0005908312117604732,0.00046409026041162636,0.0002432945964215853,4.1365005157216315
6,0.2,200,40,tis_anchored,300,1.9473783434565195e-05,2.100307382634763e-06,-0.0003682397665259677,0.13633896384740612
6,0.2,200,40,uniform,300,0.000142833588323003,2.47489609533712e-05,0.0005618652880473037,1.0
6,0.2,200,41,learned_occupancy,300,3.456966054901641e-05,3.5466859726899014e-06,-0.00023377775808420154,0.10668128696561563
6,0.2,200,41,oracle_tail,300,1.6715602498691862e-05,1.384315130013783e-06,-0.00017825491358055483,0.05158401785396893
6,0.2,200,41,tis,300,0.00018018771650341528,5.9835797612785964e-05,0.004227686772911146,0.5560557201516048
6,0.2,200,41,tis_anchored,300,3.778363172742295e-05,6.087800853771403e-06,-0.00013582221893514065,0.11659953829170686
6,0.2,200,41,uniform,300,0.0003240461521631112,5.257742992002701e-05,-0.00015022195965056124,1.0
6,0.2,200,42,learned_occupancy,300,0.0,0.0,0.0,0.0
6,0.2,200,42,oracle_tail,300,0.0,0.0,0.0,0.0
6,0.2,200,42,tis,300,0.0,0.0,0.0,0.0
6,0.2,200,42,tis_anchored,300,0.0,0.0,0.0,0.0
6,0.2,200,42,uniform,300,0.0,0.0,0.0,0.0
6,0.2,200,43,learned_occupancy,300,0.0009002621851416794,8.513990320363314e-05,0.004205755477671983,0.09527797541496785
6,0.2,200,43,oracle_tail,300,0.0002495149629346207,2.505386596642309e-05,0.00218013902717028,0.026407063293911508
6,0.2,200,43,tis,300,0.0030109864863518926,0.0005503215421707654,0.009484733339047171,0.31866349731915933
6,0.2,200,43,tis_anchored,300,0.0007890169086425314,8.73899947375077e-05,0.004208079497858415,0.08350448887487835
6,0.2,200,43,uniform,300,0.009448796337461336,0.0008527292036444304,0.025613739528915984,1.0
6,0.2,200,44,learned_occupancy,300,0.0019558733608527833,0.00016953226871750183,-0.0007820869586073013,0.08670584530051043
6,0.2,200,44,oracle_tail,300,0.0005785564255257207,4.3725298295291577e-05,0.002420989233334662,0.02564799180422256
6,0.2,200,44,tis,300,0.0055382103332985416,0.0012303009783214073,0.014096996380258736,0.24551446837606142
6,0.2,200,44,tis_anchored,300,0.0013924026360228408,0.00016193349066811945,0.001301304188321999,0.06172661787385862
6,0.2,200,44,uniform,300,0.02255757214607617,0.0019375262485452967,-0.0015630698439118055,1.0
6,0.2,200,45,learned_occupancy,300,0.00285821777603519,0.0003509104727718595,-0.002148397929847543,0.18186045614075683
6,0.2,200,45,oracle_tail,300,0.0005884651301858299,4.594106942293904e-05,-0.00027413071481888836,0.03744240130889428
6,0.2,200,45,tis,300,0.0013597600812327363,0.00020000309006316873,0.0012373758431562542,0.0865177561655237
6,0.2,200,45,tis_anchored,300,0.0014949500392127777,0.00024958208504631486,-0.0027159566933193406,0.09511951759533484
6,0.2,200,45,uniform,300,0.0157165435339224,0.0012564050820482754,0.0029313709553435824,1.0
6,0.2,200,46,learned_occupancy,300,0.005115923638086588,0.0004863170898984459,-0.00931364590200926,0.1227533618153628
6,0.2,200,46,oracle_tail,300,0.0006474811856452248,5.620516888482161e-05,-0.00034072146365835704,0.015535902775881726
6,0.2,200,46,tis,300,0.0033056828791770514,0.0004810567305738762,-0.006549833403765881,0.07931777626497927
6,0.2,200,46,tis_anchored,300,0.0032706376801865766,0.00043527167095491987,-0.007916327465526606,0.07847688881319195
6,0.2,200,46,uniform,300,0.04167644423279918,0.0029978691897216666,0.017389738269256647,1.0
6,0.2,200,47,learned_occupancy,300,1.9192879243499697e-09,4.1076581380468187e-10,-7.219983923389961e-07,0.4555780522064731
6,0.2,200,47,oracle_tail,300,2.2663313298445796e-10,2.386660811407888e-11,1.3020698151426184e-06,0.05379551446168697
6,0.2,200,47,tis,300,2.6120293339961156e-09,7.155918839629186e-10,5.902231534628359e-06,0.620012881439427
6,0.2,200,47,tis_anchored,300,1.40849752515347e-09,2.9795159997581317e-10,1.5056812817674608e-06,0.3343326193564116
6,0.2,200,47,uniform,300,4.212863010091027e-09,6.6787247308548e-10,1.5696409598383216e-06,1.0
6,0.2,200,48,learned_occupancy,300,0.0018672072192879906,0.00016635062443910633,-0.008481029548194794,0.1632033322028836
6,0.2,200,48,oracle_tail,300,0.00018203448301793728,1.4931663852942015e-05,-0.0006079002473353409,0.015910732294450523
6,0.2,200,48,tis,300,0.001135924419719322,0.00010554624574070849,-0.00513059948867443,0.09928552573801236
6,0.2,200,48,tis_anchored,300,0.0011769276523129841,0.00010709679231721709,-0.005710093460710543,0.10286941515384662
6,0.2,200,48,uniform,300,0.011440987105378473,0.0009992041594672676,0.0042726747696087974,1.0
6,0.2,200,49,learned_occupancy,300,0.001110548056995641,9.567302940045156e-05,-0.0009813769533570434,0.12656457504016214
6,0.2,200,49,oracle_tail,300,0.00012567823796668696,9.641175594920265e-06,0.00034424026196663664,0.014323029678771065
6,0.2,200,49,tis,300,0.0005304507044431706,0.0001039466716271777,-0.0017302016582881722,0.06045327580800769
6,0.2,200,49,tis_anchored,300,0.0005520322475378133,4.880178111719054e-05,-0.0015551560318294597,0.0629128351339443
6,0.2,200,49,uniform,300,0.008774556835064125,0.0006931133234592303,0.008895479072924583,1.0
6,0.2,400,0,learned_occupancy,300,0.0008256510066852367,7.794230700837698e-05,-0.001626301116418459,0.11941446763052868
6,0.2,400,0,oracle_tail,300,0.00013719115113712457,1.4686793663545101e-05,0.0002859954630761348,0.019842049660220032
6,0.2,400,0,tis,300,0.00034604792701878063,3.724114985558282e-05,0.0018537902590280602,0.0500491474545605
6,0.2,400,0,tis_anchored,300,0.00032627456708721794,3.657056435820662e-05,-0.0005900167474859138,0.04718931293564668
6,0.2,400,0,uniform,300,0.006914162270854997,0.0005268340039259246,0.0010890823249942697,1.0
6,0.2,400,1,learned_occupancy,300,0.0001697230833459072,1.568710185364253e-05,-0.0007978399152872884,0.18345009393329623
6,0.2,400,1,oracle_tail,300,2.4433023078437424e-05,2.0937131727657143e-06,0.00022003160671092055,0.02640913828838844
6,0.2,400,1,tis,300,0.0024860286500895377,0.0022163642301508413,-0.0026253330496555094,2.68709582921202
6,0.2,400,1,tis_anchored,300,0.00011666381802431425,1.3089413154021135e-05,-0.0012469670147331588,0.12609945537908193
6,0.2,400,1,uniform,300,0.0009251730522831988,8.408549756153376e-05,0.001591261190783541,1.0
6,0.2,400,2,learned_occupancy,300,8.77072560541894e-09,2.390114736972883e-09,-7.963687513331171e-07,0.08336595697064776
6,0.2,400,2,oracle_tail,300,7.471458624782656e-09,2.196713672284811e-09,6.823897147123503e-07,0.07101639319747644
6,0.2,400,2,tis,300,9.27631074674149e-08,3.95633424245783e-08,1.1237850094287794e-05,0.881715558495425
6,0.2,400,2,tis_anchored,300,1.9537596595819664e-08,7.617179739455135e-09,-7.0951791301698815e-06,0.18570532364057205
6,0.2,400,2,uniform,300,1.0520752024123006e-07,3.98787966367891e-08,1.376033583043205e-05,1.0
6,0.2,400,3,learned_occupancy,300,6.258623823106955e-06,5.891929136205012e-07,-0.0001299351932444311,0.08910802434459146
6,0.2,400,3,oracle_tail,300,9.027996134849589e-07,8.355446629848188e-08,2.469778235875945e-05,0.012853734656442333
6,0.2,400,3,tis,300,3.537444012357887e-06,7.019172566898195e-07,6.228957965756176e-05,0.05036484953881356
6,0.2,400,3,tis_anchored,300,2.8791403821408716e-06,3.2230655507064824e-07,-2.6881568877628048e-05,0.04099216033980204
6,0.2,400,3,uniform,300,7.023636613133855e-05,9.435137405505716e-06,0.00020479775944918455,1.0
6,0.2,400,4,learned_occupancy,300,0.0010172830876758175,8.13329221106475e-05,0.001467283727602262,0.09796040469138102
6,0.2,400,4,oracle_tail,300,0.0003581689284725305,2.711729914595609e-05,0.0022781032110822845,0.034490274738774127
6,0.2,400,4,tis,300,0.0022001700308426513,0.00041336102444578925,0.0027402911631524995,0.21186781656187156
6,0.2,400,4,tis_anchored,300,0.0006440600245025467,5.747188270121169e-05,0.002445320369116534,0.06202047533293526
6,0.2,400,4,uniform,300,0.010384635413468462,0.0007855112596762771,-0.005801873156747378,1.0
6,0.2,400,5,learned_occupancy,300,3.1277297502611514e-05,2.5153887912506233e-06,-0.00019152777941743824,0.09115521765941889
6,0.2,400,5,oracle_tail,300,7.265419085382364e-06,5.412860290857668e-07,-0.00011919908028040549,0.021174491116428076
6,0.2,400,5,tis,300,2.6688244818530248e-05,3.2260586198244797e-06,0.0012697297679393198,0.07778078541401659
6,0.2,400,5,tis_anchored,300,1.489960074292745e-05,1.1970913538330027e-06,-0.00010524743006006254,0.04342371167606759
6,0.2,400,5,uniform,300,0.0003431213078715049,2.8497369676994615e-05,0.0004617740942706735,1.0
6,0.2,400,6,learned_occupancy,300,0.0,0.0,0.0,0.0
6,0.2,400,6,oracle_tail,300,0.0,0.0,0.0,0.0
6,0.2,400,6,tis,300,0.0,0.0,0.0,0.0
6,0.2,400,6,tis_anchored,300,0.0,0.0,0.0,0.0
6,0.2,400,6,uniform,300,0.0,0.0,0.0,0.0
6,0.2,400,7,learned_occupancy,300,0.00014071905589384056,1.2333201402251788e-05,-0.00016211343867077676,0.1040270521132185
6,0.2,400,7,oracle_tail,300,2.939168983021106e-05,2.324607579394654e-06,-0.00020813829512729884,0.021727909061367942
6,0.2,400,7,tis,300,9.246807493709175e-05,9.76595530847401e-06,-0.0001067198215206296,0.06835734641047204
6,0.2,400,7,tis_anchored,300,7.630852017230496e-05,7.169807117235415e-06,-0.00031071633393502535,0.05641133927614998
6,0.2,400,7,uniform,300,0.0013527159814226792,0.00010155831357792524,0.0018081962437769435,1.0
6,0.2,400,8,learned_occupancy,300,0.0014921079416875124,0.00012894278625881394,-0.0007047461653476909,0.0892432548459204
6,0.2,400,8,oracle_tail,300,0.00038260994117131786,3.273899729506119e-05,0.001185276042527308,0.022883972085771184
6,0.2,400,8,tis,300,0.010478756768123033,0.0016444604648878144,-0.0017424949303219087,0.6267364006309032
6,0.2,400,8,tis_anchored,300,0.0007948657610661639,6.921686145770592e-05,-0.0003797577847991359,0.04754106971838646
6,0.2,400,8,uniform,300,0.016719559862128017,0.0013748689578161179,0.009036085011491377,1.0
6,0.2,400,9,learned_occupancy,300,0.0002617109148835988,2.0400183222227234e-05,0.0005139013649672108,0.06285576479908858
6,0.2,400,9,oracle_tail,300,0.00013383148542919296,9.663696446844523e-06,0.0011020933775229317,0.03214264248241784
6,0.2,400,9,tis,300,0.017490314643360517,0.005021548157255809,0.002373808691867289,4.20069259997845
6,0.2,400,9,tis_anchored,300,0.00023541632183607,2.0087624015443738e-05,0.0007052927285429078,0.05654052664091577
6,0.2,400,9,uniform,300,0.004163674019720044,0.0003392941073301789,0.002722013366492022,1.0
6,0.2,400,10,learned_occupancy,300,0.0011554655412511878,0.00010080604080857663,0.0002834581284624645,0.10901010236289535
6,0.2,400,10,oracle_tail,300,0.00032929151957042916,2.823422867539697e-05,0.0002794830624057972,0.031066354619918822
6,0.2,400,10,tis,300,0.006034430139594876,0.0022722271894010746,-0.0018945704002646213,0.5693063304221683
6,0.2,400,10,tis_anchored,300,0.0005100973618891724,4.171526547205674e-05,0.0004490720696296243,0.04812412283136479
6,0.2,400,10,uniform,300,0.010599618899582677,0.000814194095816467,-0.004593001117284234,1.0
6,0.2,400,11,learned_occupancy,300,0.0,0.0,0.0,0.0
6,0.2,400,11,oracle_tail,300,0.0,0.0,0.0,0.0
6,0.2,400,11,tis,300,0.0,0.0,0.0,0.0
6,0.2,400,11,tis_anchored,300,0.0,0.0,0.0,0.0
6,0.2,400,11,uniform,300,0.0,0.0,0.0,0.0
6,0.2,400,12,learned_occupancy,300,0.0004934547394266596,5.752926332049716e-05,0.0005681396754804569,0.0868607359449113
6,0.2,400,12,oracle_tail,300,0.00017854748555315455,1.3365335067007031e-05,0.0003779575744614583,0.031428953371245176
6,0.2,400,12,tis,300,0.010374104740221577,0.003087154065124063,-0.006522497238623151,1.8261094696389406
6,0.2,400,12,tis_anchored,300,0.00040859223117449,4.2615834193913095e-05,-0.0005445060527758713,0.07192275008327156
6,0.2,400,12,uniform,300,0.005680987319053085,0.00048200467251430305,0.0033328783848782574,1.0
6,0.2,400,13,learned_occupancy,300,0.00014118185856981687,1.2483507670910095e-05,-0.0007700553085983453,0.04740039438123538
6,0.2,400,13,oracle_tail,300,7.757777152587943e-05,6.4772457671833675e-06,-0.001422097671807386,0.02604595946529214
6,0.2,400,13,tis,300,0.01687862263381675,0.00684402433873728,0.011026032250233428,5.666828426538382
6,0.2,400,13,tis_anchored,300,0.0001447080139271682,1.3937759180195116e-05,-0.0013422478135641748,0.048584265710605264
6,0.2,400,13,uniform,300,0.0029784954410781695,0.00026245436413235666,-0.002772243076919644,1.0
6,0.2,400,14,learned_occupancy,300,5.0595007995157615e-05,4.806620042272454e-06,-0.00059265589279474,0.12013361031289489
6,0.2,400,14,oracle_tail,300,1.4418464602565147e-05,1.1895008518140093e-06,-5.0915892644198084e-05,0.034235436983044085
6,0.2,400,14,tis,300,0.0007120111170071188,0.0005221822737077515,-0.0008778817572042848,1.6906107827311503
6,0.2,400,14,tis_anchored,300,4.126073430152467e-05,4.091388571384761e-06,-9.473382880333503e-05,0.0979701589587192
6,0.2,400,14,uniform,300,0.0004211561432589931,5.982127705273804e-05,-0.0001665786262579057,1.0
6,0.2,400,15,learned_occupancy,300,2.0632267621758456e-06,1.821878791372602e-07,0.00018154764868302624,0.03438749644886818
6,0.2,400,15,oracle_tail,300,1.5003751866556095e-06,1.2272573957093553e-07,0.00010425704243625618,0.025006532170355988
6,0.2,400,15,tis,300,6.39581543787303e-05,4.3045850604255846e-05,0.0004738930475216089,1.0659811354207818
6,0.2,400,15,tis_anchored,300,2.197606741997817e-06,1.7122336534351352e-07,0.00021311619828252138,0.03662718777298313
6,0.2,400,15,uniform,300,5.9999330432319215e-05,1.0796465834547975e-05,0.0002595202644714556,1.0
6,0.2,400,16,learned_occupancy,300,0.0003721962931477908,2.8981258557126446e-05,-0.0014971868569720749,0.08410997719030235
6,0.2,400,16,oracle_tail,300,6.269614022480152e-05,4.769941507285355e-06,-0.0006188495167467334,0.014168252132844634
6,0.2,400,16,tis,300,0.002521105480649662,0.0021728342677132364,-0.0021743421295245544,0.5697265888341047
6,0.2,400,16,tis_anchored,300,0.00018227460713341753,2.0304954470116923e-05,-0.0007206769742305378,0.041190934274768366
6,0.2,400,16,uniform,300,0.004425114660365216,0.0003588219365795616,-0.0009685112269925596,1.0
6,0.2,400,17,learned_occupancy,300,5.210038816654584e-05,3.8914927787191155e-06,-7.898500625651561e-05,0.077458677740707
6,0.2,400,17,oracle_tail,300,9.463059803865797e-06,7.969728650682202e-07,0.0001378932536062723,0.014068918209314659
6,0.2,400,17,tis,300,5.736992539135576e-05,2.448740373166871e-05,0.0003451190107590518,0.08529300297518388
6,0.2,400,17,tis_anchored,300,1.890264099070634e-05,1.5298259237730451e-06,0.00021848047725466557,0.028102930294242236
6,0.2,400,17,uniform,300,0.0006726217085831486,5.540411178775373e-05,0.002275160962647216,1.0
6,0.2,400,18,learned_occupancy,300,4.025490815120656e-06,4.002100280101262e-07,1.1607475300684142e-05,0.07899633681870852
6,0.2,400,18,oracle_tail,300,8.730813278846272e-07,7.7398552127101e-08,-5.8961282913156945e-05,0.017133370765281965
6,0.2,400,18,tis,300,1.2954711080493058e-05,7.458733524727565e-06,6.78781060678535e-06,0.25422358835341463
6,0.2,400,18,tis_anchored,300,2.2978383570355372e-06,4.1045214997810795e-07,-2.9391061517292095e-05,0.04509283989060261
6,0.2,400,18,uniform,300,5.0957942826626206e-05,9.349494487452817e-06,-0.0004718027758006649,1.0
6,0.2,400,19,learned_occupancy,300,5.598038672619191e-05,5.07773391594869e-06,-0.0001658679903623635,0.10370860424466091
6,0.2,400,19,oracle_tail,300,1.3682992037266359e-05,1.186462770948627e-06,3.489848621045511e-05,0.025348949677972944
6,0.2,400,19,tis,300,0.0005784847244202726,0.0002849266350480166,-0.0009987375731788227,1.071693978105622
6,0.2,400,19,tis_anchored,300,2.576356666691196e-05,3.089885256530276e-06,-0.0001280776976912564,0.04772927976468567
6,0.2,400,19,uniform,300,0.0005397853643283785,4.527516845113117e-05,-0.002449615419448102,1.0
6,0.2,400,20,learned_occupancy,300,0.0008168789877026694,7.213252023798113e-05,0.00012853324590834066,0.07170503852049114
6,0.2,400,20,oracle_tail,300,0.00035968402561875883,3.087768787406461e-05,-5.510506433193655e-05,0.03157280001133531
6,0.2,400,20,tis,300,0.0036757257266087904,0.0023597799508438847,0.0019812273951002736,0.3226525088599513
6,0.2,400,20,tis_anchored,300,0.0006262606594754005,5.468536895731004e-05,0.00030072046955527344,0.05497270144974869
6,0.2,400,20,uniform,300,0.011392211824406594,0.0010970316867383388,0.0125503008272025,1.0
6,0.2,400,21,learned_occupancy,300,0.0010927526063607394,9.088603892873581e-05,0.0005274249981535384,0.11134361584676418
6,0.2,400,21,oracle_tail,300,0.00023955134038145082,1.8951009516862296e-05,0.0008314248602126521,0.02440855529765223
6,0.2,400,21,tis,300,0.001034310985076255,0.0001883385102054075,0.0009674552690253939,0.10538883578777837
6,0.2,400,21,tis_anchored,300,0.0004894227141056725,4.083541967574533e-05,0.0016084887631957656,0.049868647623314936
6,0.2,400,21,uniform,300,0.009814236748558912,0.000758005070629874,-0.002664638988913229,1.0
6,0.2,400,22,learned_occupancy,300,0.00021744456934251477,1.600347047716203e-05,-0.0008386834276789805,0.09310954352069728
6,0.2,400,22,oracle_tail,300,0.00013106893130506112,9.397031543173608e-06,-0.0004239836471721799,0.0561235831295318
6,0.2,400,22,tis,300,0.002228123813437955,0.0009585419287610072,-0.0041888264032835815,0.9540803516229307
6,0.2,400,22,tis_anchored,300,0.0002260321539894216,1.6345131028269743e-05,-0.0008227972388534492,0.09678673853566842
6,0.2,400,22,uniform,300,0.0023353628545518443,0.00017357830770991814,0.004435954517088276,1.0
6,0.2,400,23,learned_occupancy,300,6.841665903091537e-05,5.725853277228554e-06,-0.0008833356395931021,0.11537677183696678
6,0.2,400,23,oracle_tail,300,2.5106550317326726e-05,2.253261667595259e-06,-0.0004973826332990668,0.04233928941585114
6,0.2,400,23,tis,300,0.00045175597924725335,0.00014835366624366838,-0.000593988262434757,0.7618341392561052
6,0.2,400,23,tis_anchored,300,5.298966010833756e-05,4.279049944856963e-06,-0.00046142741463514565,0.08936092481913589
6,0.2,400,23,uniform,300,0.0005929846878329338,6.2825505851553e-05,-0.0019283461113221412,1.0
6,0.2,400,24,learned_occupancy,300,2.7917822915731818e-05,2.3719898825255173e-06,-7.984404769599902e-05,0.09466492249503063
6,0.2,400,24,oracle_tail,300,6.936308723253552e-06,5.985671287035422e-07,-7.516442201999614e-05,0.023519925950901823
6,0.2,400,24,tis,300,4.67417739974939e-05,1.9875559858943973e-05,0.00020767774609864304,0.1584939637345289
6,0.2,400,24,tis_anchored,300,1.3664130051667818e-05,1.1223328383164184e-06,-0.0003278901298488194,0.04633290411675518
6,0.2,400,24,uniform,300,0.0002949120136574067,2.22267419111444e-05,0.0007366070525335807,1.0
6,0.2,400,25,learned_occupancy,300,7.201335541820469e-07,1.1279542019595599e-07,8.391903895013394e-05,0.0506063735616526
6,0.2,400,25,oracle_tail,300,3.086251611041699e-07,2.559188509753166e-08,2.6062910777904235e-05,0.02168819950502483
6,0.2,400,25,tis,300,2.9218778758180566e-06,1.0162435873003974e-06,9.17502801233816e-06,0.20533086179150142
6,0.2,400,25,tis_anchored,300,5.024356670937547e-07,4.922033620882968e-08,7.280870825242462e-05,0.035307960463701674
6,0.2,400,25,uniform,300,1.4230096003712347e-05,2.7144154940123814e-06,0.00037969330617913853,1.0
6,0.2,400,26,learned_occupancy,300,1.9569859393550135e-06,3.60747893937649e-07,-2.5110866824447814e-06,0.053412537474396594
6,0.2,400,26,oracle_tail,300,2.5160897684707647e-07,2.2442379774161944e-08,-1.5743946105558255e-05,0.006867230691074013
6,0.2,400,26,tis,300,2.833313753433891e-07,2.5454637921191987e-08,-7.73345832085326e-06,0.007733038546096455
6,0.2,400,26,tis_anchored,300,4.314281531596852e-07,3.860929254159651e-08,2.1416519973662675e-05,0.01177508327205773
6,0.2,400,26,uniform,300,3.663907449244662e-05,9.138257757308994e-06,-0.0006738575509512683,1.0
6,0.2,400,27,learned_occupancy,300,0.0011161972183708613,0.00013689783090195773,-0.0022381105055463216,0.13625665666820255
6,0.2,400,27,oracle_tail,300,0.00015535844680559719,1.5301698004907544e-05,-5.9076381784371656e-05,0.018964948307067093
6,0.2,400,27,tis,300,0.0007381464348615056,0.0001515334915350462,-0.0021530700644363555,0.0901071635822377
6,0.2,400,27,tis_anchored,300,0.0007719214482020891,0.00014483361581509494,-0.0031179798784909543,0.09423015396509207
6,0.2,400,27,uniform,300,0.008191872937913807,0.0006597838599357217,0.0077125626930502345,1.0
6,0.2,400,28,learned_occupancy,300,0.0006372136988356651,6.091655516064908e-05,-0.0023753051063712134,0.15042751926463976
6,0.2,400,28,oracle_tail,300,7.239822461494976e-05,5.671828512427508e-06,0.000979505553180018,0.017091103577796335
6,0.2,400,28,tis,300,0.00031366793535477665,4.196803042239255e-05,-0.0010384403978832928,0.07404782645837168
6,0.2,400,28,tis_anchored,300,0.00032963260212894035,3.708114245327326e-05,-0.0006280157884283355,0.07781661740419127
6,0.2,400,28,uniform,300,0.004236018129865229,0.00038591542093808,-0.005289944741427665,1.0
6,0.2,400,29,learned_occupancy,300,0.0,0.0,0.0,0.0
6,0.2,400,29,oracle_tail,300,0.0,0.0,0.0,0.0
6,0.2,400,29,tis,300,0.0,0.0,0.0,0.0
6,0.2,400,29,tis_anchored,300,0.0,0.0,0.0,0.0
6,0.2,400,29,uniform,300,0.0,0.0,0.0,0.0
6,0.2,400,30,learned_occupancy,300,2.4597494637136556e-05,2.047198447647523e-06,-3.0492440116517045e-05,0.03543636695855121
6,0.2,400,30,oracle_tail,300,1.1667377191495943e-05,8.912787687165877e-07,-0.00012503018858793348,0.01680860045711596
6,0.2,400,30,tis,300,1.3394038593151514e-05,1.0050551410048896e-06,-0.00010508104054045267,0.019296114244388242
6,0.2,400,30,tis_anchored,300,1.4614879002883421e-05,1.0872045560374246e-06,3.6555139366412824e-05,0.021054917301174845
6,0.2,400,30,uniform,300,0.0006941313895385343,7.543480206273568e-05,0.00021147392468111222,1.0
6,0.2,400,31,learned_occupancy,300,3.473760089975461e-05,4.749817834821267e-06,6.729074319739829e-05,0.09961060278271867
6,0.2,400,31,oracle_tail,300,8.014066570759806e-06,7.93306856468516e-07,0.00019621282925682624,0.022980458672373614
6,0.2,400,31,tis,300,0.0020498564571109364,0.001198376015269276,-0.0016196036009689966,5.877994795901719
6,0.2,400,31,tis_anchored,300,2.470545088547723e-05,4.267051825819028e-06,2.7010130448785753e-05,0.07084325891770556
6,0.2,400,31,uniform,300,0.0003487339693699876,3.413324233668894e-05,-0.0007062625002961776,1.0
6,0.2,400,32,learned_occupancy,300,8.071131551166325e-08,6.7878186025991e-09,1.8379679555643827e-05,0.0651191622666778
6,0.2,400,32,oracle_tail,300,6.826743891828415e-08,5.880924453563061e-09,2.3944183080407317e-05,0.055079246376647864
6,0.2,400,32,tis,300,3.23237445649319e-05,2.748473773216953e-05,-0.00011268173630662274,26.079306898253634
6,0.2,400,32,tis_anchored,300,1.0919627778880913e-07,1.0682555911735315e-08,1.1195013759991805e-05,0.08810127907305808
6,0.2,400,32,uniform,300,1.239440322974857e-06,1.718207831522678e-07,9.738795375837513e-05,1.0
6,0.2,400,33,learned_occupancy,300,0.00022074497040921288,2.3835836188862325e-05,-0.002021696653870424,0.1943068962212464
6,0.2,400,33,oracle_tail,300,2.4895506474377033e-05,2.552632466537193e-06,-0.000281803668042655,0.02191383379618898
6,0.2,400,33,tis,300,0.0008090055066313385,0.000411704410954163,-0.0015427912989632287,0.7121129361544526
6,0.2,400,33,tis_anchored,300,0.00016775132890765505,2.0380374736269035e-05,-0.0016418433166434157,0.14766017090496536
6,0.2,400,33,uniform,300,0.0011360634887495858,9.412869231147013e-05,0.0005282011924666374,1.0
6,0.2,400,34,learned_occupancy,300,2.241693956174131e-06,2.233420781070454e-07,-1.4695601469535784e-05,0.21209125461224107
6,0.2,400,34,oracle_tail,300,6.210518073939357e-07,5.895905541269053e-08,-3.8976052424929775e-05,0.058758982976509375
6,0.2,400,34,tis,300,1.0000724593478137e-05,3.0320911669119873e-06,0.00023990693391491143,0.9461890282660474
6,0.2,400,34,tis_anchored,300,1.7764184425268842e-06,1.834949527016536e-07,-3.23943088402423e-05,0.16807058570781275
6,0.2,400,34,uniform,300,1.0569478502414165e-05,1.77808124243225e-06,0.0003806521217752046,1.0
6,0.2,400,35,learned_occupancy,300,0.0019631519808165202,0.00014992201608505238,0.0035890776682890994,0.08430812216866486
6,0.2,400,35,oracle_tail,300,0.0005351544532855863,4.30674887552308e-05,0.0009575091744971856,0.022982360748219147
6,0.2,400,35,tis,300,0.005755224725886872,0.0008398743725975659,0.005798677929638419,0.247159768596408
6,0.2,400,35,tis_anchored,300,0.00092217551071901,7.100052279450779e-05,0.0026990139152723693,0.03960309052909519
6,0.2,400,35,uniform,300,0.023285443090395066,0.0018249651836854779,0.007712198718230061,1.0
6,0.2,400,36,learned_occupancy,300,1.9059048772548957e-08,3.4922005208790372e-09,6.018900698988953e-06,0.07768669731513782
6,0.2,400,36,oracle_tail,300,4.317222690113072e-09,6.542208818181328e-10,-1.724045326776391e-06,0.01759745601007789
6,0.2,400,36,tis,300,1.9360176447846634e-08,5.2094345258405e-09,7.202602191404376e-06,0.07891412554847944
6,0.2,400,36,tis_anchored,300,1.972041526886343e-08,3.579058626325702e-09,-1.1323185631084698e-06,0.08038249705974826
6,0.2,400,36,uniform,300,2.453322052710711e-07,1.354107551326619e-07,5.104745223258137e-06,1.0
6,0.2,400,37,learned_occupancy,300,4.639498871843138e-05,8.005418372116445e-06,0.0014112433177664628,0.09527030889986353
6,0.2,400,37,oracle_tail,300,1.3059714126491008e-05,1.659126548513905e-06,0.0005831214980385657,0.02681761615517807
6,0.2,400,37,tis,300,0.00022518876808284605,4.665152697983008e-05,0.004378780591482246,0.46241639643959004
6,0.2,400,37,tis_anchored,300,4.1961862265108165e-05,7.985083512409083e-06,0.001043355553596435,0.08616705576268853
6,0.2,400,37,uniform,300,0.00048698266284825535,7.765150203150328e-05,0.009141478488424587,1.0
6,0.2,400,38,learned_occupancy,300,1.6802172891379012e-06,1.6083099459051375e-07,5.663863814708995e-05,0.0721596413366814
6,0.2,400,38,oracle_tail,300,1.1085942615913818e-06,9.137194805114826e-08,6.864895122555688e-05,0.047610368505005746
6,0.2,400,38,tis,300,1.5090267170666854e-05,2.973318894578864e-06,0.0002390056233044824,0.6480758612290697
6,0.2,400,38,tis_anchored,300,2.0546992785621937e-06,1.66856055820177e-07,0.00010114614987732917,0.08824237433710706
6,0.2,400,38,uniform,300,2.3284723399585205e-05,1.9909273685965217e-06,0.0003450564807179779,1.0
6,0.2,400,39,learned_occupancy,300,0.0,0.0,0.0,0.0
6,0.2,400,39,oracle_tail,300,0.0,0.0,0.0,0.0
6,0.2,400,39,tis,300,0.0,0.0,0.0,0.0
6,0.2,400,39,tis_anchored,300,0.0,0.0,0.0,0.0
6,0.2,400,39,uniform,300,0.0,0.0,0.0,0.0
6,0.2,400,40,learned_occupancy,300,7.10271582158941e-06,7.39558756837413e-07,5.3326531784363415e-05,0.1219494476084172
6,0.2,400,40,oracle_tail,300,2.1301598813364317e-06,2.390863719020553e-07,0.00013731636168197022,0.03657359063373859
6,0.2,400,40,tis,300,0.0001828501002311962,0.00011592172363185765,0.0010868422192568206,3.1394285338799115
6,0.2,400,40,tis_anchored,300,7.762097630292254e-06,7.881611269240706e-07,0.00015287902243742805,0.1332706449298605
6,0.2,400,40,uniform,300,5.8243115986850656e-05,8.388613817108414e-06,0.0016571082121606265,1.0
6,0.2,400,41,learned_occupancy,300,1.4918205799317905e-05,1.1938251021902727e-06,-9.263159755519279e-05,0.08582935624808302
6,0.2,400,41,oracle_tail,300,8.819787657776602e-06,8.29186548149484e-07,6.050408453163403e-05,0.05074314613265125
6,0.2,400,41,tis,300,0.0005678918613313395,0.00025577024386267723,0.0004670116341010111,3.2672691027511562
6,0.2,400,41,tis_anchored,300,1.4231251209507777e-05,1.2016387992128673e-06,-0.00020385130154785416,0.08187708001538987
6,0.2,400,41,uniform,300,0.00017381239300220312,3.8157784514021035e-05,0.0007814653263591313,1.0
6,0.2,400,42,learned_occupancy,300,0.0,0.0,0.0,0.0
6,0.2,400,42,oracle_tail,300,0.0,0.0,0.0,0.0
6,0.2,400,42,tis,300,0.0,0.0,0.0,0.0
6,0.2,400,42,tis_anchored,300,0.0,0.0,0.0,0.0
6,0.2,400,42,uniform,300,0.0,0.0,0.0,0.0
6,0.2,400,43,learned_occupancy,300,0.0004004766068600564,4.046347545002716e-05,0.004126476365896843,0.0968201226120071
6,0.2,400,43,oracle_tail,300,9.646490370916504e-05,9.423308841186486e-06,0.0015244083072910816,0.02332157145982942
6,0.2,400,43,tis,300,0.0011028173270795358,0.00016345441681623178,0.0011261699825680035,0.2666195902518679
6,0.2,400,43,tis_anchored,300,0.0002565537978863895,2.243291183883667e-05,0.0011368353999833632,0.06202502154293454
6,0.2,400,43,uniform,300,0.0041362951838525295,0.00033581104673079956,0.009411495039065508,1.0
6,0.2,400,44,learned_occupancy,300,0.0009775960633823435,8.27942210831464e-05,0.00036506075091818837,0.07691918761750091
6,0.2,400,44,oracle_tail,300,0.00031188103592767725,2.4840081858036015e-05,0.0005721684814162353,0.024539415424670204
6,0.2,400,44,tis,300,0.0027891830610032903,0.0005438687529474433,0.00811088710305841,0.21945842787723982
6,0.2,400,44,tis_anchored,300,0.000611676342561014,5.640773767413334e-05,0.0002375538344567681,0.048127901816474486
6,0.2,400,44,uniform,300,0.012709391423160552,0.0010079099759978854,0.004667264273833261,1.0
6,0.2,400,45,learned_occupancy,300,0.0010212873540508447,8.1305899492147e-05,-0.0009345402126922097,0.12012817306622892
6,0.2,400,45,oracle_tail,300,0.0002606226104377434,2.289164333540531e-05,0.0024880897200937305,0.03065554266138394
6,0.2,400,45,tis,300,0.0004685120693121237,3.775881383107951e-05,0.0021802918389000918,0.05510838719652047
6,0.2,400,45,tis_anchored,300,0.00039395580779564296,3.440087847738974e-05,0.0010567871688661468,0.046338761829968704
6,0.2,400,45,uniform,300,0.008501647265440304,0.0007612720488910856,-0.002562390292421477,1.0
6,0.2,400,46,learned_occupancy,300,0.0025519359045205765,0.00022668841874548735,-0.005093997734248208,0.14847309088037758
6,0.2,400,46,oracle_tail,300,0.00040429706807921823,3.2762478644357136e-05,-0.0014437958940618308,0.023522234718067137
6,0.2,400,46,tis,300,0.0009911095420125666,0.00012340953009836613,-0.002229266082422683,0.05766332016527913
6,0.2,400,46,tis_anchored,300,0.00099903648152075,9.638502136429468e-05,-0.0024511330912859804,0.058124514040845086
6,0.2,400,46,uniform,300,0.017187868113937434,0.0014310227756373255,-0.006939704509251879,1.0
6,0.2,400,47,learned_occupancy,300,8.348222513868188e-10,1.2761530833318933e-10,-1.868966109640861e-06,0.2623268679205772
6,0.2,400,47,oracle_tail,300,1.1010208014257603e-10,9.242636997943172e-12,5.110098459211916e-07,0.034597465253665596
6,0.2,400,47,tis,300,2.9034320663852153e-08,2.7619126343197866e-08,-7.128660267465096e-06,9.123477949105236
6,0.2,400,47,tis_anchored,300,7.245051735465353e-10,1.319833498246123e-10,-1.490138831120961e-06,0.22766184376733026
6,0.2,400,47,uniform,300,3.182374180747554e-09,5.744651268154209e-10,-1.4503336494486874e-06,1.0
6,0.2,400,48,learned_occupancy,300,0.0008345096499741927,7.469518299983922e-05,-0.0054355164058139645,0.14854399579528424
6,0.2,400,48,oracle_tail,300,9.626641028493143e-05,8.026435383400501e-06,-0.0006976470385456368,0.017135568468302532
6,0.2,400,48,tis,300,0.00045828590518919075,4.291721404412164e-05,-0.0037633317420783566,0.08157559301509146
6,0.2,400,48,tis_anchored,300,0.0004729316810241969,4.1697664801078564e-05,-0.003703179052509903,0.08418256354457677
6,0.2,400,48,uniform,300,0.005617929189977301,0.0005518941891824145,-0.0010114715327632167,1.0
6,0.2,400,49,learned_occupancy,300,0.00046984577020329755,4.034076226393371e-05,-0.0007246637272383305,0.11549854071511574
6,0.2,400,49,oracle_tail,300,6.706531643555178e-05,5.639049938104808e-06,0.00030742806693922966,0.016486146459405403
6,0.2,400,49,tis,300,0.00025938678127258814,4.81547182831607e-05,-0.0006282625965649065,0.06376304016701474
6,0.2,400,49,tis_anchored,300,0.0002451982074664939,2.371795113119375e-05,-0.0010493639354416681,0.06027517314051469
6,0.2,400,49,uniform,300,0.004067980143248745,0.00034987874822474353,0.0010982856500615665,1.0
