case,budget_per_block,replication,method,truth,error
1,150,0,uniform,1.254857344324988,0.04197076240202313
1,150,0,learned_occupancy,1.254857344324988,0.034094132061860405
1,150,0,learned_mean,1.254857344324988,0.03380600582969184
1,150,0,tis,1.254857344324988,0.028327150697979864
1,150,0,tis_anchored,1.254857344324988,0.03755393361194903
1,150,0,occ_plus_uniform,1.254857344324988,0.03315558033668742
1,150,0,occ_plus_mean,1.254857344324988,0.03902902407625897
1,150,0,oracle_tail,1.254857344324988,0.025687403901997197
1,150,0,complete_rollout,1.254857344324988,0.06285098900834529
1,150,1,uniform,1.254857344324988,-0.022077210620439214
1,150,1,learned_occupancy,1.254857344324988,-0.020085704434860574
1,150,1,learned_mean,1.254857344324988,-0.0038524764523795163
1,150,1,tis,1.254857344324988,-0.0034413158136941124
1,150,1,tis_anchored,1.254857344324988,-0.00630652956089639
1,150,1,occ_plus_uniform,1.254857344324988,-0.017531088820728957
1,150,1,occ_plus_mean,1.254857344324988,-0.007880912429670595
1,150,1,oracle_tail,1.254857344324988,0.004671493948253058
1,150,1,complete_rollout,1.254857344324988,-0.008763594324987967
1,150,2,uniform,1.254857344324988,-0.013376454309412367
1,150,2,learned_occupancy,1.254857344324988,-0.016498000580891237
1,150,2,learned_mean,1.254857344324988,-0.030421905070789013
1,150,2,tis,1.254857344324988,0.0013312060863586161
1,150,2,tis_anchored,1.254857344324988,-0.0043605878965733424
1,150,2,occ_plus_uniform,1.254857344324988,-0.02315481552097043
1,150,2,occ_plus_mean,1.254857344324988,-0.02147660466430157
1,150,2,oracle_tail,1.254857344324988,0.0017505794149559328
1,150,2,complete_rollout,1.254857344324988,0.017278072341678774
1,150,3,uniform,1.254857344324988,0.0331195034491214
1,150,3,learned_occupancy,1.254857344324988,0.024017568846986803
1,150,3,learned_mean,1.254857344324988,0.014216721050192449
1,150,3,tis,1.254857344324988,-0.005501086622099027
1,150,3,tis_anchored,1.254857344324988,0.0006506259665044478
1,150,3,occ_plus_uniform,1.254857344324988,0.026922273729489632
1,150,3,occ_plus_mean,1.254857344324988,0.017142939105224242
1,150,3,oracle_tail,1.254857344324988,0.002164781577576491
1,150,3,complete_rollout,1.254857344324988,-0.041315677658321226
1,150,4,uniform,1.254857344324988,0.026126317527861875
1,150,4,learned_occupancy,1.254857344324988,0.011381853106803064
1,150,4,learned_mean,1.254857344324988,0.014397065116464436
1,150,4,tis,1.254857344324988,0.02291897789216435
1,150,4,tis_anchored,1.254857344324988,0.023728798590296085
1,150,4,occ_plus_uniform,1.254857344324988,0.014358932278562664
1,150,4,occ_plus_mean,1.254857344324988,0.009659272712138955
1,150,4,oracle_tail,1.254857344324988,0.02214660981546035
1,150,4,complete_rollout,1.254857344324988,-0.054336510991654485
1,150,5,uniform,1.254857344324988,0.025503454231273093
1,150,5,learned_occupancy,1.254857344324988,0.012907881115681752
1,150,5,learned_mean,1.254857344324988,0.003341686715531811
1,150,5,tis,1.254857344324988,0.011169660314860774
1,150,5,tis_anchored,1.254857344324988,0.02779414821263959
1,150,5,occ_plus_uniform,1.254857344324988,0.007255537126624079
1,150,5,occ_plus_mean,1.254857344324988,0.009966388100299817
1,150,5,oracle_tail,1.254857344324988,0.018870801281286376
1,150,5,complete_rollout,1.254857344324988,-0.06735734432498797
1,150,6,uniform,1.254857344324988,0.02951422359270306
1,150,6,learned_occupancy,1.254857344324988,0.04096516495040281
1,150,6,learned_mean,1.254857344324988,0.043908074595910396
1,150,6,tis,1.254857344324988,0.0047441695405923134
1,150,6,tis_anchored,1.254857344324988,0.021426546632937526
1,150,6,occ_plus_uniform,1.254857344324988,0.025017687623432927
1,150,6,occ_plus_mean,1.254857344324988,0.04356499843992356
1,150,6,oracle_tail,1.254857344324988,-0.0002606106145810472
1,150,6,complete_rollout,1.254857344324988,0.010767655675012033
1,150,7,uniform,1.254857344324988,-0.053086467306484364
1,150,7,learned_occupancy,1.254857344324988,-0.06590619845855028
1,150,7,learned_mean,1.254857344324988,-0.053288131995165244
1,150,7,tis,1.254857344324988,-0.017973416486570137
1,150,7,tis_anchored,1.254857344324988,-0.035681938315105466
1,150,7,occ_plus_uniform,1.254857344324988,-0.06936923926963035
1,150,7,occ_plus_mean,1.254857344324988,-0.05480144425096589
1,150,7,oracle_tail,1.254857344324988,-0.014603494552028362
1,150,7,complete_rollout,1.254857344324988,-0.11944067765832123
1,150,8,uniform,1.254857344324988,-0.021810815405065576
1,150,8,learned_occupancy,1.254857344324988,-0.045056112233501144
1,150,8,learned_mean,1.254857344324988,-0.038634333557721945
1,150,8,tis,1.254857344324988,-0.04503233603974888
1,150,8,tis_anchored,1.254857344324988,-0.04982834467159325
1,150,8,occ_plus_uniform,1.254857344324988,-0.03346312468174051
1,150,8,occ_plus_mean,1.254857344324988,-0.04841176604677244
1,150,8,oracle_tail,1.254857344324988,-0.01077855179419629
1,150,8,complete_rollout,1.254857344324988,-0.002253177658321226
1,150,9,uniform,1.254857344324988,-0.054825005666939264
1,150,9,learned_occupancy,1.254857344324988,-0.05386675102277971
1,150,9,learned_mean,1.254857344324988,-0.03863083621802765
1,150,9,tis,1.254857344324988,-0.03737399081384529
1,150,9,tis_anchored,1.254857344324988,-0.04673412669213861
1,150,9,occ_plus_uniform,1.254857344324988,-0.05888758165815755
1,150,9,occ_plus_mean,1.254857344324988,-0.049737316916539376
1,150,9,oracle_tail,1.254857344324988,-0.03946569467187344
1,150,9,complete_rollout,1.254857344324988,-0.015274010991654485
1,150,10,uniform,1.254857344324988,-0.037821149339710924
1,150,10,learned_occupancy,1.254857344324988,-0.028416332459660687
1,150,10,learned_mean,1.254857344324988,-0.01107126957796889
1,150,10,tis,1.254857344324988,-0.025635730711538463
1,150,10,tis_anchored,1.254857344324988,-0.028852356372622623
1,150,10,occ_plus_uniform,1.254857344324988,-0.04025893275014614
1,150,10,occ_plus_mean,1.254857344324988,-0.01494091542828957
1,150,10,oracle_tail,1.254857344324988,-0.025480183465386164
1,150,10,complete_rollout,1.254857344324988,0.030298905675012033
1,150,11,uniform,1.254857344324988,0.004898283282529725
1,150,11,learned_occupancy,1.254857344324988,0.025554158690179296
1,150,11,learned_mean,1.254857344324988,0.024398181586877454
1,150,11,tis,1.254857344324988,0.014921523432643635
1,150,11,tis_anchored,1.254857344324988,0.014516664152499636
1,150,11,occ_plus_uniform,1.254857344324988,0.0205766605527824
1,150,11,occ_plus_mean,1.254857344324988,0.023537396139585054
1,150,11,oracle_tail,1.254857344324988,-0.0016566851997219523
1,150,11,complete_rollout,1.254857344324988,0.07587182234167877
1,150,12,uniform,1.254857344324988,0.005642941576178728
1,150,12,learned_occupancy,1.254857344324988,0.021877686400425533
1,150,12,learned_mean,1.254857344324988,0.04796173009722815
1,150,12,tis,1.254857344324988,-0.009074393841584927
1,150,12,tis_anchored,1.254857344324988,-0.0010026582815734209
1,150,12,occ_plus_uniform,1.254857344324988,0.025195687792618937
1,150,12,occ_plus_mean,1.254857344324988,0.04635311960512967
1,150,12,oracle_tail,1.254857344324988,-0.004973344819593217
1,150,12,complete_rollout,1.254857344324988,0.023788489008345293
1,150,13,uniform,1.254857344324988,0.006737496605854654
1,150,13,learned_occupancy,1.254857344324988,-0.002599913908228446
1,150,13,learned_mean,1.254857344324988,0.009843867841885956
1,150,13,tis,1.254857344324988,-0.00903080884935692
1,150,13,tis_anchored,1.254857344324988,-0.0024395116409148265
1,150,13,occ_plus_uniform,1.254857344324988,-0.012978422684610136
1,150,13,occ_plus_mean,1.254857344324988,0.008643001316534615
1,150,13,oracle_tail,1.254857344324988,0.016450359123794334
1,150,13,complete_rollout,1.254857344324988,0.010767655675012033
1,150,14,uniform,1.254857344324988,-0.009126074410626295
1,150,14,learned_occupancy,1.254857344324988,0.004603137678799385
1,150,14,learned_mean,1.254857344324988,0.013248981793198222
1,150,14,tis,1.254857344324988,0.02167562887687069
1,150,14,tis_anchored,1.254857344324988,0.0287683076774381
1,150,14,occ_plus_uniform,1.254857344324988,0.003747526400738943
1,150,14,occ_plus_mean,1.254857344324988,0.016394154875930322
1,150,14,oracle_tail,1.254857344324988,0.013658332162824527
1,150,14,complete_rollout,1.254857344324988,-0.021784427658321226
1,150,15,uniform,1.254857344324988,-0.010833213627587046
1,150,15,learned_occupancy,1.254857344324988,-0.012891927896066413
1,150,15,learned_mean,1.254857344324988,-0.01863366462439986
1,150,15,tis,1.254857344324988,-0.02714932750692234
1,150,15,tis_anchored,1.254857344324988,-0.02729559749933852
1,150,15,occ_plus_uniform,1.254857344324988,-0.0010713094523613353
1,150,15,occ_plus_mean,1.254857344324988,-0.012428610113547789
1,150,15,oracle_tail,1.254857344324988,-0.033283388408936965
1,150,15,complete_rollout,1.254857344324988,-0.054336510991654485
1,150,16,uniform,1.254857344324988,-0.04306570940936583
1,150,16,learned_occupancy,1.254857344324988,-0.021220915857203204
1,150,16,learned_mean,1.254857344324988,-0.02518030461177334
1,150,16,tis,1.254857344324988,-0.007830280239907284
1,150,16,tis_anchored,1.254857344324988,-0.02262757005609095
1,150,16,occ_plus_uniform,1.254857344324988,-0.0004179056211310872
1,150,16,occ_plus_mean,1.254857344324988,-0.019322601718481103
1,150,16,oracle_tail,1.254857344324988,-0.010868897806399769
1,150,16,complete_rollout,1.254857344324988,0.023788489008345293
1,150,17,uniform,1.254857344324988,-0.02060119278677819
1,150,17,learned_occupancy,1.254857344324988,-0.035581065409104884
1,150,17,learned_mean,1.254857344324988,-0.01815467258312653
1,150,17,tis,1.254857344324988,-0.008962704183249848
1,150,17,tis_anchored,1.254857344324988,-0.016577273455243624
1,150,17,occ_plus_uniform,1.254857344324988,-0.022498065424470415
1,150,17,occ_plus_mean,1.254857344324988,-0.03225256988022096
1,150,17,oracle_tail,1.254857344324988,0.0001286465142198434
1,150,17,complete_rollout,1.254857344324988,-0.021784427658321226
1,150,18,uniform,1.254857344324988,0.019588842602777934
1,150,18,learned_occupancy,1.254857344324988,0.019628836087199453
1,150,18,learned_mean,1.254857344324988,0.022793110593726018
1,150,18,tis,1.254857344324988,-0.00027984815653114836
1,150,18,tis_anchored,1.254857344324988,0.01105531025587414
1,150,18,occ_plus_uniform,1.254857344324988,0.005022737732422788
1,150,18,occ_plus_mean,1.254857344324988,0.01661071792669233
1,150,18,oracle_tail,1.254857344324988,0.00892159295686823
1,150,18,complete_rollout,1.254857344324988,-0.054336510991654485
1,150,19,uniform,1.254857344324988,0.05678416763969496
1,150,19,learned_occupancy,1.254857344324988,0.059568265685376875
1,150,19,learned_mean,1.254857344324988,0.06388355159428238
1,150,19,tis,1.254857344324988,0.042573420122498096
1,150,19,tis_anchored,1.254857344324988,0.05202185725872255
1,150,19,occ_plus_uniform,1.254857344324988,0.06440923783295682
1,150,19,occ_plus_mean,1.254857344324988,0.05937363548361274
1,150,19,oracle_tail,1.254857344324988,0.035403028856260566
1,150,19,complete_rollout,1.254857344324988,-0.054336510991654485
1,150,20,uniform,1.254857344324988,-0.00041169414757291634
1,150,20,learned_occupancy,1.254857344324988,-0.01866034932250593
1,150,20,learned_mean,1.254857344324988,-0.02268682723896509
1,150,20,tis,1.254857344324988,-0.0062765075514223945
1,150,20,tis_anchored,1.254857344324988,-0.016306338413518695
1,150,20,occ_plus_uniform,1.254857344324988,0.010531347455587259
1,150,20,occ_plus_mean,1.254857344324988,-0.022352290960689247
1,150,20,oracle_tail,1.254857344324988,-0.020623917354129606
1,150,20,complete_rollout,1.254857344324988,0.023788489008345293
1,150,21,uniform,1.254857344324988,0.018472122988215878
1,150,21,learned_occupancy,1.254857344324988,0.0026362397393497883
1,150,21,learned_mean,1.254857344324988,0.008752320965506488
1,150,21,tis,1.254857344324988,0.0215968624533851
1,150,21,tis_anchored,1.254857344324988,0.015621101103754143
1,150,21,occ_plus_uniform,1.254857344324988,0.00024962209900025734
1,150,21,occ_plus_mean,1.254857344324988,0.004181663858914275
1,150,21,oracle_tail,1.254857344324988,0.02394047326176829
1,150,21,complete_rollout,1.254857344324988,0.056340572341678774
1,150,22,uniform,1.254857344324988,0.028985047641655548
1,150,22,learned_occupancy,1.254857344324988,0.02977419861164221
1,150,22,learned_mean,1.254857344324988,0.019185930050812372
1,150,22,tis,1.254857344324988,0.01936430462468719
1,150,22,tis_anchored,1.254857344324988,0.012488784373989148
1,150,22,occ_plus_uniform,1.254857344324988,0.02345767618979311
1,150,22,occ_plus_mean,1.254857344324988,0.02668799082015827
1,150,22,oracle_tail,1.254857344324988,0.03491671798324303
1,150,22,complete_rollout,1.254857344324988,0.10191348900834529
1,150,23,uniform,1.254857344324988,-0.06008318992805939
1,150,23,learned_occupancy,1.254857344324988,-0.06286439573842917
1,150,23,learned_mean,1.254857344324988,-0.046488943582314146
1,150,23,tis,1.254857344324988,-0.03933952301208121
1,150,23,tis_anchored,1.254857344324988,-0.051240790394721625
1,150,23,occ_plus_uniform,1.254857344324988,-0.08079588972419072
1,150,23,occ_plus_mean,1.254857344324988,-0.05904807916179311
1,150,23,oracle_tail,1.254857344324988,-0.02890170149810367
1,150,23,complete_rollout,1.254857344324988,0.036809322341678774
1,150,24,uniform,1.254857344324988,0.0013689429309708956
1,150,24,learned_occupancy,1.254857344324988,-0.02209778979279009
1,150,24,learned_mean,1.254857344324988,-0.022152689068553055
1,150,24,tis,1.254857344324988,-0.0249673488248896
1,150,24,tis_anchored,1.254857344324988,-0.023609513749416777
1,150,24,occ_plus_uniform,1.254857344324988,-0.025387831307847275
1,150,24,occ_plus_mean,1.254857344324988,-0.031125619680248517
1,150,24,oracle_tail,1.254857344324988,-0.016172067456025285
1,150,24,complete_rollout,1.254857344324988,0.010767655675012033
1,150,25,uniform,1.254857344324988,0.03380565066114216
1,150,25,learned_occupancy,1.254857344324988,0.04143442067352088
1,150,25,learned_mean,1.254857344324988,0.03833870097014258
1,150,25,tis,1.254857344324988,0.026799355523858814
1,150,25,tis_anchored,1.254857344324988,0.0311161290015467
1,150,25,occ_plus_uniform,1.254857344324988,0.05171484987431407
1,150,25,occ_plus_mean,1.254857344324988,0.03910248029095009
1,150,25,oracle_tail,1.254857344324988,0.0004515577444665908
1,150,25,complete_rollout,1.254857344324988,0.06285098900834529
1,150,26,uniform,1.254857344324988,-0.0823818674590715
1,150,26,learned_occupancy,1.254857344324988,-0.03947678819945
1,150,26,learned_mean,1.254857344324988,-0.043620980514066376
1,150,26,tis,1.254857344324988,-0.048420026520409554
1,150,26,tis_anchored,1.254857344324988,-0.056149980163442414
1,150,26,occ_plus_uniform,1.254857344324988,-0.04822327951548333
1,150,26,occ_plus_mean,1.254857344324988,-0.049960110539017055
1,150,26,oracle_tail,1.254857344324988,-0.04266322020708513
1,150,26,complete_rollout,1.254857344324988,-0.008763594324987967
1,150,27,uniform,1.254857344324988,0.0304888561521226
1,150,27,learned_occupancy,1.254857344324988,-0.005642992297373972
1,150,27,learned_mean,1.254857344324988,0.006706015287074152
1,150,27,tis,1.254857344324988,0.006061358554069862
1,150,27,tis_anchored,1.254857344324988,-0.015569784289374056
1,150,27,occ_plus_uniform,1.254857344324988,0.02444261453455021
1,150,27,occ_plus_mean,1.254857344324988,0.007855547949515707
1,150,27,oracle_tail,1.254857344324988,0.005832629759543462
1,150,27,complete_rollout,1.254857344324988,0.04983015567501203
1,150,28,uniform,1.254857344324988,0.016687189698358473
1,150,28,learned_occupancy,1.254857344324988,0.020506202078119706
1,150,28,learned_mean,1.254857344324988,0.0023235134673540436
1,150,28,tis,1.254857344324988,0.0287729349500343
1,150,28,tis_anchored,1.254857344324988,0.02477156641749856
1,150,28,occ_plus_uniform,1.254857344324988,0.02684739268644387
1,150,28,occ_plus_mean,1.254857344324988,0.013394443498945474
1,150,28,oracle_tail,1.254857344324988,0.019401192109971044
1,150,28,complete_rollout,1.254857344324988,0.04983015567501203
1,150,29,uniform,1.254857344324988,-0.021793885444539862
1,150,29,learned_occupancy,1.254857344324988,-0.01691288891090581
1,150,29,learned_mean,1.254857344324988,-0.006152753093695784
1,150,29,tis,1.254857344324988,-0.02894812849132422
1,150,29,tis_anchored,1.254857344324988,-0.015433954070420253
1,150,29,occ_plus_uniform,1.254857344324988,-0.0021740231865194914
1,150,29,occ_plus_mean,1.254857344324988,-0.0053340229546796625
1,150,29,oracle_tail,1.254857344324988,-0.017889508798069054
1,150,29,complete_rollout,1.254857344324988,-0.07386776099165449
1,150,30,uniform,1.254857344324988,0.014065460482135306
1,150,30,learned_occupancy,1.254857344324988,0.014325240764786473
1,150,30,learned_mean,1.254857344324988,0.007103665951528004
1,150,30,tis,1.254857344324988,0.02213618599695355
1,150,30,tis_anchored,1.254857344324988,0.01406222488709985
1,150,30,occ_plus_uniform,1.254857344324988,0.03355921201043177
1,150,30,occ_plus_mean,1.254857344324988,0.021499328912382154
1,150,30,oracle_tail,1.254857344324988,0.02166061929947305
1,150,30,complete_rollout,1.254857344324988,-0.16501359432498797
1,150,31,uniform,1.254857344324988,-0.019271172109321277
1,150,31,learned_occupancy,1.254857344324988,-0.03357640504318571
1,150,31,learned_mean,1.254857344324988,-0.030891179571095773
1,150,31,tis,1.254857344324988,-0.008245373561144076
1,150,31,tis_anchored,1.254857344324988,-0.004102019950193769
1,150,31,occ_plus_uniform,1.254857344324988,-0.029541060239025585
1,150,31,occ_plus_mean,1.254857344324988,-0.021995164329060346
1,150,31,oracle_tail,1.254857344324988,-0.0017806621529312672
1,150,31,complete_rollout,1.254857344324988,0.07587182234167877
1,150,32,uniform,1.254857344324988,-0.03356621816093397
1,150,32,learned_occupancy,1.254857344324988,-0.02910841984942447
1,150,32,learned_mean,1.254857344324988,-0.032024519030724896
1,150,32,tis,1.254857344324988,-0.017480988125589736
1,150,32,tis_anchored,1.254857344324988,-0.02660971397378531
1,150,32,occ_plus_uniform,1.254857344324988,-0.03095335100115504
1,150,32,occ_plus_mean,1.254857344324988,-0.03932283635022804
1,150,32,oracle_tail,1.254857344324988,-0.02576276587386972
1,150,32,complete_rollout,1.254857344324988,0.004257239008345293
1,150,33,uniform,1.254857344324988,-0.05910723606435342
1,150,33,learned_occupancy,1.254857344324988,-0.04615874710633405
1,150,33,learned_mean,1.254857344324988,-0.0553869001829046
1,150,33,tis,1.254857344324988,-0.018206730666236792
1,150,33,tis_anchored,1.254857344324988,-0.03126667279822959
1,150,33,occ_plus_uniform,1.254857344324988,-0.04769156417557485
1,150,33,occ_plus_mean,1.254857344324988,-0.06047096921238815
1,150,33,oracle_tail,1.254857344324988,0.0023358072382606565
1,150,33,complete_rollout,1.254857344324988,-0.008763594324987967
1,150,34,uniform,1.254857344324988,-0.013356734818283256
1,150,34,learned_occupancy,1.254857344324988,-0.04002717244363718
1,150,34,learned_mean,1.254857344324988,-0.011236330777974368
1,150,34,tis,1.254857344324988,-0.02066352097073465
1,150,34,tis_anchored,1.254857344324988,-0.024930794280158652
1,150,34,occ_plus_uniform,1.254857344324988,-0.019707063439369454
1,150,34,occ_plus_mean,1.254857344324988,-0.03298042565966197
1,150,34,oracle_tail,1.254857344324988,-0.02707916835033819
1,150,34,complete_rollout,1.254857344324988,-0.054336510991654485
1,150,35,uniform,1.254857344324988,-0.017225952954710966
1,150,35,learned_occupancy,1.254857344324988,-0.010998075800946694
1,150,35,learned_mean,1.254857344324988,-0.008784965730572303
1,150,35,tis,1.254857344324988,-0.012055058942498809
1,150,35,tis_anchored,1.254857344324988,-0.02048797692515958
1,150,35,occ_plus_uniform,1.254857344324988,-0.01364278898945459
1,150,35,occ_plus_mean,1.254857344324988,-0.014970629853757078
1,150,35,oracle_tail,1.254857344324988,-0.007499183887494709
1,150,35,complete_rollout,1.254857344324988,-0.07386776099165449
1,150,36,uniform,1.254857344324988,-0.006475332385230015
1,150,36,learned_occupancy,1.254857344324988,0.002899514299567585
1,150,36,learned_mean,1.254857344324988,-0.001840826827236075
1,150,36,tis,1.254857344324988,-0.017843586098167608
1,150,36,tis_anchored,1.254857344324988,-0.011444480499509302
1,150,36,occ_plus_uniform,1.254857344324988,-0.013273080108926916
1,150,36,occ_plus_mean,1.254857344324988,-0.004364950875547002
1,150,36,oracle_tail,1.254857344324988,-0.0011560841172861824
1,150,36,complete_rollout,1.254857344324988,-0.054336510991654485
1,150,37,uniform,1.254857344324988,0.010251405279528836
1,150,37,learned_occupancy,1.254857344324988,0.0011172672313208842
1,150,37,learned_mean,1.254857344324988,-0.005928907862330579
1,150,37,tis,1.254857344324988,-0.002277399838912064
1,150,37,tis_anchored,1.254857344324988,0.0014263375152259172
1,150,37,occ_plus_uniform,1.254857344324988,0.006934154938249337
1,150,37,occ_plus_mean,1.254857344324988,0.003978677819471255
1,150,37,oracle_tail,1.254857344324988,-0.0022462773946911874
1,150,37,complete_rollout,1.254857344324988,-0.028294844324987967
1,150,38,uniform,1.254857344324988,0.0082418612682158
1,150,38,learned_occupancy,1.254857344324988,0.004393281227897283
1,150,38,learned_mean,1.254857344324988,0.009466748880265108
1,150,38,tis,1.254857344324988,0.015910345756045885
1,150,38,tis_anchored,1.254857344324988,0.006671722439262284
1,150,38,occ_plus_uniform,1.254857344324988,0.010423008635513265
1,150,38,occ_plus_mean,1.254857344324988,0.002373900044484678
1,150,38,oracle_tail,1.254857344324988,0.014073962160963571
1,150,38,complete_rollout,1.254857344324988,-0.008763594324987967
1,150,39,uniform,1.254857344324988,-0.04213698259626031
1,150,39,learned_occupancy,1.254857344324988,-0.023618394482054272
1,150,39,learned_mean,1.254857344324988,-0.017476744512322284
1,150,39,tis,1.254857344324988,0.01239745145018456
1,150,39,tis_anchored,1.254857344324988,-0.013374491675200106
1,150,39,occ_plus_uniform,1.254857344324988,-0.024623449647932727
1,150,39,occ_plus_mean,1.254857344324988,-0.029047358772144705
1,150,39,oracle_tail,1.254857344324988,0.006688618334435459
1,150,39,complete_rollout,1.254857344324988,-0.054336510991654485
1,150,40,uniform,1.254857344324988,-0.006057501841507662
1,150,40,learned_occupancy,1.254857344324988,-0.02632625710578651
1,150,40,learned_mean,1.254857344324988,-0.01411929290781977
1,150,40,tis,1.254857344324988,-0.0197494506257041
1,150,40,tis_anchored,1.254857344324988,-0.016990458174142464
1,150,40,occ_plus_uniform,1.254857344324988,-0.019858474726681896
1,150,40,occ_plus_mean,1.254857344324988,-0.023462705814354834
1,150,40,oracle_tail,1.254857344324988,-0.016552367878175378
1,150,40,complete_rollout,1.254857344324988,0.036809322341678774
1,150,41,uniform,1.254857344324988,-0.005306171216127975
1,150,41,learned_occupancy,1.254857344324988,0.0017992072346479926
1,150,41,learned_mean,1.254857344324988,-0.0037868545273003207
1,150,41,tis,1.254857344324988,-0.01984786620731449
1,150,41,tis_anchored,1.254857344324988,-0.022449362476181234
1,150,41,occ_plus_uniform,1.254857344324988,-0.013286018913627462
1,150,41,occ_plus_mean,1.254857344324988,-0.0053455269435040975
1,150,41,oracle_tail,1.254857344324988,-0.007038872924590489
1,150,41,complete_rollout,1.254857344324988,0.056340572341678774
1,150,42,uniform,1.254857344324988,0.030167683013280655
1,150,42,learned_occupancy,1.254857344324988,0.03432899750166607
1,150,42,learned_mean,1.254857344324988,0.02953080446957479
1,150,42,tis,1.254857344324988,0.0018763277287130453
1,150,42,tis_anchored,1.254857344324988,0.023578144878139806
1,150,42,occ_plus_uniform,1.254857344324988,0.02514342643107459
1,150,42,occ_plus_mean,1.254857344324988,0.03801277825606508
1,150,42,oracle_tail,1.254857344324988,-0.0026574073382392704
1,150,42,complete_rollout,1.254857344324988,0.010767655675012033
1,150,43,uniform,1.254857344324988,-0.05098084397451519
1,150,43,learned_occupancy,1.254857344324988,-0.04250531598761653
1,150,43,learned_mean,1.254857344324988,-0.03793670989662856
1,150,43,tis,1.254857344324988,-0.07187623372080254
1,150,43,tis_anchored,1.254857344324988,-0.04488969077927685
1,150,43,occ_plus_uniform,1.254857344324988,-0.0383354977446686
1,150,43,occ_plus_mean,1.254857344324988,-0.04633597264865763
1,150,43,oracle_tail,1.254857344324988,-0.05038186517398957
1,150,43,complete_rollout,1.254857344324988,0.030298905675012033
1,150,44,uniform,1.254857344324988,0.04751750815861033
1,150,44,learned_occupancy,1.254857344324988,0.05799287121372454
1,150,44,learned_mean,1.254857344324988,0.04473252671041328
1,150,44,tis,1.254857344324988,0.03566575852778242
1,150,44,tis_anchored,1.254857344324988,0.03845907057510578
1,150,44,occ_plus_uniform,1.254857344324988,0.04716727241786667
1,150,44,occ_plus_mean,1.254857344324988,0.04604165576938324
1,150,44,oracle_tail,1.254857344324988,0.022862619987568333
1,150,44,complete_rollout,1.254857344324988,-0.041315677658321226
1,150,45,uniform,1.254857344324988,-0.0027942891075005694
1,150,45,learned_occupancy,1.254857344324988,0.002565132753410193
1,150,45,learned_mean,1.254857344324988,0.016596110776653017
1,150,45,tis,1.254857344324988,0.003993948248195434
1,150,45,tis_anchored,1.254857344324988,0.012895938857959699
1,150,45,occ_plus_uniform,1.254857344324988,0.008307297650779866
1,150,45,occ_plus_mean,1.254857344324988,0.015403584265974546
1,150,45,oracle_tail,1.254857344324988,0.011868852180530798
1,150,45,complete_rollout,1.254857344324988,0.04331973900834529
1,150,46,uniform,1.254857344324988,-0.02489613444625549
1,150,46,learned_occupancy,1.254857344324988,-0.026960771901783254
1,150,46,learned_mean,1.254857344324988,-0.03977419273997329
1,150,46,tis,1.254857344324988,-0.008626960629559033
1,150,46,tis_anchored,1.254857344324988,-0.0039034518889231595
1,150,46,occ_plus_uniform,1.254857344324988,-0.05013794870964383
1,150,46,occ_plus_mean,1.254857344324988,-0.030372267780692352
1,150,46,oracle_tail,1.254857344324988,0.002212867548866626
1,150,46,complete_rollout,1.254857344324988,0.023788489008345293
1,150,47,uniform,1.254857344324988,0.005078580953447265
1,150,47,learned_occupancy,1.254857344324988,-0.012096948080900338
1,150,47,learned_mean,1.254857344324988,-0.004320692847424645
1,150,47,tis,1.254857344324988,0.002402951248053675
1,150,47,tis_anchored,1.254857344324988,-0.005089874425262764
1,150,47,occ_plus_uniform,1.254857344324988,-0.005624165589823704
1,150,47,occ_plus_mean,1.254857344324988,-0.0024546823798856643
1,150,47,oracle_tail,1.254857344324988,0.018628463355472746
1,150,47,complete_rollout,1.254857344324988,0.017278072341678774
1,150,48,uniform,1.254857344324988,0.03737171937634409
1,150,48,learned_occupancy,1.254857344324988,0.027517181660875467
1,150,48,learned_mean,1.254857344324988,0.01613558861958775
1,150,48,tis,1.254857344324988,0.010495465417421634
1,150,48,tis_anchored,1.254857344324988,0.014568222354162996
1,150,48,occ_plus_uniform,1.254857344324988,0.009500475416779341
1,150,48,occ_plus_mean,1.254857344324988,0.02387731643716484
1,150,48,oracle_tail,1.254857344324988,0.013621487013946831
1,150,48,complete_rollout,1.254857344324988,-0.041315677658321226
1,150,49,uniform,1.254857344324988,0.012661422664492106
1,150,49,learned_occupancy,1.254857344324988,0.030539192566196194
1,150,49,learned_mean,1.254857344324988,0.014567228224825257
1,150,49,tis,1.254857344324988,-0.02788941390296862
1,150,49,tis_anchored,1.254857344324988,-0.004041641094446158
1,150,49,occ_plus_uniform,1.254857344324988,0.027241940109524743
1,150,49,occ_plus_mean,1.254857344324988,0.019491648756872593
1,150,49,oracle_tail,1.254857344324988,-0.006887167840001318
1,150,49,complete_rollout,1.254857344324988,0.056340572341678774
1,150,50,uniform,1.254857344324988,0.013779401854879136
1,150,50,learned_occupancy,1.254857344324988,0.027692199394655503
1,150,50,learned_mean,1.254857344324988,0.020608493371653935
1,150,50,tis,1.254857344324988,0.030460578217976764
1,150,50,tis_anchored,1.254857344324988,0.004321197938425003
1,150,50,occ_plus_uniform,1.254857344324988,0.015633527850120732
1,150,50,occ_plus_mean,1.254857344324988,0.022200907124114044
1,150,50,oracle_tail,1.254857344324988,0.030731749820394505
1,150,50,complete_rollout,1.254857344324988,-0.034805260991654485
1,150,51,uniform,1.254857344324988,-0.01975580013745848
1,150,51,learned_occupancy,1.254857344324988,-0.020754683622354664
1,150,51,learned_mean,1.254857344324988,-0.02228395866014532
1,150,51,tis,1.254857344324988,-0.01799440352082593
1,150,51,tis_anchored,1.254857344324988,-0.0026034081492534167
1,150,51,occ_plus_uniform,1.254857344324988,-0.018199149925986147
1,150,51,occ_plus_mean,1.254857344324988,-0.030381217034800123
1,150,51,oracle_tail,1.254857344324988,0.01561074729973666
1,150,51,complete_rollout,1.254857344324988,0.010767655675012033
1,150,52,uniform,1.254857344324988,-0.0028392205564862216
1,150,52,learned_occupancy,1.254857344324988,0.006384241479780561
1,150,52,learned_mean,1.254857344324988,-0.003633705838362866
1,150,52,tis,1.254857344324988,0.0062997113675742344
1,150,52,tis_anchored,1.254857344324988,-0.0012967777167862682
1,150,52,occ_plus_uniform,1.254857344324988,0.01104216504558253
1,150,52,occ_plus_mean,1.254857344324988,-0.0055964859813246726
1,150,52,oracle_tail,1.254857344324988,0.021510577796077346
1,150,52,complete_rollout,1.254857344324988,0.023788489008345293
1,150,53,uniform,1.254857344324988,-0.01776201111947384
1,150,53,learned_occupancy,1.254857344324988,0.0010751874492462843
1,150,53,learned_mean,1.254857344324988,-0.0022201359378346552
1,150,53,tis,1.254857344324988,0.003443779826040272
1,150,53,tis_anchored,1.254857344324988,0.005709697406515835
1,150,53,occ_plus_uniform,1.254857344324988,0.0010575432016892705
1,150,53,occ_plus_mean,1.254857344324988,0.007441318564517685
1,150,53,oracle_tail,1.254857344324988,0.012570301541442452
1,150,53,complete_rollout,1.254857344324988,-0.021784427658321226
1,150,54,uniform,1.254857344324988,-0.000530639976400904
1,150,54,learned_occupancy,1.254857344324988,-0.0022336007149139636
1,150,54,learned_mean,1.254857344324988,-0.0017875226559493917
1,150,54,tis,1.254857344324988,0.013828966609611415
1,150,54,tis_anchored,1.254857344324988,0.017173389262494787
1,150,54,occ_plus_uniform,1.254857344324988,-0.012441091167334495
1,150,54,occ_plus_mean,1.254857344324988,-0.0014229258072022688
1,150,54,oracle_tail,1.254857344324988,0.018890913318304836
1,150,54,complete_rollout,1.254857344324988,-0.002253177658321226
1,150,55,uniform,1.254857344324988,-0.02709900103329055
1,150,55,learned_occupancy,1.254857344324988,-0.023399092573900493
1,150,55,learned_mean,1.254857344324988,-0.02901046354558323
1,150,55,tis,1.254857344324988,-0.03521091487005967
1,150,55,tis_anchored,1.254857344324988,-0.031532311399589785
1,150,55,occ_plus_uniform,1.254857344324988,-0.009764666245076548
1,150,55,occ_plus_mean,1.254857344324988,-0.02645260871839339
1,150,55,oracle_tail,1.254857344324988,-0.038265318751036004
1,150,55,complete_rollout,1.254857344324988,-0.028294844324987967
1,150,56,uniform,1.254857344324988,-0.0013628205383067193
1,150,56,learned_occupancy,1.254857344324988,0.03372775478886103
1,150,56,learned_mean,1.254857344324988,0.025165359306001278
1,150,56,tis,1.254857344324988,0.002450841956180172
1,150,56,tis_anchored,1.254857344324988,0.007254036716478174
1,150,56,occ_plus_uniform,1.254857344324988,0.00021805055179946464
1,150,56,occ_plus_mean,1.254857344324988,0.025254685409610067
1,150,56,oracle_tail,1.254857344324988,0.005076503616430861
1,150,56,complete_rollout,1.254857344324988,0.010767655675012033
1,150,57,uniform,1.254857344324988,0.020008168012811245
1,150,57,learned_occupancy,1.254857344324988,0.011141051891292886
1,150,57,learned_mean,1.254857344324988,0.03511068087840208
1,150,57,tis,1.254857344324988,0.006729995944023237
1,150,57,tis_anchored,1.254857344324988,0.01673895563594696
1,150,57,occ_plus_uniform,1.254857344324988,0.014565108962485862
1,150,57,occ_plus_mean,1.254857344324988,0.013446360332523222
1,150,57,oracle_tail,1.254857344324988,0.011516871210334845
1,150,57,complete_rollout,1.254857344324988,0.004257239008345293
1,150,58,uniform,1.254857344324988,0.007263856804249569
1,150,58,learned_occupancy,1.254857344324988,0.01634088559689939
1,150,58,learned_mean,1.254857344324988,0.023570402709300664
1,150,58,tis,1.254857344324988,0.01930089013027514
1,150,58,tis_anchored,1.254857344324988,0.014994068090679935
1,150,58,occ_plus_uniform,1.254857344324988,0.013223189065423302
1,150,58,occ_plus_mean,1.254857344324988,0.01837748433706432
1,150,58,oracle_tail,1.254857344324988,0.01773722409127365
1,150,58,complete_rollout,1.254857344324988,0.004257239008345293
1,150,59,uniform,1.254857344324988,0.001956598119279951
1,150,59,learned_occupancy,1.254857344324988,0.0023577883327443594
1,150,59,learned_mean,1.254857344324988,-0.01693995318454511
1,150,59,tis,1.254857344324988,-0.02115356785558098
1,150,59,tis_anchored,1.254857344324988,-0.015151366988718218
1,150,59,occ_plus_uniform,1.254857344324988,0.005734528813127193
1,150,59,occ_plus_mean,1.254857344324988,-0.008077971977707099
1,150,59,oracle_tail,1.254857344324988,-0.005252464678338953
1,150,59,complete_rollout,1.254857344324988,0.030298905675012033
1,150,60,uniform,1.254857344324988,-0.010126930367832632
1,150,60,learned_occupancy,1.254857344324988,0.019534620562600136
1,150,60,learned_mean,1.254857344324988,0.021429453819863387
1,150,60,tis,1.254857344324988,0.010863437511095864
1,150,60,tis_anchored,1.254857344324988,0.013501336891071913
1,150,60,occ_plus_uniform,1.254857344324988,0.005341081756209398
1,150,60,occ_plus_mean,1.254857344324988,0.021367584801722073
1,150,60,oracle_tail,1.254857344324988,0.019664242396254528
1,150,60,complete_rollout,1.254857344324988,-0.034805260991654485
1,150,61,uniform,1.254857344324988,0.02303284929926419
1,150,61,learned_occupancy,1.254857344324988,0.0207189023060963
1,150,61,learned_mean,1.254857344324988,-0.001970383392858821
1,150,61,tis,1.254857344324988,-0.004452187425907805
1,150,61,tis_anchored,1.254857344324988,0.009155799518738128
1,150,61,occ_plus_uniform,1.254857344324988,0.03289056040464278
1,150,61,occ_plus_mean,1.254857344324988,0.005650827474608544
1,150,61,oracle_tail,1.254857344324988,-0.020195428318961373
1,150,61,complete_rollout,1.254857344324988,0.023788489008345293
1,150,62,uniform,1.254857344324988,-0.02877994434074882
1,150,62,learned_occupancy,1.254857344324988,-0.04143064919231132
1,150,62,learned_mean,1.254857344324988,-0.03352447041510054
1,150,62,tis,1.254857344324988,-0.00983610088856901
1,150,62,tis_anchored,1.254857344324988,-0.01150044798690697
1,150,62,occ_plus_uniform,1.254857344324988,-0.029908809083130317
1,150,62,occ_plus_mean,1.254857344324988,-0.03491431071690365
1,150,62,oracle_tail,1.254857344324988,-0.00698889478427267
1,150,62,complete_rollout,1.254857344324988,-0.021784427658321226
1,150,63,uniform,1.254857344324988,-0.0024162886742913336
1,150,63,learned_occupancy,1.254857344324988,-0.007384821811410092
1,150,63,learned_mean,1.254857344324988,-0.0010168815912299234
1,150,63,tis,1.254857344324988,-0.007654354026534138
1,150,63,tis_anchored,1.254857344324988,-0.0008377143757576366
1,150,63,occ_plus_uniform,1.254857344324988,-0.011612065991883469
1,150,63,occ_plus_mean,1.254857344324988,0.0010111885996493264
1,150,63,oracle_tail,1.254857344324988,-0.006330120311450083
1,150,63,complete_rollout,1.254857344324988,-0.002253177658321226
1,150,64,uniform,1.254857344324988,-0.02221423662263211
1,150,64,learned_occupancy,1.254857344324988,-0.018616704369519343
1,150,64,learned_mean,1.254857344324988,-0.0038575788197658945
1,150,64,tis,1.254857344324988,0.0009866868694294872
1,150,64,tis_anchored,1.254857344324988,-0.005238371592812818
1,150,64,occ_plus_uniform,1.254857344324988,-0.012101241157966625
1,150,64,occ_plus_mean,1.254857344324988,-1.0329619143600866e-05
1,150,64,oracle_tail,1.254857344324988,0.016286950137462952
1,150,64,complete_rollout,1.254857344324988,0.017278072341678774
1,150,65,uniform,1.254857344324988,-0.008394233413960839
1,150,65,learned_occupancy,1.254857344324988,0.03509797712400253
1,150,65,learned_mean,1.254857344324988,0.0032058700835129184
1,150,65,tis,1.254857344324988,0.01138004373180812
1,150,65,tis_anchored,1.254857344324988,0.003569026602658232
1,150,65,occ_plus_uniform,1.254857344324988,0.002690924572364084
1,150,65,occ_plus_mean,1.254857344324988,0.02563445212418003
1,150,65,oracle_tail,1.254857344324988,0.010723267715290863
1,150,65,complete_rollout,1.254857344324988,-0.04782609432498797
1,150,66,uniform,1.254857344324988,0.018145837514340846
1,150,66,learned_occupancy,1.254857344324988,-0.006580038278794609
1,150,66,learned_mean,1.254857344324988,-0.013401368492139687
1,150,66,tis,1.254857344324988,-0.0020206908377753408
1,150,66,tis_anchored,1.254857344324988,-0.016015931954744156
1,150,66,occ_plus_uniform,1.254857344324988,-0.0010014854314805977
1,150,66,occ_plus_mean,1.254857344324988,-0.01640529616314712
1,150,66,oracle_tail,1.254857344324988,-0.00966950678228029
1,150,66,complete_rollout,1.254857344324988,0.04983015567501203
1,150,67,uniform,1.254857344324988,-0.03286376176585826
1,150,67,learned_occupancy,1.254857344324988,-0.03195078176300381
1,150,67,learned_mean,1.254857344324988,-0.042395895479526935
1,150,67,tis,1.254857344324988,-0.035268057496380845
1,150,67,tis_anchored,1.254857344324988,-0.033107037466824085
1,150,67,occ_plus_uniform,1.254857344324988,-0.02953120354469907
1,150,67,occ_plus_mean,1.254857344324988,-0.03966924313288045
1,150,67,oracle_tail,1.254857344324988,-0.0221930066236804
1,150,67,complete_rollout,1.254857344324988,0.036809322341678774
1,150,68,uniform,1.254857344324988,0.030317114521030808
1,150,68,learned_occupancy,1.254857344324988,0.03740447125323709
1,150,68,learned_mean,1.254857344324988,0.043208499518929244
1,150,68,tis,1.254857344324988,0.04329164774576544
1,150,68,tis_anchored,1.254857344324988,0.040628386015523876
1,150,68,occ_plus_uniform,1.254857344324988,0.042968795960943496
1,150,68,occ_plus_mean,1.254857344324988,0.03807860414011488
1,150,68,oracle_tail,1.254857344324988,0.01956500110454895
1,150,68,complete_rollout,1.254857344324988,0.004257239008345293
1,150,69,uniform,1.254857344324988,0.025390753471035143
1,150,69,learned_occupancy,1.254857344324988,0.0318233693173664
1,150,69,learned_mean,1.254857344324988,0.03451776705412657
1,150,69,tis,1.254857344324988,0.028385292295145526
1,150,69,tis_anchored,1.254857344324988,0.03804720548745588
1,150,69,occ_plus_uniform,1.254857344324988,0.029681024506739595
1,150,69,occ_plus_mean,1.254857344324988,0.02737889867562293
1,150,69,oracle_tail,1.254857344324988,0.03369991162028496
1,150,69,complete_rollout,1.254857344324988,0.04331973900834529
1,150,70,uniform,1.254857344324988,0.02621418018974886
1,150,70,learned_occupancy,1.254857344324988,0.02602623145394789
1,150,70,learned_mean,1.254857344324988,0.03512668715149081
1,150,70,tis,1.254857344324988,0.015390129508719541
1,150,70,tis_anchored,1.254857344324988,0.03216169286112547
1,150,70,occ_plus_uniform,1.254857344324988,0.03526394191223581
1,150,70,occ_plus_mean,1.254857344324988,0.03011134549341765
1,150,70,oracle_tail,1.254857344324988,0.02664449921428602
1,150,70,complete_rollout,1.254857344324988,0.04331973900834529
1,150,71,uniform,1.254857344324988,-0.0036970032073895265
1,150,71,learned_occupancy,1.254857344324988,0.0013018748992745799
1,150,71,learned_mean,1.254857344324988,0.02248890798196479
1,150,71,tis,1.254857344324988,-0.0018217368488657737
1,150,71,tis_anchored,1.254857344324988,0.01613956524796034
1,150,71,occ_plus_uniform,1.254857344324988,0.0013189092627425847
1,150,71,occ_plus_mean,1.254857344324988,0.008017898533004164
1,150,71,oracle_tail,1.254857344324988,-0.0071185274406222465
1,150,71,complete_rollout,1.254857344324988,0.056340572341678774
1,150,72,uniform,1.254857344324988,-0.019566672189033074
1,150,72,learned_occupancy,1.254857344324988,-0.024778761425467533
1,150,72,learned_mean,1.254857344324988,-0.009214943224923555
1,150,72,tis,1.254857344324988,-0.007747413994789287
1,150,72,tis_anchored,1.254857344324988,-0.010653488383140619
1,150,72,occ_plus_uniform,1.254857344324988,-0.033132377353678244
1,150,72,occ_plus_mean,1.254857344324988,-0.028768587387168365
1,150,72,oracle_tail,1.254857344324988,-0.00546170864471307
1,150,72,complete_rollout,1.254857344324988,-0.04782609432498797
1,150,73,uniform,1.254857344324988,0.014402143358488884
1,150,73,learned_occupancy,1.254857344324988,0.02035893861274496
1,150,73,learned_mean,1.254857344324988,0.0022193166351853755
1,150,73,tis,1.254857344324988,-0.007482196885189252
1,150,73,tis_anchored,1.254857344324988,-0.019363061138443438
1,150,73,occ_plus_uniform,1.254857344324988,0.004747123075442561
1,150,73,occ_plus_mean,1.254857344324988,0.00785506081916787
1,150,73,oracle_tail,1.254857344324988,-0.012334966795668256
1,150,73,complete_rollout,1.254857344324988,0.017278072341678774
1,150,74,uniform,1.254857344324988,0.014218937784281849
1,150,74,learned_occupancy,1.254857344324988,0.017326868195825185
1,150,74,learned_mean,1.254857344324988,0.013587805228677308
1,150,74,tis,1.254857344324988,-0.0029085818394760654
1,150,74,tis_anchored,1.254857344324988,0.01643780019545482
1,150,74,occ_plus_uniform,1.254857344324988,0.019768622916486844
1,150,74,occ_plus_mean,1.254857344324988,0.009135200474334582
1,150,74,oracle_tail,1.254857344324988,-0.0038409729240378443
1,150,74,complete_rollout,1.254857344324988,-0.028294844324987967
1,150,75,uniform,1.254857344324988,0.019312689618631085
1,150,75,learned_occupancy,1.254857344324988,0.03842151285702711
1,150,75,learned_mean,1.254857344324988,0.021814213306147856
1,150,75,tis,1.254857344324988,0.00981861356528091
1,150,75,tis_anchored,1.254857344324988,0.01650789031600297
1,150,75,occ_plus_uniform,1.254857344324988,0.04890237630758776
1,150,75,occ_plus_mean,1.254857344324988,0.0337646418826838
1,150,75,oracle_tail,1.254857344324988,-0.002220897427323898
1,150,75,complete_rollout,1.254857344324988,0.017278072341678774
1,150,76,uniform,1.254857344324988,0.043489782043272474
1,150,76,learned_occupancy,1.254857344324988,0.07933620610135272
1,150,76,learned_mean,1.254857344324988,0.07300799893609122
1,150,76,tis,1.254857344324988,0.054280631434511895
1,150,76,tis_anchored,1.254857344324988,0.06566850432903504
1,150,76,occ_plus_uniform,1.254857344324988,0.05786101075964889
1,150,76,occ_plus_mean,1.254857344324988,0.07412144707469603
1,150,76,oracle_tail,1.254857344324988,0.0428115608485411
1,150,76,complete_rollout,1.254857344324988,0.004257239008345293
1,150,77,uniform,1.254857344324988,-0.02371432183830402
1,150,77,learned_occupancy,1.254857344324988,-0.02687296271011763
1,150,77,learned_mean,1.254857344324988,-0.012614754274538731
1,150,77,tis,1.254857344324988,0.0005808477127600131
1,150,77,tis_anchored,1.254857344324988,-0.0053333987914729875
1,150,77,occ_plus_uniform,1.254857344324988,-0.0324771014545
1,150,77,occ_plus_mean,1.254857344324988,-0.019613013991474748
1,150,77,oracle_tail,1.254857344324988,0.0014229467979749444
1,150,77,complete_rollout,1.254857344324988,-0.002253177658321226
1,150,78,uniform,1.254857344324988,-0.008228006763324469
1,150,78,learned_occupancy,1.254857344324988,-0.01762198736353926
1,150,78,learned_mean,1.254857344324988,-0.01330264272678816
1,150,78,tis,1.254857344324988,-0.0035566393301496024
1,150,78,tis_anchored,1.254857344324988,-0.00742915598559879
1,150,78,occ_plus_uniform,1.254857344324988,-0.01789281436042467
1,150,78,occ_plus_mean,1.254857344324988,-0.007085106124805174
1,150,78,oracle_tail,1.254857344324988,-0.02663149001289611
1,150,78,complete_rollout,1.254857344324988,0.036809322341678774
1,150,79,uniform,1.254857344324988,-0.0163780166822709
1,150,79,learned_occupancy,1.254857344324988,-0.017882765093262254
1,150,79,learned_mean,1.254857344324988,-0.026555158359175213
1,150,79,tis,1.254857344324988,-0.004267815843577827
1,150,79,tis_anchored,1.254857344324988,-0.0267472511182012
1,150,79,occ_plus_uniform,1.254857344324988,-0.0008671645808828732
1,150,79,occ_plus_mean,1.254857344324988,-0.016597474686414815
1,150,79,oracle_tail,1.254857344324988,-0.007946935061148075
1,150,79,complete_rollout,1.254857344324988,0.10191348900834529
1,150,80,uniform,1.254857344324988,0.03905902944175366
1,150,80,learned_occupancy,1.254857344324988,-0.0001495723228126522
1,150,80,learned_mean,1.254857344324988,0.017483721812420416
1,150,80,tis,1.254857344324988,0.02492684340092488
1,150,80,tis_anchored,1.254857344324988,0.034069681785643624
1,150,80,occ_plus_uniform,1.254857344324988,0.025621742277227133
1,150,80,occ_plus_mean,1.254857344324988,0.006596169432360632
1,150,80,oracle_tail,1.254857344324988,0.015533928893007865
1,150,80,complete_rollout,1.254857344324988,-0.021784427658321226
1,150,81,uniform,1.254857344324988,-0.05929464201470913
1,150,81,learned_occupancy,1.254857344324988,-0.03792964113606212
1,150,81,learned_mean,1.254857344324988,-0.033422746046070095
1,150,81,tis,1.254857344324988,-0.03514544557293098
1,150,81,tis_anchored,1.254857344324988,-0.03029057278143088
1,150,81,occ_plus_uniform,1.254857344324988,-0.03906044789875773
1,150,81,occ_plus_mean,1.254857344324988,-0.029553232642275384
1,150,81,oracle_tail,1.254857344324988,-0.039873769411840954
1,150,81,complete_rollout,1.254857344324988,0.010767655675012033
1,150,82,uniform,1.254857344324988,0.02600021600502389
1,150,82,learned_occupancy,1.254857344324988,-0.009150491215397238
1,150,82,learned_mean,1.254857344324988,-0.005227190391941194
1,150,82,tis,1.254857344324988,0.011630961266167583
1,150,82,tis_anchored,1.254857344324988,0.014859525441141441
1,150,82,occ_plus_uniform,1.254857344324988,0.0127751543571486
1,150,82,occ_plus_mean,1.254857344324988,-0.012003025526433841
1,150,82,oracle_tail,1.254857344324988,0.02374850903129966
1,150,82,complete_rollout,1.254857344324988,-0.015274010991654485
1,150,83,uniform,1.254857344324988,0.024963476981661348
1,150,83,learned_occupancy,1.254857344324988,0.01254774402948966
1,150,83,learned_mean,1.254857344324988,0.02738900477151751
1,150,83,tis,1.254857344324988,0.02191014449795947
1,150,83,tis_anchored,1.254857344324988,0.03389947201277632
1,150,83,occ_plus_uniform,1.254857344324988,0.008074677001423058
1,150,83,occ_plus_mean,1.254857344324988,0.022595067685948766
1,150,83,oracle_tail,1.254857344324988,0.0075472616845395635
1,150,83,complete_rollout,1.254857344324988,-0.04782609432498797
1,150,84,uniform,1.254857344324988,-0.06109269780054438
1,150,84,learned_occupancy,1.254857344324988,-0.05941505772878264
1,150,84,learned_mean,1.254857344324988,-0.0612279511155398
1,150,84,tis,1.254857344324988,-0.008179817973559489
1,150,84,tis_anchored,1.254857344324988,-0.031639968964005005
1,150,84,occ_plus_uniform,1.254857344324988,-0.077810917323061
1,150,84,occ_plus_mean,1.254857344324988,-0.07328494513266892
1,150,84,oracle_tail,1.254857344324988,-0.01569456594361185
1,150,84,complete_rollout,1.254857344324988,-0.015274010991654485
1,150,85,uniform,1.254857344324988,-0.03625441115401884
1,150,85,learned_occupancy,1.254857344324988,-0.018485884199446412
1,150,85,learned_mean,1.254857344324988,-0.011803526463451952
1,150,85,tis,1.254857344324988,-0.0013949487682591855
1,150,85,tis_anchored,1.254857344324988,-0.01977337709320115
1,150,85,occ_plus_uniform,1.254857344324988,-0.021113423220026517
1,150,85,occ_plus_mean,1.254857344324988,-0.02112966510098513
1,150,85,oracle_tail,1.254857344324988,-0.008598132612915865
1,150,85,complete_rollout,1.254857344324988,-0.008763594324987967
1,150,86,uniform,1.254857344324988,-0.022676406649342784
1,150,86,learned_occupancy,1.254857344324988,-0.0011286261816769727
1,150,86,learned_mean,1.254857344324988,-0.03443028093865941
1,150,86,tis,1.254857344324988,-0.011187672354553424
1,150,86,tis_anchored,1.254857344324988,-0.007872730282732832
1,150,86,occ_plus_uniform,1.254857344324988,-0.0017895174872837316
1,150,86,occ_plus_mean,1.254857344324988,-0.007111881231187889
1,150,86,oracle_tail,1.254857344324988,-0.002738447296578128
1,150,86,complete_rollout,1.254857344324988,-0.041315677658321226
1,150,87,uniform,1.254857344324988,0.029048539607338775
1,150,87,learned_occupancy,1.254857344324988,0.02793432216858438
1,150,87,learned_mean,1.254857344324988,0.026596602457214402
1,150,87,tis,1.254857344324988,0.020632812031007752
1,150,87,tis_anchored,1.254857344324988,0.025177616301782058
1,150,87,occ_plus_uniform,1.254857344324988,0.03607896786727105
1,150,87,occ_plus_mean,1.254857344324988,0.02658166284818697
1,150,87,oracle_tail,1.254857344324988,0.008629887565792416
1,150,87,complete_rollout,1.254857344324988,-0.041315677658321226
1,150,88,uniform,1.254857344324988,0.03482223507772231
1,150,88,learned_occupancy,1.254857344324988,0.04446648119370833
1,150,88,learned_mean,1.254857344324988,0.035060469884879986
1,150,88,tis,1.254857344324988,0.025977547852123806
1,150,88,tis_anchored,1.254857344324988,0.03465683815884946
1,150,88,occ_plus_uniform,1.254857344324988,0.03901597774151577
1,150,88,occ_plus_mean,1.254857344324988,0.041111634041195444
1,150,88,oracle_tail,1.254857344324988,0.030119711929938564
1,150,88,complete_rollout,1.254857344324988,-0.054336510991654485
1,150,89,uniform,1.254857344324988,0.04611209502359692
1,150,89,learned_occupancy,1.254857344324988,0.04987802531296692
1,150,89,learned_mean,1.254857344324988,0.05114600264320779
1,150,89,tis,1.254857344324988,0.030879420699517324
1,150,89,tis_anchored,1.254857344324988,0.03685836193425973
1,150,89,occ_plus_uniform,1.254857344324988,0.05843086125309682
1,150,89,occ_plus_mean,1.254857344324988,0.057220226799327145
1,150,89,oracle_tail,1.254857344324988,0.024708572412851737
1,150,89,complete_rollout,1.254857344324988,-0.028294844324987967
1,150,90,uniform,1.254857344324988,-0.018768917360788784
1,150,90,learned_occupancy,1.254857344324988,-0.013203662323766352
1,150,90,learned_mean,1.254857344324988,-0.013928287089623126
1,150,90,tis,1.254857344324988,-0.019343285472880334
1,150,90,tis_anchored,1.254857344324988,-0.011467223702587015
1,150,90,occ_plus_uniform,1.254857344324988,0.0006274129134078432
1,150,90,occ_plus_mean,1.254857344324988,-0.015313952345748838
1,150,90,oracle_tail,1.254857344324988,-0.012782898450554248
1,150,90,complete_rollout,1.254857344324988,-0.008763594324987967
1,150,91,uniform,1.254857344324988,-0.020266121435150275
1,150,91,learned_occupancy,1.254857344324988,0.012180176790671515
1,150,91,learned_mean,1.254857344324988,0.009389667471118468
1,150,91,tis,1.254857344324988,-0.011038520660292095
1,150,91,tis_anchored,1.254857344324988,-0.006035621113354983
1,150,91,occ_plus_uniform,1.254857344324988,-0.0007743132426931698
1,150,91,occ_plus_mean,1.254857344324988,0.010743641569258777
1,150,91,oracle_tail,1.254857344324988,-0.00899562255340225
1,150,91,complete_rollout,1.254857344324988,-0.015274010991654485
1,150,92,uniform,1.254857344324988,-0.005560755402839401
1,150,92,learned_occupancy,1.254857344324988,-0.033648443859514376
1,150,92,learned_mean,1.254857344324988,-0.011137998175003716
1,150,92,tis,1.254857344324988,0.005077694687199985
1,150,92,tis_anchored,1.254857344324988,-0.0016320859920111452
1,150,92,occ_plus_uniform,1.254857344324988,-0.0194566409734096
1,150,92,occ_plus_mean,1.254857344324988,-0.02304696239925441
1,150,92,oracle_tail,1.254857344324988,-0.008089816591402066
1,150,92,complete_rollout,1.254857344324988,-0.002253177658321226
1,150,93,uniform,1.254857344324988,-0.025577656308235053
1,150,93,learned_occupancy,1.254857344324988,-0.004410746711362767
1,150,93,learned_mean,1.254857344324988,-0.0034436385958358517
1,150,93,tis,1.254857344324988,-0.0010332738521501295
1,150,93,tis_anchored,1.254857344324988,-0.012862005351851113
1,150,93,occ_plus_uniform,1.254857344324988,-0.010249860566291513
1,150,93,occ_plus_mean,1.254857344324988,-0.00751663294124727
1,150,93,oracle_tail,1.254857344324988,0.0036469721129901433
1,150,93,complete_rollout,1.254857344324988,-0.034805260991654485
1,150,94,uniform,1.254857344324988,-0.0032460329528862797
1,150,94,learned_occupancy,1.254857344324988,-0.010808063195630213
1,150,94,learned_mean,1.254857344324988,-0.016790144208429503
1,150,94,tis,1.254857344324988,-0.02385085920058394
1,150,94,tis_anchored,1.254857344324988,-0.028273089351043224
1,150,94,occ_plus_uniform,1.254857344324988,0.00047009444469225947
1,150,94,occ_plus_mean,1.254857344324988,-0.009339262848259366
1,150,94,oracle_tail,1.254857344324988,-0.03540526071294492
1,150,94,complete_rollout,1.254857344324988,-0.008763594324987967
1,150,95,uniform,1.254857344324988,-0.019313257956913077
1,150,95,learned_occupancy,1.254857344324988,0.0075073009238624255
1,150,95,learned_mean,1.254857344324988,0.007537001317175607
1,150,95,tis,1.254857344324988,-0.025011653682293078
1,150,95,tis_anchored,1.254857344324988,-0.0034502861839147414
1,150,95,occ_plus_uniform,1.254857344324988,0.003036060051267997
1,150,95,occ_plus_mean,1.254857344324988,0.009422784394352623
1,150,95,oracle_tail,1.254857344324988,-0.010758066584465986
1,150,95,complete_rollout,1.254857344324988,0.10842390567501203
1,150,96,uniform,1.254857344324988,0.03718849587486406
1,150,96,learned_occupancy,1.254857344324988,0.018525049339135125
1,150,96,learned_mean,1.254857344324988,0.03098511954198191
1,150,96,tis,1.254857344324988,0.021042548597742572
1,150,96,tis_anchored,1.254857344324988,0.021024574075918956
1,150,96,occ_plus_uniform,1.254857344324988,0.025389052287907
1,150,96,occ_plus_mean,1.254857344324988,0.029986027013505723
1,150,96,oracle_tail,1.254857344324988,0.003379064541315424
1,150,96,complete_rollout,1.254857344324988,-0.015274010991654485
1,150,97,uniform,1.254857344324988,-0.00982023992396508
1,150,97,learned_occupancy,1.254857344324988,0.0153368822751625
1,150,97,learned_mean,1.254857344324988,0.014413152502328552
1,150,97,tis,1.254857344324988,0.0023225248593181647
1,150,97,tis_anchored,1.254857344324988,0.025831061070531014
1,150,97,occ_plus_uniform,1.254857344324988,-0.008125247210834852
1,150,97,occ_plus_mean,1.254857344324988,0.02111193323645999
1,150,97,oracle_tail,1.254857344324988,0.024441937471054276
1,150,97,complete_rollout,1.254857344324988,-0.008763594324987967
1,150,98,uniform,1.254857344324988,0.04309323153959088
1,150,98,learned_occupancy,1.254857344324988,0.04868267860385256
1,150,98,learned_mean,1.254857344324988,0.05095173513017959
1,150,98,tis,1.254857344324988,0.014232065563343
1,150,98,tis_anchored,1.254857344324988,0.045161130122628235
1,150,98,occ_plus_uniform,1.254857344324988,0.047002425862990194
1,150,98,occ_plus_mean,1.254857344324988,0.042821270460936756
1,150,98,oracle_tail,1.254857344324988,-0.0011066628269691403
1,150,98,complete_rollout,1.254857344324988,0.023788489008345293
1,150,99,uniform,1.254857344324988,-0.03503034335617272
1,150,99,learned_occupancy,1.254857344324988,-0.006516064153301748
1,150,99,learned_mean,1.254857344324988,-0.016559802057084072
1,150,99,tis,1.254857344324988,-0.03649626475644885
1,150,99,tis_anchored,1.254857344324988,-0.031815788969046244
1,150,99,occ_plus_uniform,1.254857344324988,-0.006489670767783728
1,150,99,occ_plus_mean,1.254857344324988,-0.011395488456334979
1,150,99,oracle_tail,1.254857344324988,-0.025913867636045307
1,150,99,complete_rollout,1.254857344324988,-0.015274010991654485
1,150,100,uniform,1.254857344324988,-0.027807250489261692
1,150,100,learned_occupancy,1.254857344324988,-0.02507840886185786
1,150,100,learned_mean,1.254857344324988,-0.03710960072252156
1,150,100,tis,1.254857344324988,-0.020507687755004333
1,150,100,tis_anchored,1.254857344324988,-0.024899133630237102
1,150,100,occ_plus_uniform,1.254857344324988,-0.033549215550749745
1,150,100,occ_plus_mean,1.254857344324988,-0.028834828220922537
1,150,100,oracle_tail,1.254857344324988,-0.0069831805412050585
1,150,100,complete_rollout,1.254857344324988,-0.041315677658321226
1,150,101,uniform,1.254857344324988,-0.021094466526060618
1,150,101,learned_occupancy,1.254857344324988,-0.011390359173466535
1,150,101,learned_mean,1.254857344324988,-0.014881935580701944
1,150,101,tis,1.254857344324988,0.005114779941909564
1,150,101,tis_anchored,1.254857344324988,0.002141906545356953
1,150,101,occ_plus_uniform,1.254857344324988,-0.016493277897612346
1,150,101,occ_plus_mean,1.254857344324988,-0.013920069192467466
1,150,101,oracle_tail,1.254857344324988,0.0064366141042242475
1,150,101,complete_rollout,1.254857344324988,0.04983015567501203
1,150,102,uniform,1.254857344324988,-0.011395274202430805
1,150,102,learned_occupancy,1.254857344324988,0.01451821659766539
1,150,102,learned_mean,1.254857344324988,0.019903715603032612
1,150,102,tis,1.254857344324988,0.003664476222448032
1,150,102,tis_anchored,1.254857344324988,0.005267542903715894
1,150,102,occ_plus_uniform,1.254857344324988,0.0014491632621269623
1,150,102,occ_plus_mean,1.254857344324988,0.014658877296661377
1,150,102,oracle_tail,1.254857344324988,-0.004560869053551242
1,150,102,complete_rollout,1.254857344324988,0.08238223900834529
1,150,103,uniform,1.254857344324988,0.004169216318993696
1,150,103,learned_occupancy,1.254857344324988,0.006719413202002311
1,150,103,learned_mean,1.254857344324988,0.00829069136886984
1,150,103,tis,1.254857344324988,0.024663754831853346
1,150,103,tis_anchored,1.254857344324988,0.009635478756609084
1,150,103,occ_plus_uniform,1.254857344324988,0.003763460798576146
1,150,103,occ_plus_mean,1.254857344324988,-0.0024858477445046656
1,150,103,oracle_tail,1.254857344324988,0.02497074957119816
1,150,103,complete_rollout,1.254857344324988,-0.028294844324987967
1,150,104,uniform,1.254857344324988,-0.03439104424438799
1,150,104,learned_occupancy,1.254857344324988,-0.03994378271969201
1,150,104,learned_mean,1.254857344324988,-0.02548337779074661
1,150,104,tis,1.254857344324988,-0.048418553055705305
1,150,104,tis_anchored,1.254857344324988,-0.029729826109203827
1,150,104,occ_plus_uniform,1.254857344324988,-0.06163046220623514
1,150,104,occ_plus_mean,1.254857344324988,-0.034717108142848785
1,150,104,oracle_tail,1.254857344324988,-0.038122279175806906
1,150,104,complete_rollout,1.254857344324988,0.023788489008345293
1,150,105,uniform,1.254857344324988,0.023651696375178055
1,150,105,learned_occupancy,1.254857344324988,0.008330987128320588
1,150,105,learned_mean,1.254857344324988,0.01942791679491629
1,150,105,tis,1.254857344324988,0.0010799434488479864
1,150,105,tis_anchored,1.254857344324988,0.0065893650100321555
1,150,105,occ_plus_uniform,1.254857344324988,0.02115846310580416
1,150,105,occ_plus_mean,1.254857344324988,0.016226164590699366
1,150,105,oracle_tail,1.254857344324988,0.01001246113083143
1,150,105,complete_rollout,1.254857344324988,-0.054336510991654485
1,150,106,uniform,1.254857344324988,-0.002069037207407476
1,150,106,learned_occupancy,1.254857344324988,-0.006446122118089148
1,150,106,learned_mean,1.254857344324988,-0.0025982090139986536
1,150,106,tis,1.254857344324988,0.025096220079880327
1,150,106,tis_anchored,1.254857344324988,0.02253523730126772
1,150,106,occ_plus_uniform,1.254857344324988,-0.003201998455840016
1,150,106,occ_plus_mean,1.254857344324988,0.0037790141468392324
1,150,106,oracle_tail,1.254857344324988,0.01703704748932644
1,150,106,complete_rollout,1.254857344324988,0.023788489008345293
1,150,107,uniform,1.254857344324988,-0.028598801625584258
1,150,107,learned_occupancy,1.254857344324988,-0.016849292306386765
1,150,107,learned_mean,1.254857344324988,-0.007684403193792599
1,150,107,tis,1.254857344324988,-0.000263139121738476
1,150,107,tis_anchored,1.254857344324988,-0.009308921807128057
1,150,107,occ_plus_uniform,1.254857344324988,-0.01795042246215761
1,150,107,occ_plus_mean,1.254857344324988,-0.010384107952184252
1,150,107,oracle_tail,1.254857344324988,0.007445570045591321
1,150,107,complete_rollout,1.254857344324988,-0.008763594324987967
1,150,108,uniform,1.254857344324988,-0.010739988835468894
1,150,108,learned_occupancy,1.254857344324988,-0.015496815904063821
1,150,108,learned_mean,1.254857344324988,-0.0016095186542182116
1,150,108,tis,1.254857344324988,0.008485521499075332
1,150,108,tis_anchored,1.254857344324988,0.0005733949483959222
1,150,108,occ_plus_uniform,1.254857344324988,-0.017466099977381022
1,150,108,occ_plus_mean,1.254857344324988,-0.00544516787216498
1,150,108,oracle_tail,1.254857344324988,0.01973537832301897
1,150,108,complete_rollout,1.254857344324988,0.09540307234167877
1,150,109,uniform,1.254857344324988,0.0015630612245223219
1,150,109,learned_occupancy,1.254857344324988,0.007277445714599207
1,150,109,learned_mean,1.254857344324988,0.014195467020736041
1,150,109,tis,1.254857344324988,-0.005400433497319668
1,150,109,tis_anchored,1.254857344324988,0.0024593358985836034
1,150,109,occ_plus_uniform,1.254857344324988,-0.003959734568517392
1,150,109,occ_plus_mean,1.254857344324988,0.0187487167320457
1,150,109,oracle_tail,1.254857344324988,-0.030524325422678578
1,150,109,complete_rollout,1.254857344324988,-0.021784427658321226
1,150,110,uniform,1.254857344324988,0.007784890347653839
1,150,110,learned_occupancy,1.254857344324988,-0.014707071203437394
1,150,110,learned_mean,1.254857344324988,-0.00960084544388251
1,150,110,tis,1.254857344324988,0.003051769025294915
1,150,110,tis_anchored,1.254857344324988,-0.009258846851047053
1,150,110,occ_plus_uniform,1.254857344324988,0.0015610384596835836
1,150,110,occ_plus_mean,1.254857344324988,-0.015629072996067306
1,150,110,oracle_tail,1.254857344324988,0.014225455005909993
1,150,110,complete_rollout,1.254857344324988,-0.008763594324987967
1,150,111,uniform,1.254857344324988,0.016088179802110636
1,150,111,learned_occupancy,1.254857344324988,0.0013990874474856252
1,150,111,learned_mean,1.254857344324988,0.006860048532051355
1,150,111,tis,1.254857344324988,0.0030106095377580022
1,150,111,tis_anchored,1.254857344324988,0.015222356179387386
1,150,111,occ_plus_uniform,1.254857344324988,-0.007719505775484414
1,150,111,occ_plus_mean,1.254857344324988,-0.004228934449579391
1,150,111,oracle_tail,1.254857344324988,0.01097795739900409
1,150,111,complete_rollout,1.254857344324988,-0.09339901099165449
1,150,112,uniform,1.254857344324988,-0.007114278043806932
1,150,112,learned_occupancy,1.254857344324988,-0.015088634701258208
1,150,112,learned_mean,1.254857344324988,-0.0008296682966459912
1,150,112,tis,1.254857344324988,-0.025807083260501296
1,150,112,tis_anchored,1.254857344324988,-0.011928618794450951
1,150,112,occ_plus_uniform,1.254857344324988,-0.013290609740648218
1,150,112,occ_plus_mean,1.254857344324988,0.006690677138812884
1,150,112,oracle_tail,1.254857344324988,-0.026158753688654723
1,150,112,complete_rollout,1.254857344324988,-0.008763594324987967
1,150,113,uniform,1.254857344324988,-0.01088812794367744
1,150,113,learned_occupancy,1.254857344324988,0.0036042962889091257
1,150,113,learned_mean,1.254857344324988,-0.014443425311947866
1,150,113,tis,1.254857344324988,-0.013040098079036166
1,150,113,tis_anchored,1.254857344324988,-0.004333151633142851
1,150,113,occ_plus_uniform,1.254857344324988,0.003466787482268696
1,150,113,occ_plus_mean,1.254857344324988,-0.004727969591678871
1,150,113,oracle_tail,1.254857344324988,-0.022304410756748272
1,150,113,complete_rollout,1.254857344324988,0.04331973900834529
1,150,114,uniform,1.254857344324988,0.0336471457876355
1,150,114,learned_occupancy,1.254857344324988,0.008185017033709663
1,150,114,learned_mean,1.254857344324988,0.020959903362832488
1,150,114,tis,1.254857344324988,0.004157696585907589
1,150,114,tis_anchored,1.254857344324988,0.015939756799749683
1,150,114,occ_plus_uniform,1.254857344324988,0.03254105586808409
1,150,114,occ_plus_mean,1.254857344324988,0.008591222159060496
1,150,114,oracle_tail,1.254857344324988,0.01801669881657686
1,150,114,complete_rollout,1.254857344324988,-0.008763594324987967
1,150,115,uniform,1.254857344324988,-0.01125290902683762
1,150,115,learned_occupancy,1.254857344324988,-0.02320411666644251
1,150,115,learned_mean,1.254857344324988,-0.035626556512950325
1,150,115,tis,1.254857344324988,-0.011686394506166042
1,150,115,tis_anchored,1.254857344324988,-0.0035948192899895037
1,150,115,occ_plus_uniform,1.254857344324988,-0.012341425329835731
1,150,115,occ_plus_mean,1.254857344324988,-0.020815235963905554
1,150,115,oracle_tail,1.254857344324988,-0.0007278710347116135
1,150,115,complete_rollout,1.254857344324988,0.017278072341678774
1,150,116,uniform,1.254857344324988,0.02845266737700558
1,150,116,learned_occupancy,1.254857344324988,0.026587583460755848
1,150,116,learned_mean,1.254857344324988,0.042931678722826216
1,150,116,tis,1.254857344324988,0.037277128557591244
1,150,116,tis_anchored,1.254857344324988,0.03886491648048329
1,150,116,occ_plus_uniform,1.254857344324988,0.04116770537648473
1,150,116,occ_plus_mean,1.254857344324988,0.03811139961976884
1,150,116,oracle_tail,1.254857344324988,0.03168370729416026
1,150,116,complete_rollout,1.254857344324988,0.017278072341678774
1,150,117,uniform,1.254857344324988,-0.017608039205681214
1,150,117,learned_occupancy,1.254857344324988,-0.0048527414240617794
1,150,117,learned_mean,1.254857344324988,-0.0166734579973411
1,150,117,tis,1.254857344324988,-0.012319246518438964
1,150,117,tis_anchored,1.254857344324988,-0.008681965929337565
1,150,117,occ_plus_uniform,1.254857344324988,-0.00451913644505364
1,150,117,occ_plus_mean,1.254857344324988,-0.011064212981763522
1,150,117,oracle_tail,1.254857344324988,-0.014515095735246009
1,150,117,complete_rollout,1.254857344324988,0.017278072341678774
1,150,118,uniform,1.254857344324988,-0.014048320743402565
1,150,118,learned_occupancy,1.254857344324988,-0.015285889340735714
1,150,118,learned_mean,1.254857344324988,0.0005216416045765726
1,150,118,tis,1.254857344324988,-0.010459396491129258
1,150,118,tis_anchored,1.254857344324988,-0.011127226586139516
1,150,118,occ_plus_uniform,1.254857344324988,-0.01798696273311884
1,150,118,occ_plus_mean,1.254857344324988,0.002858864723060295
1,150,118,oracle_tail,1.254857344324988,-0.008748372102729718
1,150,118,complete_rollout,1.254857344324988,0.06936140567501203
1,150,119,uniform,1.254857344324988,0.006380052619262111
1,150,119,learned_occupancy,1.254857344324988,0.017540097985895953
1,150,119,learned_mean,1.254857344324988,0.012429932527846521
1,150,119,tis,1.254857344324988,-0.007270401005595062
1,150,119,tis_anchored,1.254857344324988,-0.008963268031214833
1,150,119,occ_plus_uniform,1.254857344324988,0.018164997920090187
1,150,119,occ_plus_mean,1.254857344324988,0.02274876195586728
1,150,119,oracle_tail,1.254857344324988,-0.015253875685225404
1,150,119,complete_rollout,1.254857344324988,-0.04782609432498797
1,150,120,uniform,1.254857344324988,0.007535519387827039
1,150,120,learned_occupancy,1.254857344324988,0.031117988368600802
1,150,120,learned_mean,1.254857344324988,0.018066454473453675
1,150,120,tis,1.254857344324988,0.00871563014698018
1,150,120,tis_anchored,1.254857344324988,0.018270498703107485
1,150,120,occ_plus_uniform,1.254857344324988,0.03595896752630723
1,150,120,occ_plus_mean,1.254857344324988,0.02591753207000247
1,150,120,oracle_tail,1.254857344324988,0.011149068766327153
1,150,120,complete_rollout,1.254857344324988,-0.021784427658321226
1,150,121,uniform,1.254857344324988,-0.016919547829852055
1,150,121,learned_occupancy,1.254857344324988,-0.013597158729259817
1,150,121,learned_mean,1.254857344324988,-0.016723141788139495
1,150,121,tis,1.254857344324988,-0.0028353205459457076
1,150,121,tis_anchored,1.254857344324988,-0.02208425879131526
1,150,121,occ_plus_uniform,1.254857344324988,-0.02161063662888174
1,150,121,occ_plus_mean,1.254857344324988,-0.020759862297754506
1,150,121,oracle_tail,1.254857344324988,0.008485922095047727
1,150,121,complete_rollout,1.254857344324988,-0.054336510991654485
1,150,122,uniform,1.254857344324988,0.022739709594142177
1,150,122,learned_occupancy,1.254857344324988,0.0031525048648943788
1,150,122,learned_mean,1.254857344324988,0.0026998105848663467
1,150,122,tis,1.254857344324988,0.005262058652208745
1,150,122,tis_anchored,1.254857344324988,-0.0034257908541508453
1,150,122,occ_plus_uniform,1.254857344324988,4.3696065479048585e-05
1,150,122,occ_plus_mean,1.254857344324988,-0.006431639368803532
1,150,122,oracle_tail,1.254857344324988,0.00312636568251623
1,150,122,complete_rollout,1.254857344324988,0.056340572341678774
1,150,123,uniform,1.254857344324988,0.022099987647035135
1,150,123,learned_occupancy,1.254857344324988,0.011877021728342152
1,150,123,learned_mean,1.254857344324988,0.00395104848656902
1,150,123,tis,1.254857344324988,0.03027978655330754
1,150,123,tis_anchored,1.254857344324988,0.0314894490561628
1,150,123,occ_plus_uniform,1.254857344324988,0.023385428448880363
1,150,123,occ_plus_mean,1.254857344324988,0.011453890146292167
1,150,123,oracle_tail,1.254857344324988,0.03630657352246125
1,150,123,complete_rollout,1.254857344324988,0.023788489008345293
1,150,124,uniform,1.254857344324988,-0.024214045189509203
1,150,124,learned_occupancy,1.254857344324988,-0.054094659260960576
1,150,124,learned_mean,1.254857344324988,-0.060642872806327075
1,150,124,tis,1.254857344324988,-0.022452342419292393
1,150,124,tis_anchored,1.254857344324988,-0.04519089207004057
1,150,124,occ_plus_uniform,1.254857344324988,-0.04357266398485926
1,150,124,occ_plus_mean,1.254857344324988,-0.06311228494797949
1,150,124,oracle_tail,1.254857344324988,-0.010486314715391742
1,150,124,complete_rollout,1.254857344324988,-0.002253177658321226
1,150,125,uniform,1.254857344324988,-0.001173462315218643
1,150,125,learned_occupancy,1.254857344324988,0.011049264828618899
1,150,125,learned_mean,1.254857344324988,0.009825286161124769
1,150,125,tis,1.254857344324988,-0.010134713991132305
1,150,125,tis_anchored,1.254857344324988,0.004278606260364359
1,150,125,occ_plus_uniform,1.254857344324988,0.0077456194545515444
1,150,125,occ_plus_mean,1.254857344324988,0.01587439593531892
1,150,125,oracle_tail,1.254857344324988,-0.0029787151183080507
1,150,125,complete_rollout,1.254857344324988,-0.054336510991654485
1,150,126,uniform,1.254857344324988,0.035574181719250086
1,150,126,learned_occupancy,1.254857344324988,0.04049830708304558
1,150,126,learned_mean,1.254857344324988,0.028798503776724882
1,150,126,tis,1.254857344324988,0.014078802372176735
1,150,126,tis_anchored,1.254857344324988,0.012169059925894121
1,150,126,occ_plus_uniform,1.254857344324988,0.0449918503666471
1,150,126,occ_plus_mean,1.254857344324988,0.03981871208043897
1,150,126,oracle_tail,1.254857344324988,0.017108178587683875
1,150,126,complete_rollout,1.254857344324988,0.023788489008345293
1,150,127,uniform,1.254857344324988,-0.024665143462429207
1,150,127,learned_occupancy,1.254857344324988,-0.02783548487593679
1,150,127,learned_mean,1.254857344324988,-0.015819053008298667
1,150,127,tis,1.254857344324988,-0.018466392358377437
1,150,127,tis_anchored,1.254857344324988,-0.03315179412230895
1,150,127,occ_plus_uniform,1.254857344324988,-0.0265506090560792
1,150,127,occ_plus_mean,1.254857344324988,-0.021321900746987144
1,150,127,oracle_tail,1.254857344324988,-0.015231918600516536
1,150,127,complete_rollout,1.254857344324988,-0.008763594324987967
1,150,128,uniform,1.254857344324988,-0.004131032489697928
1,150,128,learned_occupancy,1.254857344324988,0.01010669142447762
1,150,128,learned_mean,1.254857344324988,0.0007273444715552024
1,150,128,tis,1.254857344324988,-0.006009986595143957
1,150,128,tis_anchored,1.254857344324988,-0.004026496233562549
1,150,128,occ_plus_uniform,1.254857344324988,-0.021131017877966674
1,150,128,occ_plus_mean,1.254857344324988,0.0013633049685233267
1,150,128,oracle_tail,1.254857344324988,0.0015056358427520955
1,150,128,complete_rollout,1.254857344324988,0.04331973900834529
1,150,129,uniform,1.254857344324988,0.051856967750222305
1,150,129,learned_occupancy,1.254857344324988,0.054868742178306285
1,150,129,learned_mean,1.254857344324988,0.06217213699006696
1,150,129,tis,1.254857344324988,0.05656333493166965
1,150,129,tis_anchored,1.254857344324988,0.04187945508842317
1,150,129,occ_plus_uniform,1.254857344324988,0.055672743932259516
1,150,129,occ_plus_mean,1.254857344324988,0.05433202920266833
1,150,129,oracle_tail,1.254857344324988,0.036198434516730105
1,150,129,complete_rollout,1.254857344324988,-0.002253177658321226
1,150,130,uniform,1.254857344324988,0.017097273495584986
1,150,130,learned_occupancy,1.254857344324988,0.020654781073780715
1,150,130,learned_mean,1.254857344324988,0.0006263821986016715
1,150,130,tis,1.254857344324988,-0.0018228602551488837
1,150,130,tis_anchored,1.254857344324988,-0.005715893466742505
1,150,130,occ_plus_uniform,1.254857344324988,0.03088837615906659
1,150,130,occ_plus_mean,1.254857344324988,0.011128676097988288
1,150,130,oracle_tail,1.254857344324988,0.0040559606192616116
1,150,130,complete_rollout,1.254857344324988,-0.19756567765832123
1,150,131,uniform,1.254857344324988,0.03225826540911525
1,150,131,learned_occupancy,1.254857344324988,0.04759074723234513
1,150,131,learned_mean,1.254857344324988,0.040951561292184024
1,150,131,tis,1.254857344324988,0.027277964330233218
1,150,131,tis_anchored,1.254857344324988,0.02985434229659556
1,150,131,occ_plus_uniform,1.254857344324988,0.04117182737389946
1,150,131,occ_plus_mean,1.254857344324988,0.04028694724333093
1,150,131,oracle_tail,1.254857344324988,0.01793331541382548
1,150,131,complete_rollout,1.254857344324988,0.030298905675012033
1,150,132,uniform,1.254857344324988,0.011332132427299024
1,150,132,learned_occupancy,1.254857344324988,0.01922935452401897
1,150,132,learned_mean,1.254857344324988,0.029632807793419813
1,150,132,tis,1.254857344324988,0.0343121495009342
1,150,132,tis_anchored,1.254857344324988,0.03071023701451292
1,150,132,occ_plus_uniform,1.254857344324988,0.008557275999298897
1,150,132,occ_plus_mean,1.254857344324988,0.011629490369552409
1,150,132,oracle_tail,1.254857344324988,-0.006924075056647716
1,150,132,complete_rollout,1.254857344324988,-0.002253177658321226
1,150,133,uniform,1.254857344324988,0.017267141892037596
1,150,133,learned_occupancy,1.254857344324988,0.02766151875378564
1,150,133,learned_mean,1.254857344324988,0.031545502027162
1,150,133,tis,1.254857344324988,0.03130371209431093
1,150,133,tis_anchored,1.254857344324988,0.03054991445927646
1,150,133,occ_plus_uniform,1.254857344324988,0.008075050379217075
1,150,133,occ_plus_mean,1.254857344324988,0.02169648433968918
1,150,133,oracle_tail,1.254857344324988,0.0034471733992551545
1,150,133,complete_rollout,1.254857344324988,-0.06735734432498797
1,150,134,uniform,1.254857344324988,0.014317598046713176
1,150,134,learned_occupancy,1.254857344324988,0.01532764549294785
1,150,134,learned_mean,1.254857344324988,0.029663736698470666
1,150,134,tis,1.254857344324988,-0.00207943096297325
1,150,134,tis_anchored,1.254857344324988,0.015588581197505391
1,150,134,occ_plus_uniform,1.254857344324988,0.016896976754700477
1,150,134,occ_plus_mean,1.254857344324988,0.019487262179129106
1,150,134,oracle_tail,1.254857344324988,0.0024367451306566146
1,150,134,complete_rollout,1.254857344324988,0.023788489008345293
1,150,135,uniform,1.254857344324988,-0.009761902307588777
1,150,135,learned_occupancy,1.254857344324988,-0.04517357877802164
1,150,135,learned_mean,1.254857344324988,-0.04829475315215981
1,150,135,tis,1.254857344324988,-0.0421843421917647
1,150,135,tis_anchored,1.254857344324988,-0.03720381951021934
1,150,135,occ_plus_uniform,1.254857344324988,-0.017839427497078342
1,150,135,occ_plus_mean,1.254857344324988,-0.03879744870443158
1,150,135,oracle_tail,1.254857344324988,-0.004805478957218945
1,150,135,complete_rollout,1.254857344324988,0.04331973900834529
1,150,136,uniform,1.254857344324988,-0.005663037871381338
1,150,136,learned_occupancy,1.254857344324988,-0.019780552867999734
1,150,136,learned_mean,1.254857344324988,-0.0037203395060894096
1,150,136,tis,1.254857344324988,0.003840619523591382
1,150,136,tis_anchored,1.254857344324988,0.015503231282960606
1,150,136,occ_plus_uniform,1.254857344324988,0.0026352744166870945
1,150,136,occ_plus_mean,1.254857344324988,-0.007327770503450015
1,150,136,oracle_tail,1.254857344324988,-0.0026658459767925358
1,150,136,complete_rollout,1.254857344324988,0.06936140567501203
1,150,137,uniform,1.254857344324988,0.056890857709381626
1,150,137,learned_occupancy,1.254857344324988,0.06920406554372782
1,150,137,learned_mean,1.254857344324988,0.05892964846265958
1,150,137,tis,1.254857344324988,0.022804735190895986
1,150,137,tis_anchored,1.254857344324988,0.042492367949864995
1,150,137,occ_plus_uniform,1.254857344324988,0.06990548334672742
1,150,137,occ_plus_mean,1.254857344324988,0.05958397094656043
1,150,137,oracle_tail,1.254857344324988,0.02490348127867903
1,150,137,complete_rollout,1.254857344324988,0.056340572341678774
1,150,138,uniform,1.254857344324988,0.026052233897181587
1,150,138,learned_occupancy,1.254857344324988,0.03296919629609163
1,150,138,learned_mean,1.254857344324988,0.03230552285375121
1,150,138,tis,1.254857344324988,0.011792199546083015
1,150,138,tis_anchored,1.254857344324988,0.03365876070837093
1,150,138,occ_plus_uniform,1.254857344324988,0.027941160247392238
1,150,138,occ_plus_mean,1.254857344324988,0.04086807120501312
1,150,138,oracle_tail,1.254857344324988,-0.008586748735790461
1,150,138,complete_rollout,1.254857344324988,-0.002253177658321226
1,150,139,uniform,1.254857344324988,-0.023744499689629883
1,150,139,learned_occupancy,1.254857344324988,-0.02789152557723651
1,150,139,learned_mean,1.254857344324988,-0.004718423351127932
1,150,139,tis,1.254857344324988,-0.030838501480024982
1,150,139,tis_anchored,1.254857344324988,-0.04899036827187331
1,150,139,occ_plus_uniform,1.254857344324988,-0.02245016354101148
1,150,139,occ_plus_mean,1.254857344324988,-0.016869831680416114
1,150,139,oracle_tail,1.254857344324988,-0.03603229772233996
1,150,139,complete_rollout,1.254857344324988,0.06285098900834529
1,150,140,uniform,1.254857344324988,-0.016509900957522028
1,150,140,learned_occupancy,1.254857344324988,-0.0144943394099315
1,150,140,learned_mean,1.254857344324988,0.0017923504384718125
1,150,140,tis,1.254857344324988,0.00492286034967182
1,150,140,tis_anchored,1.254857344324988,-0.0015045271258440351
1,150,140,occ_plus_uniform,1.254857344324988,-0.007121575260784718
1,150,140,occ_plus_mean,1.254857344324988,-0.011941917607310781
1,150,140,oracle_tail,1.254857344324988,-0.005284005170836936
1,150,140,complete_rollout,1.254857344324988,-0.028294844324987967
1,150,141,uniform,1.254857344324988,-0.016605626661958528
1,150,141,learned_occupancy,1.254857344324988,-0.009760427095785174
1,150,141,learned_mean,1.254857344324988,-0.012390521471334237
1,150,141,tis,1.254857344324988,0.0012091087263224054
1,150,141,tis_anchored,1.254857344324988,-0.016361010045130575
1,150,141,occ_plus_uniform,1.254857344324988,-0.018175766597327447
1,150,141,occ_plus_mean,1.254857344324988,-0.009437840310925427
1,150,141,oracle_tail,1.254857344324988,0.0007183197267035535
1,150,141,complete_rollout,1.254857344324988,-0.054336510991654485
1,150,142,uniform,1.254857344324988,0.0016954423265926888
1,150,142,learned_occupancy,1.254857344324988,-0.005625614116661959
1,150,142,learned_mean,1.254857344324988,-0.013318401881703412
1,150,142,tis,1.254857344324988,-0.00045284025131353545
1,150,142,tis_anchored,1.254857344324988,-0.004052633019701268
1,150,142,occ_plus_uniform,1.254857344324988,0.010940491618652404
1,150,142,occ_plus_mean,1.254857344324988,-0.008256634664616458
1,150,142,oracle_tail,1.254857344324988,0.003110321376541547
1,150,142,complete_rollout,1.254857344324988,-0.002253177658321226
1,150,143,uniform,1.254857344324988,0.00773817394215448
1,150,143,learned_occupancy,1.254857344324988,0.028296927638318703
1,150,143,learned_mean,1.254857344324988,0.038947560750411725
1,150,143,tis,1.254857344324988,0.004595825161111788
1,150,143,tis_anchored,1.254857344324988,0.012468738934089396
1,150,143,occ_plus_uniform,1.254857344324988,0.017200572564315175
1,150,143,occ_plus_mean,1.254857344324988,0.03279409672380473
1,150,143,oracle_tail,1.254857344324988,0.004520432138341857
1,150,143,complete_rollout,1.254857344324988,-0.002253177658321226
1,150,144,uniform,1.254857344324988,0.039783709755476515
1,150,144,learned_occupancy,1.254857344324988,0.0038211861693193683
1,150,144,learned_mean,1.254857344324988,0.012404372967445898
1,150,144,tis,1.254857344324988,0.020602663299791768
1,150,144,tis_anchored,1.254857344324988,0.029950686142297123
1,150,144,occ_plus_uniform,1.254857344324988,0.014853406312035133
1,150,144,occ_plus_mean,1.254857344324988,0.008817566894440576
1,150,144,oracle_tail,1.254857344324988,0.034405203773487436
1,150,144,complete_rollout,1.254857344324988,-0.008763594324987967
1,150,145,uniform,1.254857344324988,0.052587496060192196
1,150,145,learned_occupancy,1.254857344324988,0.044541388513678726
1,150,145,learned_mean,1.254857344324988,0.036775065856303524
1,150,145,tis,1.254857344324988,0.012552255919424438
1,150,145,tis_anchored,1.254857344324988,0.009279066180879703
1,150,145,occ_plus_uniform,1.254857344324988,0.041615715956362376
1,150,145,occ_plus_mean,1.254857344324988,0.0366814109679261
1,150,145,oracle_tail,1.254857344324988,0.005466837451034046
1,150,145,complete_rollout,1.254857344324988,-0.015274010991654485
1,150,146,uniform,1.254857344324988,0.011835534416575033
1,150,146,learned_occupancy,1.254857344324988,0.006668925776875723
1,150,146,learned_mean,1.254857344324988,-0.011562854318093452
1,150,146,tis,1.254857344324988,0.004483918314237112
1,150,146,tis_anchored,1.254857344324988,-0.01645738893059301
1,150,146,occ_plus_uniform,1.254857344324988,0.01596884658397779
1,150,146,occ_plus_mean,1.254857344324988,-0.00010199161607826746
1,150,146,oracle_tail,1.254857344324988,0.02197839744246788
1,150,146,complete_rollout,1.254857344324988,-0.08037817765832123
1,150,147,uniform,1.254857344324988,0.004106650027347891
1,150,147,learned_occupancy,1.254857344324988,-0.03371513390120562
1,150,147,learned_mean,1.254857344324988,-0.028654619965380768
1,150,147,tis,1.254857344324988,0.0015559367817636893
1,150,147,tis_anchored,1.254857344324988,-0.018111679674237102
1,150,147,occ_plus_uniform,1.254857344324988,-0.009716600351880267
1,150,147,occ_plus_mean,1.254857344324988,-0.03245646018600068
1,150,147,oracle_tail,1.254857344324988,0.010852545049794271
1,150,147,complete_rollout,1.254857344324988,-0.002253177658321226
1,150,148,uniform,1.254857344324988,0.004916550575178924
1,150,148,learned_occupancy,1.254857344324988,0.034346987653282035
1,150,148,learned_mean,1.254857344324988,0.019904196716364453
1,150,148,tis,1.254857344324988,-0.0021520379791883926
1,150,148,tis_anchored,1.254857344324988,-0.003431525393150281
1,150,148,occ_plus_uniform,1.254857344324988,0.0264749751133464
1,150,148,occ_plus_mean,1.254857344324988,0.021995183593330525
1,150,148,oracle_tail,1.254857344324988,-0.004686383378670778
1,150,148,complete_rollout,1.254857344324988,0.056340572341678774
1,150,149,uniform,1.254857344324988,0.01764849391051304
1,150,149,learned_occupancy,1.254857344324988,0.03211601951886123
1,150,149,learned_mean,1.254857344324988,0.04165897304494881
1,150,149,tis,1.254857344324988,-0.011990146832247861
1,150,149,tis_anchored,1.254857344324988,0.03345153390526767
1,150,149,occ_plus_uniform,1.254857344324988,0.036807807423720806
1,150,149,occ_plus_mean,1.254857344324988,0.03654437016376266
1,150,149,oracle_tail,1.254857344324988,0.0036255732917238603
1,150,149,complete_rollout,1.254857344324988,0.056340572341678774
1,150,150,uniform,1.254857344324988,0.03180081087318487
1,150,150,learned_occupancy,1.254857344324988,0.03195562422005516
1,150,150,learned_mean,1.254857344324988,0.022373402880742965
1,150,150,tis,1.254857344324988,0.027183799545021037
1,150,150,tis_anchored,1.254857344324988,0.023216386490034546
1,150,150,occ_plus_uniform,1.254857344324988,0.03153936062578455
1,150,150,occ_plus_mean,1.254857344324988,0.02058500744437186
1,150,150,oracle_tail,1.254857344324988,0.025783545728483626
1,150,150,complete_rollout,1.254857344324988,-0.015274010991654485
1,150,151,uniform,1.254857344324988,-0.021624681896615705
1,150,151,learned_occupancy,1.254857344324988,-0.019817412051343686
1,150,151,learned_mean,1.254857344324988,-0.007235374151950857
1,150,151,tis,1.254857344324988,-0.0020711011470071483
1,150,151,tis_anchored,1.254857344324988,-0.013974200001871884
1,150,151,occ_plus_uniform,1.254857344324988,-0.012373428943201592
1,150,151,occ_plus_mean,1.254857344324988,-0.014486439684351149
1,150,151,oracle_tail,1.254857344324988,0.0011354938047469787
1,150,151,complete_rollout,1.254857344324988,-0.09990942765832123
1,150,152,uniform,1.254857344324988,-0.000759443298543161
1,150,152,learned_occupancy,1.254857344324988,-0.031520116711600155
1,150,152,learned_mean,1.254857344324988,-0.04368192053040176
1,150,152,tis,1.254857344324988,0.018986318439542682
1,150,152,tis_anchored,1.254857344324988,0.01201783613853391
1,150,152,occ_plus_uniform,1.254857344324988,-0.014716588465155
1,150,152,occ_plus_mean,1.254857344324988,-0.027832909724779586
1,150,152,oracle_tail,1.254857344324988,0.014797879860058094
1,150,152,complete_rollout,1.254857344324988,0.010767655675012033
1,150,153,uniform,1.254857344324988,-0.018020725100309498
1,150,153,learned_occupancy,1.254857344324988,0.006123358546552771
1,150,153,learned_mean,1.254857344324988,-0.0030290856795633925
1,150,153,tis,1.254857344324988,-0.010276260177200403
1,150,153,tis_anchored,1.254857344324988,-0.004568771741078725
1,150,153,occ_plus_uniform,1.254857344324988,-0.011069065025663516
1,150,153,occ_plus_mean,1.254857344324988,0.013340979862511926
1,150,153,oracle_tail,1.254857344324988,0.0040474752406127745
1,150,153,complete_rollout,1.254857344324988,0.010767655675012033
1,150,154,uniform,1.254857344324988,-0.0011492844724330098
1,150,154,learned_occupancy,1.254857344324988,0.002686924566414728
1,150,154,learned_mean,1.254857344324988,-0.005517611171619752
1,150,154,tis,1.254857344324988,-0.026264942595414453
1,150,154,tis_anchored,1.254857344324988,-0.03091290608624009
1,150,154,occ_plus_uniform,1.254857344324988,-0.01801724735937804
1,150,154,occ_plus_mean,1.254857344324988,0.005925015780146481
1,150,154,oracle_tail,1.254857344324988,-0.011772043605670302
1,150,154,complete_rollout,1.254857344324988,0.036809322341678774
1,150,155,uniform,1.254857344324988,-0.0410910515717835
1,150,155,learned_occupancy,1.254857344324988,-0.031032383040061617
1,150,155,learned_mean,1.254857344324988,-0.023740809585576672
1,150,155,tis,1.254857344324988,-0.026434700150320234
1,150,155,tis_anchored,1.254857344324988,-0.009484763440773758
1,150,155,occ_plus_uniform,1.254857344324988,-0.027676062568632975
1,150,155,occ_plus_mean,1.254857344324988,-0.026443307977974895
1,150,155,oracle_tail,1.254857344324988,-0.028357086131448606
1,150,155,complete_rollout,1.254857344324988,-0.060846927658321226
1,150,156,uniform,1.254857344324988,-0.0029632309552107827
1,150,156,learned_occupancy,1.254857344324988,0.021165280285075028
1,150,156,learned_mean,1.254857344324988,0.012300228804832614
1,150,156,tis,1.254857344324988,0.024410257505539157
1,150,156,tis_anchored,1.254857344324988,0.010050712490386582
1,150,156,occ_plus_uniform,1.254857344324988,0.001494698123950311
1,150,156,occ_plus_mean,1.254857344324988,0.008297991447161479
1,150,156,oracle_tail,1.254857344324988,-0.008111490276131228
1,150,156,complete_rollout,1.254857344324988,0.017278072341678774
1,150,157,uniform,1.254857344324988,-0.01061248839760931
1,150,157,learned_occupancy,1.254857344324988,-0.017562371368732066
1,150,157,learned_mean,1.254857344324988,-0.009757804870346387
1,150,157,tis,1.254857344324988,0.0030217149761888606
1,150,157,tis_anchored,1.254857344324988,-0.010457748802691569
1,150,157,occ_plus_uniform,1.254857344324988,-0.014278924975380969
1,150,157,occ_plus_mean,1.254857344324988,-0.016036400585306643
1,150,157,oracle_tail,1.254857344324988,0.004200966683412188
1,150,157,complete_rollout,1.254857344324988,-0.07386776099165449
1,150,158,uniform,1.254857344324988,-0.007590177293665956
1,150,158,learned_occupancy,1.254857344324988,-0.018957581921190236
1,150,158,learned_mean,1.254857344324988,-0.02658676702048024
1,150,158,tis,1.254857344324988,-0.005718924780855783
1,150,158,tis_anchored,1.254857344324988,-0.01414182052170987
1,150,158,occ_plus_uniform,1.254857344324988,-0.00901169132563373
1,150,158,occ_plus_mean,1.254857344324988,-0.014844489727902088
1,150,158,oracle_tail,1.254857344324988,-0.02017654946756653
1,150,158,complete_rollout,1.254857344324988,0.004257239008345293
1,150,159,uniform,1.254857344324988,-0.012302896996384316
1,150,159,learned_occupancy,1.254857344324988,0.0012477210368508906
1,150,159,learned_mean,1.254857344324988,0.007216506943431122
1,150,159,tis,1.254857344324988,-0.010199772125606188
1,150,159,tis_anchored,1.254857344324988,-0.000876028406838314
1,150,159,occ_plus_uniform,1.254857344324988,0.002153204803587272
1,150,159,occ_plus_mean,1.254857344324988,0.009247251226888853
1,150,159,oracle_tail,1.254857344324988,-0.007016963072514759
1,150,159,complete_rollout,1.254857344324988,0.036809322341678774
1,150,160,uniform,1.254857344324988,0.013947913620082408
1,150,160,learned_occupancy,1.254857344324988,0.020154289410543313
1,150,160,learned_mean,1.254857344324988,-0.002755069238403074
1,150,160,tis,1.254857344324988,0.019050864867239836
1,150,160,tis_anchored,1.254857344324988,0.003128091919478493
1,150,160,occ_plus_uniform,1.254857344324988,0.00782323083996328
1,150,160,occ_plus_mean,1.254857344324988,0.005926377947452988
1,150,160,oracle_tail,1.254857344324988,0.01428637052897419
1,150,160,complete_rollout,1.254857344324988,-0.015274010991654485
1,150,161,uniform,1.254857344324988,0.027126660091061128
1,150,161,learned_occupancy,1.254857344324988,0.04254269510619135
1,150,161,learned_mean,1.254857344324988,0.025366337690071905
1,150,161,tis,1.254857344324988,0.01067033766095915
1,150,161,tis_anchored,1.254857344324988,0.017417992259961323
1,150,161,occ_plus_uniform,1.254857344324988,0.039940732581460914
1,150,161,occ_plus_mean,1.254857344324988,0.03691522831024363
1,150,161,oracle_tail,1.254857344324988,0.013805665473569206
1,150,161,complete_rollout,1.254857344324988,0.010767655675012033
1,150,162,uniform,1.254857344324988,0.016192056800260923
1,150,162,learned_occupancy,1.254857344324988,0.05946882410633547
1,150,162,learned_mean,1.254857344324988,0.05447651684547461
1,150,162,tis,1.254857344324988,0.0191254135578931
1,150,162,tis_anchored,1.254857344324988,0.029073432900202034
1,150,162,occ_plus_uniform,1.254857344324988,0.034581221505307624
1,150,162,occ_plus_mean,1.254857344324988,0.0521802992881808
1,150,162,oracle_tail,1.254857344324988,0.011676945895874091
1,150,162,complete_rollout,1.254857344324988,-0.021784427658321226
1,150,163,uniform,1.254857344324988,0.004072432721125008
1,150,163,learned_occupancy,1.254857344324988,-0.006127658715986639
1,150,163,learned_mean,1.254857344324988,-0.021345782389122103
1,150,163,tis,1.254857344324988,-0.008537667126874204
1,150,163,tis_anchored,1.254857344324988,-0.009623546784983006
1,150,163,occ_plus_uniform,1.254857344324988,-0.018779384457629167
1,150,163,occ_plus_mean,1.254857344324988,-0.007891585484808505
1,150,163,oracle_tail,1.254857344324988,-0.008634951407993086
1,150,163,complete_rollout,1.254857344324988,0.030298905675012033
1,150,164,uniform,1.254857344324988,0.0017454466911968058
1,150,164,learned_occupancy,1.254857344324988,-0.0148872961144495
1,150,164,learned_mean,1.254857344324988,-0.016283569088684224
1,150,164,tis,1.254857344324988,0.006018116625309489
1,150,164,tis_anchored,1.254857344324988,-0.004173854338929139
1,150,164,occ_plus_uniform,1.254857344324988,-0.025920471215273633
1,150,164,occ_plus_mean,1.254857344324988,-0.020034030114170154
1,150,164,oracle_tail,1.254857344324988,-0.0022736304717023703
1,150,164,complete_rollout,1.254857344324988,-0.021784427658321226
1,150,165,uniform,1.254857344324988,-0.023128512807724544
1,150,165,learned_occupancy,1.254857344324988,-0.016342477696337898
1,150,165,learned_mean,1.254857344324988,-0.03392073768289938
1,150,165,tis,1.254857344324988,-0.030064839723448866
1,150,165,tis_anchored,1.254857344324988,-0.029005820988274422
1,150,165,occ_plus_uniform,1.254857344324988,-0.03888591016712306
1,150,165,occ_plus_mean,1.254857344324988,-0.021440600299409418
1,150,165,oracle_tail,1.254857344324988,-0.025167495784204297
1,150,165,complete_rollout,1.254857344324988,0.017278072341678774
1,150,166,uniform,1.254857344324988,0.02085066060598595
1,150,166,learned_occupancy,1.254857344324988,0.0185304342612318
1,150,166,learned_mean,1.254857344324988,0.023882690105713866
1,150,166,tis,1.254857344324988,0.019188987402397606
1,150,166,tis_anchored,1.254857344324988,0.01835160551725812
1,150,166,occ_plus_uniform,1.254857344324988,0.027202010283396083
1,150,166,occ_plus_mean,1.254857344324988,0.0278561580987835
1,150,166,oracle_tail,1.254857344324988,0.013767543816898264
1,150,166,complete_rollout,1.254857344324988,0.017278072341678774
1,150,167,uniform,1.254857344324988,0.02366332850385211
1,150,167,learned_occupancy,1.254857344324988,0.00863017134143007
1,150,167,learned_mean,1.254857344324988,0.02018060000084665
1,150,167,tis,1.254857344324988,0.03665821877146258
1,150,167,tis_anchored,1.254857344324988,0.030805308852863034
1,150,167,occ_plus_uniform,1.254857344324988,0.022037414091094387
1,150,167,occ_plus_mean,1.254857344324988,0.010864205034477381
1,150,167,oracle_tail,1.254857344324988,0.025873103535560382
1,150,167,complete_rollout,1.254857344324988,0.030298905675012033
1,150,168,uniform,1.254857344324988,-0.008874710981940703
1,150,168,learned_occupancy,1.254857344324988,-0.03590179777248381
1,150,168,learned_mean,1.254857344324988,-0.0005825898083822167
1,150,168,tis,1.254857344324988,-0.03290609636829078
1,150,168,tis_anchored,1.254857344324988,-0.018202320440221076
1,150,168,occ_plus_uniform,1.254857344324988,-0.035242679268044697
1,150,168,occ_plus_mean,1.254857344324988,-0.008326728525674731
1,150,168,oracle_tail,1.254857344324988,-0.033434469359797436
1,150,168,complete_rollout,1.254857344324988,-0.04782609432498797
1,150,169,uniform,1.254857344324988,0.003566329480965136
1,150,169,learned_occupancy,1.254857344324988,-0.004819766322644581
1,150,169,learned_mean,1.254857344324988,-0.006703285446554297
1,150,169,tis,1.254857344324988,-0.0023055259130813077
1,150,169,tis_anchored,1.254857344324988,-0.017993640330978167
1,150,169,occ_plus_uniform,1.254857344324988,-0.014766355738138559
1,150,169,occ_plus_mean,1.254857344324988,-0.014540006186308574
1,150,169,oracle_tail,1.254857344324988,-0.012405323541660573
1,150,169,complete_rollout,1.254857344324988,0.06936140567501203
1,150,170,uniform,1.254857344324988,-0.02338812058623496
1,150,170,learned_occupancy,1.254857344324988,0.004106294450147985
1,150,170,learned_mean,1.254857344324988,-0.0015677526718840262
1,150,170,tis,1.254857344324988,-0.0035740841633964404
1,150,170,tis_anchored,1.254857344324988,-0.008033240441342127
1,150,170,occ_plus_uniform,1.254857344324988,0.006043689150772247
1,150,170,occ_plus_mean,1.254857344324988,0.0028721598259831005
1,150,170,oracle_tail,1.254857344324988,-0.004054177277785342
1,150,170,complete_rollout,1.254857344324988,-0.060846927658321226
1,150,171,uniform,1.254857344324988,-0.01831020563209451
1,150,171,learned_occupancy,1.254857344324988,-0.016193474700989308
1,150,171,learned_mean,1.254857344324988,-0.014976178963673537
1,150,171,tis,1.254857344324988,-0.02721933800385612
1,150,171,tis_anchored,1.254857344324988,-0.021495542612424368
1,150,171,occ_plus_uniform,1.254857344324988,-0.026366659504613033
1,150,171,occ_plus_mean,1.254857344324988,-0.014871922852276898
1,150,171,oracle_tail,1.254857344324988,-0.02984075167419631
1,150,171,complete_rollout,1.254857344324988,0.004257239008345293
1,150,172,uniform,1.254857344324988,-0.012626486197077957
1,150,172,learned_occupancy,1.254857344324988,-0.010810782295784804
1,150,172,learned_mean,1.254857344324988,-0.01729970048441931
1,150,172,tis,1.254857344324988,0.0012222888453317093
1,150,172,tis_anchored,1.254857344324988,-0.003023025677872937
1,150,172,occ_plus_uniform,1.254857344324988,-8.03825653663548e-05
1,150,172,occ_plus_mean,1.254857344324988,-0.007862913314360842
1,150,172,oracle_tail,1.254857344324988,-0.012573447786473846
1,150,172,complete_rollout,1.254857344324988,0.023788489008345293
1,150,173,uniform,1.254857344324988,-0.004177390973662876
1,150,173,learned_occupancy,1.254857344324988,-0.03238835223103553
1,150,173,learned_mean,1.254857344324988,-0.018771202884319216
1,150,173,tis,1.254857344324988,0.011729478170739993
1,150,173,tis_anchored,1.254857344324988,0.0040780185993964935
1,150,173,occ_plus_uniform,1.254857344324988,-0.01932137243223009
1,150,173,occ_plus_mean,1.254857344324988,-0.023918802331875266
1,150,173,oracle_tail,1.254857344324988,-7.314766635335701e-05
1,150,173,complete_rollout,1.254857344324988,0.04331973900834529
1,150,174,uniform,1.254857344324988,-0.0020046975372449705
1,150,174,learned_occupancy,1.254857344324988,0.01515711909248374
1,150,174,learned_mean,1.254857344324988,0.014120707705888913
1,150,174,tis,1.254857344324988,0.007122324712169448
1,150,174,tis_anchored,1.254857344324988,0.010255783128350737
1,150,174,occ_plus_uniform,1.254857344324988,0.005588328911708684
1,150,174,occ_plus_mean,1.254857344324988,0.012875880414807694
1,150,174,oracle_tail,1.254857344324988,0.008817337399725789
1,150,174,complete_rollout,1.254857344324988,-0.021784427658321226
1,150,175,uniform,1.254857344324988,-0.014741810539619982
1,150,175,learned_occupancy,1.254857344324988,0.01744948607096175
1,150,175,learned_mean,1.254857344324988,0.008667637621736057
1,150,175,tis,1.254857344324988,-0.009535411134772964
1,150,175,tis_anchored,1.254857344324988,-0.008160478469887877
1,150,175,occ_plus_uniform,1.254857344324988,0.005797690644467224
1,150,175,occ_plus_mean,1.254857344324988,0.001196208298610335
1,150,175,oracle_tail,1.254857344324988,-0.0108466079102576
1,150,175,complete_rollout,1.254857344324988,-0.034805260991654485
1,150,176,uniform,1.254857344324988,-0.0038430805877742724
1,150,176,learned_occupancy,1.254857344324988,-0.019163382165925613
1,150,176,learned_mean,1.254857344324988,-0.022011067743610502
1,150,176,tis,1.254857344324988,-0.00014700863160133082
1,150,176,tis_anchored,1.254857344324988,-0.018927437560264826
1,150,176,occ_plus_uniform,1.254857344324988,-0.02156985562505853
1,150,176,occ_plus_mean,1.254857344324988,-0.02623325435289292
1,150,176,oracle_tail,1.254857344324988,-0.010166019837455131
1,150,176,complete_rollout,1.254857344324988,-0.015274010991654485
1,150,177,uniform,1.254857344324988,-0.0005650486792367904
1,150,177,learned_occupancy,1.254857344324988,-0.014282514349819753
1,150,177,learned_mean,1.254857344324988,-0.0038191278427748276
1,150,177,tis,1.254857344324988,0.006803176318647797
1,150,177,tis_anchored,1.254857344324988,-0.008645562051774469
1,150,177,occ_plus_uniform,1.254857344324988,-0.01552584378933819
1,150,177,occ_plus_mean,1.254857344324988,-0.008481138825412238
1,150,177,oracle_tail,1.254857344324988,0.016774749677752387
1,150,177,complete_rollout,1.254857344324988,0.036809322341678774
1,150,178,uniform,1.254857344324988,0.04548485909484157
1,150,178,learned_occupancy,1.254857344324988,0.022928317980916546
1,150,178,learned_mean,1.254857344324988,0.035912135193689076
1,150,178,tis,1.254857344324988,0.04868564750886217
1,150,178,tis_anchored,1.254857344324988,0.02395352438575582
1,150,178,occ_plus_uniform,1.254857344324988,0.021384001091401705
1,150,178,occ_plus_mean,1.254857344324988,0.02350668153046298
1,150,178,oracle_tail,1.254857344324988,0.02209120066003334
1,150,178,complete_rollout,1.254857344324988,0.004257239008345293
1,150,179,uniform,1.254857344324988,-0.037618034229846
1,150,179,learned_occupancy,1.254857344324988,-0.037736061482736005
1,150,179,learned_mean,1.254857344324988,-0.009488457494452263
1,150,179,tis,1.254857344324988,-0.020813860350754387
1,150,179,tis_anchored,1.254857344324988,-0.016729444342658883
1,150,179,occ_plus_uniform,1.254857344324988,-0.04089728404611925
1,150,179,occ_plus_mean,1.254857344324988,-0.0238910985552776
1,150,179,oracle_tail,1.254857344324988,-0.021368232169462598
1,150,179,complete_rollout,1.254857344324988,0.06936140567501203
1,150,180,uniform,1.254857344324988,-0.08080321492812126
1,150,180,learned_occupancy,1.254857344324988,-0.08424291350341973
1,150,180,learned_mean,1.254857344324988,-0.07780483282609651
1,150,180,tis,1.254857344324988,-0.0691890155847874
1,150,180,tis_anchored,1.254857344324988,-0.06313083230513139
1,150,180,occ_plus_uniform,1.254857344324988,-0.06632990572254305
1,150,180,occ_plus_mean,1.254857344324988,-0.07546390556014848
1,150,180,oracle_tail,1.254857344324988,-0.05380065198167561
1,150,180,complete_rollout,1.254857344324988,0.06285098900834529
1,150,181,uniform,1.254857344324988,-0.006423318603044237
1,150,181,learned_occupancy,1.254857344324988,-0.013913757981641073
1,150,181,learned_mean,1.254857344324988,-0.022103654882801083
1,150,181,tis,1.254857344324988,-0.003179464110871777
1,150,181,tis_anchored,1.254857344324988,-0.02087591905236863
1,150,181,occ_plus_uniform,1.254857344324988,-0.00692650699652031
1,150,181,occ_plus_mean,1.254857344324988,-0.015345258368983039
1,150,181,oracle_tail,1.254857344324988,-0.017916783663185498
1,150,181,complete_rollout,1.254857344324988,-0.008763594324987967
1,150,182,uniform,1.254857344324988,0.012705946592017847
1,150,182,learned_occupancy,1.254857344324988,-0.005355286960869288
1,150,182,learned_mean,1.254857344324988,-0.011746831212705144
1,150,182,tis,1.254857344324988,0.012954503842956822
1,150,182,tis_anchored,1.254857344324988,0.0010605146056001935
1,150,182,occ_plus_uniform,1.254857344324988,-0.023664687139592022
1,150,182,occ_plus_mean,1.254857344324988,0.0001695499153839819
1,150,182,oracle_tail,1.254857344324988,-0.006808741143308872
1,150,182,complete_rollout,1.254857344324988,0.04331973900834529
1,150,183,uniform,1.254857344324988,0.025061461552006392
1,150,183,learned_occupancy,1.254857344324988,0.029201499857085977
1,150,183,learned_mean,1.254857344324988,0.026378699751103074
1,150,183,tis,1.254857344324988,-0.00039123223537540497
1,150,183,tis_anchored,1.254857344324988,0.01039058854811925
1,150,183,occ_plus_uniform,1.254857344324988,0.030914336156722122
1,150,183,occ_plus_mean,1.254857344324988,0.028122003618209934
1,150,183,oracle_tail,1.254857344324988,-0.005972219552219604
1,150,183,complete_rollout,1.254857344324988,0.036809322341678774
1,150,184,uniform,1.254857344324988,-0.012188561478136517
1,150,184,learned_occupancy,1.254857344324988,0.023950689570076955
1,150,184,learned_mean,1.254857344324988,0.023756164585153172
1,150,184,tis,1.254857344324988,0.01911088201233513
1,150,184,tis_anchored,1.254857344324988,0.02772351253483074
1,150,184,occ_plus_uniform,1.254857344324988,0.03469524428711357
1,150,184,occ_plus_mean,1.254857344324988,0.023329456503236257
1,150,184,oracle_tail,1.254857344324988,-0.00393939968156265
1,150,184,complete_rollout,1.254857344324988,-0.028294844324987967
1,150,185,uniform,1.254857344324988,-0.019211049582494644
1,150,185,learned_occupancy,1.254857344324988,-0.027851345363905322
1,150,185,learned_mean,1.254857344324988,-0.022389490806848045
1,150,185,tis,1.254857344324988,-0.0036124377448549794
1,150,185,tis_anchored,1.254857344324988,-0.01257925235176005
1,150,185,occ_plus_uniform,1.254857344324988,-0.015726651569058614
1,150,185,occ_plus_mean,1.254857344324988,-0.026059127270168014
1,150,185,oracle_tail,1.254857344324988,-0.0025054353353743952
1,150,185,complete_rollout,1.254857344324988,-0.028294844324987967
1,150,186,uniform,1.254857344324988,0.02019995567310473
1,150,186,learned_occupancy,1.254857344324988,0.024787807854579125
1,150,186,learned_mean,1.254857344324988,0.03260216636866842
1,150,186,tis,1.254857344324988,0.004565905969205586
1,150,186,tis_anchored,1.254857344324988,0.016550947155856033
1,150,186,occ_plus_uniform,1.254857344324988,0.032456517797605056
1,150,186,occ_plus_mean,1.254857344324988,0.020446402128581065
1,150,186,oracle_tail,1.254857344324988,0.0011229304741018353
1,150,186,complete_rollout,1.254857344324988,-0.008763594324987967
1,150,187,uniform,1.254857344324988,-0.003055111704315161
1,150,187,learned_occupancy,1.254857344324988,0.01365029836287257
1,150,187,learned_mean,1.254857344324988,-0.015180014005746756
1,150,187,tis,1.254857344324988,-0.008079046382406307
1,150,187,tis_anchored,1.254857344324988,-0.0008109168784826704
1,150,187,occ_plus_uniform,1.254857344324988,0.016949562579952282
1,150,187,occ_plus_mean,1.254857344324988,-0.004805807293537523
1,150,187,oracle_tail,1.254857344324988,-0.010306422726071629
1,150,187,complete_rollout,1.254857344324988,0.030298905675012033
1,150,188,uniform,1.254857344324988,-0.020850297630237602
1,150,188,learned_occupancy,1.254857344324988,-0.016532236104881637
1,150,188,learned_mean,1.254857344324988,-0.015212908789788537
1,150,188,tis,1.254857344324988,-0.028240360726869085
1,150,188,tis_anchored,1.254857344324988,-0.03531848627407541
1,150,188,occ_plus_uniform,1.254857344324988,-0.026957891733176087
1,150,188,occ_plus_mean,1.254857344324988,-0.021122806697061236
1,150,188,oracle_tail,1.254857344324988,-0.012440576886032506
1,150,188,complete_rollout,1.254857344324988,0.06936140567501203
1,150,189,uniform,1.254857344324988,-0.004146127578372738
1,150,189,learned_occupancy,1.254857344324988,-0.026649177952596803
1,150,189,learned_mean,1.254857344324988,-0.0353072613680141
1,150,189,tis,1.254857344324988,-0.005655082065129768
1,150,189,tis_anchored,1.254857344324988,-0.016118149297036366
1,150,189,occ_plus_uniform,1.254857344324988,-0.01135432213164922
1,150,189,occ_plus_mean,1.254857344324988,-0.0354254146882953
1,150,189,oracle_tail,1.254857344324988,0.0037338050831108305
1,150,189,complete_rollout,1.254857344324988,0.056340572341678774
1,150,190,uniform,1.254857344324988,0.011756516933247863
1,150,190,learned_occupancy,1.254857344324988,0.024119625452134086
1,150,190,learned_mean,1.254857344324988,0.031887554098993354
1,150,190,tis,1.254857344324988,0.016897532568125984
1,150,190,tis_anchored,1.254857344324988,0.018206111401690483
1,150,190,occ_plus_uniform,1.254857344324988,0.027886855988637604
1,150,190,occ_plus_mean,1.254857344324988,0.02838682392271208
1,150,190,oracle_tail,1.254857344324988,0.026888778003922198
1,150,190,complete_rollout,1.254857344324988,0.030298905675012033
1,150,191,uniform,1.254857344324988,0.0014532550051573612
1,150,191,learned_occupancy,1.254857344324988,0.00423945511710655
1,150,191,learned_mean,1.254857344324988,-0.0064162324635059775
1,150,191,tis,1.254857344324988,0.007814690377187183
1,150,191,tis_anchored,1.254857344324988,0.0024707976169702217
1,150,191,occ_plus_uniform,1.254857344324988,0.006356821487392361
1,150,191,occ_plus_mean,1.254857344324988,-0.005156933829155497
1,150,191,oracle_tail,1.254857344324988,0.0006073223915390447
1,150,191,complete_rollout,1.254857344324988,0.030298905675012033
1,150,192,uniform,1.254857344324988,-0.014354225733228976
1,150,192,learned_occupancy,1.254857344324988,-0.00739017395562569
1,150,192,learned_mean,1.254857344324988,-0.001682649986649798
1,150,192,tis,1.254857344324988,-0.0065506581807699416
1,150,192,tis_anchored,1.254857344324988,0.013300665317944604
1,150,192,occ_plus_uniform,1.254857344324988,-0.024875911813620144
1,150,192,occ_plus_mean,1.254857344324988,-0.012344593710523766
1,150,192,oracle_tail,1.254857344324988,0.0045632332331566605
1,150,192,complete_rollout,1.254857344324988,-0.008763594324987967
1,150,193,uniform,1.254857344324988,0.008895210748524507
1,150,193,learned_occupancy,1.254857344324988,-0.00023508565067387188
1,150,193,learned_mean,1.254857344324988,0.001239300351896011
1,150,193,tis,1.254857344324988,0.00816833013824847
1,150,193,tis_anchored,1.254857344324988,0.01638567102867139
1,150,193,occ_plus_uniform,1.254857344324988,0.008349043080536411
1,150,193,occ_plus_mean,1.254857344324988,-0.006499701010034276
1,150,193,oracle_tail,1.254857344324988,-0.0104081796808968
1,150,193,complete_rollout,1.254857344324988,0.08889265567501203
1,150,194,uniform,1.254857344324988,0.0359889352970546
1,150,194,learned_occupancy,1.254857344324988,0.005305764029074789
1,150,194,learned_mean,1.254857344324988,0.0053059535362713905
1,150,194,tis,1.254857344324988,0.025361174155061006
1,150,194,tis_anchored,1.254857344324988,0.03753642745556118
1,150,194,occ_plus_uniform,1.254857344324988,0.03793267817418644
1,150,194,occ_plus_mean,1.254857344324988,0.004684219132630396
1,150,194,oracle_tail,1.254857344324988,0.007993719439287617
1,150,194,complete_rollout,1.254857344324988,-0.041315677658321226
1,150,195,uniform,1.254857344324988,0.012527768286667573
1,150,195,learned_occupancy,1.254857344324988,-0.027454881131354192
1,150,195,learned_mean,1.254857344324988,-0.01627402430561431
1,150,195,tis,1.254857344324988,0.005881576716823211
1,150,195,tis_anchored,1.254857344324988,-6.222553961210409e-06
1,150,195,occ_plus_uniform,1.254857344324988,-0.004450091879438789
1,150,195,occ_plus_mean,1.254857344324988,-0.019569577600695442
1,150,195,oracle_tail,1.254857344324988,0.00024204241774028468
1,150,195,complete_rollout,1.254857344324988,-0.021784427658321226
1,150,196,uniform,1.254857344324988,-0.00435859550115425
1,150,196,learned_occupancy,1.254857344324988,0.003625660757292204
1,150,196,learned_mean,1.254857344324988,0.0074669591902090104
1,150,196,tis,1.254857344324988,-0.0059678050772253854
1,150,196,tis_anchored,1.254857344324988,0.01000884245249889
1,150,196,occ_plus_uniform,1.254857344324988,-0.009430806143416293
1,150,196,occ_plus_mean,1.254857344324988,-0.0007045055068286565
1,150,196,oracle_tail,1.254857344324988,0.005114397034253759
1,150,196,complete_rollout,1.254857344324988,-0.021784427658321226
1,150,197,uniform,1.254857344324988,-0.020649398965460808
1,150,197,learned_occupancy,1.254857344324988,-0.03162248653074973
1,150,197,learned_mean,1.254857344324988,-0.042148412876894525
1,150,197,tis,1.254857344324988,-0.0376106129988516
1,150,197,tis_anchored,1.254857344324988,-0.0350850571366319
1,150,197,occ_plus_uniform,1.254857344324988,-0.026656489776194947
1,150,197,occ_plus_mean,1.254857344324988,-0.04709414462643813
1,150,197,oracle_tail,1.254857344324988,-0.04251863755537766
1,150,197,complete_rollout,1.254857344324988,0.023788489008345293
1,150,198,uniform,1.254857344324988,-0.0015039789210284926
1,150,198,learned_occupancy,1.254857344324988,0.013837186213205177
1,150,198,learned_mean,1.254857344324988,0.009144371589546063
1,150,198,tis,1.254857344324988,-0.01725828789432904
1,150,198,tis_anchored,1.254857344324988,0.005143248703255665
1,150,198,occ_plus_uniform,1.254857344324988,0.026451555056152598
1,150,198,occ_plus_mean,1.254857344324988,0.021057815096020116
1,150,198,oracle_tail,1.254857344324988,0.004593559566380856
1,150,198,complete_rollout,1.254857344324988,0.06936140567501203
1,150,199,uniform,1.254857344324988,0.022997584580850994
1,150,199,learned_occupancy,1.254857344324988,0.007829025156939062
1,150,199,learned_mean,1.254857344324988,0.015023857959422182
1,150,199,tis,1.254857344324988,0.03086259024446325
1,150,199,tis_anchored,1.254857344324988,0.019910156590239314
1,150,199,occ_plus_uniform,1.254857344324988,0.00878706098756199
1,150,199,occ_plus_mean,1.254857344324988,0.008692431000164147
1,150,199,oracle_tail,1.254857344324988,0.046108811271503125
1,150,199,complete_rollout,1.254857344324988,0.036809322341678774
1,150,200,uniform,1.254857344324988,-0.02196731510442773
1,150,200,learned_occupancy,1.254857344324988,-0.012188765394250067
1,150,200,learned_mean,1.254857344324988,-0.01718684663902037
1,150,200,tis,1.254857344324988,-0.013332123715072974
1,150,200,tis_anchored,1.254857344324988,-0.016152100802144354
1,150,200,occ_plus_uniform,1.254857344324988,0.0007751416328893868
1,150,200,occ_plus_mean,1.254857344324988,-0.017525331139254252
1,150,200,oracle_tail,1.254857344324988,-0.02109163313832685
1,150,200,complete_rollout,1.254857344324988,0.08238223900834529
1,150,201,uniform,1.254857344324988,-0.01818393712751143
1,150,201,learned_occupancy,1.254857344324988,0.003914060063521241
1,150,201,learned_mean,1.254857344324988,-0.006652420001262982
1,150,201,tis,1.254857344324988,-0.0276837404607595
1,150,201,tis_anchored,1.254857344324988,-0.012162739975992931
1,150,201,occ_plus_uniform,1.254857344324988,-0.0003968041805808564
1,150,201,occ_plus_mean,1.254857344324988,0.0008944069013161471
1,150,201,oracle_tail,1.254857344324988,-0.011178764736613278
1,150,201,complete_rollout,1.254857344324988,0.04983015567501203
1,150,202,uniform,1.254857344324988,0.010881059579461505
1,150,202,learned_occupancy,1.254857344324988,0.016428831592110615
1,150,202,learned_mean,1.254857344324988,0.022547565644279066
1,150,202,tis,1.254857344324988,0.010292365519375846
1,150,202,tis_anchored,1.254857344324988,0.018539730844370883
1,150,202,occ_plus_uniform,1.254857344324988,0.025504696514535574
1,150,202,occ_plus_mean,1.254857344324988,0.02737772464659205
1,150,202,oracle_tail,1.254857344324988,-0.0011901255825330637
1,150,202,complete_rollout,1.254857344324988,0.023788489008345293
1,150,203,uniform,1.254857344324988,-0.021418433347448973
1,150,203,learned_occupancy,1.254857344324988,0.01491237828155656
1,150,203,learned_mean,1.254857344324988,0.022130695507960985
1,150,203,tis,1.254857344324988,-0.02255302944419091
1,150,203,tis_anchored,1.254857344324988,-0.01482741313654734
1,150,203,occ_plus_uniform,1.254857344324988,-0.0011444031209164596
1,150,203,occ_plus_mean,1.254857344324988,0.029171303064855936
1,150,203,oracle_tail,1.254857344324988,-0.01241868185046524
1,150,203,complete_rollout,1.254857344324988,0.017278072341678774
1,150,204,uniform,1.254857344324988,-0.027564892358960424
1,150,204,learned_occupancy,1.254857344324988,-0.040592410299930215
1,150,204,learned_mean,1.254857344324988,-0.036196899390366966
1,150,204,tis,1.254857344324988,-0.04347824949834811
1,150,204,tis_anchored,1.254857344324988,-0.04122045745500791
1,150,204,occ_plus_uniform,1.254857344324988,-0.04852581239477782
1,150,204,occ_plus_mean,1.254857344324988,-0.04266510328828077
1,150,204,oracle_tail,1.254857344324988,-0.037341806384324494
1,150,204,complete_rollout,1.254857344324988,-0.04782609432498797
1,150,205,uniform,1.254857344324988,-0.02647125804757189
1,150,205,learned_occupancy,1.254857344324988,-0.02448910984611885
1,150,205,learned_mean,1.254857344324988,-0.01080056832287668
1,150,205,tis,1.254857344324988,-0.024866377992606603
1,150,205,tis_anchored,1.254857344324988,-0.030863451827191968
1,150,205,occ_plus_uniform,1.254857344324988,-0.026108629232622027
1,150,205,occ_plus_mean,1.254857344324988,-0.02087588685024855
1,150,205,oracle_tail,1.254857344324988,-0.017439205835373173
1,150,205,complete_rollout,1.254857344324988,0.04983015567501203
1,150,206,uniform,1.254857344324988,0.04494841713391917
1,150,206,learned_occupancy,1.254857344324988,0.0484078533015202
1,150,206,learned_mean,1.254857344324988,0.05835345640523637
1,150,206,tis,1.254857344324988,0.019354928231591684
1,150,206,tis_anchored,1.254857344324988,0.03914917597475598
1,150,206,occ_plus_uniform,1.254857344324988,0.03390873745272982
1,150,206,occ_plus_mean,1.254857344324988,0.054626450307374785
1,150,206,oracle_tail,1.254857344324988,-0.003580999550949482
1,150,206,complete_rollout,1.254857344324988,0.023788489008345293
1,150,207,uniform,1.254857344324988,-0.00814236023470194
1,150,207,learned_occupancy,1.254857344324988,0.015231934449892348
1,150,207,learned_mean,1.254857344324988,-0.004573730008559318
1,150,207,tis,1.254857344324988,-0.015814682567379723
1,150,207,tis_anchored,1.254857344324988,-0.018568202196740824
1,150,207,occ_plus_uniform,1.254857344324988,0.006842954667519274
1,150,207,occ_plus_mean,1.254857344324988,0.006986206730162703
1,150,207,oracle_tail,1.254857344324988,-0.007330159412452186
1,150,207,complete_rollout,1.254857344324988,0.004257239008345293
1,150,208,uniform,1.254857344324988,-0.020361547317261586
1,150,208,learned_occupancy,1.254857344324988,-0.013707822545437898
1,150,208,learned_mean,1.254857344324988,-0.015582263311958666
1,150,208,tis,1.254857344324988,-0.017907789683724085
1,150,208,tis_anchored,1.254857344324988,-0.02211032611025754
1,150,208,occ_plus_uniform,1.254857344324988,-0.01148674788830295
1,150,208,occ_plus_mean,1.254857344324988,-0.011026103423376732
1,150,208,oracle_tail,1.254857344324988,0.005437022004818326
1,150,208,complete_rollout,1.254857344324988,0.030298905675012033
1,150,209,uniform,1.254857344324988,0.01600747601412711
1,150,209,learned_occupancy,1.254857344324988,-0.0014009041103357767
1,150,209,learned_mean,1.254857344324988,-0.012329520807630834
1,150,209,tis,1.254857344324988,-0.01665256745795296
1,150,209,tis_anchored,1.254857344324988,-0.014259807365854194
1,150,209,occ_plus_uniform,1.254857344324988,0.009374928938681082
1,150,209,occ_plus_mean,1.254857344324988,0.004063495965564323
1,150,209,oracle_tail,1.254857344324988,-0.012660528687608696
1,150,209,complete_rollout,1.254857344324988,-0.015274010991654485
1,150,210,uniform,1.254857344324988,0.006387304079600753
1,150,210,learned_occupancy,1.254857344324988,-0.005738086242414564
1,150,210,learned_mean,1.254857344324988,0.009422081857331843
1,150,210,tis,1.254857344324988,0.007666336623210812
1,150,210,tis_anchored,1.254857344324988,0.006788818154559895
1,150,210,occ_plus_uniform,1.254857344324988,-0.00841643588784935
1,150,210,occ_plus_mean,1.254857344324988,0.0038083656626966
1,150,210,oracle_tail,1.254857344324988,-0.0013860747324869749
1,150,210,complete_rollout,1.254857344324988,-0.021784427658321226
1,150,211,uniform,1.254857344324988,-0.0686003631902703
1,150,211,learned_occupancy,1.254857344324988,-0.0630614739783506
1,150,211,learned_mean,1.254857344324988,-0.07586997521249517
1,150,211,tis,1.254857344324988,-0.061912690405289794
1,150,211,tis_anchored,1.254857344324988,-0.04869151276233863
1,150,211,occ_plus_uniform,1.254857344324988,-0.07245981932745749
1,150,211,occ_plus_mean,1.254857344324988,-0.07894638742696491
1,150,211,oracle_tail,1.254857344324988,-0.052068378815218974
1,150,211,complete_rollout,1.254857344324988,0.030298905675012033
1,150,212,uniform,1.254857344324988,0.03028489514216104
1,150,212,learned_occupancy,1.254857344324988,0.009657702641759691
1,150,212,learned_mean,1.254857344324988,0.019477222260904314
1,150,212,tis,1.254857344324988,0.0035568169927708837
1,150,212,tis_anchored,1.254857344324988,0.00011473811084772301
1,150,212,occ_plus_uniform,1.254857344324988,0.012295699673110283
1,150,212,occ_plus_mean,1.254857344324988,0.016951573578748214
1,150,212,oracle_tail,1.254857344324988,-0.0015026179422452657
1,150,212,complete_rollout,1.254857344324988,0.017278072341678774
1,150,213,uniform,1.254857344324988,0.025697113591594656
1,150,213,learned_occupancy,1.254857344324988,0.04637238830669532
1,150,213,learned_mean,1.254857344324988,0.018447566482574063
1,150,213,tis,1.254857344324988,0.02789876286766857
1,150,213,tis_anchored,1.254857344324988,0.03547698484802386
1,150,213,occ_plus_uniform,1.254857344324988,0.044811569390692974
1,150,213,occ_plus_mean,1.254857344324988,0.03263770362974561
1,150,213,oracle_tail,1.254857344324988,0.021879807102488824
1,150,213,complete_rollout,1.254857344324988,0.010767655675012033
1,150,214,uniform,1.254857344324988,-0.00808071905585539
1,150,214,learned_occupancy,1.254857344324988,-0.016815367400955017
1,150,214,learned_mean,1.254857344324988,-0.012783992186861104
1,150,214,tis,1.254857344324988,-0.014428605396601624
1,150,214,tis_anchored,1.254857344324988,-0.01382235290716971
1,150,214,occ_plus_uniform,1.254857344324988,-0.020992754616135034
1,150,214,occ_plus_mean,1.254857344324988,-0.0290357200099729
1,150,214,oracle_tail,1.254857344324988,-0.01548571358425721
1,150,214,complete_rollout,1.254857344324988,-0.04782609432498797
1,150,215,uniform,1.254857344324988,0.007899377193413493
1,150,215,learned_occupancy,1.254857344324988,0.009711876736975933
1,150,215,learned_mean,1.254857344324988,-0.008186745895148118
1,150,215,tis,1.254857344324988,-0.011520148740157055
1,150,215,tis_anchored,1.254857344324988,0.007097254635604955
1,150,215,occ_plus_uniform,1.254857344324988,0.009967681362503589
1,150,215,occ_plus_mean,1.254857344324988,0.008898100274162157
1,150,215,oracle_tail,1.254857344324988,0.0156734602200872
1,150,215,complete_rollout,1.254857344324988,0.04331973900834529
1,150,216,uniform,1.254857344324988,0.022628466754414767
1,150,216,learned_occupancy,1.254857344324988,0.03536421956031521
1,150,216,learned_mean,1.254857344324988,0.027090696712480655
1,150,216,tis,1.254857344324988,0.015284530706590749
1,150,216,tis_anchored,1.254857344324988,0.006772244047402287
1,150,216,occ_plus_uniform,1.254857344324988,0.027895057500401776
1,150,216,occ_plus_mean,1.254857344324988,0.03879049211030483
1,150,216,oracle_tail,1.254857344324988,0.015328257217245733
1,150,216,complete_rollout,1.254857344324988,0.04983015567501203
1,150,217,uniform,1.254857344324988,-0.014113403562752147
1,150,217,learned_occupancy,1.254857344324988,-0.02669563289037913
1,150,217,learned_mean,1.254857344324988,-0.024802484595755958
1,150,217,tis,1.254857344324988,-0.007428190861304973
1,150,217,tis_anchored,1.254857344324988,-0.013067549030739256
1,150,217,occ_plus_uniform,1.254857344324988,-0.0349536577436258
1,150,217,occ_plus_mean,1.254857344324988,-0.02496605144145092
1,150,217,oracle_tail,1.254857344324988,0.006284503445720624
1,150,217,complete_rollout,1.254857344324988,-0.002253177658321226
1,150,218,uniform,1.254857344324988,0.010920407318704806
1,150,218,learned_occupancy,1.254857344324988,0.001029684097217487
1,150,218,learned_mean,1.254857344324988,-0.01107106216115894
1,150,218,tis,1.254857344324988,0.005822663220362179
1,150,218,tis_anchored,1.254857344324988,0.018293702193587613
1,150,218,occ_plus_uniform,1.254857344324988,0.003906963562965382
1,150,218,occ_plus_mean,1.254857344324988,0.0004932443380143425
1,150,218,oracle_tail,1.254857344324988,0.00118843334985419
1,150,218,complete_rollout,1.254857344324988,0.08889265567501203
1,150,219,uniform,1.254857344324988,0.02305816577665598
1,150,219,learned_occupancy,1.254857344324988,0.014609198455371564
1,150,219,learned_mean,1.254857344324988,0.017668910046828135
1,150,219,tis,1.254857344324988,0.004299120724831518
1,150,219,tis_anchored,1.254857344324988,0.005893193871406632
1,150,219,occ_plus_uniform,1.254857344324988,0.01801982872723018
1,150,219,occ_plus_mean,1.254857344324988,0.01873366056893766
1,150,219,oracle_tail,1.254857344324988,0.005935636318268767
1,150,219,complete_rollout,1.254857344324988,-0.08688859432498797
1,150,220,uniform,1.254857344324988,0.03213462513807386
1,150,220,learned_occupancy,1.254857344324988,0.04272184505733789
1,150,220,learned_mean,1.254857344324988,0.04512934584443995
1,150,220,tis,1.254857344324988,0.026500542203565125
1,150,220,tis_anchored,1.254857344324988,0.052932644542690976
1,150,220,occ_plus_uniform,1.254857344324988,0.0502220486911471
1,150,220,occ_plus_mean,1.254857344324988,0.03861996925248046
1,150,220,oracle_tail,1.254857344324988,0.01727428249673979
1,150,220,complete_rollout,1.254857344324988,-0.015274010991654485
1,150,221,uniform,1.254857344324988,0.0008539147772741451
1,150,221,learned_occupancy,1.254857344324988,0.0338012264882368
1,150,221,learned_mean,1.254857344324988,0.031566620080375474
1,150,221,tis,1.254857344324988,-0.0038946381899840343
1,150,221,tis_anchored,1.254857344324988,0.01118018820070854
1,150,221,occ_plus_uniform,1.254857344324988,0.01733588941894637
1,150,221,occ_plus_mean,1.254857344324988,0.02852664881020872
1,150,221,oracle_tail,1.254857344324988,-0.01451530689631264
1,150,221,complete_rollout,1.254857344324988,0.04983015567501203
1,150,222,uniform,1.254857344324988,0.024327512272412033
1,150,222,learned_occupancy,1.254857344324988,0.022298583599301258
1,150,222,learned_mean,1.254857344324988,0.0294476981602807
1,150,222,tis,1.254857344324988,0.02412044310074135
1,150,222,tis_anchored,1.254857344324988,0.02141465864256875
1,150,222,occ_plus_uniform,1.254857344324988,0.029847895902674892
1,150,222,occ_plus_mean,1.254857344324988,0.014780021551458633
1,150,222,oracle_tail,1.254857344324988,0.015124711696357096
1,150,222,complete_rollout,1.254857344324988,-0.04782609432498797
1,150,223,uniform,1.254857344324988,-0.03725880849636165
1,150,223,learned_occupancy,1.254857344324988,-0.018200186219557768
1,150,223,learned_mean,1.254857344324988,-0.004217120880432912
1,150,223,tis,1.254857344324988,-0.03484118148491855
1,150,223,tis_anchored,1.254857344324988,-0.038944656648230325
1,150,223,occ_plus_uniform,1.254857344324988,-0.023205619731586857
1,150,223,occ_plus_mean,1.254857344324988,-0.010909866495156795
1,150,223,oracle_tail,1.254857344324988,-0.012426111984483512
1,150,223,complete_rollout,1.254857344324988,0.036809322341678774
1,150,224,uniform,1.254857344324988,0.006222902226754146
1,150,224,learned_occupancy,1.254857344324988,0.01969250145999113
1,150,224,learned_mean,1.254857344324988,0.023489280282638747
1,150,224,tis,1.254857344324988,0.031157671275408916
1,150,224,tis_anchored,1.254857344324988,0.022899812090861005
1,150,224,occ_plus_uniform,1.254857344324988,0.02217101604519356
1,150,224,occ_plus_mean,1.254857344324988,0.02461055948581814
1,150,224,oracle_tail,1.254857344324988,0.022664822031033927
1,150,224,complete_rollout,1.254857344324988,-0.021784427658321226
1,150,225,uniform,1.254857344324988,-0.013535739393973012
1,150,225,learned_occupancy,1.254857344324988,-0.03259647037092561
1,150,225,learned_mean,1.254857344324988,-0.037063932956183265
1,150,225,tis,1.254857344324988,-0.02078847865470168
1,150,225,tis_anchored,1.254857344324988,-0.0356020499985672
1,150,225,occ_plus_uniform,1.254857344324988,-0.03915333893185702
1,150,225,occ_plus_mean,1.254857344324988,-0.026977413783887627
1,150,225,oracle_tail,1.254857344324988,-0.012889741019711964
1,150,225,complete_rollout,1.254857344324988,0.023788489008345293
1,150,226,uniform,1.254857344324988,-0.050579064742245716
1,150,226,learned_occupancy,1.254857344324988,-0.046150096156182485
1,150,226,learned_mean,1.254857344324988,-0.06731099618720737
1,150,226,tis,1.254857344324988,-0.029136004797707615
1,150,226,tis_anchored,1.254857344324988,-0.029681877341961593
1,150,226,occ_plus_uniform,1.254857344324988,-0.04603802942792701
1,150,226,occ_plus_mean,1.254857344324988,-0.06150971636221447
1,150,226,oracle_tail,1.254857344324988,-0.03298130507808983
1,150,226,complete_rollout,1.254857344324988,0.04983015567501203
1,150,227,uniform,1.254857344324988,-0.011093069301226333
1,150,227,learned_occupancy,1.254857344324988,-0.01638369748052959
1,150,227,learned_mean,1.254857344324988,-0.021547588247937455
1,150,227,tis,1.254857344324988,0.017225463565745835
1,150,227,tis_anchored,1.254857344324988,-0.01032617986474893
1,150,227,occ_plus_uniform,1.254857344324988,-0.007775669344874725
1,150,227,occ_plus_mean,1.254857344324988,-0.014963636816889059
1,150,227,oracle_tail,1.254857344324988,0.018709850810945117
1,150,227,complete_rollout,1.254857344324988,0.004257239008345293
1,150,228,uniform,1.254857344324988,0.0024836549563456156
1,150,228,learned_occupancy,1.254857344324988,0.004936110638516622
1,150,228,learned_mean,1.254857344324988,-0.005129714287969378
1,150,228,tis,1.254857344324988,-0.007071906342417167
1,150,228,tis_anchored,1.254857344324988,-0.02717521773494158
1,150,228,occ_plus_uniform,1.254857344324988,-0.0010429404793816932
1,150,228,occ_plus_mean,1.254857344324988,-0.00405453610158224
1,150,228,oracle_tail,1.254857344324988,-0.0024700790093332703
1,150,228,complete_rollout,1.254857344324988,0.04331973900834529
1,150,229,uniform,1.254857344324988,-0.00027576325169675897
1,150,229,learned_occupancy,1.254857344324988,0.009624466495234518
1,150,229,learned_mean,1.254857344324988,0.013671153456424001
1,150,229,tis,1.254857344324988,0.02713434298821049
1,150,229,tis_anchored,1.254857344324988,0.0356940809109898
1,150,229,occ_plus_uniform,1.254857344324988,0.007341455084195259
1,150,229,occ_plus_mean,1.254857344324988,0.013507583848623161
1,150,229,oracle_tail,1.254857344324988,0.027170404392011793
1,150,229,complete_rollout,1.254857344324988,0.017278072341678774
1,150,230,uniform,1.254857344324988,-0.06118852684008891
1,150,230,learned_occupancy,1.254857344324988,-0.07453130219972315
1,150,230,learned_mean,1.254857344324988,-0.06774203192323958
1,150,230,tis,1.254857344324988,-0.01944369139889557
1,150,230,tis_anchored,1.254857344324988,-0.03555561055779477
1,150,230,occ_plus_uniform,1.254857344324988,-0.04511931652566581
1,150,230,occ_plus_mean,1.254857344324988,-0.06876518975222035
1,150,230,oracle_tail,1.254857344324988,-0.010350262289029244
1,150,230,complete_rollout,1.254857344324988,-0.002253177658321226
1,150,231,uniform,1.254857344324988,0.0005651533491366489
1,150,231,learned_occupancy,1.254857344324988,-0.03272909836314386
1,150,231,learned_mean,1.254857344324988,-0.019796612353132348
1,150,231,tis,1.254857344324988,0.002506787078385031
1,150,231,tis_anchored,1.254857344324988,-0.0024439073712529957
1,150,231,occ_plus_uniform,1.254857344324988,-0.011551427417643811
1,150,231,occ_plus_mean,1.254857344324988,-0.023603982267962786
1,150,231,oracle_tail,1.254857344324988,-0.0004532936370560403
1,150,231,complete_rollout,1.254857344324988,-0.06735734432498797
1,150,232,uniform,1.254857344324988,0.027273633138642728
1,150,232,learned_occupancy,1.254857344324988,0.0275903092976586
1,150,232,learned_mean,1.254857344324988,0.022153875211938123
1,150,232,tis,1.254857344324988,0.01804642678572943
1,150,232,tis_anchored,1.254857344324988,0.03169013407145149
1,150,232,occ_plus_uniform,1.254857344324988,0.024133691912702204
1,150,232,occ_plus_mean,1.254857344324988,0.021593449808421816
1,150,232,oracle_tail,1.254857344324988,0.004130663305587534
1,150,232,complete_rollout,1.254857344324988,-0.07386776099165449
1,150,233,uniform,1.254857344324988,-0.08547816008564868
1,150,233,learned_occupancy,1.254857344324988,-0.05377157504321861
1,150,233,learned_mean,1.254857344324988,-0.0664820279691467
1,150,233,tis,1.254857344324988,-0.06205087777361351
1,150,233,tis_anchored,1.254857344324988,-0.05894923186332046
1,150,233,occ_plus_uniform,1.254857344324988,-0.09302662919848492
1,150,233,occ_plus_mean,1.254857344324988,-0.055419488288892094
1,150,233,oracle_tail,1.254857344324988,-0.03379450269479012
1,150,233,complete_rollout,1.254857344324988,0.010767655675012033
1,150,234,uniform,1.254857344324988,-0.019731641355645646
1,150,234,learned_occupancy,1.254857344324988,-0.0021393782518770443
1,150,234,learned_mean,1.254857344324988,-0.005826500361033382
1,150,234,tis,1.254857344324988,0.01779445655736711
1,150,234,tis_anchored,1.254857344324988,0.006865212554268085
1,150,234,occ_plus_uniform,1.254857344324988,-0.022696098285213573
1,150,234,occ_plus_mean,1.254857344324988,-0.009145509821478992
1,150,234,oracle_tail,1.254857344324988,0.025800257269167126
1,150,234,complete_rollout,1.254857344324988,0.023788489008345293
1,150,235,uniform,1.254857344324988,-0.03019010227090968
1,150,235,learned_occupancy,1.254857344324988,-0.006364672525879245
1,150,235,learned_mean,1.254857344324988,-0.0023027517187510504
1,150,235,tis,1.254857344324988,-0.00818370593359874
1,150,235,tis_anchored,1.254857344324988,0.001318364720734655
1,150,235,occ_plus_uniform,1.254857344324988,-0.028165408170845563
1,150,235,occ_plus_mean,1.254857344324988,-0.0028152141747259662
1,150,235,oracle_tail,1.254857344324988,-0.016158960499631503
1,150,235,complete_rollout,1.254857344324988,-0.021784427658321226
1,150,236,uniform,1.254857344324988,-0.005691696215702535
1,150,236,learned_occupancy,1.254857344324988,-0.019151397187901598
1,150,236,learned_mean,1.254857344324988,-0.026333608140511222
1,150,236,tis,1.254857344324988,0.00014222146314146755
1,150,236,tis_anchored,1.254857344324988,-0.015145949257491687
1,150,236,occ_plus_uniform,1.254857344324988,0.0022240532961490533
1,150,236,occ_plus_mean,1.254857344324988,-0.031079511598814946
1,150,236,oracle_tail,1.254857344324988,-0.018599699769528133
1,150,236,complete_rollout,1.254857344324988,-0.13246151099165449
1,150,237,uniform,1.254857344324988,-0.023450440761880076
1,150,237,learned_occupancy,1.254857344324988,-0.05524626626758988
1,150,237,learned_mean,1.254857344324988,-0.05404116933843195
1,150,237,tis,1.254857344324988,-0.015310268351435674
1,150,237,tis_anchored,1.254857344324988,-0.04874957897915544
1,150,237,occ_plus_uniform,1.254857344324988,-0.03954963114402621
1,150,237,occ_plus_mean,1.254857344324988,-0.05841556834387429
1,150,237,oracle_tail,1.254857344324988,-0.01572147759100262
1,150,237,complete_rollout,1.254857344324988,-0.034805260991654485
1,150,238,uniform,1.254857344324988,0.019435918704119537
1,150,238,learned_occupancy,1.254857344324988,0.024503050739760335
1,150,238,learned_mean,1.254857344324988,0.012484370809631606
1,150,238,tis,1.254857344324988,-0.021686615864215275
1,150,238,tis_anchored,1.254857344324988,-0.005288283253006565
1,150,238,occ_plus_uniform,1.254857344324988,0.02511530195005629
1,150,238,occ_plus_mean,1.254857344324988,0.021219418917346022
1,150,238,oracle_tail,1.254857344324988,-0.0014873199261302705
1,150,238,complete_rollout,1.254857344324988,0.004257239008345293
1,150,239,uniform,1.254857344324988,0.011269221790370931
1,150,239,learned_occupancy,1.254857344324988,-0.021298026978556317
1,150,239,learned_mean,1.254857344324988,-0.01471620448685207
1,150,239,tis,1.254857344324988,0.011850008417761515
1,150,239,tis_anchored,1.254857344324988,0.0045161867159722036
1,150,239,occ_plus_uniform,1.254857344324988,-0.0010152802141998318
1,150,239,occ_plus_mean,1.254857344324988,-0.016082312708619817
1,150,239,oracle_tail,1.254857344324988,0.012232393801826946
1,150,239,complete_rollout,1.254857344324988,-0.002253177658321226
1,150,240,uniform,1.254857344324988,-0.004204857607529977
1,150,240,learned_occupancy,1.254857344324988,0.0029476559364831623
1,150,240,learned_mean,1.254857344324988,-0.017848804480339098
1,150,240,tis,1.254857344324988,-0.002834861177180903
1,150,240,tis_anchored,1.254857344324988,-0.00010599271062328164
1,150,240,occ_plus_uniform,1.254857344324988,-0.009740538427102319
1,150,240,occ_plus_mean,1.254857344324988,-0.000908409752389927
1,150,240,oracle_tail,1.254857344324988,-0.013438107872592475
1,150,240,complete_rollout,1.254857344324988,-0.041315677658321226
1,150,241,uniform,1.254857344324988,0.024818097052181187
1,150,241,learned_occupancy,1.254857344324988,0.02526760177813059
1,150,241,learned_mean,1.254857344324988,0.03181391188157412
1,150,241,tis,1.254857344324988,0.006600853007577623
1,150,241,tis_anchored,1.254857344324988,0.006368115927523288
1,150,241,occ_plus_uniform,1.254857344324988,0.008257412349207849
1,150,241,occ_plus_mean,1.254857344324988,0.030470072475085708
1,150,241,oracle_tail,1.254857344324988,-0.003024396361920978
1,150,241,complete_rollout,1.254857344324988,0.09540307234167877
1,150,242,uniform,1.254857344324988,-0.00802990292212069
1,150,242,learned_occupancy,1.254857344324988,-0.03251216236887
1,150,242,learned_mean,1.254857344324988,-0.01769502326134309
1,150,242,tis,1.254857344324988,-0.023127064616276893
1,150,242,tis_anchored,1.254857344324988,-0.02980908558683204
1,150,242,occ_plus_uniform,1.254857344324988,-0.019437836291768207
1,150,242,occ_plus_mean,1.254857344324988,-0.02242639215776565
1,150,242,oracle_tail,1.254857344324988,-0.007072439584568269
1,150,242,complete_rollout,1.254857344324988,0.010767655675012033
1,150,243,uniform,1.254857344324988,-0.013389404390172555
1,150,243,learned_occupancy,1.254857344324988,-0.030621042435893253
1,150,243,learned_mean,1.254857344324988,-0.0036236842298373872
1,150,243,tis,1.254857344324988,-0.02508409265649103
1,150,243,tis_anchored,1.254857344324988,-0.02370841340464791
1,150,243,occ_plus_uniform,1.254857344324988,-0.02410585747757832
1,150,243,occ_plus_mean,1.254857344324988,-0.022152808377866373
1,150,243,oracle_tail,1.254857344324988,-0.03646682166710802
1,150,243,complete_rollout,1.254857344324988,-0.054336510991654485
1,150,244,uniform,1.254857344324988,0.03306251591565301
1,150,244,learned_occupancy,1.254857344324988,0.05036976921348346
1,150,244,learned_mean,1.254857344324988,0.0435776211794352
1,150,244,tis,1.254857344324988,0.02130569859212006
1,150,244,tis_anchored,1.254857344324988,0.034690255486558685
1,150,244,occ_plus_uniform,1.254857344324988,0.040195671992139026
1,150,244,occ_plus_mean,1.254857344324988,0.047310541284640184
1,150,244,oracle_tail,1.254857344324988,0.028501748866001098
1,150,244,complete_rollout,1.254857344324988,-0.021784427658321226
1,150,245,uniform,1.254857344324988,0.03191749319084991
1,150,245,learned_occupancy,1.254857344324988,0.034001414952149034
1,150,245,learned_mean,1.254857344324988,0.01616272425779064
1,150,245,tis,1.254857344324988,0.006700891246818053
1,150,245,tis_anchored,1.254857344324988,0.01543939071886058
1,150,245,occ_plus_uniform,1.254857344324988,0.038101928345673386
1,150,245,occ_plus_mean,1.254857344324988,0.03250071983659453
1,150,245,oracle_tail,1.254857344324988,0.0039175562792066465
1,150,245,complete_rollout,1.254857344324988,-0.08037817765832123
1,150,246,uniform,1.254857344324988,-0.006326124568980962
1,150,246,learned_occupancy,1.254857344324988,-0.010763730476210487
1,150,246,learned_mean,1.254857344324988,-0.008196501693882752
1,150,246,tis,1.254857344324988,-0.012538113795593553
1,150,246,tis_anchored,1.254857344324988,-0.020736849926482392
1,150,246,occ_plus_uniform,1.254857344324988,-0.01346693538211663
1,150,246,occ_plus_mean,1.254857344324988,-0.012278849159413463
1,150,246,oracle_tail,1.254857344324988,-0.0029908580459343526
1,150,246,complete_rollout,1.254857344324988,0.06936140567501203
1,150,247,uniform,1.254857344324988,0.01668221438622597
1,150,247,learned_occupancy,1.254857344324988,0.023224356246627442
1,150,247,learned_mean,1.254857344324988,0.004996767515441203
1,150,247,tis,1.254857344324988,-0.020202932181355493
1,150,247,tis_anchored,1.254857344324988,-0.001386343347403951
1,150,247,occ_plus_uniform,1.254857344324988,0.013053062898775947
1,150,247,occ_plus_mean,1.254857344324988,0.016567739136125414
1,150,247,oracle_tail,1.254857344324988,-0.008081960302392499
1,150,247,complete_rollout,1.254857344324988,0.06285098900834529
1,150,248,uniform,1.254857344324988,0.05042434727397915
1,150,248,learned_occupancy,1.254857344324988,0.028914146672059493
1,150,248,learned_mean,1.254857344324988,0.03451475834331874
1,150,248,tis,1.254857344324988,-0.0009083711442237075
1,150,248,tis_anchored,1.254857344324988,0.007172215051485686
1,150,248,occ_plus_uniform,1.254857344324988,0.03162071387772336
1,150,248,occ_plus_mean,1.254857344324988,0.038614658576273886
1,150,248,oracle_tail,1.254857344324988,0.006487178669032367
1,150,248,complete_rollout,1.254857344324988,-0.008763594324987967
1,150,249,uniform,1.254857344324988,0.005567409942645485
1,150,249,learned_occupancy,1.254857344324988,0.01832030728607137
1,150,249,learned_mean,1.254857344324988,0.015123178553765104
1,150,249,tis,1.254857344324988,0.010232341255286492
1,150,249,tis_anchored,1.254857344324988,0.0006914429712352455
1,150,249,occ_plus_uniform,1.254857344324988,0.017760868328243973
1,150,249,occ_plus_mean,1.254857344324988,0.024737533987170934
1,150,249,oracle_tail,1.254857344324988,1.4260308106139874e-05
1,150,249,complete_rollout,1.254857344324988,-0.028294844324987967
1,150,250,uniform,1.254857344324988,0.014530382015818466
1,150,250,learned_occupancy,1.254857344324988,0.0027399751283121443
1,150,250,learned_mean,1.254857344324988,-0.004157789508310028
1,150,250,tis,1.254857344324988,0.02777923127174664
1,150,250,tis_anchored,1.254857344324988,0.008772652876955611
1,150,250,occ_plus_uniform,1.254857344324988,0.002522890542423495
1,150,250,occ_plus_mean,1.254857344324988,-0.006195400731801248
1,150,250,oracle_tail,1.254857344324988,0.021169173614236314
1,150,250,complete_rollout,1.254857344324988,0.023788489008345293
1,150,251,uniform,1.254857344324988,0.006496665310782523
1,150,251,learned_occupancy,1.254857344324988,0.008982323610008836
1,150,251,learned_mean,1.254857344324988,0.008563060401723277
1,150,251,tis,1.254857344324988,0.009773604512319345
1,150,251,tis_anchored,1.254857344324988,0.00826551694303257
1,150,251,occ_plus_uniform,1.254857344324988,0.01053273263698995
1,150,251,occ_plus_mean,1.254857344324988,0.0067257609105235705
1,150,251,oracle_tail,1.254857344324988,0.0018939621256941486
1,150,251,complete_rollout,1.254857344324988,-0.015274010991654485
1,150,252,uniform,1.254857344324988,-0.011510836487005793
1,150,252,learned_occupancy,1.254857344324988,-0.010024331808526687
1,150,252,learned_mean,1.254857344324988,0.004334616904700717
1,150,252,tis,1.254857344324988,-0.006238104233479369
1,150,252,tis_anchored,1.254857344324988,-0.010015783508517506
1,150,252,occ_plus_uniform,1.254857344324988,-0.02556811402887793
1,150,252,occ_plus_mean,1.254857344324988,-0.008131008309643528
1,150,252,oracle_tail,1.254857344324988,0.009509806362126172
1,150,252,complete_rollout,1.254857344324988,-0.028294844324987967
1,150,253,uniform,1.254857344324988,0.04439421708222424
1,150,253,learned_occupancy,1.254857344324988,0.02568179192082254
1,150,253,learned_mean,1.254857344324988,0.019463571612095887
1,150,253,tis,1.254857344324988,0.003833254308667877
1,150,253,tis_anchored,1.254857344324988,0.014074250436389546
1,150,253,occ_plus_uniform,1.254857344324988,0.02428495846591394
1,150,253,occ_plus_mean,1.254857344324988,0.01860287613473277
1,150,253,oracle_tail,1.254857344324988,0.015884916613609468
1,150,253,complete_rollout,1.254857344324988,-0.002253177658321226
1,150,254,uniform,1.254857344324988,-0.0341560000552108
1,150,254,learned_occupancy,1.254857344324988,-0.06139537778910964
1,150,254,learned_mean,1.254857344324988,-0.04158193085723427
1,150,254,tis,1.254857344324988,-0.040354863917924755
1,150,254,tis_anchored,1.254857344324988,-0.01667992766806936
1,150,254,occ_plus_uniform,1.254857344324988,-0.03613570371037844
1,150,254,occ_plus_mean,1.254857344324988,-0.05912838310601032
1,150,254,oracle_tail,1.254857344324988,-0.030656156671327484
1,150,254,complete_rollout,1.254857344324988,-0.041315677658321226
1,150,255,uniform,1.254857344324988,-0.005861713783517741
1,150,255,learned_occupancy,1.254857344324988,-0.01422148267593748
1,150,255,learned_mean,1.254857344324988,-0.02206640333701948
1,150,255,tis,1.254857344324988,0.010957546334952495
1,150,255,tis_anchored,1.254857344324988,-0.007945841126753894
1,150,255,occ_plus_uniform,1.254857344324988,-0.02745498163622928
1,150,255,occ_plus_mean,1.254857344324988,-0.02182160200211003
1,150,255,oracle_tail,1.254857344324988,0.005037829891605616
1,150,255,complete_rollout,1.254857344324988,-0.002253177658321226
1,150,256,uniform,1.254857344324988,0.033838934907614915
1,150,256,learned_occupancy,1.254857344324988,0.0346680331782403
1,150,256,learned_mean,1.254857344324988,0.04228500119515388
1,150,256,tis,1.254857344324988,0.04682007467492966
1,150,256,tis_anchored,1.254857344324988,0.05206337790628468
1,150,256,occ_plus_uniform,1.254857344324988,0.03876655783560845
1,150,256,occ_plus_mean,1.254857344324988,0.038517979698992066
1,150,256,oracle_tail,1.254857344324988,0.040652514950161756
1,150,256,complete_rollout,1.254857344324988,0.08238223900834529
1,150,257,uniform,1.254857344324988,-0.02349560736606482
1,150,257,learned_occupancy,1.254857344324988,0.0036732128956658006
1,150,257,learned_mean,1.254857344324988,-9.578144490784979e-05
1,150,257,tis,1.254857344324988,5.968430351566134e-05
1,150,257,tis_anchored,1.254857344324988,-0.001654994095733775
1,150,257,occ_plus_uniform,1.254857344324988,-0.004818724253529361
1,150,257,occ_plus_mean,1.254857344324988,0.003140966355606789
1,150,257,oracle_tail,1.254857344324988,0.005110034891880888
1,150,257,complete_rollout,1.254857344324988,0.056340572341678774
1,150,258,uniform,1.254857344324988,-0.049254531598811546
1,150,258,learned_occupancy,1.254857344324988,-0.06169890264101063
1,150,258,learned_mean,1.254857344324988,-0.061157995386862396
1,150,258,tis,1.254857344324988,-0.0292104223742351
1,150,258,tis_anchored,1.254857344324988,-0.0429481345066971
1,150,258,occ_plus_uniform,1.254857344324988,-0.04628435578651802
1,150,258,occ_plus_mean,1.254857344324988,-0.05937184615422941
1,150,258,oracle_tail,1.254857344324988,-0.019137792464475112
1,150,258,complete_rollout,1.254857344324988,-0.002253177658321226
1,150,259,uniform,1.254857344324988,0.03572558279211724
1,150,259,learned_occupancy,1.254857344324988,0.03335694941670875
1,150,259,learned_mean,1.254857344324988,0.032345260780200835
1,150,259,tis,1.254857344324988,0.023583182384608214
1,150,259,tis_anchored,1.254857344324988,0.03691854341283185
1,150,259,occ_plus_uniform,1.254857344324988,0.020371609211601083
1,150,259,occ_plus_mean,1.254857344324988,0.036616586308882315
1,150,259,oracle_tail,1.254857344324988,0.01665337801096034
1,150,259,complete_rollout,1.254857344324988,0.004257239008345293
1,150,260,uniform,1.254857344324988,0.04676057900190611
1,150,260,learned_occupancy,1.254857344324988,0.03370764943626958
1,150,260,learned_mean,1.254857344324988,0.0419725916154432
1,150,260,tis,1.254857344324988,0.05147220054243862
1,150,260,tis_anchored,1.254857344324988,0.05103988337526877
1,150,260,occ_plus_uniform,1.254857344324988,0.04490834249519704
1,150,260,occ_plus_mean,1.254857344324988,0.036910212276189514
1,150,260,oracle_tail,1.254857344324988,0.048670995233585757
1,150,260,complete_rollout,1.254857344324988,0.023788489008345293
1,150,261,uniform,1.254857344324988,-0.024977390623751594
1,150,261,learned_occupancy,1.254857344324988,-0.016096071496629394
1,150,261,learned_mean,1.254857344324988,-0.015109393456423481
1,150,261,tis,1.254857344324988,-0.004389704534624395
1,150,261,tis_anchored,1.254857344324988,-0.016797470136332482
1,150,261,occ_plus_uniform,1.254857344324988,-0.026105831769157817
1,150,261,occ_plus_mean,1.254857344324988,-0.016497229081283038
1,150,261,oracle_tail,1.254857344324988,-0.009978901195758505
1,150,261,complete_rollout,1.254857344324988,-0.021784427658321226
1,150,262,uniform,1.254857344324988,-0.06629378446972423
1,150,262,learned_occupancy,1.254857344324988,-0.04022555870113287
1,150,262,learned_mean,1.254857344324988,-0.03494882432934032
1,150,262,tis,1.254857344324988,-0.0391096475766175
1,150,262,tis_anchored,1.254857344324988,-0.026679552621551306
1,150,262,occ_plus_uniform,1.254857344324988,-0.06396550628993292
1,150,262,occ_plus_mean,1.254857344324988,-0.04096453359193064
1,150,262,oracle_tail,1.254857344324988,-0.03584923130390871
1,150,262,complete_rollout,1.254857344324988,-0.09990942765832123
1,150,263,uniform,1.254857344324988,0.05034375252650869
1,150,263,learned_occupancy,1.254857344324988,0.05819229578306517
1,150,263,learned_mean,1.254857344324988,0.058350070538620624
1,150,263,tis,1.254857344324988,0.02925268186314156
1,150,263,tis_anchored,1.254857344324988,0.04772600068880317
1,150,263,occ_plus_uniform,1.254857344324988,0.06895454033956439
1,150,263,occ_plus_mean,1.254857344324988,0.05940451746611308
1,150,263,oracle_tail,1.254857344324988,0.02470902922217655
1,150,263,complete_rollout,1.254857344324988,0.004257239008345293
1,150,264,uniform,1.254857344324988,0.0622647192070247
1,150,264,learned_occupancy,1.254857344324988,0.05112369262404859
1,150,264,learned_mean,1.254857344324988,0.06112448412622595
1,150,264,tis,1.254857344324988,0.061780403104031656
1,150,264,tis_anchored,1.254857344324988,0.07072318541861611
1,150,264,occ_plus_uniform,1.254857344324988,0.06682322746868952
1,150,264,occ_plus_mean,1.254857344324988,0.05529711547188709
1,150,264,oracle_tail,1.254857344324988,0.057791365539514805
1,150,264,complete_rollout,1.254857344324988,0.04331973900834529
1,150,265,uniform,1.254857344324988,-0.0021777389899892974
1,150,265,learned_occupancy,1.254857344324988,-0.0031772048081966098
1,150,265,learned_mean,1.254857344324988,0.017283385669963458
1,150,265,tis,1.254857344324988,-0.002249349435242687
1,150,265,tis_anchored,1.254857344324988,0.008085283575525848
1,150,265,occ_plus_uniform,1.254857344324988,0.007118939287287018
1,150,265,occ_plus_mean,1.254857344324988,0.007144947211195518
1,150,265,oracle_tail,1.254857344324988,-0.013484255958185143
1,150,265,complete_rollout,1.254857344324988,-0.008763594324987967
1,150,266,uniform,1.254857344324988,0.005457561239032183
1,150,266,learned_occupancy,1.254857344324988,0.008545178339211201
1,150,266,learned_mean,1.254857344324988,0.005888968129763139
1,150,266,tis,1.254857344324988,0.0037665018930423955
1,150,266,tis_anchored,1.254857344324988,-0.0022764924906371053
1,150,266,occ_plus_uniform,1.254857344324988,-0.013903270287531466
1,150,266,occ_plus_mean,1.254857344324988,-0.0012922863798756623
1,150,266,oracle_tail,1.254857344324988,-0.012727646753191157
1,150,266,complete_rollout,1.254857344324988,-0.054336510991654485
1,150,267,uniform,1.254857344324988,-0.04608999188825069
1,150,267,learned_occupancy,1.254857344324988,-0.07881524712810828
1,150,267,learned_mean,1.254857344324988,-0.08204634448848402
1,150,267,tis,1.254857344324988,-0.0713122800779682
1,150,267,tis_anchored,1.254857344324988,-0.055610041326636495
1,150,267,occ_plus_uniform,1.254857344324988,-0.05272299589519314
1,150,267,occ_plus_mean,1.254857344324988,-0.07919064784189933
1,150,267,oracle_tail,1.254857344324988,-0.039201675001078407
1,150,267,complete_rollout,1.254857344324988,-0.034805260991654485
1,150,268,uniform,1.254857344324988,0.013395259861702646
1,150,268,learned_occupancy,1.254857344324988,0.006144265999873388
1,150,268,learned_mean,1.254857344324988,0.022123250941508132
1,150,268,tis,1.254857344324988,-0.003405912310164627
1,150,268,tis_anchored,1.254857344324988,0.011224808036485623
1,150,268,occ_plus_uniform,1.254857344324988,0.03189699364697596
1,150,268,occ_plus_mean,1.254857344324988,0.008517879123545624
1,150,268,oracle_tail,1.254857344324988,0.017203067583406062
1,150,268,complete_rollout,1.254857344324988,0.010767655675012033
1,150,269,uniform,1.254857344324988,0.0023290094469801126
1,150,269,learned_occupancy,1.254857344324988,-0.013192023891737792
1,150,269,learned_mean,1.254857344324988,-0.003585003198775638
1,150,269,tis,1.254857344324988,-0.004866093800760529
1,150,269,tis_anchored,1.254857344324988,0.009228923833702218
1,150,269,occ_plus_uniform,1.254857344324988,-0.005839292158250409
1,150,269,occ_plus_mean,1.254857344324988,-0.020572322704222934
1,150,269,oracle_tail,1.254857344324988,0.00918985636898939
1,150,269,complete_rollout,1.254857344324988,0.06936140567501203
1,150,270,uniform,1.254857344324988,0.027791832514097115
1,150,270,learned_occupancy,1.254857344324988,0.00683342412217014
1,150,270,learned_mean,1.254857344324988,0.0033600283158834454
1,150,270,tis,1.254857344324988,0.01646074143948928
1,150,270,tis_anchored,1.254857344324988,0.010426251013686993
1,150,270,occ_plus_uniform,1.254857344324988,0.0227893047511063
1,150,270,occ_plus_mean,1.254857344324988,0.008959149224062823
1,150,270,oracle_tail,1.254857344324988,0.009676233438353998
1,150,270,complete_rollout,1.254857344324988,-0.060846927658321226
1,150,271,uniform,1.254857344324988,0.03841222341246264
1,150,271,learned_occupancy,1.254857344324988,0.016333872894851664
1,150,271,learned_mean,1.254857344324988,0.020529497812011854
1,150,271,tis,1.254857344324988,0.021720572717106812
1,150,271,tis_anchored,1.254857344324988,0.00947715233766
1,150,271,occ_plus_uniform,1.254857344324988,0.013420928944194221
1,150,271,occ_plus_mean,1.254857344324988,0.014697973206505122
1,150,271,oracle_tail,1.254857344324988,-0.007101089713032804
1,150,271,complete_rollout,1.254857344324988,-0.008763594324987967
1,150,272,uniform,1.254857344324988,-0.0008007581001225894
1,150,272,learned_occupancy,1.254857344324988,-0.026929008646983776
1,150,272,learned_mean,1.254857344324988,-0.005393292042262132
1,150,272,tis,1.254857344324988,-0.019969410164735413
1,150,272,tis_anchored,1.254857344324988,-0.007197701230829523
1,150,272,occ_plus_uniform,1.254857344324988,-0.002984458604884388
1,150,272,occ_plus_mean,1.254857344324988,-0.023171476856943762
1,150,272,oracle_tail,1.254857344324988,-0.020996623974103512
1,150,272,complete_rollout,1.254857344324988,0.056340572341678774
1,150,273,uniform,1.254857344324988,0.01853157369405589
1,150,273,learned_occupancy,1.254857344324988,-0.007333241907116372
1,150,273,learned_mean,1.254857344324988,-0.0041037395647745
1,150,273,tis,1.254857344324988,0.020122354147631194
1,150,273,tis_anchored,1.254857344324988,0.024301636738058185
1,150,273,occ_plus_uniform,1.254857344324988,0.0019663840699142288
1,150,273,occ_plus_mean,1.254857344324988,-0.005154244639683059
1,150,273,oracle_tail,1.254857344324988,-0.001242782928649211
1,150,273,complete_rollout,1.254857344324988,-0.04782609432498797
1,150,274,uniform,1.254857344324988,-0.004051469962630394
1,150,274,learned_occupancy,1.254857344324988,-0.005437576029425184
1,150,274,learned_mean,1.254857344324988,-0.0027325567949496588
1,150,274,tis,1.254857344324988,0.004470039750317234
1,150,274,tis_anchored,1.254857344324988,0.013974321994060679
1,150,274,occ_plus_uniform,1.254857344324988,-0.01027329906818375
1,150,274,occ_plus_mean,1.254857344324988,-0.015051891465897471
1,150,274,oracle_tail,1.254857344324988,-0.0008514709367148932
1,150,274,complete_rollout,1.254857344324988,-0.002253177658321226
1,150,275,uniform,1.254857344324988,0.010407744616334647
1,150,275,learned_occupancy,1.254857344324988,0.004217134360293251
1,150,275,learned_mean,1.254857344324988,-0.01014959576432184
1,150,275,tis,1.254857344324988,-0.025106353327411624
1,150,275,tis_anchored,1.254857344324988,-0.014997944053629864
1,150,275,occ_plus_uniform,1.254857344324988,0.011539784074665604
1,150,275,occ_plus_mean,1.254857344324988,-0.0010522459247108706
1,150,275,oracle_tail,1.254857344324988,0.0111306943595737
1,150,275,complete_rollout,1.254857344324988,-0.06735734432498797
1,150,276,uniform,1.254857344324988,0.016151177232640812
1,150,276,learned_occupancy,1.254857344324988,0.0021250816475790746
1,150,276,learned_mean,1.254857344324988,0.008122265394501005
1,150,276,tis,1.254857344324988,-0.002370857979380636
1,150,276,tis_anchored,1.254857344324988,-0.0011193689059716405
1,150,276,occ_plus_uniform,1.254857344324988,0.006574913124229642
1,150,276,occ_plus_mean,1.254857344324988,0.008070351107954288
1,150,276,oracle_tail,1.254857344324988,-0.014708552816950604
1,150,276,complete_rollout,1.254857344324988,0.010767655675012033
1,150,277,uniform,1.254857344324988,-0.015199856819382074
1,150,277,learned_occupancy,1.254857344324988,-0.0034702614189172643
1,150,277,learned_mean,1.254857344324988,-0.013270563071510422
1,150,277,tis,1.254857344324988,-0.016367849378306154
1,150,277,tis_anchored,1.254857344324988,-0.01544916974353594
1,150,277,occ_plus_uniform,1.254857344324988,-0.007509043140929705
1,150,277,occ_plus_mean,1.254857344324988,-0.002433118878303109
1,150,277,oracle_tail,1.254857344324988,-0.018399859483084757
1,150,277,complete_rollout,1.254857344324988,0.030298905675012033
1,150,278,uniform,1.254857344324988,0.018954500662327733
1,150,278,learned_occupancy,1.254857344324988,-0.0012149468443800604
1,150,278,learned_mean,1.254857344324988,-0.01658443997675585
1,150,278,tis,1.254857344324988,-0.005551225365781898
1,150,278,tis_anchored,1.254857344324988,-0.0005511966312643501
1,150,278,occ_plus_uniform,1.254857344324988,-0.0022184676834653416
1,150,278,occ_plus_mean,1.254857344324988,-0.007216732549330196
1,150,278,oracle_tail,1.254857344324988,0.0014162312750074513
1,150,278,complete_rollout,1.254857344324988,0.017278072341678774
1,150,279,uniform,1.254857344324988,-0.022397956493150684
1,150,279,learned_occupancy,1.254857344324988,-0.010176607982577579
1,150,279,learned_mean,1.254857344324988,-0.02767605945621643
1,150,279,tis,1.254857344324988,-0.021557495422214412
1,150,279,tis_anchored,1.254857344324988,-0.018758482795391718
1,150,279,occ_plus_uniform,1.254857344324988,-0.019927775488914667
1,150,279,occ_plus_mean,1.254857344324988,-0.027021270755624105
1,150,279,oracle_tail,1.254857344324988,-0.026004767210616286
1,150,279,complete_rollout,1.254857344324988,0.036809322341678774
1,150,280,uniform,1.254857344324988,0.009253973202485222
1,150,280,learned_occupancy,1.254857344324988,0.014488212530417988
1,150,280,learned_mean,1.254857344324988,0.014307691950736556
1,150,280,tis,1.254857344324988,-0.0053147178757182445
1,150,280,tis_anchored,1.254857344324988,-0.0014728479818044704
1,150,280,occ_plus_uniform,1.254857344324988,0.016535545982319322
1,150,280,occ_plus_mean,1.254857344324988,0.014187474549483214
1,150,280,oracle_tail,1.254857344324988,-0.0027542595668379466
1,150,280,complete_rollout,1.254857344324988,0.04983015567501203
1,150,281,uniform,1.254857344324988,0.023165115575771056
1,150,281,learned_occupancy,1.254857344324988,0.015867814828230298
1,150,281,learned_mean,1.254857344324988,0.017906751380105224
1,150,281,tis,1.254857344324988,0.0009749538832346527
1,150,281,tis_anchored,1.254857344324988,0.0013512916344158299
1,150,281,occ_plus_uniform,1.254857344324988,0.006354766038634052
1,150,281,occ_plus_mean,1.254857344324988,0.014316363825876088
1,150,281,oracle_tail,1.254857344324988,-0.0008571690017202815
1,150,281,complete_rollout,1.254857344324988,0.004257239008345293
1,150,282,uniform,1.254857344324988,-0.011548014460914136
1,150,282,learned_occupancy,1.254857344324988,0.0010721568266067738
1,150,282,learned_mean,1.254857344324988,0.0011641398220352261
1,150,282,tis,1.254857344324988,-0.02088608463611008
1,150,282,tis_anchored,1.254857344324988,-0.013737453903158059
1,150,282,occ_plus_uniform,1.254857344324988,0.008406984148935148
1,150,282,occ_plus_mean,1.254857344324988,0.002685994655762247
1,150,282,oracle_tail,1.254857344324988,-0.02786400114282861
1,150,282,complete_rollout,1.254857344324988,0.030298905675012033
1,150,283,uniform,1.254857344324988,0.04538248868203909
1,150,283,learned_occupancy,1.254857344324988,0.038595017565010936
1,150,283,learned_mean,1.254857344324988,0.03571110501057473
1,150,283,tis,1.254857344324988,0.040670929976808656
1,150,283,tis_anchored,1.254857344324988,0.047847218069030806
1,150,283,occ_plus_uniform,1.254857344324988,0.040528082681990485
1,150,283,occ_plus_mean,1.254857344324988,0.04444800813804295
1,150,283,oracle_tail,1.254857344324988,0.02456787354783274
1,150,283,complete_rollout,1.254857344324988,0.09540307234167877
1,150,284,uniform,1.254857344324988,0.008460461372535644
1,150,284,learned_occupancy,1.254857344324988,0.0115556002647903
1,150,284,learned_mean,1.254857344324988,0.00010695862693754776
1,150,284,tis,1.254857344324988,-0.018442011404951497
1,150,284,tis_anchored,1.254857344324988,-0.0088181228360944
1,150,284,occ_plus_uniform,1.254857344324988,0.004201598384595551
1,150,284,occ_plus_mean,1.254857344324988,0.009408512481105413
1,150,284,oracle_tail,1.254857344324988,0.0028144779987082646
1,150,284,complete_rollout,1.254857344324988,0.010767655675012033
1,150,285,uniform,1.254857344324988,-0.002175375582049943
1,150,285,learned_occupancy,1.254857344324988,-0.00713376269897581
1,150,285,learned_mean,1.254857344324988,-0.011861241862631156
1,150,285,tis,1.254857344324988,-0.013471377382420657
1,150,285,tis_anchored,1.254857344324988,-0.02138468825933737
1,150,285,occ_plus_uniform,1.254857344324988,-0.004066710623841452
1,150,285,occ_plus_mean,1.254857344324988,-0.01605141062956239
1,150,285,oracle_tail,1.254857344324988,-0.01167330981004211
1,150,285,complete_rollout,1.254857344324988,0.08238223900834529
1,150,286,uniform,1.254857344324988,0.05477896872081711
1,150,286,learned_occupancy,1.254857344324988,0.04056983670115999
1,150,286,learned_mean,1.254857344324988,0.019270182920513967
1,150,286,tis,1.254857344324988,0.010529880231668454
1,150,286,tis_anchored,1.254857344324988,0.028371027147760186
1,150,286,occ_plus_uniform,1.254857344324988,0.03964864461959783
1,150,286,occ_plus_mean,1.254857344324988,0.026794206487074534
1,150,286,oracle_tail,1.254857344324988,0.020322727323868195
1,150,286,complete_rollout,1.254857344324988,0.07587182234167877
1,150,287,uniform,1.254857344324988,0.018617074083199014
1,150,287,learned_occupancy,1.254857344324988,-0.003746867474498261
1,150,287,learned_mean,1.254857344324988,0.0088579511492064
1,150,287,tis,1.254857344324988,0.001834565413827427
1,150,287,tis_anchored,1.254857344324988,0.018297247334680078
1,150,287,occ_plus_uniform,1.254857344324988,0.00588356072897267
1,150,287,occ_plus_mean,1.254857344324988,0.006533265843841729
1,150,287,oracle_tail,1.254857344324988,0.014384809736843085
1,150,287,complete_rollout,1.254857344324988,-0.09339901099165449
1,150,288,uniform,1.254857344324988,-0.014630342928639184
1,150,288,learned_occupancy,1.254857344324988,-0.0370055075745932
1,150,288,learned_mean,1.254857344324988,-0.052506338261438135
1,150,288,tis,1.254857344324988,-0.026466004071926896
1,150,288,tis_anchored,1.254857344324988,-0.04678459014306746
1,150,288,occ_plus_uniform,1.254857344324988,-0.02978609843637714
1,150,288,occ_plus_mean,1.254857344324988,-0.03193479580934788
1,150,288,oracle_tail,1.254857344324988,-0.019797801141502758
1,150,288,complete_rollout,1.254857344324988,0.010767655675012033
1,150,289,uniform,1.254857344324988,0.05103648431087682
1,150,289,learned_occupancy,1.254857344324988,0.04980783104090358
1,150,289,learned_mean,1.254857344324988,0.048660525649953046
1,150,289,tis,1.254857344324988,0.009350434207015423
1,150,289,tis_anchored,1.254857344324988,0.030739746427941972
1,150,289,occ_plus_uniform,1.254857344324988,0.06916485846684273
1,150,289,occ_plus_mean,1.254857344324988,0.04663959375026261
1,150,289,oracle_tail,1.254857344324988,0.0181395203416983
1,150,289,complete_rollout,1.254857344324988,-0.002253177658321226
1,150,290,uniform,1.254857344324988,0.028676330056014
1,150,290,learned_occupancy,1.254857344324988,0.0047600266499974175
1,150,290,learned_mean,1.254857344324988,0.00974248272085787
1,150,290,tis,1.254857344324988,0.012392668580269772
1,150,290,tis_anchored,1.254857344324988,0.02404307725917043
1,150,290,occ_plus_uniform,1.254857344324988,0.04099083789846181
1,150,290,occ_plus_mean,1.254857344324988,0.0010115022005190433
1,150,290,oracle_tail,1.254857344324988,0.009572886611737053
1,150,290,complete_rollout,1.254857344324988,-0.028294844324987967
1,150,291,uniform,1.254857344324988,-0.0009434838727757633
1,150,291,learned_occupancy,1.254857344324988,-0.00928070219155952
1,150,291,learned_mean,1.254857344324988,0.0025730210496048844
1,150,291,tis,1.254857344324988,0.004836511037694002
1,150,291,tis_anchored,1.254857344324988,0.004180554537486003
1,150,291,occ_plus_uniform,1.254857344324988,0.01985210646902913
1,150,291,occ_plus_mean,1.254857344324988,-0.008092280069587954
1,150,291,oracle_tail,1.254857344324988,0.011664527656021884
1,150,291,complete_rollout,1.254857344324988,-0.008763594324987967
1,150,292,uniform,1.254857344324988,0.008797427794746682
1,150,292,learned_occupancy,1.254857344324988,0.021265086176433634
1,150,292,learned_mean,1.254857344324988,0.013404939663812288
1,150,292,tis,1.254857344324988,0.01576406259612817
1,150,292,tis_anchored,1.254857344324988,0.007646522421053126
1,150,292,occ_plus_uniform,1.254857344324988,0.023421939323228447
1,150,292,occ_plus_mean,1.254857344324988,0.021124626478913777
1,150,292,oracle_tail,1.254857344324988,0.010653919831522973
1,150,292,complete_rollout,1.254857344324988,-0.028294844324987967
1,150,293,uniform,1.254857344324988,-0.04943874045924512
1,150,293,learned_occupancy,1.254857344324988,-0.052714746050131156
1,150,293,learned_mean,1.254857344324988,-0.06034659705454892
1,150,293,tis,1.254857344324988,-0.044877827573445384
1,150,293,tis_anchored,1.254857344324988,-0.04101451546887436
1,150,293,occ_plus_uniform,1.254857344324988,-0.04823603725243286
1,150,293,occ_plus_mean,1.254857344324988,-0.06097739732363161
1,150,293,oracle_tail,1.254857344324988,-0.01826437121082769
1,150,293,complete_rollout,1.254857344324988,-0.002253177658321226
1,150,294,uniform,1.254857344324988,0.0756366301011071
1,150,294,learned_occupancy,1.254857344324988,0.06146709650935356
1,150,294,learned_mean,1.254857344324988,0.06145523653247187
1,150,294,tis,1.254857344324988,0.031330416272133066
1,150,294,tis_anchored,1.254857344324988,0.04725713515641994
1,150,294,occ_plus_uniform,1.254857344324988,0.07103034365016847
1,150,294,occ_plus_mean,1.254857344324988,0.06220229433273872
1,150,294,oracle_tail,1.254857344324988,0.025696843651846102
1,150,294,complete_rollout,1.254857344324988,-0.034805260991654485
1,150,295,uniform,1.254857344324988,-0.03469022198923555
1,150,295,learned_occupancy,1.254857344324988,0.0035143863448339197
1,150,295,learned_mean,1.254857344324988,-0.0059211071385185665
1,150,295,tis,1.254857344324988,0.007875949499431156
1,150,295,tis_anchored,1.254857344324988,0.00928319816591161
1,150,295,occ_plus_uniform,1.254857344324988,-0.01053034611971837
1,150,295,occ_plus_mean,1.254857344324988,0.0064132563248966434
1,150,295,oracle_tail,1.254857344324988,-0.003390298753092269
1,150,295,complete_rollout,1.254857344324988,-0.09339901099165449
1,150,296,uniform,1.254857344324988,-0.04296573610329801
1,150,296,learned_occupancy,1.254857344324988,-0.03911725527255627
1,150,296,learned_mean,1.254857344324988,-0.03620036695561035
1,150,296,tis,1.254857344324988,-0.007843815489303463
1,150,296,tis_anchored,1.254857344324988,-0.029154992505338484
1,150,296,occ_plus_uniform,1.254857344324988,-0.029551025382231533
1,150,296,occ_plus_mean,1.254857344324988,-0.03034500365773818
1,150,296,oracle_tail,1.254857344324988,-0.020391401138406984
1,150,296,complete_rollout,1.254857344324988,-0.07386776099165449
1,150,297,uniform,1.254857344324988,0.048100627813772334
1,150,297,learned_occupancy,1.254857344324988,0.029588016558182106
1,150,297,learned_mean,1.254857344324988,0.024276623655401064
1,150,297,tis,1.254857344324988,0.01687363026494859
1,150,297,tis_anchored,1.254857344324988,0.020627297777153775
1,150,297,occ_plus_uniform,1.254857344324988,0.034836030417807695
1,150,297,occ_plus_mean,1.254857344324988,0.035582775449198856
1,150,297,oracle_tail,1.254857344324988,0.011495407971580107
1,150,297,complete_rollout,1.254857344324988,-0.04782609432498797
1,150,298,uniform,1.254857344324988,-0.036988187222320335
1,150,298,learned_occupancy,1.254857344324988,-0.05069830793553409
1,150,298,learned_mean,1.254857344324988,-0.05712411861565769
1,150,298,tis,1.254857344324988,-0.01789785800114263
1,150,298,tis_anchored,1.254857344324988,-0.025992405896133386
1,150,298,occ_plus_uniform,1.254857344324988,-0.04823898580230157
1,150,298,occ_plus_mean,1.254857344324988,-0.05019587593212371
1,150,298,oracle_tail,1.254857344324988,-0.011318507968299807
1,150,298,complete_rollout,1.254857344324988,-0.002253177658321226
1,150,299,uniform,1.254857344324988,0.007906063915632977
1,150,299,learned_occupancy,1.254857344324988,0.0027867379823287575
1,150,299,learned_mean,1.254857344324988,0.00592450000652045
1,150,299,tis,1.254857344324988,-0.004161718429762651
1,150,299,tis_anchored,1.254857344324988,0.0111036636863735
1,150,299,occ_plus_uniform,1.254857344324988,-7.590106523891471e-05
1,150,299,occ_plus_mean,1.254857344324988,0.006388907799192545
1,150,299,oracle_tail,1.254857344324988,-0.006458822070105175
1,150,299,complete_rollout,1.254857344324988,-0.021784427658321226
1,600,0,uniform,1.254857344324988,0.016701147776196024
1,600,0,learned_occupancy,1.254857344324988,0.018199103017048524
1,600,0,learned_mean,1.254857344324988,0.014853425839131962
1,600,0,tis,1.254857344324988,-0.001946199405483684
1,600,0,tis_anchored,1.254857344324988,0.00977022537988459
1,600,0,occ_plus_uniform,1.254857344324988,0.018628735207788072
1,600,0,occ_plus_mean,1.254857344324988,0.016982410970734385
1,600,0,oracle_tail,1.254857344324988,0.00093901217182224
1,600,0,complete_rollout,1.254857344324988,-0.03290612481279287
1,600,1,uniform,1.254857344324988,0.012707383102695813
1,600,1,learned_occupancy,1.254857344324988,0.011138280806032963
1,600,1,learned_mean,1.254857344324988,0.012903027235428688
1,600,1,tis,1.254857344324988,0.013705546442623007
1,600,1,tis_anchored,1.254857344324988,0.012537344112818927
1,600,1,occ_plus_uniform,1.254857344324988,0.012360495116367165
1,600,1,occ_plus_mean,1.254857344324988,0.011368950784437448
1,600,1,oracle_tail,1.254857344324988,0.011983210339888917
1,600,1,complete_rollout,1.254857344324988,-0.013393929690841633
1,600,2,uniform,1.254857344324988,0.010293610784969598
1,600,2,learned_occupancy,1.254857344324988,0.015559805424655293
1,600,2,learned_mean,1.254857344324988,0.010714053720138672
1,600,2,tis,1.254857344324988,0.001719331205504382
1,600,2,tis_anchored,1.254857344324988,0.00540978348751886
1,600,2,occ_plus_uniform,1.254857344324988,0.014338720359919899
1,600,2,occ_plus_mean,1.254857344324988,0.01205443700464559
1,600,2,oracle_tail,1.254857344324988,0.004868058244534179
1,600,2,complete_rollout,1.254857344324988,0.0012402166506217949
1,600,3,uniform,1.254857344324988,-0.01812867661130091
1,600,3,learned_occupancy,1.254857344324988,-0.006855218769165283
1,600,3,learned_mean,1.254857344324988,-0.014950725171730017
1,600,3,tis,1.254857344324988,-0.012071403639928757
1,600,3,tis_anchored,1.254857344324988,-0.007408025752642322
1,600,3,occ_plus_uniform,1.254857344324988,-0.010636063629126946
1,600,3,occ_plus_mean,1.254857344324988,-0.013408731937432528
1,600,3,oracle_tail,1.254857344324988,-0.0052027025389191905
1,600,3,complete_rollout,1.254857344324988,-0.026402059772142383
1,600,4,uniform,1.254857344324988,0.011921600953777478
1,600,4,learned_occupancy,1.254857344324988,0.006695422809824825
1,600,4,learned_mean,1.254857344324988,-0.004200103364904617
1,600,4,tis,1.254857344324988,-0.0027309922710705425
1,600,4,tis_anchored,1.254857344324988,-0.0016874965090638572
1,600,4,occ_plus_uniform,1.254857344324988,0.010609641912200152
1,600,4,occ_plus_mean,1.254857344324988,-0.0015669401786910786
1,600,4,oracle_tail,1.254857344324988,-0.002065231371954912
1,600,4,complete_rollout,1.254857344324988,0.02563046055306084
1,600,5,uniform,1.254857344324988,-0.02121248322790037
1,600,5,learned_occupancy,1.254857344324988,-0.027882815959284546
1,600,5,learned_mean,1.254857344324988,-0.019647951185749246
1,600,5,tis,1.254857344324988,-0.010007794031922312
1,600,5,tis_anchored,1.254857344324988,-0.011163115869871953
1,600,5,occ_plus_uniform,1.254857344324988,-0.025897472832244972
1,600,5,occ_plus_mean,1.254857344324988,-0.02361489998796329
1,600,5,oracle_tail,1.254857344324988,-0.0019580463045150154
1,600,5,complete_rollout,1.254857344324988,0.009370297951434736
1,600,6,uniform,1.254857344324988,-0.011729520673489535
1,600,6,learned_occupancy,1.254857344324988,-0.008937610224201364
1,600,6,learned_mean,1.254857344324988,-0.0037551633724144384
1,600,6,tis,1.254857344324988,0.007813513549487894
1,600,6,tis_anchored,1.254857344324988,0.00965788514542898
1,600,6,occ_plus_uniform,1.254857344324988,-0.013228138598676109
1,600,6,occ_plus_mean,1.254857344324988,-0.010093750610204122
1,600,6,oracle_tail,1.254857344324988,0.006288815204037457
1,600,6,complete_rollout,1.254857344324988,-0.005263848390028691
1,600,7,uniform,1.254857344324988,0.0010787738061643903
1,600,7,learned_occupancy,1.254857344324988,0.0007945365787174197
1,600,7,learned_mean,1.254857344324988,-0.002398673261007289
1,600,7,tis,1.254857344324988,0.002866809773965473
1,600,7,tis_anchored,1.254857344324988,0.005808797394602383
1,600,7,occ_plus_uniform,1.254857344324988,0.004965209238570356
1,600,7,occ_plus_mean,1.254857344324988,-0.0018030938269348873
1,600,7,oracle_tail,1.254857344324988,0.0043736362271920015
1,600,7,complete_rollout,1.254857344324988,-0.005263848390028691
1,600,8,uniform,1.254857344324988,0.014998335495631565
1,600,8,learned_occupancy,1.254857344324988,0.020114432239930036
1,600,8,learned_mean,1.254857344324988,0.016800107246524254
1,600,8,tis,1.254857344324988,0.005779320196480642
1,600,8,tis_anchored,1.254857344324988,0.006871129354213856
1,600,8,occ_plus_uniform,1.254857344324988,0.019723023565603626
1,600,8,occ_plus_mean,1.254857344324988,0.018109688814340164
1,600,8,oracle_tail,1.254857344324988,0.0008363616101523252
1,600,8,complete_rollout,1.254857344324988,-0.01989799473149212
1,600,9,uniform,1.254857344324988,-0.00010306843328944382
1,600,9,learned_occupancy,1.254857344324988,0.003944170367052413
1,600,9,learned_mean,1.254857344324988,0.0022427783172804805
1,600,9,tis,1.254857344324988,0.0010210231732517006
1,600,9,tis_anchored,1.254857344324988,0.010940302229154542
1,600,9,occ_plus_uniform,1.254857344324988,-0.00011061480790197642
1,600,9,occ_plus_mean,1.254857344324988,0.001656099684735235
1,600,9,oracle_tail,1.254857344324988,0.002481148187449822
1,600,9,complete_rollout,1.254857344324988,0.027256476813223518
1,600,10,uniform,1.254857344324988,-0.005963710233682917
1,600,10,learned_occupancy,1.254857344324988,-0.014658612723395636
1,600,10,learned_mean,1.254857344324988,-0.01223883889063293
1,600,10,tis,1.254857344324988,-0.012461879356214123
1,600,10,tis_anchored,1.254857344324988,-0.0009267980753147054
1,600,10,occ_plus_uniform,1.254857344324988,-0.017883394722778334
1,600,10,occ_plus_mean,1.254857344324988,-0.015067342242253146
1,600,10,oracle_tail,1.254857344324988,-0.01598169824520035
1,600,10,complete_rollout,1.254857344324988,0.01262233047176009
1,600,11,uniform,1.254857344324988,-0.01117211967223497
1,600,11,learned_occupancy,1.254857344324988,-0.01255516212483565
1,600,11,learned_mean,1.254857344324988,-0.009767179009683602
1,600,11,tis,1.254857344324988,-0.009660591808105412
1,600,11,tis_anchored,1.254857344324988,-0.0087708656941341
1,600,11,occ_plus_uniform,1.254857344324988,-0.014954626268278037
1,600,11,occ_plus_mean,1.254857344324988,-0.014639149051623335
1,600,11,oracle_tail,1.254857344324988,-0.006588696653421211
1,600,11,complete_rollout,1.254857344324988,0.010996314211597413
1,600,12,uniform,1.254857344324988,-0.006114512043152498
1,600,12,learned_occupancy,1.254857344324988,0.0002699715201355257
1,600,12,learned_mean,1.254857344324988,0.005151126966082664
1,600,12,tis,1.254857344324988,-0.00804532126235702
1,600,12,tis_anchored,1.254857344324988,-0.006485066764662761
1,600,12,occ_plus_uniform,1.254857344324988,-0.0063040731608667855
1,600,12,occ_plus_mean,1.254857344324988,0.0024619190016135217
1,600,12,oracle_tail,1.254857344324988,-0.0031607973135667766
1,600,12,complete_rollout,1.254857344324988,0.004492249170946927
1,600,13,uniform,1.254857344324988,0.010889270670703777
1,600,13,learned_occupancy,1.254857344324988,-0.0009791605918807456
1,600,13,learned_mean,1.254857344324988,0.007934418592580483
1,600,13,tis,1.254857344324988,0.007848582770023649
1,600,13,tis_anchored,1.254857344324988,0.01147767915647635
1,600,13,occ_plus_uniform,1.254857344324988,0.0070046344830103635
1,600,13,occ_plus_mean,1.254857344324988,0.00442095748295146
1,600,13,oracle_tail,1.254857344324988,0.008817920202801366
1,600,13,complete_rollout,1.254857344324988,0.0012402166506217949
1,600,14,uniform,1.254857344324988,0.0036040789277063112
1,600,14,learned_occupancy,1.254857344324988,-0.0003276731993451243
1,600,14,learned_mean,1.254857344324988,0.006583407546357556
1,600,14,tis,1.254857344324988,-5.285714562419663e-05
1,600,14,tis_anchored,1.254857344324988,-0.0027909559756258417
1,600,14,occ_plus_uniform,1.254857344324988,0.00474774805420175
1,600,14,occ_plus_mean,1.254857344324988,0.00462788286474991
1,600,14,oracle_tail,1.254857344324988,-0.0037015809681986145
1,600,14,complete_rollout,1.254857344324988,-0.04916628741441875
1,600,15,uniform,1.254857344324988,0.002124356452003706
1,600,15,learned_occupancy,1.254857344324988,0.01632932307243884
1,600,15,learned_mean,1.254857344324988,0.0187893551629148
1,600,15,tis,1.254857344324988,0.00892937768150448
1,600,15,tis_anchored,1.254857344324988,0.009664583399777715
1,600,15,occ_plus_uniform,1.254857344324988,0.010767413501979295
1,600,15,occ_plus_mean,1.254857344324988,0.019841602790021007
1,600,15,oracle_tail,1.254857344324988,0.010011811926853076
1,600,15,complete_rollout,1.254857344324988,0.019126395512410355
1,600,16,uniform,1.254857344324988,-0.004026591798552692
1,600,16,learned_occupancy,1.254857344324988,-0.01331656973590123
1,600,16,learned_mean,1.254857344324988,-0.014708357153286888
1,600,16,tis,1.254857344324988,0.0037525615286619907
1,600,16,tis_anchored,1.254857344324988,-0.008339381813881053
1,600,16,occ_plus_uniform,1.254857344324988,-0.014510905854271172
1,600,16,occ_plus_mean,1.254857344324988,-0.0125345999581008
1,600,16,oracle_tail,1.254857344324988,0.006541649443654318
1,600,16,complete_rollout,1.254857344324988,0.010996314211597413
1,600,17,uniform,1.254857344324988,-0.00019984820300211759
1,600,17,learned_occupancy,1.254857344324988,-0.0015564086776123087
1,600,17,learned_mean,1.254857344324988,0.0023267844704129015
1,600,17,tis,1.254857344324988,-0.0031842861177753257
1,600,17,tis_anchored,1.254857344324988,-0.0012881065999228447
1,600,17,occ_plus_uniform,1.254857344324988,-0.0007526464237437303
1,600,17,occ_plus_mean,1.254857344324988,3.689954902252879e-05
1,600,17,oracle_tail,1.254857344324988,-0.0022579368595545546
1,600,17,complete_rollout,1.254857344324988,0.0175003792522479
1,600,18,uniform,1.254857344324988,-0.024578927461003985
1,600,18,learned_occupancy,1.254857344324988,-0.021276998506066125
1,600,18,learned_mean,1.254857344324988,-0.026534406417397793
1,600,18,tis,1.254857344324988,-0.027640241721958336
1,600,18,tis_anchored,1.254857344324988,-0.026284363618353623
1,600,18,occ_plus_uniform,1.254857344324988,-0.022301904107441484
1,600,18,occ_plus_mean,1.254857344324988,-0.026494699390878562
1,600,18,oracle_tail,1.254857344324988,-0.029335396817106174
1,600,18,complete_rollout,1.254857344324988,-0.02802807603230506
1,600,19,uniform,1.254857344324988,0.01598379805804706
1,600,19,learned_occupancy,1.254857344324988,0.02061034560674635
1,600,19,learned_mean,1.254857344324988,0.014357666163631322
1,600,19,tis,1.254857344324988,0.0012395425115623304
1,600,19,tis_anchored,1.254857344324988,0.009071518229653908
1,600,19,occ_plus_uniform,1.254857344324988,0.019115277191158242
1,600,19,occ_plus_mean,1.254857344324988,0.01865143145378534
1,600,19,oracle_tail,1.254857344324988,0.0037565728908939278
1,600,19,complete_rollout,1.254857344324988,0.007744281691272281
1,600,20,uniform,1.254857344324988,-0.015773264214979044
1,600,20,learned_occupancy,1.254857344324988,-0.013319369938416425
1,600,20,learned_mean,1.254857344324988,-0.012367641287731157
1,600,20,tis,1.254857344324988,-0.008319533545237512
1,600,20,tis_anchored,1.254857344324988,-0.008844523277284466
1,600,20,occ_plus_uniform,1.254857344324988,-0.01048806487221876
1,600,20,occ_plus_mean,1.254857344324988,-0.015459442131750212
1,600,20,oracle_tail,1.254857344324988,-0.0049765796250862415
1,600,20,complete_rollout,1.254857344324988,-0.01989799473149212
1,600,21,uniform,1.254857344324988,0.0027877998433900597
1,600,21,learned_occupancy,1.254857344324988,-0.00823232206469382
1,600,21,learned_mean,1.254857344324988,-0.005294313248162652
1,600,21,tis,1.254857344324988,0.001534262221203564
1,600,21,tis_anchored,1.254857344324988,-0.0007616546832049931
1,600,21,occ_plus_uniform,1.254857344324988,-0.005302442112659289
1,600,21,occ_plus_mean,1.254857344324988,-0.009419446603035952
1,600,21,oracle_tail,1.254857344324988,-0.0012913571126029755
1,600,21,complete_rollout,1.254857344324988,-0.036158157333118
1,600,22,uniform,1.254857344324988,0.0035507211029242036
1,600,22,learned_occupancy,1.254857344324988,0.001356475213459385
1,600,22,learned_mean,1.254857344324988,-0.0007207435645915083
1,600,22,tis,1.254857344324988,-0.006973913437224866
1,600,22,tis_anchored,1.254857344324988,-0.0011371945702911557
1,600,22,occ_plus_uniform,1.254857344324988,0.00142286445864781
1,600,22,occ_plus_mean,1.254857344324988,0.00028014199257886396
1,600,22,oracle_tail,1.254857344324988,-0.004905102274626039
1,600,22,complete_rollout,1.254857344324988,-0.0003857996095408822
1,600,23,uniform,1.254857344324988,0.005033749535244159
1,600,23,learned_occupancy,1.254857344324988,-0.00014252265751624194
1,600,23,learned_mean,1.254857344324988,-0.004152022007958944
1,600,23,tis,1.254857344324988,-0.00547912988019883
1,600,23,tis_anchored,1.254857344324988,-0.0026439375557003597
1,600,23,occ_plus_uniform,1.254857344324988,0.008910686055784378
1,600,23,occ_plus_mean,1.254857344324988,-0.0037454607104663307
1,600,23,oracle_tail,1.254857344324988,-0.00516882846341149
1,600,23,complete_rollout,1.254857344324988,0.02237842803273571
1,600,24,uniform,1.254857344324988,-0.006547835353791109
1,600,24,learned_occupancy,1.254857344324988,0.01685817729626171
1,600,24,learned_mean,1.254857344324988,0.018898769766625634
1,600,24,tis,1.254857344324988,0.0005210697276070153
1,600,24,tis_anchored,1.254857344324988,0.007905623955775543
1,600,24,occ_plus_uniform,1.254857344324988,0.00908216562095121
1,600,24,occ_plus_mean,1.254857344324988,0.02065919371208702
1,600,24,oracle_tail,1.254857344324988,0.0034823973232422922
1,600,24,complete_rollout,1.254857344324988,-0.039410189853443356
1,600,25,uniform,1.254857344324988,0.00645799199807362
1,600,25,learned_occupancy,1.254857344324988,-0.00458938874020598
1,600,25,learned_mean,1.254857344324988,-0.0014280301692988218
1,600,25,tis,1.254857344324988,-0.00414378031348539
1,600,25,tis_anchored,1.254857344324988,-0.002464235353599964
1,600,25,occ_plus_uniform,1.254857344324988,0.00929826207633
1,600,25,occ_plus_mean,1.254857344324988,-0.005646423919643873
1,600,25,oracle_tail,1.254857344324988,-0.0025343834398150467
1,600,25,complete_rollout,1.254857344324988,-0.0020118158697033373
1,600,26,uniform,1.254857344324988,-0.007177727020683644
1,600,26,learned_occupancy,1.254857344324988,-0.015244834570016685
1,600,26,learned_mean,1.254857344324988,-0.007296895800149361
1,600,26,tis,1.254857344324988,-0.005693729889328258
1,600,26,tis_anchored,1.254857344324988,-0.00046949797740736265
1,600,26,occ_plus_uniform,1.254857344324988,-0.012215920685105353
1,600,26,occ_plus_mean,1.254857344324988,-0.007649330877492311
1,600,26,oracle_tail,1.254857344324988,-0.006623736354658183
1,600,26,complete_rollout,1.254857344324988,0.02563046055306084
1,600,27,uniform,1.254857344324988,-0.002569350175998686
1,600,27,learned_occupancy,1.254857344324988,0.0015046699473713065
1,600,27,learned_mean,1.254857344324988,-0.0024084555896008997
1,600,27,tis,1.254857344324988,-0.004582838826471924
1,600,27,tis_anchored,1.254857344324988,0.0017697876492319686
1,600,27,occ_plus_uniform,1.254857344324988,-0.005085468860536624
1,600,27,occ_plus_mean,1.254857344324988,-0.001426079662841584
1,600,27,oracle_tail,1.254857344324988,-0.0032721211369257652
1,600,27,complete_rollout,1.254857344324988,0.009370297951434736
1,600,28,uniform,1.254857344324988,-0.006048758252698239
1,600,28,learned_occupancy,1.254857344324988,-0.004387110922891235
1,600,28,learned_mean,1.254857344324988,-0.006941347029233658
1,600,28,tis,1.254857344324988,-0.008860701834273454
1,600,28,tis_anchored,1.254857344324988,-0.011795440225897735
1,600,28,occ_plus_uniform,1.254857344324988,-0.0010885121877033388
1,600,28,occ_plus_mean,1.254857344324988,-0.0021997012037713315
1,600,28,oracle_tail,1.254857344324988,-0.00815631192224986
1,600,28,complete_rollout,1.254857344324988,-0.026402059772142383
1,600,29,uniform,1.254857344324988,0.004932992559848692
1,600,29,learned_occupancy,1.254857344324988,0.004712301046542855
1,600,29,learned_mean,1.254857344324988,0.006755271901699222
1,600,29,tis,1.254857344324988,0.01188092841947408
1,600,29,tis_anchored,1.254857344324988,0.008042909496373207
1,600,29,occ_plus_uniform,1.254857344324988,0.004460464331776937
1,600,29,occ_plus_mean,1.254857344324988,0.006077469247199874
1,600,29,oracle_tail,1.254857344324988,0.003582519814303353
1,600,29,complete_rollout,1.254857344324988,0.024004444292898164
1,600,30,uniform,1.254857344324988,-0.0011888623845945911
1,600,30,learned_occupancy,1.254857344324988,-0.006131387064835847
1,600,30,learned_mean,1.254857344324988,-0.008252587196958094
1,600,30,tis,1.254857344324988,-0.0017746955726545277
1,600,30,tis_anchored,1.254857344324988,-0.01044666243912018
1,600,30,occ_plus_uniform,1.254857344324988,-0.0020063600697108885
1,600,30,occ_plus_mean,1.254857344324988,-0.006913072015472199
1,600,30,oracle_tail,1.254857344324988,0.0019391857899557774
1,600,30,complete_rollout,1.254857344324988,0.06628086705712577
1,600,31,uniform,1.254857344324988,0.0054197121478702925
1,600,31,learned_occupancy,1.254857344324988,0.01321203993034592
1,600,31,learned_mean,1.254857344324988,0.005430080749253996
1,600,31,tis,1.254857344324988,-0.00016882584724431382
1,600,31,tis_anchored,1.254857344324988,-0.0016723094211728018
1,600,31,occ_plus_uniform,1.254857344324988,0.0067199710382526145
1,600,31,occ_plus_mean,1.254857344324988,0.008898550232543379
1,600,31,oracle_tail,1.254857344324988,0.0031772611907887605
1,600,31,complete_rollout,1.254857344324988,0.04676867193517453
1,600,32,uniform,1.254857344324988,-0.0008934091444126047
1,600,32,learned_occupancy,1.254857344324988,0.0022598751730376065
1,600,32,learned_mean,1.254857344324988,0.007505252365674675
1,600,32,tis,1.254857344324988,0.0014484806832770758
1,600,32,tis_anchored,1.254857344324988,-0.002631039240392985
1,600,32,occ_plus_uniform,1.254857344324988,0.004181065168320064
1,600,32,occ_plus_mean,1.254857344324988,0.005224272889682968
1,600,32,oracle_tail,1.254857344324988,0.0031632956540741386
1,600,32,complete_rollout,1.254857344324988,0.014248346731922545
1,600,33,uniform,1.254857344324988,-0.01347905585356357
1,600,33,learned_occupancy,1.254857344324988,-0.0017040680495075122
1,600,33,learned_mean,1.254857344324988,-0.0070651003531820855
1,600,33,tis,1.254857344324988,-0.013409569073111971
1,600,33,tis_anchored,1.254857344324988,-0.02089617076113326
1,600,33,occ_plus_uniform,1.254857344324988,-0.0044950064277389234
1,600,33,occ_plus_mean,1.254857344324988,-0.0049521822322313724
1,600,33,oracle_tail,1.254857344324988,-0.008430298036468775
1,600,33,complete_rollout,1.254857344324988,-0.02477604351197993
1,600,34,uniform,1.254857344324988,-0.02739717384059981
1,600,34,learned_occupancy,1.254857344324988,-0.021437287756798318
1,600,34,learned_mean,1.254857344324988,-0.01484506028866317
1,600,34,tis,1.254857344324988,-0.019235341495559943
1,600,34,tis_anchored,1.254857344324988,-0.012343711404537494
1,600,34,occ_plus_uniform,1.254857344324988,-0.019486179651285962
1,600,34,occ_plus_mean,1.254857344324988,-0.016141580222316154
1,600,34,oracle_tail,1.254857344324988,-0.027991334984323935
1,600,34,complete_rollout,1.254857344324988,-0.0101418971705165
1,600,35,uniform,1.254857344324988,-0.007690641103694995
1,600,35,learned_occupancy,1.254857344324988,-0.0009153319153640815
1,600,35,learned_mean,1.254857344324988,-0.0030221918757655786
1,600,35,tis,1.254857344324988,0.009096130608282849
1,600,35,tis_anchored,1.254857344324988,0.007072835430307123
1,600,35,occ_plus_uniform,1.254857344324988,-0.011733212314744224
1,600,35,occ_plus_mean,1.254857344324988,-0.0046377063318565614
1,600,35,oracle_tail,1.254857344324988,0.00838555932841678
1,600,35,complete_rollout,1.254857344324988,0.009370297951434736
1,600,36,uniform,1.254857344324988,-0.0018641414438353987
1,600,36,learned_occupancy,1.254857344324988,0.013400578163784704
1,600,36,learned_mean,1.254857344324988,0.0015683797382719522
1,600,36,tis,1.254857344324988,0.021529125863974263
1,600,36,tis_anchored,1.254857344324988,0.016890656521140412
1,600,36,occ_plus_uniform,1.254857344324988,0.005568012055957805
1,600,36,occ_plus_mean,1.254857344324988,0.0070266814546329215
1,600,36,oracle_tail,1.254857344324988,0.02062715839542162
1,600,36,complete_rollout,1.254857344324988,0.0175003792522479
1,600,37,uniform,1.254857344324988,0.0139148197877903
1,600,37,learned_occupancy,1.254857344324988,0.013694007223043814
1,600,37,learned_mean,1.254857344324988,0.010430506457459243
1,600,37,tis,1.254857344324988,-0.005373961011163608
1,600,37,tis_anchored,1.254857344324988,-0.008813249932121181
1,600,37,occ_plus_uniform,1.254857344324988,0.01671576155716048
1,600,37,occ_plus_mean,1.254857344324988,0.012989723018177468
1,600,37,oracle_tail,1.254857344324988,-0.0006926850888355762
1,600,37,complete_rollout,1.254857344324988,-0.01989799473149212
1,600,38,uniform,1.254857344324988,0.01983843939737895
1,600,38,learned_occupancy,1.254857344324988,0.021034215539815326
1,600,38,learned_mean,1.254857344324988,0.02494127071058716
1,600,38,tis,1.254857344324988,0.010620785450909054
1,600,38,tis_anchored,1.254857344324988,0.013736661191537713
1,600,38,occ_plus_uniform,1.254857344324988,0.029690580376970255
1,600,38,occ_plus_mean,1.254857344324988,0.023792752244099713
1,600,38,oracle_tail,1.254857344324988,0.015597161478839716
1,600,38,complete_rollout,1.254857344324988,-0.0036378321298660143
1,600,39,uniform,1.254857344324988,-0.0017879476349091927
1,600,39,learned_occupancy,1.254857344324988,0.007753608207913043
1,600,39,learned_mean,1.254857344324988,0.007850270956263117
1,600,39,tis,1.254857344324988,0.005555215046709527
1,600,39,tis_anchored,1.254857344324988,0.005439688342988358
1,600,39,occ_plus_uniform,1.254857344324988,0.003970747735923208
1,600,39,occ_plus_mean,1.254857344324988,0.010005513451596393
1,600,39,oracle_tail,1.254857344324988,0.0035151050878214907
1,600,39,complete_rollout,1.254857344324988,-0.0020118158697033373
1,600,40,uniform,1.254857344324988,0.0025450478734001525
1,600,40,learned_occupancy,1.254857344324988,0.005372644739432886
1,600,40,learned_mean,1.254857344324988,0.0013513978226908918
1,600,40,tis,1.254857344324988,-0.004529300818517212
1,600,40,tis_anchored,1.254857344324988,0.002374721247159428
1,600,40,occ_plus_uniform,1.254857344324988,0.012920689733049162
1,600,40,occ_plus_mean,1.254857344324988,0.002396479085177372
1,600,40,oracle_tail,1.254857344324988,-0.007931288845558715
1,600,40,complete_rollout,1.254857344324988,0.004492249170946927
1,600,41,uniform,1.254857344324988,0.000961282089127824
1,600,41,learned_occupancy,1.254857344324988,-0.0029957520980250507
1,600,41,learned_mean,1.254857344324988,-0.0030070473355205962
1,600,41,tis,1.254857344324988,-0.00012775516209440063
1,600,41,tis_anchored,1.254857344324988,0.002727119602718542
1,600,41,occ_plus_uniform,1.254857344324988,-0.0014246108822468795
1,600,41,occ_plus_mean,1.254857344324988,-0.002464682880894742
1,600,41,oracle_tail,1.254857344324988,-0.002056090553712142
1,600,41,complete_rollout,1.254857344324988,-0.036158157333118
1,600,42,uniform,1.254857344324988,0.00780066108477806
1,600,42,learned_occupancy,1.254857344324988,0.011832607798045736
1,600,42,learned_mean,1.254857344324988,0.007044226179523605
1,600,42,tis,1.254857344324988,0.005500011391028625
1,600,42,tis_anchored,1.254857344324988,0.011370563152434343
1,600,42,occ_plus_uniform,1.254857344324988,0.0035706425758224025
1,600,42,occ_plus_mean,1.254857344324988,0.012501799253262558
1,600,42,oracle_tail,1.254857344324988,-0.0036996922085745787
1,600,42,complete_rollout,1.254857344324988,0.0012402166506217949
1,600,43,uniform,1.254857344324988,-0.016411152617643143
1,600,43,learned_occupancy,1.254857344324988,-0.008138468028817902
1,600,43,learned_mean,1.254857344324988,-0.016056427969764586
1,600,43,tis,1.254857344324988,-0.012066737553234397
1,600,43,tis_anchored,1.254857344324988,-0.005598271493381546
1,600,43,occ_plus_uniform,1.254857344324988,-0.010274911265051312
1,600,43,occ_plus_mean,1.254857344324988,-0.011564820573870982
1,600,43,oracle_tail,1.254857344324988,-0.005774379659891693
1,600,43,complete_rollout,1.254857344324988,-0.01989799473149212
1,600,44,uniform,1.254857344324988,0.008309599951708213
1,600,44,learned_occupancy,1.254857344324988,0.013263475062663677
1,600,44,learned_mean,1.254857344324988,0.020727072096168975
1,600,44,tis,1.254857344324988,0.019849513116659834
1,600,44,tis_anchored,1.254857344324988,0.01738326646555821
1,600,44,occ_plus_uniform,1.254857344324988,0.009100923660301019
1,600,44,occ_plus_mean,1.254857344324988,0.018240191775696024
1,600,44,oracle_tail,1.254857344324988,0.011091726121459367
1,600,44,complete_rollout,1.254857344324988,0.004492249170946927
1,600,45,uniform,1.254857344324988,0.007094528586448989
1,600,45,learned_occupancy,1.254857344324988,-0.003582032095844623
1,600,45,learned_mean,1.254857344324988,-0.0065496429631553
1,600,45,tis,1.254857344324988,0.0035365027050220377
1,600,45,tis_anchored,1.254857344324988,0.0031600338761879065
1,600,45,occ_plus_uniform,1.254857344324988,0.002998994138108335
1,600,45,occ_plus_mean,1.254857344324988,-0.005272832669903638
1,600,45,oracle_tail,1.254857344324988,0.002645716755910632
1,600,45,complete_rollout,1.254857344324988,0.015874362992085223
1,600,46,uniform,1.254857344324988,-0.016502246380539765
1,600,46,learned_occupancy,1.254857344324988,0.004625626989953391
1,600,46,learned_mean,1.254857344324988,-0.0074927300309231
1,600,46,tis,1.254857344324988,0.0032313727278037163
1,600,46,tis_anchored,1.254857344324988,-0.0011961494567978015
1,600,46,occ_plus_uniform,1.254857344324988,-0.009279974118277412
1,600,46,occ_plus_mean,1.254857344324988,-0.002503498775585644
1,600,46,oracle_tail,1.254857344324988,0.005099938613349231
1,600,46,complete_rollout,1.254857344324988,-0.005263848390028691
1,600,47,uniform,1.254857344324988,-0.01068554610034722
1,600,47,learned_occupancy,1.254857344324988,-0.01264903134329165
1,600,47,learned_mean,1.254857344324988,-0.01019360544880854
1,600,47,tis,1.254857344324988,0.010983221190958625
1,600,47,tis_anchored,1.254857344324988,0.0028038278783839576
1,600,47,occ_plus_uniform,1.254857344324988,-0.006191832459449875
1,600,47,occ_plus_mean,1.254857344324988,-0.012988122598774021
1,600,47,oracle_tail,1.254857344324988,0.009737451807559028
1,600,47,complete_rollout,1.254857344324988,0.024004444292898164
1,600,48,uniform,1.254857344324988,-0.004036771514113635
1,600,48,learned_occupancy,1.254857344324988,0.0050423867243636344
1,600,48,learned_mean,1.254857344324988,-0.00034647867854431524
1,600,48,tis,1.254857344324988,-0.013932639516509582
1,600,48,tis_anchored,1.254857344324988,-0.008630269044531458
1,600,48,occ_plus_uniform,1.254857344324988,-0.0035869731652804493
1,600,48,occ_plus_mean,1.254857344324988,-0.0003996721874761633
1,600,48,oracle_tail,1.254857344324988,-0.011928480807783082
1,600,48,complete_rollout,1.254857344324988,0.01262233047176009
1,600,49,uniform,1.254857344324988,-0.013525289039169941
1,600,49,learned_occupancy,1.254857344324988,-0.007627961475292766
1,600,49,learned_mean,1.254857344324988,-0.002757147891596201
1,600,49,tis,1.254857344324988,-0.007434490557138629
1,600,49,tis_anchored,1.254857344324988,-0.00922461274350539
1,600,49,occ_plus_uniform,1.254857344324988,-0.004183300656283695
1,600,49,occ_plus_mean,1.254857344324988,-0.0030529697455916605
1,600,49,oracle_tail,1.254857344324988,-0.006905699403728871
1,600,49,complete_rollout,1.254857344324988,0.006118265431109604
1,600,50,uniform,1.254857344324988,-0.011435317351895069
1,600,50,learned_occupancy,1.254857344324988,-0.007818732873166923
1,600,50,learned_mean,1.254857344324988,-0.010479431293667796
1,600,50,tis,1.254857344324988,-0.00609872414825241
1,600,50,tis_anchored,1.254857344324988,-0.009954621319809398
1,600,50,occ_plus_uniform,1.254857344324988,-0.010598345212933014
1,600,50,occ_plus_mean,1.254857344324988,-0.009786748586915417
1,600,50,oracle_tail,1.254857344324988,-0.0009007346695999452
1,600,50,complete_rollout,1.254857344324988,-0.01989799473149212
1,600,51,uniform,1.254857344324988,-0.001048707953199557
1,600,51,learned_occupancy,1.254857344324988,-0.002236864756708812
1,600,51,learned_mean,1.254857344324988,0.0012929568604973518
1,600,51,tis,1.254857344324988,-0.00304815631220845
1,600,51,tis_anchored,1.254857344324988,-0.0035584390607052985
1,600,51,occ_plus_uniform,1.254857344324988,-0.004150340294894139
1,600,51,occ_plus_mean,1.254857344324988,0.0006399584482577048
1,600,51,oracle_tail,1.254857344324988,-0.009819358496076402
1,600,51,complete_rollout,1.254857344324988,0.02237842803273571
1,600,52,uniform,1.254857344324988,0.004502689340892818
1,600,52,learned_occupancy,1.254857344324988,-0.0007846638193527156
1,600,52,learned_mean,1.254857344324988,0.001700188623215526
1,600,52,tis,1.254857344324988,0.002061886675046587
1,600,52,tis_anchored,1.254857344324988,-0.00466753624857108
1,600,52,occ_plus_uniform,1.254857344324988,-2.602754148783859e-05
1,600,52,occ_plus_mean,1.254857344324988,0.004164533129139114
1,600,52,oracle_tail,1.254857344324988,0.003892541011786932
1,600,52,complete_rollout,1.254857344324988,0.010996314211597413
1,600,53,uniform,1.254857344324988,-0.008305852978705008
1,600,53,learned_occupancy,1.254857344324988,-0.014064396840920645
1,600,53,learned_mean,1.254857344324988,-0.010170628918482638
1,600,53,tis,1.254857344324988,0.0010353086183945148
1,600,53,tis_anchored,1.254857344324988,-0.004378030545309386
1,600,53,occ_plus_uniform,1.254857344324988,-0.009027159828335352
1,600,53,occ_plus_mean,1.254857344324988,-0.008248625863128689
1,600,53,oracle_tail,1.254857344324988,-0.002681571797759741
1,600,53,complete_rollout,1.254857344324988,-0.01501994595100431
1,600,54,uniform,1.254857344324988,0.01351454122974216
1,600,54,learned_occupancy,1.254857344324988,0.013634908592746964
1,600,54,learned_mean,1.254857344324988,0.016379838721149342
1,600,54,tis,1.254857344324988,0.00587945178172089
1,600,54,tis_anchored,1.254857344324988,0.01115903428565268
1,600,54,occ_plus_uniform,1.254857344324988,0.014884834067593777
1,600,54,occ_plus_mean,1.254857344324988,0.015215894763957127
1,600,54,oracle_tail,1.254857344324988,0.001606761767920073
1,600,54,complete_rollout,1.254857344324988,-0.0101418971705165
1,600,55,uniform,1.254857344324988,-0.013062970238804983
1,600,55,learned_occupancy,1.254857344324988,-0.0069170899182129375
1,600,55,learned_mean,1.254857344324988,-0.009211222248928008
1,600,55,tis,1.254857344324988,-0.009267450234679675
1,600,55,tis_anchored,1.254857344324988,-0.01724111640589121
1,600,55,occ_plus_uniform,1.254857344324988,-0.013926642943636214
1,600,55,occ_plus_mean,1.254857344324988,-0.006989652100405586
1,600,55,oracle_tail,1.254857344324988,-0.009632265729217826
1,600,55,complete_rollout,1.254857344324988,-0.013393929690841633
1,600,56,uniform,1.254857344324988,0.009413053267921079
1,600,56,learned_occupancy,1.254857344324988,0.011870878957304765
1,600,56,learned_mean,1.254857344324988,0.006076661586692733
1,600,56,tis,1.254857344324988,0.0006178345892184911
1,600,56,tis_anchored,1.254857344324988,0.007693100805150621
1,600,56,occ_plus_uniform,1.254857344324988,0.01270018567462472
1,600,56,occ_plus_mean,1.254857344324988,0.012243636105979894
1,600,56,oracle_tail,1.254857344324988,0.0026006151593900295
1,600,56,complete_rollout,1.254857344324988,-0.008515880910353824
1,600,57,uniform,1.254857344324988,-0.01958110047935291
1,600,57,learned_occupancy,1.254857344324988,-0.02113722863373857
1,600,57,learned_mean,1.254857344324988,-0.018568092453856044
1,600,57,tis,1.254857344324988,-0.012098415136797325
1,600,57,tis_anchored,1.254857344324988,-0.008633922551589013
1,600,57,occ_plus_uniform,1.254857344324988,-0.02603502322140039
1,600,57,occ_plus_mean,1.254857344324988,-0.015936256222761847
1,600,57,oracle_tail,1.254857344324988,-0.011802890144506861
1,600,57,complete_rollout,1.254857344324988,-0.005263848390028691
1,600,58,uniform,1.254857344324988,-0.018901891952899597
1,600,58,learned_occupancy,1.254857344324988,-0.014399660959173222
1,600,58,learned_mean,1.254857344324988,-0.010440534959847314
1,600,58,tis,1.254857344324988,-0.014681691387501639
1,600,58,tis_anchored,1.254857344324988,-0.012288940997693398
1,600,58,occ_plus_uniform,1.254857344324988,-0.017076661697080553
1,600,58,occ_plus_mean,1.254857344324988,-0.014592631513113963
1,600,58,oracle_tail,1.254857344324988,-0.014928603712756283
1,600,58,complete_rollout,1.254857344324988,-0.005263848390028691
1,600,59,uniform,1.254857344324988,0.00028849606653524873
1,600,59,learned_occupancy,1.254857344324988,0.00028799764322928745
1,600,59,learned_mean,1.254857344324988,-0.0028710517385692746
1,600,59,tis,1.254857344324988,-0.010386152967529316
1,600,59,tis_anchored,1.254857344324988,-0.013672686358916941
1,600,59,occ_plus_uniform,1.254857344324988,-0.004049544565684737
1,600,59,occ_plus_mean,1.254857344324988,-0.002435701187335937
1,600,59,oracle_tail,1.254857344324988,-0.006006658825615574
1,600,59,complete_rollout,1.254857344324988,-0.03128010855263019
1,600,60,uniform,1.254857344324988,-0.012738480219191661
1,600,60,learned_occupancy,1.254857344324988,-0.01800944248359948
1,600,60,learned_mean,1.254857344324988,-0.018248558316233066
1,600,60,tis,1.254857344324988,0.001889954640373226
1,600,60,tis_anchored,1.254857344324988,-0.005439696501564839
1,600,60,occ_plus_uniform,1.254857344324988,-0.009348687771685515
1,600,60,occ_plus_mean,1.254857344324988,-0.016671908650013556
1,600,60,oracle_tail,1.254857344324988,-0.0010727174359823621
1,600,60,complete_rollout,1.254857344324988,0.0435166394148494
1,600,61,uniform,1.254857344324988,-0.005104490009681051
1,600,61,learned_occupancy,1.254857344324988,-0.010735646737571214
1,600,61,learned_mean,1.254857344324988,-0.008314555553335046
1,600,61,tis,1.254857344324988,0.0027961073778683954
1,600,61,tis_anchored,1.254857344324988,-0.003889989335254196
1,600,61,occ_plus_uniform,1.254857344324988,-0.0043777712613972675
1,600,61,occ_plus_mean,1.254857344324988,-0.00875888144092718
1,600,61,oracle_tail,1.254857344324988,0.0075497179243637635
1,600,61,complete_rollout,1.254857344324988,0.02237842803273571
1,600,62,uniform,1.254857344324988,0.008140888117073253
1,600,62,learned_occupancy,1.254857344324988,0.020499260322541346
1,600,62,learned_mean,1.254857344324988,0.016882080889876194
1,600,62,tis,1.254857344324988,0.01732105577472076
1,600,62,tis_anchored,1.254857344324988,0.005540031843131565
1,600,62,occ_plus_uniform,1.254857344324988,0.014616869455855941
1,600,62,occ_plus_mean,1.254857344324988,0.01642737343491585
1,600,62,oracle_tail,1.254857344324988,0.0157222841150344
1,600,62,complete_rollout,1.254857344324988,-0.02802807603230506
1,600,63,uniform,1.254857344324988,0.006332520017874099
1,600,63,learned_occupancy,1.254857344324988,0.0035264401113770383
1,600,63,learned_mean,1.254857344324988,0.008776430358099496
1,600,63,tis,1.254857344324988,0.0029790366415154423
1,600,63,tis_anchored,1.254857344324988,0.009615675577819172
1,600,63,occ_plus_uniform,1.254857344324988,0.00720050497654201
1,600,63,occ_plus_mean,1.254857344324988,0.003824654747176748
1,600,63,oracle_tail,1.254857344324988,0.0017891205399227506
1,600,63,complete_rollout,1.254857344324988,-0.03128010855263019
1,600,64,uniform,1.254857344324988,0.001689907567853366
1,600,64,learned_occupancy,1.254857344324988,-0.011126913439089892
1,600,64,learned_mean,1.254857344324988,-0.008431040438157122
1,600,64,tis,1.254857344324988,-0.012297958857069302
1,600,64,tis_anchored,1.254857344324988,-0.01094717839865833
1,600,64,occ_plus_uniform,1.254857344324988,0.004490410300308945
1,600,64,occ_plus_mean,1.254857344324988,-0.009221451742102982
1,600,64,oracle_tail,1.254857344324988,-0.006811412565880914
1,600,64,complete_rollout,1.254857344324988,0.027256476813223518
1,600,65,uniform,1.254857344324988,-0.012784984811416544
1,600,65,learned_occupancy,1.254857344324988,-0.015300281434618368
1,600,65,learned_mean,1.254857344324988,-0.014956619629648893
1,600,65,tis,1.254857344324988,-0.014242224679684279
1,600,65,tis_anchored,1.254857344324988,-0.019093754463211265
1,600,65,occ_plus_uniform,1.254857344324988,-0.013326812381423192
1,600,65,occ_plus_mean,1.254857344324988,-0.012780526053779884
1,600,65,oracle_tail,1.254857344324988,-0.009063481720357203
1,600,65,complete_rollout,1.254857344324988,-0.0020118158697033373
1,600,66,uniform,1.254857344324988,-0.008848459130996966
1,600,66,learned_occupancy,1.254857344324988,-0.008372729530292
1,600,66,learned_mean,1.254857344324988,-0.006530662520887409
1,600,66,tis,1.254857344324988,-0.008405115612817537
1,600,66,tis_anchored,1.254857344324988,-0.008089765262742743
1,600,66,occ_plus_uniform,1.254857344324988,-0.007166010920188537
1,600,66,occ_plus_mean,1.254857344324988,-0.00693226756620291
1,600,66,oracle_tail,1.254857344324988,-0.005422808042129468
1,600,66,complete_rollout,1.254857344324988,-0.011767913430678956
1,600,67,uniform,1.254857344324988,-0.004845020082708151
1,600,67,learned_occupancy,1.254857344324988,-0.009123453802493575
1,600,67,learned_mean,1.254857344324988,-0.004765891143980294
1,600,67,tis,1.254857344324988,-0.003758140895002926
1,600,67,tis_anchored,1.254857344324988,-0.00728775110950064
1,600,67,occ_plus_uniform,1.254857344324988,-0.013427780899163855
1,600,67,occ_plus_mean,1.254857344324988,-0.009210178099702038
1,600,67,oracle_tail,1.254857344324988,-0.0047365538237733595
1,600,67,complete_rollout,1.254857344324988,0.027256476813223518
1,600,68,uniform,1.254857344324988,0.005893842203127608
1,600,68,learned_occupancy,1.254857344324988,-0.002285910567125793
1,600,68,learned_mean,1.254857344324988,-0.0013903521121299
1,600,68,tis,1.254857344324988,0.006218063952406094
1,600,68,tis_anchored,1.254857344324988,-0.001368440731305487
1,600,68,occ_plus_uniform,1.254857344324988,0.0019894436990857134
1,600,68,occ_plus_mean,1.254857344324988,-0.0040648395134124105
1,600,68,oracle_tail,1.254857344324988,0.004916388204524447
1,600,68,complete_rollout,1.254857344324988,-0.0475402711542563
1,600,69,uniform,1.254857344324988,-0.001640597166838953
1,600,69,learned_occupancy,1.254857344324988,0.009510516232908328
1,600,69,learned_mean,1.254857344324988,0.002201782016320486
1,600,69,tis,1.254857344324988,-0.009851656740416326
1,600,69,tis_anchored,1.254857344324988,0.0029862939305351777
1,600,69,occ_plus_uniform,1.254857344324988,0.0021965871658189418
1,600,69,occ_plus_mean,1.254857344324988,0.00831309481204312
1,600,69,oracle_tail,1.254857344324988,-0.008079142574142661
1,600,69,complete_rollout,1.254857344324988,-0.02477604351197993
1,600,70,uniform,1.254857344324988,0.0090660119911945
1,600,70,learned_occupancy,1.254857344324988,0.00468985199017391
1,600,70,learned_mean,1.254857344324988,0.010460766513326503
1,600,70,tis,1.254857344324988,0.008321528141740142
1,600,70,tis_anchored,1.254857344324988,0.01306875641255445
1,600,70,occ_plus_uniform,1.254857344324988,0.008222768073749442
1,600,70,occ_plus_mean,1.254857344324988,0.008019426881521019
1,600,70,oracle_tail,1.254857344324988,0.00504195000971297
1,600,70,complete_rollout,1.254857344324988,-0.016645962211166765
1,600,71,uniform,1.254857344324988,0.01831403029268852
1,600,71,learned_occupancy,1.254857344324988,0.012280841137567
1,600,71,learned_mean,1.254857344324988,0.019450814912290726
1,600,71,tis,1.254857344324988,0.01679475451205792
1,600,71,tis_anchored,1.254857344324988,0.024925729859994306
1,600,71,occ_plus_uniform,1.254857344324988,0.018072341700718475
1,600,71,occ_plus_mean,1.254857344324988,0.014697472816292079
1,600,71,oracle_tail,1.254857344324988,0.010364726675737623
1,600,71,complete_rollout,1.254857344324988,0.006118265431109604
1,600,72,uniform,1.254857344324988,-0.021633373436884096
1,600,72,learned_occupancy,1.254857344324988,-0.008744327594231827
1,600,72,learned_mean,1.254857344324988,-0.008308872708536752
1,600,72,tis,1.254857344324988,-0.007979818672018801
1,600,72,tis_anchored,1.254857344324988,-0.006269127754540804
1,600,72,occ_plus_uniform,1.254857344324988,-0.011813682078929633
1,600,72,occ_plus_mean,1.254857344324988,-0.011114636031114289
1,600,72,oracle_tail,1.254857344324988,-0.011645703498651683
1,600,72,complete_rollout,1.254857344324988,-0.026402059772142383
1,600,73,uniform,1.254857344324988,0.012685245952511082
1,600,73,learned_occupancy,1.254857344324988,0.01936898958538702
1,600,73,learned_mean,1.254857344324988,0.014265562408404264
1,600,73,tis,1.254857344324988,0.0009359642341912888
1,600,73,tis_anchored,1.254857344324988,0.01016987879822473
1,600,73,occ_plus_uniform,1.254857344324988,0.013385160228151394
1,600,73,occ_plus_mean,1.254857344324988,0.015929268021920073
1,600,73,oracle_tail,1.254857344324988,0.0029791035876411964
1,600,73,complete_rollout,1.254857344324988,-0.03778417359328068
1,600,74,uniform,1.254857344324988,-0.025652641518799868
1,600,74,learned_occupancy,1.254857344324988,-0.04386659633605583
1,600,74,learned_mean,1.254857344324988,-0.030659865624172777
1,600,74,tis,1.254857344324988,-0.016122631052555292
1,600,74,tis_anchored,1.254857344324988,-0.026649647471253646
1,600,74,occ_plus_uniform,1.254857344324988,-0.03633108201358337
1,600,74,occ_plus_mean,1.254857344324988,-0.04130411119521504
1,600,74,oracle_tail,1.254857344324988,-0.01484719583842864
1,600,74,complete_rollout,1.254857344324988,-0.0003857996095408822
1,600,75,uniform,1.254857344324988,0.006827569909629183
1,600,75,learned_occupancy,1.254857344324988,-0.0029980035945536
1,600,75,learned_mean,1.254857344324988,-0.007972775881657235
1,600,75,tis,1.254857344324988,0.00043108421296333965
1,600,75,tis_anchored,1.254857344324988,0.000750837596491527
1,600,75,occ_plus_uniform,1.254857344324988,-0.0019132407150466157
1,600,75,occ_plus_mean,1.254857344324988,-0.004269881036824685
1,600,75,oracle_tail,1.254857344324988,-0.006466052462303251
1,600,75,complete_rollout,1.254857344324988,-0.03290612481279287
1,600,76,uniform,1.254857344324988,0.02197420662566696
1,600,76,learned_occupancy,1.254857344324988,0.02082890485494948
1,600,76,learned_mean,1.254857344324988,0.01927314146714587
1,600,76,tis,1.254857344324988,0.007336970625515082
1,600,76,tis_anchored,1.254857344324988,0.007647800462518228
1,600,76,occ_plus_uniform,1.254857344324988,0.018568106626992487
1,600,76,occ_plus_mean,1.254857344324988,0.016516252768712825
1,600,76,oracle_tail,1.254857344324988,0.000557519872876
1,600,76,complete_rollout,1.254857344324988,0.006118265431109604
1,600,77,uniform,1.254857344324988,0.006816638290278121
1,600,77,learned_occupancy,1.254857344324988,0.009013109043493284
1,600,77,learned_mean,1.254857344324988,0.007432273104220455
1,600,77,tis,1.254857344324988,-0.0029584750002271676
1,600,77,tis_anchored,1.254857344324988,0.005868263635385729
1,600,77,occ_plus_uniform,1.254857344324988,0.014053236370178634
1,600,77,occ_plus_mean,1.254857344324988,0.008370850446113964
1,600,77,oracle_tail,1.254857344324988,-0.007837856405368271
1,600,77,complete_rollout,1.254857344324988,0.019126395512410355
1,600,78,uniform,1.254857344324988,0.018582283056781
1,600,78,learned_occupancy,1.254857344324988,0.01982494452306982
1,600,78,learned_mean,1.254857344324988,0.01792754173995803
1,600,78,tis,1.254857344324988,0.021597722901579575
1,600,78,tis_anchored,1.254857344324988,0.024774567017672
1,600,78,occ_plus_uniform,1.254857344324988,0.017167621471396277
1,600,78,occ_plus_mean,1.254857344324988,0.017523214308891477
1,600,78,oracle_tail,1.254857344324988,0.022103734932598318
1,600,78,complete_rollout,1.254857344324988,-0.03453214107295555
1,600,79,uniform,1.254857344324988,0.00985426105759668
1,600,79,learned_occupancy,1.254857344324988,0.008935909152844479
1,600,79,learned_mean,1.254857344324988,0.0030696430741112835
1,600,79,tis,1.254857344324988,-0.001446204680904728
1,600,79,tis_anchored,1.254857344324988,0.0030797957303771994
1,600,79,occ_plus_uniform,1.254857344324988,0.00593741866475006
1,600,79,occ_plus_mean,1.254857344324988,0.00527650220055409
1,600,79,oracle_tail,1.254857344324988,0.0012309792216564919
1,600,79,complete_rollout,1.254857344324988,0.0012402166506217949
1,600,80,uniform,1.254857344324988,-0.007344778623938453
1,600,80,learned_occupancy,1.254857344324988,0.0014356348870518953
1,600,80,learned_mean,1.254857344324988,-0.002103031054652593
1,600,80,tis,1.254857344324988,0.0047552704581148575
1,600,80,tis_anchored,1.254857344324988,0.004049922450145127
1,600,80,occ_plus_uniform,1.254857344324988,-0.0019781242823520007
1,600,80,occ_plus_mean,1.254857344324988,-0.0008020776500965443
1,600,80,oracle_tail,1.254857344324988,0.004058575096977046
1,600,80,complete_rollout,1.254857344324988,-0.026402059772142383
1,600,81,uniform,1.254857344324988,0.009943557787464474
1,600,81,learned_occupancy,1.254857344324988,0.007384422829845194
1,600,81,learned_mean,1.254857344324988,0.012405678605784232
1,600,81,tis,1.254857344324988,0.0084154663835323
1,600,81,tis_anchored,1.254857344324988,0.013343798287177133
1,600,81,occ_plus_uniform,1.254857344324988,0.008701053736242859
1,600,81,occ_plus_mean,1.254857344324988,0.00944393611275407
1,600,81,oracle_tail,1.254857344324988,0.010444421880046795
1,600,81,complete_rollout,1.254857344324988,0.006118265431109604
1,600,82,uniform,1.254857344324988,0.0030257595671654425
1,600,82,learned_occupancy,1.254857344324988,0.0001237837206267134
1,600,82,learned_mean,1.254857344324988,0.003546870715930739
1,600,82,tis,1.254857344324988,0.008339655269571589
1,600,82,tis_anchored,1.254857344324988,0.009087729000608835
1,600,82,occ_plus_uniform,1.254857344324988,0.0029383545298962144
1,600,82,occ_plus_mean,1.254857344324988,0.0016200684089513473
1,600,82,oracle_tail,1.254857344324988,0.007022352198657877
1,600,82,complete_rollout,1.254857344324988,-0.04266222237376849
1,600,83,uniform,1.254857344324988,-0.002420396620085974
1,600,83,learned_occupancy,1.254857344324988,-0.005915696938990855
1,600,83,learned_mean,1.254857344324988,-0.007313238744701689
1,600,83,tis,1.254857344324988,-0.008437437529545955
1,600,83,tis_anchored,1.254857344324988,-0.0015846587019636704
1,600,83,occ_plus_uniform,1.254857344324988,-0.0056839297600728145
1,600,83,occ_plus_mean,1.254857344324988,-0.0055866151445991274
1,600,83,oracle_tail,1.254857344324988,-0.006678548884291757
1,600,83,complete_rollout,1.254857344324988,-0.029654092292467737
1,600,84,uniform,1.254857344324988,0.0209825498013938
1,600,84,learned_occupancy,1.254857344324988,0.011008074139962742
1,600,84,learned_mean,1.254857344324988,0.019603915948577688
1,600,84,tis,1.254857344324988,0.016455135398419918
1,600,84,tis_anchored,1.254857344324988,0.01565592936553828
1,600,84,occ_plus_uniform,1.254857344324988,0.017799779780808045
1,600,84,occ_plus_mean,1.254857344324988,0.014127724154321841
1,600,84,oracle_tail,1.254857344324988,0.012617268278706018
1,600,84,complete_rollout,1.254857344324988,-0.011767913430678956
1,600,85,uniform,1.254857344324988,-0.007559260377082655
1,600,85,learned_occupancy,1.254857344324988,-0.013590748326270496
1,600,85,learned_mean,1.254857344324988,-0.010806248577669653
1,600,85,tis,1.254857344324988,-0.006044195415479292
1,600,85,tis_anchored,1.254857344324988,-0.018632643842092955
1,600,85,occ_plus_uniform,1.254857344324988,-0.0027489621645275797
1,600,85,occ_plus_mean,1.254857344324988,-0.01098221269876154
1,600,85,oracle_tail,1.254857344324988,-0.00072647393666192
1,600,85,complete_rollout,1.254857344324988,-0.02315002725181725
1,600,86,uniform,1.254857344324988,0.013988860685643534
1,600,86,learned_occupancy,1.254857344324988,0.009237348973091697
1,600,86,learned_mean,1.254857344324988,0.014584894963082684
1,600,86,tis,1.254857344324988,0.008970948822493385
1,600,86,tis_anchored,1.254857344324988,0.015454149346892265
1,600,86,occ_plus_uniform,1.254857344324988,0.011846717667603812
1,600,86,occ_plus_mean,1.254857344324988,0.012838914237093713
1,600,86,oracle_tail,1.254857344324988,-0.003082352386225562
1,600,86,complete_rollout,1.254857344324988,-0.02477604351197993
1,600,87,uniform,1.254857344324988,-0.0022351137291707346
1,600,87,learned_occupancy,1.254857344324988,-0.0023868531571107354
1,600,87,learned_mean,1.254857344324988,-0.0028431629836149774
1,600,87,tis,1.254857344324988,0.0021537965586495567
1,600,87,tis_anchored,1.254857344324988,-0.00592886125855463
1,600,87,occ_plus_uniform,1.254857344324988,0.0021545496704964417
1,600,87,occ_plus_mean,1.254857344324988,-0.0034367978998477433
1,600,87,oracle_tail,1.254857344324988,-0.0013232776555152093
1,600,87,complete_rollout,1.254857344324988,0.010996314211597413
1,600,88,uniform,1.254857344324988,0.0072929904840026705
1,600,88,learned_occupancy,1.254857344324988,0.010847014928575538
1,600,88,learned_mean,1.254857344324988,0.007440149320499634
1,600,88,tis,1.254857344324988,0.009449270820309774
1,600,88,tis_anchored,1.254857344324988,0.012962874088972676
1,600,88,occ_plus_uniform,1.254857344324988,0.0142741953361476
1,600,88,occ_plus_mean,1.254857344324988,0.004513863079172786
1,600,88,oracle_tail,1.254857344324988,0.013909118376376206
1,600,88,complete_rollout,1.254857344324988,-0.02477604351197993
1,600,89,uniform,1.254857344324988,-0.028642974778442687
1,600,89,learned_occupancy,1.254857344324988,-0.026970092583609162
1,600,89,learned_mean,1.254857344324988,-0.025171673974570652
1,600,89,tis,1.254857344324988,-0.022369628059537572
1,600,89,tis_anchored,1.254857344324988,-0.033055640112208406
1,600,89,occ_plus_uniform,1.254857344324988,-0.03108738257068966
1,600,89,occ_plus_mean,1.254857344324988,-0.026910034693171436
1,600,89,oracle_tail,1.254857344324988,-0.023860378186715936
1,600,89,complete_rollout,1.254857344324988,-0.03290612481279287
1,600,90,uniform,1.254857344324988,0.010319796829106442
1,600,90,learned_occupancy,1.254857344324988,0.0014001727210029014
1,600,90,learned_mean,1.254857344324988,-0.004797740757655822
1,600,90,tis,1.254857344324988,-0.003042712773100753
1,600,90,tis_anchored,1.254857344324988,-0.0031760214874421155
1,600,90,occ_plus_uniform,1.254857344324988,0.009153715346627012
1,600,90,occ_plus_mean,1.254857344324988,-5.270196754558754e-06
1,600,90,oracle_tail,1.254857344324988,-3.6758745393550285e-05
1,600,90,complete_rollout,1.254857344324988,0.006118265431109604
1,600,91,uniform,1.254857344324988,-0.01852226004007429
1,600,91,learned_occupancy,1.254857344324988,-0.014771712794662717
1,600,91,learned_mean,1.254857344324988,-0.010026788020017108
1,600,91,tis,1.254857344324988,-0.006537131587470935
1,600,91,tis_anchored,1.254857344324988,-0.007387384968601474
1,600,91,occ_plus_uniform,1.254857344324988,-0.00956627503307872
1,600,91,occ_plus_mean,1.254857344324988,-0.01241425583596456
1,600,91,oracle_tail,1.254857344324988,-0.009041042896545504
1,600,91,complete_rollout,1.254857344324988,-0.0036378321298660143
1,600,92,uniform,1.254857344324988,-0.000838185970261307
1,600,92,learned_occupancy,1.254857344324988,-0.0014602987699379177
1,600,92,learned_mean,1.254857344324988,0.0030363651612210774
1,600,92,tis,1.254857344324988,-0.0002259581001740063
1,600,92,tis_anchored,1.254857344324988,0.0024743216044713634
1,600,92,occ_plus_uniform,1.254857344324988,0.0035712878841864804
1,600,92,occ_plus_mean,1.254857344324988,-0.0017116683934050858
1,600,92,oracle_tail,1.254857344324988,-0.004857874244002192
1,600,92,complete_rollout,1.254857344324988,-0.04916628741441875
1,600,93,uniform,1.254857344324988,0.03183779080916449
1,600,93,learned_occupancy,1.254857344324988,0.02326971995214011
1,600,93,learned_mean,1.254857344324988,0.024347144010081534
1,600,93,tis,1.254857344324988,0.01979467993968753
1,600,93,tis_anchored,1.254857344324988,0.017888178528204124
1,600,93,occ_plus_uniform,1.254857344324988,0.028202774758642635
1,600,93,occ_plus_mean,1.254857344324988,0.02228512884911571
1,600,93,oracle_tail,1.254857344324988,0.012764846036955158
1,600,93,complete_rollout,1.254857344324988,-0.01501994595100431
1,600,94,uniform,1.254857344324988,-0.016596592405333288
1,600,94,learned_occupancy,1.254857344324988,-0.011916075323199049
1,600,94,learned_mean,1.254857344324988,-0.01779577684585698
1,600,94,tis,1.254857344324988,0.0056498710616277315
1,600,94,tis_anchored,1.254857344324988,-0.006831823536925796
1,600,94,occ_plus_uniform,1.254857344324988,-0.009934600973821706
1,600,94,occ_plus_mean,1.254857344324988,-0.020444961966623154
1,600,94,oracle_tail,1.254857344324988,0.0005588861395515732
1,600,94,complete_rollout,1.254857344324988,0.014248346731922545
1,600,95,uniform,1.254857344324988,0.00953481019212754
1,600,95,learned_occupancy,1.254857344324988,0.006301358551147551
1,600,95,learned_mean,1.254857344324988,0.007544929482536933
1,600,95,tis,1.254857344324988,0.009316093514744495
1,600,95,tis_anchored,1.254857344324988,0.010382774785605342
1,600,95,occ_plus_uniform,1.254857344324988,0.00501181611173207
1,600,95,occ_plus_mean,1.254857344324988,0.005210507210024806
1,600,95,oracle_tail,1.254857344324988,0.011817713161805576
1,600,95,complete_rollout,1.254857344324988,0.002866232910784472
1,600,96,uniform,1.254857344324988,0.008794892423465983
1,600,96,learned_occupancy,1.254857344324988,0.001064121559149589
1,600,96,learned_mean,1.254857344324988,-0.0008448110394789765
1,600,96,tis,1.254857344324988,0.0023266764690754727
1,600,96,tis_anchored,1.254857344324988,0.004229938899532382
1,600,96,occ_plus_uniform,1.254857344324988,-0.0014171257191022413
1,600,96,occ_plus_mean,1.254857344324988,0.0012658366724673797
1,600,96,oracle_tail,1.254857344324988,-0.00019661692656169905
1,600,96,complete_rollout,1.254857344324988,0.002866232910784472
1,600,97,uniform,1.254857344324988,0.007233946713201211
1,600,97,learned_occupancy,1.254857344324988,-0.01812789580635954
1,600,97,learned_mean,1.254857344324988,-0.023156029019042457
1,600,97,tis,1.254857344324988,0.006027747425841001
1,600,97,tis_anchored,1.254857344324988,-0.003732868227959152
1,600,97,occ_plus_uniform,1.254857344324988,-0.012243797104392273
1,600,97,occ_plus_mean,1.254857344324988,-0.024560034432862476
1,600,97,oracle_tail,1.254857344324988,-0.0026617590908630806
1,600,97,complete_rollout,1.254857344324988,-0.013393929690841633
1,600,98,uniform,1.254857344324988,-0.004905855392971947
1,600,98,learned_occupancy,1.254857344324988,-0.002224053614961141
1,600,98,learned_mean,1.254857344324988,0.0038996691690351692
1,600,98,tis,1.254857344324988,0.002962111429825054
1,600,98,tis_anchored,1.254857344324988,-0.003763333810099967
1,600,98,occ_plus_uniform,1.254857344324988,-8.585791595017156e-06
1,600,98,occ_plus_mean,1.254857344324988,-0.005564188062871622
1,600,98,oracle_tail,1.254857344324988,0.0047061559108814155
1,600,98,complete_rollout,1.254857344324988,-0.018271978471329442
1,600,99,uniform,1.254857344324988,0.0009806100191198652
1,600,99,learned_occupancy,1.254857344324988,-0.005663554804908433
1,600,99,learned_mean,1.254857344324988,-0.0011811631229832198
1,600,99,tis,1.254857344324988,0.0037169319911114496
1,600,99,tis_anchored,1.254857344324988,0.0005968058552987543
1,600,99,occ_plus_uniform,1.254857344324988,-0.000752306175951567
1,600,99,occ_plus_mean,1.254857344324988,-0.0032817190411464914
1,600,99,oracle_tail,1.254857344324988,0.0005207135336142699
1,600,99,complete_rollout,1.254857344324988,-0.016645962211166765
1,600,100,uniform,1.254857344324988,0.008182857623961315
1,600,100,learned_occupancy,1.254857344324988,0.004817444672884363
1,600,100,learned_mean,1.254857344324988,0.008409920344739197
1,600,100,tis,1.254857344324988,0.010406098514751161
1,600,100,tis_anchored,1.254857344324988,0.005800851925894301
1,600,100,occ_plus_uniform,1.254857344324988,0.0011836390143793452
1,600,100,occ_plus_mean,1.254857344324988,0.0064198121238498995
1,600,100,oracle_tail,1.254857344324988,0.010634976563334453
1,600,100,complete_rollout,1.254857344324988,-0.011767913430678956
1,600,101,uniform,1.254857344324988,0.025196119754954616
1,600,101,learned_occupancy,1.254857344324988,0.017413340945636513
1,600,101,learned_mean,1.254857344324988,0.021242177077210656
1,600,101,tis,1.254857344324988,0.017907953538577104
1,600,101,tis_anchored,1.254857344324988,0.020007491781856013
1,600,101,occ_plus_uniform,1.254857344324988,0.024416893379354043
1,600,101,occ_plus_mean,1.254857344324988,0.0245523305374844
1,600,101,oracle_tail,1.254857344324988,0.018834301147015564
1,600,101,complete_rollout,1.254857344324988,-0.0003857996095408822
1,600,102,uniform,1.254857344324988,-0.0017200165503747922
1,600,102,learned_occupancy,1.254857344324988,-0.010461925765236302
1,600,102,learned_mean,1.254857344324988,-0.006588005604262648
1,600,102,tis,1.254857344324988,0.009496363344000391
1,600,102,tis_anchored,1.254857344324988,0.00551752402404504
1,600,102,occ_plus_uniform,1.254857344324988,-0.0006986971632936267
1,600,102,occ_plus_mean,1.254857344324988,-0.01301298393609418
1,600,102,oracle_tail,1.254857344324988,0.0045103057794881884
1,600,102,complete_rollout,1.254857344324988,0.0012402166506217949
1,600,103,uniform,1.254857344324988,-0.0032207149795822065
1,600,103,learned_occupancy,1.254857344324988,-0.006739737092646081
1,600,103,learned_mean,1.254857344324988,-0.013803826517453821
1,600,103,tis,1.254857344324988,-0.006798001365604822
1,600,103,tis_anchored,1.254857344324988,-0.009702280549673148
1,600,103,occ_plus_uniform,1.254857344324988,-0.010407686253316673
1,600,103,occ_plus_mean,1.254857344324988,-0.011549357369048163
1,600,103,oracle_tail,1.254857344324988,-0.0037852114978256246
1,600,103,complete_rollout,1.254857344324988,0.01262233047176009
1,600,104,uniform,1.254857344324988,-0.0014581986175399297
1,600,104,learned_occupancy,1.254857344324988,-0.006223041165089427
1,600,104,learned_mean,1.254857344324988,-0.0048355183364496845
1,600,104,tis,1.254857344324988,0.004508472111213413
1,600,104,tis_anchored,1.254857344324988,-0.004830575633945733
1,600,104,occ_plus_uniform,1.254857344324988,0.00015666542778070003
1,600,104,occ_plus_mean,1.254857344324988,-0.008524811829750734
1,600,104,oracle_tail,1.254857344324988,0.002289872131387538
1,600,104,complete_rollout,1.254857344324988,0.04676867193517453
1,600,105,uniform,1.254857344324988,0.003979059597937429
1,600,105,learned_occupancy,1.254857344324988,0.0017469100339435606
1,600,105,learned_mean,1.254857344324988,0.009230227726007456
1,600,105,tis,1.254857344324988,0.009321405514437497
1,600,105,tis_anchored,1.254857344324988,0.0036378303506039433
1,600,105,occ_plus_uniform,1.254857344324988,-0.0019804527863975796
1,600,105,occ_plus_mean,1.254857344324988,0.01030610411765065
1,600,105,oracle_tail,1.254857344324988,0.0068739031573157305
1,600,105,complete_rollout,1.254857344324988,0.02563046055306084
1,600,106,uniform,1.254857344324988,0.0007956048535791016
1,600,106,learned_occupancy,1.254857344324988,-0.004338720827399722
1,600,106,learned_mean,1.254857344324988,0.004921560478320375
1,600,106,tis,1.254857344324988,-0.00655559013893936
1,600,106,tis_anchored,1.254857344324988,-0.007839022298062215
1,600,106,occ_plus_uniform,1.254857344324988,0.0026623679845867443
1,600,106,occ_plus_mean,1.254857344324988,0.005248271508804692
1,600,106,oracle_tail,1.254857344324988,-0.004625268304267349
1,600,106,complete_rollout,1.254857344324988,0.019126395512410355
1,600,107,uniform,1.254857344324988,0.0012599322085100617
1,600,107,learned_occupancy,1.254857344324988,-0.008452067498241789
1,600,107,learned_mean,1.254857344324988,-0.006763082438580481
1,600,107,tis,1.254857344324988,0.00928059972537687
1,600,107,tis_anchored,1.254857344324988,0.002194040670290276
1,600,107,occ_plus_uniform,1.254857344324988,-0.003607544450792366
1,600,107,occ_plus_mean,1.254857344324988,-0.007893423172248948
1,600,107,oracle_tail,1.254857344324988,0.012686158955026006
1,600,107,complete_rollout,1.254857344324988,-0.011767913430678956
1,600,108,uniform,1.254857344324988,-0.021683140448849114
1,600,108,learned_occupancy,1.254857344324988,-0.01317584619529355
1,600,108,learned_mean,1.254857344324988,-0.021054962902933738
1,600,108,tis,1.254857344324988,-0.011984403786184483
1,600,108,tis_anchored,1.254857344324988,-0.014897216372351973
1,600,108,occ_plus_uniform,1.254857344324988,-0.015953050102379907
1,600,108,occ_plus_mean,1.254857344324988,-0.01946182427086751
1,600,108,oracle_tail,1.254857344324988,-0.007024660516679271
1,600,108,complete_rollout,1.254857344324988,-0.016645962211166765
1,600,109,uniform,1.254857344324988,-0.00042414201189222567
1,600,109,learned_occupancy,1.254857344324988,-0.012188783610309173
1,600,109,learned_mean,1.254857344324988,-0.014401650827018386
1,600,109,tis,1.254857344324988,0.006989088250009434
1,600,109,tis_anchored,1.254857344324988,-0.0038744912915242846
1,600,109,occ_plus_uniform,1.254857344324988,-0.008798399506826149
1,600,109,occ_plus_mean,1.254857344324988,-0.015640950608238224
1,600,109,oracle_tail,1.254857344324988,0.0030000039008377666
1,600,109,complete_rollout,1.254857344324988,0.015874362992085223
1,600,110,uniform,1.254857344324988,0.00744304978307575
1,600,110,learned_occupancy,1.254857344324988,0.006453785068277096
1,600,110,learned_mean,1.254857344324988,0.006884464671350177
1,600,110,tis,1.254857344324988,0.0008844038302671109
1,600,110,tis_anchored,1.254857344324988,0.0016357715173380694
1,600,110,occ_plus_uniform,1.254857344324988,0.004068552477508369
1,600,110,occ_plus_mean,1.254857344324988,0.008404948692372072
1,600,110,oracle_tail,1.254857344324988,-0.0022315822049874257
1,600,110,complete_rollout,1.254857344324988,0.02563046055306084
1,600,111,uniform,1.254857344324988,0.009375664922056881
1,600,111,learned_occupancy,1.254857344324988,0.022306731794519585
1,600,111,learned_mean,1.254857344324988,0.017203940238220472
1,600,111,tis,1.254857344324988,0.010090768018134355
1,600,111,tis_anchored,1.254857344324988,0.0106864739093675
1,600,111,occ_plus_uniform,1.254857344324988,0.011395421948769968
1,600,111,occ_plus_mean,1.254857344324988,0.017175835833004527
1,600,111,oracle_tail,1.254857344324988,0.013697404950286929
1,600,111,complete_rollout,1.254857344324988,0.010996314211597413
1,600,112,uniform,1.254857344324988,0.0040659972412138146
1,600,112,learned_occupancy,1.254857344324988,-0.010623263773801295
1,600,112,learned_mean,1.254857344324988,-0.0030521289907592397
1,600,112,tis,1.254857344324988,-0.004739838050059175
1,600,112,tis_anchored,1.254857344324988,0.001848510700348971
1,600,112,occ_plus_uniform,1.254857344324988,0.0009632572785183147
1,600,112,occ_plus_mean,1.254857344324988,-0.008056705202416747
1,600,112,oracle_tail,1.254857344324988,-0.007752488431367999
1,600,112,complete_rollout,1.254857344324988,-0.0101418971705165
1,600,113,uniform,1.254857344324988,-0.020479916999527337
1,600,113,learned_occupancy,1.254857344324988,-0.028150584233778808
1,600,113,learned_mean,1.254857344324988,-0.023713061214257092
1,600,113,tis,1.254857344324988,9.965651319254754e-05
1,600,113,tis_anchored,1.254857344324988,-0.01300649207620519
1,600,113,occ_plus_uniform,1.254857344324988,-0.021076011455903654
1,600,113,occ_plus_mean,1.254857344324988,-0.024832723805966905
1,600,113,oracle_tail,1.254857344324988,0.0006344325060456679
1,600,113,complete_rollout,1.254857344324988,-0.0036378321298660143
1,600,114,uniform,1.254857344324988,0.024553227745021555
1,600,114,learned_occupancy,1.254857344324988,0.013259486087296768
1,600,114,learned_mean,1.254857344324988,0.01710496418516172
1,600,114,tis,1.254857344324988,0.016095591991826863
1,600,114,tis_anchored,1.254857344324988,0.018736170184028733
1,600,114,occ_plus_uniform,1.254857344324988,0.027386378600551264
1,600,114,occ_plus_mean,1.254857344324988,0.014803190018140011
1,600,114,oracle_tail,1.254857344324988,0.013952475630793604
1,600,114,complete_rollout,1.254857344324988,-0.0020118158697033373
1,600,115,uniform,1.254857344324988,0.008927103396256575
1,600,115,learned_occupancy,1.254857344324988,-0.004629245987174402
1,600,115,learned_mean,1.254857344324988,0.00460023410324939
1,600,115,tis,1.254857344324988,0.01301566602027604
1,600,115,tis_anchored,1.254857344324988,0.003126616201914345
1,600,115,occ_plus_uniform,1.254857344324988,0.006023211681970286
1,600,115,occ_plus_mean,1.254857344324988,-0.0005315648466359679
1,600,115,oracle_tail,1.254857344324988,0.007947584504160776
1,600,115,complete_rollout,1.254857344324988,0.02237842803273571
1,600,116,uniform,1.254857344324988,0.00254432016408912
1,600,116,learned_occupancy,1.254857344324988,0.007828428537092647
1,600,116,learned_mean,1.254857344324988,0.009395327830589606
1,600,116,tis,1.254857344324988,-0.0004345162209995479
1,600,116,tis_anchored,1.254857344324988,0.006013240347013449
1,600,116,occ_plus_uniform,1.254857344324988,-0.0007156054301966641
1,600,116,occ_plus_mean,1.254857344324988,0.009179134786872822
1,600,116,oracle_tail,1.254857344324988,-0.002228827578351744
1,600,116,complete_rollout,1.254857344324988,-0.02315002725181725
1,600,117,uniform,1.254857344324988,0.01606643250750639
1,600,117,learned_occupancy,1.254857344324988,0.014751095992625585
1,600,117,learned_mean,1.254857344324988,0.016467535801634625
1,600,117,tis,1.254857344324988,0.009933451210922373
1,600,117,tis_anchored,1.254857344324988,0.009099201437211324
1,600,117,occ_plus_uniform,1.254857344324988,0.01889109879820272
1,600,117,occ_plus_mean,1.254857344324988,0.015541249456510808
1,600,117,oracle_tail,1.254857344324988,0.009085176305482001
1,600,117,complete_rollout,1.254857344324988,0.010996314211597413
1,600,118,uniform,1.254857344324988,0.0031523274855385086
1,600,118,learned_occupancy,1.254857344324988,-0.002450281970457935
1,600,118,learned_mean,1.254857344324988,-0.0060331750896329694
1,600,118,tis,1.254857344324988,-0.0011844676404777488
1,600,118,tis_anchored,1.254857344324988,-0.0003233589409759041
1,600,118,occ_plus_uniform,1.254857344324988,0.007268593449502925
1,600,118,occ_plus_mean,1.254857344324988,-0.0007356176522321789
1,600,118,oracle_tail,1.254857344324988,0.004435100957024707
1,600,118,complete_rollout,1.254857344324988,-0.03290612481279287
1,600,119,uniform,1.254857344324988,0.004389454589858399
1,600,119,learned_occupancy,1.254857344324988,0.007191391609620235
1,600,119,learned_mean,1.254857344324988,0.006526569707823171
1,600,119,tis,1.254857344324988,0.011517116949903539
1,600,119,tis_anchored,1.254857344324988,0.003816601289065469
1,600,119,occ_plus_uniform,1.254857344324988,0.0033688524101702644
1,600,119,occ_plus_mean,1.254857344324988,0.00816550243098968
1,600,119,oracle_tail,1.254857344324988,0.007613092848723246
1,600,119,complete_rollout,1.254857344324988,0.02075241177257303
1,600,120,uniform,1.254857344324988,0.016148929543746027
1,600,120,learned_occupancy,1.254857344324988,-0.0019595832004686287
1,600,120,learned_mean,1.254857344324988,0.0038947850126906935
1,600,120,tis,1.254857344324988,0.013739069494187017
1,600,120,tis_anchored,1.254857344324988,0.009872845957050513
1,600,120,occ_plus_uniform,1.254857344324988,0.01247311773573645
1,600,120,occ_plus_mean,1.254857344324988,0.006639086013630502
1,600,120,oracle_tail,1.254857344324988,0.01073999445152074
1,600,120,complete_rollout,1.254857344324988,-0.005263848390028691
1,600,121,uniform,1.254857344324988,0.006041655015236014
1,600,121,learned_occupancy,1.254857344324988,0.010091384567376682
1,600,121,learned_mean,1.254857344324988,0.008206948967030891
1,600,121,tis,1.254857344324988,0.009964157929351902
1,600,121,tis_anchored,1.254857344324988,0.007080153642944342
1,600,121,occ_plus_uniform,1.254857344324988,0.009865346910677086
1,600,121,occ_plus_mean,1.254857344324988,0.009213457428568939
1,600,121,oracle_tail,1.254857344324988,0.0062412425377531555
1,600,121,complete_rollout,1.254857344324988,-0.0849386451379961
1,600,122,uniform,1.254857344324988,0.006214476085360188
1,600,122,learned_occupancy,1.254857344324988,-0.007322225701706042
1,600,122,learned_mean,1.254857344324988,-0.0004398988148881511
1,600,122,tis,1.254857344324988,0.0037613416899817675
1,600,122,tis_anchored,1.254857344324988,0.002044055685187951
1,600,122,occ_plus_uniform,1.254857344324988,0.0010295594583500378
1,600,122,occ_plus_mean,1.254857344324988,-0.0028049730535260053
1,600,122,oracle_tail,1.254857344324988,0.008596821756186701
1,600,122,complete_rollout,1.254857344324988,-0.011767913430678956
1,600,123,uniform,1.254857344324988,0.006646556200259113
1,600,123,learned_occupancy,1.254857344324988,0.025215755403911633
1,600,123,learned_mean,1.254857344324988,0.023464986134679844
1,600,123,tis,1.254857344324988,0.013659317995605269
1,600,123,tis_anchored,1.254857344324988,0.018624674698842103
1,600,123,occ_plus_uniform,1.254857344324988,0.013287462053991117
1,600,123,occ_plus_mean,1.254857344324988,0.02273143416383827
1,600,123,oracle_tail,1.254857344324988,0.01443146702825615
1,600,123,complete_rollout,1.254857344324988,-0.0101418971705165
1,600,124,uniform,1.254857344324988,0.02419043526981124
1,600,124,learned_occupancy,1.254857344324988,0.020739990219300397
1,600,124,learned_mean,1.254857344324988,0.02369379372534941
1,600,124,tis,1.254857344324988,0.009159947475372077
1,600,124,tis_anchored,1.254857344324988,0.01431781715304492
1,600,124,occ_plus_uniform,1.254857344324988,0.025850290576720614
1,600,124,occ_plus_mean,1.254857344324988,0.019275875399760167
1,600,124,oracle_tail,1.254857344324988,0.008276882524651974
1,600,124,complete_rollout,1.254857344324988,0.04026460689452427
1,600,125,uniform,1.254857344324988,0.03255547671539949
1,600,125,learned_occupancy,1.254857344324988,0.024027999379306886
1,600,125,learned_mean,1.254857344324988,0.024435805281658673
1,600,125,tis,1.254857344324988,0.025129196873092452
1,600,125,tis_anchored,1.254857344324988,0.0265519208523326
1,600,125,occ_plus_uniform,1.254857344324988,0.029068941210719457
1,600,125,occ_plus_mean,1.254857344324988,0.023485049921054824
1,600,125,oracle_tail,1.254857344324988,0.023001666398545284
1,600,125,complete_rollout,1.254857344324988,-0.018271978471329442
1,600,126,uniform,1.254857344324988,0.02402425490151483
1,600,126,learned_occupancy,1.254857344324988,0.01178876347555291
1,600,126,learned_mean,1.254857344324988,0.01937985082638294
1,600,126,tis,1.254857344324988,0.028997290971415124
1,600,126,tis_anchored,1.254857344324988,0.022173879391276685
1,600,126,occ_plus_uniform,1.254857344324988,0.018311043102150926
1,600,126,occ_plus_mean,1.254857344324988,0.016706819071806045
1,600,126,oracle_tail,1.254857344324988,0.02638170897807446
1,600,126,complete_rollout,1.254857344324988,0.006118265431109604
1,600,127,uniform,1.254857344324988,0.0001878748654049467
1,600,127,learned_occupancy,1.254857344324988,0.004560728314695339
1,600,127,learned_mean,1.254857344324988,0.0059339898130297275
1,600,127,tis,1.254857344324988,0.004196614574714097
1,600,127,tis_anchored,1.254857344324988,-0.0005949209741082928
1,600,127,occ_plus_uniform,1.254857344324988,0.0035986310658073783
1,600,127,occ_plus_mean,1.254857344324988,0.00949166023573711
1,600,127,oracle_tail,1.254857344324988,0.00331891169807097
1,600,127,complete_rollout,1.254857344324988,-0.005263848390028691
1,600,128,uniform,1.254857344324988,-0.006052562382401483
1,600,128,learned_occupancy,1.254857344324988,-0.013572547710930527
1,600,128,learned_mean,1.254857344324988,-0.013312405564384289
1,600,128,tis,1.254857344324988,-0.0009726773996157068
1,600,128,tis_anchored,1.254857344324988,-0.008488339580680071
1,600,128,occ_plus_uniform,1.254857344324988,-0.013732783544415206
1,600,128,occ_plus_mean,1.254857344324988,-0.01338651684718184
1,600,128,oracle_tail,1.254857344324988,-0.0034911919898126254
1,600,128,complete_rollout,1.254857344324988,0.0012402166506217949
1,600,129,uniform,1.254857344324988,0.03443981945788943
1,600,129,learned_occupancy,1.254857344324988,0.02740239458705096
1,600,129,learned_mean,1.254857344324988,0.024373315285686203
1,600,129,tis,1.254857344324988,0.016906966373705146
1,600,129,tis_anchored,1.254857344324988,0.0143531680512754
1,600,129,occ_plus_uniform,1.254857344324988,0.031175730189137996
1,600,129,occ_plus_mean,1.254857344324988,0.02743343189434344
1,600,129,oracle_tail,1.254857344324988,0.02015873044309613
1,600,129,complete_rollout,1.254857344324988,-0.02477604351197993
1,600,130,uniform,1.254857344324988,0.016717430967737146
1,600,130,learned_occupancy,1.254857344324988,0.02009116243676412
1,600,130,learned_mean,1.254857344324988,0.023592614816125623
1,600,130,tis,1.254857344324988,0.015452362186112012
1,600,130,tis_anchored,1.254857344324988,0.015544163696965096
1,600,130,occ_plus_uniform,1.254857344324988,0.022063244902274404
1,600,130,occ_plus_mean,1.254857344324988,0.02531260358174392
1,600,130,oracle_tail,1.254857344324988,0.016246044499454992
1,600,130,complete_rollout,1.254857344324988,0.028882493073385973
1,600,131,uniform,1.254857344324988,0.026089003476094108
1,600,131,learned_occupancy,1.254857344324988,0.034633858511991855
1,600,131,learned_mean,1.254857344324988,0.029301107432520235
1,600,131,tis,1.254857344324988,0.01689255434038639
1,600,131,tis_anchored,1.254857344324988,0.022584255787946317
1,600,131,occ_plus_uniform,1.254857344324988,0.030954331554217784
1,600,131,occ_plus_mean,1.254857344324988,0.03306357170699248
1,600,131,oracle_tail,1.254857344324988,0.008678870228507662
1,600,131,complete_rollout,1.254857344324988,0.007744281691272281
1,600,132,uniform,1.254857344324988,0.010730597069130932
1,600,132,learned_occupancy,1.254857344324988,0.01942782494279638
1,600,132,learned_mean,1.254857344324988,0.020449300492574762
1,600,132,tis,1.254857344324988,0.012993154935856843
1,600,132,tis_anchored,1.254857344324988,0.019749834043887526
1,600,132,occ_plus_uniform,1.254857344324988,0.018562698322146298
1,600,132,occ_plus_mean,1.254857344324988,0.018980076129101464
1,600,132,oracle_tail,1.254857344324988,0.00960134327856732
1,600,132,complete_rollout,1.254857344324988,0.0435166394148494
1,600,133,uniform,1.254857344324988,0.02151496144053411
1,600,133,learned_occupancy,1.254857344324988,0.020859501529809643
1,600,133,learned_mean,1.254857344324988,0.017341779887786624
1,600,133,tis,1.254857344324988,0.015404271806140457
1,600,133,tis_anchored,1.254857344324988,0.01623005100239605
1,600,133,occ_plus_uniform,1.254857344324988,0.024656322199680725
1,600,133,occ_plus_mean,1.254857344324988,0.021823675968374534
1,600,133,oracle_tail,1.254857344324988,0.01199206728129898
1,600,133,complete_rollout,1.254857344324988,0.041890623154686724
1,600,134,uniform,1.254857344324988,-0.013870076582768176
1,600,134,learned_occupancy,1.254857344324988,-0.020834684631454436
1,600,134,learned_mean,1.254857344324988,-0.012225207077501299
1,600,134,tis,1.254857344324988,-0.0018075090099796132
1,600,134,tis_anchored,1.254857344324988,-0.01927343386435476
1,600,134,occ_plus_uniform,1.254857344324988,-0.016962464128259747
1,600,134,occ_plus_mean,1.254857344324988,-0.018912831582498235
1,600,134,oracle_tail,1.254857344324988,-0.003986077747496264
1,600,134,complete_rollout,1.254857344324988,-0.0036378321298660143
1,600,135,uniform,1.254857344324988,-0.03103279196965847
1,600,135,learned_occupancy,1.254857344324988,-0.03372712761243335
1,600,135,learned_mean,1.254857344324988,-0.03638670711403447
1,600,135,tis,1.254857344324988,-0.022082120537305627
1,600,135,tis_anchored,1.254857344324988,-0.02556884927701919
1,600,135,occ_plus_uniform,1.254857344324988,-0.025027851731252104
1,600,135,occ_plus_mean,1.254857344324988,-0.03447824347134398
1,600,135,oracle_tail,1.254857344324988,-0.017760944619169772
1,600,135,complete_rollout,1.254857344324988,0.0012402166506217949
1,600,136,uniform,1.254857344324988,0.006250906494021047
1,600,136,learned_occupancy,1.254857344324988,0.004835234575292224
1,600,136,learned_mean,1.254857344324988,0.0030605386365527565
1,600,136,tis,1.254857344324988,-0.008025102947212703
1,600,136,tis_anchored,1.254857344324988,0.0006831552670136798
1,600,136,occ_plus_uniform,1.254857344324988,-0.001064904254555632
1,600,136,occ_plus_mean,1.254857344324988,0.00520029241722364
1,600,136,oracle_tail,1.254857344324988,-0.005698540924666151
1,600,136,complete_rollout,1.254857344324988,0.019126395512410355
1,600,137,uniform,1.254857344324988,-0.00375268948977725
1,600,137,learned_occupancy,1.254857344324988,-0.003577689826632424
1,600,137,learned_mean,1.254857344324988,-0.007583928145118213
1,600,137,tis,1.254857344324988,-0.013422868577172231
1,600,137,tis_anchored,1.254857344324988,-0.0037392286178110634
1,600,137,occ_plus_uniform,1.254857344324988,-0.0020765012126260363
1,600,137,occ_plus_mean,1.254857344324988,-0.006878129315407655
1,600,137,oracle_tail,1.254857344324988,-0.008721951711359255
1,600,137,complete_rollout,1.254857344324988,-0.03453214107295555
1,600,138,uniform,1.254857344324988,0.026112812130716367
1,600,138,learned_occupancy,1.254857344324988,0.021733269245011178
1,600,138,learned_mean,1.254857344324988,0.015335119489146898
1,600,138,tis,1.254857344324988,0.02864641848598981
1,600,138,tis_anchored,1.254857344324988,0.027050026433824703
1,600,138,occ_plus_uniform,1.254857344324988,0.029431112421024475
1,600,138,occ_plus_mean,1.254857344324988,0.019387024617730564
1,600,138,oracle_tail,1.254857344324988,0.02916467747561735
1,600,138,complete_rollout,1.254857344324988,0.04026460689452427
1,600,139,uniform,1.254857344324988,0.005546465991776328
1,600,139,learned_occupancy,1.254857344324988,-0.001816005019133593
1,600,139,learned_mean,1.254857344324988,-0.007483008221426113
1,600,139,tis,1.254857344324988,-0.005497474251492607
1,600,139,tis_anchored,1.254857344324988,-0.004661959433799101
1,600,139,occ_plus_uniform,1.254857344324988,-0.001674583019980025
1,600,139,occ_plus_mean,1.254857344324988,-0.003591477611117444
1,600,139,oracle_tail,1.254857344324988,-0.0027925021782015946
1,600,139,complete_rollout,1.254857344324988,0.03213452559371133
1,600,140,uniform,1.254857344324988,0.0035953132141601785
1,600,140,learned_occupancy,1.254857344324988,0.01308997258190181
1,600,140,learned_mean,1.254857344324988,0.015299827760760998
1,600,140,tis,1.254857344324988,0.004940645059992255
1,600,140,tis_anchored,1.254857344324988,0.00805862762311893
1,600,140,occ_plus_uniform,1.254857344324988,0.0030260091157825464
1,600,140,occ_plus_mean,1.254857344324988,0.013378752321814513
1,600,140,oracle_tail,1.254857344324988,0.006225783335649604
1,600,140,complete_rollout,1.254857344324988,-0.0068898646501911465
1,600,141,uniform,1.254857344324988,0.008776596216309995
1,600,141,learned_occupancy,1.254857344324988,0.007760926368013621
1,600,141,learned_mean,1.254857344324988,0.011306684473885165
1,600,141,tis,1.254857344324988,0.006454637709641053
1,600,141,tis_anchored,1.254857344324988,0.005587005840618664
1,600,141,occ_plus_uniform,1.254857344324988,0.00947297663504143
1,600,141,occ_plus_mean,1.254857344324988,0.008704958055940848
1,600,141,oracle_tail,1.254857344324988,0.009710453659998786
1,600,141,complete_rollout,1.254857344324988,0.010996314211597413
1,600,142,uniform,1.254857344324988,0.014643820027780974
1,600,142,learned_occupancy,1.254857344324988,0.00895148425031933
1,600,142,learned_mean,1.254857344324988,0.011618690658047992
1,600,142,tis,1.254857344324988,0.007735009147594951
1,600,142,tis_anchored,1.254857344324988,0.012632267332746805
1,600,142,occ_plus_uniform,1.254857344324988,0.013755773781867653
1,600,142,occ_plus_mean,1.254857344324988,0.003775016196043257
1,600,142,oracle_tail,1.254857344324988,0.00955420235185711
1,600,142,complete_rollout,1.254857344324988,0.02237842803273571
1,600,143,uniform,1.254857344324988,-0.0054100743640681515
1,600,143,learned_occupancy,1.254857344324988,0.003961917977371332
1,600,143,learned_mean,1.254857344324988,0.00028112508839162054
1,600,143,tis,1.254857344324988,0.005824934010579597
1,600,143,tis_anchored,1.254857344324988,0.0054686375970449674
1,600,143,occ_plus_uniform,1.254857344324988,-0.006849564553374821
1,600,143,occ_plus_mean,1.254857344324988,0.005622420099407721
1,600,143,oracle_tail,1.254857344324988,0.005415947809008781
1,600,143,complete_rollout,1.254857344324988,-0.044288238633931165
1,600,144,uniform,1.254857344324988,0.009122982077470976
1,600,144,learned_occupancy,1.254857344324988,0.01734931826868258
1,600,144,learned_mean,1.254857344324988,0.014011125549034276
1,600,144,tis,1.254857344324988,0.002099993050792559
1,600,144,tis_anchored,1.254857344324988,0.00608048663646632
1,600,144,occ_plus_uniform,1.254857344324988,0.01046965813449674
1,600,144,occ_plus_mean,1.254857344324988,0.015850995101327037
1,600,144,oracle_tail,1.254857344324988,-0.0018633677994051023
1,600,144,complete_rollout,1.254857344324988,0.004492249170946927
1,600,145,uniform,1.254857344324988,0.00851563100440389
1,600,145,learned_occupancy,1.254857344324988,0.01167839963752293
1,600,145,learned_mean,1.254857344324988,0.009144905387089342
1,600,145,tis,1.254857344324988,0.008108450992582394
1,600,145,tis_anchored,1.254857344324988,0.009017506945669718
1,600,145,occ_plus_uniform,1.254857344324988,0.013193091674142288
1,600,145,occ_plus_mean,1.254857344324988,0.01221624957563816
1,600,145,oracle_tail,1.254857344324988,0.00987856254924746
1,600,145,complete_rollout,1.254857344324988,0.028882493073385973
1,600,146,uniform,1.254857344324988,-0.0026674117051137536
1,600,146,learned_occupancy,1.254857344324988,-0.008274516372184682
1,600,146,learned_mean,1.254857344324988,0.00020619243354857986
1,600,146,tis,1.254857344324988,0.004850222037223073
1,600,146,tis_anchored,1.254857344324988,0.006491193988253707
1,600,146,occ_plus_uniform,1.254857344324988,-0.003125616384556329
1,600,146,occ_plus_mean,1.254857344324988,-0.008393341839604052
1,600,146,oracle_tail,1.254857344324988,0.0026967584321448967
1,600,146,complete_rollout,1.254857344324988,0.037012574374198914
1,600,147,uniform,1.254857344324988,-0.007255146552660907
1,600,147,learned_occupancy,1.254857344324988,-0.0011106803345031224
1,600,147,learned_mean,1.254857344324988,0.003662645929732866
1,600,147,tis,1.254857344324988,0.00977127523250032
1,600,147,tis_anchored,1.254857344324988,0.005759554501090003
1,600,147,occ_plus_uniform,1.254857344324988,0.001401670121188081
1,600,147,occ_plus_mean,1.254857344324988,-0.0013154169945361893
1,600,147,oracle_tail,1.254857344324988,0.008971223276180718
1,600,147,complete_rollout,1.254857344324988,0.0012402166506217949
1,600,148,uniform,1.254857344324988,-0.021271018370510042
1,600,148,learned_occupancy,1.254857344324988,-0.033837095853438415
1,600,148,learned_mean,1.254857344324988,-0.03237733481544458
1,600,148,tis,1.254857344324988,-0.02598360948962375
1,600,148,tis_anchored,1.254857344324988,-0.026573845681562736
1,600,148,occ_plus_uniform,1.254857344324988,-0.03340330075802522
1,600,148,occ_plus_mean,1.254857344324988,-0.035042162904041385
1,600,148,oracle_tail,1.254857344324988,-0.021577746069096015
1,600,148,complete_rollout,1.254857344324988,0.0012402166506217949
1,600,149,uniform,1.254857344324988,-0.02166433604748752
1,600,149,learned_occupancy,1.254857344324988,-0.013580092994040838
1,600,149,learned_mean,1.254857344324988,-0.017190737723443483
1,600,149,tis,1.254857344324988,-0.02237768767835724
1,600,149,tis_anchored,1.254857344324988,-0.022481667523555737
1,600,149,occ_plus_uniform,1.254857344324988,-0.017249223707374473
1,600,149,occ_plus_mean,1.254857344324988,-0.019157873494329625
1,600,149,oracle_tail,1.254857344324988,-0.025131979171593155
1,600,149,complete_rollout,1.254857344324988,-0.011767913430678956
1,600,150,uniform,1.254857344324988,-0.03754410319266377
1,600,150,learned_occupancy,1.254857344324988,-0.028194330387428357
1,600,150,learned_mean,1.254857344324988,-0.022923751166366912
1,600,150,tis,1.254857344324988,-0.022416368107008644
1,600,150,tis_anchored,1.254857344324988,-0.023951422473824202
1,600,150,occ_plus_uniform,1.254857344324988,-0.033817907773256994
1,600,150,occ_plus_mean,1.254857344324988,-0.02760635612302309
1,600,150,oracle_tail,1.254857344324988,-0.021477373545389034
1,600,150,complete_rollout,1.254857344324988,0.010996314211597413
1,600,151,uniform,1.254857344324988,-0.0029206430390549265
1,600,151,learned_occupancy,1.254857344324988,-0.004893526109595925
1,600,151,learned_mean,1.254857344324988,0.0022267484420970263
1,600,151,tis,1.254857344324988,-0.0013262745894671024
1,600,151,tis_anchored,1.254857344324988,-0.002417677637882587
1,600,151,occ_plus_uniform,1.254857344324988,-0.009430519026575102
1,600,151,occ_plus_mean,1.254857344324988,-0.0006891541844693538
1,600,151,oracle_tail,1.254857344324988,-0.000768931043344967
1,600,151,complete_rollout,1.254857344324988,-0.03128010855263019
1,600,152,uniform,1.254857344324988,-0.013726143763187704
1,600,152,learned_occupancy,1.254857344324988,-0.015062170336443526
1,600,152,learned_mean,1.254857344324988,-0.007416380160767844
1,600,152,tis,1.254857344324988,-0.004549556718250747
1,600,152,tis_anchored,1.254857344324988,-0.003383456356899517
1,600,152,occ_plus_uniform,1.254857344324988,-0.019410573129678532
1,600,152,occ_plus_mean,1.254857344324988,-0.013826279523624807
1,600,152,oracle_tail,1.254857344324988,-0.003229305164025753
1,600,152,complete_rollout,1.254857344324988,0.009370297951434736
1,600,153,uniform,1.254857344324988,-0.015536114381129673
1,600,153,learned_occupancy,1.254857344324988,-0.019202681815659206
1,600,153,learned_mean,1.254857344324988,-0.01760652175278432
1,600,153,tis,1.254857344324988,-0.007842604818557364
1,600,153,tis_anchored,1.254857344324988,-0.005195133130416529
1,600,153,occ_plus_uniform,1.254857344324988,-0.010875190224098885
1,600,153,occ_plus_mean,1.254857344324988,-0.020646193570228677
1,600,153,oracle_tail,1.254857344324988,-0.002435119319667889
1,600,153,complete_rollout,1.254857344324988,0.03050850933354865
1,600,154,uniform,1.254857344324988,0.003249658635682273
1,600,154,learned_occupancy,1.254857344324988,0.003955586011413992
1,600,154,learned_mean,1.254857344324988,0.0036171872155235096
1,600,154,tis,1.254857344324988,-0.0004859335687381616
1,600,154,tis_anchored,1.254857344324988,0.003135328582238417
1,600,154,occ_plus_uniform,1.254857344324988,0.002149798238993972
1,600,154,occ_plus_mean,1.254857344324988,0.0046419705586502324
1,600,154,oracle_tail,1.254857344324988,0.002687572744568545
1,600,154,complete_rollout,1.254857344324988,-0.0036378321298660143
1,600,155,uniform,1.254857344324988,-0.003317861561967561
1,600,155,learned_occupancy,1.254857344324988,-0.009547341483458816
1,600,155,learned_mean,1.254857344324988,-0.0023347357086642706
1,600,155,tis,1.254857344324988,-0.009394341514117555
1,600,155,tis_anchored,1.254857344324988,-0.008306321347208323
1,600,155,occ_plus_uniform,1.254857344324988,-0.011291023519987675
1,600,155,occ_plus_mean,1.254857344324988,-0.004523837569843536
1,600,155,oracle_tail,1.254857344324988,-0.015096065866020414
1,600,155,complete_rollout,1.254857344324988,-0.0101418971705165
1,600,156,uniform,1.254857344324988,0.008842487153307932
1,600,156,learned_occupancy,1.254857344324988,0.01986984962483085
1,600,156,learned_mean,1.254857344324988,0.015841271590385952
1,600,156,tis,1.254857344324988,0.0202487331029082
1,600,156,tis_anchored,1.254857344324988,0.014544219110810941
1,600,156,occ_plus_uniform,1.254857344324988,0.011811263104768877
1,600,156,occ_plus_mean,1.254857344324988,0.013317177718588535
1,600,156,oracle_tail,1.254857344324988,0.013135359333048102
1,600,156,complete_rollout,1.254857344324988,0.019126395512410355
1,600,157,uniform,1.254857344324988,0.007661205649586611
1,600,157,learned_occupancy,1.254857344324988,-0.003897105206844831
1,600,157,learned_mean,1.254857344324988,-0.002358729769649459
1,600,157,tis,1.254857344324988,2.501452309222607e-05
1,600,157,tis_anchored,1.254857344324988,-0.006672174730994351
1,600,157,occ_plus_uniform,1.254857344324988,0.0039922297402785745
1,600,157,occ_plus_mean,1.254857344324988,-0.00402299704172826
1,600,157,oracle_tail,1.254857344324988,-0.0036232607857700216
1,600,157,complete_rollout,1.254857344324988,0.02075241177257303
1,600,158,uniform,1.254857344324988,0.011471854067232723
1,600,158,learned_occupancy,1.254857344324988,0.0017940940151981444
1,600,158,learned_mean,1.254857344324988,0.00011043393508991528
1,600,158,tis,1.254857344324988,0.008306839704299573
1,600,158,tis_anchored,1.254857344324988,0.0020128136426607046
1,600,158,occ_plus_uniform,1.254857344324988,0.004990067039025936
1,600,158,occ_plus_mean,1.254857344324988,-0.001751601074491349
1,600,158,oracle_tail,1.254857344324988,-0.0010666327124546626
1,600,158,complete_rollout,1.254857344324988,-0.02315002725181725
1,600,159,uniform,1.254857344324988,-0.01972511340343841
1,600,159,learned_occupancy,1.254857344324988,-0.012015811777842167
1,600,159,learned_mean,1.254857344324988,-0.012628947809561364
1,600,159,tis,1.254857344324988,-0.014149471778128753
1,600,159,tis_anchored,1.254857344324988,-0.009304481129666753
1,600,159,occ_plus_uniform,1.254857344324988,-0.018458328883830033
1,600,159,occ_plus_mean,1.254857344324988,-0.012675401247995932
1,600,159,oracle_tail,1.254857344324988,-0.011619916741391512
1,600,159,complete_rollout,1.254857344324988,0.002866232910784472
1,600,160,uniform,1.254857344324988,-0.011826535060541321
1,600,160,learned_occupancy,1.254857344324988,-0.0018632866168690754
1,600,160,learned_mean,1.254857344324988,-0.0015440693417287932
1,600,160,tis,1.254857344324988,0.0038470535743768686
1,600,160,tis_anchored,1.254857344324988,0.003453298970818919
1,600,160,occ_plus_uniform,1.254857344324988,-0.009388640851614838
1,600,160,occ_plus_mean,1.254857344324988,0.001959630360543807
1,600,160,oracle_tail,1.254857344324988,0.007175378142525668
1,600,160,complete_rollout,1.254857344324988,0.010996314211597413
1,600,161,uniform,1.254857344324988,-0.007177630937462487
1,600,161,learned_occupancy,1.254857344324988,-0.0007241814144767211
1,600,161,learned_mean,1.254857344324988,-0.001105181369804198
1,600,161,tis,1.254857344324988,0.005949531497597693
1,600,161,tis_anchored,1.254857344324988,0.005938775335063484
1,600,161,occ_plus_uniform,1.254857344324988,-0.004695456284319333
1,600,161,occ_plus_mean,1.254857344324988,-0.002677135164622646
1,600,161,oracle_tail,1.254857344324988,0.001273977066224452
1,600,161,complete_rollout,1.254857344324988,-0.013393929690841633
1,600,162,uniform,1.254857344324988,-0.007818932237630527
1,600,162,learned_occupancy,1.254857344324988,-0.002459254257454635
1,600,162,learned_mean,1.254857344324988,0.00558879325624595
1,600,162,tis,1.254857344324988,0.0006816756461796025
1,600,162,tis_anchored,1.254857344324988,-0.0009179886891907962
1,600,162,occ_plus_uniform,1.254857344324988,-0.004878796157947285
1,600,162,occ_plus_mean,1.254857344324988,-0.0033409804929636078
1,600,162,oracle_tail,1.254857344324988,-0.0014230534206329803
1,600,162,complete_rollout,1.254857344324988,-0.026402059772142383
1,600,163,uniform,1.254857344324988,0.008410349681005513
1,600,163,learned_occupancy,1.254857344324988,0.02116818099335438
1,600,163,learned_mean,1.254857344324988,0.016828158716177377
1,600,163,tis,1.254857344324988,0.01390279710954001
1,600,163,tis_anchored,1.254857344324988,0.01433042641973259
1,600,163,occ_plus_uniform,1.254857344324988,0.011325444508448301
1,600,163,occ_plus_mean,1.254857344324988,0.019949398612788105
1,600,163,oracle_tail,1.254857344324988,0.018916981739063976
1,600,163,complete_rollout,1.254857344324988,-0.01989799473149212
1,600,164,uniform,1.254857344324988,0.004397247206596511
1,600,164,learned_occupancy,1.254857344324988,0.0068671173084851045
1,600,164,learned_mean,1.254857344324988,0.008401321537940154
1,600,164,tis,1.254857344324988,0.0008757435542474656
1,600,164,tis_anchored,1.254857344324988,0.0030057320422687273
1,600,164,occ_plus_uniform,1.254857344324988,-9.276962411175482e-05
1,600,164,occ_plus_mean,1.254857344324988,0.009081615972304613
1,600,164,oracle_tail,1.254857344324988,-0.002407760554890226
1,600,164,complete_rollout,1.254857344324988,-0.016645962211166765
1,600,165,uniform,1.254857344324988,-0.006221310881119102
1,600,165,learned_occupancy,1.254857344324988,-0.009722603856278766
1,600,165,learned_mean,1.254857344324988,-0.0023008101884216536
1,600,165,tis,1.254857344324988,0.006659902111844085
1,600,165,tis_anchored,1.254857344324988,0.006147606242648207
1,600,165,occ_plus_uniform,1.254857344324988,0.001210415358564365
1,600,165,occ_plus_mean,1.254857344324988,-0.00610908161737056
1,600,165,oracle_tail,1.254857344324988,0.0009520221633023684
1,600,165,complete_rollout,1.254857344324988,0.03376054185387378
1,600,166,uniform,1.254857344324988,-0.0007728079453668268
1,600,166,learned_occupancy,1.254857344324988,-0.010675071834316263
1,600,166,learned_mean,1.254857344324988,-0.011876871138976064
1,600,166,tis,1.254857344324988,0.010276983013999486
1,600,166,tis_anchored,1.254857344324988,0.0049981115638175755
1,600,166,occ_plus_uniform,1.254857344324988,-0.005219326675380387
1,600,166,occ_plus_mean,1.254857344324988,-0.010674578134502344
1,600,166,oracle_tail,1.254857344324988,0.01261258059192194
1,600,166,complete_rollout,1.254857344324988,-0.013393929690841633
1,600,167,uniform,1.254857344324988,-0.002124159205846965
1,600,167,learned_occupancy,1.254857344324988,0.0020579085957792564
1,600,167,learned_mean,1.254857344324988,0.007115008834751357
1,600,167,tis,1.254857344324988,0.00569728931554403
1,600,167,tis_anchored,1.254857344324988,7.321878132704462e-05
1,600,167,occ_plus_uniform,1.254857344324988,0.0006351363956225153
1,600,167,occ_plus_mean,1.254857344324988,0.0039814673016549396
1,600,167,oracle_tail,1.254857344324988,0.004687816539865386
1,600,167,complete_rollout,1.254857344324988,0.01262233047176009
1,600,168,uniform,1.254857344324988,-0.023636577045440088
1,600,168,learned_occupancy,1.254857344324988,-0.023576099745883372
1,600,168,learned_mean,1.254857344324988,-0.016246102381979988
1,600,168,tis,1.254857344324988,-0.010118348999072158
1,600,168,tis_anchored,1.254857344324988,-0.015986002346707107
1,600,168,occ_plus_uniform,1.254857344324988,-0.02356192533841517
1,600,168,occ_plus_mean,1.254857344324988,-0.01795634016915426
1,600,168,oracle_tail,1.254857344324988,-0.007715007090902448
1,600,168,complete_rollout,1.254857344324988,0.019126395512410355
1,600,169,uniform,1.254857344324988,-0.0063612938363157845
1,600,169,learned_occupancy,1.254857344324988,-0.009722841441740515
1,600,169,learned_mean,1.254857344324988,-0.011164458546163214
1,600,169,tis,1.254857344324988,0.009681971925299848
1,600,169,tis_anchored,1.254857344324988,-0.0005506740281788769
1,600,169,occ_plus_uniform,1.254857344324988,-0.004279868031866085
1,600,169,occ_plus_mean,1.254857344324988,-0.005796093706394556
1,600,169,oracle_tail,1.254857344324988,0.009674897262149873
1,600,169,complete_rollout,1.254857344324988,0.0012402166506217949
1,600,170,uniform,1.254857344324988,0.009787003766933644
1,600,170,learned_occupancy,1.254857344324988,-0.00033223795461490013
1,600,170,learned_mean,1.254857344324988,-2.0535520547815267e-05
1,600,170,tis,1.254857344324988,-0.004488256844503935
1,600,170,tis_anchored,1.254857344324988,0.001672932338399713
1,600,170,occ_plus_uniform,1.254857344324988,0.006495182213886341
1,600,170,occ_plus_mean,1.254857344324988,0.0008095014677649282
1,600,170,oracle_tail,1.254857344324988,-0.002038041523713785
1,600,170,complete_rollout,1.254857344324988,-0.06542645001604486
1,600,171,uniform,1.254857344324988,0.005096110631444883
1,600,171,learned_occupancy,1.254857344324988,-0.0032661630256196617
1,600,171,learned_mean,1.254857344324988,-0.005987665080548821
1,600,171,tis,1.254857344324988,0.0061679086799379945
1,600,171,tis_anchored,1.254857344324988,0.0011713095787151406
1,600,171,occ_plus_uniform,1.254857344324988,0.0021574617658117745
1,600,171,occ_plus_mean,1.254857344324988,-0.006741414404276114
1,600,171,oracle_tail,1.254857344324988,0.0025100960924253624
1,600,171,complete_rollout,1.254857344324988,0.028882493073385973
1,600,172,uniform,1.254857344324988,0.0017690383905739626
1,600,172,learned_occupancy,1.254857344324988,-0.010914725247343826
1,600,172,learned_mean,1.254857344324988,-0.009088639765288065
1,600,172,tis,1.254857344324988,-0.01285952845564231
1,600,172,tis_anchored,1.254857344324988,-0.007366587676730596
1,600,172,occ_plus_uniform,1.254857344324988,-0.006340732662293069
1,600,172,occ_plus_mean,1.254857344324988,-0.009598350399309563
1,600,172,oracle_tail,1.254857344324988,-0.013282423407418475
1,600,172,complete_rollout,1.254857344324988,0.006118265431109604
1,600,173,uniform,1.254857344324988,0.00950347375051086
1,600,173,learned_occupancy,1.254857344324988,0.00017428305551381307
1,600,173,learned_mean,1.254857344324988,0.002793874868680657
1,600,173,tis,1.254857344324988,-0.0022256336145680677
1,600,173,tis_anchored,1.254857344324988,0.0053013771316612335
1,600,173,occ_plus_uniform,1.254857344324988,0.006898301143333896
1,600,173,occ_plus_mean,1.254857344324988,-0.0015862184067418905
1,600,173,oracle_tail,1.254857344324988,-0.0010343754941088967
1,600,173,complete_rollout,1.254857344324988,0.024004444292898164
1,600,174,uniform,1.254857344324988,-0.002762231054521447
1,600,174,learned_occupancy,1.254857344324988,-0.008282897124266553
1,600,174,learned_mean,1.254857344324988,-0.007119963275308283
1,600,174,tis,1.254857344324988,-0.007162086407472401
1,600,174,tis_anchored,1.254857344324988,-0.006437532262223433
1,600,174,occ_plus_uniform,1.254857344324988,-0.0034194168413186343
1,600,174,occ_plus_mean,1.254857344324988,-0.00526210093772006
1,600,174,oracle_tail,1.254857344324988,-0.005815517349282429
1,600,174,complete_rollout,1.254857344324988,-0.01501994595100431
1,600,175,uniform,1.254857344324988,0.013953789199406152
1,600,175,learned_occupancy,1.254857344324988,0.007026469474063157
1,600,175,learned_mean,1.254857344324988,0.005779468932988863
1,600,175,tis,1.254857344324988,0.005673103616236297
1,600,175,tis_anchored,1.254857344324988,0.010636198798967378
1,600,175,occ_plus_uniform,1.254857344324988,0.015027539168864346
1,600,175,occ_plus_mean,1.254857344324988,0.006758530907080784
1,600,175,oracle_tail,1.254857344324988,0.003651281500539172
1,600,175,complete_rollout,1.254857344324988,-0.0101418971705165
1,600,176,uniform,1.254857344324988,-0.011455898329971959
1,600,176,learned_occupancy,1.254857344324988,-0.0017794833403588228
1,600,176,learned_mean,1.254857344324988,-0.009222567330313014
1,600,176,tis,1.254857344324988,-0.008000835009113416
1,600,176,tis_anchored,1.254857344324988,-0.00635261720657021
1,600,176,occ_plus_uniform,1.254857344324988,-5.207866326428778e-05
1,600,176,occ_plus_mean,1.254857344324988,-0.004307029387475625
1,600,176,oracle_tail,1.254857344324988,-0.005846213121292632
1,600,176,complete_rollout,1.254857344324988,0.054898753235987696
1,600,177,uniform,1.254857344324988,0.0026562288093958664
1,600,177,learned_occupancy,1.254857344324988,-0.005126136562751515
1,600,177,learned_mean,1.254857344324988,-0.0024808894998014086
1,600,177,tis,1.254857344324988,-0.0058316469669490445
1,600,177,tis_anchored,1.254857344324988,-0.012013472867098196
1,600,177,occ_plus_uniform,1.254857344324988,-0.002957968727588245
1,600,177,occ_plus_mean,1.254857344324988,-0.0050113093923838115
1,600,177,oracle_tail,1.254857344324988,-0.006614728893307165
1,600,177,complete_rollout,1.254857344324988,0.009370297951434736
1,600,178,uniform,1.254857344324988,0.004868908914162917
1,600,178,learned_occupancy,1.254857344324988,0.00011140865941738909
1,600,178,learned_mean,1.254857344324988,0.0051248397987535554
1,600,178,tis,1.254857344324988,0.01376718009162392
1,600,178,tis_anchored,1.254857344324988,0.008112151459125583
1,600,178,occ_plus_uniform,1.254857344324988,-0.0025538144061814094
1,600,178,occ_plus_mean,1.254857344324988,0.0010515397619574873
1,600,178,oracle_tail,1.254857344324988,0.010516109607081381
1,600,178,complete_rollout,1.254857344324988,-0.008515880910353824
1,600,179,uniform,1.254857344324988,-0.006737992903333101
1,600,179,learned_occupancy,1.254857344324988,-0.011252022118815042
1,600,179,learned_mean,1.254857344324988,-0.005277471699153047
1,600,179,tis,1.254857344324988,-0.002616813160704723
1,600,179,tis_anchored,1.254857344324988,-0.02187771999701038
1,600,179,occ_plus_uniform,1.254857344324988,-0.010005544702974767
1,600,179,occ_plus_mean,1.254857344324988,-0.006870388119536441
1,600,179,oracle_tail,1.254857344324988,-0.0022012390838344054
1,600,179,complete_rollout,1.254857344324988,-0.013393929690841633
1,600,180,uniform,1.254857344324988,-0.004742394958437313
1,600,180,learned_occupancy,1.254857344324988,0.007302152856161204
1,600,180,learned_mean,1.254857344324988,0.0024413454425280534
1,600,180,tis,1.254857344324988,-0.009673694631598728
1,600,180,tis_anchored,1.254857344324988,-0.0065790416017952325
1,600,180,occ_plus_uniform,1.254857344324988,0.008365817305309386
1,600,180,occ_plus_mean,1.254857344324988,0.011004866081880671
1,600,180,oracle_tail,1.254857344324988,-0.0101007049334092
1,600,180,complete_rollout,1.254857344324988,0.024004444292898164
1,600,181,uniform,1.254857344324988,-0.010526101722867054
1,600,181,learned_occupancy,1.254857344324988,-0.014654426252729058
1,600,181,learned_mean,1.254857344324988,-0.017987147249581392
1,600,181,tis,1.254857344324988,-0.017256852614885076
1,600,181,tis_anchored,1.254857344324988,-0.018063955580104984
1,600,181,occ_plus_uniform,1.254857344324988,-0.012240686049367344
1,600,181,occ_plus_mean,1.254857344324988,-0.010907524194887497
1,600,181,oracle_tail,1.254857344324988,-0.013586082648398667
1,600,181,complete_rollout,1.254857344324988,-0.03290612481279287
1,600,182,uniform,1.254857344324988,-0.01209665004215199
1,600,182,learned_occupancy,1.254857344324988,-0.0185400679499772
1,600,182,learned_mean,1.254857344324988,-0.015132655779888982
1,600,182,tis,1.254857344324988,-0.020429591460227714
1,600,182,tis_anchored,1.254857344324988,-0.020447690445491773
1,600,182,occ_plus_uniform,1.254857344324988,-0.016662149082842692
1,600,182,occ_plus_mean,1.254857344324988,-0.018021519149280962
1,600,182,oracle_tail,1.254857344324988,-0.016591979061297835
1,600,182,complete_rollout,1.254857344324988,-0.0101418971705165
1,600,183,uniform,1.254857344324988,0.003577158145622761
1,600,183,learned_occupancy,1.254857344324988,-0.002363983482278176
1,600,183,learned_mean,1.254857344324988,-0.0031244436243000884
1,600,183,tis,1.254857344324988,0.006756177584912537
1,600,183,tis_anchored,1.254857344324988,0.007998660747832176
1,600,183,occ_plus_uniform,1.254857344324988,0.004226555576689606
1,600,183,occ_plus_mean,1.254857344324988,-0.0038584674099080285
1,600,183,oracle_tail,1.254857344324988,0.007985777100611102
1,600,183,complete_rollout,1.254857344324988,-0.04266222237376849
1,600,184,uniform,1.254857344324988,-0.0024934887528869076
1,600,184,learned_occupancy,1.254857344324988,9.367043212171744e-05
1,600,184,learned_mean,1.254857344324988,-0.00512766803099618
1,600,184,tis,1.254857344324988,0.0018248553770598974
1,600,184,tis_anchored,1.254857344324988,0.0033788790446884764
1,600,184,occ_plus_uniform,1.254857344324988,0.0022016353890566
1,600,184,occ_plus_mean,1.254857344324988,-0.0028138677563294134
1,600,184,oracle_tail,1.254857344324988,-0.0013788990512502153
1,600,184,complete_rollout,1.254857344324988,-0.005263848390028691
1,600,185,uniform,1.254857344324988,0.008677955171968232
1,600,185,learned_occupancy,1.254857344324988,0.014415036854030783
1,600,185,learned_mean,1.254857344324988,0.01866893417329729
1,600,185,tis,1.254857344324988,0.003897553180943536
1,600,185,tis_anchored,1.254857344324988,0.0046615221449328725
1,600,185,occ_plus_uniform,1.254857344324988,0.01183491801106662
1,600,185,occ_plus_mean,1.254857344324988,0.01731301125863216
1,600,185,oracle_tail,1.254857344324988,0.002674374165678506
1,600,185,complete_rollout,1.254857344324988,0.027256476813223518
1,600,186,uniform,1.254857344324988,0.015382566557510247
1,600,186,learned_occupancy,1.254857344324988,0.01578256284306323
1,600,186,learned_mean,1.254857344324988,0.010824497609225325
1,600,186,tis,1.254857344324988,-0.003347362764714923
1,600,186,tis_anchored,1.254857344324988,-0.0012307453349025277
1,600,186,occ_plus_uniform,1.254857344324988,0.008938256474298134
1,600,186,occ_plus_mean,1.254857344324988,0.016470295194431106
1,600,186,oracle_tail,1.254857344324988,-0.006847398816175909
1,600,186,complete_rollout,1.254857344324988,0.007744281691272281
1,600,187,uniform,1.254857344324988,-0.01564234929656405
1,600,187,learned_occupancy,1.254857344324988,-0.009155263464134311
1,600,187,learned_mean,1.254857344324988,-0.0180749700756353
1,600,187,tis,1.254857344324988,-0.017269429537702052
1,600,187,tis_anchored,1.254857344324988,-0.014334225948077428
1,600,187,occ_plus_uniform,1.254857344324988,-0.010649769631549955
1,600,187,occ_plus_mean,1.254857344324988,-0.0153935841977475
1,600,187,oracle_tail,1.254857344324988,-0.012511048643871536
1,600,187,complete_rollout,1.254857344324988,-0.0068898646501911465
1,600,188,uniform,1.254857344324988,0.014703031545386658
1,600,188,learned_occupancy,1.254857344324988,0.00909138382722574
1,600,188,learned_mean,1.254857344324988,0.005575702802763205
1,600,188,tis,1.254857344324988,-0.0018558876312226857
1,600,188,tis_anchored,1.254857344324988,0.0012690205800065524
1,600,188,occ_plus_uniform,1.254857344324988,0.016053737889959452
1,600,188,occ_plus_mean,1.254857344324988,0.008973637648875155
1,600,188,oracle_tail,1.254857344324988,0.00024921762514718004
1,600,188,complete_rollout,1.254857344324988,0.009370297951434736
1,600,189,uniform,1.254857344324988,-0.0024203296238156646
1,600,189,learned_occupancy,1.254857344324988,-0.01443021726609195
1,600,189,learned_mean,1.254857344324988,-0.016744066941903002
1,600,189,tis,1.254857344324988,0.0014383679188416654
1,600,189,tis_anchored,1.254857344324988,-0.006139737218803676
1,600,189,occ_plus_uniform,1.254857344324988,-0.006038009124114563
1,600,189,occ_plus_mean,1.254857344324988,-0.018779733958900424
1,600,189,oracle_tail,1.254857344324988,-0.003969634478516726
1,600,189,complete_rollout,1.254857344324988,0.015874362992085223
1,600,190,uniform,1.254857344324988,-0.0029756664361129115
1,600,190,learned_occupancy,1.254857344324988,0.006782157926364052
1,600,190,learned_mean,1.254857344324988,0.006017410333155837
1,600,190,tis,1.254857344324988,-0.009103467956677935
1,600,190,tis_anchored,1.254857344324988,-0.007112278156579999
1,600,190,occ_plus_uniform,1.254857344324988,0.0028270646561614488
1,600,190,occ_plus_mean,1.254857344324988,0.00761865514125204
1,600,190,oracle_tail,1.254857344324988,-0.007797971990509467
1,600,190,complete_rollout,1.254857344324988,0.02563046055306084
1,600,191,uniform,1.254857344324988,-0.00940423363394105
1,600,191,learned_occupancy,1.254857344324988,-0.013013652458198077
1,600,191,learned_mean,1.254857344324988,-0.0008452542468662116
1,600,191,tis,1.254857344324988,-0.0039574685867276305
1,600,191,tis_anchored,1.254857344324988,-0.0047645244362586325
1,600,191,occ_plus_uniform,1.254857344324988,-0.00894559616827495
1,600,191,occ_plus_mean,1.254857344324988,-0.002365443143556245
1,600,191,oracle_tail,1.254857344324988,0.0007622740382353665
1,600,191,complete_rollout,1.254857344324988,0.015874362992085223
1,600,192,uniform,1.254857344324988,0.0076417494762508476
1,600,192,learned_occupancy,1.254857344324988,0.0015663909887948524
1,600,192,learned_mean,1.254857344324988,-0.0007055734224490351
1,600,192,tis,1.254857344324988,-0.002360701822515132
1,600,192,tis_anchored,1.254857344324988,0.013930092690512152
1,600,192,occ_plus_uniform,1.254857344324988,0.00906556075870757
1,600,192,occ_plus_mean,1.254857344324988,-0.0022644889362859466
1,600,192,oracle_tail,1.254857344324988,-0.0005495616610899923
1,600,192,complete_rollout,1.254857344324988,0.02563046055306084
1,600,193,uniform,1.254857344324988,-0.012461349502060681
1,600,193,learned_occupancy,1.254857344324988,-0.002453989877799323
1,600,193,learned_mean,1.254857344324988,-0.003478491775196879
1,600,193,tis,1.254857344324988,0.0022627157365939787
1,600,193,tis_anchored,1.254857344324988,-0.008105748776227273
1,600,193,occ_plus_uniform,1.254857344324988,-0.015056157944318471
1,600,193,occ_plus_mean,1.254857344324988,-0.005178778696183661
1,600,193,oracle_tail,1.254857344324988,-0.0006241002445295241
1,600,193,complete_rollout,1.254857344324988,-0.044288238633931165
1,600,194,uniform,1.254857344324988,0.025470923804829404
1,600,194,learned_occupancy,1.254857344324988,0.0021193914687540616
1,600,194,learned_mean,1.254857344324988,0.010680245880294592
1,600,194,tis,1.254857344324988,0.02375378313070331
1,600,194,tis_anchored,1.254857344324988,0.01704297502710328
1,600,194,occ_plus_uniform,1.254857344324988,0.012601819479291176
1,600,194,occ_plus_mean,1.254857344324988,0.007822323971862888
1,600,194,oracle_tail,1.254857344324988,0.013595857180328297
1,600,194,complete_rollout,1.254857344324988,0.0012402166506217949
1,600,195,uniform,1.254857344324988,-0.02854819286416288
1,600,195,learned_occupancy,1.254857344324988,-0.019953984694406568
1,600,195,learned_mean,1.254857344324988,-0.02111057378587855
1,600,195,tis,1.254857344324988,-0.010450251593007165
1,600,195,tis_anchored,1.254857344324988,-0.02029398618641487
1,600,195,occ_plus_uniform,1.254857344324988,-0.025350301529670993
1,600,195,occ_plus_mean,1.254857344324988,-0.018193853111652336
1,600,195,oracle_tail,1.254857344324988,-0.006930281170720143
1,600,195,complete_rollout,1.254857344324988,0.0435166394148494
1,600,196,uniform,1.254857344324988,0.0040719745621145
1,600,196,learned_occupancy,1.254857344324988,-0.008505108199460265
1,600,196,learned_mean,1.254857344324988,-0.000553993316894541
1,600,196,tis,1.254857344324988,0.006336125858959374
1,600,196,tis_anchored,1.254857344324988,0.00203416952515334
1,600,196,occ_plus_uniform,1.254857344324988,-0.001629518550676723
1,600,196,occ_plus_mean,1.254857344324988,-0.0027857569819425
1,600,196,oracle_tail,1.254857344324988,0.006614028774925451
1,600,196,complete_rollout,1.254857344324988,-0.0101418971705165
1,600,197,uniform,1.254857344324988,0.004595048817784164
1,600,197,learned_occupancy,1.254857344324988,-0.0009540890656589696
1,600,197,learned_mean,1.254857344324988,0.0030455145603554
1,600,197,tis,1.254857344324988,0.009668382675623644
1,600,197,tis_anchored,1.254857344324988,0.00938885308335946
1,600,197,occ_plus_uniform,1.254857344324988,-0.0020027924292003174
1,600,197,occ_plus_mean,1.254857344324988,0.0027068355673156574
1,600,197,oracle_tail,1.254857344324988,0.01093331539724951
1,600,197,complete_rollout,1.254857344324988,0.007744281691272281
1,600,198,uniform,1.254857344324988,0.002473914262948629
1,600,198,learned_occupancy,1.254857344324988,-0.005421190611479165
1,600,198,learned_mean,1.254857344324988,0.0013050237216427618
1,600,198,tis,1.254857344324988,-0.01443702961113802
1,600,198,tis_anchored,1.254857344324988,-0.0007443178435508901
1,600,198,occ_plus_uniform,1.254857344324988,-0.004663408789274515
1,600,198,occ_plus_mean,1.254857344324988,-0.006059299135476204
1,600,198,oracle_tail,1.254857344324988,-0.00850813966188535
1,600,198,complete_rollout,1.254857344324988,0.007744281691272281
1,600,199,uniform,1.254857344324988,0.0062368578147837805
1,600,199,learned_occupancy,1.254857344324988,0.004954634296371552
1,600,199,learned_mean,1.254857344324988,0.0059772767121502035
1,600,199,tis,1.254857344324988,-0.005386814731315415
1,600,199,tis_anchored,1.254857344324988,-0.006909790614681333
1,600,199,occ_plus_uniform,1.254857344324988,0.0022135240056577743
1,600,199,occ_plus_mean,1.254857344324988,0.007466405177160684
1,600,199,oracle_tail,1.254857344324988,-0.004035673641426651
1,600,199,complete_rollout,1.254857344324988,-0.0020118158697033373
1,600,200,uniform,1.254857344324988,-0.02632552156577561
1,600,200,learned_occupancy,1.254857344324988,-0.024304540619040083
1,600,200,learned_mean,1.254857344324988,-0.026452389893549366
1,600,200,tis,1.254857344324988,-0.016154254677668067
1,600,200,tis_anchored,1.254857344324988,-0.023770052176177225
1,600,200,occ_plus_uniform,1.254857344324988,-0.030176159753396492
1,600,200,occ_plus_mean,1.254857344324988,-0.02269860265484147
1,600,200,oracle_tail,1.254857344324988,-0.017427715870674598
1,600,200,complete_rollout,1.254857344324988,-0.04591425489409362
1,600,201,uniform,1.254857344324988,-0.011205058541472468
1,600,201,learned_occupancy,1.254857344324988,-0.02464561842644919
1,600,201,learned_mean,1.254857344324988,-0.017568169908248166
1,600,201,tis,1.254857344324988,-0.01616252508507454
1,600,201,tis_anchored,1.254857344324988,-0.015401347412789423
1,600,201,occ_plus_uniform,1.254857344324988,-0.019708252648624303
1,600,201,occ_plus_mean,1.254857344324988,-0.019841683459647763
1,600,201,oracle_tail,1.254857344324988,-0.02089567891268107
1,600,201,complete_rollout,1.254857344324988,0.03050850933354865
1,600,202,uniform,1.254857344324988,0.010113544317301493
1,600,202,learned_occupancy,1.254857344324988,0.0038879687805959406
1,600,202,learned_mean,1.254857344324988,0.0071481752725848224
1,600,202,tis,1.254857344324988,0.007570347785386788
1,600,202,tis_anchored,1.254857344324988,0.00874315645188295
1,600,202,occ_plus_uniform,1.254857344324988,0.00814971482959348
1,600,202,occ_plus_mean,1.254857344324988,0.007125084537055404
1,600,202,oracle_tail,1.254857344324988,0.011582881043652016
1,600,202,complete_rollout,1.254857344324988,0.03538655811403646
1,600,203,uniform,1.254857344324988,-0.006642127226143213
1,600,203,learned_occupancy,1.254857344324988,-0.009709014422066176
1,600,203,learned_mean,1.254857344324988,-0.007715933192049551
1,600,203,tis,1.254857344324988,-0.0015157074062557285
1,600,203,tis_anchored,1.254857344324988,0.00253586559504293
1,600,203,occ_plus_uniform,1.254857344324988,-0.008227271870981268
1,600,203,occ_plus_mean,1.254857344324988,-0.0074466000682664735
1,600,203,oracle_tail,1.254857344324988,0.0003858581464886157
1,600,203,complete_rollout,1.254857344324988,-0.01501994595100431
1,600,204,uniform,1.254857344324988,-0.02464631538927442
1,600,204,learned_occupancy,1.254857344324988,-0.017298830413746913
1,600,204,learned_mean,1.254857344324988,-0.017184056786816004
1,600,204,tis,1.254857344324988,-0.013768170864727036
1,600,204,tis_anchored,1.254857344324988,-0.015445119478521452
1,600,204,occ_plus_uniform,1.254857344324988,-0.024702125021711874
1,600,204,occ_plus_mean,1.254857344324988,-0.0201193305966052
1,600,204,oracle_tail,1.254857344324988,-0.007919412387225044
1,600,204,complete_rollout,1.254857344324988,-0.0003857996095408822
1,600,205,uniform,1.254857344324988,-0.018504200326421527
1,600,205,learned_occupancy,1.254857344324988,-0.009213325253296656
1,600,205,learned_mean,1.254857344324988,-0.01308761784151291
1,600,205,tis,1.254857344324988,-0.006635700181508941
1,600,205,tis_anchored,1.254857344324988,-0.0026936518271887255
1,600,205,occ_plus_uniform,1.254857344324988,-0.006521002885257365
1,600,205,occ_plus_mean,1.254857344324988,-0.013288152343555515
1,600,205,oracle_tail,1.254857344324988,-0.009530998391352075
1,600,205,complete_rollout,1.254857344324988,0.0175003792522479
1,600,206,uniform,1.254857344324988,0.008599911068878807
1,600,206,learned_occupancy,1.254857344324988,0.014605185457187364
1,600,206,learned_mean,1.254857344324988,0.015280699527475017
1,600,206,tis,1.254857344324988,0.0027638156683373882
1,600,206,tis_anchored,1.254857344324988,0.009082142228550083
1,600,206,occ_plus_uniform,1.254857344324988,0.021666636569443343
1,600,206,occ_plus_mean,1.254857344324988,0.015863440842248888
1,600,206,oracle_tail,1.254857344324988,0.005845258693890187
1,600,206,complete_rollout,1.254857344324988,-0.0036378321298660143
1,600,207,uniform,1.254857344324988,0.00595404358732754
1,600,207,learned_occupancy,1.254857344324988,0.008330344149664048
1,600,207,learned_mean,1.254857344324988,0.00534480300168827
1,600,207,tis,1.254857344324988,0.012275538745355474
1,600,207,tis_anchored,1.254857344324988,0.02211185504004276
1,600,207,occ_plus_uniform,1.254857344324988,0.007815909506734942
1,600,207,occ_plus_mean,1.254857344324988,0.011676671729885069
1,600,207,oracle_tail,1.254857344324988,0.012996691642356062
1,600,207,complete_rollout,1.254857344324988,-0.044288238633931165
1,600,208,uniform,1.254857344324988,0.009075384654877672
1,600,208,learned_occupancy,1.254857344324988,0.006756401898029507
1,600,208,learned_mean,1.254857344324988,0.005325272980760021
1,600,208,tis,1.254857344324988,0.0052588486201421425
1,600,208,tis_anchored,1.254857344324988,0.007366730426638268
1,600,208,occ_plus_uniform,1.254857344324988,0.006912356529034991
1,600,208,occ_plus_mean,1.254857344324988,0.0021677839582932013
1,600,208,oracle_tail,1.254857344324988,0.010006308460635438
1,600,208,complete_rollout,1.254857344324988,-0.01501994595100431
1,600,209,uniform,1.254857344324988,0.0176930916193625
1,600,209,learned_occupancy,1.254857344324988,0.019947169268767384
1,600,209,learned_mean,1.254857344324988,0.020618851402465443
1,600,209,tis,1.254857344324988,0.006973995239079711
1,600,209,tis_anchored,1.254857344324988,0.021808107148657996
1,600,209,occ_plus_uniform,1.254857344324988,0.01448247078101561
1,600,209,occ_plus_mean,1.254857344324988,0.020675327362343232
1,600,209,oracle_tail,1.254857344324988,0.006153953230173981
1,600,209,complete_rollout,1.254857344324988,0.03213452559371133
1,600,210,uniform,1.254857344324988,-0.010595054090951628
1,600,210,learned_occupancy,1.254857344324988,-0.005463982199977568
1,600,210,learned_mean,1.254857344324988,-0.009630184334629366
1,600,210,tis,1.254857344324988,0.0015420200662397132
1,600,210,tis_anchored,1.254857344324988,-0.011607271479288528
1,600,210,occ_plus_uniform,1.254857344324988,0.005119268317724579
1,600,210,occ_plus_mean,1.254857344324988,-0.006542792832606725
1,600,210,oracle_tail,1.254857344324988,-0.0013295819452854296
1,600,210,complete_rollout,1.254857344324988,-0.0101418971705165
1,600,211,uniform,1.254857344324988,0.010474316585690202
1,600,211,learned_occupancy,1.254857344324988,0.012512117112291499
1,600,211,learned_mean,1.254857344324988,0.0040738595917306775
1,600,211,tis,1.254857344324988,0.006345250342243203
1,600,211,tis_anchored,1.254857344324988,0.013896948566153533
1,600,211,occ_plus_uniform,1.254857344324988,0.013610863780378901
1,600,211,occ_plus_mean,1.254857344324988,0.009918231208100536
1,600,211,oracle_tail,1.254857344324988,-0.003973234098069378
1,600,211,complete_rollout,1.254857344324988,-0.013393929690841633
1,600,212,uniform,1.254857344324988,-0.014975696933083205
1,600,212,learned_occupancy,1.254857344324988,-0.008938158339781843
1,600,212,learned_mean,1.254857344324988,-0.007459156255152699
1,600,212,tis,1.254857344324988,-0.01339415243090758
1,600,212,tis_anchored,1.254857344324988,-0.01568029620652256
1,600,212,occ_plus_uniform,1.254857344324988,-0.014089418438362866
1,600,212,occ_plus_mean,1.254857344324988,-0.005763966706139545
1,600,212,oracle_tail,1.254857344324988,-0.010242496887159724
1,600,212,complete_rollout,1.254857344324988,-0.04591425489409362
1,600,213,uniform,1.254857344324988,0.017266630085525758
1,600,213,learned_occupancy,1.254857344324988,0.014042828046945566
1,600,213,learned_mean,1.254857344324988,0.013796099604717948
1,600,213,tis,1.254857344324988,0.015500232913514322
1,600,213,tis_anchored,1.254857344324988,0.010934479769204586
1,600,213,occ_plus_uniform,1.254857344324988,0.010593552845945098
1,600,213,occ_plus_mean,1.254857344324988,0.018203563854545246
1,600,213,oracle_tail,1.254857344324988,0.011209855291371085
1,600,213,complete_rollout,1.254857344324988,0.03863859063436159
1,600,214,uniform,1.254857344324988,-0.0013995689948369527
1,600,214,learned_occupancy,1.254857344324988,-0.006639111588730984
1,600,214,learned_mean,1.254857344324988,-0.004147504552116876
1,600,214,tis,1.254857344324988,0.0018569515575350692
1,600,214,tis_anchored,1.254857344324988,-0.0004946471333342473
1,600,214,occ_plus_uniform,1.254857344324988,0.00048552156071357544
1,600,214,occ_plus_mean,1.254857344324988,-0.0030017690892643056
1,600,214,oracle_tail,1.254857344324988,-0.0005751804842568653
1,600,214,complete_rollout,1.254857344324988,-0.03453214107295555
1,600,215,uniform,1.254857344324988,-0.009777858078648727
1,600,215,learned_occupancy,1.254857344324988,-0.00827051800233014
1,600,215,learned_mean,1.254857344324988,-0.0048881955851916015
1,600,215,tis,1.254857344324988,0.00868463916507567
1,600,215,tis_anchored,1.254857344324988,0.00306410974513871
1,600,215,occ_plus_uniform,1.254857344324988,0.0013204180436523494
1,600,215,occ_plus_mean,1.254857344324988,-0.0046705965256110815
1,600,215,oracle_tail,1.254857344324988,0.0028647555404119895
1,600,215,complete_rollout,1.254857344324988,0.01262233047176009
1,600,216,uniform,1.254857344324988,-0.02546914475841522
1,600,216,learned_occupancy,1.254857344324988,-0.012345554785837098
1,600,216,learned_mean,1.254857344324988,-0.019036931977526095
1,600,216,tis,1.254857344324988,-0.012543222074492322
1,600,216,tis_anchored,1.254857344324988,-0.011538214829853732
1,600,216,occ_plus_uniform,1.254857344324988,-0.023077475865048047
1,600,216,occ_plus_mean,1.254857344324988,-0.012909021800519893
1,600,216,oracle_tail,1.254857344324988,-0.008870908017503787
1,600,216,complete_rollout,1.254857344324988,-0.013393929690841633
1,600,217,uniform,1.254857344324988,-0.01707866097003219
1,600,217,learned_occupancy,1.254857344324988,-0.009976901663933502
1,600,217,learned_mean,1.254857344324988,-0.01030940649303913
1,600,217,tis,1.254857344324988,-0.005870174318291843
1,600,217,tis_anchored,1.254857344324988,-0.004574890532896392
1,600,217,occ_plus_uniform,1.254857344324988,-0.010047010945688495
1,600,217,occ_plus_mean,1.254857344324988,-0.010878907164479923
1,600,217,oracle_tail,1.254857344324988,-0.01141881401030087
1,600,217,complete_rollout,1.254857344324988,0.007744281691272281
1,600,218,uniform,1.254857344324988,0.0007000314823764064
1,600,218,learned_occupancy,1.254857344324988,0.011555402736056264
1,600,218,learned_mean,1.254857344324988,0.013374869020564617
1,600,218,tis,1.254857344324988,0.011604088914164423
1,600,218,tis_anchored,1.254857344324988,0.010188356044688707
1,600,218,occ_plus_uniform,1.254857344324988,0.0068860925705824805
1,600,218,occ_plus_mean,1.254857344324988,0.01247530261527885
1,600,218,oracle_tail,1.254857344324988,0.008828668672346884
1,600,218,complete_rollout,1.254857344324988,0.02075241177257303
1,600,219,uniform,1.254857344324988,-0.0070857410304348
1,600,219,learned_occupancy,1.254857344324988,0.001997737672019273
1,600,219,learned_mean,1.254857344324988,-0.010273850212815683
1,600,219,tis,1.254857344324988,-0.005142926625633093
1,600,219,tis_anchored,1.254857344324988,-0.003494358179104262
1,600,219,occ_plus_uniform,1.254857344324988,-0.0032830752823609366
1,600,219,occ_plus_mean,1.254857344324988,-0.0053757785301939975
1,600,219,oracle_tail,1.254857344324988,-0.002445653945774673
1,600,219,complete_rollout,1.254857344324988,-0.01501994595100431
1,600,220,uniform,1.254857344324988,0.009518468747868436
1,600,220,learned_occupancy,1.254857344324988,0.005055942975322525
1,600,220,learned_mean,1.254857344324988,0.009658634985548309
1,600,220,tis,1.254857344324988,0.014405649335491821
1,600,220,tis_anchored,1.254857344324988,0.012233359188158932
1,600,220,occ_plus_uniform,1.254857344324988,0.006629139950020013
1,600,220,occ_plus_mean,1.254857344324988,0.005767108608380367
1,600,220,oracle_tail,1.254857344324988,0.012603248242636145
1,600,220,complete_rollout,1.254857344324988,-0.01989799473149212
1,600,221,uniform,1.254857344324988,-0.0050976062845926595
1,600,221,learned_occupancy,1.254857344324988,0.0016853116377064659
1,600,221,learned_mean,1.254857344324988,0.0022777505931039776
1,600,221,tis,1.254857344324988,-0.006475493180356562
1,600,221,tis_anchored,1.254857344324988,-0.003612470404875223
1,600,221,occ_plus_uniform,1.254857344324988,-0.0015008202331028286
1,600,221,occ_plus_mean,1.254857344324988,0.0004542541100265307
1,600,221,oracle_tail,1.254857344324988,-0.005809190596213654
1,600,221,complete_rollout,1.254857344324988,0.009370297951434736
1,600,222,uniform,1.254857344324988,-0.03696950084257988
1,600,222,learned_occupancy,1.254857344324988,-0.026882105098118725
1,600,222,learned_mean,1.254857344324988,-0.02507562777134842
1,600,222,tis,1.254857344324988,-0.02433415494133362
1,600,222,tis_anchored,1.254857344324988,-0.02491266185878871
1,600,222,occ_plus_uniform,1.254857344324988,-0.029308395249275865
1,600,222,occ_plus_mean,1.254857344324988,-0.02603743518128221
1,600,222,oracle_tail,1.254857344324988,-0.021799999989546848
1,600,222,complete_rollout,1.254857344324988,0.007744281691272281
1,600,223,uniform,1.254857344324988,0.028295717035002887
1,600,223,learned_occupancy,1.254857344324988,0.01700241131028113
1,600,223,learned_mean,1.254857344324988,0.019717553743195282
1,600,223,tis,1.254857344324988,0.008060400751059404
1,600,223,tis_anchored,1.254857344324988,0.007802313467174082
1,600,223,occ_plus_uniform,1.254857344324988,0.024909868200253538
1,600,223,occ_plus_mean,1.254857344324988,0.023108454803567602
1,600,223,oracle_tail,1.254857344324988,0.0026050479549057926
1,600,223,complete_rollout,1.254857344324988,-0.013393929690841633
1,600,224,uniform,1.254857344324988,-0.002083377044817425
1,600,224,learned_occupancy,1.254857344324988,-0.0017172481598863865
1,600,224,learned_mean,1.254857344324988,-0.002392007799000506
1,600,224,tis,1.254857344324988,0.001140447932298727
1,600,224,tis_anchored,1.254857344324988,-0.001383321579574881
1,600,224,occ_plus_uniform,1.254857344324988,-0.00466327937419142
1,600,224,occ_plus_mean,1.254857344324988,0.0017405022440581952
1,600,224,oracle_tail,1.254857344324988,0.004190017991737571
1,600,224,complete_rollout,1.254857344324988,-0.016645962211166765
1,600,225,uniform,1.254857344324988,0.02196306327529829
1,600,225,learned_occupancy,1.254857344324988,0.01689448956025652
1,600,225,learned_mean,1.254857344324988,0.010646196913330908
1,600,225,tis,1.254857344324988,0.01651998085805184
1,600,225,tis_anchored,1.254857344324988,0.021809221472396167
1,600,225,occ_plus_uniform,1.254857344324988,0.02069101719875399
1,600,225,occ_plus_mean,1.254857344324988,0.01203035840917921
1,600,225,oracle_tail,1.254857344324988,0.016281083323140155
1,600,225,complete_rollout,1.254857344324988,0.028882493073385973
1,600,226,uniform,1.254857344324988,-0.008929281237063158
1,600,226,learned_occupancy,1.254857344324988,-0.002808427450035511
1,600,226,learned_mean,1.254857344324988,-0.014488690316927455
1,600,226,tis,1.254857344324988,-0.0028254623975283444
1,600,226,tis_anchored,1.254857344324988,-0.00028457034374995693
1,600,226,occ_plus_uniform,1.254857344324988,-0.009532958899272526
1,600,226,occ_plus_mean,1.254857344324988,-0.00943459149969561
1,600,226,oracle_tail,1.254857344324988,-0.002579945952670748
1,600,226,complete_rollout,1.254857344324988,-0.0068898646501911465
1,600,227,uniform,1.254857344324988,-0.0062468195921860925
1,600,227,learned_occupancy,1.254857344324988,-0.01327502900462596
1,600,227,learned_mean,1.254857344324988,-0.015255383097896758
1,600,227,tis,1.254857344324988,-0.005211994354150207
1,600,227,tis_anchored,1.254857344324988,-0.01971205810200316
1,600,227,occ_plus_uniform,1.254857344324988,-0.006114702039587527
1,600,227,occ_plus_mean,1.254857344324988,-0.015661536281722288
1,600,227,oracle_tail,1.254857344324988,-0.0026274754942683387
1,600,227,complete_rollout,1.254857344324988,-0.008515880910353824
1,600,228,uniform,1.254857344324988,0.01659539078478267
1,600,228,learned_occupancy,1.254857344324988,0.002820681308683959
1,600,228,learned_mean,1.254857344324988,0.004064859695533052
1,600,228,tis,1.254857344324988,0.01592645161253836
1,600,228,tis_anchored,1.254857344324988,0.013751390440102096
1,600,228,occ_plus_uniform,1.254857344324988,0.011724518430411335
1,600,228,occ_plus_mean,1.254857344324988,0.001677609752756215
1,600,228,oracle_tail,1.254857344324988,0.005479224584883369
1,600,228,complete_rollout,1.254857344324988,0.004492249170946927
1,600,229,uniform,1.254857344324988,0.010043174174140024
1,600,229,learned_occupancy,1.254857344324988,0.01399055838886265
1,600,229,learned_mean,1.254857344324988,0.009672713380658449
1,600,229,tis,1.254857344324988,0.003054827354104006
1,600,229,tis_anchored,1.254857344324988,0.0027669237382632605
1,600,229,occ_plus_uniform,1.254857344324988,0.011412418348612396
1,600,229,occ_plus_mean,1.254857344324988,0.01228510499605906
1,600,229,oracle_tail,1.254857344324988,0.0012614302987410397
1,600,229,complete_rollout,1.254857344324988,-0.011767913430678956
1,600,230,uniform,1.254857344324988,0.0057649611329710915
1,600,230,learned_occupancy,1.254857344324988,0.004730447714917485
1,600,230,learned_mean,1.254857344324988,0.0037123986647407126
1,600,230,tis,1.254857344324988,0.012642460731230543
1,600,230,tis_anchored,1.254857344324988,0.008094277407881822
1,600,230,occ_plus_uniform,1.254857344324988,-4.448656451350175e-05
1,600,230,occ_plus_mean,1.254857344324988,0.0026002863246150643
1,600,230,oracle_tail,1.254857344324988,0.005267931904032741
1,600,230,complete_rollout,1.254857344324988,0.014248346731922545
1,600,231,uniform,1.254857344324988,-0.013591900968791482
1,600,231,learned_occupancy,1.254857344324988,-0.014091062460015236
1,600,231,learned_mean,1.254857344324988,-0.02158165948678592
1,600,231,tis,1.254857344324988,-0.017921695330483267
1,600,231,tis_anchored,1.254857344324988,-0.011281818440798785
1,600,231,occ_plus_uniform,1.254857344324988,-0.0074109704354969885
1,600,231,occ_plus_mean,1.254857344324988,-0.014121211522631238
1,600,231,oracle_tail,1.254857344324988,-0.019443969990897925
1,600,231,complete_rollout,1.254857344324988,-0.0020118158697033373
1,600,232,uniform,1.254857344324988,-0.0009826318674923673
1,600,232,learned_occupancy,1.254857344324988,-0.007563111348377838
1,600,232,learned_mean,1.254857344324988,-0.009404963732297489
1,600,232,tis,1.254857344324988,0.000643765485189185
1,600,232,tis_anchored,1.254857344324988,0.002208561003491205
1,600,232,occ_plus_uniform,1.254857344324988,-0.0033477553414127392
1,600,232,occ_plus_mean,1.254857344324988,-0.010688424370711047
1,600,232,oracle_tail,1.254857344324988,0.006125983959498926
1,600,232,complete_rollout,1.254857344324988,-0.0101418971705165
1,600,233,uniform,1.254857344324988,-0.02194539662888162
1,600,233,learned_occupancy,1.254857344324988,-0.01872030521458168
1,600,233,learned_mean,1.254857344324988,-0.02401776917152576
1,600,233,tis,1.254857344324988,0.0008039653954057258
1,600,233,tis_anchored,1.254857344324988,-0.007442022425713013
1,600,233,occ_plus_uniform,1.254857344324988,-0.016853199970883637
1,600,233,occ_plus_mean,1.254857344324988,-0.0241405674313786
1,600,233,oracle_tail,1.254857344324988,0.003283460206146893
1,600,233,complete_rollout,1.254857344324988,0.01262233047176009
1,600,234,uniform,1.254857344324988,0.006227818532304363
1,600,234,learned_occupancy,1.254857344324988,0.015951522791445738
1,600,234,learned_mean,1.254857344324988,0.011470434381276595
1,600,234,tis,1.254857344324988,0.002218510141448249
1,600,234,tis_anchored,1.254857344324988,0.0046209775186656366
1,600,234,occ_plus_uniform,1.254857344324988,0.013692109369263905
1,600,234,occ_plus_mean,1.254857344324988,0.013692798441237386
1,600,234,oracle_tail,1.254857344324988,-0.0013969928208752425
1,600,234,complete_rollout,1.254857344324988,0.006118265431109604
1,600,235,uniform,1.254857344324988,-0.04857203197514903
1,600,235,learned_occupancy,1.254857344324988,-0.042884413143545075
1,600,235,learned_mean,1.254857344324988,-0.04302817548174298
1,600,235,tis,1.254857344324988,-0.032028657399490124
1,600,235,tis_anchored,1.254857344324988,-0.04262368682852369
1,600,235,occ_plus_uniform,1.254857344324988,-0.04323495378453179
1,600,235,occ_plus_mean,1.254857344324988,-0.045188488302869034
1,600,235,oracle_tail,1.254857344324988,-0.03230940816098138
1,600,235,complete_rollout,1.254857344324988,0.03538655811403646
1,600,236,uniform,1.254857344324988,0.008071611741338858
1,600,236,learned_occupancy,1.254857344324988,0.007704746017795028
1,600,236,learned_mean,1.254857344324988,0.011539491931692902
1,600,236,tis,1.254857344324988,0.004384999275284462
1,600,236,tis_anchored,1.254857344324988,0.008353378970836989
1,600,236,occ_plus_uniform,1.254857344324988,0.009675247397468834
1,600,236,occ_plus_mean,1.254857344324988,0.008634936276388894
1,600,236,oracle_tail,1.254857344324988,0.004767207524475792
1,600,236,complete_rollout,1.254857344324988,-0.01989799473149212
1,600,237,uniform,1.254857344324988,-0.0007561681047676405
1,600,237,learned_occupancy,1.254857344324988,-0.008168030694183148
1,600,237,learned_mean,1.254857344324988,-0.0064786724149705766
1,600,237,tis,1.254857344324988,0.01371812960929164
1,600,237,tis_anchored,1.254857344324988,0.008018799544380117
1,600,237,occ_plus_uniform,1.254857344324988,-0.0036942878376071686
1,600,237,occ_plus_mean,1.254857344324988,-0.008782833586291616
1,600,237,oracle_tail,1.254857344324988,0.005982754999611872
1,600,237,complete_rollout,1.254857344324988,0.024004444292898164
1,600,238,uniform,1.254857344324988,-0.003829172518662105
1,600,238,learned_occupancy,1.254857344324988,0.0023755604273094644
1,600,238,learned_mean,1.254857344324988,0.002789658505574888
1,600,238,tis,1.254857344324988,0.003215669072165417
1,600,238,tis_anchored,1.254857344324988,0.0030238116808118942
1,600,238,occ_plus_uniform,1.254857344324988,-0.00867460361776251
1,600,238,occ_plus_mean,1.254857344324988,-0.0005215163654741506
1,600,238,oracle_tail,1.254857344324988,0.0037612264743591695
1,600,238,complete_rollout,1.254857344324988,0.0012402166506217949
1,600,239,uniform,1.254857344324988,-0.012639179101587183
1,600,239,learned_occupancy,1.254857344324988,-0.0009566870655468573
1,600,239,learned_mean,1.254857344324988,-0.005293321027245224
1,600,239,tis,1.254857344324988,0.0027876812613858437
1,600,239,tis_anchored,1.254857344324988,-0.0010259294084091763
1,600,239,occ_plus_uniform,1.254857344324988,-0.004748639616737993
1,600,239,occ_plus_mean,1.254857344324988,-0.004365804661808692
1,600,239,oracle_tail,1.254857344324988,-0.004303350038102449
1,600,239,complete_rollout,1.254857344324988,0.006118265431109604
1,600,240,uniform,1.254857344324988,0.0028907718815196493
1,600,240,learned_occupancy,1.254857344324988,0.0061714657098241865
1,600,240,learned_mean,1.254857344324988,-0.003138425517158927
1,600,240,tis,1.254857344324988,0.007655383021705209
1,600,240,tis_anchored,1.254857344324988,0.00415849658767975
1,600,240,occ_plus_uniform,1.254857344324988,0.0020034037083069833
1,600,240,occ_plus_mean,1.254857344324988,0.0010602193012407835
1,600,240,oracle_tail,1.254857344324988,0.0050180912141082334
1,600,240,complete_rollout,1.254857344324988,-0.01501994595100431
1,600,241,uniform,1.254857344324988,-0.005996017417787769
1,600,241,learned_occupancy,1.254857344324988,0.004645411246717579
1,600,241,learned_mean,1.254857344324988,0.001131774591776491
1,600,241,tis,1.254857344324988,-0.005668071269008479
1,600,241,tis_anchored,1.254857344324988,-0.006569839741038308
1,600,241,occ_plus_uniform,1.254857344324988,0.006383810979907034
1,600,241,occ_plus_mean,1.254857344324988,0.0032072863438257215
1,600,241,oracle_tail,1.254857344324988,-0.006962327980825966
1,600,241,complete_rollout,1.254857344324988,-0.0475402711542563
1,600,242,uniform,1.254857344324988,-0.005133622689683648
1,600,242,learned_occupancy,1.254857344324988,-0.0022849737956218696
1,600,242,learned_mean,1.254857344324988,-0.005569650395734316
1,600,242,tis,1.254857344324988,-0.0024304918318827085
1,600,242,tis_anchored,1.254857344324988,-0.015819706993093874
1,600,242,occ_plus_uniform,1.254857344324988,-0.005123509494028955
1,600,242,occ_plus_mean,1.254857344324988,-0.005486287071101659
1,600,242,oracle_tail,1.254857344324988,0.001242614282708443
1,600,242,complete_rollout,1.254857344324988,-0.02315002725181725
1,600,243,uniform,1.254857344324988,-0.005320902609646794
1,600,243,learned_occupancy,1.254857344324988,-0.006574962194249023
1,600,243,learned_mean,1.254857344324988,-0.0049605127449194875
1,600,243,tis,1.254857344324988,0.0002872531472897233
1,600,243,tis_anchored,1.254857344324988,-0.005724240309313178
1,600,243,occ_plus_uniform,1.254857344324988,-0.011642948248315577
1,600,243,occ_plus_mean,1.254857344324988,-0.003964510769082885
1,600,243,oracle_tail,1.254857344324988,-5.920078484433766e-05
1,600,243,complete_rollout,1.254857344324988,-0.01501994595100431
1,600,244,uniform,1.254857344324988,0.005260237315305449
1,600,244,learned_occupancy,1.254857344324988,0.0072829637152271864
1,600,244,learned_mean,1.254857344324988,0.013673337297734678
1,600,244,tis,1.254857344324988,0.015691818685229064
1,600,244,tis_anchored,1.254857344324988,0.02307253162206524
1,600,244,occ_plus_uniform,1.254857344324988,0.007718094613399673
1,600,244,occ_plus_mean,1.254857344324988,0.011410650802143874
1,600,244,oracle_tail,1.254857344324988,0.012597341990720157
1,600,244,complete_rollout,1.254857344324988,-0.026402059772142383
1,600,245,uniform,1.254857344324988,-0.009072724828748102
1,600,245,learned_occupancy,1.254857344324988,-0.0019773936844669215
1,600,245,learned_mean,1.254857344324988,0.00040686926861077666
1,600,245,tis,1.254857344324988,0.002881562211555444
1,600,245,tis_anchored,1.254857344324988,0.0006365909574015394
1,600,245,occ_plus_uniform,1.254857344324988,-0.004124580801021516
1,600,245,occ_plus_mean,1.254857344324988,0.0005453712003302691
1,600,245,oracle_tail,1.254857344324988,0.002812504919748715
1,600,245,complete_rollout,1.254857344324988,-0.029654092292467737
1,600,246,uniform,1.254857344324988,-0.014460178508504562
1,600,246,learned_occupancy,1.254857344324988,-0.009890009968668956
1,600,246,learned_mean,1.254857344324988,-0.00193607907341109
1,600,246,tis,1.254857344324988,0.002926142908376672
1,600,246,tis_anchored,1.254857344324988,0.0012562767453296875
1,600,246,occ_plus_uniform,1.254857344324988,-0.022543092012156096
1,600,246,occ_plus_mean,1.254857344324988,-0.007932844166725905
1,600,246,oracle_tail,1.254857344324988,0.0051939101467806115
1,600,246,complete_rollout,1.254857344324988,0.0012402166506217949
1,600,247,uniform,1.254857344324988,0.0047947771668397365
1,600,247,learned_occupancy,1.254857344324988,-0.0020923408981203817
1,600,247,learned_mean,1.254857344324988,-0.0059930353894812605
1,600,247,tis,1.254857344324988,0.004970849528538546
1,600,247,tis_anchored,1.254857344324988,0.0016875783748711015
1,600,247,occ_plus_uniform,1.254857344324988,8.740305282262106e-05
1,600,247,occ_plus_mean,1.254857344324988,-0.004863436400695198
1,600,247,oracle_tail,1.254857344324988,0.004376627193554583
1,600,247,complete_rollout,1.254857344324988,-0.0068898646501911465
1,600,248,uniform,1.254857344324988,-0.010020838947700561
1,600,248,learned_occupancy,1.254857344324988,-0.006220332932765249
1,600,248,learned_mean,1.254857344324988,0.0013602248256239236
1,600,248,tis,1.254857344324988,-0.008179377977136415
1,600,248,tis_anchored,1.254857344324988,-0.012140557461200352
1,600,248,occ_plus_uniform,1.254857344324988,-0.012373639083157695
1,600,248,occ_plus_mean,1.254857344324988,-0.0044633845930217575
1,600,248,oracle_tail,1.254857344324988,-0.0020272481075394033
1,600,248,complete_rollout,1.254857344324988,0.085793062179077
1,600,249,uniform,1.254857344324988,2.6673866707849214e-05
1,600,249,learned_occupancy,1.254857344324988,0.01053484725541498
1,600,249,learned_mean,1.254857344324988,0.00718784180583576
1,600,249,tis,1.254857344324988,0.0015901757215932566
1,600,249,tis_anchored,1.254857344324988,0.0008753310860480923
1,600,249,occ_plus_uniform,1.254857344324988,0.005113823642473259
1,600,249,occ_plus_mean,1.254857344324988,0.005156162611442916
1,600,249,oracle_tail,1.254857344324988,-0.004991936328032409
1,600,249,complete_rollout,1.254857344324988,0.0012402166506217949
1,600,250,uniform,1.254857344324988,-0.0018808994367309761
1,600,250,learned_occupancy,1.254857344324988,-0.0011685428273866538
1,600,250,learned_mean,1.254857344324988,0.00014098424913688845
1,600,250,tis,1.254857344324988,0.009039170151032616
1,600,250,tis_anchored,1.254857344324988,0.00657221876222569
1,600,250,occ_plus_uniform,1.254857344324988,0.002871772247769133
1,600,250,occ_plus_mean,1.254857344324988,0.0016390374158326004
1,600,250,oracle_tail,1.254857344324988,0.012584872202209496
1,600,250,complete_rollout,1.254857344324988,-0.03290612481279287
1,600,251,uniform,1.254857344324988,0.008726595006397275
1,600,251,learned_occupancy,1.254857344324988,0.011293848331385137
1,600,251,learned_mean,1.254857344324988,0.0001044893500963262
1,600,251,tis,1.254857344324988,-0.004348621817129583
1,600,251,tis_anchored,1.254857344324988,0.002782653034141047
1,600,251,occ_plus_uniform,1.254857344324988,0.010739280269350893
1,600,251,occ_plus_mean,1.254857344324988,0.006361872829510062
1,600,251,oracle_tail,1.254857344324988,-0.005393189639165019
1,600,251,complete_rollout,1.254857344324988,0.010996314211597413
1,600,252,uniform,1.254857344324988,0.012397957648298652
1,600,252,learned_occupancy,1.254857344324988,0.004708843120861506
1,600,252,learned_mean,1.254857344324988,0.016513696124643484
1,600,252,tis,1.254857344324988,0.008551092573344743
1,600,252,tis_anchored,1.254857344324988,0.008791567102344855
1,600,252,occ_plus_uniform,1.254857344324988,0.017336579094501037
1,600,252,occ_plus_mean,1.254857344324988,0.0132019003061139
1,600,252,oracle_tail,1.254857344324988,0.00615805114259671
1,600,252,complete_rollout,1.254857344324988,-0.05404433619490656
1,600,253,uniform,1.254857344324988,-0.0037991700164714537
1,600,253,learned_occupancy,1.254857344324988,-0.007191503867303606
1,600,253,learned_mean,1.254857344324988,-0.017428405570780736
1,600,253,tis,1.254857344324988,0.0031025710777128346
1,600,253,tis_anchored,1.254857344324988,0.002003336201819028
1,600,253,occ_plus_uniform,1.254857344324988,-2.8275566092528237e-05
1,600,253,occ_plus_mean,1.254857344324988,-0.016764028711643064
1,600,253,oracle_tail,1.254857344324988,0.008728611652392138
1,600,253,complete_rollout,1.254857344324988,-0.013393929690841633
1,600,254,uniform,1.254857344324988,-0.003032424974994008
1,600,254,learned_occupancy,1.254857344324988,-0.002025417605445501
1,600,254,learned_mean,1.254857344324988,-0.006164663274571769
1,600,254,tis,1.254857344324988,-0.01387310689447352
1,600,254,tis_anchored,1.254857344324988,-0.005306658805142028
1,600,254,occ_plus_uniform,1.254857344324988,-0.00833036815342525
1,600,254,occ_plus_mean,1.254857344324988,-0.005236805067158512
1,600,254,oracle_tail,1.254857344324988,-0.013834312881986
1,600,254,complete_rollout,1.254857344324988,-0.01501994595100431
1,600,255,uniform,1.254857344324988,-0.022575912931342312
1,600,255,learned_occupancy,1.254857344324988,-0.025101594766503643
1,600,255,learned_mean,1.254857344324988,-0.022358062530074774
1,600,255,tis,1.254857344324988,-0.005001953235869383
1,600,255,tis_anchored,1.254857344324988,-0.012008878775815024
1,600,255,occ_plus_uniform,1.254857344324988,-0.031485714428041156
1,600,255,occ_plus_mean,1.254857344324988,-0.022797722548411503
1,600,255,oracle_tail,1.254857344324988,0.00011131004250475307
1,600,255,complete_rollout,1.254857344324988,0.0175003792522479
1,600,256,uniform,1.254857344324988,-0.007683663872609436
1,600,256,learned_occupancy,1.254857344324988,-0.011713250899493932
1,600,256,learned_mean,1.254857344324988,-0.012392530816549785
1,600,256,tis,1.254857344324988,-0.011858011345644348
1,600,256,tis_anchored,1.254857344324988,-0.007442633728141246
1,600,256,occ_plus_uniform,1.254857344324988,-0.00794310570269774
1,600,256,occ_plus_mean,1.254857344324988,-0.011572331020238469
1,600,256,oracle_tail,1.254857344324988,-0.009436294179586469
1,600,256,complete_rollout,1.254857344324988,-0.008515880910353824
1,600,257,uniform,1.254857344324988,0.011510309586770129
1,600,257,learned_occupancy,1.254857344324988,0.013751845341961833
1,600,257,learned_mean,1.254857344324988,0.008550870604419725
1,600,257,tis,1.254857344324988,0.0019750671138609732
1,600,257,tis_anchored,1.254857344324988,0.004061959646152191
1,600,257,occ_plus_uniform,1.254857344324988,0.017426926788209895
1,600,257,occ_plus_mean,1.254857344324988,0.011269669207605082
1,600,257,oracle_tail,1.254857344324988,0.006052149676851304
1,600,257,complete_rollout,1.254857344324988,-0.026402059772142383
1,600,258,uniform,1.254857344324988,0.0184672592589612
1,600,258,learned_occupancy,1.254857344324988,0.016830019689809017
1,600,258,learned_mean,1.254857344324988,0.010291128373414171
1,600,258,tis,1.254857344324988,0.012910828812418673
1,600,258,tis_anchored,1.254857344324988,0.016407433306822927
1,600,258,occ_plus_uniform,1.254857344324988,0.019253362852037936
1,600,258,occ_plus_mean,1.254857344324988,0.008529751870472557
1,600,258,oracle_tail,1.254857344324988,0.003002950803490112
1,600,258,complete_rollout,1.254857344324988,-0.03290612481279287
1,600,259,uniform,1.254857344324988,-0.011860019626315443
1,600,259,learned_occupancy,1.254857344324988,-0.01677921002561078
1,600,259,learned_mean,1.254857344324988,-0.019898168616736767
1,600,259,tis,1.254857344324988,-0.0029793129865338663
1,600,259,tis_anchored,1.254857344324988,-0.010914379111877981
1,600,259,occ_plus_uniform,1.254857344324988,-0.017753424467851886
1,600,259,occ_plus_mean,1.254857344324988,-0.015712855533136505
1,600,259,oracle_tail,1.254857344324988,0.00033732649984874463
1,600,259,complete_rollout,1.254857344324988,0.0012402166506217949
1,600,260,uniform,1.254857344324988,-0.0027739720210289143
1,600,260,learned_occupancy,1.254857344324988,0.0033936116434534203
1,600,260,learned_mean,1.254857344324988,-0.008467500732323607
1,600,260,tis,1.254857344324988,-0.010049644919778444
1,600,260,tis_anchored,1.254857344324988,-0.0075551179005424185
1,600,260,occ_plus_uniform,1.254857344324988,0.0018856853487274616
1,600,260,occ_plus_mean,1.254857344324988,-0.0005428752975338291
1,600,260,oracle_tail,1.254857344324988,-0.011062749677609673
1,600,260,complete_rollout,1.254857344324988,0.027256476813223518
1,600,261,uniform,1.254857344324988,-0.0033279028605750494
1,600,261,learned_occupancy,1.254857344324988,-0.006107623858772504
1,600,261,learned_mean,1.254857344324988,-0.008128526644617606
1,600,261,tis,1.254857344324988,-0.014196180513639689
1,600,261,tis_anchored,1.254857344324988,-0.013435521076529788
1,600,261,occ_plus_uniform,1.254857344324988,-0.005516728854149111
1,600,261,occ_plus_mean,1.254857344324988,-0.005614646646860066
1,600,261,oracle_tail,1.254857344324988,-0.00037950210570558696
1,600,261,complete_rollout,1.254857344324988,0.006118265431109604
1,600,262,uniform,1.254857344324988,-0.0001088762118968134
1,600,262,learned_occupancy,1.254857344324988,-0.011062308118764408
1,600,262,learned_mean,1.254857344324988,-0.017548884745388182
1,600,262,tis,1.254857344324988,-0.00566350643495106
1,600,262,tis_anchored,1.254857344324988,-0.008342532960243787
1,600,262,occ_plus_uniform,1.254857344324988,-0.0020222469174704383
1,600,262,occ_plus_mean,1.254857344324988,-0.012458916416225652
1,600,262,oracle_tail,1.254857344324988,-0.005645079293228994
1,600,262,complete_rollout,1.254857344324988,-0.02477604351197993
1,600,263,uniform,1.254857344324988,-0.004939562179205215
1,600,263,learned_occupancy,1.254857344324988,-0.00981656866250713
1,600,263,learned_mean,1.254857344324988,-0.012279805169988611
1,600,263,tis,1.254857344324988,-0.018806366776376038
1,600,263,tis_anchored,1.254857344324988,-0.024764753102613613
1,600,263,occ_plus_uniform,1.254857344324988,-0.011151621497208053
1,600,263,occ_plus_mean,1.254857344324988,-0.007034393332036704
1,600,263,oracle_tail,1.254857344324988,-0.018757945029550527
1,600,263,complete_rollout,1.254857344324988,-0.029654092292467737
1,600,264,uniform,1.254857344324988,-0.00584332460359871
1,600,264,learned_occupancy,1.254857344324988,-0.003908020614647345
1,600,264,learned_mean,1.254857344324988,0.003464473053728989
1,600,264,tis,1.254857344324988,0.011666106076522631
1,600,264,tis_anchored,1.254857344324988,0.0022557168707486586
1,600,264,occ_plus_uniform,1.254857344324988,-0.0021419001363649492
1,600,264,occ_plus_mean,1.254857344324988,-0.0011425096038493177
1,600,264,oracle_tail,1.254857344324988,0.013916370375833376
1,600,264,complete_rollout,1.254857344324988,0.03050850933354865
1,600,265,uniform,1.254857344324988,-0.0004254577918791913
1,600,265,learned_occupancy,1.254857344324988,-0.006911083127055129
1,600,265,learned_mean,1.254857344324988,-0.004330281662685342
1,600,265,tis,1.254857344324988,0.006118482599651198
1,600,265,tis_anchored,1.254857344324988,7.67033524873284e-06
1,600,265,occ_plus_uniform,1.254857344324988,-0.008608409686710283
1,600,265,occ_plus_mean,1.254857344324988,-0.0024769435088263236
1,600,265,oracle_tail,1.254857344324988,0.0067213300236237394
1,600,265,complete_rollout,1.254857344324988,-0.029654092292467737
1,600,266,uniform,1.254857344324988,0.01854323845878647
1,600,266,learned_occupancy,1.254857344324988,0.01715187082704661
1,600,266,learned_mean,1.254857344324988,0.019141593284442315
1,600,266,tis,1.254857344324988,0.023405368496697054
1,600,266,tis_anchored,1.254857344324988,0.026682030880521346
1,600,266,occ_plus_uniform,1.254857344324988,0.01908968073394579
1,600,266,occ_plus_mean,1.254857344324988,0.022793408448821273
1,600,266,oracle_tail,1.254857344324988,0.02611430716693164
1,600,266,complete_rollout,1.254857344324988,-0.0020118158697033373
1,600,267,uniform,1.254857344324988,-0.0040831347930732065
1,600,267,learned_occupancy,1.254857344324988,-0.012353341391865724
1,600,267,learned_mean,1.254857344324988,-0.011451240255323292
1,600,267,tis,1.254857344324988,-0.005546203496967772
1,600,267,tis_anchored,1.254857344324988,-0.003169290739041708
1,600,267,occ_plus_uniform,1.254857344324988,-0.011079936747167896
1,600,267,occ_plus_mean,1.254857344324988,-0.011411665475798527
1,600,267,oracle_tail,1.254857344324988,-0.006666298352920652
1,600,267,complete_rollout,1.254857344324988,-0.01989799473149212
1,600,268,uniform,1.254857344324988,0.009286347270270667
1,600,268,learned_occupancy,1.254857344324988,0.02011194401402583
1,600,268,learned_mean,1.254857344324988,0.020839853621840376
1,600,268,tis,1.254857344324988,0.0075820138439322005
1,600,268,tis_anchored,1.254857344324988,0.013565117233117263
1,600,268,occ_plus_uniform,1.254857344324988,0.007157082012684057
1,600,268,occ_plus_mean,1.254857344324988,0.021249591553108127
1,600,268,oracle_tail,1.254857344324988,0.006709684511557512
1,600,268,complete_rollout,1.254857344324988,0.03050850933354865
1,600,269,uniform,1.254857344324988,-0.013179876107562105
1,600,269,learned_occupancy,1.254857344324988,-0.0009233095612664055
1,600,269,learned_mean,1.254857344324988,-0.002064107179237551
1,600,269,tis,1.254857344324988,-0.017451877024692752
1,600,269,tis_anchored,1.254857344324988,-0.011237188448166346
1,600,269,occ_plus_uniform,1.254857344324988,0.001058499392380119
1,600,269,occ_plus_mean,1.254857344324988,-0.003366678943148571
1,600,269,oracle_tail,1.254857344324988,-0.01236775239830945
1,600,269,complete_rollout,1.254857344324988,0.0175003792522479
1,600,270,uniform,1.254857344324988,-0.012999208953913488
1,600,270,learned_occupancy,1.254857344324988,-0.003773647929978141
1,600,270,learned_mean,1.254857344324988,-0.0017683707863875853
1,600,270,tis,1.254857344324988,0.011885612725732742
1,600,270,tis_anchored,1.254857344324988,-0.00025093349806293297
1,600,270,occ_plus_uniform,1.254857344324988,-0.00264841911246938
1,600,270,occ_plus_mean,1.254857344324988,-0.005069851409576609
1,600,270,oracle_tail,1.254857344324988,0.010200399591694831
1,600,270,complete_rollout,1.254857344324988,-0.026402059772142383
1,600,271,uniform,1.254857344324988,-0.014104083381441201
1,600,271,learned_occupancy,1.254857344324988,-0.01909719453016101
1,600,271,learned_mean,1.254857344324988,-0.010892428846565272
1,600,271,tis,1.254857344324988,-0.009200795317072297
1,600,271,tis_anchored,1.254857344324988,-0.020188244787352705
1,600,271,occ_plus_uniform,1.254857344324988,-0.016614808203744058
1,600,271,occ_plus_mean,1.254857344324988,-0.012601444124921368
1,600,271,oracle_tail,1.254857344324988,-0.01098977089166664
1,600,271,complete_rollout,1.254857344324988,-0.0003857996095408822
1,600,272,uniform,1.254857344324988,0.009325785047555213
1,600,272,learned_occupancy,1.254857344324988,0.012554184312571603
1,600,272,learned_mean,1.254857344324988,0.01040662588031327
1,600,272,tis,1.254857344324988,0.007538807500717892
1,600,272,tis_anchored,1.254857344324988,0.004007874901335029
1,600,272,occ_plus_uniform,1.254857344324988,0.015738409119303576
1,600,272,occ_plus_mean,1.254857344324988,0.009226891951809257
1,600,272,oracle_tail,1.254857344324988,0.01066852545507313
1,600,272,complete_rollout,1.254857344324988,0.0012402166506217949
1,600,273,uniform,1.254857344324988,0.012487814730016922
1,600,273,learned_occupancy,1.254857344324988,0.005598441654270037
1,600,273,learned_mean,1.254857344324988,0.005566551561020594
1,600,273,tis,1.254857344324988,-0.007813940566949507
1,600,273,tis_anchored,1.254857344324988,-0.00027636029044431076
1,600,273,occ_plus_uniform,1.254857344324988,0.010795567560316632
1,600,273,occ_plus_mean,1.254857344324988,0.003344609365460771
1,600,273,oracle_tail,1.254857344324988,-0.0082213748564266
1,600,273,complete_rollout,1.254857344324988,0.006118265431109604
1,600,274,uniform,1.254857344324988,0.008546828871012657
1,600,274,learned_occupancy,1.254857344324988,0.005847155202009624
1,600,274,learned_mean,1.254857344324988,0.004841256136701055
1,600,274,tis,1.254857344324988,-0.0021642934109058487
1,600,274,tis_anchored,1.254857344324988,-0.0007945291625996997
1,600,274,occ_plus_uniform,1.254857344324988,0.006425349753758081
1,600,274,occ_plus_mean,1.254857344324988,0.006087679002973578
1,600,274,oracle_tail,1.254857344324988,0.0019681365688415386
1,600,274,complete_rollout,1.254857344324988,0.006118265431109604
1,600,275,uniform,1.254857344324988,-0.008093150224644408
1,600,275,learned_occupancy,1.254857344324988,-0.00484246749956041
1,600,275,learned_mean,1.254857344324988,-0.011599786830795544
1,600,275,tis,1.254857344324988,0.0034543779934739227
1,600,275,tis_anchored,1.254857344324988,0.00034158195369404787
1,600,275,occ_plus_uniform,1.254857344324988,-0.011384240838708148
1,600,275,occ_plus_mean,1.254857344324988,-0.011188841993843957
1,600,275,oracle_tail,1.254857344324988,-0.0013615861965521336
1,600,275,complete_rollout,1.254857344324988,0.02237842803273571
1,600,276,uniform,1.254857344324988,-0.0015965021041475236
1,600,276,learned_occupancy,1.254857344324988,-0.003040713281852625
1,600,276,learned_mean,1.254857344324988,-0.0060680971928788185
1,600,276,tis,1.254857344324988,-0.008032896212623042
1,600,276,tis_anchored,1.254857344324988,-0.005404414541969604
1,600,276,occ_plus_uniform,1.254857344324988,-0.00962687557387154
1,600,276,occ_plus_mean,1.254857344324988,-0.004614215343584638
1,600,276,oracle_tail,1.254857344324988,-0.010345257541533925
1,600,276,complete_rollout,1.254857344324988,0.02075241177257303
1,600,277,uniform,1.254857344324988,0.0198393747504646
1,600,277,learned_occupancy,1.254857344324988,0.028980530567217055
1,600,277,learned_mean,1.254857344324988,0.02078883587736069
1,600,277,tis,1.254857344324988,0.015753269172149587
1,600,277,tis_anchored,1.254857344324988,0.02648084118513072
1,600,277,occ_plus_uniform,1.254857344324988,0.027471161025616198
1,600,277,occ_plus_mean,1.254857344324988,0.02709094344984453
1,600,277,oracle_tail,1.254857344324988,0.016508137980584925
1,600,277,complete_rollout,1.254857344324988,-0.03128010855263019
1,600,278,uniform,1.254857344324988,-0.02115013237880725
1,600,278,learned_occupancy,1.254857344324988,-0.013633555797320396
1,600,278,learned_mean,1.254857344324988,-0.0066879203641985185
1,600,278,tis,1.254857344324988,-0.010187921677272449
1,600,278,tis_anchored,1.254857344324988,-0.005194546637698361
1,600,278,occ_plus_uniform,1.254857344324988,-0.011549452118289949
1,600,278,occ_plus_mean,1.254857344324988,-0.004224136193505812
1,600,278,oracle_tail,1.254857344324988,-0.008506826782572974
1,600,278,complete_rollout,1.254857344324988,0.04839468819533721
1,600,279,uniform,1.254857344324988,0.004464644914040639
1,600,279,learned_occupancy,1.254857344324988,0.00027948516411679947
1,600,279,learned_mean,1.254857344324988,0.007028325308781502
1,600,279,tis,1.254857344324988,0.005504463652312941
1,600,279,tis_anchored,1.254857344324988,0.006491686366254523
1,600,279,occ_plus_uniform,1.254857344324988,0.0017196088667819076
1,600,279,occ_plus_mean,1.254857344324988,0.003850543160407671
1,600,279,oracle_tail,1.254857344324988,0.008294235082740853
1,600,279,complete_rollout,1.254857344324988,-0.044288238633931165
1,600,280,uniform,1.254857344324988,0.021595666189051954
1,600,280,learned_occupancy,1.254857344324988,0.0018871764452290662
1,600,280,learned_mean,1.254857344324988,0.010440110809580183
1,600,280,tis,1.254857344324988,0.019291369179214923
1,600,280,tis_anchored,1.254857344324988,0.01606386836871332
1,600,280,occ_plus_uniform,1.254857344324988,0.01252881427025443
1,600,280,occ_plus_mean,1.254857344324988,0.005396562934841143
1,600,280,oracle_tail,1.254857344324988,0.015619777383422795
1,600,280,complete_rollout,1.254857344324988,0.006118265431109604
1,600,281,uniform,1.254857344324988,-0.01492035319695395
1,600,281,learned_occupancy,1.254857344324988,-0.023774580079366947
1,600,281,learned_mean,1.254857344324988,-0.018451251965830195
1,600,281,tis,1.254857344324988,-0.0012212819651864493
1,600,281,tis_anchored,1.254857344324988,-0.005121394295528825
1,600,281,occ_plus_uniform,1.254857344324988,-0.013528968389091123
1,600,281,occ_plus_mean,1.254857344324988,-0.02413176721982646
1,600,281,oracle_tail,1.254857344324988,0.002591462076201978
1,600,281,complete_rollout,1.254857344324988,-0.01989799473149212
1,600,282,uniform,1.254857344324988,0.0065670191670785805
1,600,282,learned_occupancy,1.254857344324988,0.009759725627176419
1,600,282,learned_mean,1.254857344324988,0.007919164563506387
1,600,282,tis,1.254857344324988,0.003738509754228625
1,600,282,tis_anchored,1.254857344324988,0.003794809050036818
1,600,282,occ_plus_uniform,1.254857344324988,0.009910443082364218
1,600,282,occ_plus_mean,1.254857344324988,0.007018439415803934
1,600,282,oracle_tail,1.254857344324988,-0.003560069019207024
1,600,282,complete_rollout,1.254857344324988,0.0175003792522479
1,600,283,uniform,1.254857344324988,-0.028157350038270135
1,600,283,learned_occupancy,1.254857344324988,-0.02703737545747975
1,600,283,learned_mean,1.254857344324988,-0.019481811186564668
1,600,283,tis,1.254857344324988,-0.014416321419647105
1,600,283,tis_anchored,1.254857344324988,-0.018371971762874306
1,600,283,occ_plus_uniform,1.254857344324988,-0.030498336696026085
1,600,283,occ_plus_mean,1.254857344324988,-0.0226182895551299
1,600,283,oracle_tail,1.254857344324988,-0.014323396568177493
1,600,283,complete_rollout,1.254857344324988,-0.008515880910353824
1,600,284,uniform,1.254857344324988,0.00661071653031664
1,600,284,learned_occupancy,1.254857344324988,0.013457325196538195
1,600,284,learned_mean,1.254857344324988,0.010107636400037867
1,600,284,tis,1.254857344324988,0.010136996131350662
1,600,284,tis_anchored,1.254857344324988,0.004517720311767004
1,600,284,occ_plus_uniform,1.254857344324988,0.013116230806655027
1,600,284,occ_plus_mean,1.254857344324988,0.010709292266354531
1,600,284,oracle_tail,1.254857344324988,0.013139430837594057
1,600,284,complete_rollout,1.254857344324988,0.024004444292898164
1,600,285,uniform,1.254857344324988,0.008649839828622108
1,600,285,learned_occupancy,1.254857344324988,0.0062003542166686465
1,600,285,learned_mean,1.254857344324988,0.0024885787570354534
1,600,285,tis,1.254857344324988,0.004686997950943628
1,600,285,tis_anchored,1.254857344324988,0.007033217286474436
1,600,285,occ_plus_uniform,1.254857344324988,0.0071900408116372105
1,600,285,occ_plus_mean,1.254857344324988,-0.00047676147588426865
1,600,285,oracle_tail,1.254857344324988,0.0006062408749212267
1,600,285,complete_rollout,1.254857344324988,-0.02315002725181725
1,600,286,uniform,1.254857344324988,0.004870272132075915
1,600,286,learned_occupancy,1.254857344324988,0.010842250830941147
1,600,286,learned_mean,1.254857344324988,0.012987740165238737
1,600,286,tis,1.254857344324988,0.017664071317222252
1,600,286,tis_anchored,1.254857344324988,0.013038383129927666
1,600,286,occ_plus_uniform,1.254857344324988,0.010593055710600652
1,600,286,occ_plus_mean,1.254857344324988,0.012641200847286482
1,600,286,oracle_tail,1.254857344324988,0.019195448913511992
1,600,286,complete_rollout,1.254857344324988,0.0012402166506217949
1,600,287,uniform,1.254857344324988,-0.0028859461332542136
1,600,287,learned_occupancy,1.254857344324988,-0.015160012529441769
1,600,287,learned_mean,1.254857344324988,-0.016435664776285996
1,600,287,tis,1.254857344324988,-0.001907985064152573
1,600,287,tis_anchored,1.254857344324988,-0.0009092356023023829
1,600,287,occ_plus_uniform,1.254857344324988,-0.017088591958971833
1,600,287,occ_plus_mean,1.254857344324988,-0.017299414057323492
1,600,287,oracle_tail,1.254857344324988,-0.0014347862500225794
1,600,287,complete_rollout,1.254857344324988,-0.0003857996095408822
1,600,288,uniform,1.254857344324988,-0.007719120021413284
1,600,288,learned_occupancy,1.254857344324988,-0.013103791052412328
1,600,288,learned_mean,1.254857344324988,-0.01704298997989384
1,600,288,tis,1.254857344324988,-0.01043090359211063
1,600,288,tis_anchored,1.254857344324988,-0.007115686474930882
1,600,288,occ_plus_uniform,1.254857344324988,-0.013155373549818439
1,600,288,occ_plus_mean,1.254857344324988,-0.01296330743605889
1,600,288,oracle_tail,1.254857344324988,-0.00905640506144656
1,600,288,complete_rollout,1.254857344324988,-0.021524010991654574
1,600,289,uniform,1.254857344324988,-0.010363729853364756
1,600,289,learned_occupancy,1.254857344324988,0.007456492062746456
1,600,289,learned_mean,1.254857344324988,0.003952466790708042
1,600,289,tis,1.254857344324988,0.0006865358174275027
1,600,289,tis_anchored,1.254857344324988,-0.00044013277649557203
1,600,289,occ_plus_uniform,1.254857344324988,0.001525239010187196
1,600,289,occ_plus_mean,1.254857344324988,0.008936321362829958
1,600,289,oracle_tail,1.254857344324988,-0.0025795035423972212
1,600,289,complete_rollout,1.254857344324988,0.006118265431109604
1,600,290,uniform,1.254857344324988,0.004412351393600522
1,600,290,learned_occupancy,1.254857344324988,0.0026361069722380392
1,600,290,learned_mean,1.254857344324988,0.0016901479453603763
1,600,290,tis,1.254857344324988,0.0008742366050329409
1,600,290,tis_anchored,1.254857344324988,0.0004340928251393983
1,600,290,occ_plus_uniform,1.254857344324988,-0.005035087625430812
1,600,290,occ_plus_mean,1.254857344324988,0.006192134138339078
1,600,290,oracle_tail,1.254857344324988,-0.0006585524806923537
1,600,290,complete_rollout,1.254857344324988,0.01262233047176009
1,600,291,uniform,1.254857344324988,0.0030662183201362048
1,600,291,learned_occupancy,1.254857344324988,0.004662800467426065
1,600,291,learned_mean,1.254857344324988,0.006292702801137473
1,600,291,tis,1.254857344324988,0.023790962415681793
1,600,291,tis_anchored,1.254857344324988,0.003652802338077743
1,600,291,occ_plus_uniform,1.254857344324988,0.005319745836797729
1,600,291,occ_plus_mean,1.254857344324988,0.0034571647909973358
1,600,291,oracle_tail,1.254857344324988,0.02149395980413704
1,600,291,complete_rollout,1.254857344324988,0.002866232910784472
1,600,292,uniform,1.254857344324988,-0.014104002117935277
1,600,292,learned_occupancy,1.254857344324988,-0.018064310859725596
1,600,292,learned_mean,1.254857344324988,-0.01747460949525559
1,600,292,tis,1.254857344324988,-0.01630229534798655
1,600,292,tis_anchored,1.254857344324988,-0.01360062076470081
1,600,292,occ_plus_uniform,1.254857344324988,-0.01703666058551656
1,600,292,occ_plus_mean,1.254857344324988,-0.018737666615893156
1,600,292,oracle_tail,1.254857344324988,-0.009633861858907578
1,600,292,complete_rollout,1.254857344324988,0.04839468819533721
1,600,293,uniform,1.254857344324988,-0.0011953672309683583
1,600,293,learned_occupancy,1.254857344324988,0.01725825348268284
1,600,293,learned_mean,1.254857344324988,0.014507584225502024
1,600,293,tis,1.254857344324988,0.011851021488184399
1,600,293,tis_anchored,1.254857344324988,0.013592056067950997
1,600,293,occ_plus_uniform,1.254857344324988,0.01050087202586325
1,600,293,occ_plus_mean,1.254857344324988,0.017516620303155817
1,600,293,oracle_tail,1.254857344324988,0.004437222516052497
1,600,293,complete_rollout,1.254857344324988,-0.016645962211166765
1,600,294,uniform,1.254857344324988,0.007809422515874687
1,600,294,learned_occupancy,1.254857344324988,0.005551099089954992
1,600,294,learned_mean,1.254857344324988,0.004759860224238244
1,600,294,tis,1.254857344324988,0.0032658157499065865
1,600,294,tis_anchored,1.254857344324988,0.007372217015787941
1,600,294,occ_plus_uniform,1.254857344324988,0.0018375980913099
1,600,294,occ_plus_mean,1.254857344324988,0.004554215568328468
1,600,294,oracle_tail,1.254857344324988,0.0008990981582206459
1,600,294,complete_rollout,1.254857344324988,0.002866232910784472
1,600,295,uniform,1.254857344324988,-0.0018770479179281985
1,600,295,learned_occupancy,1.254857344324988,-0.006375065372262068
1,600,295,learned_mean,1.254857344324988,-0.0026911396267845777
1,600,295,tis,1.254857344324988,-0.006762583178697712
1,600,295,tis_anchored,1.254857344324988,-0.007882756877048092
1,600,295,occ_plus_uniform,1.254857344324988,-0.004649741484055614
1,600,295,occ_plus_mean,1.254857344324988,-0.0013137842604824534
1,600,295,oracle_tail,1.254857344324988,-0.009951149238257573
1,600,295,complete_rollout,1.254857344324988,-0.0101418971705165
1,600,296,uniform,1.254857344324988,-0.011712956672698338
1,600,296,learned_occupancy,1.254857344324988,-0.017409482533511156
1,600,296,learned_mean,1.254857344324988,-0.009427456652103094
1,600,296,tis,1.254857344324988,-0.004171238585117587
1,600,296,tis_anchored,1.254857344324988,-0.005294216185454559
1,600,296,occ_plus_uniform,1.254857344324988,-0.010108872513346023
1,600,296,occ_plus_mean,1.254857344324988,-0.015576046717168612
1,600,296,oracle_tail,1.254857344324988,-0.00690655496094239
1,600,296,complete_rollout,1.254857344324988,-0.016645962211166765
1,600,297,uniform,1.254857344324988,0.011320055223920988
1,600,297,learned_occupancy,1.254857344324988,0.006604852780522696
1,600,297,learned_mean,1.254857344324988,0.007722855689606289
1,600,297,tis,1.254857344324988,0.005657812130920092
1,600,297,tis_anchored,1.254857344324988,0.00262835421459906
1,600,297,occ_plus_uniform,1.254857344324988,0.014177208496920501
1,600,297,occ_plus_mean,1.254857344324988,0.006951212406420826
1,600,297,oracle_tail,1.254857344324988,0.0009889161028191484
1,600,297,complete_rollout,1.254857344324988,0.01262233047176009
1,600,298,uniform,1.254857344324988,0.015063279778933625
1,600,298,learned_occupancy,1.254857344324988,0.001501572469001955
1,600,298,learned_mean,1.254857344324988,0.007868777919741055
1,600,298,tis,1.254857344324988,0.013807658477164253
1,600,298,tis_anchored,1.254857344324988,0.011381945935561966
1,600,298,occ_plus_uniform,1.254857344324988,0.001408447502325716
1,600,298,occ_plus_mean,1.254857344324988,0.010059414046420079
1,600,298,oracle_tail,1.254857344324988,0.010117718972767253
1,600,298,complete_rollout,1.254857344324988,0.03376054185387378
1,600,299,uniform,1.254857344324988,-0.0016435747570988646
1,600,299,learned_occupancy,1.254857344324988,-0.0182582087118468
1,600,299,learned_mean,1.254857344324988,-0.0164352085257633
1,600,299,tis,1.254857344324988,-0.011245319699347833
1,600,299,tis_anchored,1.254857344324988,-0.009352662986272353
1,600,299,occ_plus_uniform,1.254857344324988,-0.008875660255174278
1,600,299,occ_plus_mean,1.254857344324988,-0.02076099423939537
1,600,299,oracle_tail,1.254857344324988,-0.0021447604414293053
1,600,299,complete_rollout,1.254857344324988,-0.008515880910353824
1,1200,0,uniform,1.254857344324988,-0.001444795949921085
1,1200,0,learned_occupancy,1.254857344324988,0.0008478747595328517
1,1200,0,learned_mean,1.254857344324988,-0.0029488893450693165
1,1200,0,tis,1.254857344324988,0.005039370649166042
1,1200,0,tis_anchored,1.254857344324988,0.0048726210572553885
1,1200,0,occ_plus_uniform,1.254857344324988,-0.0006966957239136207
1,1200,0,occ_plus_mean,1.254857344324988,-0.003921986528932386
1,1200,0,oracle_tail,1.254857344324988,0.004343377630115386
1,1200,0,complete_rollout,1.254857344324988,0.015874362992085223
1,1200,1,uniform,1.254857344324988,0.00908193698619586
1,1200,1,learned_occupancy,1.254857344324988,0.004168495741406986
1,1200,1,learned_mean,1.254857344324988,0.0025646696970316185
1,1200,1,tis,1.254857344324988,0.007083359944725087
1,1200,1,tis_anchored,1.254857344324988,0.004410375550906176
1,1200,1,occ_plus_uniform,1.254857344324988,0.007805774438877533
1,1200,1,occ_plus_mean,1.254857344324988,0.004336112200961528
1,1200,1,oracle_tail,1.254857344324988,0.0024356332492305732
1,1200,1,complete_rollout,1.254857344324988,0.006931273561190832
1,1200,2,uniform,1.254857344324988,-0.0010952903304926043
1,1200,2,learned_occupancy,1.254857344324988,-0.0021760216902606544
1,1200,2,learned_mean,1.254857344324988,-0.0023449950173279888
1,1200,2,tis,1.254857344324988,0.0018515581985221186
1,1200,2,tis_anchored,1.254857344324988,0.0022311582541898467
1,1200,2,occ_plus_uniform,1.254857344324988,3.4514734693402715e-05
1,1200,2,occ_plus_mean,1.254857344324988,-0.0026692713805744894
1,1200,2,oracle_tail,1.254857344324988,0.0007067845286545804
1,1200,2,complete_rollout,1.254857344324988,0.010996314211597413
1,1200,3,uniform,1.254857344324988,0.0025974470262015714
1,1200,3,learned_occupancy,1.254857344324988,0.007955087957261187
1,1200,3,learned_mean,1.254857344324988,0.0038440778008599352
1,1200,3,tis,1.254857344324988,-0.0012386092178158226
1,1200,3,tis_anchored,1.254857344324988,0.005220153695472796
1,1200,3,occ_plus_uniform,1.254857344324988,0.004534547400464328
1,1200,3,occ_plus_mean,1.254857344324988,0.005902439988704655
1,1200,3,oracle_tail,1.254857344324988,-0.0007536858559376025
1,1200,3,complete_rollout,1.254857344324988,0.013435338601841318
1,1200,4,uniform,1.254857344324988,-0.0061679796340532445
1,1200,4,learned_occupancy,1.254857344324988,-0.006336782121626694
1,1200,4,learned_mean,1.254857344324988,-0.0017640939780902976
1,1200,4,tis,1.254857344324988,-0.0009049132036096363
1,1200,4,tis_anchored,1.254857344324988,-0.0030320950254991708
1,1200,4,occ_plus_uniform,1.254857344324988,-0.005278439175480765
1,1200,4,occ_plus_mean,1.254857344324988,-0.005430089244295555
1,1200,4,oracle_tail,1.254857344324988,-0.002051894286833056
1,1200,4,complete_rollout,1.254857344324988,-0.008515880910353824
1,1200,5,uniform,1.254857344324988,0.019014314833638135
1,1200,5,learned_occupancy,1.254857344324988,0.01932443174938303
1,1200,5,learned_mean,1.254857344324988,0.015207038650550952
1,1200,5,tis,1.254857344324988,0.009850422162198225
1,1200,5,tis_anchored,1.254857344324988,0.008852135184155063
1,1200,5,occ_plus_uniform,1.254857344324988,0.016222461815333045
1,1200,5,occ_plus_mean,1.254857344324988,0.0209117733560531
1,1200,5,oracle_tail,1.254857344324988,0.007363441745576571
1,1200,5,complete_rollout,1.254857344324988,0.01180932234167864
1,1200,6,uniform,1.254857344324988,-0.011788433314201097
1,1200,6,learned_occupancy,1.254857344324988,-0.006354996919726741
1,1200,6,learned_mean,1.254857344324988,-0.0020611408891051397
1,1200,6,tis,1.254857344324988,-0.004490733540861935
1,1200,6,tis_anchored,1.254857344324988,-0.008898360807326755
1,1200,6,occ_plus_uniform,1.254857344324988,-0.0022173475845204127
1,1200,6,occ_plus_mean,1.254857344324988,-0.004678640131039025
1,1200,6,oracle_tail,1.254857344324988,-0.005301011514651233
1,1200,6,complete_rollout,1.254857344324988,0.007744281691272281
1,1200,7,uniform,1.254857344324988,0.014864700768562056
1,1200,7,learned_occupancy,1.254857344324988,0.01090347728278629
1,1200,7,learned_mean,1.254857344324988,0.013403932857362078
1,1200,7,tis,1.254857344324988,0.007531440313044646
1,1200,7,tis_anchored,1.254857344324988,0.012666466341645366
1,1200,7,occ_plus_uniform,1.254857344324988,0.01773510459466765
1,1200,7,occ_plus_mean,1.254857344324988,0.010975174885206718
1,1200,7,oracle_tail,1.254857344324988,0.006094799204183765
1,1200,7,complete_rollout,1.254857344324988,-0.0101418971705165
1,1200,8,uniform,1.254857344324988,-0.004157163329933988
1,1200,8,learned_occupancy,1.254857344324988,-0.006068150141805617
1,1200,8,learned_mean,1.254857344324988,-0.007407787310059755
1,1200,8,tis,1.254857344324988,-6.39615533652993e-05
1,1200,8,tis_anchored,1.254857344324988,-0.0029337130767517205
1,1200,8,occ_plus_uniform,1.254857344324988,-0.007857872993809467
1,1200,8,occ_plus_mean,1.254857344324988,-0.009908649003246284
1,1200,8,oracle_tail,1.254857344324988,-0.0015995961227976974
1,1200,8,complete_rollout,1.254857344324988,0.02237842803273571
1,1200,9,uniform,1.254857344324988,0.007817246368431618
1,1200,9,learned_occupancy,1.254857344324988,0.008009963146745624
1,1200,9,learned_mean,1.254857344324988,0.0055562914478310965
1,1200,9,tis,1.254857344324988,0.006325691843352299
1,1200,9,tis_anchored,1.254857344324988,0.0036235704045164407
1,1200,9,occ_plus_uniform,1.254857344324988,0.005304871725307692
1,1200,9,occ_plus_mean,1.254857344324988,0.006038246988730567
1,1200,9,oracle_tail,1.254857344324988,0.003069232065599836
1,1200,9,complete_rollout,1.254857344324988,-0.006076856520109919
1,1200,10,uniform,1.254857344324988,0.006825200927533359
1,1200,10,learned_occupancy,1.254857344324988,0.004280511566060685
1,1200,10,learned_mean,1.254857344324988,0.005847060857302466
1,1200,10,tis,1.254857344324988,0.00406352014738709
1,1200,10,tis_anchored,1.254857344324988,0.006375236719319499
1,1200,10,occ_plus_uniform,1.254857344324988,0.0004165045425776892
1,1200,10,occ_plus_mean,1.254857344324988,0.00524399099325068
1,1200,10,oracle_tail,1.254857344324988,0.0006673378401571561
1,1200,10,complete_rollout,1.254857344324988,0.0020532247807030224
1,1200,11,uniform,1.254857344324988,-0.005735733441813551
1,1200,11,learned_occupancy,1.254857344324988,-0.003079122135730916
1,1200,11,learned_mean,1.254857344324988,-0.010359822228414917
1,1200,11,tis,1.254857344324988,-0.007152003754329339
1,1200,11,tis_anchored,1.254857344324988,-0.007205572072842337
1,1200,11,occ_plus_uniform,1.254857344324988,-0.004764466790944111
1,1200,11,occ_plus_mean,1.254857344324988,-0.0064037736238689025
1,1200,11,oracle_tail,1.254857344324988,-0.011779519548421158
1,1200,11,complete_rollout,1.254857344324988,-0.002824823999784787
1,1200,12,uniform,1.254857344324988,0.0038119858681819885
1,1200,12,learned_occupancy,1.254857344324988,0.004733899919377338
1,1200,12,learned_mean,1.254857344324988,0.004206430437899478
1,1200,12,tis,1.254857344324988,0.006407903032296325
1,1200,12,tis_anchored,1.254857344324988,0.004672246227882093
1,1200,12,occ_plus_uniform,1.254857344324988,0.0022868251088066227
1,1200,12,occ_plus_mean,1.254857344324988,0.00564781827650962
1,1200,12,oracle_tail,1.254857344324988,0.005363015179590924
1,1200,12,complete_rollout,1.254857344324988,-0.007702872780272596
1,1200,13,uniform,1.254857344324988,-0.0038229897163060134
1,1200,13,learned_occupancy,1.254857344324988,-0.000494275219518503
1,1200,13,learned_mean,1.254857344324988,-0.004071845916367556
1,1200,13,tis,1.254857344324988,-0.002639725649056013
1,1200,13,tis_anchored,1.254857344324988,-0.003955147528377445
1,1200,13,occ_plus_uniform,1.254857344324988,-0.003659359322932154
1,1200,13,occ_plus_mean,1.254857344324988,-0.003744121725363314
1,1200,13,oracle_tail,1.254857344324988,-0.006110525954263979
1,1200,13,complete_rollout,1.254857344324988,0.015061354862003995
1,1200,14,uniform,1.254857344324988,-0.021212411029228218
1,1200,14,learned_occupancy,1.254857344324988,-0.023121103263965548
1,1200,14,learned_mean,1.254857344324988,-0.017531790845493278
1,1200,14,tis,1.254857344324988,-0.013391173769723874
1,1200,14,tis_anchored,1.254857344324988,-0.012367265291325369
1,1200,14,occ_plus_uniform,1.254857344324988,-0.01869909506933687
1,1200,14,occ_plus_mean,1.254857344324988,-0.019707217002794097
1,1200,14,oracle_tail,1.254857344324988,-0.013051019597669189
1,1200,14,complete_rollout,1.254857344324988,-0.0003857996095408822
1,1200,15,uniform,1.254857344324988,0.002469198821410057
1,1200,15,learned_occupancy,1.254857344324988,-0.004077926612786165
1,1200,15,learned_mean,1.254857344324988,0.00030990173013156763
1,1200,15,tis,1.254857344324988,-0.0034218130084817666
1,1200,15,tis_anchored,1.254857344324988,-0.005211741448175378
1,1200,15,occ_plus_uniform,1.254857344324988,-0.0019760118989267106
1,1200,15,occ_plus_mean,1.254857344324988,-0.0020661236927146387
1,1200,15,oracle_tail,1.254857344324988,-0.0010794379677931953
1,1200,15,complete_rollout,1.254857344324988,0.009370297951434736
1,1200,16,uniform,1.254857344324988,0.00693005916485312
1,1200,16,learned_occupancy,1.254857344324988,-0.003830427656881241
1,1200,16,learned_mean,1.254857344324988,7.99185729425389e-05
1,1200,16,tis,1.254857344324988,0.0006925691078247809
1,1200,16,tis_anchored,1.254857344324988,-0.0021189479519092558
1,1200,16,occ_plus_uniform,1.254857344324988,-0.0017007130426107686
1,1200,16,occ_plus_mean,1.254857344324988,-0.0018726231369585733
1,1200,16,oracle_tail,1.254857344324988,-0.0006830286109180683
1,1200,16,complete_rollout,1.254857344324988,0.03619956624411769
1,1200,17,uniform,1.254857344324988,0.0010808447927761478
1,1200,17,learned_occupancy,1.254857344324988,-0.008360418874368225
1,1200,17,learned_mean,1.254857344324988,-0.006420186456689514
1,1200,17,tis,1.254857344324988,-0.0037511589810026447
1,1200,17,tis_anchored,1.254857344324988,-0.005441307382351157
1,1200,17,occ_plus_uniform,1.254857344324988,-0.0053771434962939235
1,1200,17,occ_plus_mean,1.254857344324988,-0.006781966960553998
1,1200,17,oracle_tail,1.254857344324988,-0.0008280767107500253
1,1200,17,complete_rollout,1.254857344324988,-0.01501994595100431
1,1200,18,uniform,1.254857344324988,0.0024331041741365578
1,1200,18,learned_occupancy,1.254857344324988,0.006348814758591725
1,1200,18,learned_mean,1.254857344324988,0.0025972671060721098
1,1200,18,tis,1.254857344324988,0.008355018403238823
1,1200,18,tis_anchored,1.254857344324988,0.003397970250124116
1,1200,18,occ_plus_uniform,1.254857344324988,0.0006587394171408967
1,1200,18,occ_plus_mean,1.254857344324988,0.004915448592458294
1,1200,18,oracle_tail,1.254857344324988,0.008486226202536695
1,1200,18,complete_rollout,1.254857344324988,-0.0011988077396221097
1,1200,19,uniform,1.254857344324988,-0.015579488984901246
1,1200,19,learned_occupancy,1.254857344324988,-0.016089939927171226
1,1200,19,learned_mean,1.254857344324988,-0.01514227476253871
1,1200,19,tis,1.254857344324988,-0.025536161390223633
1,1200,19,tis_anchored,1.254857344324988,-0.018994147750222012
1,1200,19,occ_plus_uniform,1.254857344324988,-0.019955159117870602
1,1200,19,occ_plus_mean,1.254857344324988,-0.014265188843983978
1,1200,19,oracle_tail,1.254857344324988,-0.019196466016889513
1,1200,19,complete_rollout,1.254857344324988,-0.002824823999784787
1,1200,20,uniform,1.254857344324988,-0.005506441008209073
1,1200,20,learned_occupancy,1.254857344324988,-0.001778410014699583
1,1200,20,learned_mean,1.254857344324988,-0.0024007495061493245
1,1200,20,tis,1.254857344324988,0.0035146504917549226
1,1200,20,tis_anchored,1.254857344324988,-0.0004272432542433702
1,1200,20,occ_plus_uniform,1.254857344324988,-0.004368757516165944
1,1200,20,occ_plus_mean,1.254857344324988,-0.0035591504160532583
1,1200,20,oracle_tail,1.254857344324988,0.0035656913885737662
1,1200,20,complete_rollout,1.254857344324988,-0.017458970341248214
1,1200,21,uniform,1.254857344324988,0.0031316068484046333
1,1200,21,learned_occupancy,1.254857344324988,0.0022439685147730426
1,1200,21,learned_mean,1.254857344324988,0.005543475900750439
1,1200,21,tis,1.254857344324988,0.0007781733130742818
1,1200,21,tis_anchored,1.254857344324988,0.007638162224070433
1,1200,21,occ_plus_uniform,1.254857344324988,0.00424031091397703
1,1200,21,occ_plus_mean,1.254857344324988,0.0070604259001305625
1,1200,21,oracle_tail,1.254857344324988,0.0015762760475914739
1,1200,21,complete_rollout,1.254857344324988,0.0012402166506217949
1,1200,22,uniform,1.254857344324988,-0.004555692873021933
1,1200,22,learned_occupancy,1.254857344324988,-0.0020807809740412964
1,1200,22,learned_mean,1.254857344324988,-0.004429371198907628
1,1200,22,tis,1.254857344324988,-0.004125301143314664
1,1200,22,tis_anchored,1.254857344324988,-0.004211924322052862
1,1200,22,occ_plus_uniform,1.254857344324988,-0.006490191605247109
1,1200,22,occ_plus_mean,1.254857344324988,-0.0011120640654027625
1,1200,22,oracle_tail,1.254857344324988,-0.0012151057251172936
1,1200,22,complete_rollout,1.254857344324988,-0.004450840259947242
1,1200,23,uniform,1.254857344324988,0.010432999670529242
1,1200,23,learned_occupancy,1.254857344324988,0.007287069707370142
1,1200,23,learned_mean,1.254857344324988,0.00141497750917563
1,1200,23,tis,1.254857344324988,-0.00043685124142678333
1,1200,23,tis_anchored,1.254857344324988,0.0033342445275745813
1,1200,23,occ_plus_uniform,1.254857344324988,0.007888632004686924
1,1200,23,occ_plus_mean,1.254857344324988,0.0033903944046549395
1,1200,23,oracle_tail,1.254857344324988,-0.0004448456478536311
1,1200,23,complete_rollout,1.254857344324988,-0.0020118158697033373
1,1200,24,uniform,1.254857344324988,-0.015543586409898946
1,1200,24,learned_occupancy,1.254857344324988,-0.01313728560891314
1,1200,24,learned_mean,1.254857344324988,-0.018522204469926695
1,1200,24,tis,1.254857344324988,0.002983159724169626
1,1200,24,tis_anchored,1.254857344324988,-0.002157138452445473
1,1200,24,occ_plus_uniform,1.254857344324988,-0.012559415694021636
1,1200,24,occ_plus_mean,1.254857344324988,-0.015140706062862996
1,1200,24,oracle_tail,1.254857344324988,-0.0005200680619930065
1,1200,24,complete_rollout,1.254857344324988,-0.015832954081085537
1,1200,25,uniform,1.254857344324988,-0.017080670281525157
1,1200,25,learned_occupancy,1.254857344324988,-0.015428522263183364
1,1200,25,learned_mean,1.254857344324988,-0.015000884178810736
1,1200,25,tis,1.254857344324988,-0.004255304789755332
1,1200,25,tis_anchored,1.254857344324988,-0.00822553528986325
1,1200,25,occ_plus_uniform,1.254857344324988,-0.012706580466680384
1,1200,25,occ_plus_mean,1.254857344324988,-0.015297962498564521
1,1200,25,oracle_tail,1.254857344324988,-0.004254094521352059
1,1200,25,complete_rollout,1.254857344324988,0.009370297951434736
1,1200,26,uniform,1.254857344324988,-0.009393963220018176
1,1200,26,learned_occupancy,1.254857344324988,-0.023469073854493594
1,1200,26,learned_mean,1.254857344324988,-0.018968191583543792
1,1200,26,tis,1.254857344324988,-0.015270556270341018
1,1200,26,tis_anchored,1.254857344324988,-0.013858642991503967
1,1200,26,occ_plus_uniform,1.254857344324988,-0.01826400463904032
1,1200,26,occ_plus_mean,1.254857344324988,-0.02152429752769458
1,1200,26,oracle_tail,1.254857344324988,-0.012329732197190024
1,1200,26,complete_rollout,1.254857344324988,-0.011767913430678956
1,1200,27,uniform,1.254857344324988,0.006085308444808479
1,1200,27,learned_occupancy,1.254857344324988,0.011102915675061498
1,1200,27,learned_mean,1.254857344324988,0.006589474079522928
1,1200,27,tis,1.254857344324988,0.004872285725070036
1,1200,27,tis_anchored,1.254857344324988,0.004685650067738134
1,1200,27,occ_plus_uniform,1.254857344324988,0.0054752160827675755
1,1200,27,occ_plus_mean,1.254857344324988,0.008480489093700694
1,1200,27,oracle_tail,1.254857344324988,0.010502365000686353
1,1200,27,complete_rollout,1.254857344324988,0.019939403642491804
1,1200,28,uniform,1.254857344324988,-0.007401863560383193
1,1200,28,learned_occupancy,1.254857344324988,-0.007738081933487573
1,1200,28,learned_mean,1.254857344324988,-0.007725166434498165
1,1200,28,tis,1.254857344324988,0.007491667585037165
1,1200,28,tis_anchored,1.254857344324988,0.0017236537980624966
1,1200,28,occ_plus_uniform,1.254857344324988,-0.004917904932841388
1,1200,28,occ_plus_mean,1.254857344324988,-0.007849336551419395
1,1200,28,oracle_tail,1.254857344324988,0.0077320827322977514
1,1200,28,complete_rollout,1.254857344324988,0.023191436162816936
1,1200,29,uniform,1.254857344324988,-0.0034556237108618326
1,1200,29,learned_occupancy,1.254857344324988,-0.004111340352645376
1,1200,29,learned_mean,1.254857344324988,-0.001857692940516742
1,1200,29,tis,1.254857344324988,0.0017461724367136
1,1200,29,tis_anchored,1.254857344324988,-0.0035905132061742062
1,1200,29,occ_plus_uniform,1.254857344324988,-0.0044358640097890145
1,1200,29,occ_plus_mean,1.254857344324988,-0.004247934029303124
1,1200,29,oracle_tail,1.254857344324988,0.002066060652293089
1,1200,29,complete_rollout,1.254857344324988,-0.011767913430678956
1,1200,30,uniform,1.254857344324988,0.010071302309146546
1,1200,30,learned_occupancy,1.254857344324988,0.006463607712690056
1,1200,30,learned_mean,1.254857344324988,0.003954467496741332
1,1200,30,tis,1.254857344324988,0.004374062399631784
1,1200,30,tis_anchored,1.254857344324988,0.0016658285862842792
1,1200,30,occ_plus_uniform,1.254857344324988,0.0055661928692669616
1,1200,30,occ_plus_mean,1.254857344324988,0.00550821895706366
1,1200,30,oracle_tail,1.254857344324988,0.005311486430469081
1,1200,30,complete_rollout,1.254857344324988,0.02237842803273571
1,1200,31,uniform,1.254857344324988,-0.0005494443266658156
1,1200,31,learned_occupancy,1.254857344324988,-0.0061830881331734755
1,1200,31,learned_mean,1.254857344324988,-0.003526163378892555
1,1200,31,tis,1.254857344324988,-0.013714892280778823
1,1200,31,tis_anchored,1.254857344324988,-0.008335841250340703
1,1200,31,occ_plus_uniform,1.254857344324988,-0.0040173956075653106
1,1200,31,occ_plus_mean,1.254857344324988,-0.005716559695749357
1,1200,31,oracle_tail,1.254857344324988,-0.005783658943352643
1,1200,31,complete_rollout,1.254857344324988,0.007744281691272281
1,1200,32,uniform,1.254857344324988,-0.013044028261815388
1,1200,32,learned_occupancy,1.254857344324988,-0.002776563446812652
1,1200,32,learned_mean,1.254857344324988,-0.00039994934529552495
1,1200,32,tis,1.254857344324988,-0.0058593219811475805
1,1200,32,tis_anchored,1.254857344324988,-0.0031226684867653454
1,1200,32,occ_plus_uniform,1.254857344324988,-0.007499461957831466
1,1200,32,occ_plus_mean,1.254857344324988,-0.0005170042661868379
1,1200,32,oracle_tail,1.254857344324988,-0.005144601539889937
1,1200,32,complete_rollout,1.254857344324988,-0.01420693782092286
1,1200,33,uniform,1.254857344324988,-0.007903147958527201
1,1200,33,learned_occupancy,1.254857344324988,-0.005696866228408259
1,1200,33,learned_mean,1.254857344324988,0.0005200314034494724
1,1200,33,tis,1.254857344324988,0.00028099166743733583
1,1200,33,tis_anchored,1.254857344324988,0.0025458508656692747
1,1200,33,occ_plus_uniform,1.254857344324988,-0.002089498749473062
1,1200,33,occ_plus_mean,1.254857344324988,-0.0027957571225085687
1,1200,33,oracle_tail,1.254857344324988,0.00017643098898134646
1,1200,33,complete_rollout,1.254857344324988,0.006118265431109604
1,1200,34,uniform,1.254857344324988,-0.004804040863475745
1,1200,34,learned_occupancy,1.254857344324988,-0.00018220738862706476
1,1200,34,learned_mean,1.254857344324988,0.0026889330273074386
1,1200,34,tis,1.254857344324988,0.0038375563587367267
1,1200,34,tis_anchored,1.254857344324988,0.0005795950056952659
1,1200,34,occ_plus_uniform,1.254857344324988,-0.0052693804020222945
1,1200,34,occ_plus_mean,1.254857344324988,0.0013883913116012891
1,1200,34,oracle_tail,1.254857344324988,0.0036828003519391306
1,1200,34,complete_rollout,1.254857344324988,-0.011767913430678956
1,1200,35,uniform,1.254857344324988,0.007878778365357775
1,1200,35,learned_occupancy,1.254857344324988,0.006292520915541555
1,1200,35,learned_mean,1.254857344324988,0.007339915727383239
1,1200,35,tis,1.254857344324988,0.0013186866789927087
1,1200,35,tis_anchored,1.254857344324988,0.004427360905339128
1,1200,35,occ_plus_uniform,1.254857344324988,0.007813473206695454
1,1200,35,occ_plus_mean,1.254857344324988,0.007867023781666038
1,1200,35,oracle_tail,1.254857344324988,0.000875214451238282
1,1200,35,complete_rollout,1.254857344324988,-0.04184921424368726
1,1200,36,uniform,1.254857344324988,0.011972120934621744
1,1200,36,learned_occupancy,1.254857344324988,0.007297525283156192
1,1200,36,learned_mean,1.254857344324988,0.008946340988849943
1,1200,36,tis,1.254857344324988,0.0040682978085462285
1,1200,36,tis_anchored,1.254857344324988,0.010355298287427317
1,1200,36,occ_plus_uniform,1.254857344324988,0.003168210048532849
1,1200,36,occ_plus_mean,1.254857344324988,0.008881155004826446
1,1200,36,oracle_tail,1.254857344324988,0.003250526445270685
1,1200,36,complete_rollout,1.254857344324988,-0.01501994595100431
1,1200,37,uniform,1.254857344324988,-0.014606654375501904
1,1200,37,learned_occupancy,1.254857344324988,-0.009874537306978626
1,1200,37,learned_mean,1.254857344324988,-0.006880906622332095
1,1200,37,tis,1.254857344324988,-0.010541630384704348
1,1200,37,tis_anchored,1.254857344324988,-0.006687419009658413
1,1200,37,occ_plus_uniform,1.254857344324988,-0.011916021358377549
1,1200,37,occ_plus_mean,1.254857344324988,-0.009418596415470049
1,1200,37,oracle_tail,1.254857344324988,-0.007550363742023114
1,1200,37,complete_rollout,1.254857344324988,0.007744281691272281
1,1200,38,uniform,1.254857344324988,-0.0096802748300433
1,1200,38,learned_occupancy,1.254857344324988,-0.0017477948081610073
1,1200,38,learned_mean,1.254857344324988,-0.001824528149769744
1,1200,38,tis,1.254857344324988,-0.007492876638795831
1,1200,38,tis_anchored,1.254857344324988,-0.0043663466650951666
1,1200,38,occ_plus_uniform,1.254857344324988,-0.005426165162003782
1,1200,38,occ_plus_mean,1.254857344324988,-0.0024242316257125918
1,1200,38,oracle_tail,1.254857344324988,-0.00507922388955051
1,1200,38,complete_rollout,1.254857344324988,0.002866232910784472
1,1200,39,uniform,1.254857344324988,0.0011328050491019592
1,1200,39,learned_occupancy,1.254857344324988,0.0086404312744921
1,1200,39,learned_mean,1.254857344324988,0.0037225988751565797
1,1200,39,tis,1.254857344324988,0.0033324995110575184
1,1200,39,tis_anchored,1.254857344324988,0.0004959175993968223
1,1200,39,occ_plus_uniform,1.254857344324988,0.0007797805240243871
1,1200,39,occ_plus_mean,1.254857344324988,0.006860103940884654
1,1200,39,oracle_tail,1.254857344324988,0.004685467717952196
1,1200,39,complete_rollout,1.254857344324988,-0.01501994595100431
1,1200,40,uniform,1.254857344324988,-0.009937935161653089
1,1200,40,learned_occupancy,1.254857344324988,-0.0020594347476532437
1,1200,40,learned_mean,1.254857344324988,-0.004552853777059163
1,1200,40,tis,1.254857344324988,-0.006341521691710428
1,1200,40,tis_anchored,1.254857344324988,-0.006680088038554466
1,1200,40,occ_plus_uniform,1.254857344324988,-0.0048816101470450235
1,1200,40,occ_plus_mean,1.254857344324988,0.00032231935040893944
1,1200,40,oracle_tail,1.254857344324988,-0.0030796619397683855
1,1200,40,complete_rollout,1.254857344324988,0.002866232910784472
1,1200,41,uniform,1.254857344324988,-6.619017882636413e-05
1,1200,41,learned_occupancy,1.254857344324988,0.004730165781857032
1,1200,41,learned_mean,1.254857344324988,-0.001729230942818738
1,1200,41,tis,1.254857344324988,-0.0003210393191406258
1,1200,41,tis_anchored,1.254857344324988,-0.004228043499593159
1,1200,41,occ_plus_uniform,1.254857344324988,0.006437531627074167
1,1200,41,occ_plus_mean,1.254857344324988,0.0002659090148231513
1,1200,41,oracle_tail,1.254857344324988,-0.004004801633642474
1,1200,41,complete_rollout,1.254857344324988,0.013435338601841318
1,1200,42,uniform,1.254857344324988,0.004387170003038454
1,1200,42,learned_occupancy,1.254857344324988,-0.003910845214430969
1,1200,42,learned_mean,1.254857344324988,-0.002464956175149524
1,1200,42,tis,1.254857344324988,0.005653231656829849
1,1200,42,tis_anchored,1.254857344324988,0.001319410387589759
1,1200,42,occ_plus_uniform,1.254857344324988,-0.000623494950899417
1,1200,42,occ_plus_mean,1.254857344324988,-0.002895041465422299
1,1200,42,oracle_tail,1.254857344324988,0.008007863241745294
1,1200,42,complete_rollout,1.254857344324988,0.009370297951434736
1,1200,43,uniform,1.254857344324988,-0.009507730576378215
1,1200,43,learned_occupancy,1.254857344324988,-0.010476296736045665
1,1200,43,learned_mean,1.254857344324988,-0.0169044529675777
1,1200,43,tis,1.254857344324988,-0.005882090036449794
1,1200,43,tis_anchored,1.254857344324988,-0.0003638335609681409
1,1200,43,occ_plus_uniform,1.254857344324988,-0.01367673715138662
1,1200,43,occ_plus_mean,1.254857344324988,-0.014107814594164214
1,1200,43,oracle_tail,1.254857344324988,-0.0034071567251225954
1,1200,43,complete_rollout,1.254857344324988,-0.030467100422548965
1,1200,44,uniform,1.254857344324988,-0.004433660010604745
1,1200,44,learned_occupancy,1.254857344324988,-0.011787722875867379
1,1200,44,learned_mean,1.254857344324988,-0.004041495059196709
1,1200,44,tis,1.254857344324988,-0.00930617833910774
1,1200,44,tis_anchored,1.254857344324988,-0.007530151054779832
1,1200,44,occ_plus_uniform,1.254857344324988,-0.012677218276079483
1,1200,44,occ_plus_mean,1.254857344324988,-0.005586996341902628
1,1200,44,oracle_tail,1.254857344324988,-0.007639217112483276
1,1200,44,complete_rollout,1.254857344324988,0.010183306081516186
1,1200,45,uniform,1.254857344324988,-0.00684732481291328
1,1200,45,learned_occupancy,1.254857344324988,-0.014375756765638181
1,1200,45,learned_mean,1.254857344324988,-0.013777774392178088
1,1200,45,tis,1.254857344324988,-0.007285568705582834
1,1200,45,tis_anchored,1.254857344324988,-0.004721241620223138
1,1200,45,occ_plus_uniform,1.254857344324988,-0.012767111621906357
1,1200,45,occ_plus_mean,1.254857344324988,-0.017639202303626034
1,1200,45,oracle_tail,1.254857344324988,-0.0058469898416546595
1,1200,45,complete_rollout,1.254857344324988,0.029695501203467423
1,1200,46,uniform,1.254857344324988,0.008824946657603805
1,1200,46,learned_occupancy,1.254857344324988,0.00509186594781319
1,1200,46,learned_mean,1.254857344324988,0.0031556201532567663
1,1200,46,tis,1.254857344324988,0.005386474609666125
1,1200,46,tis_anchored,1.254857344324988,-0.0006106659377442814
1,1200,46,occ_plus_uniform,1.254857344324988,0.009160520759313506
1,1200,46,occ_plus_mean,1.254857344324988,0.006064200220243121
1,1200,46,oracle_tail,1.254857344324988,0.007010266788669117
1,1200,46,complete_rollout,1.254857344324988,0.01262233047176009
1,1200,47,uniform,1.254857344324988,0.015032965436560852
1,1200,47,learned_occupancy,1.254857344324988,0.00810872908157334
1,1200,47,learned_mean,1.254857344324988,0.009072980382166751
1,1200,47,tis,1.254857344324988,0.007577597142932158
1,1200,47,tis_anchored,1.254857344324988,0.006726327808931121
1,1200,47,occ_plus_uniform,1.254857344324988,0.009833424400572
1,1200,47,occ_plus_mean,1.254857344324988,0.007738020498467835
1,1200,47,oracle_tail,1.254857344324988,0.004581276334540085
1,1200,47,complete_rollout,1.254857344324988,0.010996314211597413
1,1200,48,uniform,1.254857344324988,0.002504485846569704
1,1200,48,learned_occupancy,1.254857344324988,-0.0036872769955247353
1,1200,48,learned_mean,1.254857344324988,-0.004345686890976808
1,1200,48,tis,1.254857344324988,0.006014582006700575
1,1200,48,tis_anchored,1.254857344324988,-0.0007824915566183588
1,1200,48,occ_plus_uniform,1.254857344324988,-0.00204916152507173
1,1200,48,occ_plus_mean,1.254857344324988,-0.005913457016365253
1,1200,48,oracle_tail,1.254857344324988,0.00016895211511580577
1,1200,48,complete_rollout,1.254857344324988,-0.012580921560760405
1,1200,49,uniform,1.254857344324988,-0.006078367687143649
1,1200,49,learned_occupancy,1.254857344324988,-0.010318674108107828
1,1200,49,learned_mean,1.254857344324988,-0.013786184894153841
1,1200,49,tis,1.254857344324988,-0.012273454531591454
1,1200,49,tis_anchored,1.254857344324988,-0.01134190287349579
1,1200,49,occ_plus_uniform,1.254857344324988,-0.008244330927874799
1,1200,49,occ_plus_mean,1.254857344324988,-0.011772235682007803
1,1200,49,oracle_tail,1.254857344324988,-0.010930571723603677
1,1200,49,complete_rollout,1.254857344324988,-0.010954905300597728
1,1200,50,uniform,1.254857344324988,0.006995160673442413
1,1200,50,learned_occupancy,1.254857344324988,0.009897501566908273
1,1200,50,learned_mean,1.254857344324988,0.010728607506777177
1,1200,50,tis,1.254857344324988,0.006590586961211287
1,1200,50,tis_anchored,1.254857344324988,0.009023673510022867
1,1200,50,occ_plus_uniform,1.254857344324988,0.005694879657670349
1,1200,50,occ_plus_mean,1.254857344324988,0.010683017853436727
1,1200,50,oracle_tail,1.254857344324988,0.005534370915413422
1,1200,50,complete_rollout,1.254857344324988,0.0053052573010283766
1,1200,51,uniform,1.254857344324988,0.0014088790906860993
1,1200,51,learned_occupancy,1.254857344324988,-0.0010182420440201234
1,1200,51,learned_mean,1.254857344324988,-0.0009378398812143196
1,1200,51,tis,1.254857344324988,-0.003482371479600177
1,1200,51,tis_anchored,1.254857344324988,0.0038781624338100062
1,1200,51,occ_plus_uniform,1.254857344324988,-0.0005886772841132704
1,1200,51,occ_plus_mean,1.254857344324988,0.0008878193438417448
1,1200,51,oracle_tail,1.254857344324988,-0.003304735913548962
1,1200,51,complete_rollout,1.254857344324988,-0.0036378321298660143
1,1200,52,uniform,1.254857344324988,0.01831463179339332
1,1200,52,learned_occupancy,1.254857344324988,0.022601317683069055
1,1200,52,learned_mean,1.254857344324988,0.021912528362034722
1,1200,52,tis,1.254857344324988,0.017499726758815504
1,1200,52,tis_anchored,1.254857344324988,0.020441927585718167
1,1200,52,occ_plus_uniform,1.254857344324988,0.023445002445190433
1,1200,52,occ_plus_mean,1.254857344324988,0.025306646767995655
1,1200,52,oracle_tail,1.254857344324988,0.019049810681095458
1,1200,52,complete_rollout,1.254857344324988,-0.02396303538189848
1,1200,53,uniform,1.254857344324988,0.0003424809649625882
1,1200,53,learned_occupancy,1.254857344324988,0.00331605182635597
1,1200,53,learned_mean,1.254857344324988,0.0034453435098869
1,1200,53,tis,1.254857344324988,0.008960872471240444
1,1200,53,tis_anchored,1.254857344324988,0.0032564966362507164
1,1200,53,occ_plus_uniform,1.254857344324988,0.006515329861923158
1,1200,53,occ_plus_mean,1.254857344324988,0.0026550030869383345
1,1200,53,oracle_tail,1.254857344324988,0.009813105061982297
1,1200,53,complete_rollout,1.254857344324988,-0.02477604351197993
1,1200,54,uniform,1.254857344324988,-0.0009763136239071546
1,1200,54,learned_occupancy,1.254857344324988,-0.004129716609885925
1,1200,54,learned_mean,1.254857344324988,-0.0017948973932393475
1,1200,54,tis,1.254857344324988,0.003954713431350454
1,1200,54,tis_anchored,1.254857344324988,-0.0030625546234692713
1,1200,54,occ_plus_uniform,1.254857344324988,-0.002720934863311486
1,1200,54,occ_plus_mean,1.254857344324988,-0.0030985446560223284
1,1200,54,oracle_tail,1.254857344324988,0.0009746198732654143
1,1200,54,complete_rollout,1.254857344324988,-0.016645962211166765
1,1200,55,uniform,1.254857344324988,0.0063888251124144535
1,1200,55,learned_occupancy,1.254857344324988,0.00696971646225264
1,1200,55,learned_mean,1.254857344324988,0.006932631168775849
1,1200,55,tis,1.254857344324988,-0.0014389008594692942
1,1200,55,tis_anchored,1.254857344324988,0.002891843616493084
1,1200,55,occ_plus_uniform,1.254857344324988,-0.0014711454287170689
1,1200,55,occ_plus_mean,1.254857344324988,0.0067257024863658366
1,1200,55,oracle_tail,1.254857344324988,-0.005244605767035226
1,1200,55,complete_rollout,1.254857344324988,0.0036792410408656995
1,1200,56,uniform,1.254857344324988,0.0002153241580926668
1,1200,56,learned_occupancy,1.254857344324988,-0.008531514965024689
1,1200,56,learned_mean,1.254857344324988,-0.00805436195667264
1,1200,56,tis,1.254857344324988,0.00989335881761133
1,1200,56,tis_anchored,1.254857344324988,0.008836540526466985
1,1200,56,occ_plus_uniform,1.254857344324988,-0.0038267785252992237
1,1200,56,occ_plus_mean,1.254857344324988,-0.007935221571699014
1,1200,56,oracle_tail,1.254857344324988,0.009425600175968496
1,1200,56,complete_rollout,1.254857344324988,-0.002824823999784787
1,1200,57,uniform,1.254857344324988,0.007615640824644165
1,1200,57,learned_occupancy,1.254857344324988,0.0027186582904572543
1,1200,57,learned_mean,1.254857344324988,0.0015864758430850223
1,1200,57,tis,1.254857344324988,0.004528868128229613
1,1200,57,tis_anchored,1.254857344324988,0.0053165263113577055
1,1200,57,occ_plus_uniform,1.254857344324988,0.005416313540486328
1,1200,57,occ_plus_mean,1.254857344324988,0.0006325967184379611
1,1200,57,oracle_tail,1.254857344324988,0.005962859083783467
1,1200,57,complete_rollout,1.254857344324988,0.010996314211597413
1,1200,58,uniform,1.254857344324988,0.0071601254040609685
1,1200,58,learned_occupancy,1.254857344324988,0.011053276063734296
1,1200,58,learned_mean,1.254857344324988,0.014264259942479596
1,1200,58,tis,1.254857344324988,0.008854714675425424
1,1200,58,tis_anchored,1.254857344324988,0.012046882996374686
1,1200,58,occ_plus_uniform,1.254857344324988,0.007755182079708822
1,1200,58,occ_plus_mean,1.254857344324988,0.011485983023874713
1,1200,58,oracle_tail,1.254857344324988,0.008931068100149542
1,1200,58,complete_rollout,1.254857344324988,-0.020711002861573347
1,1200,59,uniform,1.254857344324988,0.00707104612835141
1,1200,59,learned_occupancy,1.254857344324988,0.00042204168754311766
1,1200,59,learned_mean,1.254857344324988,0.004039494939923838
1,1200,59,tis,1.254857344324988,0.010950020237652902
1,1200,59,tis_anchored,1.254857344324988,0.008245053571036554
1,1200,59,occ_plus_uniform,1.254857344324988,0.003706475688392441
1,1200,59,occ_plus_mean,1.254857344324988,0.0011007928894730679
1,1200,59,oracle_tail,1.254857344324988,0.012717462186667472
1,1200,59,complete_rollout,1.254857344324988,0.008557289821353509
1,1200,60,uniform,1.254857344324988,-0.005859973250468498
1,1200,60,learned_occupancy,1.254857344324988,-0.0026601340372256477
1,1200,60,learned_mean,1.254857344324988,-0.0059337609978276085
1,1200,60,tis,1.254857344324988,0.0023555254631726363
1,1200,60,tis_anchored,1.254857344324988,0.0008045643888676679
1,1200,60,occ_plus_uniform,1.254857344324988,-0.0011801404021909434
1,1200,60,occ_plus_mean,1.254857344324988,-0.0024452625132604933
1,1200,60,oracle_tail,1.254857344324988,0.004063088961832939
1,1200,60,complete_rollout,1.254857344324988,-0.009328889040435051
1,1200,61,uniform,1.254857344324988,0.003959710589861887
1,1200,61,learned_occupancy,1.254857344324988,-0.0015282744713356333
1,1200,61,learned_mean,1.254857344324988,-0.0038836834166231515
1,1200,61,tis,1.254857344324988,-0.003171135046482032
1,1200,61,tis_anchored,1.254857344324988,0.00022288308582663063
1,1200,61,occ_plus_uniform,1.254857344324988,0.0023740767866493595
1,1200,61,occ_plus_mean,1.254857344324988,-0.0011126107893963955
1,1200,61,oracle_tail,1.254857344324988,-0.008884824722608542
1,1200,61,complete_rollout,1.254857344324988,-0.020711002861573347
1,1200,62,uniform,1.254857344324988,-0.00793512105458527
1,1200,62,learned_occupancy,1.254857344324988,0.006897180273396142
1,1200,62,learned_mean,1.254857344324988,-0.0008922101666826165
1,1200,62,tis,1.254857344324988,0.0035768017844195477
1,1200,62,tis_anchored,1.254857344324988,0.003096452522863391
1,1200,62,occ_plus_uniform,1.254857344324988,-0.0005741481227441447
1,1200,62,occ_plus_mean,1.254857344324988,0.006270341475816288
1,1200,62,oracle_tail,1.254857344324988,0.0032138323974217897
1,1200,62,complete_rollout,1.254857344324988,0.01180932234167864
1,1200,63,uniform,1.254857344324988,0.011927171384237933
1,1200,63,learned_occupancy,1.254857344324988,0.013976114445463095
1,1200,63,learned_mean,1.254857344324988,0.013838412147510137
1,1200,63,tis,1.254857344324988,0.0010459694142095355
1,1200,63,tis_anchored,1.254857344324988,0.0018012898189250226
1,1200,63,occ_plus_uniform,1.254857344324988,0.011599939430133821
1,1200,63,occ_plus_mean,1.254857344324988,0.012010905069798739
1,1200,63,oracle_tail,1.254857344324988,-0.004838435252225937
1,1200,63,complete_rollout,1.254857344324988,0.01668737112216645
1,1200,64,uniform,1.254857344324988,-0.02089500243003073
1,1200,64,learned_occupancy,1.254857344324988,-0.0077619103706192405
1,1200,64,learned_mean,1.254857344324988,-0.012291103881755028
1,1200,64,tis,1.254857344324988,-0.011722340527226427
1,1200,64,tis_anchored,1.254857344324988,-0.015279700340764313
1,1200,64,occ_plus_uniform,1.254857344324988,-0.012380685054591112
1,1200,64,occ_plus_mean,1.254857344324988,-0.012996720473378742
1,1200,64,oracle_tail,1.254857344324988,-0.00878995133692162
1,1200,64,complete_rollout,1.254857344324988,0.02644346868314207
1,1200,65,uniform,1.254857344324988,7.614562629920663e-05
1,1200,65,learned_occupancy,1.254857344324988,-0.002549885786728545
1,1200,65,learned_mean,1.254857344324988,-0.003730682765368032
1,1200,65,tis,1.254857344324988,-0.0019124553127816135
1,1200,65,tis_anchored,1.254857344324988,-0.002001224407034652
1,1200,65,occ_plus_uniform,1.254857344324988,-0.0011099271438703706
1,1200,65,occ_plus_mean,1.254857344324988,-0.003469227543881681
1,1200,65,oracle_tail,1.254857344324988,-0.003059680502875528
1,1200,65,complete_rollout,1.254857344324988,-0.0068898646501911465
1,1200,66,uniform,1.254857344324988,-0.00984632700911181
1,1200,66,learned_occupancy,1.254857344324988,-0.005119803777361653
1,1200,66,learned_mean,1.254857344324988,-0.006079432020382969
1,1200,66,tis,1.254857344324988,-0.006971518499082174
1,1200,66,tis_anchored,1.254857344324988,-0.004591627628978134
1,1200,66,occ_plus_uniform,1.254857344324988,-0.010628909911797324
1,1200,66,occ_plus_mean,1.254857344324988,-0.006128515694397985
1,1200,66,oracle_tail,1.254857344324988,-0.0031966717770715025
1,1200,66,complete_rollout,1.254857344324988,-0.027215067902223833
1,1200,67,uniform,1.254857344324988,-0.020361354533654064
1,1200,67,learned_occupancy,1.254857344324988,-0.022102716917861365
1,1200,67,learned_mean,1.254857344324988,-0.024428315980734805
1,1200,67,tis,1.254857344324988,-0.01785990093738321
1,1200,67,tis_anchored,1.254857344324988,-0.02343251446599548
1,1200,67,occ_plus_uniform,1.254857344324988,-0.023376603899137427
1,1200,67,occ_plus_mean,1.254857344324988,-0.021199339703793507
1,1200,67,oracle_tail,1.254857344324988,-0.012825550784872686
1,1200,67,complete_rollout,1.254857344324988,0.0175003792522479
1,1200,68,uniform,1.254857344324988,0.00844084191384975
1,1200,68,learned_occupancy,1.254857344324988,0.0076291867804849645
1,1200,68,learned_mean,1.254857344324988,0.0024501171673794175
1,1200,68,tis,1.254857344324988,0.0034275134592187673
1,1200,68,tis_anchored,1.254857344324988,-0.0006171676936050918
1,1200,68,occ_plus_uniform,1.254857344324988,0.008220773791069558
1,1200,68,occ_plus_mean,1.254857344324988,0.004657198840849475
1,1200,68,oracle_tail,1.254857344324988,0.0030842619464486187
1,1200,68,complete_rollout,1.254857344324988,-0.01989799473149212
1,1200,69,uniform,1.254857344324988,-0.0001754977693790849
1,1200,69,learned_occupancy,1.254857344324988,0.006583473585991095
1,1200,69,learned_mean,1.254857344324988,0.008364422088783519
1,1200,69,tis,1.254857344324988,0.003927898046029554
1,1200,69,tis_anchored,1.254857344324988,0.007836940696384964
1,1200,69,occ_plus_uniform,1.254857344324988,0.004826786604128497
1,1200,69,occ_plus_mean,1.254857344324988,0.008639063098893951
1,1200,69,oracle_tail,1.254857344324988,0.0008459571489292106
1,1200,69,complete_rollout,1.254857344324988,-0.0003857996095408822
1,1200,70,uniform,1.254857344324988,-0.0013129925061345915
1,1200,70,learned_occupancy,1.254857344324988,0.00820140002170855
1,1200,70,learned_mean,1.254857344324988,0.009852331447771201
1,1200,70,tis,1.254857344324988,0.007775637230587051
1,1200,70,tis_anchored,1.254857344324988,0.009173511939839729
1,1200,70,occ_plus_uniform,1.254857344324988,0.005504619067757899
1,1200,70,occ_plus_mean,1.254857344324988,0.008812376130844513
1,1200,70,oracle_tail,1.254857344324988,0.008777075926320599
1,1200,70,complete_rollout,1.254857344324988,0.0012402166506217949
1,1200,71,uniform,1.254857344324988,-0.007338862555873238
1,1200,71,learned_occupancy,1.254857344324988,-0.008236827443550698
1,1200,71,learned_mean,1.254857344324988,-0.011063378336997776
1,1200,71,tis,1.254857344324988,-0.003405478462884526
1,1200,71,tis_anchored,1.254857344324988,-0.011110162277528701
1,1200,71,occ_plus_uniform,1.254857344324988,-0.009789423142232412
1,1200,71,occ_plus_mean,1.254857344324988,-0.007083188951593211
1,1200,71,oracle_tail,1.254857344324988,-0.003814464840664167
1,1200,71,complete_rollout,1.254857344324988,0.004492249170946927
1,1200,72,uniform,1.254857344324988,0.007476692613607616
1,1200,72,learned_occupancy,1.254857344324988,0.0034671895526445784
1,1200,72,learned_mean,1.254857344324988,0.006329816147106149
1,1200,72,tis,1.254857344324988,0.0035816395979555438
1,1200,72,tis_anchored,1.254857344324988,-0.0010737746946225535
1,1200,72,occ_plus_uniform,1.254857344324988,0.0057394951549096795
1,1200,72,occ_plus_mean,1.254857344324988,0.006630559158264271
1,1200,72,oracle_tail,1.254857344324988,0.003909590992599021
1,1200,72,complete_rollout,1.254857344324988,0.0012402166506217949
1,1200,73,uniform,1.254857344324988,-0.02225547427332608
1,1200,73,learned_occupancy,1.254857344324988,0.00019528586139894166
1,1200,73,learned_mean,1.254857344324988,0.000831519461832464
1,1200,73,tis,1.254857344324988,-0.010251470198069823
1,1200,73,tis_anchored,1.254857344324988,-0.016019224806226973
1,1200,73,occ_plus_uniform,1.254857344324988,-0.012583118123102865
1,1200,73,occ_plus_mean,1.254857344324988,-0.0021551184465504747
1,1200,73,oracle_tail,1.254857344324988,-0.010601947564937486
1,1200,73,complete_rollout,1.254857344324988,0.008557289821353509
1,1200,74,uniform,1.254857344324988,0.0023627627974085463
1,1200,74,learned_occupancy,1.254857344324988,-0.00628134384275203
1,1200,74,learned_mean,1.254857344324988,-0.005299230723248671
1,1200,74,tis,1.254857344324988,-0.011453986823062534
1,1200,74,tis_anchored,1.254857344324988,-0.009395757012710337
1,1200,74,occ_plus_uniform,1.254857344324988,-0.0028454623368068255
1,1200,74,occ_plus_mean,1.254857344324988,-0.006031433266747932
1,1200,74,oracle_tail,1.254857344324988,-0.012132763228996923
1,1200,74,complete_rollout,1.254857344324988,0.019939403642491804
1,1200,75,uniform,1.254857344324988,-0.0022527353549979257
1,1200,75,learned_occupancy,1.254857344324988,-0.005534478261704612
1,1200,75,learned_mean,1.254857344324988,-0.0013288371344946093
1,1200,75,tis,1.254857344324988,-0.0029783339631803685
1,1200,75,tis_anchored,1.254857344324988,-0.0015594591189318496
1,1200,75,occ_plus_uniform,1.254857344324988,-0.005207455633886138
1,1200,75,occ_plus_mean,1.254857344324988,-0.0046764193735797654
1,1200,75,oracle_tail,1.254857344324988,-0.005761848225706245
1,1200,75,complete_rollout,1.254857344324988,0.0020532247807030224
1,1200,76,uniform,1.254857344324988,0.02022132412880917
1,1200,76,learned_occupancy,1.254857344324988,0.010296092905134335
1,1200,76,learned_mean,1.254857344324988,0.008820481737467967
1,1200,76,tis,1.254857344324988,0.011429675919346849
1,1200,76,tis_anchored,1.254857344324988,0.0105736853459526
1,1200,76,occ_plus_uniform,1.254857344324988,0.016388716408213932
1,1200,76,occ_plus_mean,1.254857344324988,0.009844179603116343
1,1200,76,oracle_tail,1.254857344324988,0.014499285152564045
1,1200,76,complete_rollout,1.254857344324988,-0.011767913430678956
1,1200,77,uniform,1.254857344324988,-0.0010909244604613288
1,1200,77,learned_occupancy,1.254857344324988,0.0009905522666728839
1,1200,77,learned_mean,1.254857344324988,-0.001247055607524139
1,1200,77,tis,1.254857344324988,0.0024346002784216836
1,1200,77,tis_anchored,1.254857344324988,0.002794817660787041
1,1200,77,occ_plus_uniform,1.254857344324988,0.0008574012267139608
1,1200,77,occ_plus_mean,1.254857344324988,0.000600914108230155
1,1200,77,oracle_tail,1.254857344324988,0.002582726705866678
1,1200,77,complete_rollout,1.254857344324988,0.010183306081516186
1,1200,78,uniform,1.254857344324988,-0.009714846069087901
1,1200,78,learned_occupancy,1.254857344324988,-0.005838506113742703
1,1200,78,learned_mean,1.254857344324988,-0.000977439813109937
1,1200,78,tis,1.254857344324988,-0.0005416810607195011
1,1200,78,tis_anchored,1.254857344324988,0.0005783622287165446
1,1200,78,occ_plus_uniform,1.254857344324988,-0.011381126640510608
1,1200,78,occ_plus_mean,1.254857344324988,-3.406617462764494e-05
1,1200,78,oracle_tail,1.254857344324988,-0.0009825039090223253
1,1200,78,complete_rollout,1.254857344324988,-0.015832954081085537
1,1200,79,uniform,1.254857344324988,0.005577063631098111
1,1200,79,learned_occupancy,1.254857344324988,0.0032897497306316748
1,1200,79,learned_mean,1.254857344324988,0.007323899522951427
1,1200,79,tis,1.254857344324988,0.018208865769444138
1,1200,79,tis_anchored,1.254857344324988,0.014575756167171994
1,1200,79,occ_plus_uniform,1.254857344324988,0.006892592117156315
1,1200,79,occ_plus_mean,1.254857344324988,0.007455225876148441
1,1200,79,oracle_tail,1.254857344324988,0.009745162953179731
1,1200,79,complete_rollout,1.254857344324988,-0.015832954081085537
1,1200,80,uniform,1.254857344324988,-0.004755420362529739
1,1200,80,learned_occupancy,1.254857344324988,-0.002423697053471674
1,1200,80,learned_mean,1.254857344324988,-0.006619635255351808
1,1200,80,tis,1.254857344324988,-0.00045154211823694723
1,1200,80,tis_anchored,1.254857344324988,-0.005741797559261297
1,1200,80,occ_plus_uniform,1.254857344324988,-0.0075723173842987546
1,1200,80,occ_plus_mean,1.254857344324988,-0.002566932380532627
1,1200,80,oracle_tail,1.254857344324988,-0.002271589542060637
1,1200,80,complete_rollout,1.254857344324988,0.0036792410408656995
1,1200,81,uniform,1.254857344324988,-0.0033265305769611953
1,1200,81,learned_occupancy,1.254857344324988,0.004326644752122855
1,1200,81,learned_mean,1.254857344324988,0.005096917563812031
1,1200,81,tis,1.254857344324988,-0.0010278799842029507
1,1200,81,tis_anchored,1.254857344324988,-0.00010986214065278332
1,1200,81,occ_plus_uniform,1.254857344324988,0.0019958578556933393
1,1200,81,occ_plus_mean,1.254857344324988,0.003289636699628007
1,1200,81,oracle_tail,1.254857344324988,-0.002392190923140358
1,1200,81,complete_rollout,1.254857344324988,0.010996314211597413
1,1200,82,uniform,1.254857344324988,-0.008032618505850353
1,1200,82,learned_occupancy,1.254857344324988,-0.002217923238020836
1,1200,82,learned_mean,1.254857344324988,-0.0017632066264217094
1,1200,82,tis,1.254857344324988,-0.002339905547069865
1,1200,82,tis_anchored,1.254857344324988,0.001302334078165046
1,1200,82,occ_plus_uniform,1.254857344324988,-0.008700885998605301
1,1200,82,occ_plus_mean,1.254857344324988,-0.0017286503102158512
1,1200,82,oracle_tail,1.254857344324988,-0.00262845014469959
1,1200,82,complete_rollout,1.254857344324988,0.006118265431109604
1,1200,83,uniform,1.254857344324988,-0.0005813555707383511
1,1200,83,learned_occupancy,1.254857344324988,-0.0007424051360513939
1,1200,83,learned_mean,1.254857344324988,0.0018608152699317593
1,1200,83,tis,1.254857344324988,0.0026748832334366757
1,1200,83,tis_anchored,1.254857344324988,-0.0027145160031067928
1,1200,83,occ_plus_uniform,1.254857344324988,-0.0016205713215671214
1,1200,83,occ_plus_mean,1.254857344324988,0.0017206097558877254
1,1200,83,oracle_tail,1.254857344324988,0.0003986108833120561
1,1200,83,complete_rollout,1.254857344324988,-0.01989799473149212
1,1200,84,uniform,1.254857344324988,-0.0009369827781839923
1,1200,84,learned_occupancy,1.254857344324988,0.006019699103429144
1,1200,84,learned_mean,1.254857344324988,-0.0011351300886546234
1,1200,84,tis,1.254857344324988,0.003340611186154474
1,1200,84,tis_anchored,1.254857344324988,0.004880883067897024
1,1200,84,occ_plus_uniform,1.254857344324988,0.0069692086877746195
1,1200,84,occ_plus_mean,1.254857344324988,0.0004640364737316105
1,1200,84,oracle_tail,1.254857344324988,0.0011226263750903076
1,1200,84,complete_rollout,1.254857344324988,-0.0101418971705165
1,1200,85,uniform,1.254857344324988,0.012848657142751074
1,1200,85,learned_occupancy,1.254857344324988,0.002760816187959758
1,1200,85,learned_mean,1.254857344324988,0.011339461555675223
1,1200,85,tis,1.254857344324988,0.00493203207739068
1,1200,85,tis_anchored,1.254857344324988,0.0007888429398188457
1,1200,85,occ_plus_uniform,1.254857344324988,0.010198281916766083
1,1200,85,occ_plus_mean,1.254857344324988,0.006757596512575903
1,1200,85,oracle_tail,1.254857344324988,0.002013278424697562
1,1200,85,complete_rollout,1.254857344324988,-0.0101418971705165
1,1200,86,uniform,1.254857344324988,0.0037607262716088385
1,1200,86,learned_occupancy,1.254857344324988,0.003806716726682202
1,1200,86,learned_mean,1.254857344324988,0.0033126842342601215
1,1200,86,tis,1.254857344324988,-0.003147948340187501
1,1200,86,tis_anchored,1.254857344324988,-0.006922096874160344
1,1200,86,occ_plus_uniform,1.254857344324988,0.002935386622561875
1,1200,86,occ_plus_mean,1.254857344324988,0.0011623121586108454
1,1200,86,oracle_tail,1.254857344324988,-0.00587860076034219
1,1200,86,complete_rollout,1.254857344324988,-0.0003857996095408822
1,1200,87,uniform,1.254857344324988,0.004821778279632927
1,1200,87,learned_occupancy,1.254857344324988,0.0017732140677866326
1,1200,87,learned_mean,1.254857344324988,0.004187583138090867
1,1200,87,tis,1.254857344324988,0.0002198047509425205
1,1200,87,tis_anchored,1.254857344324988,0.006204992874986326
1,1200,87,occ_plus_uniform,1.254857344324988,0.005377454489774669
1,1200,87,occ_plus_mean,1.254857344324988,0.003908999401129654
1,1200,87,oracle_tail,1.254857344324988,0.0002717136893373162
1,1200,87,complete_rollout,1.254857344324988,0.0012402166506217949
1,1200,88,uniform,1.254857344324988,0.0008891842893328228
1,1200,88,learned_occupancy,1.254857344324988,0.00264293472591115
1,1200,88,learned_mean,1.254857344324988,0.0005172642651860571
1,1200,88,tis,1.254857344324988,0.005215936922829956
1,1200,88,tis_anchored,1.254857344324988,0.009627554382084291
1,1200,88,occ_plus_uniform,1.254857344324988,-0.0031128899252186315
1,1200,88,occ_plus_mean,1.254857344324988,-0.0008631445590041587
1,1200,88,oracle_tail,1.254857344324988,0.005773426243544488
1,1200,88,complete_rollout,1.254857344324988,-0.02802807603230506
1,1200,89,uniform,1.254857344324988,0.005513500382387626
1,1200,89,learned_occupancy,1.254857344324988,-0.0022980588245176126
1,1200,89,learned_mean,1.254857344324988,0.002292131664116459
1,1200,89,tis,1.254857344324988,-0.010403295633073295
1,1200,89,tis_anchored,1.254857344324988,-0.005535176644003048
1,1200,89,occ_plus_uniform,1.254857344324988,0.0017829725863223178
1,1200,89,occ_plus_mean,1.254857344324988,-0.0007875339613321319
1,1200,89,oracle_tail,1.254857344324988,-0.008238188986426476
1,1200,89,complete_rollout,1.254857344324988,0.007744281691272281
1,1200,90,uniform,1.254857344324988,0.005144909101183259
1,1200,90,learned_occupancy,1.254857344324988,0.010266602411267423
1,1200,90,learned_mean,1.254857344324988,0.010139610611471062
1,1200,90,tis,1.254857344324988,0.011520252295380784
1,1200,90,tis_anchored,1.254857344324988,0.012107027336992315
1,1200,90,occ_plus_uniform,1.254857344324988,0.012112000128459588
1,1200,90,occ_plus_mean,1.254857344324988,0.012685079081134587
1,1200,90,oracle_tail,1.254857344324988,0.011240690096255168
1,1200,90,complete_rollout,1.254857344324988,-0.030467100422548965
1,1200,91,uniform,1.254857344324988,0.002453220716917892
1,1200,91,learned_occupancy,1.254857344324988,0.0044902322062325695
1,1200,91,learned_mean,1.254857344324988,0.001480023003068931
1,1200,91,tis,1.254857344324988,-0.0013359919032907008
1,1200,91,tis_anchored,1.254857344324988,0.001183745249148993
1,1200,91,occ_plus_uniform,1.254857344324988,-0.0015606380731816305
1,1200,91,occ_plus_mean,1.254857344324988,0.001055105500152198
1,1200,91,oracle_tail,1.254857344324988,0.0005176662427377465
1,1200,91,complete_rollout,1.254857344324988,-0.0036378321298660143
1,1200,92,uniform,1.254857344324988,0.005080311662224002
1,1200,92,learned_occupancy,1.254857344324988,0.006275387067071758
1,1200,92,learned_mean,1.254857344324988,0.007314667584666701
1,1200,92,tis,1.254857344324988,0.0010259710238194053
1,1200,92,tis_anchored,1.254857344324988,0.006731598745347345
1,1200,92,occ_plus_uniform,1.254857344324988,0.006548056951423131
1,1200,92,occ_plus_mean,1.254857344324988,0.006937588671084294
1,1200,92,oracle_tail,1.254857344324988,0.0005755860608835928
1,1200,92,complete_rollout,1.254857344324988,-0.02477604351197993
1,1200,93,uniform,1.254857344324988,-0.00020113491115081317
1,1200,93,learned_occupancy,1.254857344324988,-0.0008185174672390438
1,1200,93,learned_mean,1.254857344324988,0.0002967989787310277
1,1200,93,tis,1.254857344324988,0.007193451267510476
1,1200,93,tis_anchored,1.254857344324988,0.002563959893834067
1,1200,93,occ_plus_uniform,1.254857344324988,-0.000726009766029323
1,1200,93,occ_plus_mean,1.254857344324988,0.0012820468552705577
1,1200,93,oracle_tail,1.254857344324988,0.0057649833801858286
1,1200,93,complete_rollout,1.254857344324988,0.014248346731922545
1,1200,94,uniform,1.254857344324988,0.0015066162961443474
1,1200,94,learned_occupancy,1.254857344324988,-0.014076127697772112
1,1200,94,learned_mean,1.254857344324988,-0.011829654515904675
1,1200,94,tis,1.254857344324988,-0.005248947389371983
1,1200,94,tis_anchored,1.254857344324988,-0.0022955832404727428
1,1200,94,occ_plus_uniform,1.254857344324988,-0.0031508849545693884
1,1200,94,occ_plus_mean,1.254857344324988,-0.011045193145625687
1,1200,94,oracle_tail,1.254857344324988,-0.006265901634339599
1,1200,94,complete_rollout,1.254857344324988,0.007744281691272281
1,1200,95,uniform,1.254857344324988,-0.016517435694367366
1,1200,95,learned_occupancy,1.254857344324988,-0.0197976691814723
1,1200,95,learned_mean,1.254857344324988,-0.01650385552524747
1,1200,95,tis,1.254857344324988,-0.007257341863696087
1,1200,95,tis_anchored,1.254857344324988,-0.013307633936344931
1,1200,95,occ_plus_uniform,1.254857344324988,-0.01588560717301979
1,1200,95,occ_plus_mean,1.254857344324988,-0.015577675295438187
1,1200,95,oracle_tail,1.254857344324988,-0.010994168402450821
1,1200,95,complete_rollout,1.254857344324988,0.006118265431109604
1,1200,96,uniform,1.254857344324988,0.0063271853311985815
1,1200,96,learned_occupancy,1.254857344324988,0.005688971702160206
1,1200,96,learned_mean,1.254857344324988,0.001964784476824022
1,1200,96,tis,1.254857344324988,0.006293483406646372
1,1200,96,tis_anchored,1.254857344324988,-0.0004961231377831332
1,1200,96,occ_plus_uniform,1.254857344324988,0.0068250350076672905
1,1200,96,occ_plus_mean,1.254857344324988,0.0011831323216446865
1,1200,96,oracle_tail,1.254857344324988,0.0039701112270087435
1,1200,96,complete_rollout,1.254857344324988,-0.010954905300597728
1,1200,97,uniform,1.254857344324988,0.008914916538795614
1,1200,97,learned_occupancy,1.254857344324988,0.004577665391161112
1,1200,97,learned_mean,1.254857344324988,0.003625369034351067
1,1200,97,tis,1.254857344324988,0.0024425403974475124
1,1200,97,tis_anchored,1.254857344324988,0.00027097120202235203
1,1200,97,occ_plus_uniform,1.254857344324988,0.0051761993473524726
1,1200,97,occ_plus_mean,1.254857344324988,0.0018733462655213806
1,1200,97,oracle_tail,1.254857344324988,0.00351187511772566
1,1200,97,complete_rollout,1.254857344324988,-0.0003857996095408822
1,1200,98,uniform,1.254857344324988,0.011842281737904692
1,1200,98,learned_occupancy,1.254857344324988,0.014303647257507324
1,1200,98,learned_mean,1.254857344324988,0.010763942441574859
1,1200,98,tis,1.254857344324988,0.007440009999438724
1,1200,98,tis_anchored,1.254857344324988,0.009643667260778255
1,1200,98,occ_plus_uniform,1.254857344324988,0.010398227623481526
1,1200,98,occ_plus_mean,1.254857344324988,0.011192166553828153
1,1200,98,oracle_tail,1.254857344324988,0.007156204986788373
1,1200,98,complete_rollout,1.254857344324988,-0.0036378321298660143
1,1200,99,uniform,1.254857344324988,-0.018767120223316613
1,1200,99,learned_occupancy,1.254857344324988,-0.01453954582365502
1,1200,99,learned_mean,1.254857344324988,-0.014079220767168055
1,1200,99,tis,1.254857344324988,-0.01434132110319819
1,1200,99,tis_anchored,1.254857344324988,-0.013304927885523066
1,1200,99,occ_plus_uniform,1.254857344324988,-0.015094122280510103
1,1200,99,occ_plus_mean,1.254857344324988,-0.017510879846110106
1,1200,99,oracle_tail,1.254857344324988,-0.009669613734924365
1,1200,99,complete_rollout,1.254857344324988,0.002866232910784472
1,1200,100,uniform,1.254857344324988,-0.008385295387303371
1,1200,100,learned_occupancy,1.254857344324988,-0.006774550776096566
1,1200,100,learned_mean,1.254857344324988,-0.006153395561768971
1,1200,100,tis,1.254857344324988,-0.008878681989625825
1,1200,100,tis_anchored,1.254857344324988,-0.008681907583826254
1,1200,100,occ_plus_uniform,1.254857344324988,-0.005576119646157229
1,1200,100,occ_plus_mean,1.254857344324988,-0.005990540803772371
1,1200,100,oracle_tail,1.254857344324988,-0.010311484855354491
1,1200,100,complete_rollout,1.254857344324988,-0.0068898646501911465
1,1200,101,uniform,1.254857344324988,-0.008745575884800294
1,1200,101,learned_occupancy,1.254857344324988,-0.004303631288964382
1,1200,101,learned_mean,1.254857344324988,-0.00542814754154608
1,1200,101,tis,1.254857344324988,0.004899378748011607
1,1200,101,tis_anchored,1.254857344324988,-0.004717196358606568
1,1200,101,occ_plus_uniform,1.254857344324988,-0.007572255816089335
1,1200,101,occ_plus_mean,1.254857344324988,-0.002327308887363877
1,1200,101,oracle_tail,1.254857344324988,0.0011629829831580896
1,1200,101,complete_rollout,1.254857344324988,-0.021524010991654574
1,1200,102,uniform,1.254857344324988,-0.0016698749243224675
1,1200,102,learned_occupancy,1.254857344324988,0.0010590074604697186
1,1200,102,learned_mean,1.254857344324988,-0.0038863211220772076
1,1200,102,tis,1.254857344324988,-0.004437421109241946
1,1200,102,tis_anchored,1.254857344324988,-0.008903360468324184
1,1200,102,occ_plus_uniform,1.254857344324988,0.007695837750212986
1,1200,102,occ_plus_mean,1.254857344324988,-0.001237546245472787
1,1200,102,oracle_tail,1.254857344324988,0.0005763700837086994
1,1200,102,complete_rollout,1.254857344324988,0.006118265431109604
1,1200,103,uniform,1.254857344324988,-0.008811783551684327
1,1200,103,learned_occupancy,1.254857344324988,-0.02116340277119333
1,1200,103,learned_mean,1.254857344324988,-0.018756261266601237
1,1200,103,tis,1.254857344324988,-0.004802233807574385
1,1200,103,tis_anchored,1.254857344324988,-0.0088677026465529
1,1200,103,occ_plus_uniform,1.254857344324988,-0.014215330535155335
1,1200,103,occ_plus_mean,1.254857344324988,-0.022819412460022503
1,1200,103,oracle_tail,1.254857344324988,0.000921469878392589
1,1200,103,complete_rollout,1.254857344324988,0.013435338601841318
1,1200,104,uniform,1.254857344324988,-0.017798070084568796
1,1200,104,learned_occupancy,1.254857344324988,-0.015035863752846046
1,1200,104,learned_mean,1.254857344324988,-0.017266333691321467
1,1200,104,tis,1.254857344324988,-0.010338753198041672
1,1200,104,tis_anchored,1.254857344324988,-0.011332805597970896
1,1200,104,occ_plus_uniform,1.254857344324988,-0.014273111181702713
1,1200,104,occ_plus_mean,1.254857344324988,-0.015889483727859588
1,1200,104,oracle_tail,1.254857344324988,-0.009890171698311967
1,1200,104,complete_rollout,1.254857344324988,0.01180932234167864
1,1200,105,uniform,1.254857344324988,0.01095045369493075
1,1200,105,learned_occupancy,1.254857344324988,0.004225755577910162
1,1200,105,learned_mean,1.254857344324988,0.00902303787970049
1,1200,105,tis,1.254857344324988,0.001672854604637397
1,1200,105,tis_anchored,1.254857344324988,0.004694904341693729
1,1200,105,occ_plus_uniform,1.254857344324988,0.00595916561062193
1,1200,105,occ_plus_mean,1.254857344324988,0.006754644392815257
1,1200,105,oracle_tail,1.254857344324988,0.0007559337656295462
1,1200,105,complete_rollout,1.254857344324988,0.002866232910784472
1,1200,106,uniform,1.254857344324988,-0.0020812261396165876
1,1200,106,learned_occupancy,1.254857344324988,-0.00013954704400753748
1,1200,106,learned_mean,1.254857344324988,0.0031488229254013067
1,1200,106,tis,1.254857344324988,0.001064387716134263
1,1200,106,tis_anchored,1.254857344324988,0.0012168303542958725
1,1200,106,occ_plus_uniform,1.254857344324988,-0.002179529929159818
1,1200,106,occ_plus_mean,1.254857344324988,-0.0006203261475448141
1,1200,106,oracle_tail,1.254857344324988,-0.0018235000817290459
1,1200,106,complete_rollout,1.254857344324988,0.009370297951434736
1,1200,107,uniform,1.254857344324988,0.012437423936571435
1,1200,107,learned_occupancy,1.254857344324988,0.011221598206369254
1,1200,107,learned_mean,1.254857344324988,0.007486928305245888
1,1200,107,tis,1.254857344324988,-0.002827433772687904
1,1200,107,tis_anchored,1.254857344324988,0.002785544344449331
1,1200,107,occ_plus_uniform,1.254857344324988,0.01011210191051859
1,1200,107,occ_plus_mean,1.254857344324988,0.009846331609617343
1,1200,107,oracle_tail,1.254857344324988,-0.0053458612287018425
1,1200,107,complete_rollout,1.254857344324988,0.010183306081516186
1,1200,108,uniform,1.254857344324988,-0.01238124946609398
1,1200,108,learned_occupancy,1.254857344324988,-0.008308440951468654
1,1200,108,learned_mean,1.254857344324988,-0.007235106760101306
1,1200,108,tis,1.254857344324988,-0.003865601860695733
1,1200,108,tis_anchored,1.254857344324988,-0.01168521931385369
1,1200,108,occ_plus_uniform,1.254857344324988,-0.007957157706928175
1,1200,108,occ_plus_mean,1.254857344324988,-0.007471022976511588
1,1200,108,oracle_tail,1.254857344324988,-0.005522092628682751
1,1200,108,complete_rollout,1.254857344324988,-0.005263848390028691
1,1200,109,uniform,1.254857344324988,-0.00839685359986797
1,1200,109,learned_occupancy,1.254857344324988,-0.00038184300594479303
1,1200,109,learned_mean,1.254857344324988,-0.006263413635309467
1,1200,109,tis,1.254857344324988,-0.002994826871324019
1,1200,109,tis_anchored,1.254857344324988,-0.0014631857194005171
1,1200,109,occ_plus_uniform,1.254857344324988,-0.0038642225703191535
1,1200,109,occ_plus_mean,1.254857344324988,-0.0038318100586880455
1,1200,109,oracle_tail,1.254857344324988,-0.0040582277351708385
1,1200,109,complete_rollout,1.254857344324988,-0.007702872780272596
1,1200,110,uniform,1.254857344324988,-0.006556819194724728
1,1200,110,learned_occupancy,1.254857344324988,-0.013073170824489555
1,1200,110,learned_mean,1.254857344324988,-0.013292469976239785
1,1200,110,tis,1.254857344324988,-0.0028265678935850413
1,1200,110,tis_anchored,1.254857344324988,5.501836203514188e-06
1,1200,110,occ_plus_uniform,1.254857344324988,-0.0077492993156975665
1,1200,110,occ_plus_mean,1.254857344324988,-0.011142933655418519
1,1200,110,oracle_tail,1.254857344324988,-0.002162079666142569
1,1200,110,complete_rollout,1.254857344324988,-0.006076856520109919
1,1200,111,uniform,1.254857344324988,0.007664814599970926
1,1200,111,learned_occupancy,1.254857344324988,0.008410860486711025
1,1200,111,learned_mean,1.254857344324988,0.005180799333544206
1,1200,111,tis,1.254857344324988,0.005107678587857656
1,1200,111,tis_anchored,1.254857344324988,0.006916613529171611
1,1200,111,occ_plus_uniform,1.254857344324988,0.00816066982909347
1,1200,111,occ_plus_mean,1.254857344324988,0.004962213740291155
1,1200,111,oracle_tail,1.254857344324988,0.002420983796673104
1,1200,111,complete_rollout,1.254857344324988,0.02644346868314207
1,1200,112,uniform,1.254857344324988,-0.011985841600993474
1,1200,112,learned_occupancy,1.254857344324988,-0.015930157183020377
1,1200,112,learned_mean,1.254857344324988,-0.01008929109077572
1,1200,112,tis,1.254857344324988,-0.016420989156624044
1,1200,112,tis_anchored,1.254857344324988,-0.019413458440139975
1,1200,112,occ_plus_uniform,1.254857344324988,-0.01267915075007875
1,1200,112,occ_plus_mean,1.254857344324988,-0.01465144464481738
1,1200,112,oracle_tail,1.254857344324988,-0.015127587407390841
1,1200,112,complete_rollout,1.254857344324988,0.01262233047176009
1,1200,113,uniform,1.254857344324988,-0.00013351673781425433
1,1200,113,learned_occupancy,1.254857344324988,0.002690815557509385
1,1200,113,learned_mean,1.254857344324988,0.0012149491305484261
1,1200,113,tis,1.254857344324988,-0.0018442814974399813
1,1200,113,tis_anchored,1.254857344324988,-0.002319362630631927
1,1200,113,occ_plus_uniform,1.254857344324988,0.003602955166468247
1,1200,113,occ_plus_mean,1.254857344324988,0.000887638784308642
1,1200,113,oracle_tail,1.254857344324988,-0.002505125970371669
1,1200,113,complete_rollout,1.254857344324988,0.02156541990265426
1,1200,114,uniform,1.254857344324988,0.014616867727538452
1,1200,114,learned_occupancy,1.254857344324988,0.015603908329268723
1,1200,114,learned_mean,1.254857344324988,0.016300713832210878
1,1200,114,tis,1.254857344324988,0.015348198274321989
1,1200,114,tis_anchored,1.254857344324988,0.014362964632014474
1,1200,114,occ_plus_uniform,1.254857344324988,0.013006382145370754
1,1200,114,occ_plus_mean,1.254857344324988,0.01584137157981358
1,1200,114,oracle_tail,1.254857344324988,0.012025583193403522
1,1200,114,complete_rollout,1.254857344324988,0.006118265431109604
1,1200,115,uniform,1.254857344324988,-0.010871208123715892
1,1200,115,learned_occupancy,1.254857344324988,-0.011306163284777293
1,1200,115,learned_mean,1.254857344324988,-0.013590121942696598
1,1200,115,tis,1.254857344324988,-0.019514701182165695
1,1200,115,tis_anchored,1.254857344324988,-0.014618607418134921
1,1200,115,occ_plus_uniform,1.254857344324988,-0.012276508764148764
1,1200,115,occ_plus_mean,1.254857344324988,-0.011808366681709037
1,1200,115,oracle_tail,1.254857344324988,-0.013851759527774954
1,1200,115,complete_rollout,1.254857344324988,-0.0101418971705165
1,1200,116,uniform,1.254857344324988,-0.0029459486847664973
1,1200,116,learned_occupancy,1.254857344324988,0.005693710887095804
1,1200,116,learned_mean,1.254857344324988,0.0006812154801041359
1,1200,116,tis,1.254857344324988,-0.0016165403168155734
1,1200,116,tis_anchored,1.254857344324988,4.7988962789347056e-05
1,1200,116,occ_plus_uniform,1.254857344324988,-0.0017508094017704146
1,1200,116,occ_plus_mean,1.254857344324988,0.0007718057495857966
1,1200,116,oracle_tail,1.254857344324988,0.0019696045223374092
1,1200,116,complete_rollout,1.254857344324988,-0.0011988077396221097
1,1200,117,uniform,1.254857344324988,0.0017883171812675958
1,1200,117,learned_occupancy,1.254857344324988,0.003892218437647088
1,1200,117,learned_mean,1.254857344324988,-0.002649746521187213
1,1200,117,tis,1.254857344324988,0.0010850124117747217
1,1200,117,tis_anchored,1.254857344324988,-0.0030585012714308135
1,1200,117,occ_plus_uniform,1.254857344324988,-0.0006241409056362279
1,1200,117,occ_plus_mean,1.254857344324988,-0.0003362450503847647
1,1200,117,oracle_tail,1.254857344324988,0.004186938124944195
1,1200,117,complete_rollout,1.254857344324988,0.0053052573010283766
1,1200,118,uniform,1.254857344324988,-0.004046605151961424
1,1200,118,learned_occupancy,1.254857344324988,0.0023051752614129395
1,1200,118,learned_mean,1.254857344324988,0.00151524342194298
1,1200,118,tis,1.254857344324988,0.0008843410701508958
1,1200,118,tis_anchored,1.254857344324988,0.003315765088724776
1,1200,118,occ_plus_uniform,1.254857344324988,-0.002882902482027161
1,1200,118,occ_plus_mean,1.254857344324988,0.0011071673815328253
1,1200,118,oracle_tail,1.254857344324988,-0.0020571344057589425
1,1200,118,complete_rollout,1.254857344324988,-0.0003857996095408822
1,1200,119,uniform,1.254857344324988,-0.0034884700492319176
1,1200,119,learned_occupancy,1.254857344324988,0.00021780556599848566
1,1200,119,learned_mean,1.254857344324988,0.00010014206843389495
1,1200,119,tis,1.254857344324988,-0.002747858418344462
1,1200,119,tis_anchored,1.254857344324988,-0.005487561921023287
1,1200,119,occ_plus_uniform,1.254857344324988,0.0015057845748935872
1,1200,119,occ_plus_mean,1.254857344324988,-0.0034909299976513264
1,1200,119,oracle_tail,1.254857344324988,-0.0027647800661703137
1,1200,119,complete_rollout,1.254857344324988,0.0036792410408656995
1,1200,120,uniform,1.254857344324988,0.009627087513929489
1,1200,120,learned_occupancy,1.254857344324988,-0.0006828149879676282
1,1200,120,learned_mean,1.254857344324988,-0.0022100978072929767
1,1200,120,tis,1.254857344324988,0.003673703296123376
1,1200,120,tis_anchored,1.254857344324988,0.002902263936638283
1,1200,120,occ_plus_uniform,1.254857344324988,0.004179253660641313
1,1200,120,occ_plus_mean,1.254857344324988,-0.0014477255674520961
1,1200,120,oracle_tail,1.254857344324988,0.00115968397545263
1,1200,120,complete_rollout,1.254857344324988,0.041890623154686724
1,1200,121,uniform,1.254857344324988,-0.005428167910469739
1,1200,121,learned_occupancy,1.254857344324988,-0.0075137589340577016
1,1200,121,learned_mean,1.254857344324988,-0.00845663564989918
1,1200,121,tis,1.254857344324988,-0.0021504775710201596
1,1200,121,tis_anchored,1.254857344324988,-0.005226521162896347
1,1200,121,occ_plus_uniform,1.254857344324988,-0.01232851137637403
1,1200,121,occ_plus_mean,1.254857344324988,-0.008140023793376638
1,1200,121,oracle_tail,1.254857344324988,0.00447027535844402
1,1200,121,complete_rollout,1.254857344324988,-0.0011988077396221097
1,1200,122,uniform,1.254857344324988,0.013372077562626483
1,1200,122,learned_occupancy,1.254857344324988,0.004951682919768885
1,1200,122,learned_mean,1.254857344324988,0.009863550140559063
1,1200,122,tis,1.254857344324988,0.013200507200991973
1,1200,122,tis_anchored,1.254857344324988,0.0064394803253571276
1,1200,122,occ_plus_uniform,1.254857344324988,0.012644413288670497
1,1200,122,occ_plus_mean,1.254857344324988,0.007853292113583876
1,1200,122,oracle_tail,1.254857344324988,0.013955849975143098
1,1200,122,complete_rollout,1.254857344324988,-0.017458970341248214
1,1200,123,uniform,1.254857344324988,-0.0026968524848915987
1,1200,123,learned_occupancy,1.254857344324988,0.005312355378880529
1,1200,123,learned_mean,1.254857344324988,0.003724411313187792
1,1200,123,tis,1.254857344324988,0.007799054048385434
1,1200,123,tis_anchored,1.254857344324988,0.0024713318716889088
1,1200,123,occ_plus_uniform,1.254857344324988,0.0012078642844643994
1,1200,123,occ_plus_mean,1.254857344324988,0.0029229429201704793
1,1200,123,oracle_tail,1.254857344324988,0.004516901191471634
1,1200,123,complete_rollout,1.254857344324988,-0.0101418971705165
1,1200,124,uniform,1.254857344324988,0.004639602446919522
1,1200,124,learned_occupancy,1.254857344324988,-0.0028573981653163827
1,1200,124,learned_mean,1.254857344324988,-0.002831317523099175
1,1200,124,tis,1.254857344324988,0.0007025569800467313
1,1200,124,tis_anchored,1.254857344324988,-0.0006258971967276761
1,1200,124,occ_plus_uniform,1.254857344324988,0.0035576347277004317
1,1200,124,occ_plus_mean,1.254857344324988,-0.006159974873212404
1,1200,124,oracle_tail,1.254857344324988,-0.0011953387136396376
1,1200,124,complete_rollout,1.254857344324988,0.027256476813223518
1,1200,125,uniform,1.254857344324988,0.01968702019666746
1,1200,125,learned_occupancy,1.254857344324988,0.019532240977474302
1,1200,125,learned_mean,1.254857344324988,0.013705591411173446
1,1200,125,tis,1.254857344324988,0.0003291826034041989
1,1200,125,tis_anchored,1.254857344324988,0.007610126158647423
1,1200,125,occ_plus_uniform,1.254857344324988,0.020421546381348854
1,1200,125,occ_plus_mean,1.254857344324988,0.016326902351267325
1,1200,125,oracle_tail,1.254857344324988,0.0025034325520327805
1,1200,125,complete_rollout,1.254857344324988,-0.027215067902223833
1,1200,126,uniform,1.254857344324988,-0.006762518696064479
1,1200,126,learned_occupancy,1.254857344324988,-0.0018531928895519911
1,1200,126,learned_mean,1.254857344324988,-0.00436032432511535
1,1200,126,tis,1.254857344324988,0.002817815388004963
1,1200,126,tis_anchored,1.254857344324988,0.00018903947328907655
1,1200,126,occ_plus_uniform,1.254857344324988,-0.0060526931642082005
1,1200,126,occ_plus_mean,1.254857344324988,-0.0030039793609324406
1,1200,126,oracle_tail,1.254857344324988,-0.00010993674728276837
1,1200,126,complete_rollout,1.254857344324988,0.027256476813223518
1,1200,127,uniform,1.254857344324988,0.0018368018027110633
1,1200,127,learned_occupancy,1.254857344324988,0.004399968639329455
1,1200,127,learned_mean,1.254857344324988,0.0007939435473518497
1,1200,127,tis,1.254857344324988,0.00644183330561976
1,1200,127,tis_anchored,1.254857344324988,0.006857410368351191
1,1200,127,occ_plus_uniform,1.254857344324988,0.006776207305516646
1,1200,127,occ_plus_mean,1.254857344324988,-0.0002475591052171211
1,1200,127,oracle_tail,1.254857344324988,0.0058065120155519345
1,1200,127,complete_rollout,1.254857344324988,0.002866232910784472
1,1200,128,uniform,1.254857344324988,-0.015292514756444442
1,1200,128,learned_occupancy,1.254857344324988,-0.0066311892056933885
1,1200,128,learned_mean,1.254857344324988,-0.016102161095605583
1,1200,128,tis,1.254857344324988,-0.013501047714548964
1,1200,128,tis_anchored,1.254857344324988,-0.013554746400000317
1,1200,128,occ_plus_uniform,1.254857344324988,-0.0161717980625109
1,1200,128,occ_plus_mean,1.254857344324988,-0.012835446205278878
1,1200,128,oracle_tail,1.254857344324988,-0.010039284314903973
1,1200,128,complete_rollout,1.254857344324988,-0.009328889040435051
1,1200,129,uniform,1.254857344324988,-0.012061399812682394
1,1200,129,learned_occupancy,1.254857344324988,-0.01215968472892115
1,1200,129,learned_mean,1.254857344324988,-0.012383642622552316
1,1200,129,tis,1.254857344324988,-0.0012304803569935796
1,1200,129,tis_anchored,1.254857344324988,-0.006653533035051451
1,1200,129,occ_plus_uniform,1.254857344324988,-0.01024825116146344
1,1200,129,occ_plus_mean,1.254857344324988,-0.01568417463890781
1,1200,129,oracle_tail,1.254857344324988,-0.000406434487973506
1,1200,129,complete_rollout,1.254857344324988,0.006931273561190832
1,1200,130,uniform,1.254857344324988,-0.008440177871311239
1,1200,130,learned_occupancy,1.254857344324988,-0.00796761214981867
1,1200,130,learned_mean,1.254857344324988,-0.012771424879927995
1,1200,130,tis,1.254857344324988,-0.007855274172548832
1,1200,130,tis_anchored,1.254857344324988,-0.011161078064659824
1,1200,130,occ_plus_uniform,1.254857344324988,-0.011123625918043167
1,1200,130,occ_plus_mean,1.254857344324988,-0.012630304688296956
1,1200,130,oracle_tail,1.254857344324988,-0.004943876512035983
1,1200,130,complete_rollout,1.254857344324988,-0.0020118158697033373
1,1200,131,uniform,1.254857344324988,0.011995493493121234
1,1200,131,learned_occupancy,1.254857344324988,0.013653861052844496
1,1200,131,learned_mean,1.254857344324988,0.012419192769593357
1,1200,131,tis,1.254857344324988,0.005527932753595977
1,1200,131,tis_anchored,1.254857344324988,0.00535829925975051
1,1200,131,occ_plus_uniform,1.254857344324988,0.010363829365303001
1,1200,131,occ_plus_mean,1.254857344324988,0.014849821658734053
1,1200,131,oracle_tail,1.254857344324988,0.007601295928834517
1,1200,131,complete_rollout,1.254857344324988,-0.005263848390028691
1,1200,132,uniform,1.254857344324988,1.4299977889598026e-05
1,1200,132,learned_occupancy,1.254857344324988,-0.003626014230326824
1,1200,132,learned_mean,1.254857344324988,0.00014212776729616294
1,1200,132,tis,1.254857344324988,0.0025996663985239366
1,1200,132,tis_anchored,1.254857344324988,0.0031273205316784125
1,1200,132,occ_plus_uniform,1.254857344324988,-0.002548642605933793
1,1200,132,occ_plus_mean,1.254857344324988,-0.0013443889409061605
1,1200,132,oracle_tail,1.254857344324988,0.0009304741893234603
1,1200,132,complete_rollout,1.254857344324988,0.002866232910784472
1,1200,133,uniform,1.254857344324988,0.008327196369235956
1,1200,133,learned_occupancy,1.254857344324988,0.013632110167721034
1,1200,133,learned_mean,1.254857344324988,0.012296911229784824
1,1200,133,tis,1.254857344324988,0.01268979273172377
1,1200,133,tis_anchored,1.254857344324988,0.013759980687288342
1,1200,133,occ_plus_uniform,1.254857344324988,0.015509732575837987
1,1200,133,occ_plus_mean,1.254857344324988,0.012471447075955933
1,1200,133,oracle_tail,1.254857344324988,0.016078902592856936
1,1200,133,complete_rollout,1.254857344324988,0.0036792410408656995
1,1200,134,uniform,1.254857344324988,-0.019402350032856175
1,1200,134,learned_occupancy,1.254857344324988,-0.010044424912389438
1,1200,134,learned_mean,1.254857344324988,-0.013820283168209269
1,1200,134,tis,1.254857344324988,-0.0018532200938312648
1,1200,134,tis_anchored,1.254857344324988,-0.011145335845153426
1,1200,134,occ_plus_uniform,1.254857344324988,-0.017385798769514738
1,1200,134,occ_plus_mean,1.254857344324988,-0.013107538979324929
1,1200,134,oracle_tail,1.254857344324988,-0.0019065899761852023
1,1200,134,complete_rollout,1.254857344324988,-0.0068898646501911465
1,1200,135,uniform,1.254857344324988,0.007081980235635665
1,1200,135,learned_occupancy,1.254857344324988,0.007896064849964857
1,1200,135,learned_mean,1.254857344324988,0.007976239281020758
1,1200,135,tis,1.254857344324988,0.006202575735345661
1,1200,135,tis_anchored,1.254857344324988,0.0067005358234357715
1,1200,135,occ_plus_uniform,1.254857344324988,0.008224980852820973
1,1200,135,occ_plus_mean,1.254857344324988,0.008297454726011733
1,1200,135,oracle_tail,1.254857344324988,0.004260117861436763
1,1200,135,complete_rollout,1.254857344324988,-0.01908498660141067
1,1200,136,uniform,1.254857344324988,0.005328702028053689
1,1200,136,learned_occupancy,1.254857344324988,0.0035058355196304625
1,1200,136,learned_mean,1.254857344324988,0.0033156628316222125
1,1200,136,tis,1.254857344324988,0.0044761192553823825
1,1200,136,tis_anchored,1.254857344324988,0.005681698433914528
1,1200,136,occ_plus_uniform,1.254857344324988,0.005374172065663707
1,1200,136,occ_plus_mean,1.254857344324988,0.002856936245068331
1,1200,136,oracle_tail,1.254857344324988,0.004668875901936875
1,1200,136,complete_rollout,1.254857344324988,0.0036792410408656995
1,1200,137,uniform,1.254857344324988,0.014568638304153891
1,1200,137,learned_occupancy,1.254857344324988,0.01282916396825029
1,1200,137,learned_mean,1.254857344324988,0.011814723398232863
1,1200,137,tis,1.254857344324988,0.012243192728727204
1,1200,137,tis_anchored,1.254857344324988,0.011651150230184149
1,1200,137,occ_plus_uniform,1.254857344324988,0.013978818733913823
1,1200,137,occ_plus_mean,1.254857344324988,0.011250368742913963
1,1200,137,oracle_tail,1.254857344324988,0.008254108225856704
1,1200,137,complete_rollout,1.254857344324988,-0.0020118158697033373
1,1200,138,uniform,1.254857344324988,0.005614216539553629
1,1200,138,learned_occupancy,1.254857344324988,0.006599799750031332
1,1200,138,learned_mean,1.254857344324988,0.0019540773577473303
1,1200,138,tis,1.254857344324988,-0.0008029905904760604
1,1200,138,tis_anchored,1.254857344324988,-0.005066158878350269
1,1200,138,occ_plus_uniform,1.254857344324988,0.002882015245367908
1,1200,138,occ_plus_mean,1.254857344324988,0.005506680266832209
1,1200,138,oracle_tail,1.254857344324988,0.0015087444395924798
1,1200,138,complete_rollout,1.254857344324988,-0.03778417359328068
1,1200,139,uniform,1.254857344324988,0.007752216217672414
1,1200,139,learned_occupancy,1.254857344324988,0.0030484520658189407
1,1200,139,learned_mean,1.254857344324988,0.0030985136556651582
1,1200,139,tis,1.254857344324988,0.0010218028236650412
1,1200,139,tis_anchored,1.254857344324988,0.004280703306255296
1,1200,139,occ_plus_uniform,1.254857344324988,0.0015776309227384377
1,1200,139,occ_plus_mean,1.254857344324988,0.001004345439492127
1,1200,139,oracle_tail,1.254857344324988,-0.00023283955122277433
1,1200,139,complete_rollout,1.254857344324988,0.019939403642491804
1,1200,140,uniform,1.254857344324988,-0.015500617529135896
1,1200,140,learned_occupancy,1.254857344324988,-0.01769421998143339
1,1200,140,learned_mean,1.254857344324988,-0.01845735225175371
1,1200,140,tis,1.254857344324988,-0.009759690920868369
1,1200,140,tis_anchored,1.254857344324988,-0.013044768870301482
1,1200,140,occ_plus_uniform,1.254857344324988,-0.014167512693789686
1,1200,140,occ_plus_mean,1.254857344324988,-0.017662379623482938
1,1200,140,oracle_tail,1.254857344324988,-0.013423730910128384
1,1200,140,complete_rollout,1.254857344324988,0.04676867193517453
1,1200,141,uniform,1.254857344324988,-0.005263850490919264
1,1200,141,learned_occupancy,1.254857344324988,-0.0020691642797623366
1,1200,141,learned_mean,1.254857344324988,-0.0039264401068135335
1,1200,141,tis,1.254857344324988,0.0052637050109896055
1,1200,141,tis_anchored,1.254857344324988,0.0027133626281987677
1,1200,141,occ_plus_uniform,1.254857344324988,-0.007453719948045334
1,1200,141,occ_plus_mean,1.254857344324988,-0.0020154504268687923
1,1200,141,oracle_tail,1.254857344324988,0.006019257024543645
1,1200,141,complete_rollout,1.254857344324988,0.009370297951434736
1,1200,142,uniform,1.254857344324988,-0.0002602948374932357
1,1200,142,learned_occupancy,1.254857344324988,0.004195049961570385
1,1200,142,learned_mean,1.254857344324988,0.005034270468731172
1,1200,142,tis,1.254857344324988,0.0010863533136435954
1,1200,142,tis_anchored,1.254857344324988,0.0034849800461929092
1,1200,142,occ_plus_uniform,1.254857344324988,0.003203007696765514
1,1200,142,occ_plus_mean,1.254857344324988,0.0051579909690622205
1,1200,142,oracle_tail,1.254857344324988,-0.00018293133900515457
1,1200,142,complete_rollout,1.254857344324988,0.008557289821353509
1,1200,143,uniform,1.254857344324988,-0.02034462779786117
1,1200,143,learned_occupancy,1.254857344324988,-0.019393531820504295
1,1200,143,learned_mean,1.254857344324988,-0.018858248802864797
1,1200,143,tis,1.254857344324988,-0.005556488406767368
1,1200,143,tis_anchored,1.254857344324988,-0.008394557804259684
1,1200,143,occ_plus_uniform,1.254857344324988,-0.02172566214376115
1,1200,143,occ_plus_mean,1.254857344324988,-0.019908280295882985
1,1200,143,oracle_tail,1.254857344324988,-0.008854780816147656
1,1200,143,complete_rollout,1.254857344324988,0.023191436162816936
1,1200,144,uniform,1.254857344324988,0.0067762246192411
1,1200,144,learned_occupancy,1.254857344324988,0.003556148845061502
1,1200,144,learned_mean,1.254857344324988,0.006113158062655
1,1200,144,tis,1.254857344324988,-0.0006354692939201101
1,1200,144,tis_anchored,1.254857344324988,-0.002308390167296892
1,1200,144,occ_plus_uniform,1.254857344324988,0.007399457492775374
1,1200,144,occ_plus_mean,1.254857344324988,0.004962443109833181
1,1200,144,oracle_tail,1.254857344324988,0.0029141374807397646
1,1200,144,complete_rollout,1.254857344324988,-0.01908498660141067
1,1200,145,uniform,1.254857344324988,0.0036384692530690987
1,1200,145,learned_occupancy,1.254857344324988,0.003705024135210566
1,1200,145,learned_mean,1.254857344324988,-0.00010240733178301653
1,1200,145,tis,1.254857344324988,-0.005371923585677507
1,1200,145,tis_anchored,1.254857344324988,-0.0041007778282873275
1,1200,145,occ_plus_uniform,1.254857344324988,0.002067782181688571
1,1200,145,occ_plus_mean,1.254857344324988,0.0013784692276452848
1,1200,145,oracle_tail,1.254857344324988,-0.0039356328543556085
1,1200,145,complete_rollout,1.254857344324988,0.018313387382329127
1,1200,146,uniform,1.254857344324988,0.0039168205978385995
1,1200,146,learned_occupancy,1.254857344324988,-0.002288460693511185
1,1200,146,learned_mean,1.254857344324988,-0.0037524592087017083
1,1200,146,tis,1.254857344324988,0.0009022570369410232
1,1200,146,tis_anchored,1.254857344324988,0.004668464379291137
1,1200,146,occ_plus_uniform,1.254857344324988,0.00033869817035969696
1,1200,146,occ_plus_mean,1.254857344324988,-0.0035329579282137313
1,1200,146,oracle_tail,1.254857344324988,-0.003410234980484539
1,1200,146,complete_rollout,1.254857344324988,-0.03209311668271164
1,1200,147,uniform,1.254857344324988,-0.005179921104817797
1,1200,147,learned_occupancy,1.254857344324988,-0.008105854472202356
1,1200,147,learned_mean,1.254857344324988,-0.007744977662776487
1,1200,147,tis,1.254857344324988,-0.01127388015541686
1,1200,147,tis_anchored,1.254857344324988,-0.01072103730652696
1,1200,147,occ_plus_uniform,1.254857344324988,-0.006744198341228191
1,1200,147,occ_plus_mean,1.254857344324988,-0.007990780272843834
1,1200,147,oracle_tail,1.254857344324988,-0.01256343740380883
1,1200,147,complete_rollout,1.254857344324988,0.0012402166506217949
1,1200,148,uniform,1.254857344324988,0.0004982830668569527
1,1200,148,learned_occupancy,1.254857344324988,-0.005043288402917234
1,1200,148,learned_mean,1.254857344324988,-0.003626843130955626
1,1200,148,tis,1.254857344324988,-0.0020156277960894364
1,1200,148,tis_anchored,1.254857344324988,-0.006602214344205937
1,1200,148,occ_plus_uniform,1.254857344324988,-0.0017971585686891167
1,1200,148,occ_plus_mean,1.254857344324988,-0.002136331999536001
1,1200,148,oracle_tail,1.254857344324988,-0.005507851797441177
1,1200,148,complete_rollout,1.254857344324988,-0.028841084162386288
1,1200,149,uniform,1.254857344324988,-0.0013540860660277154
1,1200,149,learned_occupancy,1.254857344324988,-0.00012296249929288905
1,1200,149,learned_mean,1.254857344324988,-0.005737917249975855
1,1200,149,tis,1.254857344324988,-0.004839154055264361
1,1200,149,tis_anchored,1.254857344324988,0.0011754600495199607
1,1200,149,occ_plus_uniform,1.254857344324988,-0.0004085397543656111
1,1200,149,occ_plus_mean,1.254857344324988,-0.002288397428293454
1,1200,149,oracle_tail,1.254857344324988,-0.0031718513501666212
1,1200,149,complete_rollout,1.254857344324988,-0.02802807603230506
1,1200,150,uniform,1.254857344324988,-0.0034026402553726243
1,1200,150,learned_occupancy,1.254857344324988,0.00658583647738098
1,1200,150,learned_mean,1.254857344324988,0.008154347032990783
1,1200,150,tis,1.254857344324988,0.0005207342161859252
1,1200,150,tis_anchored,1.254857344324988,0.0035272203104770306
1,1200,150,occ_plus_uniform,1.254857344324988,0.005087483419940364
1,1200,150,occ_plus_mean,1.254857344324988,0.009477688590898259
1,1200,150,oracle_tail,1.254857344324988,0.00018998391402824666
1,1200,150,complete_rollout,1.254857344324988,-0.010954905300597728
1,1200,151,uniform,1.254857344324988,0.006192562262559598
1,1200,151,learned_occupancy,1.254857344324988,0.0030176265893935295
1,1200,151,learned_mean,1.254857344324988,0.0030822642014420865
1,1200,151,tis,1.254857344324988,0.0034388776279266065
1,1200,151,tis_anchored,1.254857344324988,0.004673348446258663
1,1200,151,occ_plus_uniform,1.254857344324988,0.005583245364263689
1,1200,151,occ_plus_mean,1.254857344324988,0.0009705757721816255
1,1200,151,oracle_tail,1.254857344324988,0.0007777407889355548
1,1200,151,complete_rollout,1.254857344324988,0.013435338601841318
1,1200,152,uniform,1.254857344324988,0.0030252656217233387
1,1200,152,learned_occupancy,1.254857344324988,0.010164889351317541
1,1200,152,learned_mean,1.254857344324988,0.01105818982319473
1,1200,152,tis,1.254857344324988,0.00030054846515525924
1,1200,152,tis_anchored,1.254857344324988,-0.0034853535016754478
1,1200,152,occ_plus_uniform,1.254857344324988,0.007311713528671104
1,1200,152,occ_plus_mean,1.254857344324988,0.01242987911092408
1,1200,152,oracle_tail,1.254857344324988,0.0019764879475547836
1,1200,152,complete_rollout,1.254857344324988,0.01668737112216645
1,1200,153,uniform,1.254857344324988,-0.002342041574331377
1,1200,153,learned_occupancy,1.254857344324988,-0.0066673323948609475
1,1200,153,learned_mean,1.254857344324988,-0.004760450377033987
1,1200,153,tis,1.254857344324988,-0.000872640385348733
1,1200,153,tis_anchored,1.254857344324988,-0.001005195268784842
1,1200,153,occ_plus_uniform,1.254857344324988,-0.014087608472562074
1,1200,153,occ_plus_mean,1.254857344324988,-0.0048188917595408665
1,1200,153,oracle_tail,1.254857344324988,-0.0038446285800506352
1,1200,153,complete_rollout,1.254857344324988,-0.021524010991654574
1,1200,154,uniform,1.254857344324988,0.014450942778852394
1,1200,154,learned_occupancy,1.254857344324988,0.0185975197008732
1,1200,154,learned_mean,1.254857344324988,0.016950987038363063
1,1200,154,tis,1.254857344324988,0.008175829950797464
1,1200,154,tis_anchored,1.254857344324988,0.019844248426091005
1,1200,154,occ_plus_uniform,1.254857344324988,0.020853890680291753
1,1200,154,occ_plus_mean,1.254857344324988,0.01874947213657263
1,1200,154,oracle_tail,1.254857344324988,0.0013476667998217895
1,1200,154,complete_rollout,1.254857344324988,-0.01989799473149212
1,1200,155,uniform,1.254857344324988,0.006319260484930922
1,1200,155,learned_occupancy,1.254857344324988,0.012857467348419416
1,1200,155,learned_mean,1.254857344324988,0.006941497024776755
1,1200,155,tis,1.254857344324988,0.011355061677515987
1,1200,155,tis_anchored,1.254857344324988,0.00683069059668151
1,1200,155,occ_plus_uniform,1.254857344324988,0.010424506496413022
1,1200,155,occ_plus_mean,1.254857344324988,0.007954489739580684
1,1200,155,oracle_tail,1.254857344324988,0.011694880443531064
1,1200,155,complete_rollout,1.254857344324988,-0.025589051642061156
1,1200,156,uniform,1.254857344324988,-0.004105442298912632
1,1200,156,learned_occupancy,1.254857344324988,-0.005564452544968512
1,1200,156,learned_mean,1.254857344324988,-0.008725231043943404
1,1200,156,tis,1.254857344324988,-0.006423852042410472
1,1200,156,tis_anchored,1.254857344324988,-0.009766628370834418
1,1200,156,occ_plus_uniform,1.254857344324988,-0.005727391002039894
1,1200,156,occ_plus_mean,1.254857344324988,-0.0066126987184045305
1,1200,156,oracle_tail,1.254857344324988,-0.002425311012446585
1,1200,156,complete_rollout,1.254857344324988,0.027256476813223518
1,1200,157,uniform,1.254857344324988,0.007822079946266713
1,1200,157,learned_occupancy,1.254857344324988,-0.008184813225558196
1,1200,157,learned_mean,1.254857344324988,-0.004175301762450179
1,1200,157,tis,1.254857344324988,-9.846058141693703e-05
1,1200,157,tis_anchored,1.254857344324988,-0.002254802942620149
1,1200,157,occ_plus_uniform,1.254857344324988,0.006147175496316715
1,1200,157,occ_plus_mean,1.254857344324988,-0.0020944317788282873
1,1200,157,oracle_tail,1.254857344324988,-0.004212208137194473
1,1200,157,complete_rollout,1.254857344324988,-0.0003857996095408822
1,1200,158,uniform,1.254857344324988,-0.02001425826239367
1,1200,158,learned_occupancy,1.254857344324988,-0.014275748492860174
1,1200,158,learned_mean,1.254857344324988,-0.010346505481656054
1,1200,158,tis,1.254857344324988,-0.011982660283054836
1,1200,158,tis_anchored,1.254857344324988,-0.008689389050425378
1,1200,158,occ_plus_uniform,1.254857344324988,-0.018688298275824522
1,1200,158,occ_plus_mean,1.254857344324988,-0.01016485660365496
1,1200,158,oracle_tail,1.254857344324988,-0.015035666276532966
1,1200,158,complete_rollout,1.254857344324988,-0.004450840259947242
1,1200,159,uniform,1.254857344324988,-0.008343737339003843
1,1200,159,learned_occupancy,1.254857344324988,-0.0010323287995221975
1,1200,159,learned_mean,1.254857344324988,-0.0007364916126435528
1,1200,159,tis,1.254857344324988,-0.005996065919366744
1,1200,159,tis_anchored,1.254857344324988,-0.0067303374210210265
1,1200,159,occ_plus_uniform,1.254857344324988,-0.006532269922451928
1,1200,159,occ_plus_mean,1.254857344324988,-0.0006330073987457219
1,1200,159,oracle_tail,1.254857344324988,-0.004880189858734507
1,1200,159,complete_rollout,1.254857344324988,0.018313387382329127
1,1200,160,uniform,1.254857344324988,-0.0008568984362384846
1,1200,160,learned_occupancy,1.254857344324988,-0.005584662710632848
1,1200,160,learned_mean,1.254857344324988,-0.011675120850904941
1,1200,160,tis,1.254857344324988,-0.005995040588653744
1,1200,160,tis_anchored,1.254857344324988,-0.004110313968242796
1,1200,160,occ_plus_uniform,1.254857344324988,-0.008767522962584984
1,1200,160,occ_plus_mean,1.254857344324988,-0.007091180727796242
1,1200,160,oracle_tail,1.254857344324988,-0.00654629536484741
1,1200,160,complete_rollout,1.254857344324988,0.009370297951434736
1,1200,161,uniform,1.254857344324988,0.016339174989317584
1,1200,161,learned_occupancy,1.254857344324988,0.011622267022928234
1,1200,161,learned_mean,1.254857344324988,0.011394814438874912
1,1200,161,tis,1.254857344324988,0.013697391599543085
1,1200,161,tis_anchored,1.254857344324988,0.014367480876149141
1,1200,161,occ_plus_uniform,1.254857344324988,0.013492315134167265
1,1200,161,occ_plus_mean,1.254857344324988,0.011258868402123312
1,1200,161,oracle_tail,1.254857344324988,0.012607801472545255
1,1200,161,complete_rollout,1.254857344324988,0.006931273561190832
1,1200,162,uniform,1.254857344324988,0.0031398338826964522
1,1200,162,learned_occupancy,1.254857344324988,0.006544622561465596
1,1200,162,learned_mean,1.254857344324988,0.0024764700135579965
1,1200,162,tis,1.254857344324988,0.0012408220308919304
1,1200,162,tis_anchored,1.254857344324988,0.0020690292290499457
1,1200,162,occ_plus_uniform,1.254857344324988,0.00961536587859757
1,1200,162,occ_plus_mean,1.254857344324988,0.006140083428594512
1,1200,162,oracle_tail,1.254857344324988,0.0008893696052669764
1,1200,162,complete_rollout,1.254857344324988,-0.007702872780272596
1,1200,163,uniform,1.254857344324988,0.018311180978943353
1,1200,163,learned_occupancy,1.254857344324988,0.01930053220015715
1,1200,163,learned_mean,1.254857344324988,0.01715834500700475
1,1200,163,tis,1.254857344324988,0.011127837519323336
1,1200,163,tis_anchored,1.254857344324988,0.013318231231481237
1,1200,163,occ_plus_uniform,1.254857344324988,0.019785823356908594
1,1200,163,occ_plus_mean,1.254857344324988,0.017107193538538068
1,1200,163,oracle_tail,1.254857344324988,0.008151317951183623
1,1200,163,complete_rollout,1.254857344324988,-0.011767913430678956
1,1200,164,uniform,1.254857344324988,0.027425822402829647
1,1200,164,learned_occupancy,1.254857344324988,0.016001634591246594
1,1200,164,learned_mean,1.254857344324988,0.013576571374131596
1,1200,164,tis,1.254857344324988,0.019907818543335898
1,1200,164,tis_anchored,1.254857344324988,0.014991238261365059
1,1200,164,occ_plus_uniform,1.254857344324988,0.018087143767867353
1,1200,164,occ_plus_mean,1.254857344324988,0.012288609138933815
1,1200,164,oracle_tail,1.254857344324988,0.014469889085533483
1,1200,164,complete_rollout,1.254857344324988,0.019126395512410355
1,1200,165,uniform,1.254857344324988,-0.0059106138859899016
1,1200,165,learned_occupancy,1.254857344324988,-0.002204005814394616
1,1200,165,learned_mean,1.254857344324988,-0.006596700492249141
1,1200,165,tis,1.254857344324988,-0.002158536610683104
1,1200,165,tis_anchored,1.254857344324988,-0.0023346096854179876
1,1200,165,occ_plus_uniform,1.254857344324988,-0.0033824938435433882
1,1200,165,occ_plus_mean,1.254857344324988,-0.0027978084792459335
1,1200,165,oracle_tail,1.254857344324988,-0.006445248413154525
1,1200,165,complete_rollout,1.254857344324988,-0.017458970341248214
1,1200,166,uniform,1.254857344324988,-0.0085834557210549
1,1200,166,learned_occupancy,1.254857344324988,-0.002328829849994163
1,1200,166,learned_mean,1.254857344324988,0.0005489902883639708
1,1200,166,tis,1.254857344324988,0.003112090543695878
1,1200,166,tis_anchored,1.254857344324988,0.0027753670734753655
1,1200,166,occ_plus_uniform,1.254857344324988,-0.0035731374425220785
1,1200,166,occ_plus_mean,1.254857344324988,-0.0014961078831574603
1,1200,166,oracle_tail,1.254857344324988,0.005581495039321593
1,1200,166,complete_rollout,1.254857344324988,0.0020532247807030224
1,1200,167,uniform,1.254857344324988,-0.0020120987753275976
1,1200,167,learned_occupancy,1.254857344324988,-3.759221257793044e-05
1,1200,167,learned_mean,1.254857344324988,-0.002749023543630491
1,1200,167,tis,1.254857344324988,-0.005332216780193688
1,1200,167,tis_anchored,1.254857344324988,-0.007813960466484637
1,1200,167,occ_plus_uniform,1.254857344324988,0.002321968281352449
1,1200,167,occ_plus_mean,1.254857344324988,0.0015279275330166708
1,1200,167,oracle_tail,1.254857344324988,-0.003686606117348612
1,1200,167,complete_rollout,1.254857344324988,-0.0011988077396221097
1,1200,168,uniform,1.254857344324988,0.005151306795531108
1,1200,168,learned_occupancy,1.254857344324988,0.006758935002702637
1,1200,168,learned_mean,1.254857344324988,0.006881483828914181
1,1200,168,tis,1.254857344324988,0.006650631939039586
1,1200,168,tis_anchored,1.254857344324988,0.00507495266052338
1,1200,168,occ_plus_uniform,1.254857344324988,0.006144345434631049
1,1200,168,occ_plus_mean,1.254857344324988,0.0059465770368127835
1,1200,168,oracle_tail,1.254857344324988,0.0034650896692751676
1,1200,168,complete_rollout,1.254857344324988,0.004492249170946927
1,1200,169,uniform,1.254857344324988,0.014033040415185827
1,1200,169,learned_occupancy,1.254857344324988,0.011769844139756014
1,1200,169,learned_mean,1.254857344324988,0.012209435155975612
1,1200,169,tis,1.254857344324988,0.007450103291483323
1,1200,169,tis_anchored,1.254857344324988,0.005177055745249293
1,1200,169,occ_plus_uniform,1.254857344324988,0.009779750753657446
1,1200,169,occ_plus_mean,1.254857344324988,0.013791330697268789
1,1200,169,oracle_tail,1.254857344324988,0.009285167366360536
1,1200,169,complete_rollout,1.254857344324988,0.010183306081516186
1,1200,170,uniform,1.254857344324988,0.0009325741074861504
1,1200,170,learned_occupancy,1.254857344324988,0.005579354792635494
1,1200,170,learned_mean,1.254857344324988,0.004548389971520406
1,1200,170,tis,1.254857344324988,0.004391059700261879
1,1200,170,tis_anchored,1.254857344324988,0.001785064101059497
1,1200,170,occ_plus_uniform,1.254857344324988,0.007094109884496547
1,1200,170,occ_plus_mean,1.254857344324988,0.002441151568591593
1,1200,170,oracle_tail,1.254857344324988,0.002593306970496645
1,1200,170,complete_rollout,1.254857344324988,0.027256476813223518
1,1200,171,uniform,1.254857344324988,-0.0016936011582353583
1,1200,171,learned_occupancy,1.254857344324988,-0.00658235311290678
1,1200,171,learned_mean,1.254857344324988,-0.008268717751181764
1,1200,171,tis,1.254857344324988,-0.008346867246874279
1,1200,171,tis_anchored,1.254857344324988,-0.013123201635505621
1,1200,171,occ_plus_uniform,1.254857344324988,-0.0025989530973820063
1,1200,171,occ_plus_mean,1.254857344324988,-0.004915874227414019
1,1200,171,oracle_tail,1.254857344324988,-0.0045035031719447005
1,1200,171,complete_rollout,1.254857344324988,-0.0068898646501911465
1,1200,172,uniform,1.254857344324988,0.002820064579298398
1,1200,172,learned_occupancy,1.254857344324988,-0.005561223253639946
1,1200,172,learned_mean,1.254857344324988,-0.006101157289243542
1,1200,172,tis,1.254857344324988,-0.0007611174480752769
1,1200,172,tis_anchored,1.254857344324988,-0.0066210935862383025
1,1200,172,occ_plus_uniform,1.254857344324988,-0.0008122091847200252
1,1200,172,occ_plus_mean,1.254857344324988,-0.002216840879111004
1,1200,172,oracle_tail,1.254857344324988,-0.0018295330122164444
1,1200,172,complete_rollout,1.254857344324988,0.0012402166506217949
1,1200,173,uniform,1.254857344324988,-0.0012568112939173037
1,1200,173,learned_occupancy,1.254857344324988,-0.0012692783237828742
1,1200,173,learned_mean,1.254857344324988,-0.0018807443669057733
1,1200,173,tis,1.254857344324988,-0.001248111361627391
1,1200,173,tis_anchored,1.254857344324988,0.0003694764691404284
1,1200,173,occ_plus_uniform,1.254857344324988,-0.0002867308613603292
1,1200,173,occ_plus_mean,1.254857344324988,-0.0025724688300228227
1,1200,173,oracle_tail,1.254857344324988,-0.0018008322433733515
1,1200,173,complete_rollout,1.254857344324988,-0.01501994595100431
1,1200,174,uniform,1.254857344324988,-0.0184340232785134
1,1200,174,learned_occupancy,1.254857344324988,-0.01384351022031094
1,1200,174,learned_mean,1.254857344324988,-0.018711246231886802
1,1200,174,tis,1.254857344324988,-0.011272306874237303
1,1200,174,tis_anchored,1.254857344324988,-0.013626768778405074
1,1200,174,occ_plus_uniform,1.254857344324988,-0.016020421488276204
1,1200,174,occ_plus_mean,1.254857344324988,-0.015941495830460894
1,1200,174,oracle_tail,1.254857344324988,-0.007002960184355533
1,1200,174,complete_rollout,1.254857344324988,0.024817452422979613
1,1200,175,uniform,1.254857344324988,0.010746482408914293
1,1200,175,learned_occupancy,1.254857344324988,0.00712683526211455
1,1200,175,learned_mean,1.254857344324988,0.007587257040587048
1,1200,175,tis,1.254857344324988,0.002297008732958794
1,1200,175,tis_anchored,1.254857344324988,0.005831820000754995
1,1200,175,occ_plus_uniform,1.254857344324988,0.003771559190741902
1,1200,175,occ_plus_mean,1.254857344324988,0.007062304572934108
1,1200,175,oracle_tail,1.254857344324988,-0.0017877414175981876
1,1200,175,complete_rollout,1.254857344324988,-0.007702872780272596
1,1200,176,uniform,1.254857344324988,0.007929769321621594
1,1200,176,learned_occupancy,1.254857344324988,0.0057821346518711625
1,1200,176,learned_mean,1.254857344324988,-0.0009207309205083725
1,1200,176,tis,1.254857344324988,-0.004371450027399915
1,1200,176,tis_anchored,1.254857344324988,-0.0043665103125325455
1,1200,176,occ_plus_uniform,1.254857344324988,0.008889376646052494
1,1200,176,occ_plus_mean,1.254857344324988,0.002860995941559974
1,1200,176,oracle_tail,1.254857344324988,-0.007280268614043628
1,1200,176,complete_rollout,1.254857344324988,0.018313387382329127
1,1200,177,uniform,1.254857344324988,-0.004442818467514265
1,1200,177,learned_occupancy,1.254857344324988,-0.0028233722530339733
1,1200,177,learned_mean,1.254857344324988,-0.004489684673314676
1,1200,177,tis,1.254857344324988,-0.0030485084458624634
1,1200,177,tis_anchored,1.254857344324988,-0.0006870421601867793
1,1200,177,occ_plus_uniform,1.254857344324988,-0.003702037975972461
1,1200,177,occ_plus_mean,1.254857344324988,-0.004240584867352792
1,1200,177,oracle_tail,1.254857344324988,-0.0030074556114221274
1,1200,177,complete_rollout,1.254857344324988,0.023191436162816936
1,1200,178,uniform,1.254857344324988,0.010388192008955688
1,1200,178,learned_occupancy,1.254857344324988,0.0021977793219707387
1,1200,178,learned_mean,1.254857344324988,0.0023453334395255876
1,1200,178,tis,1.254857344324988,0.007706217518424596
1,1200,178,tis_anchored,1.254857344324988,0.006308942005294194
1,1200,178,occ_plus_uniform,1.254857344324988,0.010235402539254146
1,1200,178,occ_plus_mean,1.254857344324988,0.0022301317040496205
1,1200,178,oracle_tail,1.254857344324988,0.006009312866124716
1,1200,178,complete_rollout,1.254857344324988,0.006931273561190832
1,1200,179,uniform,1.254857344324988,0.01218547424069305
1,1200,179,learned_occupancy,1.254857344324988,0.010353279172252483
1,1200,179,learned_mean,1.254857344324988,0.005181993433154286
1,1200,179,tis,1.254857344324988,0.0036560038402047024
1,1200,179,tis_anchored,1.254857344324988,-0.0013519872321361426
1,1200,179,occ_plus_uniform,1.254857344324988,0.00916009051510902
1,1200,179,occ_plus_mean,1.254857344324988,0.004670685748142223
1,1200,179,oracle_tail,1.254857344324988,0.004321803202094854
1,1200,179,complete_rollout,1.254857344324988,0.006118265431109604
1,1200,180,uniform,1.254857344324988,5.4259962300573505e-05
1,1200,180,learned_occupancy,1.254857344324988,-0.008088421008231705
1,1200,180,learned_mean,1.254857344324988,-0.005458074661440104
1,1200,180,tis,1.254857344324988,0.0014863569848078129
1,1200,180,tis_anchored,1.254857344324988,-0.002526770005374379
1,1200,180,occ_plus_uniform,1.254857344324988,-0.003494098357023079
1,1200,180,occ_plus_mean,1.254857344324988,-0.007836873331877214
1,1200,180,oracle_tail,1.254857344324988,0.0005696804501871267
1,1200,180,complete_rollout,1.254857344324988,-0.005263848390028691
1,1200,181,uniform,1.254857344324988,-0.008446049628435759
1,1200,181,learned_occupancy,1.254857344324988,-0.00831627319614947
1,1200,181,learned_mean,1.254857344324988,-0.00048787962970209264
1,1200,181,tis,1.254857344324988,0.006193109648160666
1,1200,181,tis_anchored,1.254857344324988,0.0017276711860529925
1,1200,181,occ_plus_uniform,1.254857344324988,-0.01139594371744379
1,1200,181,occ_plus_mean,1.254857344324988,-0.004337673232958084
1,1200,181,oracle_tail,1.254857344324988,0.0030372441083790225
1,1200,181,complete_rollout,1.254857344324988,-0.005263848390028691
1,1200,182,uniform,1.254857344324988,-0.006484395206871607
1,1200,182,learned_occupancy,1.254857344324988,0.002848737599449258
1,1200,182,learned_mean,1.254857344324988,0.002914123651901024
1,1200,182,tis,1.254857344324988,-0.0056555469909747025
1,1200,182,tis_anchored,1.254857344324988,-0.002505803059399625
1,1200,182,occ_plus_uniform,1.254857344324988,-0.003958345684399234
1,1200,182,occ_plus_mean,1.254857344324988,-0.0005668107851493076
1,1200,182,oracle_tail,1.254857344324988,-0.002102067729759849
1,1200,182,complete_rollout,1.254857344324988,0.01262233047176009
1,1200,183,uniform,1.254857344324988,-0.005921449171871318
1,1200,183,learned_occupancy,1.254857344324988,-0.003097587882469499
1,1200,183,learned_mean,1.254857344324988,-0.00487828012842062
1,1200,183,tis,1.254857344324988,-0.0038988527054015787
1,1200,183,tis_anchored,1.254857344324988,-0.008146786867376576
1,1200,183,occ_plus_uniform,1.254857344324988,-0.008496704642453112
1,1200,183,occ_plus_mean,1.254857344324988,-0.0033149255250668475
1,1200,183,oracle_tail,1.254857344324988,-0.0031925966207528855
1,1200,183,complete_rollout,1.254857344324988,-0.0036378321298660143
1,1200,184,uniform,1.254857344324988,0.011819447893810286
1,1200,184,learned_occupancy,1.254857344324988,0.012740801306657445
1,1200,184,learned_mean,1.254857344324988,0.018700720446627628
1,1200,184,tis,1.254857344324988,0.01195936891323024
1,1200,184,tis_anchored,1.254857344324988,0.015099951681754709
1,1200,184,occ_plus_uniform,1.254857344324988,0.015180893886466151
1,1200,184,occ_plus_mean,1.254857344324988,0.018266316234552216
1,1200,184,oracle_tail,1.254857344324988,0.014733759144951897
1,1200,184,complete_rollout,1.254857344324988,0.019126395512410355
1,1200,185,uniform,1.254857344324988,0.00344037701128741
1,1200,185,learned_occupancy,1.254857344324988,0.002301290368386555
1,1200,185,learned_mean,1.254857344324988,0.0008589891010817308
1,1200,185,tis,1.254857344324988,-0.0005051132670450542
1,1200,185,tis_anchored,1.254857344324988,0.0049831327712872575
1,1200,185,occ_plus_uniform,1.254857344324988,0.0020712639713438286
1,1200,185,occ_plus_mean,1.254857344324988,-0.001263368266730014
1,1200,185,oracle_tail,1.254857344324988,0.0020509144382003797
1,1200,185,complete_rollout,1.254857344324988,0.013435338601841318
1,1200,186,uniform,1.254857344324988,0.0004552139864928417
1,1200,186,learned_occupancy,1.254857344324988,0.00402615558121866
1,1200,186,learned_mean,1.254857344324988,0.005586645519248812
1,1200,186,tis,1.254857344324988,0.0027404893027094257
1,1200,186,tis_anchored,1.254857344324988,0.0006790623203294377
1,1200,186,occ_plus_uniform,1.254857344324988,0.0027530853124146937
1,1200,186,occ_plus_mean,1.254857344324988,0.0021353049418797454
1,1200,186,oracle_tail,1.254857344324988,0.0031286473135963
1,1200,186,complete_rollout,1.254857344324988,-0.016645962211166765
1,1200,187,uniform,1.254857344324988,0.00999139820647632
1,1200,187,learned_occupancy,1.254857344324988,0.011392735150083322
1,1200,187,learned_mean,1.254857344324988,0.009512289471214075
1,1200,187,tis,1.254857344324988,0.0016583375471614925
1,1200,187,tis_anchored,1.254857344324988,0.002946524968920894
1,1200,187,occ_plus_uniform,1.254857344324988,0.010417483562390695
1,1200,187,occ_plus_mean,1.254857344324988,0.009358037095912541
1,1200,187,oracle_tail,1.254857344324988,0.0008264743919861317
1,1200,187,complete_rollout,1.254857344324988,0.010996314211597413
1,1200,188,uniform,1.254857344324988,-0.005677219249999421
1,1200,188,learned_occupancy,1.254857344324988,-0.0030399015298987475
1,1200,188,learned_mean,1.254857344324988,-0.006961341984899727
1,1200,188,tis,1.254857344324988,-0.005370558040576512
1,1200,188,tis_anchored,1.254857344324988,-0.005519678476794798
1,1200,188,occ_plus_uniform,1.254857344324988,-0.004805594068087782
1,1200,188,occ_plus_mean,1.254857344324988,-0.0052286017073932545
1,1200,188,oracle_tail,1.254857344324988,-0.007999027488550858
1,1200,188,complete_rollout,1.254857344324988,0.0012402166506217949
1,1200,189,uniform,1.254857344324988,0.012882401186758763
1,1200,189,learned_occupancy,1.254857344324988,0.010858242618311476
1,1200,189,learned_mean,1.254857344324988,0.005842706094248973
1,1200,189,tis,1.254857344324988,0.006244164506001626
1,1200,189,tis_anchored,1.254857344324988,0.009788484551775056
1,1200,189,occ_plus_uniform,1.254857344324988,0.009739116268988823
1,1200,189,occ_plus_mean,1.254857344324988,0.007582214979388491
1,1200,189,oracle_tail,1.254857344324988,0.0071411710653950244
1,1200,189,complete_rollout,1.254857344324988,0.009370297951434736
1,1200,190,uniform,1.254857344324988,0.01237197409839208
1,1200,190,learned_occupancy,1.254857344324988,0.007582786260094121
1,1200,190,learned_mean,1.254857344324988,0.003111679727482608
1,1200,190,tis,1.254857344324988,0.0011038289103340038
1,1200,190,tis_anchored,1.254857344324988,0.0031755583146162447
1,1200,190,occ_plus_uniform,1.254857344324988,0.007202462401596721
1,1200,190,occ_plus_mean,1.254857344324988,0.00288785799442115
1,1200,190,oracle_tail,1.254857344324988,0.004739420772503555
1,1200,190,complete_rollout,1.254857344324988,-0.025589051642061156
1,1200,191,uniform,1.254857344324988,0.004609704908949963
1,1200,191,learned_occupancy,1.254857344324988,0.008346527316969166
1,1200,191,learned_mean,1.254857344324988,0.014063282242086972
1,1200,191,tis,1.254857344324988,0.004800001490561812
1,1200,191,tis_anchored,1.254857344324988,0.009686247773828205
1,1200,191,occ_plus_uniform,1.254857344324988,0.009352494924680821
1,1200,191,occ_plus_mean,1.254857344324988,0.011101295463183725
1,1200,191,oracle_tail,1.254857344324988,0.0077301467729342654
1,1200,191,complete_rollout,1.254857344324988,-0.009328889040435051
1,1200,192,uniform,1.254857344324988,-0.0007739792490433217
1,1200,192,learned_occupancy,1.254857344324988,-0.004187877851039357
1,1200,192,learned_mean,1.254857344324988,-0.0017211531242109501
1,1200,192,tis,1.254857344324988,-0.0005406583315650249
1,1200,192,tis_anchored,1.254857344324988,-0.0016824280769238698
1,1200,192,occ_plus_uniform,1.254857344324988,-0.004095938069111904
1,1200,192,occ_plus_mean,1.254857344324988,-0.002517897523376167
1,1200,192,oracle_tail,1.254857344324988,0.0050347612538237385
1,1200,192,complete_rollout,1.254857344324988,0.004492249170946927
1,1200,193,uniform,1.254857344324988,-0.009751302628820735
1,1200,193,learned_occupancy,1.254857344324988,-0.01789413304901788
1,1200,193,learned_mean,1.254857344324988,-0.015038509965042746
1,1200,193,tis,1.254857344324988,-0.010591478141748656
1,1200,193,tis_anchored,1.254857344324988,-0.011379925216541409
1,1200,193,occ_plus_uniform,1.254857344324988,-0.010358694471948704
1,1200,193,occ_plus_mean,1.254857344324988,-0.016981834720310562
1,1200,193,oracle_tail,1.254857344324988,-0.009007595085385178
1,1200,193,complete_rollout,1.254857344324988,-0.022337019121736024
1,1200,194,uniform,1.254857344324988,0.002307193424921916
1,1200,194,learned_occupancy,1.254857344324988,0.002853999444047517
1,1200,194,learned_mean,1.254857344324988,0.0010694010873979476
1,1200,194,tis,1.254857344324988,0.013322472885807235
1,1200,194,tis_anchored,1.254857344324988,0.005335014431794294
1,1200,194,occ_plus_uniform,1.254857344324988,0.0026867661750271665
1,1200,194,occ_plus_mean,1.254857344324988,0.0036526146132898063
1,1200,194,oracle_tail,1.254857344324988,0.01039264411006613
1,1200,194,complete_rollout,1.254857344324988,-0.005263848390028691
1,1200,195,uniform,1.254857344324988,0.0026871392384582027
1,1200,195,learned_occupancy,1.254857344324988,0.007631166694038294
1,1200,195,learned_mean,1.254857344324988,0.004410400149762683
1,1200,195,tis,1.254857344324988,-0.00028108338035814917
1,1200,195,tis_anchored,1.254857344324988,0.0022851045536556036
1,1200,195,occ_plus_uniform,1.254857344324988,0.0031176950884945764
1,1200,195,occ_plus_mean,1.254857344324988,0.005619585233006541
1,1200,195,oracle_tail,1.254857344324988,0.0007854567197518314
1,1200,195,complete_rollout,1.254857344324988,-0.015832954081085537
1,1200,196,uniform,1.254857344324988,-0.01716377571079053
1,1200,196,learned_occupancy,1.254857344324988,-0.01074239609112726
1,1200,196,learned_mean,1.254857344324988,-0.005267162512576862
1,1200,196,tis,1.254857344324988,-0.0026290320688393543
1,1200,196,tis_anchored,1.254857344324988,-0.0036142095831108723
1,1200,196,occ_plus_uniform,1.254857344324988,-0.015165504780322081
1,1200,196,occ_plus_mean,1.254857344324988,-0.009367559481866072
1,1200,196,oracle_tail,1.254857344324988,-0.00378104725983075
1,1200,196,complete_rollout,1.254857344324988,-0.026402059772142383
1,1200,197,uniform,1.254857344324988,-0.024024804123299326
1,1200,197,learned_occupancy,1.254857344324988,-0.02590004558368708
1,1200,197,learned_mean,1.254857344324988,-0.020712392694994808
1,1200,197,tis,1.254857344324988,-0.00890068622593354
1,1200,197,tis_anchored,1.254857344324988,-0.018667179389944888
1,1200,197,occ_plus_uniform,1.254857344324988,-0.025180085444010958
1,1200,197,occ_plus_mean,1.254857344324988,-0.021450348909020978
1,1200,197,oracle_tail,1.254857344324988,-0.005811930528199616
1,1200,197,complete_rollout,1.254857344324988,0.019939403642491804
1,1200,198,uniform,1.254857344324988,-0.0012641357124418828
1,1200,198,learned_occupancy,1.254857344324988,-0.010342690241696761
1,1200,198,learned_mean,1.254857344324988,-0.01450531330857907
1,1200,198,tis,1.254857344324988,-0.0015263273167285263
1,1200,198,tis_anchored,1.254857344324988,-0.00321906414438633
1,1200,198,occ_plus_uniform,1.254857344324988,-0.003152163922276685
1,1200,198,occ_plus_mean,1.254857344324988,-0.010242057751554956
1,1200,198,oracle_tail,1.254857344324988,-0.004069065274684203
1,1200,198,complete_rollout,1.254857344324988,0.03619956624411769
1,1200,199,uniform,1.254857344324988,0.0009565581738970597
1,1200,199,learned_occupancy,1.254857344324988,-0.0017425035783982246
1,1200,199,learned_mean,1.254857344324988,0.000670283341043465
1,1200,199,tis,1.254857344324988,0.0003170192055828025
1,1200,199,tis_anchored,1.254857344324988,0.001674457998890988
1,1200,199,occ_plus_uniform,1.254857344324988,-0.002862405885952768
1,1200,199,occ_plus_mean,1.254857344324988,-0.0038261702868003233
1,1200,199,oracle_tail,1.254857344324988,0.004747393247623188
1,1200,199,complete_rollout,1.254857344324988,-0.005263848390028691
1,1200,200,uniform,1.254857344324988,0.012164229582058761
1,1200,200,learned_occupancy,1.254857344324988,0.013258513781365444
1,1200,200,learned_mean,1.254857344324988,0.01135097676831176
1,1200,200,tis,1.254857344324988,0.004973747449973587
1,1200,200,tis_anchored,1.254857344324988,0.006511326149137409
1,1200,200,occ_plus_uniform,1.254857344324988,0.010007621692490254
1,1200,200,occ_plus_mean,1.254857344324988,0.010321548086098087
1,1200,200,oracle_tail,1.254857344324988,0.0057937741259006525
1,1200,200,complete_rollout,1.254857344324988,-0.0068898646501911465
1,1200,201,uniform,1.254857344324988,0.00648158771144236
1,1200,201,learned_occupancy,1.254857344324988,0.019751375450195896
1,1200,201,learned_mean,1.254857344324988,0.010352157119427163
1,1200,201,tis,1.254857344324988,0.0033587118120261827
1,1200,201,tis_anchored,1.254857344324988,0.006752941168891136
1,1200,201,occ_plus_uniform,1.254857344324988,0.017187988350644945
1,1200,201,occ_plus_mean,1.254857344324988,0.016207981491272783
1,1200,201,oracle_tail,1.254857344324988,0.004990957222753778
1,1200,201,complete_rollout,1.254857344324988,-0.02477604351197993
1,1200,202,uniform,1.254857344324988,0.0007788414585299108
1,1200,202,learned_occupancy,1.254857344324988,-0.001144193458996856
1,1200,202,learned_mean,1.254857344324988,-0.005159295691795407
1,1200,202,tis,1.254857344324988,-0.006233727657892318
1,1200,202,tis_anchored,1.254857344324988,-0.0025347148177881085
1,1200,202,occ_plus_uniform,1.254857344324988,0.0012956165420290322
1,1200,202,occ_plus_mean,1.254857344324988,-0.0039109820573106635
1,1200,202,oracle_tail,1.254857344324988,-0.003627165147910505
1,1200,202,complete_rollout,1.254857344324988,-0.02802807603230506
1,1200,203,uniform,1.254857344324988,0.021211839869690774
1,1200,203,learned_occupancy,1.254857344324988,0.016623720496211192
1,1200,203,learned_mean,1.254857344324988,0.020032258131693625
1,1200,203,tis,1.254857344324988,0.006775570814001153
1,1200,203,tis_anchored,1.254857344324988,0.010671127397911873
1,1200,203,occ_plus_uniform,1.254857344324988,0.018550236152292232
1,1200,203,occ_plus_mean,1.254857344324988,0.019485287962915043
1,1200,203,oracle_tail,1.254857344324988,0.004005678756691333
1,1200,203,complete_rollout,1.254857344324988,-0.03128010855263019
1,1200,204,uniform,1.254857344324988,0.0029493598278915734
1,1200,204,learned_occupancy,1.254857344324988,0.002165676201522082
1,1200,204,learned_mean,1.254857344324988,0.00898297352034283
1,1200,204,tis,1.254857344324988,0.005812244801809419
1,1200,204,tis_anchored,1.254857344324988,0.010243471932080528
1,1200,204,occ_plus_uniform,1.254857344324988,0.0048713190932030415
1,1200,204,occ_plus_mean,1.254857344324988,0.004799121982291821
1,1200,204,oracle_tail,1.254857344324988,0.007615590511165227
1,1200,204,complete_rollout,1.254857344324988,0.002866232910784472
1,1200,205,uniform,1.254857344324988,0.011581590969343747
1,1200,205,learned_occupancy,1.254857344324988,0.014958627439964678
1,1200,205,learned_mean,1.254857344324988,0.01790586592213539
1,1200,205,tis,1.254857344324988,0.008764892372032707
1,1200,205,tis_anchored,1.254857344324988,0.01331761866832748
1,1200,205,occ_plus_uniform,1.254857344324988,0.017438621737123183
1,1200,205,occ_plus_mean,1.254857344324988,0.015092858233871631
1,1200,205,oracle_tail,1.254857344324988,0.011063124795518187
1,1200,205,complete_rollout,1.254857344324988,-0.0036378321298660143
1,1200,206,uniform,1.254857344324988,-0.011649957917020393
1,1200,206,learned_occupancy,1.254857344324988,-0.011636595589730625
1,1200,206,learned_mean,1.254857344324988,-0.008454330056352433
1,1200,206,tis,1.254857344324988,-0.003654063261506746
1,1200,206,tis_anchored,1.254857344324988,-0.007055898233028879
1,1200,206,occ_plus_uniform,1.254857344324988,-0.013272524502259797
1,1200,206,occ_plus_mean,1.254857344324988,-0.008692791959721724
1,1200,206,oracle_tail,1.254857344324988,-0.0038648311808830993
1,1200,206,complete_rollout,1.254857344324988,-0.0020118158697033373
1,1200,207,uniform,1.254857344324988,0.00846264671506658
1,1200,207,learned_occupancy,1.254857344324988,0.010677409755842193
1,1200,207,learned_mean,1.254857344324988,0.013280499884435137
1,1200,207,tis,1.254857344324988,0.004571233009016629
1,1200,207,tis_anchored,1.254857344324988,0.004837003661175121
1,1200,207,occ_plus_uniform,1.254857344324988,0.011881163929005512
1,1200,207,occ_plus_mean,1.254857344324988,0.012273584265826587
1,1200,207,oracle_tail,1.254857344324988,0.005790245764005997
1,1200,207,complete_rollout,1.254857344324988,-0.011767913430678956
1,1200,208,uniform,1.254857344324988,-0.0014134913565504448
1,1200,208,learned_occupancy,1.254857344324988,0.0012156680235042572
1,1200,208,learned_mean,1.254857344324988,-0.002205152751226569
1,1200,208,tis,1.254857344324988,0.0013774697279675951
1,1200,208,tis_anchored,1.254857344324988,0.00238293634584541
1,1200,208,occ_plus_uniform,1.254857344324988,0.0016321767626839012
1,1200,208,occ_plus_mean,1.254857344324988,-0.002377951791243893
1,1200,208,oracle_tail,1.254857344324988,2.8561578693242495e-05
1,1200,208,complete_rollout,1.254857344324988,-0.0036378321298660143
1,1200,209,uniform,1.254857344324988,0.004101821450501086
1,1200,209,learned_occupancy,1.254857344324988,-0.0005726877901495175
1,1200,209,learned_mean,1.254857344324988,-0.0008931318623826012
1,1200,209,tis,1.254857344324988,-0.008136448896407966
1,1200,209,tis_anchored,1.254857344324988,0.0007087427431240467
1,1200,209,occ_plus_uniform,1.254857344324988,0.002490420835293161
1,1200,209,occ_plus_mean,1.254857344324988,0.00040635520000309455
1,1200,209,oracle_tail,1.254857344324988,-0.008427928353913039
1,1200,209,complete_rollout,1.254857344324988,-0.016645962211166765
1,1200,210,uniform,1.254857344324988,0.010771745411092937
1,1200,210,learned_occupancy,1.254857344324988,0.015226018294270283
1,1200,210,learned_mean,1.254857344324988,0.01205066106383379
1,1200,210,tis,1.254857344324988,0.01113641942206467
1,1200,210,tis_anchored,1.254857344324988,0.01005040405333335
1,1200,210,occ_plus_uniform,1.254857344324988,0.0090228375148671
1,1200,210,occ_plus_mean,1.254857344324988,0.013894781423891889
1,1200,210,oracle_tail,1.254857344324988,0.011563480140143856
1,1200,210,complete_rollout,1.254857344324988,-0.002824823999784787
1,1200,211,uniform,1.254857344324988,0.006898877037404105
1,1200,211,learned_occupancy,1.254857344324988,-0.0012459115939698062
1,1200,211,learned_mean,1.254857344324988,-0.00010745851955595853
1,1200,211,tis,1.254857344324988,-0.0045399446728726645
1,1200,211,tis_anchored,1.254857344324988,-0.0009796704449203109
1,1200,211,occ_plus_uniform,1.254857344324988,0.005721654023478795
1,1200,211,occ_plus_mean,1.254857344324988,0.0006498086735224895
1,1200,211,oracle_tail,1.254857344324988,0.00046688767237856865
1,1200,211,complete_rollout,1.254857344324988,0.0012402166506217949
1,1200,212,uniform,1.254857344324988,0.004409135431799216
1,1200,212,learned_occupancy,1.254857344324988,-0.00784534033046258
1,1200,212,learned_mean,1.254857344324988,-0.0039546234046967665
1,1200,212,tis,1.254857344324988,-0.004034284557050016
1,1200,212,tis_anchored,1.254857344324988,-0.0007141133101538077
1,1200,212,occ_plus_uniform,1.254857344324988,-0.0019443407753205744
1,1200,212,occ_plus_mean,1.254857344324988,-0.0071517882676923605
1,1200,212,oracle_tail,1.254857344324988,-0.0016311304223195489
1,1200,212,complete_rollout,1.254857344324988,-0.01420693782092286
1,1200,213,uniform,1.254857344324988,-0.0044733471928646296
1,1200,213,learned_occupancy,1.254857344324988,-0.012509073741048926
1,1200,213,learned_mean,1.254857344324988,-0.0007144073222233871
1,1200,213,tis,1.254857344324988,0.0023363119553176936
1,1200,213,tis_anchored,1.254857344324988,0.002996460678721613
1,1200,213,occ_plus_uniform,1.254857344324988,-0.006137305436749951
1,1200,213,occ_plus_mean,1.254857344324988,-0.002394748160702953
1,1200,213,oracle_tail,1.254857344324988,0.0019801351780541765
1,1200,213,complete_rollout,1.254857344324988,0.02237842803273571
1,1200,214,uniform,1.254857344324988,0.010670189796645246
1,1200,214,learned_occupancy,1.254857344324988,0.015998046932264698
1,1200,214,learned_mean,1.254857344324988,0.01689186375977192
1,1200,214,tis,1.254857344324988,0.00966247043147428
1,1200,214,tis_anchored,1.254857344324988,0.013054970487194506
1,1200,214,occ_plus_uniform,1.254857344324988,0.015660000006902708
1,1200,214,occ_plus_mean,1.254857344324988,0.017264607294786183
1,1200,214,oracle_tail,1.254857344324988,0.008399451532962177
1,1200,214,complete_rollout,1.254857344324988,0.019126395512410355
1,1200,215,uniform,1.254857344324988,-0.013124485235148864
1,1200,215,learned_occupancy,1.254857344324988,-0.002081038916201816
1,1200,215,learned_mean,1.254857344324988,-0.004602210820110697
1,1200,215,tis,1.254857344324988,0.0013241692221117596
1,1200,215,tis_anchored,1.254857344324988,0.003598660454643854
1,1200,215,occ_plus_uniform,1.254857344324988,-0.005631947617037669
1,1200,215,occ_plus_mean,1.254857344324988,-0.0007041120721602567
1,1200,215,oracle_tail,1.254857344324988,-0.0032106930615369844
1,1200,215,complete_rollout,1.254857344324988,0.008557289821353509
1,1200,216,uniform,1.254857344324988,0.0036150081468369066
1,1200,216,learned_occupancy,1.254857344324988,0.0035549297411248126
1,1200,216,learned_mean,1.254857344324988,0.00302556902354012
1,1200,216,tis,1.254857344324988,0.006877798645073652
1,1200,216,tis_anchored,1.254857344324988,0.0070965436080874245
1,1200,216,occ_plus_uniform,1.254857344324988,0.0045857605871344465
1,1200,216,occ_plus_mean,1.254857344324988,0.0016955547281072292
1,1200,216,oracle_tail,1.254857344324988,0.0029689241524784027
1,1200,216,complete_rollout,1.254857344324988,0.009370297951434736
1,1200,217,uniform,1.254857344324988,0.0014158995800352958
1,1200,217,learned_occupancy,1.254857344324988,-0.0024205658767448845
1,1200,217,learned_mean,1.254857344324988,0.0037342122169379266
1,1200,217,tis,1.254857344324988,0.005877302833074305
1,1200,217,tis_anchored,1.254857344324988,0.0019441872824546014
1,1200,217,occ_plus_uniform,1.254857344324988,0.0002924244685935662
1,1200,217,occ_plus_mean,1.254857344324988,0.001527317573815301
1,1200,217,oracle_tail,1.254857344324988,0.00610124842898685
1,1200,217,complete_rollout,1.254857344324988,0.013435338601841318
1,1200,218,uniform,1.254857344324988,-0.009328688433919208
1,1200,218,learned_occupancy,1.254857344324988,-0.01876476603455668
1,1200,218,learned_mean,1.254857344324988,-0.006872899336300531
1,1200,218,tis,1.254857344324988,-0.00026322044059678973
1,1200,218,tis_anchored,1.254857344324988,-0.005912729708039244
1,1200,218,occ_plus_uniform,1.254857344324988,-0.009492173912124535
1,1200,218,occ_plus_mean,1.254857344324988,-0.014567402027506837
1,1200,218,oracle_tail,1.254857344324988,-0.0013351520842252995
1,1200,218,complete_rollout,1.254857344324988,-0.01420693782092286
1,1200,219,uniform,1.254857344324988,-0.002011274400699481
1,1200,219,learned_occupancy,1.254857344324988,-0.006598870072336505
1,1200,219,learned_mean,1.254857344324988,-0.004099275445998973
1,1200,219,tis,1.254857344324988,0.0035818787439638733
1,1200,219,tis_anchored,1.254857344324988,0.00115303970892211
1,1200,219,occ_plus_uniform,1.254857344324988,-0.004137014818834217
1,1200,219,occ_plus_mean,1.254857344324988,-0.003437882678373194
1,1200,219,oracle_tail,1.254857344324988,-0.0006406425622633716
1,1200,219,complete_rollout,1.254857344324988,0.027256476813223518
1,1200,220,uniform,1.254857344324988,-0.017825119588380733
1,1200,220,learned_occupancy,1.254857344324988,-0.011966494094688418
1,1200,220,learned_mean,1.254857344324988,-0.012529385879695099
1,1200,220,tis,1.254857344324988,0.0014593789310359817
1,1200,220,tis_anchored,1.254857344324988,-0.0014003283324390825
1,1200,220,occ_plus_uniform,1.254857344324988,-0.009624251863599831
1,1200,220,occ_plus_mean,1.254857344324988,-0.01220621591571236
1,1200,220,oracle_tail,1.254857344324988,-0.0011233200295983625
1,1200,220,complete_rollout,1.254857344324988,-0.0068898646501911465
1,1200,221,uniform,1.254857344324988,-0.00020861549383432987
1,1200,221,learned_occupancy,1.254857344324988,-0.0011388921104713567
1,1200,221,learned_mean,1.254857344324988,-0.0001298081063016987
1,1200,221,tis,1.254857344324988,-0.0006110939329624365
1,1200,221,tis_anchored,1.254857344324988,0.00036094292111266135
1,1200,221,occ_plus_uniform,1.254857344324988,-0.0016821842476735238
1,1200,221,occ_plus_mean,1.254857344324988,-0.0013136089739425039
1,1200,221,oracle_tail,1.254857344324988,-0.0003411882949384548
1,1200,221,complete_rollout,1.254857344324988,-0.011767913430678956
1,1200,222,uniform,1.254857344324988,0.0030571680149371616
1,1200,222,learned_occupancy,1.254857344324988,-0.001320908119248232
1,1200,222,learned_mean,1.254857344324988,-0.00680221416784299
1,1200,222,tis,1.254857344324988,-0.004921058314739213
1,1200,222,tis_anchored,1.254857344324988,-0.0044962925521363495
1,1200,222,occ_plus_uniform,1.254857344324988,-0.0006822042211958035
1,1200,222,occ_plus_mean,1.254857344324988,-0.005882214741423253
1,1200,222,oracle_tail,1.254857344324988,-0.00592821051444159
1,1200,222,complete_rollout,1.254857344324988,0.0020532247807030224
1,1200,223,uniform,1.254857344324988,-0.016614466400780126
1,1200,223,learned_occupancy,1.254857344324988,-0.01282980912434395
1,1200,223,learned_mean,1.254857344324988,-0.01023723390237885
1,1200,223,tis,1.254857344324988,-0.012807844518302414
1,1200,223,tis_anchored,1.254857344324988,-0.012974542237854214
1,1200,223,occ_plus_uniform,1.254857344324988,-0.012009780849241203
1,1200,223,occ_plus_mean,1.254857344324988,-0.009304945628072936
1,1200,223,oracle_tail,1.254857344324988,-0.010557022782662795
1,1200,223,complete_rollout,1.254857344324988,-0.028841084162386288
1,1200,224,uniform,1.254857344324988,-0.005376970278358595
1,1200,224,learned_occupancy,1.254857344324988,-0.00036656168890036867
1,1200,224,learned_mean,1.254857344324988,0.003107861242847232
1,1200,224,tis,1.254857344324988,-0.0038843349259136684
1,1200,224,tis_anchored,1.254857344324988,-0.0038714375750585894
1,1200,224,occ_plus_uniform,1.254857344324988,-0.0008411742661449395
1,1200,224,occ_plus_mean,1.254857344324988,-0.000657107410303226
1,1200,224,oracle_tail,1.254857344324988,0.001015089890810117
1,1200,224,complete_rollout,1.254857344324988,0.015061354862003995
1,1200,225,uniform,1.254857344324988,0.008101019971156642
1,1200,225,learned_occupancy,1.254857344324988,0.015197086838533158
1,1200,225,learned_mean,1.254857344324988,0.012542383897533815
1,1200,225,tis,1.254857344324988,0.004796095637570774
1,1200,225,tis_anchored,1.254857344324988,0.005007883840650429
1,1200,225,occ_plus_uniform,1.254857344324988,0.01246339776731653
1,1200,225,occ_plus_mean,1.254857344324988,0.013791745256582999
1,1200,225,oracle_tail,1.254857344324988,0.004480647814520067
1,1200,225,complete_rollout,1.254857344324988,0.013435338601841318
1,1200,226,uniform,1.254857344324988,-0.007255339078080958
1,1200,226,learned_occupancy,1.254857344324988,-0.010272298537869817
1,1200,226,learned_mean,1.254857344324988,-0.007968469363422548
1,1200,226,tis,1.254857344324988,-0.009262366177244852
1,1200,226,tis_anchored,1.254857344324988,-0.009638512789176268
1,1200,226,occ_plus_uniform,1.254857344324988,-0.007393117014696138
1,1200,226,occ_plus_mean,1.254857344324988,-0.009803211818074642
1,1200,226,oracle_tail,1.254857344324988,-0.012895662395107088
1,1200,226,complete_rollout,1.254857344324988,0.00042720852054056735
1,1200,227,uniform,1.254857344324988,0.00012217219216581476
1,1200,227,learned_occupancy,1.254857344324988,0.007960534811586095
1,1200,227,learned_mean,1.254857344324988,0.005541354916003272
1,1200,227,tis,1.254857344324988,-0.0013179727464727176
1,1200,227,tis_anchored,1.254857344324988,-0.0016288574717042703
1,1200,227,occ_plus_uniform,1.254857344324988,0.007986514700191627
1,1200,227,occ_plus_mean,1.254857344324988,0.0037553169241748563
1,1200,227,oracle_tail,1.254857344324988,0.0031656684137482127
1,1200,227,complete_rollout,1.254857344324988,-0.005263848390028691
1,1200,228,uniform,1.254857344324988,-0.0012606845330738192
1,1200,228,learned_occupancy,1.254857344324988,0.007034858147768164
1,1200,228,learned_mean,1.254857344324988,0.00027447031667038324
1,1200,228,tis,1.254857344324988,0.0016200084147532934
1,1200,228,tis_anchored,1.254857344324988,-0.0004730072912224603
1,1200,228,occ_plus_uniform,1.254857344324988,0.007730816888179115
1,1200,228,occ_plus_mean,1.254857344324988,0.0040957589762067315
1,1200,228,oracle_tail,1.254857344324988,0.0018222966359786597
1,1200,228,complete_rollout,1.254857344324988,0.028069484943304746
1,1200,229,uniform,1.254857344324988,-0.004383843951999422
1,1200,229,learned_occupancy,1.254857344324988,-0.005216676214333971
1,1200,229,learned_mean,1.254857344324988,-0.0019266712115111329
1,1200,229,tis,1.254857344324988,-0.0074045860942204555
1,1200,229,tis_anchored,1.254857344324988,-0.005558894481178855
1,1200,229,occ_plus_uniform,1.254857344324988,-0.005831656116767059
1,1200,229,occ_plus_mean,1.254857344324988,-0.0029191691012946386
1,1200,229,oracle_tail,1.254857344324988,-0.005050243843137903
1,1200,229,complete_rollout,1.254857344324988,0.0053052573010283766
1,1200,230,uniform,1.254857344324988,-0.0016460678566239118
1,1200,230,learned_occupancy,1.254857344324988,-0.010557889490585115
1,1200,230,learned_mean,1.254857344324988,-0.008322047386468467
1,1200,230,tis,1.254857344324988,-0.002691977176526139
1,1200,230,tis_anchored,1.254857344324988,-0.009847069085561655
1,1200,230,occ_plus_uniform,1.254857344324988,-0.006686241290183359
1,1200,230,occ_plus_mean,1.254857344324988,-0.01292630766218461
1,1200,230,oracle_tail,1.254857344324988,-0.0038262224819030077
1,1200,230,complete_rollout,1.254857344324988,-0.013393929690841633
1,1200,231,uniform,1.254857344324988,-0.002697097154624739
1,1200,231,learned_occupancy,1.254857344324988,-0.0027558583643161327
1,1200,231,learned_mean,1.254857344324988,-0.0029593990964975614
1,1200,231,tis,1.254857344324988,-0.00617217028997552
1,1200,231,tis_anchored,1.254857344324988,0.00036708762619896973
1,1200,231,occ_plus_uniform,1.254857344324988,-0.005092145541662152
1,1200,231,occ_plus_mean,1.254857344324988,-0.0007102013483306635
1,1200,231,oracle_tail,1.254857344324988,-0.0006611233126883054
1,1200,231,complete_rollout,1.254857344324988,0.006931273561190832
1,1200,232,uniform,1.254857344324988,0.005406865848215592
1,1200,232,learned_occupancy,1.254857344324988,0.008972026609995298
1,1200,232,learned_mean,1.254857344324988,0.0027255006318482877
1,1200,232,tis,1.254857344324988,0.006026875084138128
1,1200,232,tis_anchored,1.254857344324988,0.00392409846426256
1,1200,232,occ_plus_uniform,1.254857344324988,0.005912260732922725
1,1200,232,occ_plus_mean,1.254857344324988,0.004255234909829708
1,1200,232,oracle_tail,1.254857344324988,0.007053095522924657
1,1200,232,complete_rollout,1.254857344324988,-0.03290612481279287
1,1200,233,uniform,1.254857344324988,-0.009550589608993576
1,1200,233,learned_occupancy,1.254857344324988,-0.007714583290365784
1,1200,233,learned_mean,1.254857344324988,-0.004443662383927904
1,1200,233,tis,1.254857344324988,-0.008865555238296352
1,1200,233,tis_anchored,1.254857344324988,-0.004178631328811466
1,1200,233,occ_plus_uniform,1.254857344324988,-0.004616688578473749
1,1200,233,occ_plus_mean,1.254857344324988,-0.0022434717514809854
1,1200,233,oracle_tail,1.254857344324988,-0.0113042738742819
1,1200,233,complete_rollout,1.254857344324988,0.008557289821353509
1,1200,234,uniform,1.254857344324988,0.004242268200286503
1,1200,234,learned_occupancy,1.254857344324988,0.005895612811397832
1,1200,234,learned_mean,1.254857344324988,0.005444294898249602
1,1200,234,tis,1.254857344324988,0.0021125535629771264
1,1200,234,tis_anchored,1.254857344324988,0.0005182576597839716
1,1200,234,occ_plus_uniform,1.254857344324988,0.007978598597394582
1,1200,234,occ_plus_mean,1.254857344324988,0.010568929363401036
1,1200,234,oracle_tail,1.254857344324988,0.006076039855675397
1,1200,234,complete_rollout,1.254857344324988,-0.02477604351197993
1,1200,235,uniform,1.254857344324988,-0.013047937934516085
1,1200,235,learned_occupancy,1.254857344324988,-0.01353368563478563
1,1200,235,learned_mean,1.254857344324988,-0.010479249973948779
1,1200,235,tis,1.254857344324988,-0.009781641419846165
1,1200,235,tis_anchored,1.254857344324988,-0.00807164285789197
1,1200,235,occ_plus_uniform,1.254857344324988,-0.019017696478668578
1,1200,235,occ_plus_mean,1.254857344324988,-0.008319834250170022
1,1200,235,oracle_tail,1.254857344324988,-0.009830435938641191
1,1200,235,complete_rollout,1.254857344324988,0.015061354862003995
1,1200,236,uniform,1.254857344324988,0.006166494162422209
1,1200,236,learned_occupancy,1.254857344324988,0.0014843636604151556
1,1200,236,learned_mean,1.254857344324988,-0.001591482735877614
1,1200,236,tis,1.254857344324988,0.0032308193160892618
1,1200,236,tis_anchored,1.254857344324988,0.002317486058216911
1,1200,236,occ_plus_uniform,1.254857344324988,0.010698717779774158
1,1200,236,occ_plus_mean,1.254857344324988,-0.0006525607773106845
1,1200,236,oracle_tail,1.254857344324988,0.002958678322776631
1,1200,236,complete_rollout,1.254857344324988,-0.016645962211166765
1,1200,237,uniform,1.254857344324988,-0.0006876872957242153
1,1200,237,learned_occupancy,1.254857344324988,-0.005066603721842533
1,1200,237,learned_mean,1.254857344324988,-0.0003732603278521207
1,1200,237,tis,1.254857344324988,0.0022154777311977902
1,1200,237,tis_anchored,1.254857344324988,0.0018496534955887434
1,1200,237,occ_plus_uniform,1.254857344324988,-0.005462118923534431
1,1200,237,occ_plus_mean,1.254857344324988,-0.0018863591958440118
1,1200,237,oracle_tail,1.254857344324988,0.0005322823773490359
1,1200,237,complete_rollout,1.254857344324988,0.014248346731922545
1,1200,238,uniform,1.254857344324988,0.0006722017503342226
1,1200,238,learned_occupancy,1.254857344324988,-0.004843394458455164
1,1200,238,learned_mean,1.254857344324988,-0.007341606284903879
1,1200,238,tis,1.254857344324988,-0.0018176739637196793
1,1200,238,tis_anchored,1.254857344324988,-0.0020770009151167557
1,1200,238,occ_plus_uniform,1.254857344324988,-0.0032703146999171206
1,1200,238,occ_plus_mean,1.254857344324988,-0.005126588251760822
1,1200,238,oracle_tail,1.254857344324988,-0.001501497813428898
1,1200,238,complete_rollout,1.254857344324988,0.02237842803273571
1,1200,239,uniform,1.254857344324988,-0.005175254981698352
1,1200,239,learned_occupancy,1.254857344324988,-0.008583333547370842
1,1200,239,learned_mean,1.254857344324988,-0.010440155434257248
1,1200,239,tis,1.254857344324988,-0.008997884477370599
1,1200,239,tis_anchored,1.254857344324988,0.0006323080208803233
1,1200,239,occ_plus_uniform,1.254857344324988,-0.005977752528960156
1,1200,239,occ_plus_mean,1.254857344324988,-0.010957951314265912
1,1200,239,oracle_tail,1.254857344324988,-0.008815219661896245
1,1200,239,complete_rollout,1.254857344324988,0.004492249170946927
1,1200,240,uniform,1.254857344324988,-0.0022880770625690605
1,1200,240,learned_occupancy,1.254857344324988,0.0065387228160589395
1,1200,240,learned_mean,1.254857344324988,0.004224406701700323
1,1200,240,tis,1.254857344324988,-0.000345736184389267
1,1200,240,tis_anchored,1.254857344324988,-0.00016334945689422398
1,1200,240,occ_plus_uniform,1.254857344324988,0.006901281005226245
1,1200,240,occ_plus_mean,1.254857344324988,0.004776204361224501
1,1200,240,oracle_tail,1.254857344324988,-0.0025028335930250556
1,1200,240,complete_rollout,1.254857344324988,0.00042720852054056735
1,1200,241,uniform,1.254857344324988,0.009817673231915292
1,1200,241,learned_occupancy,1.254857344324988,0.006965214488477978
1,1200,241,learned_mean,1.254857344324988,0.008898975642356532
1,1200,241,tis,1.254857344324988,0.012243904279961804
1,1200,241,tis_anchored,1.254857344324988,0.006246223669306161
1,1200,241,occ_plus_uniform,1.254857344324988,0.012093985886420189
1,1200,241,occ_plus_mean,1.254857344324988,0.00875757537539501
1,1200,241,oracle_tail,1.254857344324988,0.003118948907418151
1,1200,241,complete_rollout,1.254857344324988,-0.02315002725181725
1,1200,242,uniform,1.254857344324988,-0.0009085510488977544
1,1200,242,learned_occupancy,1.254857344324988,-0.004316953705326254
1,1200,242,learned_mean,1.254857344324988,-0.0019625545319292836
1,1200,242,tis,1.254857344324988,-0.003773511229366866
1,1200,242,tis_anchored,1.254857344324988,0.0010783430460175047
1,1200,242,occ_plus_uniform,1.254857344324988,-0.0028509641327185697
1,1200,242,occ_plus_mean,1.254857344324988,-0.002667468758867919
1,1200,242,oracle_tail,1.254857344324988,-0.009302868792605556
1,1200,242,complete_rollout,1.254857344324988,-0.0011988077396221097
1,1200,243,uniform,1.254857344324988,-0.010764504052077406
1,1200,243,learned_occupancy,1.254857344324988,-0.008493905837780868
1,1200,243,learned_mean,1.254857344324988,-0.0037005461810588614
1,1200,243,tis,1.254857344324988,-0.0011231261610367138
1,1200,243,tis_anchored,1.254857344324988,-0.005444932801064839
1,1200,243,occ_plus_uniform,1.254857344324988,-0.00986254496261596
1,1200,243,occ_plus_mean,1.254857344324988,-0.005067489723075802
1,1200,243,oracle_tail,1.254857344324988,-0.0008268147980485807
1,1200,243,complete_rollout,1.254857344324988,-0.01420693782092286
1,1200,244,uniform,1.254857344324988,0.00485409713532059
1,1200,244,learned_occupancy,1.254857344324988,0.005709026302848308
1,1200,244,learned_mean,1.254857344324988,0.008481821419938251
1,1200,244,tis,1.254857344324988,-0.0020637563689624994
1,1200,244,tis_anchored,1.254857344324988,0.007120149261514719
1,1200,244,occ_plus_uniform,1.254857344324988,0.007175603094725425
1,1200,244,occ_plus_mean,1.254857344324988,0.004974180828338781
1,1200,244,oracle_tail,1.254857344324988,0.0015973661106558623
1,1200,244,complete_rollout,1.254857344324988,0.007744281691272281
1,1200,245,uniform,1.254857344324988,0.004037903065637449
1,1200,245,learned_occupancy,1.254857344324988,0.008742287748446431
1,1200,245,learned_mean,1.254857344324988,0.003923366234260595
1,1200,245,tis,1.254857344324988,0.0014809755348008657
1,1200,245,tis_anchored,1.254857344324988,0.0039093134032484045
1,1200,245,occ_plus_uniform,1.254857344324988,-0.00021919932757374916
1,1200,245,occ_plus_mean,1.254857344324988,0.007087108456875768
1,1200,245,oracle_tail,1.254857344324988,0.0009505349725074108
1,1200,245,complete_rollout,1.254857344324988,-0.0003857996095408822
1,1200,246,uniform,1.254857344324988,-0.0012660403249997731
1,1200,246,learned_occupancy,1.254857344324988,-0.006244864261854666
1,1200,246,learned_mean,1.254857344324988,-0.006778194779460067
1,1200,246,tis,1.254857344324988,-0.003682933290261925
1,1200,246,tis_anchored,1.254857344324988,-0.00847688627749199
1,1200,246,occ_plus_uniform,1.254857344324988,-0.004872609248251614
1,1200,246,occ_plus_mean,1.254857344324988,-0.0064314702659848955
1,1200,246,oracle_tail,1.254857344324988,-0.007247896390415898
1,1200,246,complete_rollout,1.254857344324988,-0.010954905300597728
1,1200,247,uniform,1.254857344324988,-0.00529841313431878
1,1200,247,learned_occupancy,1.254857344324988,0.003042790674503859
1,1200,247,learned_mean,1.254857344324988,0.004810108654084155
1,1200,247,tis,1.254857344324988,-0.00023556405942293246
1,1200,247,tis_anchored,1.254857344324988,0.0033693613712757475
1,1200,247,occ_plus_uniform,1.254857344324988,-0.0030692464139179254
1,1200,247,occ_plus_mean,1.254857344324988,0.0050268817334924165
1,1200,247,oracle_tail,1.254857344324988,-0.0024181956746986977
1,1200,247,complete_rollout,1.254857344324988,0.006118265431109604
1,1200,248,uniform,1.254857344324988,-0.0051073677772
1,1200,248,learned_occupancy,1.254857344324988,0.0028755955736279315
1,1200,248,learned_mean,1.254857344324988,0.00356337964843334
1,1200,248,tis,1.254857344324988,-0.0020715249298228766
1,1200,248,tis_anchored,1.254857344324988,-7.461799509100864e-05
1,1200,248,occ_plus_uniform,1.254857344324988,0.004840815017453481
1,1200,248,occ_plus_mean,1.254857344324988,0.0010408288257954812
1,1200,248,oracle_tail,1.254857344324988,-0.002111151713863446
1,1200,248,complete_rollout,1.254857344324988,-0.0003857996095408822
1,1200,249,uniform,1.254857344324988,0.0011868486497703667
1,1200,249,learned_occupancy,1.254857344324988,0.0007412367088381888
1,1200,249,learned_mean,1.254857344324988,0.00525906854585978
1,1200,249,tis,1.254857344324988,0.0025533395725501062
1,1200,249,tis_anchored,1.254857344324988,0.004462559851673209
1,1200,249,occ_plus_uniform,1.254857344324988,0.00046782134891576455
1,1200,249,occ_plus_mean,1.254857344324988,0.0009437860427474742
1,1200,249,oracle_tail,1.254857344324988,0.0002834476337805203
1,1200,249,complete_rollout,1.254857344324988,-0.0003857996095408822
1,1200,250,uniform,1.254857344324988,0.014978300889844753
1,1200,250,learned_occupancy,1.254857344324988,0.008902489697178995
1,1200,250,learned_mean,1.254857344324988,0.006436315722518682
1,1200,250,tis,1.254857344324988,0.009773043847977503
1,1200,250,tis_anchored,1.254857344324988,0.010728160984270874
1,1200,250,occ_plus_uniform,1.254857344324988,0.011051260497164206
1,1200,250,occ_plus_mean,1.254857344324988,0.006663280709068742
1,1200,250,oracle_tail,1.254857344324988,0.006030661937988624
1,1200,250,complete_rollout,1.254857344324988,0.0012402166506217949
1,1200,251,uniform,1.254857344324988,-0.01141195428412467
1,1200,251,learned_occupancy,1.254857344324988,-0.005367389655076549
1,1200,251,learned_mean,1.254857344324988,-0.0053328672312176195
1,1200,251,tis,1.254857344324988,-0.010973801525957061
1,1200,251,tis_anchored,1.254857344324988,-0.009305323792146769
1,1200,251,occ_plus_uniform,1.254857344324988,-0.007447579468762733
1,1200,251,occ_plus_mean,1.254857344324988,-0.005601295171491216
1,1200,251,oracle_tail,1.254857344324988,-0.01401882537210164
1,1200,251,complete_rollout,1.254857344324988,-0.030467100422548965
1,1200,252,uniform,1.254857344324988,0.003712076263418407
1,1200,252,learned_occupancy,1.254857344324988,0.0003049726996775526
1,1200,252,learned_mean,1.254857344324988,0.0018614720772149873
1,1200,252,tis,1.254857344324988,-0.0014846336495177859
1,1200,252,tis_anchored,1.254857344324988,-0.006146631128999935
1,1200,252,occ_plus_uniform,1.254857344324988,0.0006022539915540026
1,1200,252,occ_plus_mean,1.254857344324988,0.002626794963682011
1,1200,252,oracle_tail,1.254857344324988,-0.0016511433837178568
1,1200,252,complete_rollout,1.254857344324988,0.0012402166506217949
1,1200,253,uniform,1.254857344324988,0.008048797740193514
1,1200,253,learned_occupancy,1.254857344324988,0.00457737847012285
1,1200,253,learned_mean,1.254857344324988,0.0016573285476844113
1,1200,253,tis,1.254857344324988,-0.00400343080967458
1,1200,253,tis_anchored,1.254857344324988,0.0015817118110437178
1,1200,253,occ_plus_uniform,1.254857344324988,0.009717469643951038
1,1200,253,occ_plus_mean,1.254857344324988,0.003110086253090616
1,1200,253,oracle_tail,1.254857344324988,-0.0023175636477374972
1,1200,253,complete_rollout,1.254857344324988,-0.006076856520109919
1,1200,254,uniform,1.254857344324988,0.019341651285495143
1,1200,254,learned_occupancy,1.254857344324988,0.012836436614250157
1,1200,254,learned_mean,1.254857344324988,0.011429808223726967
1,1200,254,tis,1.254857344324988,0.011703108874810741
1,1200,254,tis_anchored,1.254857344324988,0.0130233101194277
1,1200,254,occ_plus_uniform,1.254857344324988,0.014840782062198077
1,1200,254,occ_plus_mean,1.254857344324988,0.014410299898317103
1,1200,254,oracle_tail,1.254857344324988,0.008293823606760897
1,1200,254,complete_rollout,1.254857344324988,-0.0003857996095408822
1,1200,255,uniform,1.254857344324988,-0.014750285250613171
1,1200,255,learned_occupancy,1.254857344324988,-0.008743900500381319
1,1200,255,learned_mean,1.254857344324988,-0.009486137352980206
1,1200,255,tis,1.254857344324988,-0.01687840600394175
1,1200,255,tis_anchored,1.254857344324988,-0.014955666767253906
1,1200,255,occ_plus_uniform,1.254857344324988,-0.012425437806841133
1,1200,255,occ_plus_mean,1.254857344324988,-0.008639344752036093
1,1200,255,oracle_tail,1.254857344324988,-0.015904984925326993
1,1200,255,complete_rollout,1.254857344324988,0.0053052573010283766
1,1200,256,uniform,1.254857344324988,-0.0064586939112141195
1,1200,256,learned_occupancy,1.254857344324988,-0.0037100674720655924
1,1200,256,learned_mean,1.254857344324988,-0.0054344464265017045
1,1200,256,tis,1.254857344324988,-0.007329028537776283
1,1200,256,tis_anchored,1.254857344324988,-0.001336923147216229
1,1200,256,occ_plus_uniform,1.254857344324988,-0.0024872128507762437
1,1200,256,occ_plus_mean,1.254857344324988,-0.004560192319517764
1,1200,256,oracle_tail,1.254857344324988,-0.007310109023738409
1,1200,256,complete_rollout,1.254857344324988,0.00042720852054056735
1,1200,257,uniform,1.254857344324988,-0.007849628638937567
1,1200,257,learned_occupancy,1.254857344324988,0.0015019497227337641
1,1200,257,learned_mean,1.254857344324988,0.0037686990907785933
1,1200,257,tis,1.254857344324988,9.317330657721001e-05
1,1200,257,tis_anchored,1.254857344324988,0.005703735612518912
1,1200,257,occ_plus_uniform,1.254857344324988,-0.002749317168313503
1,1200,257,occ_plus_mean,1.254857344324988,0.002865248984315727
1,1200,257,oracle_tail,1.254857344324988,0.0005045039013322761
1,1200,257,complete_rollout,1.254857344324988,0.004492249170946927
1,1200,258,uniform,1.254857344324988,-0.019237977969075448
1,1200,258,learned_occupancy,1.254857344324988,-0.009603674859862465
1,1200,258,learned_mean,1.254857344324988,-0.00490929049419675
1,1200,258,tis,1.254857344324988,-0.008824002049065971
1,1200,258,tis_anchored,1.254857344324988,-0.008245899561618808
1,1200,258,occ_plus_uniform,1.254857344324988,-0.012406291094026578
1,1200,258,occ_plus_mean,1.254857344324988,-0.0060465971082155345
1,1200,258,oracle_tail,1.254857344324988,-0.007671636853501251
1,1200,258,complete_rollout,1.254857344324988,-0.0068898646501911465
1,1200,259,uniform,1.254857344324988,0.01953652972550568
1,1200,259,learned_occupancy,1.254857344324988,0.015384672501104424
1,1200,259,learned_mean,1.254857344324988,0.02083362092165464
1,1200,259,tis,1.254857344324988,0.006260411750921291
1,1200,259,tis_anchored,1.254857344324988,0.00780520962707465
1,1200,259,occ_plus_uniform,1.254857344324988,0.015345761661735624
1,1200,259,occ_plus_mean,1.254857344324988,0.0192937576526222
1,1200,259,oracle_tail,1.254857344324988,0.004834634278898298
1,1200,259,complete_rollout,1.254857344324988,-0.03697116546319945
1,1200,260,uniform,1.254857344324988,-0.004518151459693698
1,1200,260,learned_occupancy,1.254857344324988,-0.002689986200276495
1,1200,260,learned_mean,1.254857344324988,0.0022537666619277807
1,1200,260,tis,1.254857344324988,0.003030424135481713
1,1200,260,tis_anchored,1.254857344324988,0.008141979522784615
1,1200,260,occ_plus_uniform,1.254857344324988,0.0015382331568747354
1,1200,260,occ_plus_mean,1.254857344324988,-0.0007250472599715785
1,1200,260,oracle_tail,1.254857344324988,0.007946672224622198
1,1200,260,complete_rollout,1.254857344324988,-0.028841084162386288
1,1200,261,uniform,1.254857344324988,0.01004844020296769
1,1200,261,learned_occupancy,1.254857344324988,0.003553741337786853
1,1200,261,learned_mean,1.254857344324988,0.006282857024107136
1,1200,261,tis,1.254857344324988,0.0070000235372467134
1,1200,261,tis_anchored,1.254857344324988,0.00777416033997369
1,1200,261,occ_plus_uniform,1.254857344324988,0.006854921712796447
1,1200,261,occ_plus_mean,1.254857344324988,0.0052787294696319265
1,1200,261,oracle_tail,1.254857344324988,0.005618633328618783
1,1200,261,complete_rollout,1.254857344324988,0.010996314211597413
1,1200,262,uniform,1.254857344324988,-0.002071446676519484
1,1200,262,learned_occupancy,1.254857344324988,0.005461793105479673
1,1200,262,learned_mean,1.254857344324988,0.0012832890053606771
1,1200,262,tis,1.254857344324988,-0.008649053692439512
1,1200,262,tis_anchored,1.254857344324988,-0.003087131485926209
1,1200,262,occ_plus_uniform,1.254857344324988,0.004536289668068516
1,1200,262,occ_plus_mean,1.254857344324988,0.0017961372466086534
1,1200,262,oracle_tail,1.254857344324988,-0.001425327731634063
1,1200,262,complete_rollout,1.254857344324988,-0.009328889040435051
1,1200,263,uniform,1.254857344324988,0.0015537667028640012
1,1200,263,learned_occupancy,1.254857344324988,0.0065672004496712955
1,1200,263,learned_mean,1.254857344324988,0.004398902122774384
1,1200,263,tis,1.254857344324988,0.007309135616092588
1,1200,263,tis_anchored,1.254857344324988,0.009342325590436129
1,1200,263,occ_plus_uniform,1.254857344324988,0.005842358468597597
1,1200,263,occ_plus_mean,1.254857344324988,0.0060003133489279215
1,1200,263,oracle_tail,1.254857344324988,0.005820327901571165
1,1200,263,complete_rollout,1.254857344324988,0.029695501203467423
1,1200,264,uniform,1.254857344324988,-0.0002603367523013045
1,1200,264,learned_occupancy,1.254857344324988,0.0033816439124876307
1,1200,264,learned_mean,1.254857344324988,0.005955764047456791
1,1200,264,tis,1.254857344324988,-0.0021528707638787115
1,1200,264,tis_anchored,1.254857344324988,0.0011996434031915637
1,1200,264,occ_plus_uniform,1.254857344324988,0.001341947068717264
1,1200,264,occ_plus_mean,1.254857344324988,0.0034611060793181547
1,1200,264,oracle_tail,1.254857344324988,-0.00491971076192832
1,1200,264,complete_rollout,1.254857344324988,0.0036792410408656995
1,1200,265,uniform,1.254857344324988,0.018577998441930088
1,1200,265,learned_occupancy,1.254857344324988,0.017200248172027033
1,1200,265,learned_mean,1.254857344324988,0.01860601176170329
1,1200,265,tis,1.254857344324988,0.0030699804087144233
1,1200,265,tis_anchored,1.254857344324988,0.007381287427349781
1,1200,265,occ_plus_uniform,1.254857344324988,0.019596469302456843
1,1200,265,occ_plus_mean,1.254857344324988,0.017433188715995973
1,1200,265,oracle_tail,1.254857344324988,0.0003952483190727829
1,1200,265,complete_rollout,1.254857344324988,-0.006076856520109919
1,1200,266,uniform,1.254857344324988,-0.0024435088537222427
1,1200,266,learned_occupancy,1.254857344324988,-0.00037850999364841265
1,1200,266,learned_mean,1.254857344324988,0.0028391507058307397
1,1200,266,tis,1.254857344324988,0.0040511422994082835
1,1200,266,tis_anchored,1.254857344324988,0.0030827706960991907
1,1200,266,occ_plus_uniform,1.254857344324988,-0.005080989276011749
1,1200,266,occ_plus_mean,1.254857344324988,0.0036664447291416824
1,1200,266,oracle_tail,1.254857344324988,0.010554198443776697
1,1200,266,complete_rollout,1.254857344324988,-0.017458970341248214
1,1200,267,uniform,1.254857344324988,-0.007609464618832051
1,1200,267,learned_occupancy,1.254857344324988,-0.004600851250098126
1,1200,267,learned_mean,1.254857344324988,-0.007575772393013658
1,1200,267,tis,1.254857344324988,-0.003906773247668749
1,1200,267,tis_anchored,1.254857344324988,-0.003869983970109292
1,1200,267,occ_plus_uniform,1.254857344324988,-0.010146357253062677
1,1200,267,occ_plus_mean,1.254857344324988,-0.007446763877488438
1,1200,267,oracle_tail,1.254857344324988,-0.0008228089338335742
1,1200,267,complete_rollout,1.254857344324988,0.041077615024605496
1,1200,268,uniform,1.254857344324988,-0.0017817877494459289
1,1200,268,learned_occupancy,1.254857344324988,0.001082184900218719
1,1200,268,learned_mean,1.254857344324988,0.0019058532021103414
1,1200,268,tis,1.254857344324988,-0.0032427325825823416
1,1200,268,tis_anchored,1.254857344324988,0.0008128422347617459
1,1200,268,occ_plus_uniform,1.254857344324988,0.0003977277402440471
1,1200,268,occ_plus_mean,1.254857344324988,0.0015094105473019148
1,1200,268,oracle_tail,1.254857344324988,0.0016832721689405972
1,1200,268,complete_rollout,1.254857344324988,0.024004444292898164
1,1200,269,uniform,1.254857344324988,-0.010732530120158179
1,1200,269,learned_occupancy,1.254857344324988,-0.008368313642794778
1,1200,269,learned_mean,1.254857344324988,-0.013030644456887952
1,1200,269,tis,1.254857344324988,-0.006679375856068592
1,1200,269,tis_anchored,1.254857344324988,-0.010904406704334013
1,1200,269,occ_plus_uniform,1.254857344324988,-0.01022227190776337
1,1200,269,occ_plus_mean,1.254857344324988,-0.0066657310161757355
1,1200,269,oracle_tail,1.254857344324988,-0.0076218212476741876
1,1200,269,complete_rollout,1.254857344324988,-0.02396303538189848
1,1200,270,uniform,1.254857344324988,-0.0005631845939193525
1,1200,270,learned_occupancy,1.254857344324988,-0.006001272440608663
1,1200,270,learned_mean,1.254857344324988,0.001359476681767946
1,1200,270,tis,1.254857344324988,-0.004859995870805545
1,1200,270,tis_anchored,1.254857344324988,-0.0023419309976313585
1,1200,270,occ_plus_uniform,1.254857344324988,-0.003748801399868773
1,1200,270,occ_plus_mean,1.254857344324988,-0.002682275690098823
1,1200,270,oracle_tail,1.254857344324988,-0.0010307771053439385
1,1200,270,complete_rollout,1.254857344324988,0.027256476813223518
1,1200,271,uniform,1.254857344324988,0.002024409640360769
1,1200,271,learned_occupancy,1.254857344324988,0.0058676742405441296
1,1200,271,learned_mean,1.254857344324988,0.0034080102692959358
1,1200,271,tis,1.254857344324988,0.002029288819443975
1,1200,271,tis_anchored,1.254857344324988,0.006131229228107271
1,1200,271,occ_plus_uniform,1.254857344324988,0.007898148509798197
1,1200,271,occ_plus_mean,1.254857344324988,0.005075956582228036
1,1200,271,oracle_tail,1.254857344324988,0.0031416938716017917
1,1200,271,complete_rollout,1.254857344324988,-0.038597181723361906
1,1200,272,uniform,1.254857344324988,-0.008966570733653478
1,1200,272,learned_occupancy,1.254857344324988,-0.004628907345396005
1,1200,272,learned_mean,1.254857344324988,-0.006026199531365073
1,1200,272,tis,1.254857344324988,-0.007738010971807929
1,1200,272,tis_anchored,1.254857344324988,-0.007424625604599999
1,1200,272,occ_plus_uniform,1.254857344324988,-0.0036837719366500377
1,1200,272,occ_plus_mean,1.254857344324988,-0.006265944702673387
1,1200,272,oracle_tail,1.254857344324988,-0.005783740591731368
1,1200,272,complete_rollout,1.254857344324988,-0.008515880910353824
1,1200,273,uniform,1.254857344324988,0.014019212181603624
1,1200,273,learned_occupancy,1.254857344324988,0.013191778235142504
1,1200,273,learned_mean,1.254857344324988,0.016150427899269015
1,1200,273,tis,1.254857344324988,0.007115056807337483
1,1200,273,tis_anchored,1.254857344324988,0.013599161274260974
1,1200,273,occ_plus_uniform,1.254857344324988,0.01916502031483236
1,1200,273,occ_plus_mean,1.254857344324988,0.015672612700297517
1,1200,273,oracle_tail,1.254857344324988,0.005334631116027833
1,1200,273,complete_rollout,1.254857344324988,-0.010954905300597728
1,1200,274,uniform,1.254857344324988,-0.009785154899104587
1,1200,274,learned_occupancy,1.254857344324988,-0.009442790423819236
1,1200,274,learned_mean,1.254857344324988,-0.008273981035038958
1,1200,274,tis,1.254857344324988,-0.010111603166445438
1,1200,274,tis_anchored,1.254857344324988,-0.00732524055312167
1,1200,274,occ_plus_uniform,1.254857344324988,-0.008585423363646871
1,1200,274,occ_plus_mean,1.254857344324988,-0.007722267957263496
1,1200,274,oracle_tail,1.254857344324988,0.0020178074200507545
1,1200,274,complete_rollout,1.254857344324988,0.014248346731922545
1,1200,275,uniform,1.254857344324988,-0.0025584561390035176
1,1200,275,learned_occupancy,1.254857344324988,-0.00666039554425546
1,1200,275,learned_mean,1.254857344324988,-0.0035910463852322216
1,1200,275,tis,1.254857344324988,-0.004848118033895066
1,1200,275,tis_anchored,1.254857344324988,0.0007732379427252134
1,1200,275,occ_plus_uniform,1.254857344324988,-0.005375530593403122
1,1200,275,occ_plus_mean,1.254857344324988,-0.006475473367695717
1,1200,275,oracle_tail,1.254857344324988,-0.0020744315442331462
1,1200,275,complete_rollout,1.254857344324988,-0.012580921560760405
1,1200,276,uniform,1.254857344324988,0.007792695365102187
1,1200,276,learned_occupancy,1.254857344324988,0.011141208524383384
1,1200,276,learned_mean,1.254857344324988,0.005799204678583747
1,1200,276,tis,1.254857344324988,0.013670611040245362
1,1200,276,tis_anchored,1.254857344324988,0.009369814815822775
1,1200,276,occ_plus_uniform,1.254857344324988,0.003037634482425444
1,1200,276,occ_plus_mean,1.254857344324988,0.010184943724454332
1,1200,276,oracle_tail,1.254857344324988,0.010575377538139641
1,1200,276,complete_rollout,1.254857344324988,0.029695501203467423
1,1200,277,uniform,1.254857344324988,0.01576197845324434
1,1200,277,learned_occupancy,1.254857344324988,0.015084641747136196
1,1200,277,learned_mean,1.254857344324988,0.0145550148599225
1,1200,277,tis,1.254857344324988,0.005577670272562507
1,1200,277,tis_anchored,1.254857344324988,0.003865699988047533
1,1200,277,occ_plus_uniform,1.254857344324988,0.018120293270240673
1,1200,277,occ_plus_mean,1.254857344324988,0.01659063430943175
1,1200,277,oracle_tail,1.254857344324988,0.009284549090296856
1,1200,277,complete_rollout,1.254857344324988,0.015061354862003995
1,1200,278,uniform,1.254857344324988,-0.011116567839550617
1,1200,278,learned_occupancy,1.254857344324988,-0.0017241246795016707
1,1200,278,learned_mean,1.254857344324988,-0.0012722545353525128
1,1200,278,tis,1.254857344324988,-0.005590901572796847
1,1200,278,tis_anchored,1.254857344324988,-0.003697473552961128
1,1200,278,occ_plus_uniform,1.254857344324988,-0.001246906763729294
1,1200,278,occ_plus_mean,1.254857344324988,-0.001841196597456296
1,1200,278,oracle_tail,1.254857344324988,-0.006517362852243913
1,1200,278,complete_rollout,1.254857344324988,-0.028841084162386288
1,1200,279,uniform,1.254857344324988,-0.004865915459548287
1,1200,279,learned_occupancy,1.254857344324988,-0.0029421372569171655
1,1200,279,learned_mean,1.254857344324988,-0.00039442078022200455
1,1200,279,tis,1.254857344324988,-0.005914434941048707
1,1200,279,tis_anchored,1.254857344324988,-0.0011433886493135148
1,1200,279,occ_plus_uniform,1.254857344324988,-0.00410693873856216
1,1200,279,occ_plus_mean,1.254857344324988,-0.0008717922758219032
1,1200,279,oracle_tail,1.254857344324988,-0.003457795310479961
1,1200,279,complete_rollout,1.254857344324988,-0.0068898646501911465
1,1200,280,uniform,1.254857344324988,-0.002819095252028392
1,1200,280,learned_occupancy,1.254857344324988,-0.010276966779730445
1,1200,280,learned_mean,1.254857344324988,-0.011900158445085962
1,1200,280,tis,1.254857344324988,0.00035172584455112066
1,1200,280,tis_anchored,1.254857344324988,-0.0011762638662937697
1,1200,280,occ_plus_uniform,1.254857344324988,-0.01082988832672327
1,1200,280,occ_plus_mean,1.254857344324988,-0.011096891171707535
1,1200,280,oracle_tail,1.254857344324988,0.002935244239703705
1,1200,280,complete_rollout,1.254857344324988,-0.002824823999784787
1,1200,281,uniform,1.254857344324988,-0.00895381636210657
1,1200,281,learned_occupancy,1.254857344324988,-0.003973147779579467
1,1200,281,learned_mean,1.254857344324988,-0.0079607516229947
1,1200,281,tis,1.254857344324988,-0.0034318216369313426
1,1200,281,tis_anchored,1.254857344324988,9.686539800779492e-05
1,1200,281,occ_plus_uniform,1.254857344324988,-0.010732925823544459
1,1200,281,occ_plus_mean,1.254857344324988,-0.004716664685832095
1,1200,281,oracle_tail,1.254857344324988,-0.002788580525263651
1,1200,281,complete_rollout,1.254857344324988,0.007744281691272281
1,1200,282,uniform,1.254857344324988,0.00876523836300791
1,1200,282,learned_occupancy,1.254857344324988,0.017864370855725342
1,1200,282,learned_mean,1.254857344324988,0.01688066557989365
1,1200,282,tis,1.254857344324988,0.008242302377148958
1,1200,282,tis_anchored,1.254857344324988,0.01087454453556469
1,1200,282,occ_plus_uniform,1.254857344324988,0.014588563938100485
1,1200,282,occ_plus_mean,1.254857344324988,0.01530304971203833
1,1200,282,oracle_tail,1.254857344324988,0.00847187662255644
1,1200,282,complete_rollout,1.254857344324988,-0.0003857996095408822
1,1200,283,uniform,1.254857344324988,-0.008450749228120058
1,1200,283,learned_occupancy,1.254857344324988,0.0009521652774655553
1,1200,283,learned_mean,1.254857344324988,0.0018350214525204578
1,1200,283,tis,1.254857344324988,-0.002957275978638485
1,1200,283,tis_anchored,1.254857344324988,-0.0021924459358033666
1,1200,283,occ_plus_uniform,1.254857344324988,-0.00020397933916060929
1,1200,283,occ_plus_mean,1.254857344324988,-0.0017708486092424813
1,1200,283,oracle_tail,1.254857344324988,-0.004329053298629093
1,1200,283,complete_rollout,1.254857344324988,-0.02396303538189848
1,1200,284,uniform,1.254857344324988,0.0140164336664228
1,1200,284,learned_occupancy,1.254857344324988,0.013157432152280935
1,1200,284,learned_mean,1.254857344324988,0.00974514951987615
1,1200,284,tis,1.254857344324988,0.0050138796061998114
1,1200,284,tis_anchored,1.254857344324988,0.005425195659744864
1,1200,284,occ_plus_uniform,1.254857344324988,0.013386156347077405
1,1200,284,occ_plus_mean,1.254857344324988,0.010718515223199443
1,1200,284,oracle_tail,1.254857344324988,-9.680707700976399e-05
1,1200,284,complete_rollout,1.254857344324988,-0.004450840259947242
1,1200,285,uniform,1.254857344324988,0.0005387051547420807
1,1200,285,learned_occupancy,1.254857344324988,0.0008314952246775142
1,1200,285,learned_mean,1.254857344324988,-0.0020298128391669223
1,1200,285,tis,1.254857344324988,0.0003281937620822628
1,1200,285,tis_anchored,1.254857344324988,-0.002804352545116018
1,1200,285,occ_plus_uniform,1.254857344324988,-0.00048302142403677806
1,1200,285,occ_plus_mean,1.254857344324988,-0.0017689110910659167
1,1200,285,oracle_tail,1.254857344324988,0.0047215256249233395
1,1200,285,complete_rollout,1.254857344324988,-0.020711002861573347
1,1200,286,uniform,1.254857344324988,0.012261525941043239
1,1200,286,learned_occupancy,1.254857344324988,0.012327838328857643
1,1200,286,learned_mean,1.254857344324988,0.013131758054731213
1,1200,286,tis,1.254857344324988,0.008505041948402736
1,1200,286,tis_anchored,1.254857344324988,0.012044197632265607
1,1200,286,occ_plus_uniform,1.254857344324988,0.014673545032754864
1,1200,286,occ_plus_mean,1.254857344324988,0.012151975079555566
1,1200,286,oracle_tail,1.254857344324988,0.004581510896514596
1,1200,286,complete_rollout,1.254857344324988,0.0020532247807030224
1,1200,287,uniform,1.254857344324988,0.007132892125851775
1,1200,287,learned_occupancy,1.254857344324988,-0.0005948976168630438
1,1200,287,learned_mean,1.254857344324988,0.009764931757928474
1,1200,287,tis,1.254857344324988,0.0076678278620234686
1,1200,287,tis_anchored,1.254857344324988,0.006327884179547549
1,1200,287,occ_plus_uniform,1.254857344324988,0.0057049150672627835
1,1200,287,occ_plus_mean,1.254857344324988,0.006703753339253327
1,1200,287,oracle_tail,1.254857344324988,0.011212887142262762
1,1200,287,complete_rollout,1.254857344324988,0.015874362992085223
1,1200,288,uniform,1.254857344324988,-0.01071657095426426
1,1200,288,learned_occupancy,1.254857344324988,-0.012002179559442938
1,1200,288,learned_mean,1.254857344324988,-0.017012441833137437
1,1200,288,tis,1.254857344324988,-0.012321703130253159
1,1200,288,tis_anchored,1.254857344324988,-0.014549751198784655
1,1200,288,occ_plus_uniform,1.254857344324988,-0.011889800324368593
1,1200,288,occ_plus_mean,1.254857344324988,-0.014145032513580347
1,1200,288,oracle_tail,1.254857344324988,-0.008886553956821253
1,1200,288,complete_rollout,1.254857344324988,0.010996314211597413
1,1200,289,uniform,1.254857344324988,-0.012559249315173826
1,1200,289,learned_occupancy,1.254857344324988,-0.007666067468918403
1,1200,289,learned_mean,1.254857344324988,-0.007782802080266382
1,1200,289,tis,1.254857344324988,-0.009128058963993269
1,1200,289,tis_anchored,1.254857344324988,-0.0015184088157724762
1,1200,289,occ_plus_uniform,1.254857344324988,-0.013261240972146204
1,1200,289,occ_plus_mean,1.254857344324988,-0.009724947998822175
1,1200,289,oracle_tail,1.254857344324988,-0.007247871723562893
1,1200,289,complete_rollout,1.254857344324988,0.018313387382329127
1,1200,290,uniform,1.254857344324988,0.01031605045207451
1,1200,290,learned_occupancy,1.254857344324988,0.008172082861631624
1,1200,290,learned_mean,1.254857344324988,0.011193781374592593
1,1200,290,tis,1.254857344324988,0.007252263117156543
1,1200,290,tis_anchored,1.254857344324988,0.008028261034660478
1,1200,290,occ_plus_uniform,1.254857344324988,0.011951788638423722
1,1200,290,occ_plus_mean,1.254857344324988,0.011435006118059476
1,1200,290,oracle_tail,1.254857344324988,0.007963330020610337
1,1200,290,complete_rollout,1.254857344324988,-0.006076856520109919
1,1200,291,uniform,1.254857344324988,0.013026036962974441
1,1200,291,learned_occupancy,1.254857344324988,0.017925428821580214
1,1200,291,learned_mean,1.254857344324988,0.020774951384859852
1,1200,291,tis,1.254857344324988,0.004363814714062997
1,1200,291,tis_anchored,1.254857344324988,0.011013327610549517
1,1200,291,occ_plus_uniform,1.254857344324988,0.011399594860814766
1,1200,291,occ_plus_mean,1.254857344324988,0.019637467975573752
1,1200,291,oracle_tail,1.254857344324988,-0.000855733881874654
1,1200,291,complete_rollout,1.254857344324988,-0.0003857996095408822
1,1200,292,uniform,1.254857344324988,0.0015924588282638652
1,1200,292,learned_occupancy,1.254857344324988,-0.0024378865770180447
1,1200,292,learned_mean,1.254857344324988,-0.005284389951790702
1,1200,292,tis,1.254857344324988,-0.00490140221412938
1,1200,292,tis_anchored,1.254857344324988,-0.0073922754248267886
1,1200,292,occ_plus_uniform,1.254857344324988,0.0002864816785117519
1,1200,292,occ_plus_mean,1.254857344324988,-0.0033097711867369206
1,1200,292,oracle_tail,1.254857344324988,-0.0022544395480113
1,1200,292,complete_rollout,1.254857344324988,0.03050850933354865
1,1200,293,uniform,1.254857344324988,-0.0130283360022303
1,1200,293,learned_occupancy,1.254857344324988,-0.014051253161825095
1,1200,293,learned_mean,1.254857344324988,-0.010426361497910097
1,1200,293,tis,1.254857344324988,-0.009354160646047216
1,1200,293,tis_anchored,1.254857344324988,-0.009967564486355496
1,1200,293,occ_plus_uniform,1.254857344324988,-0.01640366696570661
1,1200,293,occ_plus_mean,1.254857344324988,-0.012555532752311915
1,1200,293,oracle_tail,1.254857344324988,-0.009537354213350113
1,1200,293,complete_rollout,1.254857344324988,-0.01420693782092286
1,1200,294,uniform,1.254857344324988,-0.0056541202451620975
1,1200,294,learned_occupancy,1.254857344324988,0.0009352585177280215
1,1200,294,learned_mean,1.254857344324988,-0.0008322148680359742
1,1200,294,tis,1.254857344324988,-0.007477418447592532
1,1200,294,tis_anchored,1.254857344324988,-0.000514489257969597
1,1200,294,occ_plus_uniform,1.254857344324988,-0.008919342238835615
1,1200,294,occ_plus_mean,1.254857344324988,0.0023393486833658272
1,1200,294,oracle_tail,1.254857344324988,-0.006396358888069997
1,1200,294,complete_rollout,1.254857344324988,0.02075241177257303
1,1200,295,uniform,1.254857344324988,0.013800270260308611
1,1200,295,learned_occupancy,1.254857344324988,0.010246088699435107
1,1200,295,learned_mean,1.254857344324988,0.007033790182633837
1,1200,295,tis,1.254857344324988,0.00603099212058833
1,1200,295,tis_anchored,1.254857344324988,0.0060018724782555655
1,1200,295,occ_plus_uniform,1.254857344324988,0.010442107592460781
1,1200,295,occ_plus_mean,1.254857344324988,0.007088325744247781
1,1200,295,oracle_tail,1.254857344324988,0.009258547689884544
1,1200,295,complete_rollout,1.254857344324988,0.0020532247807030224
1,1200,296,uniform,1.254857344324988,-0.003902703621374126
1,1200,296,learned_occupancy,1.254857344324988,-0.00044382779712437426
1,1200,296,learned_mean,1.254857344324988,0.0008333562790290294
1,1200,296,tis,1.254857344324988,-0.0028876251575948864
1,1200,296,tis_anchored,1.254857344324988,-0.0026489530244813153
1,1200,296,occ_plus_uniform,1.254857344324988,-0.0024300847483009758
1,1200,296,occ_plus_mean,1.254857344324988,-0.0022260624404517593
1,1200,296,oracle_tail,1.254857344324988,-0.005797904122234465
1,1200,296,complete_rollout,1.254857344324988,0.02237842803273571
1,1200,297,uniform,1.254857344324988,0.01106266755792551
1,1200,297,learned_occupancy,1.254857344324988,0.016866614005292213
1,1200,297,learned_mean,1.254857344324988,0.01607360822088011
1,1200,297,tis,1.254857344324988,0.009506757109265962
1,1200,297,tis_anchored,1.254857344324988,0.01321454439828873
1,1200,297,occ_plus_uniform,1.254857344324988,0.01769275016174965
1,1200,297,occ_plus_mean,1.254857344324988,0.013705741786028236
1,1200,297,oracle_tail,1.254857344324988,0.0118583362400837
1,1200,297,complete_rollout,1.254857344324988,0.007744281691272281
1,1200,298,uniform,1.254857344324988,0.021676601551539942
1,1200,298,learned_occupancy,1.254857344324988,0.008201302438501035
1,1200,298,learned_mean,1.254857344324988,0.005903221713223106
1,1200,298,tis,1.254857344324988,0.012091558974448136
1,1200,298,tis_anchored,1.254857344324988,0.0028989919620237004
1,1200,298,occ_plus_uniform,1.254857344324988,0.014266937865278662
1,1200,298,occ_plus_mean,1.254857344324988,0.005052938948993724
1,1200,298,oracle_tail,1.254857344324988,0.005053912364513913
1,1200,298,complete_rollout,1.254857344324988,-0.002824823999784787
1,1200,299,uniform,1.254857344324988,0.001244545180820733
1,1200,299,learned_occupancy,1.254857344324988,0.005299299396330337
1,1200,299,learned_mean,1.254857344324988,0.002860601354393033
1,1200,299,tis,1.254857344324988,-0.0024294346671895894
1,1200,299,tis_anchored,1.254857344324988,-0.003985722606996367
1,1200,299,occ_plus_uniform,1.254857344324988,0.006063406807427452
1,1200,299,occ_plus_mean,1.254857344324988,0.005170658630960334
1,1200,299,oracle_tail,1.254857344324988,-0.003981965088609707
1,1200,299,complete_rollout,1.254857344324988,-0.022337019121736024
