case,budget_per_block,replication,method,truth,error
7,150,0,uniform,0.9088237262210548,0.09151896534615012
7,150,0,learned_occupancy,0.9088237262210548,0.08526299552411254
7,150,0,learned_mean,0.9088237262210548,0.09733759828519828
7,150,0,tis,0.9088237262210548,0.08361195338925953
7,150,0,tis_anchored,0.9088237262210548,0.07316897143041312
7,150,0,occ_plus_uniform,0.9088237262210548,0.0997109566932084
7,150,0,occ_plus_mean,0.9088237262210548,0.07082315318197596
7,150,0,oracle_tail,0.9088237262210548,0.07033101515038054
7,150,0,complete_rollout,0.9088237262210548,0.10289502377894522
7,150,1,uniform,0.9088237262210548,-0.022422329158279908
7,150,1,learned_occupancy,0.9088237262210548,-0.03329974066273644
7,150,1,learned_mean,0.9088237262210548,-0.05030679562727125
7,150,1,tis,0.9088237262210548,-0.07279394890981794
7,150,1,tis_anchored,0.9088237262210548,-0.07074708242100614
7,150,1,occ_plus_uniform,0.9088237262210548,0.004081574928681109
7,150,1,occ_plus_mean,0.9088237262210548,-0.048839613130544524
7,150,1,oracle_tail,0.9088237262210548,-0.03133112876531985
7,150,1,complete_rollout,0.9088237262210548,-0.007782059554388043
7,150,2,uniform,0.9088237262210548,0.0559456585018816
7,150,2,learned_occupancy,0.9088237262210548,0.060056009925828935
7,150,2,learned_mean,0.9088237262210548,0.0326626015201823
7,150,2,tis,0.9088237262210548,0.012841540261533835
7,150,2,tis_anchored,0.9088237262210548,0.033537743518369356
7,150,2,occ_plus_uniform,0.9088237262210548,0.0882294736600957
7,150,2,occ_plus_mean,0.9088237262210548,0.0352193449810545
7,150,2,oracle_tail,0.9088237262210548,0.010659866495977721
7,150,2,complete_rollout,0.9088237262210548,-0.03382372622105467
7,150,3,uniform,0.9088237262210548,0.001746322504462161
7,150,3,learned_occupancy,0.9088237262210548,-0.026538226154916078
7,150,3,learned_mean,0.9088237262210548,-0.01652732422610481
7,150,3,tis,0.9088237262210548,-0.015158628573699096
7,150,3,tis_anchored,0.9088237262210548,-0.0529752741053674
7,150,3,occ_plus_uniform,0.9088237262210548,0.032282628697357096
7,150,3,occ_plus_mean,0.9088237262210548,-0.026739866178855376
7,150,3,oracle_tail,0.9088237262210548,0.00011221472990952108
7,150,3,complete_rollout,0.9088237262210548,0.07034294044561196
7,150,4,uniform,0.9088237262210548,0.02683442994850016
7,150,4,learned_occupancy,0.9088237262210548,0.02925976477224046
7,150,4,learned_mean,0.9088237262210548,0.031558518926585344
7,150,4,tis,0.9088237262210548,-0.003639781914628326
7,150,4,tis_anchored,0.9088237262210548,0.0010420530868765487
7,150,4,occ_plus_uniform,0.9088237262210548,-0.00778725545349801
7,150,4,occ_plus_mean,0.9088237262210548,0.028048206076769944
7,150,4,oracle_tail,0.9088237262210548,0.015957065866056497
7,150,4,complete_rollout,0.9088237262210548,-0.020802892887721414
7,150,5,uniform,0.9088237262210548,-0.059860839721064374
7,150,5,learned_occupancy,0.9088237262210548,-0.07428283226090582
7,150,5,learned_mean,0.9088237262210548,-0.07065998285638098
7,150,5,tis,0.9088237262210548,-0.0693674036416051
7,150,5,tis_anchored,0.9088237262210548,-0.0748268094890554
7,150,5,occ_plus_uniform,0.9088237262210548,-0.058515542373276275
7,150,5,occ_plus_mean,0.9088237262210548,-0.06749605985007412
7,150,5,oracle_tail,0.9088237262210548,-0.07265814460295794
7,150,5,complete_rollout,0.9088237262210548,0.057322107112278586
7,150,6,uniform,0.9088237262210548,0.08093769655055871
7,150,6,learned_occupancy,0.9088237262210548,0.11125590927905038
7,150,6,learned_mean,0.9088237262210548,0.08099577612111386
7,150,6,tis,0.9088237262210548,0.06915037564250415
7,150,6,tis_anchored,0.9088237262210548,0.061130833126462725
7,150,6,occ_plus_uniform,0.9088237262210548,0.11107057287356437
7,150,6,occ_plus_mean,0.9088237262210548,0.1073824826136216
7,150,6,oracle_tail,0.9088237262210548,0.05351404848411356
7,150,6,complete_rollout,0.9088237262210548,0.08336377377894533
7,150,7,uniform,0.9088237262210548,0.03311653416010918
7,150,7,learned_occupancy,0.9088237262210548,0.08176348553421298
7,150,7,learned_mean,0.9088237262210548,0.04716349654202845
7,150,7,tis,0.9088237262210548,0.03403108677713562
7,150,7,tis_anchored,0.9088237262210548,0.034653736897283016
7,150,7,occ_plus_uniform,0.9088237262210548,0.06237063574881052
7,150,7,occ_plus_mean,0.9088237262210548,0.05367223021737855
7,150,7,oracle_tail,0.9088237262210548,0.0032586143532609135
7,150,7,complete_rollout,0.9088237262210548,-0.0012716428877214137
7,150,8,uniform,0.9088237262210548,-0.016648998811758076
7,150,8,learned_occupancy,0.9088237262210548,0.00019269398119459158
7,150,8,learned_mean,0.9088237262210548,-0.033298656429383566
7,150,8,tis,0.9088237262210548,-0.03304355265450454
7,150,8,tis_anchored,0.9088237262210548,-0.019583751419589346
7,150,8,occ_plus_uniform,0.9088237262210548,-0.021922872781371505
7,150,8,occ_plus_mean,0.9088237262210548,-0.018713012738756696
7,150,8,oracle_tail,0.9088237262210548,-0.04290912408803005
7,150,8,complete_rollout,0.9088237262210548,-0.0012716428877214137
7,150,9,uniform,0.9088237262210548,-0.0003702248258924401
7,150,9,learned_occupancy,0.9088237262210548,0.041003978482954784
7,150,9,learned_mean,0.9088237262210548,0.06629844070933721
7,150,9,tis,0.9088237262210548,0.016808150656742016
7,150,9,tis_anchored,0.9088237262210548,0.018096585900538198
7,150,9,occ_plus_uniform,0.9088237262210548,0.043909915713113645
7,150,9,occ_plus_mean,0.9088237262210548,0.04242803526014882
7,150,9,oracle_tail,0.9088237262210548,-0.00283589937945139
7,150,9,complete_rollout,0.9088237262210548,-0.07288622622105467
7,150,10,uniform,0.9088237262210548,-0.05020226235774061
7,150,10,learned_occupancy,0.9088237262210548,-0.03306909557247517
7,150,10,learned_mean,0.9088237262210548,-0.05486628809915617
7,150,10,tis,0.9088237262210548,-0.003428852603241217
7,150,10,tis_anchored,0.9088237262210548,-0.03447755877788761
7,150,10,occ_plus_uniform,0.9088237262210548,-0.015286042128297983
7,150,10,occ_plus_mean,0.9088237262210548,-0.04079995881581433
7,150,10,oracle_tail,0.9088237262210548,-0.03671950250342548
7,150,10,complete_rollout,0.9088237262210548,0.005238773778945327
7,150,11,uniform,0.9088237262210548,-0.02965176471499864
7,150,11,learned_occupancy,0.9088237262210548,-0.03697351535603588
7,150,11,learned_mean,0.9088237262210548,-0.012832101189039546
7,150,11,tis,0.9088237262210548,-0.06087153766733855
7,150,11,tis_anchored,0.9088237262210548,-0.015992739867266015
7,150,11,occ_plus_uniform,0.9088237262210548,-0.02868014447101086
7,150,11,occ_plus_mean,0.9088237262210548,-0.016362476034136764
7,150,11,oracle_tail,0.9088237262210548,0.0032327905784929056
7,150,11,complete_rollout,0.9088237262210548,0.12242627377894522
7,150,12,uniform,0.9088237262210548,-0.02088617239230872
7,150,12,learned_occupancy,0.9088237262210548,-0.01856638970852753
7,150,12,learned_mean,0.9088237262210548,-0.06116138058828935
7,150,12,tis,0.9088237262210548,-0.042256933675958286
7,150,12,tis_anchored,0.9088237262210548,-0.053955577757549555
7,150,12,occ_plus_uniform,0.9088237262210548,-0.005780078276798495
7,150,12,occ_plus_mean,0.9088237262210548,-0.053945697414280014
7,150,12,oracle_tail,0.9088237262210548,-0.02278155424050854
7,150,12,complete_rollout,0.9088237262210548,-0.03903205955438804
7,150,13,uniform,0.9088237262210548,0.03285996706851424
7,150,13,learned_occupancy,0.9088237262210548,9.363998741573898e-05
7,150,13,learned_mean,0.9088237262210548,-0.013388518484678702
7,150,13,tis,0.9088237262210548,-0.016101707548023314
7,150,13,tis_anchored,0.9088237262210548,-0.0132401013216219
7,150,13,occ_plus_uniform,0.9088237262210548,0.011061782955528066
7,150,13,occ_plus_mean,0.9088237262210548,0.002452083995642562
7,150,13,oracle_tail,0.9088237262210548,-0.03558051587274236
7,150,13,complete_rollout,0.9088237262210548,0.1159158571122787
7,150,14,uniform,0.9088237262210548,0.020291494902770046
7,150,14,learned_occupancy,0.9088237262210548,0.0072608186134736075
7,150,14,learned_mean,0.9088237262210548,0.013673207838001966
7,150,14,tis,0.9088237262210548,0.05104216776561321
7,150,14,tis_anchored,0.9088237262210548,0.04514986674440635
7,150,14,occ_plus_uniform,0.9088237262210548,0.004275053908748827
7,150,14,occ_plus_mean,0.9088237262210548,0.022196002887473365
7,150,14,oracle_tail,0.9088237262210548,0.007230620109582309
7,150,14,complete_rollout,0.9088237262210548,-0.06507372622105478
7,150,15,uniform,0.9088237262210548,-0.05811798586840289
7,150,15,learned_occupancy,0.9088237262210548,-0.06773235533380251
7,150,15,learned_mean,0.9088237262210548,-0.06537259879153623
7,150,15,tis,0.9088237262210548,-0.06295513908219275
7,150,15,tis_anchored,0.9088237262210548,-0.06632524546951013
7,150,15,occ_plus_uniform,0.9088237262210548,-0.06029409057770996
7,150,15,occ_plus_mean,0.9088237262210548,-0.06828473156114345
7,150,15,oracle_tail,0.9088237262210548,-0.05676430778451702
7,150,15,complete_rollout,0.9088237262210548,0.08336377377894533
7,150,16,uniform,0.9088237262210548,-0.05837518202024883
7,150,16,learned_occupancy,0.9088237262210548,-0.05338290127355538
7,150,16,learned_mean,0.9088237262210548,-0.028117441924765285
7,150,16,tis,0.9088237262210548,-0.019884994199067307
7,150,16,tis_anchored,0.9088237262210548,-0.04586935006298254
7,150,16,occ_plus_uniform,0.9088237262210548,-0.03221671724282149
7,150,16,occ_plus_mean,0.9088237262210548,-0.0402441532114709
7,150,16,oracle_tail,0.9088237262210548,-0.06527971230075647
7,150,16,complete_rollout,0.9088237262210548,-0.026011226221054784
7,150,17,uniform,0.9088237262210548,-0.0634781254577853
7,150,17,learned_occupancy,0.9088237262210548,-0.062346263417568326
7,150,17,learned_mean,0.9088237262210548,-0.04399365680278
7,150,17,tis,0.9088237262210548,-0.06196429273172255
7,150,17,tis_anchored,0.9088237262210548,-0.06012253295573644
7,150,17,occ_plus_uniform,0.9088237262210548,-0.07896256758758669
7,150,17,occ_plus_mean,0.9088237262210548,-0.05771463253625608
7,150,17,oracle_tail,0.9088237262210548,-0.04603789105144651
7,150,17,complete_rollout,0.9088237262210548,0.12242627377894522
7,150,18,uniform,0.9088237262210548,0.060106443735139736
7,150,18,learned_occupancy,0.9088237262210548,0.06397383859855488
7,150,18,learned_mean,0.9088237262210548,0.07249871782525086
7,150,18,tis,0.9088237262210548,0.05431911753017449
7,150,18,tis_anchored,0.9088237262210548,0.06608280787021481
7,150,18,occ_plus_uniform,0.9088237262210548,0.07212766197902909
7,150,18,occ_plus_mean,0.9088237262210548,0.07461275220124519
7,150,18,oracle_tail,0.9088237262210548,0.02770366734559926
7,150,18,complete_rollout,0.9088237262210548,0.12893669044561196
7,150,19,uniform,0.9088237262210548,0.039854202926050575
7,150,19,learned_occupancy,0.9088237262210548,0.0033664142301417233
7,150,19,learned_mean,0.9088237262210548,-0.00504223884286048
7,150,19,tis,0.9088237262210548,0.01927457677900013
7,150,19,tis_anchored,0.9088237262210548,0.016386184012069593
7,150,19,occ_plus_uniform,0.9088237262210548,0.035245379122195164
7,150,19,occ_plus_mean,0.9088237262210548,0.0015606219802588583
7,150,19,oracle_tail,0.9088237262210548,0.032831235307323015
7,150,19,complete_rollout,0.9088237262210548,-0.07158414288772141
7,150,20,uniform,0.9088237262210548,-0.038022942838379925
7,150,20,learned_occupancy,0.9088237262210548,-0.03324649021906079
7,150,20,learned_mean,0.9088237262210548,-0.03451830931663613
7,150,20,tis,0.9088237262210548,-0.030552173733045085
7,150,20,tis_anchored,0.9088237262210548,-0.033489981279847925
7,150,20,occ_plus_uniform,0.9088237262210548,-0.05958603365520165
7,150,20,occ_plus_mean,0.9088237262210548,-0.03601359539115212
7,150,20,oracle_tail,0.9088237262210548,-0.04194190557917932
7,150,20,complete_rollout,0.9088237262210548,-0.05335497622105467
7,150,21,uniform,0.9088237262210548,0.026933638456683617
7,150,21,learned_occupancy,0.9088237262210548,0.019785140807345947
7,150,21,learned_mean,0.9088237262210548,0.0032373501595688303
7,150,21,tis,0.9088237262210548,-0.02871654598949902
7,150,21,tis_anchored,0.9088237262210548,0.0029975098349135365
7,150,21,occ_plus_uniform,0.9088237262210548,0.06393183858735918
7,150,21,occ_plus_mean,0.9088237262210548,-0.0005703655840378907
7,150,21,oracle_tail,0.9088237262210548,-0.021657907938911758
7,150,21,complete_rollout,0.9088237262210548,-0.14319872622105478
7,150,22,uniform,0.9088237262210548,0.008563506169671498
7,150,22,learned_occupancy,0.9088237262210548,0.022293611252164336
7,150,22,learned_mean,0.9088237262210548,-0.017463179187536593
7,150,22,tis,0.9088237262210548,-0.03278600232051598
7,150,22,tis_anchored,0.9088237262210548,-0.034691769606649436
7,150,22,occ_plus_uniform,0.9088237262210548,0.021313776833400078
7,150,22,occ_plus_mean,0.9088237262210548,0.0030814800840479606
7,150,22,oracle_tail,0.9088237262210548,-0.024806105056456307
7,150,22,complete_rollout,0.9088237262210548,-0.05856330955438804
7,150,23,uniform,0.9088237262210548,-0.051479165472529176
7,150,23,learned_occupancy,0.9088237262210548,-0.018352417228348572
7,150,23,learned_mean,0.9088237262210548,-0.00506432640960941
7,150,23,tis,0.9088237262210548,0.005184465874251365
7,150,23,tis_anchored,0.9088237262210548,-0.0209672532469386
7,150,23,occ_plus_uniform,0.9088237262210548,-0.03546409718669219
7,150,23,occ_plus_mean,0.9088237262210548,-0.01731754476890357
7,150,23,oracle_tail,0.9088237262210548,-0.004171250442190466
7,150,23,complete_rollout,0.9088237262210548,-0.10413622622105478
7,150,24,uniform,0.9088237262210548,-0.05578275469411875
7,150,24,learned_occupancy,0.9088237262210548,-0.03767724067019529
7,150,24,learned_mean,0.9088237262210548,-0.03449634469962215
7,150,24,tis,0.9088237262210548,-0.015432538437582521
7,150,24,tis_anchored,0.9088237262210548,-0.0065335845236232926
7,150,24,occ_plus_uniform,0.9088237262210548,-0.06303404528119239
7,150,24,occ_plus_mean,0.9088237262210548,-0.026237635583452712
7,150,24,oracle_tail,0.9088237262210548,-0.06593369889500678
7,150,24,complete_rollout,0.9088237262210548,-0.07809455955438804
7,150,25,uniform,0.9088237262210548,-0.0660527805501685
7,150,25,learned_occupancy,0.9088237262210548,-0.08505194982491326
7,150,25,learned_mean,0.9088237262210548,-0.07368775644169401
7,150,25,tis,0.9088237262210548,-0.07769068959541925
7,150,25,tis_anchored,0.9088237262210548,-0.083484409479894
7,150,25,occ_plus_uniform,0.9088237262210548,-0.08106792283145858
7,150,25,occ_plus_mean,0.9088237262210548,-0.08122230572025291
7,150,25,oracle_tail,0.9088237262210548,-0.05601801000245654
7,150,25,complete_rollout,0.9088237262210548,-0.07158414288772141
7,150,26,uniform,0.9088237262210548,0.024235723152633004
7,150,26,learned_occupancy,0.9088237262210548,0.0002797412438043656
7,150,26,learned_mean,0.9088237262210548,-0.020124793463878965
7,150,26,tis,0.9088237262210548,-0.014072327424678455
7,150,26,tis_anchored,0.9088237262210548,0.0341767976177102
7,150,26,occ_plus_uniform,0.9088237262210548,0.02679952164089716
7,150,26,occ_plus_mean,0.9088237262210548,-0.003480030420666136
7,150,26,oracle_tail,0.9088237262210548,0.029533576580464516
7,150,26,complete_rollout,0.9088237262210548,0.07685335711227859
7,150,27,uniform,0.9088237262210548,-0.07760192075692096
7,150,27,learned_occupancy,0.9088237262210548,-0.07287837350151416
7,150,27,learned_mean,0.9088237262210548,-0.05974154775738649
7,150,27,tis,0.9088237262210548,-0.06392709010826436
7,150,27,tis_anchored,0.9088237262210548,-0.07326529058929676
7,150,27,occ_plus_uniform,0.9088237262210548,-0.08192486690469591
7,150,27,occ_plus_mean,0.9088237262210548,-0.06827683372178373
7,150,27,oracle_tail,0.9088237262210548,-0.044305322238196165
7,150,27,complete_rollout,0.9088237262210548,0.057322107112278586
7,150,28,uniform,0.9088237262210548,-0.018168824356999513
7,150,28,learned_occupancy,0.9088237262210548,0.002367189704835182
7,150,28,learned_mean,0.9088237262210548,0.009309532121070885
7,150,28,tis,0.9088237262210548,0.004642748299899968
7,150,28,tis_anchored,0.9088237262210548,-0.004845238207409341
7,150,28,occ_plus_uniform,0.9088237262210548,-0.031176771921279656
7,150,28,occ_plus_mean,0.9088237262210548,-0.00625548460503389
7,150,28,oracle_tail,0.9088237262210548,-0.03900927246876107
7,150,28,complete_rollout,0.9088237262210548,-0.020802892887721414
7,150,29,uniform,0.9088237262210548,0.031714448332835765
7,150,29,learned_occupancy,0.9088237262210548,-0.006260138378249125
7,150,29,learned_mean,0.9088237262210548,0.012729484080666764
7,150,29,tis,0.9088237262210548,-0.02487338719796206
7,150,29,tis_anchored,0.9088237262210548,-0.03528277581623607
7,150,29,occ_plus_uniform,0.9088237262210548,0.007224856473265762
7,150,29,occ_plus_mean,0.9088237262210548,0.011677663689142359
7,150,29,oracle_tail,0.9088237262210548,-0.01951811399120862
7,150,29,complete_rollout,0.9088237262210548,-0.11715705955438804
7,150,30,uniform,0.9088237262210548,0.0033476550243489722
7,150,30,learned_occupancy,0.9088237262210548,0.039969108378557494
7,150,30,learned_mean,0.9088237262210548,0.03863598520799316
7,150,30,tis,0.9088237262210548,0.004105478737077339
7,150,30,tis_anchored,0.9088237262210548,0.012965867599280756
7,150,30,occ_plus_uniform,0.9088237262210548,0.016374710714139318
7,150,30,occ_plus_mean,0.9088237262210548,0.04649070259195287
7,150,30,oracle_tail,0.9088237262210548,0.02868460475680512
7,150,30,complete_rollout,0.9088237262210548,-0.0793966428877213
7,150,31,uniform,0.9088237262210548,0.011918533441590773
7,150,31,learned_occupancy,0.9088237262210548,-0.03243281275016552
7,150,31,learned_mean,0.9088237262210548,-0.05022359296352119
7,150,31,tis,0.9088237262210548,-0.03531102890380533
7,150,31,tis_anchored,0.9088237262210548,-0.04156425784874074
7,150,31,occ_plus_uniform,0.9088237262210548,-0.02061822086767029
7,150,31,occ_plus_mean,0.9088237262210548,-0.031078960301487157
7,150,31,oracle_tail,0.9088237262210548,0.0019132787972653276
7,150,31,complete_rollout,0.9088237262210548,-0.0403341428877213
7,150,32,uniform,0.9088237262210548,-0.03611890509916038
7,150,32,learned_occupancy,0.9088237262210548,-0.011095801219096368
7,150,32,learned_mean,0.9088237262210548,-0.028331451425525733
7,150,32,tis,0.9088237262210548,0.015255618617988187
7,150,32,tis_anchored,0.9088237262210548,-0.01710118955362916
7,150,32,occ_plus_uniform,0.9088237262210548,-0.020701652748047805
7,150,32,occ_plus_mean,0.9088237262210548,-0.01144163487169536
7,150,32,oracle_tail,0.9088237262210548,-0.030561690577650902
7,150,32,complete_rollout,0.9088237262210548,0.03128044044561196
7,150,33,uniform,0.9088237262210548,-0.07061294285210717
7,150,33,learned_occupancy,0.9088237262210548,-0.057815020276658635
7,150,33,learned_mean,0.9088237262210548,-0.0649668801990062
7,150,33,tis,0.9088237262210548,-0.0641471931872063
7,150,33,tis_anchored,0.9088237262210548,-0.06440264709622323
7,150,33,occ_plus_uniform,0.9088237262210548,-0.07620833505075031
7,150,33,occ_plus_mean,0.9088237262210548,-0.058980647655711094
7,150,33,oracle_tail,0.9088237262210548,-0.0591339821840674
7,150,33,complete_rollout,0.9088237262210548,-0.07288622622105467
7,150,34,uniform,0.9088237262210548,-0.005226668718224414
7,150,34,learned_occupancy,0.9088237262210548,-0.006725490605894335
7,150,34,learned_mean,0.9088237262210548,0.019962226551421103
7,150,34,tis,0.9088237262210548,-0.004370598901266454
7,150,34,tis_anchored,0.9088237262210548,0.0012805570105890451
7,150,34,occ_plus_uniform,0.9088237262210548,-0.016832984959651798
7,150,34,occ_plus_mean,0.9088237262210548,0.0017536605330353838
7,150,34,oracle_tail,0.9088237262210548,-0.009761631229026624
7,150,34,complete_rollout,0.9088237262210548,-0.06637580955438804
7,150,35,uniform,0.9088237262210548,0.04227637288688291
7,150,35,learned_occupancy,0.9088237262210548,0.04302839613353204
7,150,35,learned_mean,0.9088237262210548,0.03676306692618969
7,150,35,tis,0.9088237262210548,0.004593256619035646
7,150,35,tis_anchored,0.9088237262210548,0.021417108413634978
7,150,35,occ_plus_uniform,0.9088237262210548,0.04832518180065104
7,150,35,occ_plus_mean,0.9088237262210548,0.039637300517525675
7,150,35,oracle_tail,0.9088237262210548,0.013990921010331281
7,150,35,complete_rollout,0.9088237262210548,-0.027313309554388043
7,150,36,uniform,0.9088237262210548,0.06954495687364837
7,150,36,learned_occupancy,0.9088237262210548,0.05768667996068422
7,150,36,learned_mean,0.9088237262210548,0.015006588587007652
7,150,36,tis,0.9088237262210548,-0.012807579038261463
7,150,36,tis_anchored,0.9088237262210548,0.007569051032947027
7,150,36,occ_plus_uniform,0.9088237262210548,0.085468980490777
7,150,36,occ_plus_mean,0.9088237262210548,0.04668384361935307
7,150,36,oracle_tail,0.9088237262210548,0.006296052326060564
7,150,36,complete_rollout,0.9088237262210548,-0.07288622622105467
7,150,37,uniform,0.9088237262210548,0.021343739345433543
7,150,37,learned_occupancy,0.9088237262210548,0.06637188803625638
7,150,37,learned_mean,0.9088237262210548,0.06366686917196107
7,150,37,tis,0.9088237262210548,0.0833362617610448
7,150,37,tis_anchored,0.9088237262210548,0.05818211928964134
7,150,37,occ_plus_uniform,0.9088237262210548,0.07797678551323306
7,150,37,occ_plus_mean,0.9088237262210548,0.0814261791613703
7,150,37,oracle_tail,0.9088237262210548,0.06560846336500048
7,150,37,complete_rollout,0.9088237262210548,-0.007782059554388043
7,150,38,uniform,0.9088237262210548,0.0516546187255309
7,150,38,learned_occupancy,0.9088237262210548,0.039070087087732075
7,150,38,learned_mean,0.9088237262210548,0.03148582665193378
7,150,38,tis,0.9088237262210548,0.009426866597094019
7,150,38,tis_anchored,0.9088237262210548,0.027843796430107592
7,150,38,occ_plus_uniform,0.9088237262210548,0.016637625150068502
7,150,38,occ_plus_mean,0.9088237262210548,0.026445089745718908
7,150,38,oracle_tail,0.9088237262210548,-0.023916955961594266
7,150,38,complete_rollout,0.9088237262210548,0.1940408571122787
7,150,39,uniform,0.9088237262210548,0.01641930640503486
7,150,39,learned_occupancy,0.9088237262210548,-0.0012827180634620294
7,150,39,learned_mean,0.9088237262210548,-0.011474920381284504
7,150,39,tis,0.9088237262210548,0.017750545863750022
7,150,39,tis_anchored,0.9088237262210548,0.008248316330467187
7,150,39,occ_plus_uniform,0.9088237262210548,-0.030505280319335637
7,150,39,occ_plus_mean,0.9088237262210548,-0.016416230047429425
7,150,39,oracle_tail,0.9088237262210548,0.021765190008811608
7,150,39,complete_rollout,0.9088237262210548,-0.007782059554388043
7,150,40,uniform,0.9088237262210548,0.06121423740404086
7,150,40,learned_occupancy,0.9088237262210548,0.06628299270375515
7,150,40,learned_mean,0.9088237262210548,0.031190271277863002
7,150,40,tis,0.9088237262210548,0.02925290944851322
7,150,40,tis_anchored,0.9088237262210548,0.03896686764083723
7,150,40,occ_plus_uniform,0.9088237262210548,0.0910834904652208
7,150,40,occ_plus_mean,0.9088237262210548,0.04365552904578296
7,150,40,oracle_tail,0.9088237262210548,0.03604631451969542
7,150,40,complete_rollout,0.9088237262210548,0.024770023778945327
7,150,41,uniform,0.9088237262210548,0.017833827353134657
7,150,41,learned_occupancy,0.9088237262210548,-0.025721957790163064
7,150,41,learned_mean,0.9088237262210548,-0.010767599116587201
7,150,41,tis,0.9088237262210548,-0.013433565339990627
7,150,41,tis_anchored,0.9088237262210548,0.021031749493883423
7,150,41,occ_plus_uniform,0.9088237262210548,0.0027163304173374314
7,150,41,occ_plus_mean,0.9088237262210548,-0.012929761205219159
7,150,41,oracle_tail,0.9088237262210548,0.01764916769464875
7,150,41,complete_rollout,0.9088237262210548,0.006540857112278586
7,150,42,uniform,0.9088237262210548,0.01621325843206234
7,150,42,learned_occupancy,0.9088237262210548,0.019756951089524577
7,150,42,learned_mean,0.9088237262210548,0.04040729839903623
7,150,42,tis,0.9088237262210548,0.019945085840917032
7,150,42,tis_anchored,0.9088237262210548,0.045835399741793625
7,150,42,occ_plus_uniform,0.9088237262210548,0.013317788051827262
7,150,42,occ_plus_mean,0.9088237262210548,0.0309649457553397
7,150,42,oracle_tail,0.9088237262210548,0.005959929580985568
7,150,42,complete_rollout,0.9088237262210548,-0.045542476221054784
7,150,43,uniform,0.9088237262210548,-0.026151210404024017
7,150,43,learned_occupancy,0.9088237262210548,-0.04266686667364239
7,150,43,learned_mean,0.9088237262210548,-0.03545650608679818
7,150,43,tis,0.9088237262210548,0.019059192565496708
7,150,43,tis_anchored,0.9088237262210548,-0.030742035364476727
7,150,43,occ_plus_uniform,0.9088237262210548,-0.003202874324200522
7,150,43,occ_plus_mean,0.9088237262210548,-0.039064547648374526
7,150,43,oracle_tail,0.9088237262210548,0.010940100550429044
7,150,43,complete_rollout,0.9088237262210548,-0.027313309554388043
7,150,44,uniform,0.9088237262210548,-0.017106668053803786
7,150,44,learned_occupancy,0.9088237262210548,-0.005744527632485563
7,150,44,learned_mean,0.9088237262210548,-0.02124685649138036
7,150,44,tis,0.9088237262210548,-0.020641695416305228
7,150,44,tis_anchored,0.9088237262210548,-0.024047768358808175
7,150,44,occ_plus_uniform,0.9088237262210548,-0.01679615004956614
7,150,44,occ_plus_mean,0.9088237262210548,0.0013010852032879772
7,150,44,oracle_tail,0.9088237262210548,-0.05482184264857903
7,150,44,complete_rollout,0.9088237262210548,0.05081169044561196
7,150,45,uniform,0.9088237262210548,0.02379070166410646
7,150,45,learned_occupancy,0.9088237262210548,0.03282962087606667
7,150,45,learned_mean,0.9088237262210548,0.03969331621386618
7,150,45,tis,0.9088237262210548,0.01703423454177233
7,150,45,tis_anchored,0.9088237262210548,0.001088282975002186
7,150,45,occ_plus_uniform,0.9088237262210548,0.0069216265168065005
7,150,45,occ_plus_mean,0.9088237262210548,0.0314703421092557
7,150,45,oracle_tail,0.9088237262210548,0.03280926952588137
7,150,45,complete_rollout,0.9088237262210548,0.005238773778945327
7,150,46,uniform,0.9088237262210548,0.04052783467196219
7,150,46,learned_occupancy,0.9088237262210548,0.055522459241441835
7,150,46,learned_mean,0.9088237262210548,0.021909058431737405
7,150,46,tis,0.9088237262210548,0.033850058835589114
7,150,46,tis_anchored,0.9088237262210548,0.004831901738937439
7,150,46,occ_plus_uniform,0.9088237262210548,0.043526571165800165
7,150,46,occ_plus_mean,0.9088237262210548,0.04355462654126607
7,150,46,oracle_tail,0.9088237262210548,0.05560442977653113
7,150,46,complete_rollout,0.9088237262210548,-0.014292476221054673
7,150,47,uniform,0.9088237262210548,0.030236408870712106
7,150,47,learned_occupancy,0.9088237262210548,0.039335065843428385
7,150,47,learned_mean,0.9088237262210548,0.03871537055740071
7,150,47,tis,0.9088237262210548,0.03934045786458562
7,150,47,tis_anchored,0.9088237262210548,0.017520242074013592
7,150,47,occ_plus_uniform,0.9088237262210548,0.05249292529862959
7,150,47,occ_plus_mean,0.9088237262210548,0.055225119440382664
7,150,47,oracle_tail,0.9088237262210548,0.025745951776593112
7,150,47,complete_rollout,0.9088237262210548,-0.09762580955438804
7,150,48,uniform,0.9088237262210548,-0.06882884527091138
7,150,48,learned_occupancy,0.9088237262210548,-0.05612877225211921
7,150,48,learned_mean,0.9088237262210548,-0.06335227370052865
7,150,48,tis,0.9088237262210548,-0.060834802202336835
7,150,48,tis_anchored,0.9088237262210548,-0.06796959176184325
7,150,48,occ_plus_uniform,0.9088237262210548,-0.06046984195905414
7,150,48,occ_plus_mean,0.9088237262210548,-0.06084116583461807
7,150,48,oracle_tail,0.9088237262210548,-0.05379754079559684
7,150,48,complete_rollout,0.9088237262210548,0.0963846071122787
7,150,49,uniform,0.9088237262210548,0.052155140645267384
7,150,49,learned_occupancy,0.9088237262210548,0.045003521822235215
7,150,49,learned_mean,0.9088237262210548,0.021285180222236022
7,150,49,tis,0.9088237262210548,0.04100248934555617
7,150,49,tis_anchored,0.9088237262210548,0.06224505524820789
7,150,49,occ_plus_uniform,0.9088237262210548,0.036471454717409424
7,150,49,occ_plus_mean,0.9088237262210548,0.015146263452059272
7,150,49,oracle_tail,0.9088237262210548,0.03191644453175069
7,150,49,complete_rollout,0.9088237262210548,0.1159158571122787
7,150,50,uniform,0.9088237262210548,0.024570595820253227
7,150,50,learned_occupancy,0.9088237262210548,0.009696527252948672
7,150,50,learned_mean,0.9088237262210548,-0.0026248481713490035
7,150,50,tis,0.9088237262210548,0.019402734057442084
7,150,50,tis_anchored,0.9088237262210548,0.007500758286597908
7,150,50,occ_plus_uniform,0.9088237262210548,-0.005664058209196909
7,150,50,occ_plus_mean,0.9088237262210548,-0.00343360391790537
7,150,50,oracle_tail,0.9088237262210548,0.034153019754754266
7,150,50,complete_rollout,0.9088237262210548,-0.027313309554388043
7,150,51,uniform,0.9088237262210548,-0.05752536238066419
7,150,51,learned_occupancy,0.9088237262210548,-0.06412209926602896
7,150,51,learned_mean,0.9088237262210548,-0.07156830312483198
7,150,51,tis,0.9088237262210548,-0.04844003497566929
7,150,51,tis_anchored,0.9088237262210548,-0.06660717743210598
7,150,51,occ_plus_uniform,0.9088237262210548,-0.07065329202552528
7,150,51,occ_plus_mean,0.9088237262210548,-0.0694293360885444
7,150,51,oracle_tail,0.9088237262210548,-0.024671132282916397
7,150,51,complete_rollout,0.9088237262210548,-0.006479976221054784
7,150,52,uniform,0.9088237262210548,-0.009344275632140908
7,150,52,learned_occupancy,0.9088237262210548,0.026560403926144893
7,150,52,learned_mean,0.9088237262210548,0.028942490016591216
7,150,52,tis,0.9088237262210548,0.04552495615797281
7,150,52,tis_anchored,0.9088237262210548,0.0324057733878611
7,150,52,occ_plus_uniform,0.9088237262210548,-0.007694338550803148
7,150,52,occ_plus_mean,0.9088237262210548,0.0321873064717737
7,150,52,oracle_tail,0.9088237262210548,0.032258586541990875
7,150,52,complete_rollout,0.9088237262210548,-0.08590705955438804
7,150,53,uniform,0.9088237262210548,0.0034394273002634757
7,150,53,learned_occupancy,0.9088237262210548,0.030328129332776177
7,150,53,learned_mean,0.9088237262210548,0.001444278006316635
7,150,53,tis,0.9088237262210548,-0.0203012934888136
7,150,53,tis_anchored,0.9088237262210548,-0.0055234173559838284
7,150,53,occ_plus_uniform,0.9088237262210548,0.02779141812438468
7,150,53,occ_plus_mean,0.9088237262210548,0.019914730791068536
7,150,53,oracle_tail,0.9088237262210548,-0.03822472044985259
7,150,53,complete_rollout,0.9088237262210548,0.06383252377894533
7,150,54,uniform,0.9088237262210548,-0.053735341027893235
7,150,54,learned_occupancy,0.9088237262210548,-0.07148370225522649
7,150,54,learned_mean,0.9088237262210548,-0.07774774983276866
7,150,54,tis,0.9088237262210548,-0.012129534737475911
7,150,54,tis_anchored,0.9088237262210548,-0.059182175971822515
7,150,54,occ_plus_uniform,0.9088237262210548,-0.0746830237617615
7,150,54,occ_plus_mean,0.9088237262210548,-0.0692180671999133
7,150,54,oracle_tail,0.9088237262210548,-0.05424565384382396
7,150,54,complete_rollout,0.9088237262210548,-0.04684455955438804
7,150,55,uniform,0.9088237262210548,-0.004249271602850269
7,150,55,learned_occupancy,0.9088237262210548,-0.021036929460040543
7,150,55,learned_mean,0.9088237262210548,0.011449405225113951
7,150,55,tis,0.9088237262210548,0.006747375946073331
7,150,55,tis_anchored,0.9088237262210548,-0.012759740799442199
7,150,55,occ_plus_uniform,0.9088237262210548,0.0004070003058266325
7,150,55,occ_plus_mean,0.9088237262210548,-0.001043179564704566
7,150,55,oracle_tail,0.9088237262210548,-0.007106071782415069
7,150,55,complete_rollout,0.9088237262210548,-0.0012716428877214137
7,150,56,uniform,0.9088237262210548,-0.014406842043536927
7,150,56,learned_occupancy,0.9088237262210548,-0.058848089854045105
7,150,56,learned_mean,0.9088237262210548,-0.06657213217961377
7,150,56,tis,0.9088237262210548,0.013280957719170594
7,150,56,tis_anchored,0.9088237262210548,-0.022825699757809015
7,150,56,occ_plus_uniform,0.9088237262210548,-0.040284935222030804
7,150,56,occ_plus_mean,0.9088237262210548,-0.06411900554338601
7,150,56,oracle_tail,0.9088237262210548,0.0029634028458747075
7,150,56,complete_rollout,0.9088237262210548,0.16148877377894522
7,150,57,uniform,0.9088237262210548,0.040481890560880474
7,150,57,learned_occupancy,0.9088237262210548,0.020488165322949836
7,150,57,learned_mean,0.9088237262210548,0.0528457347760416
7,150,57,tis,0.9088237262210548,0.0266903974364181
7,150,57,tis_anchored,0.9088237262210548,0.018910279184717216
7,150,57,occ_plus_uniform,0.9088237262210548,0.020015505018343815
7,150,57,occ_plus_mean,0.9088237262210548,0.04156102844502352
7,150,57,oracle_tail,0.9088237262210548,0.02562059418721141
7,150,57,complete_rollout,0.9088237262210548,-0.05856330955438804
7,150,58,uniform,0.9088237262210548,0.031323840907626854
7,150,58,learned_occupancy,0.9088237262210548,0.02963382588201413
7,150,58,learned_mean,0.9088237262210548,0.061340285886317014
7,150,58,tis,0.9088237262210548,0.006395436469254112
7,150,58,tis_anchored,0.9088237262210548,0.014032637403174841
7,150,58,occ_plus_uniform,0.9088237262210548,0.03545009237474639
7,150,58,occ_plus_mean,0.9088237262210548,0.04133537813044896
7,150,58,oracle_tail,0.9088237262210548,0.023652306741653195
7,150,58,complete_rollout,0.9088237262210548,0.005238773778945327
7,150,59,uniform,0.9088237262210548,0.056505095279635875
7,150,59,learned_occupancy,0.9088237262210548,0.0367492392590657
7,150,59,learned_mean,0.9088237262210548,0.024061807860861095
7,150,59,tis,0.9088237262210548,0.04253392197403627
7,150,59,tis_anchored,0.9088237262210548,0.018595084903936354
7,150,59,occ_plus_uniform,0.9088237262210548,0.0362536396374431
7,150,59,occ_plus_mean,0.9088237262210548,0.024121834961409294
7,150,59,oracle_tail,0.9088237262210548,-0.0051075117898888855
7,150,59,complete_rollout,0.9088237262210548,-0.07288622622105467
7,150,60,uniform,0.9088237262210548,0.05164086867022677
7,150,60,learned_occupancy,0.9088237262210548,-0.013779743719504078
7,150,60,learned_mean,0.9088237262210548,-0.009968672508989695
7,150,60,tis,0.9088237262210548,0.04053432812504876
7,150,60,tis_anchored,0.9088237262210548,0.022178259105178566
7,150,60,occ_plus_uniform,0.9088237262210548,-0.0012260165696786895
7,150,60,occ_plus_mean,0.9088237262210548,-0.016221289568784214
7,150,60,oracle_tail,0.9088237262210548,0.03207947811235978
7,150,60,complete_rollout,0.9088237262210548,0.16799919044561196
7,150,61,uniform,0.9088237262210548,-0.06448992216159832
7,150,61,learned_occupancy,0.9088237262210548,-0.05950097783122654
7,150,61,learned_mean,0.9088237262210548,-0.05974188413590775
7,150,61,tis,0.9088237262210548,-0.06162783839320796
7,150,61,tis_anchored,0.9088237262210548,-0.0640408584017017
7,150,61,occ_plus_uniform,0.9088237262210548,-0.04997119410715334
7,150,61,occ_plus_mean,0.9088237262210548,-0.04449825320614886
7,150,61,oracle_tail,0.9088237262210548,-0.06156759487494878
7,150,61,complete_rollout,0.9088237262210548,-0.026011226221054784
7,150,62,uniform,0.9088237262210548,-0.026044080081500165
7,150,62,learned_occupancy,0.9088237262210548,-0.044258151266323154
7,150,62,learned_mean,0.9088237262210548,-0.03586733865884606
7,150,62,tis,0.9088237262210548,-0.04508745227404942
7,150,62,tis_anchored,0.9088237262210548,-0.055726324515446346
7,150,62,occ_plus_uniform,0.9088237262210548,-0.0415083904457082
7,150,62,occ_plus_mean,0.9088237262210548,-0.034663251638522574
7,150,62,oracle_tail,0.9088237262210548,-0.024678933812533055
7,150,62,complete_rollout,0.9088237262210548,0.037790857112278586
7,150,63,uniform,0.9088237262210548,0.0035531303082998456
7,150,63,learned_occupancy,0.9088237262210548,-0.015270291368600364
7,150,63,learned_mean,0.9088237262210548,-0.02812305662723036
7,150,63,tis,0.9088237262210548,-0.012602978070890614
7,150,63,tis_anchored,0.9088237262210548,-0.000853191990199953
7,150,63,occ_plus_uniform,0.9088237262210548,-0.02004697441726333
7,150,63,occ_plus_mean,0.9088237262210548,-0.0246754609898453
7,150,63,oracle_tail,0.9088237262210548,0.0047874691739290265
7,150,63,complete_rollout,0.9088237262210548,0.05081169044561196
7,150,64,uniform,0.9088237262210548,-0.030050285438898983
7,150,64,learned_occupancy,0.9088237262210548,-0.006200963634254708
7,150,64,learned_mean,0.9088237262210548,0.027234691288252844
7,150,64,tis,0.9088237262210548,0.02538912182101205
7,150,64,tis_anchored,0.9088237262210548,0.02212573332282397
7,150,64,occ_plus_uniform,0.9088237262210548,-0.008355186837836093
7,150,64,occ_plus_mean,0.9088237262210548,0.016140579008656286
7,150,64,oracle_tail,0.9088237262210548,-0.021386833696491636
7,150,64,complete_rollout,0.9088237262210548,-0.014292476221054673
7,150,65,uniform,0.9088237262210548,-0.023898914683310513
7,150,65,learned_occupancy,0.9088237262210548,-0.03884987835149356
7,150,65,learned_mean,0.9088237262210548,-0.022269130735959042
7,150,65,tis,0.9088237262210548,-0.022344914749143352
7,150,65,tis_anchored,0.9088237262210548,-0.01624334320501608
7,150,65,occ_plus_uniform,0.9088237262210548,-0.010860124849303876
7,150,65,occ_plus_mean,0.9088237262210548,-0.03058324140297719
7,150,65,oracle_tail,0.9088237262210548,-0.006502182873774798
7,150,65,complete_rollout,0.9088237262210548,-0.03903205955438804
7,150,66,uniform,0.9088237262210548,-0.07706243971964155
7,150,66,learned_occupancy,0.9088237262210548,-0.06910316657717763
7,150,66,learned_mean,0.9088237262210548,-0.06852513452996256
7,150,66,tis,0.9088237262210548,-0.04158056440163238
7,150,66,tis_anchored,0.9088237262210548,-0.0543099397906045
7,150,66,occ_plus_uniform,0.9088237262210548,-0.0490445331266437
7,150,66,occ_plus_mean,0.9088237262210548,-0.06479021978066313
7,150,66,oracle_tail,0.9088237262210548,-0.060970664334882296
7,150,66,complete_rollout,0.9088237262210548,0.024770023778945327
7,150,67,uniform,0.9088237262210548,-0.09736501437378486
7,150,67,learned_occupancy,0.9088237262210548,-0.1006252927321265
7,150,67,learned_mean,0.9088237262210548,-0.09420226921833785
7,150,67,tis,0.9088237262210548,-0.10318346972175885
7,150,67,tis_anchored,0.9088237262210548,-0.09125281882484515
7,150,67,occ_plus_uniform,0.9088237262210548,-0.10025747263865792
7,150,67,occ_plus_mean,0.9088237262210548,-0.09551777657958749
7,150,67,oracle_tail,0.9088237262210548,-0.08116248669352166
7,150,67,complete_rollout,0.9088237262210548,0.037790857112278586
7,150,68,uniform,0.9088237262210548,0.06343545856096022
7,150,68,learned_occupancy,0.9088237262210548,0.09227206083598882
7,150,68,learned_mean,0.9088237262210548,0.0994537192339493
7,150,68,tis,0.9088237262210548,0.07539230712529832
7,150,68,tis_anchored,0.9088237262210548,0.081472382128428
7,150,68,occ_plus_uniform,0.9088237262210548,0.10151176357358338
7,150,68,occ_plus_mean,0.9088237262210548,0.09616239004981741
7,150,68,oracle_tail,0.9088237262210548,0.03596516378003667
7,150,68,complete_rollout,0.9088237262210548,-0.014292476221054673
7,150,69,uniform,0.9088237262210548,-0.013970091896870596
7,150,69,learned_occupancy,0.9088237262210548,-0.01178580645580718
7,150,69,learned_mean,0.9088237262210548,0.005067501183667722
7,150,69,tis,0.9088237262210548,-0.011301138069715444
7,150,69,tis_anchored,0.9088237262210548,0.01906908539250074
7,150,69,occ_plus_uniform,0.9088237262210548,-0.00750553891500505
7,150,69,occ_plus_mean,0.9088237262210548,-0.002355912007895977
7,150,69,oracle_tail,0.9088237262210548,0.0127242260214816
7,150,69,complete_rollout,0.9088237262210548,0.0963846071122787
7,150,70,uniform,0.9088237262210548,-0.0411556827129983
7,150,70,learned_occupancy,0.9088237262210548,-0.05920365711173614
7,150,70,learned_mean,0.9088237262210548,-0.030348098030143045
7,150,70,tis,0.9088237262210548,0.009661922059308492
7,150,70,tis_anchored,0.9088237262210548,-0.028546147397550126
7,150,70,occ_plus_uniform,0.9088237262210548,-0.0673243106638165
7,150,70,occ_plus_mean,0.9088237262210548,-0.04897249378615409
7,150,70,oracle_tail,0.9088237262210548,-0.024941118816991348
7,150,70,complete_rollout,0.9088237262210548,0.011749190445611957
7,150,71,uniform,0.9088237262210548,0.054105816043888866
7,150,71,learned_occupancy,0.9088237262210548,0.07219382107188765
7,150,71,learned_mean,0.9088237262210548,0.05457479038981494
7,150,71,tis,0.9088237262210548,0.07870729113476627
7,150,71,tis_anchored,0.9088237262210548,0.06599291677469654
7,150,71,occ_plus_uniform,0.9088237262210548,0.062370346215820716
7,150,71,occ_plus_mean,0.9088237262210548,0.0578139670241109
7,150,71,oracle_tail,0.9088237262210548,0.09579783982081591
7,150,71,complete_rollout,0.9088237262210548,0.08336377377894533
7,150,72,uniform,0.9088237262210548,-0.06750332650317492
7,150,72,learned_occupancy,0.9088237262210548,-0.05505746601103567
7,150,72,learned_mean,0.9088237262210548,-0.048388180576109274
7,150,72,tis,0.9088237262210548,-0.0660828921811838
7,150,72,tis_anchored,0.9088237262210548,-0.03283332884698864
7,150,72,occ_plus_uniform,0.9088237262210548,-0.03606854808201476
7,150,72,occ_plus_mean,0.9088237262210548,-0.05322960323854464
7,150,72,oracle_tail,0.9088237262210548,-0.04331839771571144
7,150,72,complete_rollout,0.9088237262210548,0.018259607112278586
7,150,73,uniform,0.9088237262210548,-0.014256439420121447
7,150,73,learned_occupancy,0.9088237262210548,0.014651048385676768
7,150,73,learned_mean,0.9088237262210548,-0.007362220666125685
7,150,73,tis,0.9088237262210548,-0.010869118310676718
7,150,73,tis_anchored,0.9088237262210548,-0.002510146946143932
7,150,73,occ_plus_uniform,0.9088237262210548,-0.0005903605595780625
7,150,73,occ_plus_mean,0.9088237262210548,-0.00018909693620183798
7,150,73,oracle_tail,0.9088237262210548,-0.04158518350417617
7,150,73,complete_rollout,0.9088237262210548,0.06383252377894533
7,150,74,uniform,0.9088237262210548,-0.0005172413499212603
7,150,74,learned_occupancy,0.9088237262210548,-0.005307427940004383
7,150,74,learned_mean,0.9088237262210548,-0.013376579876342887
7,150,74,tis,0.9088237262210548,-0.01620460657503764
7,150,74,tis_anchored,0.9088237262210548,-0.01092386533637113
7,150,74,occ_plus_uniform,0.9088237262210548,0.01595836201448031
7,150,74,occ_plus_mean,0.9088237262210548,-0.02389957381169927
7,150,74,oracle_tail,0.9088237262210548,-0.012640303775779849
7,150,74,complete_rollout,0.9088237262210548,-0.07158414288772141
7,150,75,uniform,0.9088237262210548,-0.068780748367256
7,150,75,learned_occupancy,0.9088237262210548,-0.06396039997018677
7,150,75,learned_mean,0.9088237262210548,-0.06165285478729143
7,150,75,tis,0.9088237262210548,-0.0118887549817277
7,150,75,tis_anchored,0.9088237262210548,-0.053161565367314645
7,150,75,occ_plus_uniform,0.9088237262210548,-0.0699684223267879
7,150,75,occ_plus_mean,0.9088237262210548,-0.06855377208688862
7,150,75,oracle_tail,0.9088237262210548,-0.003487103321364149
7,150,75,complete_rollout,0.9088237262210548,0.07685335711227859
7,150,76,uniform,0.9088237262210548,-0.06406225622145334
7,150,76,learned_occupancy,0.9088237262210548,-0.0799693096622468
7,150,76,learned_mean,0.9088237262210548,-0.06627103686173053
7,150,76,tis,0.9088237262210548,-0.03990425056483493
7,150,76,tis_anchored,0.9088237262210548,-0.060045738896014056
7,150,76,occ_plus_uniform,0.9088237262210548,-0.0577711436448739
7,150,76,occ_plus_mean,0.9088237262210548,-0.07993152096015566
7,150,76,oracle_tail,0.9088237262210548,-0.034225712983875334
7,150,76,complete_rollout,0.9088237262210548,0.05081169044561196
7,150,77,uniform,0.9088237262210548,0.026270948364846225
7,150,77,learned_occupancy,0.9088237262210548,-0.010315131546300482
7,150,77,learned_mean,0.9088237262210548,-0.013611934005654747
7,150,77,tis,0.9088237262210548,0.014842545266191998
7,150,77,tis_anchored,0.9088237262210548,0.0005446108671488537
7,150,77,occ_plus_uniform,0.9088237262210548,0.01154517543010336
7,150,77,occ_plus_mean,0.9088237262210548,-0.007749118204939176
7,150,77,oracle_tail,0.9088237262210548,0.015504998572731465
7,150,77,complete_rollout,0.9088237262210548,-0.07158414288772141
7,150,78,uniform,0.9088237262210548,0.0470463439127351
7,150,78,learned_occupancy,0.9088237262210548,0.041944973250274686
7,150,78,learned_mean,0.9088237262210548,0.03187135033456523
7,150,78,tis,0.9088237262210548,0.018257818447158236
7,150,78,tis_anchored,0.9088237262210548,0.012178259099178024
7,150,78,occ_plus_uniform,0.9088237262210548,0.07219722828579811
7,150,78,occ_plus_mean,0.9088237262210548,0.04211846795644292
7,150,78,oracle_tail,0.9088237262210548,0.05671105653649444
7,150,78,complete_rollout,0.9088237262210548,0.03128044044561196
7,150,79,uniform,0.9088237262210548,-0.042693234977985606
7,150,79,learned_occupancy,0.9088237262210548,-0.0459399534950109
7,150,79,learned_mean,0.9088237262210548,-0.03305101022364709
7,150,79,tis,0.9088237262210548,0.012439019541022
7,150,79,tis_anchored,0.9088237262210548,-0.0057337666424635
7,150,79,occ_plus_uniform,0.9088237262210548,-0.03548115484257197
7,150,79,occ_plus_mean,0.9088237262210548,-0.0347448501098202
7,150,79,oracle_tail,0.9088237262210548,0.0015173844942780734
7,150,79,complete_rollout,0.9088237262210548,-0.052052892887721414
7,150,80,uniform,0.9088237262210548,0.11593923805411577
7,150,80,learned_occupancy,0.9088237262210548,0.1028299794866725
7,150,80,learned_mean,0.9088237262210548,0.05587730248714806
7,150,80,tis,0.9088237262210548,0.09949408673991966
7,150,80,tis_anchored,0.9088237262210548,0.11965195759089431
7,150,80,occ_plus_uniform,0.9088237262210548,0.09123765577634013
7,150,80,occ_plus_mean,0.9088237262210548,0.09106741543297825
7,150,80,oracle_tail,0.9088237262210548,0.0802848185245536
7,150,80,complete_rollout,0.9088237262210548,-0.05856330955438804
7,150,81,uniform,0.9088237262210548,0.04390599514731652
7,150,81,learned_occupancy,0.9088237262210548,0.037106630704293875
7,150,81,learned_mean,0.9088237262210548,0.03424301140047259
7,150,81,tis,0.9088237262210548,-0.015560773334499123
7,150,81,tis_anchored,0.9088237262210548,0.048545066905748224
7,150,81,occ_plus_uniform,0.9088237262210548,0.03782895851645518
7,150,81,occ_plus_mean,0.9088237262210548,0.028400431919092917
7,150,81,oracle_tail,0.9088237262210548,0.0132316347598328
7,150,81,complete_rollout,0.9088237262210548,-0.012990392887721414
7,150,82,uniform,0.9088237262210548,-0.029894084180125402
7,150,82,learned_occupancy,0.9088237262210548,-0.03672802778705464
7,150,82,learned_mean,0.9088237262210548,-0.03134898487976401
7,150,82,tis,0.9088237262210548,-0.01854555995989282
7,150,82,tis_anchored,0.9088237262210548,-0.00928622135356083
7,150,82,occ_plus_uniform,0.9088237262210548,-0.01299220413950597
7,150,82,occ_plus_mean,0.9088237262210548,-0.047065547003458
7,150,82,oracle_tail,0.9088237262210548,-9.736779949409691e-05
7,150,82,complete_rollout,0.9088237262210548,-0.027313309554388043
7,150,83,uniform,0.9088237262210548,0.06744166320014777
7,150,83,learned_occupancy,0.9088237262210548,0.03566178036597312
7,150,83,learned_mean,0.9088237262210548,0.07379295472806346
7,150,83,tis,0.9088237262210548,0.10742252042344624
7,150,83,tis_anchored,0.9088237262210548,0.07821170150445445
7,150,83,occ_plus_uniform,0.9088237262210548,0.05472260786236416
7,150,83,occ_plus_mean,0.9088237262210548,0.05541760916511762
7,150,83,oracle_tail,0.9088237262210548,0.07877715066453705
7,150,83,complete_rollout,0.9088237262210548,-0.027313309554388043
7,150,84,uniform,0.9088237262210548,0.014721476109155085
7,150,84,learned_occupancy,0.9088237262210548,0.02616375335016674
7,150,84,learned_mean,0.9088237262210548,0.029429748181331594
7,150,84,tis,0.9088237262210548,-0.060048880976785846
7,150,84,tis_anchored,0.9088237262210548,-0.030820903785721332
7,150,84,occ_plus_uniform,0.9088237262210548,0.031759913143298735
7,150,84,occ_plus_mean,0.9088237262210548,0.01775791648469771
7,150,84,oracle_tail,0.9088237262210548,-0.049132901450894995
7,150,84,complete_rollout,0.9088237262210548,-0.032521642887721414
7,150,85,uniform,0.9088237262210548,-0.07274999318079156
7,150,85,learned_occupancy,0.9088237262210548,-0.0738527406813686
7,150,85,learned_mean,0.9088237262210548,-0.0744334438561618
7,150,85,tis,0.9088237262210548,-0.061058585108162644
7,150,85,tis_anchored,0.9088237262210548,-0.07556093829891897
7,150,85,occ_plus_uniform,0.9088237262210548,-0.0760521089179842
7,150,85,occ_plus_mean,0.9088237262210548,-0.07641712197771056
7,150,85,oracle_tail,0.9088237262210548,-0.06911928779562115
7,150,85,complete_rollout,0.9088237262210548,0.1940408571122787
7,150,86,uniform,0.9088237262210548,-0.009374287152058014
7,150,86,learned_occupancy,0.9088237262210548,0.011166626287072878
7,150,86,learned_mean,0.9088237262210548,0.004343815558488173
7,150,86,tis,0.9088237262210548,-0.0017369330368960378
7,150,86,tis_anchored,0.9088237262210548,-0.013024614807326862
7,150,86,occ_plus_uniform,0.9088237262210548,0.0009025000022112595
7,150,86,occ_plus_mean,0.9088237262210548,0.03263391652652514
7,150,86,oracle_tail,0.9088237262210548,-0.004952926746353281
7,150,86,complete_rollout,0.9088237262210548,-0.007782059554388043
7,150,87,uniform,0.9088237262210548,0.030757397393802566
7,150,87,learned_occupancy,0.9088237262210548,0.00564822412945909
7,150,87,learned_mean,0.9088237262210548,0.00012537006781832005
7,150,87,tis,0.9088237262210548,0.035132210119959706
7,150,87,tis_anchored,0.9088237262210548,0.029874699072973132
7,150,87,occ_plus_uniform,0.9088237262210548,0.017255350594659435
7,150,87,occ_plus_mean,0.9088237262210548,0.005263148038181176
7,150,87,oracle_tail,0.9088237262210548,0.05191880949337724
7,150,87,complete_rollout,0.9088237262210548,0.024770023778945327
7,150,88,uniform,0.9088237262210548,-0.002048252976256104
7,150,88,learned_occupancy,0.9088237262210548,0.006278016594796099
7,150,88,learned_mean,0.9088237262210548,0.03182046214715706
7,150,88,tis,0.9088237262210548,0.03670368447899608
7,150,88,tis_anchored,0.9088237262210548,0.00488533354208498
7,150,88,occ_plus_uniform,0.9088237262210548,-0.01092217928140704
7,150,88,occ_plus_mean,0.9088237262210548,0.013281514436664255
7,150,88,oracle_tail,0.9088237262210548,-0.008288105754671204
7,150,88,complete_rollout,0.9088237262210548,0.05081169044561196
7,150,89,uniform,0.9088237262210548,0.0497715740194975
7,150,89,learned_occupancy,0.9088237262210548,0.09481001207026929
7,150,89,learned_mean,0.9088237262210548,0.07344514826079118
7,150,89,tis,0.9088237262210548,0.05088495361063261
7,150,89,tis_anchored,0.9088237262210548,0.07550429466438446
7,150,89,occ_plus_uniform,0.9088237262210548,0.08389628426802964
7,150,89,occ_plus_mean,0.9088237262210548,0.09505135200716652
7,150,89,oracle_tail,0.9088237262210548,-0.00011358147372875216
7,150,89,complete_rollout,0.9088237262210548,0.04430127377894533
7,150,90,uniform,0.9088237262210548,0.02327841491133764
7,150,90,learned_occupancy,0.9088237262210548,0.02785239753615598
7,150,90,learned_mean,0.9088237262210548,0.022882349680342418
7,150,90,tis,0.9088237262210548,0.0522742634813913
7,150,90,tis_anchored,0.9088237262210548,0.03694287438792898
7,150,90,occ_plus_uniform,0.9088237262210548,0.021010979716220235
7,150,90,occ_plus_mean,0.9088237262210548,0.012891005460464844
7,150,90,oracle_tail,0.9088237262210548,0.08648376775632072
7,150,90,complete_rollout,0.9088237262210548,0.10289502377894522
7,150,91,uniform,0.9088237262210548,-0.06288074565887847
7,150,91,learned_occupancy,0.9088237262210548,-0.05083536443027825
7,150,91,learned_mean,0.9088237262210548,-0.038004033739602705
7,150,91,tis,0.9088237262210548,-0.018631451589585457
7,150,91,tis_anchored,0.9088237262210548,-0.028801575470223773
7,150,91,occ_plus_uniform,0.9088237262210548,-0.06552582513505434
7,150,91,occ_plus_mean,0.9088237262210548,-0.022378741952388093
7,150,91,oracle_tail,0.9088237262210548,-0.04808572524276966
7,150,91,complete_rollout,0.9088237262210548,0.037790857112278586
7,150,92,uniform,0.9088237262210548,-0.07080664317670404
7,150,92,learned_occupancy,0.9088237262210548,-0.06262244668414607
7,150,92,learned_mean,0.9088237262210548,-0.0714262700605035
7,150,92,tis,0.9088237262210548,-0.06580508327631218
7,150,92,tis_anchored,0.9088237262210548,-0.07282587706604049
7,150,92,occ_plus_uniform,0.9088237262210548,-0.06821374003950831
7,150,92,occ_plus_mean,0.9088237262210548,-0.07301535977176477
7,150,92,oracle_tail,0.9088237262210548,-0.0357955739741338
7,150,92,complete_rollout,0.9088237262210548,-0.03903205955438804
7,150,93,uniform,0.9088237262210548,0.08631564736579789
7,150,93,learned_occupancy,0.9088237262210548,0.04214987507366763
7,150,93,learned_mean,0.9088237262210548,0.04122872242151965
7,150,93,tis,0.9088237262210548,0.030769844048911144
7,150,93,tis_anchored,0.9088237262210548,0.04505494825269851
7,150,93,occ_plus_uniform,0.9088237262210548,0.05779017648373175
7,150,93,occ_plus_mean,0.9088237262210548,0.058048221796307864
7,150,93,oracle_tail,0.9088237262210548,0.017266574926260825
7,150,93,complete_rollout,0.9088237262210548,0.024770023778945327
7,150,94,uniform,0.9088237262210548,0.07206319736800648
7,150,94,learned_occupancy,0.9088237262210548,0.04753402457316336
7,150,94,learned_mean,0.9088237262210548,0.028740023273788773
7,150,94,tis,0.9088237262210548,0.05881977427156515
7,150,94,tis_anchored,0.9088237262210548,0.06671045987133617
7,150,94,occ_plus_uniform,0.9088237262210548,0.07269610705093621
7,150,94,occ_plus_mean,0.9088237262210548,0.04308965543965293
7,150,94,oracle_tail,0.9088237262210548,0.06837265092099054
7,150,94,complete_rollout,0.9088237262210548,-0.0598653928877213
7,150,95,uniform,0.9088237262210548,0.04141697456409621
7,150,95,learned_occupancy,0.9088237262210548,0.011848476951133446
7,150,95,learned_mean,0.9088237262210548,0.015798979345780118
7,150,95,tis,0.9088237262210548,0.020073969771520095
7,150,95,tis_anchored,0.9088237262210548,0.02888214962807001
7,150,95,occ_plus_uniform,0.9088237262210548,0.03347922730655761
7,150,95,occ_plus_mean,0.9088237262210548,0.013678103690960786
7,150,95,oracle_tail,0.9088237262210548,0.01591199601168869
7,150,95,complete_rollout,0.9088237262210548,0.018259607112278586
7,150,96,uniform,0.9088237262210548,-0.05878802059378696
7,150,96,learned_occupancy,0.9088237262210548,-0.02284904639829033
7,150,96,learned_mean,0.9088237262210548,-0.006861260050855966
7,150,96,tis,0.9088237262210548,-0.02282838801245357
7,150,96,tis_anchored,0.9088237262210548,-0.03392180407323753
7,150,96,occ_plus_uniform,0.9088237262210548,-0.058647508760947265
7,150,96,occ_plus_mean,0.9088237262210548,-0.02179831151794598
7,150,96,oracle_tail,0.9088237262210548,-0.03176952002708433
7,150,96,complete_rollout,0.9088237262210548,0.005238773778945327
7,150,97,uniform,0.9088237262210548,0.0961808903404191
7,150,97,learned_occupancy,0.9088237262210548,0.07446674471330983
7,150,97,learned_mean,0.9088237262210548,0.048311583690751836
7,150,97,tis,0.9088237262210548,0.07413650983412967
7,150,97,tis_anchored,0.9088237262210548,0.09200509771737231
7,150,97,occ_plus_uniform,0.9088237262210548,0.06935649025406043
7,150,97,occ_plus_mean,0.9088237262210548,0.06276474067688997
7,150,97,oracle_tail,0.9088237262210548,0.0785465288166618
7,150,97,complete_rollout,0.9088237262210548,-0.04684455955438804
7,150,98,uniform,0.9088237262210548,-0.03738824393220608
7,150,98,learned_occupancy,0.9088237262210548,-0.01204493084580438
7,150,98,learned_mean,0.9088237262210548,-0.02816680221036938
7,150,98,tis,0.9088237262210548,-0.014215574895435235
7,150,98,tis_anchored,0.9088237262210548,-0.03819026310171314
7,150,98,occ_plus_uniform,0.9088237262210548,-0.0382467097391751
7,150,98,occ_plus_mean,0.9088237262210548,-0.020924702274489726
7,150,98,oracle_tail,0.9088237262210548,-0.02525181013483624
7,150,98,complete_rollout,0.9088237262210548,-0.0012716428877214137
7,150,99,uniform,0.9088237262210548,-0.010568976001001373
7,150,99,learned_occupancy,0.9088237262210548,-0.013964857309396561
7,150,99,learned_mean,0.9088237262210548,-0.005006575857395279
7,150,99,tis,0.9088237262210548,0.00654000102695107
7,150,99,tis_anchored,0.9088237262210548,-0.003829594759830357
7,150,99,occ_plus_uniform,0.9088237262210548,-0.02681536123139261
7,150,99,occ_plus_mean,0.9088237262210548,-0.004979963559252787
7,150,99,oracle_tail,0.9088237262210548,-0.01056846659352273
7,150,99,complete_rollout,0.9088237262210548,0.0963846071122787
7,150,100,uniform,0.9088237262210548,0.031404749476360516
7,150,100,learned_occupancy,0.9088237262210548,0.051120104334676064
7,150,100,learned_mean,0.9088237262210548,0.07314950605140569
7,150,100,tis,0.9088237262210548,0.04236695289858572
7,150,100,tis_anchored,0.9088237262210548,0.045586462807107875
7,150,100,occ_plus_uniform,0.9088237262210548,0.05009150210486735
7,150,100,occ_plus_mean,0.9088237262210548,0.04853659780411834
7,150,100,oracle_tail,0.9088237262210548,0.010324056463048903
7,150,100,complete_rollout,0.9088237262210548,-0.052052892887721414
7,150,101,uniform,0.9088237262210548,-0.03620510757944673
7,150,101,learned_occupancy,0.9088237262210548,-0.033973807438409276
7,150,101,learned_mean,0.9088237262210548,-0.056859749330424925
7,150,101,tis,0.9088237262210548,-0.05989320450813529
7,150,101,tis_anchored,0.9088237262210548,-0.06520595915761174
7,150,101,occ_plus_uniform,0.9088237262210548,-0.007457561626827203
7,150,101,occ_plus_mean,0.9088237262210548,-0.04712923066090402
7,150,101,oracle_tail,0.9088237262210548,-0.04905041322463721
7,150,101,complete_rollout,0.9088237262210548,-0.019500809554388154
7,150,102,uniform,0.9088237262210548,-0.04736996048948605
7,150,102,learned_occupancy,0.9088237262210548,-0.0606009649333934
7,150,102,learned_mean,0.9088237262210548,-0.03075279806684339
7,150,102,tis,0.9088237262210548,-0.020466114357765686
7,150,102,tis_anchored,0.9088237262210548,0.014056685323676765
7,150,102,occ_plus_uniform,0.9088237262210548,0.006015400471137133
7,150,102,occ_plus_mean,0.9088237262210548,-0.03621462985939994
7,150,102,oracle_tail,0.9088237262210548,0.02664459944997899
7,150,102,complete_rollout,0.9088237262210548,-0.06507372622105478
7,150,103,uniform,0.9088237262210548,0.023989594984466844
7,150,103,learned_occupancy,0.9088237262210548,0.009280533815697156
7,150,103,learned_mean,0.9088237262210548,0.01861061912955375
7,150,103,tis,0.9088237262210548,0.05749032540630239
7,150,103,tis_anchored,0.9088237262210548,0.010281885034913452
7,150,103,occ_plus_uniform,0.9088237262210548,0.040090567054349546
7,150,103,occ_plus_mean,0.9088237262210548,0.02471840656009261
7,150,103,oracle_tail,0.9088237262210548,0.0077968907019082545
7,150,103,complete_rollout,0.9088237262210548,-0.052052892887721414
7,150,104,uniform,0.9088237262210548,-0.0617401808842889
7,150,104,learned_occupancy,0.9088237262210548,-0.07494737366750848
7,150,104,learned_mean,0.9088237262210548,-0.07081793488344812
7,150,104,tis,0.9088237262210548,-0.06321502074679985
7,150,104,tis_anchored,0.9088237262210548,-0.06772717508186687
7,150,104,occ_plus_uniform,0.9088237262210548,-0.07869627646038968
7,150,104,occ_plus_mean,0.9088237262210548,-0.07470341786921875
7,150,104,oracle_tail,0.9088237262210548,-0.04765588067608384
7,150,104,complete_rollout,0.9088237262210548,-0.07288622622105467
7,150,105,uniform,0.9088237262210548,0.05313546966146698
7,150,105,learned_occupancy,0.9088237262210548,0.06054950145374882
7,150,105,learned_mean,0.9088237262210548,0.044139099551097516
7,150,105,tis,0.9088237262210548,-0.001427334573887995
7,150,105,tis_anchored,0.9088237262210548,0.002911999688595457
7,150,105,occ_plus_uniform,0.9088237262210548,0.03149527272353314
7,150,105,occ_plus_mean,0.9088237262210548,0.04701528551163536
7,150,105,oracle_tail,0.9088237262210548,-0.019004901015548747
7,150,105,complete_rollout,0.9088237262210548,-0.09111539288772141
7,150,106,uniform,0.9088237262210548,0.05508707716660477
7,150,106,learned_occupancy,0.9088237262210548,0.0739209301054663
7,150,106,learned_mean,0.9088237262210548,0.034274954374294175
7,150,106,tis,0.9088237262210548,0.025515904480126417
7,150,106,tis_anchored,0.9088237262210548,0.03795357708115665
7,150,106,occ_plus_uniform,0.9088237262210548,0.06379036881138034
7,150,106,occ_plus_mean,0.9088237262210548,0.054652046500240026
7,150,106,oracle_tail,0.9088237262210548,0.002550942244968546
7,150,106,complete_rollout,0.9088237262210548,0.03128044044561196
7,150,107,uniform,0.9088237262210548,-0.05361683870686007
7,150,107,learned_occupancy,0.9088237262210548,-0.060740806183084084
7,150,107,learned_mean,0.9088237262210548,-0.04048810252512969
7,150,107,tis,0.9088237262210548,-0.05286767302736972
7,150,107,tis_anchored,0.9088237262210548,-0.06249367788252225
7,150,107,occ_plus_uniform,0.9088237262210548,-0.05452499471185823
7,150,107,occ_plus_mean,0.9088237262210548,-0.06149242933585897
7,150,107,oracle_tail,0.9088237262210548,-0.05927689406844139
7,150,107,complete_rollout,0.9088237262210548,-0.0403341428877213
7,150,108,uniform,0.9088237262210548,-0.01774597360606822
7,150,108,learned_occupancy,0.9088237262210548,-0.04211088548326192
7,150,108,learned_mean,0.9088237262210548,-0.04017731021412496
7,150,108,tis,0.9088237262210548,-0.06314319231926213
7,150,108,tis_anchored,0.9088237262210548,-0.04084171592212116
7,150,108,occ_plus_uniform,0.9088237262210548,-0.021560113128790137
7,150,108,occ_plus_mean,0.9088237262210548,-0.05378079055618867
7,150,108,oracle_tail,0.9088237262210548,-0.027629794365706672
7,150,108,complete_rollout,0.9088237262210548,-0.06637580955438804
7,150,109,uniform,0.9088237262210548,0.04626827521417909
7,150,109,learned_occupancy,0.9088237262210548,-0.01508445821611637
7,150,109,learned_mean,0.9088237262210548,0.019120123559525193
7,150,109,tis,0.9088237262210548,0.04763172799408799
7,150,109,tis_anchored,0.9088237262210548,0.032474650095907776
7,150,109,occ_plus_uniform,0.9088237262210548,0.009611922185122745
7,150,109,occ_plus_mean,0.9088237262210548,0.005930289827954516
7,150,109,oracle_tail,0.9088237262210548,0.04998601801957403
7,150,109,complete_rollout,0.9088237262210548,0.1354471071122787
7,150,110,uniform,0.9088237262210548,-0.037559682390942206
7,150,110,learned_occupancy,0.9088237262210548,-0.07520505419955004
7,150,110,learned_mean,0.9088237262210548,-0.055220898628579596
7,150,110,tis,0.9088237262210548,-0.041805843737446446
7,150,110,tis_anchored,0.9088237262210548,-0.0479976450080547
7,150,110,occ_plus_uniform,0.9088237262210548,-0.0611497657870792
7,150,110,occ_plus_mean,0.9088237262210548,-0.06781234211692033
7,150,110,oracle_tail,0.9088237262210548,-0.04256475824144745
7,150,110,complete_rollout,0.9088237262210548,0.12242627377894522
7,150,111,uniform,0.9088237262210548,0.045854034191111226
7,150,111,learned_occupancy,0.9088237262210548,0.02891394084309684
7,150,111,learned_mean,0.9088237262210548,0.05983778337412893
7,150,111,tis,0.9088237262210548,0.07432780284743445
7,150,111,tis_anchored,0.9088237262210548,0.07231734701786796
7,150,111,occ_plus_uniform,0.9088237262210548,0.014757175064294525
7,150,111,occ_plus_mean,0.9088237262210548,0.03474479439935918
7,150,111,oracle_tail,0.9088237262210548,0.07547816439806565
7,150,111,complete_rollout,0.9088237262210548,0.05081169044561196
7,150,112,uniform,0.9088237262210548,0.03017177277376415
7,150,112,learned_occupancy,0.9088237262210548,0.02224779504330976
7,150,112,learned_mean,0.9088237262210548,0.005712768809293389
7,150,112,tis,0.9088237262210548,0.026002806671397982
7,150,112,tis_anchored,0.9088237262210548,0.011383440207047735
7,150,112,occ_plus_uniform,0.9088237262210548,0.010385374203337405
7,150,112,occ_plus_mean,0.9088237262210548,0.010598145520918645
7,150,112,oracle_tail,0.9088237262210548,0.01695437541175282
7,150,112,complete_rollout,0.9088237262210548,0.037790857112278586
7,150,113,uniform,0.9088237262210548,-0.04446490658617741
7,150,113,learned_occupancy,0.9088237262210548,-0.02758285590167442
7,150,113,learned_mean,0.9088237262210548,-0.014380365279913376
7,150,113,tis,0.9088237262210548,-0.021008815418977922
7,150,113,tis_anchored,0.9088237262210548,-0.011889574440046569
7,150,113,occ_plus_uniform,0.9088237262210548,-0.030881151300525267
7,150,113,occ_plus_mean,0.9088237262210548,-0.02331372469371973
7,150,113,oracle_tail,0.9088237262210548,-0.004498416255494075
7,150,113,complete_rollout,0.9088237262210548,0.024770023778945327
7,150,114,uniform,0.9088237262210548,0.004750577770996189
7,150,114,learned_occupancy,0.9088237262210548,-0.006308499022168568
7,150,114,learned_mean,0.9088237262210548,0.014681756439775984
7,150,114,tis,0.9088237262210548,0.015384923653355975
7,150,114,tis_anchored,0.9088237262210548,0.03314606105976492
7,150,114,occ_plus_uniform,0.9088237262210548,-0.03460453590324042
7,150,114,occ_plus_mean,0.9088237262210548,0.009357913573296517
7,150,114,oracle_tail,0.9088237262210548,0.013610757883172786
7,150,114,complete_rollout,0.9088237262210548,-0.0403341428877213
7,150,115,uniform,0.9088237262210548,0.03618121015385878
7,150,115,learned_occupancy,0.9088237262210548,0.030544091163358766
7,150,115,learned_mean,0.9088237262210548,0.026948445826493472
7,150,115,tis,0.9088237262210548,0.04855080164088055
7,150,115,tis_anchored,0.9088237262210548,0.04773509066845605
7,150,115,occ_plus_uniform,0.9088237262210548,0.044287589818841844
7,150,115,occ_plus_mean,0.9088237262210548,0.033216956744533954
7,150,115,oracle_tail,0.9088237262210548,0.04640908819604406
7,150,115,complete_rollout,0.9088237262210548,-0.020802892887721414
7,150,116,uniform,0.9088237262210548,0.025105751988984126
7,150,116,learned_occupancy,0.9088237262210548,-0.008740800649858826
7,150,116,learned_mean,0.9088237262210548,-0.02893439455532354
7,150,116,tis,0.9088237262210548,0.01881628843723382
7,150,116,tis_anchored,0.9088237262210548,0.006514767190127668
7,150,116,occ_plus_uniform,0.9088237262210548,0.03676252615003417
7,150,116,occ_plus_mean,0.9088237262210548,-0.0005321225321912593
7,150,116,oracle_tail,0.9088237262210548,0.024262092450722084
7,150,116,complete_rollout,0.9088237262210548,-0.014292476221054673
7,150,117,uniform,0.9088237262210548,-0.06726294326841753
7,150,117,learned_occupancy,0.9088237262210548,-0.07415074329803684
7,150,117,learned_mean,0.9088237262210548,-0.03270591764978947
7,150,117,tis,0.9088237262210548,-0.0331255377664863
7,150,117,tis_anchored,0.9088237262210548,-0.06607347055880053
7,150,117,occ_plus_uniform,0.9088237262210548,-0.07118481240336261
7,150,117,occ_plus_mean,0.9088237262210548,-0.04834369148443973
7,150,117,oracle_tail,0.9088237262210548,-0.019583716726373046
7,150,117,complete_rollout,0.9088237262210548,0.018259607112278586
7,150,118,uniform,0.9088237262210548,-0.002759571980710973
7,150,118,learned_occupancy,0.9088237262210548,0.010073842553548151
7,150,118,learned_mean,0.9088237262210548,-0.021640146595195642
7,150,118,tis,0.9088237262210548,-0.03315155855866048
7,150,118,tis_anchored,0.9088237262210548,-0.016429789378947568
7,150,118,occ_plus_uniform,0.9088237262210548,-0.007681738600463062
7,150,118,occ_plus_mean,0.9088237262210548,-0.010197822364403808
7,150,118,oracle_tail,0.9088237262210548,0.005785424376599901
7,150,118,complete_rollout,0.9088237262210548,0.057322107112278586
7,150,119,uniform,0.9088237262210548,0.04117582057162761
7,150,119,learned_occupancy,0.9088237262210548,0.046805930470741
7,150,119,learned_mean,0.9088237262210548,0.04052852481340519
7,150,119,tis,0.9088237262210548,0.015070703794099916
7,150,119,tis_anchored,0.9088237262210548,0.04915919962849935
7,150,119,occ_plus_uniform,0.9088237262210548,0.07749053447294219
7,150,119,occ_plus_mean,0.9088237262210548,0.034990256365646455
7,150,119,oracle_tail,0.9088237262210548,0.026800914988940994
7,150,119,complete_rollout,0.9088237262210548,0.03128044044561196
7,150,120,uniform,0.9088237262210548,-0.04838949723682018
7,150,120,learned_occupancy,0.9088237262210548,-0.060618863588100425
7,150,120,learned_mean,0.9088237262210548,-0.057680545782694326
7,150,120,tis,0.9088237262210548,-0.062123163537351034
7,150,120,tis_anchored,0.9088237262210548,-0.05752843958732201
7,150,120,occ_plus_uniform,0.9088237262210548,-0.06043157886747286
7,150,120,occ_plus_mean,0.9088237262210548,-0.056171004449139694
7,150,120,oracle_tail,0.9088237262210548,-0.016105187415377142
7,150,120,complete_rollout,0.9088237262210548,-0.020802892887721414
7,150,121,uniform,0.9088237262210548,0.05563518667850709
7,150,121,learned_occupancy,0.9088237262210548,0.06806398675586511
7,150,121,learned_mean,0.9088237262210548,0.06648726732472099
7,150,121,tis,0.9088237262210548,0.044529235950562684
7,150,121,tis_anchored,0.9088237262210548,0.0566686033960081
7,150,121,occ_plus_uniform,0.9088237262210548,0.06426765564597559
7,150,121,occ_plus_mean,0.9088237262210548,0.06637077291573079
7,150,121,oracle_tail,0.9088237262210548,0.05169716529057389
7,150,121,complete_rollout,0.9088237262210548,0.011749190445611957
7,150,122,uniform,0.9088237262210548,-0.07479930236288146
7,150,122,learned_occupancy,0.9088237262210548,-0.020555974563020052
7,150,122,learned_mean,0.9088237262210548,-0.029491420452489092
7,150,122,tis,0.9088237262210548,-0.059951637091731236
7,150,122,tis_anchored,0.9088237262210548,-0.05577688907948675
7,150,122,occ_plus_uniform,0.9088237262210548,-0.0442126988286784
7,150,122,occ_plus_mean,0.9088237262210548,-0.0285725937508835
7,150,122,oracle_tail,0.9088237262210548,-0.04631138704000237
7,150,122,complete_rollout,0.9088237262210548,-0.06637580955438804
7,150,123,uniform,0.9088237262210548,0.024285385544523752
7,150,123,learned_occupancy,0.9088237262210548,0.016400837677050473
7,150,123,learned_mean,0.9088237262210548,0.03594752434606818
7,150,123,tis,0.9088237262210548,0.040495389068682885
7,150,123,tis_anchored,0.9088237262210548,0.03995469793455242
7,150,123,occ_plus_uniform,0.9088237262210548,0.014104141847768759
7,150,123,occ_plus_mean,0.9088237262210548,0.03260123909112844
7,150,123,oracle_tail,0.9088237262210548,0.05545748364285086
7,150,123,complete_rollout,0.9088237262210548,-0.11064664288772141
7,150,124,uniform,0.9088237262210548,-0.06350502270544167
7,150,124,learned_occupancy,0.9088237262210548,-0.02951730561595378
7,150,124,learned_mean,0.9088237262210548,-0.01327462519387057
7,150,124,tis,0.9088237262210548,-0.025413132913634007
7,150,124,tis_anchored,0.9088237262210548,-0.00993674356281804
7,150,124,occ_plus_uniform,0.9088237262210548,-0.026213731264722484
7,150,124,occ_plus_mean,0.9088237262210548,-0.03319548003727313
7,150,124,oracle_tail,0.9088237262210548,-0.03210462862125896
7,150,124,complete_rollout,0.9088237262210548,0.057322107112278586
7,150,125,uniform,0.9088237262210548,0.005247779605294656
7,150,125,learned_occupancy,0.9088237262210548,0.04450565719587851
7,150,125,learned_mean,0.9088237262210548,0.039350754757680684
7,150,125,tis,0.9088237262210548,0.04920447222804847
7,150,125,tis_anchored,0.9088237262210548,0.055051780285781615
7,150,125,occ_plus_uniform,0.9088237262210548,0.011399704527736976
7,150,125,occ_plus_mean,0.9088237262210548,0.018172559613168993
7,150,125,oracle_tail,0.9088237262210548,0.01223651586020491
7,150,125,complete_rollout,0.9088237262210548,-0.0793966428877213
7,150,126,uniform,0.9088237262210548,-0.04662125711580689
7,150,126,learned_occupancy,0.9088237262210548,-0.06315257124939722
7,150,126,learned_mean,0.9088237262210548,-0.07229214544016349
7,150,126,tis,0.9088237262210548,-0.040860261832097566
7,150,126,tis_anchored,0.9088237262210548,-0.06880813191452084
7,150,126,occ_plus_uniform,0.9088237262210548,-0.060098759176835714
7,150,126,occ_plus_mean,0.9088237262210548,-0.07116963758452644
7,150,126,oracle_tail,0.9088237262210548,-0.04304627135095729
7,150,126,complete_rollout,0.9088237262210548,0.05081169044561196
7,150,127,uniform,0.9088237262210548,0.01700871092405143
7,150,127,learned_occupancy,0.9088237262210548,0.023675410517336126
7,150,127,learned_mean,0.9088237262210548,0.02888949560401599
7,150,127,tis,0.9088237262210548,0.04215165348354322
7,150,127,tis_anchored,0.9088237262210548,0.040894546760455674
7,150,127,occ_plus_uniform,0.9088237262210548,-0.0049579468433910145
7,150,127,occ_plus_mean,0.9088237262210548,0.0321007390375756
7,150,127,oracle_tail,0.9088237262210548,0.03127238080870631
7,150,127,complete_rollout,0.9088237262210548,-0.045542476221054784
7,150,128,uniform,0.9088237262210548,0.02082395163019679
7,150,128,learned_occupancy,0.9088237262210548,-0.03765146568859801
7,150,128,learned_mean,0.9088237262210548,-0.024374889456671767
7,150,128,tis,0.9088237262210548,-0.06359384351470077
7,150,128,tis_anchored,0.9088237262210548,-0.037353510155895386
7,150,128,occ_plus_uniform,0.9088237262210548,-0.016519137023182418
7,150,128,occ_plus_mean,0.9088237262210548,-0.02969810373792403
7,150,128,oracle_tail,0.9088237262210548,-0.06520014439249522
7,150,128,complete_rollout,0.9088237262210548,-0.014292476221054673
7,150,129,uniform,0.9088237262210548,0.009271484384907436
7,150,129,learned_occupancy,0.9088237262210548,0.009754882717918356
7,150,129,learned_mean,0.9088237262210548,-0.016679401445597097
7,150,129,tis,0.9088237262210548,0.01667105791061163
7,150,129,tis_anchored,0.9088237262210548,0.011474811262181417
7,150,129,occ_plus_uniform,0.9088237262210548,0.011339074738273669
7,150,129,occ_plus_mean,0.9088237262210548,-0.012750300310926055
7,150,129,oracle_tail,0.9088237262210548,-0.04518060941688418
7,150,129,complete_rollout,0.9088237262210548,0.07034294044561196
7,150,130,uniform,0.9088237262210548,0.017202981868919442
7,150,130,learned_occupancy,0.9088237262210548,0.039327503563424404
7,150,130,learned_mean,0.9088237262210548,0.03324040107389237
7,150,130,tis,0.9088237262210548,0.031258385001144307
7,150,130,tis_anchored,0.9088237262210548,0.03581585542167487
7,150,130,occ_plus_uniform,0.9088237262210548,0.04021295959317006
7,150,130,occ_plus_mean,0.9088237262210548,0.021691755896278586
7,150,130,oracle_tail,0.9088237262210548,0.05324019230002852
7,150,130,complete_rollout,0.9088237262210548,0.005238773778945327
7,150,131,uniform,0.9088237262210548,-0.0433582702664248
7,150,131,learned_occupancy,0.9088237262210548,-0.016473951150470123
7,150,131,learned_mean,0.9088237262210548,-0.05424520428333912
7,150,131,tis,0.9088237262210548,-0.048969194658963544
7,150,131,tis_anchored,0.9088237262210548,-0.05271693102074815
7,150,131,occ_plus_uniform,0.9088237262210548,-0.03117978382502773
7,150,131,occ_plus_mean,0.9088237262210548,-0.03173642065990745
7,150,131,oracle_tail,0.9088237262210548,-0.06082238360285552
7,150,131,complete_rollout,0.9088237262210548,0.03128044044561196
7,150,132,uniform,0.9088237262210548,0.030910237631593507
7,150,132,learned_occupancy,0.9088237262210548,-0.03443745186817371
7,150,132,learned_mean,0.9088237262210548,-0.02434230615030286
7,150,132,tis,0.9088237262210548,0.00961915686108572
7,150,132,tis_anchored,0.9088237262210548,-0.004086292285916171
7,150,132,occ_plus_uniform,0.9088237262210548,-0.00530388169499918
7,150,132,occ_plus_mean,0.9088237262210548,-0.04287740200716639
7,150,132,oracle_tail,0.9088237262210548,0.04660113592031856
7,150,132,complete_rollout,0.9088237262210548,0.2331033571122787
7,150,133,uniform,0.9088237262210548,-0.058707523873510414
7,150,133,learned_occupancy,0.9088237262210548,-0.0183260144390871
7,150,133,learned_mean,0.9088237262210548,-0.03323871113864041
7,150,133,tis,0.9088237262210548,-0.06129809594923241
7,150,133,tis_anchored,0.9088237262210548,-0.02783914477544125
7,150,133,occ_plus_uniform,0.9088237262210548,-0.048890276608265615
7,150,133,occ_plus_mean,0.9088237262210548,-0.04846763634093176
7,150,133,oracle_tail,0.9088237262210548,-0.05456770321955173
7,150,133,complete_rollout,0.9088237262210548,-0.007782059554388043
7,150,134,uniform,0.9088237262210548,0.1147730971408274
7,150,134,learned_occupancy,0.9088237262210548,0.14113191281654736
7,150,134,learned_mean,0.9088237262210548,0.13395374028254436
7,150,134,tis,0.9088237262210548,0.11059103379236257
7,150,134,tis_anchored,0.9088237262210548,0.12017931013058858
7,150,134,occ_plus_uniform,0.9088237262210548,0.11717779970323416
7,150,134,occ_plus_mean,0.9088237262210548,0.127597594708309
7,150,134,oracle_tail,0.9088237262210548,0.0503081866418722
7,150,134,complete_rollout,0.9088237262210548,0.07034294044561196
7,150,135,uniform,0.9088237262210548,0.045769897832618645
7,150,135,learned_occupancy,0.9088237262210548,-0.02938490560557938
7,150,135,learned_mean,0.9088237262210548,0.009725330806402921
7,150,135,tis,0.9088237262210548,0.017186946825124227
7,150,135,tis_anchored,0.9088237262210548,0.009293236069867317
7,150,135,occ_plus_uniform,0.9088237262210548,-0.021259805439287738
7,150,135,occ_plus_mean,0.9088237262210548,-0.011756985518735497
7,150,135,oracle_tail,0.9088237262210548,0.04171666200959967
7,150,135,complete_rollout,0.9088237262210548,0.018259607112278586
7,150,136,uniform,0.9088237262210548,-0.06436155388954612
7,150,136,learned_occupancy,0.9088237262210548,-0.06354181468953612
7,150,136,learned_mean,0.9088237262210548,-0.06382568411005274
7,150,136,tis,0.9088237262210548,-0.04194540078076181
7,150,136,tis_anchored,0.9088237262210548,-0.05738632342010108
7,150,136,occ_plus_uniform,0.9088237262210548,-0.0654724144054637
7,150,136,occ_plus_mean,0.9088237262210548,-0.06704667050984847
7,150,136,oracle_tail,0.9088237262210548,-0.011905295735638699
7,150,136,complete_rollout,0.9088237262210548,-0.020802892887721414
7,150,137,uniform,0.9088237262210548,0.041206647829558296
7,150,137,learned_occupancy,0.9088237262210548,0.06708341956873098
7,150,137,learned_mean,0.9088237262210548,0.07686613415618293
7,150,137,tis,0.9088237262210548,0.05127756465613753
7,150,137,tis_anchored,0.9088237262210548,0.07145777313750679
7,150,137,occ_plus_uniform,0.9088237262210548,0.07121222126557436
7,150,137,occ_plus_mean,0.9088237262210548,0.08186820903804015
7,150,137,oracle_tail,0.9088237262210548,0.03627450445433711
7,150,137,complete_rollout,0.9088237262210548,0.08336377377894533
7,150,138,uniform,0.9088237262210548,0.02916413728395506
7,150,138,learned_occupancy,0.9088237262210548,-0.014819854533173582
7,150,138,learned_mean,0.9088237262210548,0.025001947879926933
7,150,138,tis,0.9088237262210548,-0.027727908303028626
7,150,138,tis_anchored,0.9088237262210548,-0.008538376255999847
7,150,138,occ_plus_uniform,0.9088237262210548,-0.0011169165102570267
7,150,138,occ_plus_mean,0.9088237262210548,0.00021051101988356358
7,150,138,oracle_tail,0.9088237262210548,-0.05094744647928795
7,150,138,complete_rollout,0.9088237262210548,-0.0012716428877214137
7,150,139,uniform,0.9088237262210548,-0.009067842120972891
7,150,139,learned_occupancy,0.9088237262210548,-0.013094652144649
7,150,139,learned_mean,0.9088237262210548,-0.0363238025753061
7,150,139,tis,0.9088237262210548,0.0023360213246651496
7,150,139,tis_anchored,0.9088237262210548,-0.035850906328223964
7,150,139,occ_plus_uniform,0.9088237262210548,-0.01832948316456562
7,150,139,occ_plus_mean,0.9088237262210548,-0.02379007545743217
7,150,139,oracle_tail,0.9088237262210548,0.020688441529939205
7,150,139,complete_rollout,0.9088237262210548,-0.020802892887721414
7,150,140,uniform,0.9088237262210548,0.03484953164199056
7,150,140,learned_occupancy,0.9088237262210548,-0.023585121781753315
7,150,140,learned_mean,0.9088237262210548,0.0008113641960099116
7,150,140,tis,0.9088237262210548,0.004128417572250576
7,150,140,tis_anchored,0.9088237262210548,-0.002287717838186376
7,150,140,occ_plus_uniform,0.9088237262210548,-0.002388532715617009
7,150,140,occ_plus_mean,0.9088237262210548,0.0032284353817689793
7,150,140,oracle_tail,0.9088237262210548,-0.023642275541560065
7,150,140,complete_rollout,0.9088237262210548,0.03128044044561196
7,150,141,uniform,0.9088237262210548,-0.004151245136562953
7,150,141,learned_occupancy,0.9088237262210548,0.00747531342385277
7,150,141,learned_mean,0.9088237262210548,-0.0016707215186723134
7,150,141,tis,0.9088237262210548,-0.005272900669377467
7,150,141,tis_anchored,0.9088237262210548,-0.013303969600172327
7,150,141,occ_plus_uniform,0.9088237262210548,-0.011401587577137051
7,150,141,occ_plus_mean,0.9088237262210548,0.00866098414950034
7,150,141,oracle_tail,0.9088237262210548,-0.017941349344248736
7,150,141,complete_rollout,0.9088237262210548,0.011749190445611957
7,150,142,uniform,0.9088237262210548,0.02335103189319576
7,150,142,learned_occupancy,0.9088237262210548,-0.02413831577314307
7,150,142,learned_mean,0.9088237262210548,-0.0010265468392152144
7,150,142,tis,0.9088237262210548,0.02677894084163135
7,150,142,tis_anchored,0.9088237262210548,0.010217752652291967
7,150,142,occ_plus_uniform,0.9088237262210548,0.01639479074041217
7,150,142,occ_plus_mean,0.9088237262210548,-0.009459627974295892
7,150,142,oracle_tail,0.9088237262210548,0.02099829335672576
7,150,142,complete_rollout,0.9088237262210548,0.06383252377894533
7,150,143,uniform,0.9088237262210548,-0.0637087734319538
7,150,143,learned_occupancy,0.9088237262210548,-0.07386110176371063
7,150,143,learned_mean,0.9088237262210548,-0.07120937529073346
7,150,143,tis,0.9088237262210548,-0.06568006160333906
7,150,143,tis_anchored,0.9088237262210548,-0.07607784601767853
7,150,143,occ_plus_uniform,0.9088237262210548,-0.08498987785086343
7,150,143,occ_plus_mean,0.9088237262210548,-0.07236309830659138
7,150,143,oracle_tail,0.9088237262210548,-0.06931640874522182
7,150,143,complete_rollout,0.9088237262210548,-0.03382372622105467
7,150,144,uniform,0.9088237262210548,-0.004251323800588569
7,150,144,learned_occupancy,0.9088237262210548,0.02244234705721171
7,150,144,learned_mean,0.9088237262210548,0.026527774307782526
7,150,144,tis,0.9088237262210548,0.049678240617124225
7,150,144,tis_anchored,0.9088237262210548,0.049098420764947526
7,150,144,occ_plus_uniform,0.9088237262210548,0.0030834706051608984
7,150,144,occ_plus_mean,0.9088237262210548,0.03169917925977672
7,150,144,oracle_tail,0.9088237262210548,0.042029688621094574
7,150,144,complete_rollout,0.9088237262210548,-0.05335497622105467
7,150,145,uniform,0.9088237262210548,-0.04481820332479025
7,150,145,learned_occupancy,0.9088237262210548,-0.00050421743957485
7,150,145,learned_mean,0.9088237262210548,-0.027553552643826862
7,150,145,tis,0.9088237262210548,-0.042068971740881644
7,150,145,tis_anchored,0.9088237262210548,-0.03250660932162919
7,150,145,occ_plus_uniform,0.9088237262210548,-0.027494668314312132
7,150,145,occ_plus_mean,0.9088237262210548,-0.006664878640473271
7,150,145,oracle_tail,0.9088237262210548,-0.03609059935291259
7,150,145,complete_rollout,0.9088237262210548,-0.0012716428877214137
7,150,146,uniform,0.9088237262210548,0.004488062369651935
7,150,146,learned_occupancy,0.9088237262210548,-0.015413938549749595
7,150,146,learned_mean,0.9088237262210548,0.00985280485709239
7,150,146,tis,0.9088237262210548,-0.01755601508917004
7,150,146,tis_anchored,0.9088237262210548,-0.01388689986662306
7,150,146,occ_plus_uniform,0.9088237262210548,-0.005630703452976338
7,150,146,occ_plus_mean,0.9088237262210548,-0.021125583284970828
7,150,146,oracle_tail,0.9088237262210548,0.0009994677732324542
7,150,146,complete_rollout,0.9088237262210548,-0.014292476221054673
7,150,147,uniform,0.9088237262210548,0.06940984667406969
7,150,147,learned_occupancy,0.9088237262210548,0.09829971017126571
7,150,147,learned_mean,0.9088237262210548,0.08497703752382746
7,150,147,tis,0.9088237262210548,0.03856328835340106
7,150,147,tis_anchored,0.9088237262210548,0.07362602966169773
7,150,147,occ_plus_uniform,0.9088237262210548,0.07851842991076408
7,150,147,occ_plus_mean,0.9088237262210548,0.07976033419794493
7,150,147,oracle_tail,0.9088237262210548,0.01416955594560021
7,150,147,complete_rollout,0.9088237262210548,0.03128044044561196
7,150,148,uniform,0.9088237262210548,-0.08008916003406341
7,150,148,learned_occupancy,0.9088237262210548,-0.06343734032104753
7,150,148,learned_mean,0.9088237262210548,-0.07497964584049843
7,150,148,tis,0.9088237262210548,-0.0649189075683958
7,150,148,tis_anchored,0.9088237262210548,-0.06618996004412814
7,150,148,occ_plus_uniform,0.9088237262210548,-0.0726900461857749
7,150,148,occ_plus_mean,0.9088237262210548,-0.07416259101387701
7,150,148,oracle_tail,0.9088237262210548,-0.07281980718920011
7,150,148,complete_rollout,0.9088237262210548,-0.027313309554388043
7,150,149,uniform,0.9088237262210548,0.04776329650448863
7,150,149,learned_occupancy,0.9088237262210548,0.06091115739013786
7,150,149,learned_mean,0.9088237262210548,0.06749304598918426
7,150,149,tis,0.9088237262210548,-0.0051362178906442235
7,150,149,tis_anchored,0.9088237262210548,0.04524365080100656
7,150,149,occ_plus_uniform,0.9088237262210548,0.07042596467474094
7,150,149,occ_plus_mean,0.9088237262210548,0.05058325506923267
7,150,149,oracle_tail,0.9088237262210548,-0.00541566046977815
7,150,149,complete_rollout,0.9088237262210548,0.024770023778945327
7,150,150,uniform,0.9088237262210548,-0.054042685034711435
7,150,150,learned_occupancy,0.9088237262210548,-0.040109202497841
7,150,150,learned_mean,0.9088237262210548,-0.03306030483785116
7,150,150,tis,0.9088237262210548,-0.05789143952424447
7,150,150,tis_anchored,0.9088237262210548,-0.07665281307485117
7,150,150,occ_plus_uniform,0.9088237262210548,-0.06815433213488664
7,150,150,occ_plus_mean,0.9088237262210548,-0.03569963219804684
7,150,150,oracle_tail,0.9088237262210548,-0.05557957819656134
7,150,150,complete_rollout,0.9088237262210548,-0.04684455955438804
7,150,151,uniform,0.9088237262210548,0.005761684228809072
7,150,151,learned_occupancy,0.9088237262210548,0.008458848875588898
7,150,151,learned_mean,0.9088237262210548,0.025368449302829
7,150,151,tis,0.9088237262210548,0.017706386928439177
7,150,151,tis_anchored,0.9088237262210548,0.04359543455990922
7,150,151,occ_plus_uniform,0.9088237262210548,0.010147335317830963
7,150,151,occ_plus_mean,0.9088237262210548,0.006997444330174352
7,150,151,oracle_tail,0.9088237262210548,0.038350440735209435
7,150,151,complete_rollout,0.9088237262210548,-0.05856330955438804
7,150,152,uniform,0.9088237262210548,0.019725078343974523
7,150,152,learned_occupancy,0.9088237262210548,-0.050015943351584435
7,150,152,learned_mean,0.9088237262210548,-0.036287100936567285
7,150,152,tis,0.9088237262210548,-0.007054039588883176
7,150,152,tis_anchored,0.9088237262210548,-0.0072345507175270996
7,150,152,occ_plus_uniform,0.9088237262210548,-0.00578907543326268
7,150,152,occ_plus_mean,0.9088237262210548,-0.04528757465108235
7,150,152,oracle_tail,0.9088237262210548,0.0033669039068520146
7,150,152,complete_rollout,0.9088237262210548,-0.007782059554388043
7,150,153,uniform,0.9088237262210548,-0.007488952459118736
7,150,153,learned_occupancy,0.9088237262210548,-0.03613919261260956
7,150,153,learned_mean,0.9088237262210548,-0.02461108006149193
7,150,153,tis,0.9088237262210548,0.024115057929562034
7,150,153,tis_anchored,0.9088237262210548,-0.025555897852499232
7,150,153,occ_plus_uniform,0.9088237262210548,-0.02707730865876279
7,150,153,occ_plus_mean,0.9088237262210548,-0.023183224519784162
7,150,153,oracle_tail,0.9088237262210548,-0.0101685661273746
7,150,153,complete_rollout,0.9088237262210548,-0.027313309554388043
7,150,154,uniform,0.9088237262210548,-0.06705336626669878
7,150,154,learned_occupancy,0.9088237262210548,-0.07420442588464338
7,150,154,learned_mean,0.9088237262210548,-0.06955224227144974
7,150,154,tis,0.9088237262210548,-0.0339063687805472
7,150,154,tis_anchored,0.9088237262210548,-0.07301087568488052
7,150,154,occ_plus_uniform,0.9088237262210548,-0.0718071554446118
7,150,154,occ_plus_mean,0.9088237262210548,-0.07168331901899849
7,150,154,oracle_tail,0.9088237262210548,-0.07160010661576
7,150,154,complete_rollout,0.9088237262210548,-0.0012716428877214137
7,150,155,uniform,0.9088237262210548,-0.0475441308747554
7,150,155,learned_occupancy,0.9088237262210548,-0.052396285261169906
7,150,155,learned_mean,0.9088237262210548,-0.06353744820334328
7,150,155,tis,0.9088237262210548,-0.039971783366685276
7,150,155,tis_anchored,0.9088237262210548,-0.025511492992509655
7,150,155,occ_plus_uniform,0.9088237262210548,-0.05991717341593816
7,150,155,occ_plus_mean,0.9088237262210548,-0.045044363869513604
7,150,155,oracle_tail,0.9088237262210548,-0.016985957060739687
7,150,155,complete_rollout,0.9088237262210548,0.037790857112278586
7,150,156,uniform,0.9088237262210548,-0.0018366221974660535
7,150,156,learned_occupancy,0.9088237262210548,0.05118075161403279
7,150,156,learned_mean,0.9088237262210548,0.0565942064294066
7,150,156,tis,0.9088237262210548,0.06080073582667833
7,150,156,tis_anchored,0.9088237262210548,0.07431980355035517
7,150,156,occ_plus_uniform,0.9088237262210548,0.04041056529758946
7,150,156,occ_plus_mean,0.9088237262210548,0.034279341397560836
7,150,156,oracle_tail,0.9088237262210548,0.017831212196338875
7,150,156,complete_rollout,0.9088237262210548,0.03128044044561196
7,150,157,uniform,0.9088237262210548,0.040741014685734656
7,150,157,learned_occupancy,0.9088237262210548,-0.0007227723196508995
7,150,157,learned_mean,0.9088237262210548,0.03944556253679776
7,150,157,tis,0.9088237262210548,0.04258320338482158
7,150,157,tis_anchored,0.9088237262210548,0.014737184592436114
7,150,157,occ_plus_uniform,0.9088237262210548,0.021862323972841158
7,150,157,occ_plus_mean,0.9088237262210548,0.009351080211018492
7,150,157,oracle_tail,0.9088237262210548,0.0399962359181979
7,150,157,complete_rollout,0.9088237262210548,-0.045542476221054784
7,150,158,uniform,0.9088237262210548,0.015134020029417217
7,150,158,learned_occupancy,0.9088237262210548,0.016389739559485306
7,150,158,learned_mean,0.9088237262210548,0.014282724017013915
7,150,158,tis,0.9088237262210548,-0.0025749134641039895
7,150,158,tis_anchored,0.9088237262210548,-0.0007988935317132517
7,150,158,occ_plus_uniform,0.9088237262210548,0.0029955528941876253
7,150,158,occ_plus_mean,0.9088237262210548,0.01602903464468164
7,150,158,oracle_tail,0.9088237262210548,-0.011136338191372497
7,150,158,complete_rollout,0.9088237262210548,0.018259607112278586
7,150,159,uniform,0.9088237262210548,0.025895137178388983
7,150,159,learned_occupancy,0.9088237262210548,0.013249277568930573
7,150,159,learned_mean,0.9088237262210548,0.01759574624056426
7,150,159,tis,0.9088237262210548,0.021257553687311637
7,150,159,tis_anchored,0.9088237262210548,0.0245933052074645
7,150,159,occ_plus_uniform,0.9088237262210548,0.031821230186820926
7,150,159,occ_plus_mean,0.9088237262210548,0.0055941376231121165
7,150,159,oracle_tail,0.9088237262210548,0.0438312023343862
7,150,159,complete_rollout,0.9088237262210548,-0.027313309554388043
7,150,160,uniform,0.9088237262210548,-0.05193989758780804
7,150,160,learned_occupancy,0.9088237262210548,-0.01435970161936917
7,150,160,learned_mean,0.9088237262210548,-0.02029553314699728
7,150,160,tis,0.9088237262210548,0.027957868975962863
7,150,160,tis_anchored,0.9088237262210548,0.0013012063439773458
7,150,160,occ_plus_uniform,0.9088237262210548,-0.0026710772456213228
7,150,160,occ_plus_mean,0.9088237262210548,-0.022553988667490588
7,150,160,oracle_tail,0.9088237262210548,0.014163157067185517
7,150,160,complete_rollout,0.9088237262210548,-0.07288622622105467
7,150,161,uniform,0.9088237262210548,-0.0029429014082585914
7,150,161,learned_occupancy,0.9088237262210548,0.008773189101277779
7,150,161,learned_mean,0.9088237262210548,-0.00794203169721408
7,150,161,tis,0.9088237262210548,-0.010906565206708518
7,150,161,tis_anchored,0.9088237262210548,0.005522379683232215
7,150,161,occ_plus_uniform,0.9088237262210548,-0.0032543793838020196
7,150,161,occ_plus_mean,0.9088237262210548,-0.006221708095128786
7,150,161,oracle_tail,0.9088237262210548,0.02187788269083013
7,150,161,complete_rollout,0.9088237262210548,-0.0403341428877213
7,150,162,uniform,0.9088237262210548,0.02241086531985148
7,150,162,learned_occupancy,0.9088237262210548,0.011484723713305667
7,150,162,learned_mean,0.9088237262210548,0.02968749871736609
7,150,162,tis,0.9088237262210548,0.03143677113438115
7,150,162,tis_anchored,0.9088237262210548,0.014620552656076868
7,150,162,occ_plus_uniform,0.9088237262210548,0.0402146475048325
7,150,162,occ_plus_mean,0.9088237262210548,0.02250436995385674
7,150,162,oracle_tail,0.9088237262210548,0.03531427699390699
7,150,162,complete_rollout,0.9088237262210548,0.0963846071122787
7,150,163,uniform,0.9088237262210548,0.020354547477737794
7,150,163,learned_occupancy,0.9088237262210548,0.01731151579328216
7,150,163,learned_mean,0.9088237262210548,0.009095534736508037
7,150,163,tis,0.9088237262210548,0.03155468225478808
7,150,163,tis_anchored,0.9088237262210548,0.05477472677867967
7,150,163,occ_plus_uniform,0.9088237262210548,0.004524812792834787
7,150,163,occ_plus_mean,0.9088237262210548,0.03202029665210038
7,150,163,oracle_tail,0.9088237262210548,-0.029426148124312657
7,150,163,complete_rollout,0.9088237262210548,-0.08590705955438804
7,150,164,uniform,0.9088237262210548,0.0764278591368216
7,150,164,learned_occupancy,0.9088237262210548,0.1026120376226145
7,150,164,learned_mean,0.9088237262210548,0.05945557251691491
7,150,164,tis,0.9088237262210548,0.037075558499547356
7,150,164,tis_anchored,0.9088237262210548,0.05512894392799761
7,150,164,occ_plus_uniform,0.9088237262210548,0.08035204636098958
7,150,164,occ_plus_mean,0.9088237262210548,0.07859526584558885
7,150,164,oracle_tail,0.9088237262210548,0.0022269228159172982
7,150,164,complete_rollout,0.9088237262210548,0.011749190445611957
7,150,165,uniform,0.9088237262210548,-0.03190340635883149
7,150,165,learned_occupancy,0.9088237262210548,-0.05247939774239485
7,150,165,learned_mean,0.9088237262210548,-0.01703144839921844
7,150,165,tis,0.9088237262210548,-0.027577909292685887
7,150,165,tis_anchored,0.9088237262210548,-0.022267460802508077
7,150,165,occ_plus_uniform,0.9088237262210548,-0.05394644375808377
7,150,165,occ_plus_mean,0.9088237262210548,-0.03971880978175446
7,150,165,oracle_tail,0.9088237262210548,-0.011628230813786167
7,150,165,complete_rollout,0.9088237262210548,-0.09111539288772141
7,150,166,uniform,0.9088237262210548,0.05803513021683071
7,150,166,learned_occupancy,0.9088237262210548,0.06188284670019106
7,150,166,learned_mean,0.9088237262210548,0.07565530626388672
7,150,166,tis,0.9088237262210548,0.022256776102411946
7,150,166,tis_anchored,0.9088237262210548,0.07970936014304031
7,150,166,occ_plus_uniform,0.9088237262210548,0.043594857562260114
7,150,166,occ_plus_mean,0.9088237262210548,0.07033736429414672
7,150,166,oracle_tail,0.9088237262210548,0.007710351337553267
7,150,166,complete_rollout,0.9088237262210548,0.0963846071122787
7,150,167,uniform,0.9088237262210548,0.03491931493558331
7,150,167,learned_occupancy,0.9088237262210548,0.010265060025799855
7,150,167,learned_mean,0.9088237262210548,0.029863118429748647
7,150,167,tis,0.9088237262210548,0.007467575767939771
7,150,167,tis_anchored,0.9088237262210548,0.012397070021848755
7,150,167,occ_plus_uniform,0.9088237262210548,0.02204899913740066
7,150,167,occ_plus_mean,0.9088237262210548,0.01525537124267895
7,150,167,oracle_tail,0.9088237262210548,-0.008042384207452291
7,150,167,complete_rollout,0.9088237262210548,-0.045542476221054784
7,150,168,uniform,0.9088237262210548,0.010160220386139618
7,150,168,learned_occupancy,0.9088237262210548,0.03746389277363393
7,150,168,learned_mean,0.9088237262210548,0.043990622668771406
7,150,168,tis,0.9088237262210548,0.02102131782332506
7,150,168,tis_anchored,0.9088237262210548,0.022059137512849825
7,150,168,occ_plus_uniform,0.9088237262210548,-0.004931206344985117
7,150,168,occ_plus_mean,0.9088237262210548,0.045894337019719345
7,150,168,oracle_tail,0.9088237262210548,0.026590942749557867
7,150,168,complete_rollout,0.9088237262210548,0.037790857112278586
7,150,169,uniform,0.9088237262210548,0.058950374106566006
7,150,169,learned_occupancy,0.9088237262210548,0.011901304650817068
7,150,169,learned_mean,0.9088237262210548,0.0010824899403947263
7,150,169,tis,0.9088237262210548,0.020753208675269752
7,150,169,tis_anchored,0.9088237262210548,0.022884205945341685
7,150,169,occ_plus_uniform,0.9088237262210548,0.03428232964974354
7,150,169,occ_plus_mean,0.9088237262210548,0.0055577002087719984
7,150,169,oracle_tail,0.9088237262210548,0.04068017916065092
7,150,169,complete_rollout,0.9088237262210548,-0.05335497622105467
7,150,170,uniform,0.9088237262210548,-0.03044019351519134
7,150,170,learned_occupancy,0.9088237262210548,-0.05131679873185413
7,150,170,learned_mean,0.9088237262210548,-0.04573845589573866
7,150,170,tis,0.9088237262210548,-0.01704613958170409
7,150,170,tis_anchored,0.9088237262210548,-0.049517770706194786
7,150,170,occ_plus_uniform,0.9088237262210548,-0.04428826540954889
7,150,170,occ_plus_mean,0.9088237262210548,-0.050498642657605175
7,150,170,oracle_tail,0.9088237262210548,-0.03485793567759232
7,150,170,complete_rollout,0.9088237262210548,0.08987419044561196
7,150,171,uniform,0.9088237262210548,-0.017241711108158975
7,150,171,learned_occupancy,0.9088237262210548,0.02793690091336598
7,150,171,learned_mean,0.9088237262210548,0.003931165113036372
7,150,171,tis,0.9088237262210548,0.021339755494571788
7,150,171,tis_anchored,0.9088237262210548,-0.004480372855158565
7,150,171,occ_plus_uniform,0.9088237262210548,0.02231953523890562
7,150,171,occ_plus_mean,0.9088237262210548,0.01706169557458337
7,150,171,oracle_tail,0.9088237262210548,0.021108740629868672
7,150,171,complete_rollout,0.9088237262210548,-0.08590705955438804
7,150,172,uniform,0.9088237262210548,-0.060537331407706674
7,150,172,learned_occupancy,0.9088237262210548,-0.05932600289715162
7,150,172,learned_mean,0.9088237262210548,-0.05787253087370414
7,150,172,tis,0.9088237262210548,-0.06863864144444765
7,150,172,tis_anchored,0.9088237262210548,-0.06633077583111424
7,150,172,occ_plus_uniform,0.9088237262210548,-0.07358136901185142
7,150,172,occ_plus_mean,0.9088237262210548,-0.06247158238164974
7,150,172,oracle_tail,0.9088237262210548,-0.06086623813471881
7,150,172,complete_rollout,0.9088237262210548,0.07034294044561196
7,150,173,uniform,0.9088237262210548,0.05158863664236013
7,150,173,learned_occupancy,0.9088237262210548,0.07663620155413209
7,150,173,learned_mean,0.9088237262210548,0.052162309034394005
7,150,173,tis,0.9088237262210548,0.041427025145639895
7,150,173,tis_anchored,0.9088237262210548,0.05017954637687827
7,150,173,occ_plus_uniform,0.9088237262210548,0.05670938811751669
7,150,173,occ_plus_mean,0.9088237262210548,0.0630830869019956
7,150,173,oracle_tail,0.9088237262210548,0.034901357686520806
7,150,173,complete_rollout,0.9088237262210548,-0.04684455955438804
7,150,174,uniform,0.9088237262210548,-0.06260916907071068
7,150,174,learned_occupancy,0.9088237262210548,-0.06616113733601992
7,150,174,learned_mean,0.9088237262210548,-0.0660539799080826
7,150,174,tis,0.9088237262210548,-0.057108684011694666
7,150,174,tis_anchored,0.9088237262210548,-0.06186935180343767
7,150,174,occ_plus_uniform,0.9088237262210548,-0.06275608900242291
7,150,174,occ_plus_mean,0.9088237262210548,-0.0657957343756429
7,150,174,oracle_tail,0.9088237262210548,-0.0336274543385533
7,150,174,complete_rollout,0.9088237262210548,-0.08460497622105478
7,150,175,uniform,0.9088237262210548,0.015511362251684035
7,150,175,learned_occupancy,0.9088237262210548,0.02356601940012426
7,150,175,learned_mean,0.9088237262210548,0.014435785581594085
7,150,175,tis,0.9088237262210548,0.06182337380762204
7,150,175,tis_anchored,0.9088237262210548,0.054629517816291884
7,150,175,occ_plus_uniform,0.9088237262210548,0.014676058397956493
7,150,175,occ_plus_mean,0.9088237262210548,0.017867850771916438
7,150,175,oracle_tail,0.9088237262210548,0.014981404785121222
7,150,175,complete_rollout,0.9088237262210548,0.05081169044561196
7,150,176,uniform,0.9088237262210548,0.005698097373286415
7,150,176,learned_occupancy,0.9088237262210548,-0.003392204174399227
7,150,176,learned_mean,0.9088237262210548,0.027766142976441976
7,150,176,tis,0.9088237262210548,0.0014660096778496001
7,150,176,tis_anchored,0.9088237262210548,0.031613457591124994
7,150,176,occ_plus_uniform,0.9088237262210548,0.0014989217403156285
7,150,176,occ_plus_mean,0.9088237262210548,0.008208470995621497
7,150,176,oracle_tail,0.9088237262210548,0.017134180371094043
7,150,176,complete_rollout,0.9088237262210548,-0.04684455955438804
7,150,177,uniform,0.9088237262210548,0.011805344142402197
7,150,177,learned_occupancy,0.9088237262210548,0.02341323684228913
7,150,177,learned_mean,0.9088237262210548,0.014773663855771835
7,150,177,tis,0.9088237262210548,-0.010323530579100515
7,150,177,tis_anchored,0.9088237262210548,-0.0010473721837079841
7,150,177,occ_plus_uniform,0.9088237262210548,0.05001616062437575
7,150,177,occ_plus_mean,0.9088237262210548,0.026440291562676688
7,150,177,oracle_tail,0.9088237262210548,0.0031679024508540765
7,150,177,complete_rollout,0.9088237262210548,-0.11064664288772141
7,150,178,uniform,0.9088237262210548,-0.022436659956870497
7,150,178,learned_occupancy,0.9088237262210548,0.04238160296781979
7,150,178,learned_mean,0.9088237262210548,0.04394784404982133
7,150,178,tis,0.9088237262210548,0.002075712459420176
7,150,178,tis_anchored,0.9088237262210548,0.024302038344568455
7,150,178,occ_plus_uniform,0.9088237262210548,-0.007617862092476391
7,150,178,occ_plus_mean,0.9088237262210548,0.038982935908218
7,150,178,oracle_tail,0.9088237262210548,-0.0003520596198031134
7,150,178,complete_rollout,0.9088237262210548,0.06383252377894533
7,150,179,uniform,0.9088237262210548,-0.016465135975989975
7,150,179,learned_occupancy,0.9088237262210548,0.026979886588904822
7,150,179,learned_mean,0.9088237262210548,0.02600031700133476
7,150,179,tis,0.9088237262210548,-0.03100346974396828
7,150,179,tis_anchored,0.9088237262210548,0.004620214501145803
7,150,179,occ_plus_uniform,0.9088237262210548,0.007629487996728579
7,150,179,occ_plus_mean,0.9088237262210548,0.024812262939627683
7,150,179,oracle_tail,0.9088237262210548,-0.01500424679637724
7,150,179,complete_rollout,0.9088237262210548,0.08987419044561196
7,150,180,uniform,0.9088237262210548,0.02962943227156789
7,150,180,learned_occupancy,0.9088237262210548,0.051561783446069875
7,150,180,learned_mean,0.9088237262210548,0.02417408114645414
7,150,180,tis,0.9088237262210548,0.028753312624997918
7,150,180,tis_anchored,0.9088237262210548,0.059189633839210165
7,150,180,occ_plus_uniform,0.9088237262210548,0.04739713536626189
7,150,180,occ_plus_mean,0.9088237262210548,0.05137518863872359
7,150,180,oracle_tail,0.9088237262210548,0.02904188441635558
7,150,180,complete_rollout,0.9088237262210548,0.1159158571122787
7,150,181,uniform,0.9088237262210548,-0.03768934281041836
7,150,181,learned_occupancy,0.9088237262210548,0.02484039483830769
7,150,181,learned_mean,0.9088237262210548,0.018887854897651768
7,150,181,tis,0.9088237262210548,0.025927204876426968
7,150,181,tis_anchored,0.9088237262210548,-0.0034880399233474524
7,150,181,occ_plus_uniform,0.9088237262210548,-0.00479175983817981
7,150,181,occ_plus_mean,0.9088237262210548,0.03633495089708816
7,150,181,oracle_tail,0.9088237262210548,0.00022651511545224157
7,150,181,complete_rollout,0.9088237262210548,-0.03382372622105467
7,150,182,uniform,0.9088237262210548,0.05699176810947848
7,150,182,learned_occupancy,0.9088237262210548,0.01669671341423362
7,150,182,learned_mean,0.9088237262210548,-0.0035230865288489177
7,150,182,tis,0.9088237262210548,-0.011561798968420578
7,150,182,tis_anchored,0.9088237262210548,0.00986092489744772
7,150,182,occ_plus_uniform,0.9088237262210548,0.001472647619888856
7,150,182,occ_plus_mean,0.9088237262210548,0.005646763933390031
7,150,182,oracle_tail,0.9088237262210548,-0.005497250000660592
7,150,182,complete_rollout,0.9088237262210548,-0.05335497622105467
7,150,183,uniform,0.9088237262210548,-0.017518258630758954
7,150,183,learned_occupancy,0.9088237262210548,-0.003950757676243533
7,150,183,learned_mean,0.9088237262210548,-0.009061518498212129
7,150,183,tis,0.9088237262210548,-0.005796550252401889
7,150,183,tis_anchored,0.9088237262210548,-0.009985002395473952
7,150,183,occ_plus_uniform,0.9088237262210548,0.017946612483016322
7,150,183,occ_plus_mean,0.9088237262210548,-0.005638181589736169
7,150,183,oracle_tail,0.9088237262210548,-0.012097298771895582
7,150,183,complete_rollout,0.9088237262210548,0.005238773778945327
7,150,184,uniform,0.9088237262210548,0.08135528874102815
7,150,184,learned_occupancy,0.9088237262210548,0.10655734956064045
7,150,184,learned_mean,0.9088237262210548,0.08597836881602716
7,150,184,tis,0.9088237262210548,0.0381033120193377
7,150,184,tis_anchored,0.9088237262210548,0.07457288456383704
7,150,184,occ_plus_uniform,0.9088237262210548,0.11404869864483858
7,150,184,occ_plus_mean,0.9088237262210548,0.11192419650534946
7,150,184,oracle_tail,0.9088237262210548,0.008896349571796636
7,150,184,complete_rollout,0.9088237262210548,0.07034294044561196
7,150,185,uniform,0.9088237262210548,-0.0022577507925787277
7,150,185,learned_occupancy,0.9088237262210548,-3.564284384338645e-05
7,150,185,learned_mean,0.9088237262210548,0.005647257156126351
7,150,185,tis,0.9088237262210548,-0.02490963414736458
7,150,185,tis_anchored,0.9088237262210548,-0.024289184871537417
7,150,185,occ_plus_uniform,0.9088237262210548,-0.004448773570911446
7,150,185,occ_plus_mean,0.9088237262210548,0.008885240283855955
7,150,185,oracle_tail,0.9088237262210548,-0.0018917145954839842
7,150,185,complete_rollout,0.9088237262210548,-0.027313309554388043
7,150,186,uniform,0.9088237262210548,-0.013342160522890611
7,150,186,learned_occupancy,0.9088237262210548,0.000976880325872953
7,150,186,learned_mean,0.9088237262210548,0.005309758589593483
7,150,186,tis,0.9088237262210548,0.012175466482434283
7,150,186,tis_anchored,0.9088237262210548,0.022968256736712434
7,150,186,occ_plus_uniform,0.9088237262210548,0.023467565438106353
7,150,186,occ_plus_mean,0.9088237262210548,-0.003405129077594937
7,150,186,oracle_tail,0.9088237262210548,0.016332761502632298
7,150,186,complete_rollout,0.9088237262210548,0.08336377377894533
7,150,187,uniform,0.9088237262210548,0.00854472150053276
7,150,187,learned_occupancy,0.9088237262210548,-0.004279928321624937
7,150,187,learned_mean,0.9088237262210548,0.019823013101303744
7,150,187,tis,0.9088237262210548,0.04498206004155347
7,150,187,tis_anchored,0.9088237262210548,0.010953847025235275
7,150,187,occ_plus_uniform,0.9088237262210548,0.02750350393032519
7,150,187,occ_plus_mean,0.9088237262210548,0.008746786204134827
7,150,187,oracle_tail,0.9088237262210548,0.030992787010883593
7,150,187,complete_rollout,0.9088237262210548,-0.06507372622105478
7,150,188,uniform,0.9088237262210548,0.02909098619819106
7,150,188,learned_occupancy,0.9088237262210548,0.026091748941379223
7,150,188,learned_mean,0.9088237262210548,0.0015047220396799954
7,150,188,tis,0.9088237262210548,0.0040286311302413225
7,150,188,tis_anchored,0.9088237262210548,0.0026084920568961723
7,150,188,occ_plus_uniform,0.9088237262210548,0.044630918067930514
7,150,188,occ_plus_mean,0.9088237262210548,0.022715623208424796
7,150,188,oracle_tail,0.9088237262210548,0.009371693658247082
7,150,188,complete_rollout,0.9088237262210548,0.024770023778945327
7,150,189,uniform,0.9088237262210548,0.0069141195836670555
7,150,189,learned_occupancy,0.9088237262210548,-0.021076038218883042
7,150,189,learned_mean,0.9088237262210548,-0.051637469098837485
7,150,189,tis,0.9088237262210548,0.0057030323138584915
7,150,189,tis_anchored,0.9088237262210548,-0.011567805616804927
7,150,189,occ_plus_uniform,0.9088237262210548,-0.018706124984557926
7,150,189,occ_plus_mean,0.9088237262210548,-0.02641605157063709
7,150,189,oracle_tail,0.9088237262210548,-0.029401309862486458
7,150,189,complete_rollout,0.9088237262210548,0.011749190445611957
7,150,190,uniform,0.9088237262210548,0.0598193742710601
7,150,190,learned_occupancy,0.9088237262210548,0.04139280401593948
7,150,190,learned_mean,0.9088237262210548,0.04815981252941848
7,150,190,tis,0.9088237262210548,0.03340461873040701
7,150,190,tis_anchored,0.9088237262210548,0.012092608918761183
7,150,190,occ_plus_uniform,0.9088237262210548,0.053474386185636824
7,150,190,occ_plus_mean,0.9088237262210548,0.04051933973394428
7,150,190,oracle_tail,0.9088237262210548,0.023150961373364143
7,150,190,complete_rollout,0.9088237262210548,0.05081169044561196
7,150,191,uniform,0.9088237262210548,-0.051404681882168846
7,150,191,learned_occupancy,0.9088237262210548,-0.007974972638734035
7,150,191,learned_mean,0.9088237262210548,-0.01610569802733175
7,150,191,tis,0.9088237262210548,-0.039392208821588115
7,150,191,tis_anchored,0.9088237262210548,-0.015111411748529369
7,150,191,occ_plus_uniform,0.9088237262210548,-0.008592341808951187
7,150,191,occ_plus_mean,0.9088237262210548,-0.015888623510810662
7,150,191,oracle_tail,0.9088237262210548,-0.032640102900317935
7,150,191,complete_rollout,0.9088237262210548,-0.09762580955438804
7,150,192,uniform,0.9088237262210548,0.07708445947935472
7,150,192,learned_occupancy,0.9088237262210548,0.06672542974388629
7,150,192,learned_mean,0.9088237262210548,0.07523435756179919
7,150,192,tis,0.9088237262210548,0.06560814063676335
7,150,192,tis_anchored,0.9088237262210548,0.0789415979071314
7,150,192,occ_plus_uniform,0.9088237262210548,0.07612804271756723
7,150,192,occ_plus_mean,0.9088237262210548,0.05974485864863033
7,150,192,oracle_tail,0.9088237262210548,0.010400526576474722
7,150,192,complete_rollout,0.9088237262210548,-0.07158414288772141
7,150,193,uniform,0.9088237262210548,0.020560327229452224
7,150,193,learned_occupancy,0.9088237262210548,0.018461179634893354
7,150,193,learned_mean,0.9088237262210548,0.01004368129266986
7,150,193,tis,0.9088237262210548,-0.015542913750136167
7,150,193,tis_anchored,0.9088237262210548,-0.020579059194686833
7,150,193,occ_plus_uniform,0.9088237262210548,0.01914352981801204
7,150,193,occ_plus_mean,0.9088237262210548,0.010392637106149127
7,150,193,oracle_tail,0.9088237262210548,0.01708891590730721
7,150,193,complete_rollout,0.9088237262210548,-0.007782059554388043
7,150,194,uniform,0.9088237262210548,-0.007355783920112491
7,150,194,learned_occupancy,0.9088237262210548,-0.06586446081604869
7,150,194,learned_mean,0.9088237262210548,-0.05573867539991317
7,150,194,tis,0.9088237262210548,-0.014715521914558938
7,150,194,tis_anchored,0.9088237262210548,-0.034749026505218494
7,150,194,occ_plus_uniform,0.9088237262210548,-0.0355077355857345
7,150,194,occ_plus_mean,0.9088237262210548,-0.0670100248948502
7,150,194,oracle_tail,0.9088237262210548,-0.020480149003412773
7,150,194,complete_rollout,0.9088237262210548,-0.0012716428877214137
7,150,195,uniform,0.9088237262210548,-0.07994657463710708
7,150,195,learned_occupancy,0.9088237262210548,-0.08049943213059219
7,150,195,learned_mean,0.9088237262210548,-0.08314964878506381
7,150,195,tis,0.9088237262210548,-0.07437799597899564
7,150,195,tis_anchored,0.9088237262210548,-0.07127862711843103
7,150,195,occ_plus_uniform,0.9088237262210548,-0.0832851193766273
7,150,195,occ_plus_mean,0.9088237262210548,-0.08223295812647113
7,150,195,oracle_tail,0.9088237262210548,-0.06931254274604526
7,150,195,complete_rollout,0.9088237262210548,0.08987419044561196
7,150,196,uniform,0.9088237262210548,-0.015891928362691266
7,150,196,learned_occupancy,0.9088237262210548,-0.02116535536898434
7,150,196,learned_mean,0.9088237262210548,-0.001350755764849887
7,150,196,tis,0.9088237262210548,-0.014726441557142977
7,150,196,tis_anchored,0.9088237262210548,-0.010526343419699269
7,150,196,occ_plus_uniform,0.9088237262210548,-0.0029769878762597735
7,150,196,occ_plus_mean,0.9088237262210548,-0.020009082100107767
7,150,196,oracle_tail,0.9088237262210548,-0.016940844094422314
7,150,196,complete_rollout,0.9088237262210548,0.011749190445611957
7,150,197,uniform,0.9088237262210548,0.03032542228144075
7,150,197,learned_occupancy,0.9088237262210548,0.072171312797492
7,150,197,learned_mean,0.9088237262210548,0.05196900654810577
7,150,197,tis,0.9088237262210548,0.024288428750097624
7,150,197,tis_anchored,0.9088237262210548,0.0780948642250966
7,150,197,occ_plus_uniform,0.9088237262210548,0.08571374506888696
7,150,197,occ_plus_mean,0.9088237262210548,0.06902694504296192
7,150,197,oracle_tail,0.9088237262210548,0.0493898513903438
7,150,197,complete_rollout,0.9088237262210548,-0.012990392887721414
7,150,198,uniform,0.9088237262210548,0.048838954068362805
7,150,198,learned_occupancy,0.9088237262210548,0.03519167685681279
7,150,198,learned_mean,0.9088237262210548,0.030873184985129698
7,150,198,tis,0.9088237262210548,0.03358997220382354
7,150,198,tis_anchored,0.9088237262210548,0.04128350408521608
7,150,198,occ_plus_uniform,0.9088237262210548,0.006263094155113502
7,150,198,occ_plus_mean,0.9088237262210548,0.040845989849446984
7,150,198,oracle_tail,0.9088237262210548,0.02797905062892625
7,150,198,complete_rollout,0.9088237262210548,0.04430127377894533
7,150,199,uniform,0.9088237262210548,-0.01916082820308529
7,150,199,learned_occupancy,0.9088237262210548,-0.0648661615463173
7,150,199,learned_mean,0.9088237262210548,-0.07241660324745969
7,150,199,tis,0.9088237262210548,-0.05263209780874789
7,150,199,tis_anchored,0.9088237262210548,-0.061346689298427015
7,150,199,occ_plus_uniform,0.9088237262210548,-0.06540245742523854
7,150,199,occ_plus_mean,0.9088237262210548,-0.05192193468393569
7,150,199,oracle_tail,0.9088237262210548,-0.052644847256161365
7,150,199,complete_rollout,0.9088237262210548,0.018259607112278586
7,150,200,uniform,0.9088237262210548,-0.07014198309639519
7,150,200,learned_occupancy,0.9088237262210548,-0.07646932245990867
7,150,200,learned_mean,0.9088237262210548,-0.07889132686148548
7,150,200,tis,0.9088237262210548,-0.07554263032845843
7,150,200,tis_anchored,0.9088237262210548,-0.07408063067322168
7,150,200,occ_plus_uniform,0.9088237262210548,-0.07154003797051145
7,150,200,occ_plus_mean,0.9088237262210548,-0.08038011541463463
7,150,200,oracle_tail,0.9088237262210548,-0.06477098411241022
7,150,200,complete_rollout,0.9088237262210548,-0.11064664288772141
7,150,201,uniform,0.9088237262210548,0.010376613725027184
7,150,201,learned_occupancy,0.9088237262210548,-0.011075478816450435
7,150,201,learned_mean,0.9088237262210548,-0.006964223310751194
7,150,201,tis,0.9088237262210548,0.0003049265376936505
7,150,201,tis_anchored,0.9088237262210548,-0.023913700287532924
7,150,201,occ_plus_uniform,0.9088237262210548,-0.00777347181683774
7,150,201,occ_plus_mean,0.9088237262210548,0.012385920473968248
7,150,201,oracle_tail,0.9088237262210548,0.0044821309657596675
7,150,201,complete_rollout,0.9088237262210548,-0.020802892887721414
7,150,202,uniform,0.9088237262210548,0.04815973901528081
7,150,202,learned_occupancy,0.9088237262210548,0.06632891901736482
7,150,202,learned_mean,0.9088237262210548,0.04351750277708788
7,150,202,tis,0.9088237262210548,0.06198877618362575
7,150,202,tis_anchored,0.9088237262210548,0.03978819156873992
7,150,202,occ_plus_uniform,0.9088237262210548,0.1105267301175541
7,150,202,occ_plus_mean,0.9088237262210548,0.054825984969750885
7,150,202,oracle_tail,0.9088237262210548,0.039218672084384565
7,150,202,complete_rollout,0.9088237262210548,0.011749190445611957
7,150,203,uniform,0.9088237262210548,-0.05533461944410212
7,150,203,learned_occupancy,0.9088237262210548,-0.0399883040054162
7,150,203,learned_mean,0.9088237262210548,-0.05345050991802036
7,150,203,tis,0.9088237262210548,-0.02487804758143597
7,150,203,tis_anchored,0.9088237262210548,-0.022633956630929264
7,150,203,occ_plus_uniform,0.9088237262210548,-0.031147766228188267
7,150,203,occ_plus_mean,0.9088237262210548,-0.04444180057143421
7,150,203,oracle_tail,0.9088237262210548,-0.010188012205641916
7,150,203,complete_rollout,0.9088237262210548,0.011749190445611957
7,150,204,uniform,0.9088237262210548,-0.02695636733941098
7,150,204,learned_occupancy,0.9088237262210548,-0.055118262058870715
7,150,204,learned_mean,0.9088237262210548,-0.018916078393216185
7,150,204,tis,0.9088237262210548,0.003156605372557575
7,150,204,tis_anchored,0.9088237262210548,-0.022484627063236173
7,150,204,occ_plus_uniform,0.9088237262210548,-0.02076550197615723
7,150,204,occ_plus_mean,0.9088237262210548,-0.04362971960279671
7,150,204,oracle_tail,0.9088237262210548,-0.0050856724265117
7,150,204,complete_rollout,0.9088237262210548,0.005238773778945327
7,150,205,uniform,0.9088237262210548,-0.012948268795230367
7,150,205,learned_occupancy,0.9088237262210548,-0.0003085288709568923
7,150,205,learned_mean,0.9088237262210548,-0.017877848195109736
7,150,205,tis,0.9088237262210548,-0.04868306927183863
7,150,205,tis_anchored,0.9088237262210548,-0.03956082874684341
7,150,205,occ_plus_uniform,0.9088237262210548,-0.01733734770207329
7,150,205,occ_plus_mean,0.9088237262210548,-0.009738028671020582
7,150,205,oracle_tail,0.9088237262210548,-0.011021259614477752
7,150,205,complete_rollout,0.9088237262210548,0.06383252377894533
7,150,206,uniform,0.9088237262210548,0.09996637486018667
7,150,206,learned_occupancy,0.9088237262210548,0.07674646068010538
7,150,206,learned_mean,0.9088237262210548,0.0907109588585252
7,150,206,tis,0.9088237262210548,0.07489171684899198
7,150,206,tis_anchored,0.9088237262210548,0.061118527466869854
7,150,206,occ_plus_uniform,0.9088237262210548,0.08534249222693302
7,150,206,occ_plus_mean,0.9088237262210548,0.087976161952528
7,150,206,oracle_tail,0.9088237262210548,0.10059744267119286
7,150,206,complete_rollout,0.9088237262210548,-0.10413622622105478
7,150,207,uniform,0.9088237262210548,-0.01750864751365211
7,150,207,learned_occupancy,0.9088237262210548,0.0049261235823522265
7,150,207,learned_mean,0.9088237262210548,-0.011406675324185156
7,150,207,tis,0.9088237262210548,-0.013799000305783071
7,150,207,tis_anchored,0.9088237262210548,0.006395868929748194
7,150,207,occ_plus_uniform,0.9088237262210548,-0.015298210162902892
7,150,207,occ_plus_mean,0.9088237262210548,0.008618095731457442
7,150,207,oracle_tail,0.9088237262210548,-0.022363799388488537
7,150,207,complete_rollout,0.9088237262210548,0.08987419044561196
7,150,208,uniform,0.9088237262210548,-0.023556171178384377
7,150,208,learned_occupancy,0.9088237262210548,-0.04889609504758097
7,150,208,learned_mean,0.9088237262210548,-0.02100118432590259
7,150,208,tis,0.9088237262210548,-0.057748228420728576
7,150,208,tis_anchored,0.9088237262210548,-0.04027344848434877
7,150,208,occ_plus_uniform,0.9088237262210548,-0.032749872352801024
7,150,208,occ_plus_mean,0.9088237262210548,-0.019680632729418557
7,150,208,oracle_tail,0.9088237262210548,-0.02879739854076868
7,150,208,complete_rollout,0.9088237262210548,0.10940544044561196
7,150,209,uniform,0.9088237262210548,0.0509224210888608
7,150,209,learned_occupancy,0.9088237262210548,0.01755179288134634
7,150,209,learned_mean,0.9088237262210548,0.03493554331132065
7,150,209,tis,0.9088237262210548,0.025716461385187017
7,150,209,tis_anchored,0.9088237262210548,0.01308241689238987
7,150,209,occ_plus_uniform,0.9088237262210548,0.05536119574023812
7,150,209,occ_plus_mean,0.9088237262210548,0.028645554434749143
7,150,209,oracle_tail,0.9088237262210548,0.0235943307450327
7,150,209,complete_rollout,0.9088237262210548,-0.032521642887721414
7,150,210,uniform,0.9088237262210548,0.03549558410974374
7,150,210,learned_occupancy,0.9088237262210548,0.0340874718590779
7,150,210,learned_mean,0.9088237262210548,0.04632558398412012
7,150,210,tis,0.9088237262210548,0.06861083844973348
7,150,210,tis_anchored,0.9088237262210548,0.054435077650922814
7,150,210,occ_plus_uniform,0.9088237262210548,0.03626428687709904
7,150,210,occ_plus_mean,0.9088237262210548,0.034938025423269625
7,150,210,oracle_tail,0.9088237262210548,0.042003774087390644
7,150,210,complete_rollout,0.9088237262210548,0.057322107112278586
7,150,211,uniform,0.9088237262210548,0.10691163654191183
7,150,211,learned_occupancy,0.9088237262210548,0.057264308176925516
7,150,211,learned_mean,0.9088237262210548,0.07247681094568081
7,150,211,tis,0.9088237262210548,0.09669850294886295
7,150,211,tis_anchored,0.9088237262210548,0.06707929582619854
7,150,211,occ_plus_uniform,0.9088237262210548,0.08128083942590503
7,150,211,occ_plus_mean,0.9088237262210548,0.06882865386779236
7,150,211,oracle_tail,0.9088237262210548,0.039791746107677106
7,150,211,complete_rollout,0.9088237262210548,-0.0403341428877213
7,150,212,uniform,0.9088237262210548,-0.05488184295531895
7,150,212,learned_occupancy,0.9088237262210548,-0.028115623003963863
7,150,212,learned_mean,0.9088237262210548,-0.06468050258055258
7,150,212,tis,0.9088237262210548,-0.06834584920707987
7,150,212,tis_anchored,0.9088237262210548,-0.047950662144576994
7,150,212,occ_plus_uniform,0.9088237262210548,-0.025341599571263473
7,150,212,occ_plus_mean,0.9088237262210548,-0.05071142032596043
7,150,212,oracle_tail,0.9088237262210548,-0.05202559829311426
7,150,212,complete_rollout,0.9088237262210548,-0.027313309554388043
7,150,213,uniform,0.9088237262210548,0.029669584795183446
7,150,213,learned_occupancy,0.9088237262210548,0.03802383251978947
7,150,213,learned_mean,0.9088237262210548,0.02747243945410638
7,150,213,tis,0.9088237262210548,0.0063076875807501764
7,150,213,tis_anchored,0.9088237262210548,0.045063838521746
7,150,213,occ_plus_uniform,0.9088237262210548,0.05015166387634529
7,150,213,occ_plus_mean,0.9088237262210548,0.03941468333402831
7,150,213,oracle_tail,0.9088237262210548,-0.0047792526234903265
7,150,213,complete_rollout,0.9088237262210548,0.024770023778945327
7,150,214,uniform,0.9088237262210548,-0.05444670863728995
7,150,214,learned_occupancy,0.9088237262210548,-0.06053196064937083
7,150,214,learned_mean,0.9088237262210548,-0.06248819016116314
7,150,214,tis,0.9088237262210548,-0.046811454241106665
7,150,214,tis_anchored,0.9088237262210548,-0.04984597861979845
7,150,214,occ_plus_uniform,0.9088237262210548,-0.0369301044967012
7,150,214,occ_plus_mean,0.9088237262210548,-0.06027724902846188
7,150,214,oracle_tail,0.9088237262210548,-0.043439354385582996
7,150,214,complete_rollout,0.9088237262210548,-0.05335497622105467
7,150,215,uniform,0.9088237262210548,0.03219679989916924
7,150,215,learned_occupancy,0.9088237262210548,0.013602284556022304
7,150,215,learned_mean,0.9088237262210548,0.014843438426582756
7,150,215,tis,0.9088237262210548,0.0577815799850786
7,150,215,tis_anchored,0.9088237262210548,0.032329201163496246
7,150,215,occ_plus_uniform,0.9088237262210548,0.026099367358542458
7,150,215,occ_plus_mean,0.9088237262210548,0.020067958978193023
7,150,215,oracle_tail,0.9088237262210548,0.036563671954115695
7,150,215,complete_rollout,0.9088237262210548,0.03128044044561196
7,150,216,uniform,0.9088237262210548,0.02138808929740499
7,150,216,learned_occupancy,0.9088237262210548,0.03322946099214674
7,150,216,learned_mean,0.9088237262210548,0.014443134702548877
7,150,216,tis,0.9088237262210548,0.025482667325916197
7,150,216,tis_anchored,0.9088237262210548,0.022694992854140228
7,150,216,occ_plus_uniform,0.9088237262210548,0.03187415826944251
7,150,216,occ_plus_mean,0.9088237262210548,0.017400629984133942
7,150,216,oracle_tail,0.9088237262210548,-0.00022485536759897506
7,150,216,complete_rollout,0.9088237262210548,-0.06507372622105478
7,150,217,uniform,0.9088237262210548,-0.016407394478901827
7,150,217,learned_occupancy,0.9088237262210548,-0.03458403015445288
7,150,217,learned_mean,0.9088237262210548,-0.026938104624176784
7,150,217,tis,0.9088237262210548,-0.01933265645836557
7,150,217,tis_anchored,0.9088237262210548,-0.005102617824608191
7,150,217,occ_plus_uniform,0.9088237262210548,-0.029300928279812455
7,150,217,occ_plus_mean,0.9088237262210548,-0.05396357945123054
7,150,217,oracle_tail,0.9088237262210548,0.03279977711263726
7,150,217,complete_rollout,0.9088237262210548,-0.014292476221054673
7,150,218,uniform,0.9088237262210548,-0.06045712813456028
7,150,218,learned_occupancy,0.9088237262210548,-0.037178417173029166
7,150,218,learned_mean,0.9088237262210548,-0.05845993987822373
7,150,218,tis,0.9088237262210548,-0.06462077912200292
7,150,218,tis_anchored,0.9088237262210548,-0.06999564007773351
7,150,218,occ_plus_uniform,0.9088237262210548,-0.0601271080895186
7,150,218,occ_plus_mean,0.9088237262210548,-0.05642816570196363
7,150,218,oracle_tail,0.9088237262210548,-0.0072318839142246905
7,150,218,complete_rollout,0.9088237262210548,0.005238773778945327
7,150,219,uniform,0.9088237262210548,-0.017769792811594964
7,150,219,learned_occupancy,0.9088237262210548,0.029112392111681484
7,150,219,learned_mean,0.9088237262210548,0.02082375168633921
7,150,219,tis,0.9088237262210548,-0.02278651567917034
7,150,219,tis_anchored,0.9088237262210548,-0.010946810044728306
7,150,219,occ_plus_uniform,0.9088237262210548,0.014147295864637144
7,150,219,occ_plus_mean,0.9088237262210548,0.03532952886765184
7,150,219,oracle_tail,0.9088237262210548,-0.024667323953453835
7,150,219,complete_rollout,0.9088237262210548,0.0963846071122787
7,150,220,uniform,0.9088237262210548,0.027194036021373602
7,150,220,learned_occupancy,0.9088237262210548,-0.0043120444389033175
7,150,220,learned_mean,0.9088237262210548,0.01694523273136528
7,150,220,tis,0.9088237262210548,0.04315687206642638
7,150,220,tis_anchored,0.9088237262210548,0.0015812353510143984
7,150,220,occ_plus_uniform,0.9088237262210548,0.02580899211843335
7,150,220,occ_plus_mean,0.9088237262210548,0.004988087787811901
7,150,220,oracle_tail,0.9088237262210548,0.022567381956337895
7,150,220,complete_rollout,0.9088237262210548,-0.027313309554388043
7,150,221,uniform,0.9088237262210548,0.015158413841998453
7,150,221,learned_occupancy,0.9088237262210548,0.019764017294017888
7,150,221,learned_mean,0.9088237262210548,0.036859904002524146
7,150,221,tis,0.9088237262210548,0.01426040902550696
7,150,221,tis_anchored,0.9088237262210548,0.011820434331042962
7,150,221,occ_plus_uniform,0.9088237262210548,-0.018426625090699256
7,150,221,occ_plus_mean,0.9088237262210548,0.01991318695579214
7,150,221,oracle_tail,0.9088237262210548,0.011584195628399963
7,150,221,complete_rollout,0.9088237262210548,-0.020802892887721414
7,150,222,uniform,0.9088237262210548,0.0036540243133531547
7,150,222,learned_occupancy,0.9088237262210548,0.0023348750404668106
7,150,222,learned_mean,0.9088237262210548,-0.007266031455128719
7,150,222,tis,0.9088237262210548,-0.03516154909528113
7,150,222,tis_anchored,0.9088237262210548,-0.015204416746482319
7,150,222,occ_plus_uniform,0.9088237262210548,0.0008854080823510468
7,150,222,occ_plus_mean,0.9088237262210548,0.008359916908554754
7,150,222,oracle_tail,0.9088237262210548,-0.02260703667590791
7,150,222,complete_rollout,0.9088237262210548,0.10940544044561196
7,150,223,uniform,0.9088237262210548,-0.06471600079484596
7,150,223,learned_occupancy,0.9088237262210548,-0.017129233933344423
7,150,223,learned_mean,0.9088237262210548,-0.026847253368897595
7,150,223,tis,0.9088237262210548,-0.03033632263450814
7,150,223,tis_anchored,0.9088237262210548,-0.03396681595507489
7,150,223,occ_plus_uniform,0.9088237262210548,-0.02672460086296269
7,150,223,occ_plus_mean,0.9088237262210548,-0.029119174116890023
7,150,223,oracle_tail,0.9088237262210548,-0.038401793181618626
7,150,223,complete_rollout,0.9088237262210548,-0.06507372622105478
7,150,224,uniform,0.9088237262210548,0.028764282758478754
7,150,224,learned_occupancy,0.9088237262210548,0.0055584491611073705
7,150,224,learned_mean,0.9088237262210548,0.01832352985635821
7,150,224,tis,0.9088237262210548,0.02688945822242339
7,150,224,tis_anchored,0.9088237262210548,0.02054630553714487
7,150,224,occ_plus_uniform,0.9088237262210548,0.04309694519047169
7,150,224,occ_plus_mean,0.9088237262210548,0.006316227354592363
7,150,224,oracle_tail,0.9088237262210548,0.03409796639101559
7,150,224,complete_rollout,0.9088237262210548,-0.020802892887721414
7,150,225,uniform,0.9088237262210548,-0.005824856113205712
7,150,225,learned_occupancy,0.9088237262210548,-0.05143773756908476
7,150,225,learned_mean,0.9088237262210548,-0.03042994767108087
7,150,225,tis,0.9088237262210548,-0.040203007745625685
7,150,225,tis_anchored,0.9088237262210548,-0.05653987466010091
7,150,225,occ_plus_uniform,0.9088237262210548,-0.024075806252238707
7,150,225,occ_plus_mean,0.9088237262210548,-0.043254238890278573
7,150,225,oracle_tail,0.9088237262210548,-0.001437639391636547
7,150,225,complete_rollout,0.9088237262210548,0.005238773778945327
7,150,226,uniform,0.9088237262210548,0.003540490290661502
7,150,226,learned_occupancy,0.9088237262210548,0.04272841875497757
7,150,226,learned_mean,0.9088237262210548,0.05097768689879123
7,150,226,tis,0.9088237262210548,0.04747833236992194
7,150,226,tis_anchored,0.9088237262210548,-0.002813881735000856
7,150,226,occ_plus_uniform,0.9088237262210548,0.02390445466927915
7,150,226,occ_plus_mean,0.9088237262210548,0.04975223076048507
7,150,226,oracle_tail,0.9088237262210548,0.019349033902679835
7,150,226,complete_rollout,0.9088237262210548,0.005238773778945327
7,150,227,uniform,0.9088237262210548,0.05656526909781956
7,150,227,learned_occupancy,0.9088237262210548,0.04364645549346069
7,150,227,learned_mean,0.9088237262210548,0.06688911610278536
7,150,227,tis,0.9088237262210548,0.022940070951328773
7,150,227,tis_anchored,0.9088237262210548,0.04464076554531238
7,150,227,occ_plus_uniform,0.9088237262210548,0.05187844034320166
7,150,227,occ_plus_mean,0.9088237262210548,0.05315227711059556
7,150,227,oracle_tail,0.9088237262210548,0.030293707118248192
7,150,227,complete_rollout,0.9088237262210548,0.011749190445611957
7,150,228,uniform,0.9088237262210548,-0.016024785380938655
7,150,228,learned_occupancy,0.9088237262210548,-0.03693840259152348
7,150,228,learned_mean,0.9088237262210548,-0.026501990343083648
7,150,228,tis,0.9088237262210548,-0.005066267541314229
7,150,228,tis_anchored,0.9088237262210548,-0.007331285959495948
7,150,228,occ_plus_uniform,0.9088237262210548,-0.025833397843916583
7,150,228,occ_plus_mean,0.9088237262210548,-0.029942918244058703
7,150,228,oracle_tail,0.9088237262210548,0.0038155375500469324
7,150,228,complete_rollout,0.9088237262210548,-0.10413622622105478
7,150,229,uniform,0.9088237262210548,-0.01449032804399042
7,150,229,learned_occupancy,0.9088237262210548,0.02067111858822923
7,150,229,learned_mean,0.9088237262210548,-0.008472811260699209
7,150,229,tis,0.9088237262210548,-0.04277463414075089
7,150,229,tis_anchored,0.9088237262210548,-0.007174617863348165
7,150,229,occ_plus_uniform,0.9088237262210548,0.022549128680888986
7,150,229,occ_plus_mean,0.9088237262210548,0.01005723991380647
7,150,229,oracle_tail,0.9088237262210548,-0.015431236420561989
7,150,229,complete_rollout,0.9088237262210548,0.07685335711227859
7,150,230,uniform,0.9088237262210548,-0.035689607290635195
7,150,230,learned_occupancy,0.9088237262210548,-0.05503830804169563
7,150,230,learned_mean,0.9088237262210548,-0.06257139364467812
7,150,230,tis,0.9088237262210548,0.0005831352459174655
7,150,230,tis_anchored,0.9088237262210548,-0.03084990533359311
7,150,230,occ_plus_uniform,0.9088237262210548,-0.06587557864123628
7,150,230,occ_plus_mean,0.9088237262210548,-0.048323043072417415
7,150,230,oracle_tail,0.9088237262210548,-0.0074093814205729025
7,150,230,complete_rollout,0.9088237262210548,-0.05335497622105467
7,150,231,uniform,0.9088237262210548,-0.055657192181403636
7,150,231,learned_occupancy,0.9088237262210548,-0.042446152904370704
7,150,231,learned_mean,0.9088237262210548,-0.03375685911611126
7,150,231,tis,0.9088237262210548,-0.04182242026510674
7,150,231,tis_anchored,0.9088237262210548,-0.049576340619709724
7,150,231,occ_plus_uniform,0.9088237262210548,-0.05289674488574325
7,150,231,occ_plus_mean,0.9088237262210548,-0.0341623172649026
7,150,231,oracle_tail,0.9088237262210548,-0.010399049510154246
7,150,231,complete_rollout,0.9088237262210548,-0.11064664288772141
7,150,232,uniform,0.9088237262210548,-0.03553223115322057
7,150,232,learned_occupancy,0.9088237262210548,-0.010973498356866562
7,150,232,learned_mean,0.9088237262210548,-0.01251854142993214
7,150,232,tis,0.9088237262210548,-0.018455336947077794
7,150,232,tis_anchored,0.9088237262210548,0.004286671841758349
7,150,232,occ_plus_uniform,0.9088237262210548,-0.016691828202605508
7,150,232,occ_plus_mean,0.9088237262210548,0.004446953357036931
7,150,232,oracle_tail,0.9088237262210548,0.013493790890889423
7,150,232,complete_rollout,0.9088237262210548,0.024770023778945327
7,150,233,uniform,0.9088237262210548,0.01877289564572071
7,150,233,learned_occupancy,0.9088237262210548,0.012260386547323532
7,150,233,learned_mean,0.9088237262210548,0.016984982612541666
7,150,233,tis,0.9088237262210548,0.03890781318220349
7,150,233,tis_anchored,0.9088237262210548,0.011515630924414877
7,150,233,occ_plus_uniform,0.9088237262210548,0.0015607119878841003
7,150,233,occ_plus_mean,0.9088237262210548,0.017805692133031292
7,150,233,oracle_tail,0.9088237262210548,-0.012320574508626225
7,150,233,complete_rollout,0.9088237262210548,-0.0403341428877213
7,150,234,uniform,0.9088237262210548,-0.03666433621520948
7,150,234,learned_occupancy,0.9088237262210548,-0.04459302487386996
7,150,234,learned_mean,0.9088237262210548,-0.020026673742660872
7,150,234,tis,0.9088237262210548,-0.018753921746447855
7,150,234,tis_anchored,0.9088237262210548,-0.0026314475965411033
7,150,234,occ_plus_uniform,0.9088237262210548,-0.03290841067641892
7,150,234,occ_plus_mean,0.9088237262210548,-0.03380227216622933
7,150,234,oracle_tail,0.9088237262210548,-0.04476840257695014
7,150,234,complete_rollout,0.9088237262210548,-0.05856330955438804
7,150,235,uniform,0.9088237262210548,-0.06665015042899247
7,150,235,learned_occupancy,0.9088237262210548,-0.06076922319291467
7,150,235,learned_mean,0.9088237262210548,-0.056359983476217845
7,150,235,tis,0.9088237262210548,-0.06540188154630466
7,150,235,tis_anchored,0.9088237262210548,-0.05590518562796032
7,150,235,occ_plus_uniform,0.9088237262210548,-0.06136070235077207
7,150,235,occ_plus_mean,0.9088237262210548,-0.06037744032646364
7,150,235,oracle_tail,0.9088237262210548,-0.058885302763461045
7,150,235,complete_rollout,0.9088237262210548,0.12893669044561196
7,150,236,uniform,0.9088237262210548,0.023459796053325155
7,150,236,learned_occupancy,0.9088237262210548,0.012542629917816295
7,150,236,learned_mean,0.9088237262210548,0.016992812495680187
7,150,236,tis,0.9088237262210548,0.027541726213855755
7,150,236,tis_anchored,0.9088237262210548,0.010924825801595928
7,150,236,occ_plus_uniform,0.9088237262210548,-0.008674462166712416
7,150,236,occ_plus_mean,0.9088237262210548,0.015769079585863488
7,150,236,oracle_tail,0.9088237262210548,0.009390562220867094
7,150,236,complete_rollout,0.9088237262210548,0.018259607112278586
7,150,237,uniform,0.9088237262210548,0.07220987939399448
7,150,237,learned_occupancy,0.9088237262210548,0.09772131599480693
7,150,237,learned_mean,0.9088237262210548,0.08940508233244793
7,150,237,tis,0.9088237262210548,0.0869775374106222
7,150,237,tis_anchored,0.9088237262210548,0.07686454944977206
7,150,237,occ_plus_uniform,0.9088237262210548,0.07596851357417544
7,150,237,occ_plus_mean,0.9088237262210548,0.08577871505536694
7,150,237,oracle_tail,0.9088237262210548,0.07165429082922237
7,150,237,complete_rollout,0.9088237262210548,0.03128044044561196
7,150,238,uniform,0.9088237262210548,-0.011658822491976584
7,150,238,learned_occupancy,0.9088237262210548,0.006197509765390463
7,150,238,learned_mean,0.9088237262210548,-0.006862877024281899
7,150,238,tis,0.9088237262210548,-0.008331011483126538
7,150,238,tis_anchored,0.9088237262210548,-0.004274157320966032
7,150,238,occ_plus_uniform,0.9088237262210548,-0.0038691275236896194
7,150,238,occ_plus_mean,0.9088237262210548,-0.00986051676491917
7,150,238,oracle_tail,0.9088237262210548,0.00186414189197881
7,150,238,complete_rollout,0.9088237262210548,0.011749190445611957
7,150,239,uniform,0.9088237262210548,0.018603481550352408
7,150,239,learned_occupancy,0.9088237262210548,-0.018568256081509693
7,150,239,learned_mean,0.9088237262210548,-0.007237283704891073
7,150,239,tis,0.9088237262210548,-0.03129304589861481
7,150,239,tis_anchored,0.9088237262210548,0.015258642837540304
7,150,239,occ_plus_uniform,0.9088237262210548,-0.039033747496875604
7,150,239,occ_plus_mean,0.9088237262210548,-0.031094795462900504
7,150,239,oracle_tail,0.9088237262210548,0.005524695656693335
7,150,239,complete_rollout,0.9088237262210548,-0.05335497622105467
7,150,240,uniform,0.9088237262210548,-0.042761633114490105
7,150,240,learned_occupancy,0.9088237262210548,-0.03580623315713971
7,150,240,learned_mean,0.9088237262210548,-0.025824318178989003
7,150,240,tis,0.9088237262210548,-0.047996720062693066
7,150,240,tis_anchored,0.9088237262210548,-0.04286008431634403
7,150,240,occ_plus_uniform,0.9088237262210548,-0.0781820259696645
7,150,240,occ_plus_mean,0.9088237262210548,-0.04607483353643804
7,150,240,oracle_tail,0.9088237262210548,-0.03567599329388915
7,150,240,complete_rollout,0.9088237262210548,-0.0403341428877213
7,150,241,uniform,0.9088237262210548,0.012815553776121758
7,150,241,learned_occupancy,0.9088237262210548,0.07637632507514247
7,150,241,learned_mean,0.9088237262210548,0.03593680285459844
7,150,241,tis,0.9088237262210548,0.03373334389556526
7,150,241,tis_anchored,0.9088237262210548,0.02134212406504754
7,150,241,occ_plus_uniform,0.9088237262210548,0.024572432199482463
7,150,241,occ_plus_mean,0.9088237262210548,0.06417687798386484
7,150,241,oracle_tail,0.9088237262210548,0.010097393008122846
7,150,241,complete_rollout,0.9088237262210548,0.057322107112278586
7,150,242,uniform,0.9088237262210548,-0.05857972046959192
7,150,242,learned_occupancy,0.9088237262210548,-0.06186057934281641
7,150,242,learned_mean,0.9088237262210548,-0.06594698781160657
7,150,242,tis,0.9088237262210548,-0.056847750949255205
7,150,242,tis_anchored,0.9088237262210548,-0.06120769489637823
7,150,242,occ_plus_uniform,0.9088237262210548,-0.06708295931362818
7,150,242,occ_plus_mean,0.9088237262210548,-0.06670328321276608
7,150,242,oracle_tail,0.9088237262210548,-0.05824334121781538
7,150,242,complete_rollout,0.9088237262210548,0.1159158571122787
7,150,243,uniform,0.9088237262210548,0.050441607000941024
7,150,243,learned_occupancy,0.9088237262210548,0.08178605738788047
7,150,243,learned_mean,0.9088237262210548,0.06237177661184368
7,150,243,tis,0.9088237262210548,0.05743005030145465
7,150,243,tis_anchored,0.9088237262210548,0.08100982336098062
7,150,243,occ_plus_uniform,0.9088237262210548,0.09089471216301659
7,150,243,occ_plus_mean,0.9088237262210548,0.06004424848220202
7,150,243,oracle_tail,0.9088237262210548,0.026964549930683646
7,150,243,complete_rollout,0.9088237262210548,0.018259607112278586
7,150,244,uniform,0.9088237262210548,0.07509696267442278
7,150,244,learned_occupancy,0.9088237262210548,0.030690100493545813
7,150,244,learned_mean,0.9088237262210548,0.030260198178522102
7,150,244,tis,0.9088237262210548,0.08035303603451471
7,150,244,tis_anchored,0.9088237262210548,0.046241854865331056
7,150,244,occ_plus_uniform,0.9088237262210548,0.048598293230872947
7,150,244,occ_plus_mean,0.9088237262210548,0.024395060596401064
7,150,244,oracle_tail,0.9088237262210548,0.04634091232230175
7,150,244,complete_rollout,0.9088237262210548,-0.06507372622105478
7,150,245,uniform,0.9088237262210548,-0.04498428766321183
7,150,245,learned_occupancy,0.9088237262210548,-0.01209204434756872
7,150,245,learned_mean,0.9088237262210548,-0.019589358366089993
7,150,245,tis,0.9088237262210548,0.005722128874002141
7,150,245,tis_anchored,0.9088237262210548,-0.021614028276797814
7,150,245,occ_plus_uniform,0.9088237262210548,-0.026167276678928486
7,150,245,occ_plus_mean,0.9088237262210548,-0.01080855689434046
7,150,245,oracle_tail,0.9088237262210548,0.017431867557431424
7,150,245,complete_rollout,0.9088237262210548,-0.007782059554388043
7,150,246,uniform,0.9088237262210548,0.018560742431595445
7,150,246,learned_occupancy,0.9088237262210548,-0.014456527117593154
7,150,246,learned_mean,0.9088237262210548,-0.050652664892378185
7,150,246,tis,0.9088237262210548,-0.0017997052384727263
7,150,246,tis_anchored,0.9088237262210548,-0.0065383304316444235
7,150,246,occ_plus_uniform,0.9088237262210548,0.005335443274886331
7,150,246,occ_plus_mean,0.9088237262210548,-0.028595930144536985
7,150,246,oracle_tail,0.9088237262210548,0.01145813065461354
7,150,246,complete_rollout,0.9088237262210548,-0.032521642887721414
7,150,247,uniform,0.9088237262210548,0.020378666365879927
7,150,247,learned_occupancy,0.9088237262210548,0.06448998974740128
7,150,247,learned_mean,0.9088237262210548,0.07885914039856168
7,150,247,tis,0.9088237262210548,0.03659048548369259
7,150,247,tis_anchored,0.9088237262210548,0.06200853439499909
7,150,247,occ_plus_uniform,0.9088237262210548,0.06189555978302419
7,150,247,occ_plus_mean,0.9088237262210548,0.07355149972207808
7,150,247,oracle_tail,0.9088237262210548,0.057919894438733244
7,150,247,complete_rollout,0.9088237262210548,0.07685335711227859
7,150,248,uniform,0.9088237262210548,-0.01868374748229107
7,150,248,learned_occupancy,0.9088237262210548,0.0031038896429241847
7,150,248,learned_mean,0.9088237262210548,0.02575381566525725
7,150,248,tis,0.9088237262210548,0.01434768237963191
7,150,248,tis_anchored,0.9088237262210548,0.020447871314324906
7,150,248,occ_plus_uniform,0.9088237262210548,-0.002970997820568533
7,150,248,occ_plus_mean,0.9088237262210548,0.011475902029504992
7,150,248,oracle_tail,0.9088237262210548,-0.012521630423330099
7,150,248,complete_rollout,0.9088237262210548,-0.012990392887721414
7,150,249,uniform,0.9088237262210548,-0.043186081894535655
7,150,249,learned_occupancy,0.9088237262210548,-0.000828880552193878
7,150,249,learned_mean,0.9088237262210548,-0.0030551497277562234
7,150,249,tis,0.9088237262210548,0.020748931287554506
7,150,249,tis_anchored,0.9088237262210548,0.015471059198582049
7,150,249,occ_plus_uniform,0.9088237262210548,-0.02078350036187082
7,150,249,occ_plus_mean,0.9088237262210548,0.019560345578326088
7,150,249,oracle_tail,0.9088237262210548,0.017303620725491964
7,150,249,complete_rollout,0.9088237262210548,-0.027313309554388043
7,150,250,uniform,0.9088237262210548,-0.05141269491328093
7,150,250,learned_occupancy,0.9088237262210548,-0.0711683200981722
7,150,250,learned_mean,0.9088237262210548,-0.06481396723091737
7,150,250,tis,0.9088237262210548,-0.06249810491198471
7,150,250,tis_anchored,0.9088237262210548,-0.06560331803756492
7,150,250,occ_plus_uniform,0.9088237262210548,-0.06829656706856257
7,150,250,occ_plus_mean,0.9088237262210548,-0.06820790322267012
7,150,250,oracle_tail,0.9088237262210548,-0.0628417018010835
7,150,250,complete_rollout,0.9088237262210548,-0.05856330955438804
7,150,251,uniform,0.9088237262210548,-0.0028968884772433423
7,150,251,learned_occupancy,0.9088237262210548,0.048819319460733035
7,150,251,learned_mean,0.9088237262210548,0.0032743443049705334
7,150,251,tis,0.9088237262210548,0.008358891339142582
7,150,251,tis_anchored,0.9088237262210548,-0.00944606830716288
7,150,251,occ_plus_uniform,0.9088237262210548,0.02118919636040484
7,150,251,occ_plus_mean,0.9088237262210548,0.016611226645613875
7,150,251,oracle_tail,0.9088237262210548,-0.006125086592937978
7,150,251,complete_rollout,0.9088237262210548,0.018259607112278586
7,150,252,uniform,0.9088237262210548,-0.07547437849062877
7,150,252,learned_occupancy,0.9088237262210548,-0.06507623842570864
7,150,252,learned_mean,0.9088237262210548,-0.06659323014534402
7,150,252,tis,0.9088237262210548,-0.055829334455577806
7,150,252,tis_anchored,0.9088237262210548,-0.06677828499311089
7,150,252,occ_plus_uniform,0.9088237262210548,-0.06492472644053171
7,150,252,occ_plus_mean,0.9088237262210548,-0.0646983386601403
7,150,252,oracle_tail,0.9088237262210548,-0.05840032209916357
7,150,252,complete_rollout,0.9088237262210548,-0.07158414288772141
7,150,253,uniform,0.9088237262210548,4.8431199189069574e-05
7,150,253,learned_occupancy,0.9088237262210548,-0.019381554682607605
7,150,253,learned_mean,0.9088237262210548,-0.0033461817243508607
7,150,253,tis,0.9088237262210548,-0.015615082078663245
7,150,253,tis_anchored,0.9088237262210548,0.006835246506163295
7,150,253,occ_plus_uniform,0.9088237262210548,0.008253322905665383
7,150,253,occ_plus_mean,0.9088237262210548,-0.007191352004663143
7,150,253,oracle_tail,0.9088237262210548,-0.001797935448061394
7,150,253,complete_rollout,0.9088237262210548,-0.027313309554388043
7,150,254,uniform,0.9088237262210548,-0.012533976310692307
7,150,254,learned_occupancy,0.9088237262210548,-0.015120140382042013
7,150,254,learned_mean,0.9088237262210548,-0.003814471042586809
7,150,254,tis,0.9088237262210548,0.004162469821428649
7,150,254,tis_anchored,0.9088237262210548,-0.0260721755292731
7,150,254,occ_plus_uniform,0.9088237262210548,-0.030898416287035713
7,150,254,occ_plus_mean,0.9088237262210548,-0.019493674469600375
7,150,254,oracle_tail,0.9088237262210548,0.00268754647187186
7,150,254,complete_rollout,0.9088237262210548,-0.0793966428877213
7,150,255,uniform,0.9088237262210548,-0.008795812232953337
7,150,255,learned_occupancy,0.9088237262210548,-0.004440451312280436
7,150,255,learned_mean,0.9088237262210548,-0.03441731895511446
7,150,255,tis,0.9088237262210548,-0.04497156822276671
7,150,255,tis_anchored,0.9088237262210548,-0.024663521501510077
7,150,255,occ_plus_uniform,0.9088237262210548,-0.011030798653769103
7,150,255,occ_plus_mean,0.9088237262210548,-0.0360080387501347
7,150,255,oracle_tail,0.9088237262210548,-0.07105088327478604
7,150,255,complete_rollout,0.9088237262210548,3.0440445611845668e-05
7,150,256,uniform,0.9088237262210548,-0.06688683588818245
7,150,256,learned_occupancy,0.9088237262210548,-0.07944195090607331
7,150,256,learned_mean,0.9088237262210548,-0.07722596710730378
7,150,256,tis,0.9088237262210548,-0.08342018995452216
7,150,256,tis_anchored,0.9088237262210548,-0.06617416276727339
7,150,256,occ_plus_uniform,0.9088237262210548,-0.07018751174423143
7,150,256,occ_plus_mean,0.9088237262210548,-0.0792655986603773
7,150,256,oracle_tail,0.9088237262210548,-0.0687655506682181
7,150,256,complete_rollout,0.9088237262210548,0.011749190445611957
7,150,257,uniform,0.9088237262210548,-0.07226883481431445
7,150,257,learned_occupancy,0.9088237262210548,-0.06663489719285143
7,150,257,learned_mean,0.9088237262210548,-0.05406091128217383
7,150,257,tis,0.9088237262210548,-0.03884557911715225
7,150,257,tis_anchored,0.9088237262210548,-0.060469197219268356
7,150,257,occ_plus_uniform,0.9088237262210548,-0.07735574362994024
7,150,257,occ_plus_mean,0.9088237262210548,-0.06920600727132376
7,150,257,oracle_tail,0.9088237262210548,-0.04112206911631011
7,150,257,complete_rollout,0.9088237262210548,0.057322107112278586
7,150,258,uniform,0.9088237262210548,0.026118791386812834
7,150,258,learned_occupancy,0.9088237262210548,0.04914543221915835
7,150,258,learned_mean,0.9088237262210548,0.03857230346408336
7,150,258,tis,0.9088237262210548,0.015551492798607569
7,150,258,tis_anchored,0.9088237262210548,0.004745404179813728
7,150,258,occ_plus_uniform,0.9088237262210548,0.05395315094308206
7,150,258,occ_plus_mean,0.9088237262210548,0.02677966305209567
7,150,258,oracle_tail,0.9088237262210548,0.009047823576595615
7,150,258,complete_rollout,0.9088237262210548,-0.08460497622105478
7,150,259,uniform,0.9088237262210548,0.0475249906080385
7,150,259,learned_occupancy,0.9088237262210548,0.010931296839628457
7,150,259,learned_mean,0.9088237262210548,0.012947163187435495
7,150,259,tis,0.9088237262210548,0.019050435884417127
7,150,259,tis_anchored,0.9088237262210548,0.01128894800412561
7,150,259,occ_plus_uniform,0.9088237262210548,-0.013439300336372972
7,150,259,occ_plus_mean,0.9088237262210548,0.02063908399709613
7,150,259,oracle_tail,0.9088237262210548,0.053749801794448326
7,150,259,complete_rollout,0.9088237262210548,0.10289502377894522
7,150,260,uniform,0.9088237262210548,0.025508622597864572
7,150,260,learned_occupancy,0.9088237262210548,0.040768998631367626
7,150,260,learned_mean,0.9088237262210548,0.040079740213155746
7,150,260,tis,0.9088237262210548,0.0034912653349084
7,150,260,tis_anchored,0.9088237262210548,0.021986998108548095
7,150,260,occ_plus_uniform,0.9088237262210548,0.01839680740673122
7,150,260,occ_plus_mean,0.9088237262210548,0.01846262141327515
7,150,260,oracle_tail,0.9088237262210548,-0.012934557181935369
7,150,260,complete_rollout,0.9088237262210548,0.024770023778945327
7,150,261,uniform,0.9088237262210548,-0.04148142266220056
7,150,261,learned_occupancy,0.9088237262210548,-0.07772856226510316
7,150,261,learned_mean,0.9088237262210548,-0.04906183742623904
7,150,261,tis,0.9088237262210548,-0.05569051968078842
7,150,261,tis_anchored,0.9088237262210548,-0.03389301515965226
7,150,261,occ_plus_uniform,0.9088237262210548,-0.07498466184759056
7,150,261,occ_plus_mean,0.9088237262210548,-0.06895662202154507
7,150,261,oracle_tail,0.9088237262210548,-0.028795723007882246
7,150,261,complete_rollout,0.9088237262210548,0.07034294044561196
7,150,262,uniform,0.9088237262210548,0.009437076721030446
7,150,262,learned_occupancy,0.9088237262210548,-0.0033141700162699905
7,150,262,learned_mean,0.9088237262210548,9.967675696020972e-05
7,150,262,tis,0.9088237262210548,-0.042122404307456396
7,150,262,tis_anchored,0.9088237262210548,-0.006137909339117953
7,150,262,occ_plus_uniform,0.9088237262210548,0.011872206503575344
7,150,262,occ_plus_mean,0.9088237262210548,0.00816347403385087
7,150,262,oracle_tail,0.9088237262210548,-0.020696787540902983
7,150,262,complete_rollout,0.9088237262210548,0.10940544044561196
7,150,263,uniform,0.9088237262210548,0.0058110190137398154
7,150,263,learned_occupancy,0.9088237262210548,0.06603250018737072
7,150,263,learned_mean,0.9088237262210548,0.026688634816437684
7,150,263,tis,0.9088237262210548,-0.01930412663087433
7,150,263,tis_anchored,0.9088237262210548,0.030588418933944928
7,150,263,occ_plus_uniform,0.9088237262210548,0.0461807746221794
7,150,263,occ_plus_mean,0.9088237262210548,0.040398492242932016
7,150,263,oracle_tail,0.9088237262210548,-0.014518289732325163
7,150,263,complete_rollout,0.9088237262210548,0.12893669044561196
7,150,264,uniform,0.9088237262210548,0.03622744203451245
7,150,264,learned_occupancy,0.9088237262210548,0.024710395989146594
7,150,264,learned_mean,0.9088237262210548,0.0015290032161404676
7,150,264,tis,0.9088237262210548,0.017759922646040538
7,150,264,tis_anchored,0.9088237262210548,0.0321530459841457
7,150,264,occ_plus_uniform,0.9088237262210548,0.01778600413905984
7,150,264,occ_plus_mean,0.9088237262210548,0.013947834735839604
7,150,264,oracle_tail,0.9088237262210548,-0.020611685604144503
7,150,264,complete_rollout,0.9088237262210548,0.1159158571122787
7,150,265,uniform,0.9088237262210548,0.0367398975994665
7,150,265,learned_occupancy,0.9088237262210548,-0.007866144258555141
7,150,265,learned_mean,0.9088237262210548,-0.0033350958656226393
7,150,265,tis,0.9088237262210548,0.03691318942446975
7,150,265,tis_anchored,0.9088237262210548,0.036366005336871066
7,150,265,occ_plus_uniform,0.9088237262210548,-0.001262824446336297
7,150,265,occ_plus_mean,0.9088237262210548,-0.006768574198634636
7,150,265,oracle_tail,0.9088237262210548,0.05787247589176758
7,150,265,complete_rollout,0.9088237262210548,-0.0403341428877213
7,150,266,uniform,0.9088237262210548,0.04422056414966624
7,150,266,learned_occupancy,0.9088237262210548,-0.0010216148911027512
7,150,266,learned_mean,0.9088237262210548,0.00430201008510378
7,150,266,tis,0.9088237262210548,-0.014704403784084774
7,150,266,tis_anchored,0.9088237262210548,-0.012366988353619712
7,150,266,occ_plus_uniform,0.9088237262210548,-0.01950631574545958
7,150,266,occ_plus_mean,0.9088237262210548,0.014287511645437845
7,150,266,oracle_tail,0.9088237262210548,-0.012064602686281622
7,150,266,complete_rollout,0.9088237262210548,0.037790857112278586
7,150,267,uniform,0.9088237262210548,0.011868688594075971
7,150,267,learned_occupancy,0.9088237262210548,0.027091403045461093
7,150,267,learned_mean,0.9088237262210548,0.04218078767382216
7,150,267,tis,0.9088237262210548,0.028409211098123444
7,150,267,tis_anchored,0.9088237262210548,0.02675759058553817
7,150,267,occ_plus_uniform,0.9088237262210548,0.05475827896656982
7,150,267,occ_plus_mean,0.9088237262210548,0.033056833079947556
7,150,267,oracle_tail,0.9088237262210548,0.019932245013845495
7,150,267,complete_rollout,0.9088237262210548,-0.08460497622105478
7,150,268,uniform,0.9088237262210548,0.0028450243268718367
7,150,268,learned_occupancy,0.9088237262210548,-0.022668427417188552
7,150,268,learned_mean,0.9088237262210548,-0.025109579570351537
7,150,268,tis,0.9088237262210548,0.002343327253398031
7,150,268,tis_anchored,0.9088237262210548,0.016744880358155134
7,150,268,occ_plus_uniform,0.9088237262210548,-0.02215999970257687
7,150,268,occ_plus_mean,0.9088237262210548,-0.015311697579774686
7,150,268,oracle_tail,0.9088237262210548,0.007531696713604319
7,150,268,complete_rollout,0.9088237262210548,0.0963846071122787
7,150,269,uniform,0.9088237262210548,-0.03221427850835046
7,150,269,learned_occupancy,0.9088237262210548,-0.04513633559162411
7,150,269,learned_mean,0.9088237262210548,-0.0328763011788612
7,150,269,tis,0.9088237262210548,-0.02380016295230103
7,150,269,tis_anchored,0.9088237262210548,-0.018583710211854787
7,150,269,occ_plus_uniform,0.9088237262210548,-0.04881687199738016
7,150,269,occ_plus_mean,0.9088237262210548,-0.021456236676462348
7,150,269,oracle_tail,0.9088237262210548,-0.02832562518036208
7,150,269,complete_rollout,0.9088237262210548,-0.11715705955438804
7,150,270,uniform,0.9088237262210548,-0.0596591263333095
7,150,270,learned_occupancy,0.9088237262210548,-0.01837665409807654
7,150,270,learned_mean,0.9088237262210548,0.006473993006766765
7,150,270,tis,0.9088237262210548,-0.06364258965006853
7,150,270,tis_anchored,0.9088237262210548,-0.05439331658604041
7,150,270,occ_plus_uniform,0.9088237262210548,-0.04873432733782668
7,150,270,occ_plus_mean,0.9088237262210548,-0.007556092582010399
7,150,270,oracle_tail,0.9088237262210548,-0.03624394124973607
7,150,270,complete_rollout,0.9088237262210548,0.037790857112278586
7,150,271,uniform,0.9088237262210548,0.03875736122378404
7,150,271,learned_occupancy,0.9088237262210548,0.03915034350262547
7,150,271,learned_mean,0.9088237262210548,0.0499214716169355
7,150,271,tis,0.9088237262210548,0.058473049405539324
7,150,271,tis_anchored,0.9088237262210548,0.07289588194336905
7,150,271,occ_plus_uniform,0.9088237262210548,0.05000934429729198
7,150,271,occ_plus_mean,0.9088237262210548,0.03619370885090367
7,150,271,oracle_tail,0.9088237262210548,0.06468218081929678
7,150,271,complete_rollout,0.9088237262210548,-0.020802892887721414
7,150,272,uniform,0.9088237262210548,0.01928138978342686
7,150,272,learned_occupancy,0.9088237262210548,-0.0002752286969274209
7,150,272,learned_mean,0.9088237262210548,0.002884328716785123
7,150,272,tis,0.9088237262210548,0.02196379050166497
7,150,272,tis_anchored,0.9088237262210548,0.020947010551440326
7,150,272,occ_plus_uniform,0.9088237262210548,-0.001459138550859107
7,150,272,occ_plus_mean,0.9088237262210548,0.000977533263564756
7,150,272,oracle_tail,0.9088237262210548,0.005956724397199742
7,150,272,complete_rollout,0.9088237262210548,0.10940544044561196
7,150,273,uniform,0.9088237262210548,-0.032010925467723106
7,150,273,learned_occupancy,0.9088237262210548,0.00351393494476393
7,150,273,learned_mean,0.9088237262210548,-0.008771637568662505
7,150,273,tis,0.9088237262210548,-0.007809127651317027
7,150,273,tis_anchored,0.9088237262210548,-0.02503505799843242
7,150,273,occ_plus_uniform,0.9088237262210548,0.001184420329929825
7,150,273,occ_plus_mean,0.9088237262210548,0.001879598947459149
7,150,273,oracle_tail,0.9088237262210548,0.026110459936905528
7,150,273,complete_rollout,0.9088237262210548,0.04430127377894533
7,150,274,uniform,0.9088237262210548,-0.005830251331816139
7,150,274,learned_occupancy,0.9088237262210548,-0.010406227827405079
7,150,274,learned_mean,0.9088237262210548,-0.0002148578771987708
7,150,274,tis,0.9088237262210548,-0.015223194818999142
7,150,274,tis_anchored,0.9088237262210548,-0.017497572166947473
7,150,274,occ_plus_uniform,0.9088237262210548,-0.01425037136075924
7,150,274,occ_plus_mean,0.9088237262210548,-0.006380163379907211
7,150,274,oracle_tail,0.9088237262210548,0.011066806570642851
7,150,274,complete_rollout,0.9088237262210548,-0.03903205955438804
7,150,275,uniform,0.9088237262210548,0.02183099193186233
7,150,275,learned_occupancy,0.9088237262210548,0.019329715783041213
7,150,275,learned_mean,0.9088237262210548,0.037076131388473876
7,150,275,tis,0.9088237262210548,0.005615972419288795
7,150,275,tis_anchored,0.9088237262210548,0.019014959029802436
7,150,275,occ_plus_uniform,0.9088237262210548,0.030406766903282256
7,150,275,occ_plus_mean,0.9088237262210548,0.027243208124975826
7,150,275,oracle_tail,0.9088237262210548,0.008300596971284824
7,150,275,complete_rollout,0.9088237262210548,0.03128044044561196
7,150,276,uniform,0.9088237262210548,0.05125637542329187
7,150,276,learned_occupancy,0.9088237262210548,0.05844449122358841
7,150,276,learned_mean,0.9088237262210548,0.05041016483761862
7,150,276,tis,0.9088237262210548,0.02881372552280037
7,150,276,tis_anchored,0.9088237262210548,0.025020268607294227
7,150,276,occ_plus_uniform,0.9088237262210548,0.025013596616152434
7,150,276,occ_plus_mean,0.9088237262210548,0.06623355135379594
7,150,276,oracle_tail,0.9088237262210548,0.018674320083450158
7,150,276,complete_rollout,0.9088237262210548,0.06383252377894533
7,150,277,uniform,0.9088237262210548,0.04545347747406092
7,150,277,learned_occupancy,0.9088237262210548,0.04728731265672792
7,150,277,learned_mean,0.9088237262210548,0.027325307036672686
7,150,277,tis,0.9088237262210548,0.0524314354245059
7,150,277,tis_anchored,0.9088237262210548,0.06204891862439388
7,150,277,occ_plus_uniform,0.9088237262210548,0.009390190239618956
7,150,277,occ_plus_mean,0.9088237262210548,0.0337798204737485
7,150,277,oracle_tail,0.9088237262210548,0.03863157924217797
7,150,277,complete_rollout,0.9088237262210548,-0.04684455955438804
7,150,278,uniform,0.9088237262210548,-0.05805510265957248
7,150,278,learned_occupancy,0.9088237262210548,-0.06272290276595749
7,150,278,learned_mean,0.9088237262210548,-0.0488204713884548
7,150,278,tis,0.9088237262210548,-0.07029823400666024
7,150,278,tis_anchored,0.9088237262210548,-0.06596169030332844
7,150,278,occ_plus_uniform,0.9088237262210548,-0.03835550194852533
7,150,278,occ_plus_mean,0.9088237262210548,-0.047585350421404216
7,150,278,oracle_tail,0.9088237262210548,-0.05734359332762673
7,150,278,complete_rollout,0.9088237262210548,-0.026011226221054784
7,150,279,uniform,0.9088237262210548,-0.033754450836213756
7,150,279,learned_occupancy,0.9088237262210548,-0.02451163173086368
7,150,279,learned_mean,0.9088237262210548,-0.04818739660345517
7,150,279,tis,0.9088237262210548,-0.015291238674881025
7,150,279,tis_anchored,0.9088237262210548,-0.03256264032703893
7,150,279,occ_plus_uniform,0.9088237262210548,-0.02541827288893217
7,150,279,occ_plus_mean,0.9088237262210548,-0.04705593566155619
7,150,279,oracle_tail,0.9088237262210548,-0.010906081702733217
7,150,279,complete_rollout,0.9088237262210548,0.005238773778945327
7,150,280,uniform,0.9088237262210548,0.023131134322630365
7,150,280,learned_occupancy,0.9088237262210548,-0.004920219971622286
7,150,280,learned_mean,0.9088237262210548,-0.008407231700026663
7,150,280,tis,0.9088237262210548,0.0028980939162465136
7,150,280,tis_anchored,0.9088237262210548,-0.01910394347675981
7,150,280,occ_plus_uniform,0.9088237262210548,0.0025143800489404455
7,150,280,occ_plus_mean,0.9088237262210548,-0.014982983218470025
7,150,280,oracle_tail,0.9088237262210548,-0.021883269135237304
7,150,280,complete_rollout,0.9088237262210548,-0.07158414288772141
7,150,281,uniform,0.9088237262210548,-0.028876943928056842
7,150,281,learned_occupancy,0.9088237262210548,-0.027956191320929857
7,150,281,learned_mean,0.9088237262210548,-0.017922424609436605
7,150,281,tis,0.9088237262210548,-0.028091038835993176
7,150,281,tis_anchored,0.9088237262210548,-0.04340649141215058
7,150,281,occ_plus_uniform,0.9088237262210548,0.010915835998360435
7,150,281,occ_plus_mean,0.9088237262210548,-0.01850641503343997
7,150,281,oracle_tail,0.9088237262210548,-0.02989548206830195
7,150,281,complete_rollout,0.9088237262210548,0.018259607112278586
7,150,282,uniform,0.9088237262210548,0.019578340940221595
7,150,282,learned_occupancy,0.9088237262210548,-0.005130714847882412
7,150,282,learned_mean,0.9088237262210548,-0.0017255770334150267
7,150,282,tis,0.9088237262210548,0.009505624392581513
7,150,282,tis_anchored,0.9088237262210548,0.004923000955687762
7,150,282,occ_plus_uniform,0.9088237262210548,0.01274694601770121
7,150,282,occ_plus_mean,0.9088237262210548,-0.00461351912951613
7,150,282,oracle_tail,0.9088237262210548,0.0038376615966498884
7,150,282,complete_rollout,0.9088237262210548,0.0963846071122787
7,150,283,uniform,0.9088237262210548,0.049820157439742885
7,150,283,learned_occupancy,0.9088237262210548,0.05866856935343556
7,150,283,learned_mean,0.9088237262210548,0.04985523602164721
7,150,283,tis,0.9088237262210548,0.022422772275002112
7,150,283,tis_anchored,0.9088237262210548,0.04730932562173795
7,150,283,occ_plus_uniform,0.9088237262210548,0.05673976873555309
7,150,283,occ_plus_mean,0.9088237262210548,0.06564520227567938
7,150,283,oracle_tail,0.9088237262210548,0.01992596542312297
7,150,283,complete_rollout,0.9088237262210548,0.011749190445611957
7,150,284,uniform,0.9088237262210548,0.05188075037409556
7,150,284,learned_occupancy,0.9088237262210548,0.014058746202581962
7,150,284,learned_mean,0.9088237262210548,0.004033152138122831
7,150,284,tis,0.9088237262210548,0.03653892468171094
7,150,284,tis_anchored,0.9088237262210548,-0.0042453882414710264
7,150,284,occ_plus_uniform,0.9088237262210548,0.026192111503145377
7,150,284,occ_plus_mean,0.9088237262210548,0.009668234795698338
7,150,284,oracle_tail,0.9088237262210548,0.07195331275333294
7,150,284,complete_rollout,0.9088237262210548,-0.007782059554388043
7,150,285,uniform,0.9088237262210548,0.010562464407680938
7,150,285,learned_occupancy,0.9088237262210548,-0.006786495382945068
7,150,285,learned_mean,0.9088237262210548,-0.027690223811004167
7,150,285,tis,0.9088237262210548,-0.03627846320687611
7,150,285,tis_anchored,0.9088237262210548,-0.009919233244981895
7,150,285,occ_plus_uniform,0.9088237262210548,-0.0018213820077190856
7,150,285,occ_plus_mean,0.9088237262210548,-0.028865888887482205
7,150,285,oracle_tail,0.9088237262210548,-0.008784554300705238
7,150,285,complete_rollout,0.9088237262210548,-0.0598653928877213
7,150,286,uniform,0.9088237262210548,-0.05654626200378188
7,150,286,learned_occupancy,0.9088237262210548,-0.07646902783319254
7,150,286,learned_mean,0.9088237262210548,-0.06339703411275233
7,150,286,tis,0.9088237262210548,-0.06023591914312787
7,150,286,tis_anchored,0.9088237262210548,-0.06512928263659534
7,150,286,occ_plus_uniform,0.9088237262210548,-0.0754109797670447
7,150,286,occ_plus_mean,0.9088237262210548,-0.0758949737963951
7,150,286,oracle_tail,0.9088237262210548,-0.059416992762068466
7,150,286,complete_rollout,0.9088237262210548,-0.020802892887721414
7,150,287,uniform,0.9088237262210548,-0.04644897475256582
7,150,287,learned_occupancy,0.9088237262210548,-0.06931447289980486
7,150,287,learned_mean,0.9088237262210548,-0.043622891572822065
7,150,287,tis,0.9088237262210548,-0.015064042110146114
7,150,287,tis_anchored,0.9088237262210548,-0.028509105252255695
7,150,287,occ_plus_uniform,0.9088237262210548,-0.04450957929135391
7,150,287,occ_plus_mean,0.9088237262210548,-0.06045462235851018
7,150,287,oracle_tail,0.9088237262210548,-0.016374362926921737
7,150,287,complete_rollout,0.9088237262210548,0.057322107112278586
7,150,288,uniform,0.9088237262210548,-0.05964535854322606
7,150,288,learned_occupancy,0.9088237262210548,-0.05616717718205988
7,150,288,learned_mean,0.9088237262210548,-0.0700249096534894
7,150,288,tis,0.9088237262210548,-0.06259550231462008
7,150,288,tis_anchored,0.9088237262210548,-0.06568146045959766
7,150,288,occ_plus_uniform,0.9088237262210548,-0.06246059237583357
7,150,288,occ_plus_mean,0.9088237262210548,-0.06804403092707456
7,150,288,oracle_tail,0.9088237262210548,-0.057452171643141425
7,150,288,complete_rollout,0.9088237262210548,-0.012990392887721414
7,150,289,uniform,0.9088237262210548,-0.055222793971835604
7,150,289,learned_occupancy,0.9088237262210548,-0.05121683741245664
7,150,289,learned_mean,0.9088237262210548,-0.02013462229694518
7,150,289,tis,0.9088237262210548,-0.009847356011813857
7,150,289,tis_anchored,0.9088237262210548,-0.029326060828840483
7,150,289,occ_plus_uniform,0.9088237262210548,-0.06570673787915915
7,150,289,occ_plus_mean,0.9088237262210548,-0.05344273812049338
7,150,289,oracle_tail,0.9088237262210548,0.0005572457652188723
7,150,289,complete_rollout,0.9088237262210548,0.07685335711227859
7,150,290,uniform,0.9088237262210548,0.0009628750573439371
7,150,290,learned_occupancy,0.9088237262210548,0.02600634354867537
7,150,290,learned_mean,0.9088237262210548,-0.010540327104708425
7,150,290,tis,0.9088237262210548,0.01351128302908522
7,150,290,tis_anchored,0.9088237262210548,0.015380511039756128
7,150,290,occ_plus_uniform,0.9088237262210548,0.018583001013117606
7,150,290,occ_plus_mean,0.9088237262210548,-0.0090039472010639
7,150,290,oracle_tail,0.9088237262210548,0.02093924242494083
7,150,290,complete_rollout,0.9088237262210548,-0.0012716428877214137
7,150,291,uniform,0.9088237262210548,0.01870733297010896
7,150,291,learned_occupancy,0.9088237262210548,-0.013534110883677841
7,150,291,learned_mean,0.9088237262210548,0.0173628996051024
7,150,291,tis,0.9088237262210548,0.013482316467734567
7,150,291,tis_anchored,0.9088237262210548,0.01813777321907628
7,150,291,occ_plus_uniform,0.9088237262210548,0.017769008636028705
7,150,291,occ_plus_mean,0.9088237262210548,0.02481846968719892
7,150,291,oracle_tail,0.9088237262210548,0.02709521373912782
7,150,291,complete_rollout,0.9088237262210548,-0.0012716428877214137
7,150,292,uniform,0.9088237262210548,-0.034657040500445935
7,150,292,learned_occupancy,0.9088237262210548,-0.03402439181010919
7,150,292,learned_mean,0.9088237262210548,-0.036226320338503926
7,150,292,tis,0.9088237262210548,-0.04087359480246333
7,150,292,tis_anchored,0.9088237262210548,-0.04680357369743904
7,150,292,occ_plus_uniform,0.9088237262210548,-0.014365864047406474
7,150,292,occ_plus_mean,0.9088237262210548,-0.04399018824906897
7,150,292,oracle_tail,0.9088237262210548,-0.003717013846250339
7,150,292,complete_rollout,0.9088237262210548,0.10289502377894522
7,150,293,uniform,0.9088237262210548,-0.07280048101580094
7,150,293,learned_occupancy,0.9088237262210548,-0.07754470019854043
7,150,293,learned_mean,0.9088237262210548,-0.06885187719402441
7,150,293,tis,0.9088237262210548,-0.0019884689825925284
7,150,293,tis_anchored,0.9088237262210548,-0.060031332842649276
7,150,293,occ_plus_uniform,0.9088237262210548,-0.08214297224269007
7,150,293,occ_plus_mean,0.9088237262210548,-0.07680630342512118
7,150,293,oracle_tail,0.9088237262210548,-0.0335369002989353
7,150,293,complete_rollout,0.9088237262210548,-0.027313309554388043
7,150,294,uniform,0.9088237262210548,0.041048544936264864
7,150,294,learned_occupancy,0.9088237262210548,0.08290647399316864
7,150,294,learned_mean,0.9088237262210548,0.09257671689445579
7,150,294,tis,0.9088237262210548,0.04807018499282045
7,150,294,tis_anchored,0.9088237262210548,0.06506963805417953
7,150,294,occ_plus_uniform,0.9088237262210548,0.05685773519059023
7,150,294,occ_plus_mean,0.9088237262210548,0.08537259013623844
7,150,294,oracle_tail,0.9088237262210548,0.036276606137936485
7,150,294,complete_rollout,0.9088237262210548,0.06383252377894533
7,150,295,uniform,0.9088237262210548,0.044381099088035225
7,150,295,learned_occupancy,0.9088237262210548,-0.043820363414186936
7,150,295,learned_mean,0.9088237262210548,-0.0034348174174789747
7,150,295,tis,0.9088237262210548,0.0072926854439779865
7,150,295,tis_anchored,0.9088237262210548,-0.006088705230276381
7,150,295,occ_plus_uniform,0.9088237262210548,-0.0012512469929936154
7,150,295,occ_plus_mean,0.9088237262210548,-0.040538596040003316
7,150,295,oracle_tail,0.9088237262210548,-0.011742543782264137
7,150,295,complete_rollout,0.9088237262210548,0.08336377377894533
7,150,296,uniform,0.9088237262210548,-0.03562356799682953
7,150,296,learned_occupancy,0.9088237262210548,-0.0525604398522348
7,150,296,learned_mean,0.9088237262210548,-0.0605441957240036
7,150,296,tis,0.9088237262210548,-0.054177380210574944
7,150,296,tis_anchored,0.9088237262210548,-0.03777470428199292
7,150,296,occ_plus_uniform,0.9088237262210548,-0.05803294061475217
7,150,296,occ_plus_mean,0.9088237262210548,-0.059387985307391866
7,150,296,oracle_tail,0.9088237262210548,-0.04738151229285226
7,150,296,complete_rollout,0.9088237262210548,-0.08460497622105478
7,150,297,uniform,0.9088237262210548,0.09149288678077205
7,150,297,learned_occupancy,0.9088237262210548,0.08683753149767182
7,150,297,learned_mean,0.9088237262210548,0.06946705728153779
7,150,297,tis,0.9088237262210548,0.022424488241270413
7,150,297,tis_anchored,0.9088237262210548,0.05714828521676096
7,150,297,occ_plus_uniform,0.9088237262210548,0.10550101060986172
7,150,297,occ_plus_mean,0.9088237262210548,0.09107663047005232
7,150,297,oracle_tail,0.9088237262210548,0.04343129344542551
7,150,297,complete_rollout,0.9088237262210548,0.024770023778945327
7,150,298,uniform,0.9088237262210548,0.03421109606125139
7,150,298,learned_occupancy,0.9088237262210548,0.003939829761264391
7,150,298,learned_mean,0.9088237262210548,-0.005404178393691228
7,150,298,tis,0.9088237262210548,-0.033375198423522434
7,150,298,tis_anchored,0.9088237262210548,-0.016516296757390747
7,150,298,occ_plus_uniform,0.9088237262210548,0.008221050478866565
7,150,298,occ_plus_mean,0.9088237262210548,0.011317782872579563
7,150,298,oracle_tail,0.9088237262210548,-0.036420508511162186
7,150,298,complete_rollout,0.9088237262210548,3.0440445611845668e-05
7,150,299,uniform,0.9088237262210548,-0.02695056759410641
7,150,299,learned_occupancy,0.9088237262210548,-0.05916199164009395
7,150,299,learned_mean,0.9088237262210548,-0.039717119384936383
7,150,299,tis,0.9088237262210548,-0.020929668206340013
7,150,299,tis_anchored,0.9088237262210548,-0.05038913232273268
7,150,299,occ_plus_uniform,0.9088237262210548,-0.04577619416039935
7,150,299,occ_plus_mean,0.9088237262210548,-0.04846415025607853
7,150,299,oracle_tail,0.9088237262210548,-0.027529010601935022
7,150,299,complete_rollout,0.9088237262210548,-0.10543830955438804
7,600,0,uniform,0.9088237262210548,-0.0002751454130074382
7,600,0,learned_occupancy,0.9088237262210548,-0.005254796626471547
7,600,0,learned_mean,0.9088237262210548,-0.014160599351865644
7,600,0,tis,0.9088237262210548,-0.004247628623097244
7,600,0,tis_anchored,0.9088237262210548,-0.00975385578806498
7,600,0,occ_plus_uniform,0.9088237262210548,0.0010887633512635109
7,600,0,occ_plus_mean,0.9088237262210548,-0.011504824842726746
7,600,0,oracle_tail,0.9088237262210548,-0.018152239533167802
7,600,0,complete_rollout,0.9088237262210548,-0.043783075814550765
7,600,1,uniform,0.9088237262210548,-0.021723148133891534
7,600,1,learned_occupancy,0.9088237262210548,-0.0071092919568515045
7,600,1,learned_mean,0.9088237262210548,-0.006191762548092283
7,600,1,tis,0.9088237262210548,-0.0034401720216103993
7,600,1,tis_anchored,0.9088237262210548,-0.003457169051898634
7,600,1,occ_plus_uniform,0.9088237262210548,-0.02889978512762037
7,600,1,occ_plus_mean,0.9088237262210548,-0.0018245094777843418
7,600,1,oracle_tail,0.9088237262210548,-0.0031724216992979892
7,600,1,complete_rollout,0.9088237262210548,0.02207058272203466
7,600,2,uniform,0.9088237262210548,-0.019100776928429708
7,600,2,learned_occupancy,0.9088237262210548,-0.0023405139635291894
7,600,2,learned_mean,0.9088237262210548,0.0016496240970288456
7,600,2,tis,0.9088237262210548,-0.004106328645746116
7,600,2,tis_anchored,0.9088237262210548,-0.016381989882380932
7,600,2,occ_plus_uniform,0.9088237262210548,0.009743111932877135
7,600,2,occ_plus_mean,0.9088237262210548,-7.908801863132364e-05
7,600,2,oracle_tail,0.9088237262210548,-0.013321561681385652
7,600,2,complete_rollout,0.9088237262210548,-0.03158795386333124
7,600,3,uniform,0.9088237262210548,-0.013689138890619179
7,600,3,learned_occupancy,0.9088237262210548,-0.02674353365333959
7,600,3,learned_mean,0.9088237262210548,-0.019283757706439864
7,600,3,tis,0.9088237262210548,0.0025049333883226943
7,600,3,tis_anchored,0.9088237262210548,-0.01705445648782955
7,600,3,occ_plus_uniform,0.9088237262210548,-0.025449934928819085
7,600,3,occ_plus_mean,0.9088237262210548,-0.02612261785829728
7,600,3,oracle_tail,0.9088237262210548,0.004885213627781715
7,600,3,complete_rollout,0.9088237262210548,0.07410310304723788
7,600,4,uniform,0.9088237262210548,-0.016933725041219927
7,600,4,learned_occupancy,0.9088237262210548,-0.020733246727969168
7,600,4,learned_mean,0.9088237262210548,-0.010012133953136049
7,600,4,tis,0.9088237262210548,-0.01101881986383546
7,600,4,tis_anchored,0.9088237262210548,-0.013955013150644957
7,600,4,occ_plus_uniform,0.9088237262210548,-0.024378091918657696
7,600,4,occ_plus_mean,0.9088237262210548,-0.020204036046997165
7,600,4,oracle_tail,0.9088237262210548,-0.0067462469466959
7,600,4,complete_rollout,0.9088237262210548,-0.0023196611804043865
7,600,5,uniform,0.9088237262210548,-0.03630107895520274
7,600,5,learned_occupancy,0.9088237262210548,-0.023004692668978755
7,600,5,learned_mean,0.9088237262210548,-0.02376931399725757
7,600,5,tis,0.9088237262210548,-0.025071348847063968
7,600,5,tis_anchored,0.9088237262210548,-0.011968730177139397
7,600,5,occ_plus_uniform,0.9088237262210548,-0.03406882845269743
7,600,5,occ_plus_mean,0.9088237262210548,-0.025488999136646373
7,600,5,oracle_tail,0.9088237262210548,-0.016236556621402
7,600,5,complete_rollout,0.9088237262210548,-0.09744161239991656
7,600,6,uniform,0.9088237262210548,0.04204986125732402
7,600,6,learned_occupancy,0.9088237262210548,0.03918885923603799
7,600,6,learned_mean,0.9088237262210548,0.03563052494435692
7,600,6,tis,0.9088237262210548,0.010989977726642675
7,600,6,tis_anchored,0.9088237262210548,0.03467768857467246
7,600,6,occ_plus_uniform,0.9088237262210548,0.03999834475290642
7,600,6,occ_plus_mean,0.9088237262210548,0.03866062322448871
7,600,6,oracle_tail,0.9088237262210548,0.013125159339092973
7,600,6,complete_rollout,0.9088237262210548,-0.016953807521867814
7,600,7,uniform,0.9088237262210548,0.004454063340701864
7,600,7,learned_occupancy,0.9088237262210548,0.015223169774828182
7,600,7,learned_mean,0.9088237262210548,0.01186228285211044
7,600,7,tis,0.9088237262210548,-0.0033380394379822764
7,600,7,tis_anchored,0.9088237262210548,0.013552490133874717
7,600,7,occ_plus_uniform,0.9088237262210548,-0.0037837045126982716
7,600,7,occ_plus_mean,0.9088237262210548,0.013490624862555145
7,600,7,oracle_tail,0.9088237262210548,-0.005292367606793413
7,600,7,complete_rollout,0.9088237262210548,-0.07386437662755885
7,600,8,uniform,0.9088237262210548,-0.030301989207416224
7,600,8,learned_occupancy,0.9088237262210548,-0.03819083891279562
7,600,8,learned_mean,0.9088237262210548,-0.03167443385984958
7,600,8,tis,0.9088237262210548,-0.02539212879119679
7,600,8,tis_anchored,0.9088237262210548,-0.019105922575743395
7,600,8,occ_plus_uniform,0.9088237262210548,-0.035784711205214315
7,600,8,occ_plus_mean,0.9088237262210548,-0.038764953881156416
7,600,8,oracle_tail,0.9088237262210548,-0.017877496571354623
7,600,8,complete_rollout,0.9088237262210548,0.023696598982197226
7,600,9,uniform,0.9088237262210548,-0.005633405810920755
7,600,9,learned_occupancy,0.9088237262210548,0.0020673443090273302
7,600,9,learned_mean,0.9088237262210548,0.0017062530728751968
7,600,9,tis,0.9088237262210548,-0.015029223291396554
7,600,9,tis_anchored,0.9088237262210548,-0.002412163162862302
7,600,9,occ_plus_uniform,0.9088237262210548,-0.0065784439379157345
7,600,9,occ_plus_mean,0.9088237262210548,0.0006303925657391574
7,600,9,oracle_tail,0.9088237262210548,-0.021316268404596328
7,600,9,complete_rollout,0.9088237262210548,0.0009323713399208566
7,600,10,uniform,0.9088237262210548,-0.03785549843098901
7,600,10,learned_occupancy,0.9088237262210548,-0.020522303366276362
7,600,10,learned_mean,0.9088237262210548,-0.03531798257091834
7,600,10,tis,0.9088237262210548,-0.03188899521408606
7,600,10,tis_anchored,0.9088237262210548,-0.03472493248102626
7,600,10,occ_plus_uniform,0.9088237262210548,-0.01752400842073898
7,600,10,occ_plus_mean,0.9088237262210548,-0.021260442450250272
7,600,10,oracle_tail,0.9088237262210548,-0.025289925775925925
7,600,10,complete_rollout,0.9088237262210548,-0.03646600264381905
7,600,11,uniform,0.9088237262210548,-0.009739657935969093
7,600,11,learned_occupancy,0.9088237262210548,0.0054645250401437195
7,600,11,learned_mean,0.9088237262210548,0.005457410965754805
7,600,11,tis,0.9088237262210548,-0.018455472300630826
7,600,11,tis_anchored,0.9088237262210548,-0.013054184291017012
7,600,11,occ_plus_uniform,0.9088237262210548,-0.0010728464835786378
7,600,11,occ_plus_mean,0.9088237262210548,0.00477203992051578
7,600,11,oracle_tail,0.9088237262210548,-0.01408059771671577
7,600,11,complete_rollout,0.9088237262210548,0.02694863150252247
7,600,12,uniform,0.9088237262210548,0.026949084627902242
7,600,12,learned_occupancy,0.9088237262210548,0.012619696689490922
7,600,12,learned_mean,0.9088237262210548,0.029946749412224416
7,600,12,tis,0.9088237262210548,0.009341801911601721
7,600,12,tis_anchored,0.9088237262210548,0.021931134182710088
7,600,12,occ_plus_uniform,0.9088237262210548,0.029457760251633713
7,600,12,occ_plus_mean,0.9088237262210548,0.016364281168303574
7,600,12,oracle_tail,0.9088237262210548,0.013481545547776586
7,600,12,complete_rollout,0.9088237262210548,-0.021831856302355623
7,600,13,uniform,0.9088237262210548,0.015863888264147086
7,600,13,learned_occupancy,0.9088237262210548,0.004803223504122323
7,600,13,learned_mean,0.9088237262210548,0.004126317930331247
7,600,13,tis,0.9088237262210548,0.026638072634821097
7,600,13,tis_anchored,0.9088237262210548,0.0026662878227209363
7,600,13,occ_plus_uniform,0.9088237262210548,-0.007989760070000629
7,600,13,occ_plus_mean,0.9088237262210548,-0.0009946197186381234
7,600,13,oracle_tail,0.9088237262210548,0.015292996398891257
7,600,13,complete_rollout,0.9088237262210548,-0.007197709960892196
7,600,14,uniform,0.9088237262210548,0.0040218713673125794
7,600,14,learned_occupancy,0.9088237262210548,0.013403195073084517
7,600,14,learned_mean,0.9088237262210548,0.018352010867187407
7,600,14,tis,0.9088237262210548,0.02347009179087889
7,600,14,tis_anchored,0.9088237262210548,0.013352888581666611
7,600,14,occ_plus_uniform,0.9088237262210548,0.014602254010265936
7,600,14,occ_plus_mean,0.9088237262210548,0.018679782790990362
7,600,14,oracle_tail,0.9088237262210548,0.007232141233334821
7,600,14,complete_rollout,0.9088237262210548,0.007436436380571232
7,600,15,uniform,0.9088237262210548,0.007727523636786526
7,600,15,learned_occupancy,0.9088237262210548,0.004574602784781501
7,600,15,learned_mean,0.9088237262210548,-0.0021865277572261643
7,600,15,tis,0.9088237262210548,-0.005339021760014218
7,600,15,tis_anchored,0.9088237262210548,0.001779347656984842
7,600,15,occ_plus_uniform,0.9088237262210548,0.0100970631435231
7,600,15,occ_plus_mean,0.9088237262210548,0.004622897753606026
7,600,15,oracle_tail,0.9088237262210548,0.0043730315723281565
7,600,15,complete_rollout,0.9088237262210548,-0.02345787256251819
7,600,16,uniform,0.9088237262210548,-0.02735663008038347
7,600,16,learned_occupancy,0.9088237262210548,-0.012664914426917973
7,600,16,learned_mean,0.9088237262210548,-0.0037601942819133205
7,600,16,tis,0.9088237262210548,-0.010354258187442178
7,600,16,tis_anchored,0.9088237262210548,0.002828824995654844
7,600,16,occ_plus_uniform,0.9088237262210548,-0.021041624201932452
7,600,16,occ_plus_mean,0.9088237262210548,-0.005277487674759773
7,600,16,oracle_tail,0.9088237262210548,0.0008835012365910888
7,600,16,complete_rollout,0.9088237262210548,-0.03971803516414418
7,600,17,uniform,0.9088237262210548,0.020688179953482377
7,600,17,learned_occupancy,0.9088237262210548,0.014373563099812303
7,600,17,learned_mean,0.9088237262210548,0.017819039704795592
7,600,17,tis,0.9088237262210548,0.015740085881444044
7,600,17,tis_anchored,0.9088237262210548,0.012514273542288956
7,600,17,occ_plus_uniform,0.9088237262210548,0.003786040663884993
7,600,17,occ_plus_mean,0.9088237262210548,0.01685573854087019
7,600,17,oracle_tail,0.9088237262210548,0.019668488266627593
7,600,17,complete_rollout,0.9088237262210548,0.04483481036431103
7,600,18,uniform,0.9088237262210548,-0.03422526135275805
7,600,18,learned_occupancy,0.9088237262210548,-0.04385984411958621
7,600,18,learned_mean,0.9088237262210548,-0.03308993570923646
7,600,18,tis,0.9088237262210548,-0.029745972333935833
7,600,18,tis_anchored,0.9088237262210548,-0.04119401650609966
7,600,18,occ_plus_uniform,0.9088237262210548,-0.027554147090915748
7,600,18,occ_plus_mean,0.9088237262210548,-0.037938529920759745
7,600,18,oracle_tail,0.9088237262210548,-0.02945395797467787
7,600,18,complete_rollout,0.9088237262210548,0.018818550201709416
7,600,19,uniform,0.9088237262210548,0.028005519995732753
7,600,19,learned_occupancy,0.9088237262210548,0.018327384775655098
7,600,19,learned_mean,0.9088237262210548,0.011011838750643377
7,600,19,tis,0.9088237262210548,0.01872194888972445
7,600,19,tis_anchored,0.9088237262210548,0.018247358758343046
7,600,19,occ_plus_uniform,0.9088237262210548,0.017852772995416655
7,600,19,occ_plus_mean,0.9088237262210548,0.01610018827085946
7,600,19,oracle_tail,0.9088237262210548,0.009500839036750142
7,600,19,complete_rollout,0.9088237262210548,-0.05597819776577018
7,600,20,uniform,0.9088237262210548,-0.04151609205635065
7,600,20,learned_occupancy,0.9088237262210548,-0.04591006393025432
7,600,20,learned_mean,0.9088237262210548,-0.044775254688445676
7,600,20,tis,0.9088237262210548,-0.02052979065272209
7,600,20,tis_anchored,0.9088237262210548,-0.03569440924627609
7,600,20,occ_plus_uniform,0.9088237262210548,-0.0394607777560283
7,600,20,occ_plus_mean,0.9088237262210548,-0.047624377132508666
7,600,20,oracle_tail,0.9088237262210548,-0.02211214458263211
7,600,20,complete_rollout,0.9088237262210548,0.01719253394154685
7,600,21,uniform,0.9088237262210548,-0.004662689610713255
7,600,21,learned_occupancy,0.9088237262210548,-0.0034145958324858228
7,600,21,learned_mean,0.9088237262210548,-0.015013000954349542
7,600,21,tis,0.9088237262210548,-0.013388906706347514
7,600,21,tis_anchored,0.9088237262210548,-0.019014510846456
7,600,21,occ_plus_uniform,0.9088237262210548,-0.009274452863873961
7,600,21,occ_plus_mean,0.9088237262210548,-0.013337205796064677
7,600,21,oracle_tail,0.9088237262210548,-0.012096943378058778
7,600,21,complete_rollout,0.9088237262210548,-0.01857982378203038
7,600,22,uniform,0.9088237262210548,0.011248969186902769
7,600,22,learned_occupancy,0.9088237262210548,0.025685659018077622
7,600,22,learned_mean,0.9088237262210548,0.019443004928939245
7,600,22,tis,0.9088237262210548,0.0011214609503958917
7,600,22,tis_anchored,0.9088237262210548,0.016680939975231457
7,600,22,occ_plus_uniform,0.9088237262210548,0.01627184343098942
7,600,22,occ_plus_mean,0.9088237262210548,0.022524875757617413
7,600,22,oracle_tail,0.9088237262210548,0.017462566029365467
7,600,22,complete_rollout,0.9088237262210548,-0.052726165245445045
7,600,23,uniform,0.9088237262210548,0.03671935003153104
7,600,23,learned_occupancy,0.9088237262210548,0.030721344131576456
7,600,23,learned_mean,0.9088237262210548,0.02547071788816635
7,600,23,tis,0.9088237262210548,0.024607257003046334
7,600,23,tis_anchored,0.9088237262210548,0.03848220837217364
7,600,23,occ_plus_uniform,0.9088237262210548,0.03454837108922271
7,600,23,occ_plus_mean,0.9088237262210548,0.028625137325429928
7,600,23,oracle_tail,0.9088237262210548,0.023504895929953085
7,600,23,complete_rollout,0.9088237262210548,0.0009323713399208566
7,600,24,uniform,0.9088237262210548,0.030615054232050687
7,600,24,learned_occupancy,0.9088237262210548,0.01129774670224204
7,600,24,learned_mean,0.9088237262210548,0.010320319740755535
7,600,24,tis,0.9088237262210548,0.002353518362438911
7,600,24,tis_anchored,0.9088237262210548,0.01338982540846323
7,600,24,occ_plus_uniform,0.9088237262210548,0.011000772721558527
7,600,24,occ_plus_mean,0.9088237262210548,0.01572564050208136
7,600,24,oracle_tail,0.9088237262210548,0.007683426780179747
7,600,24,complete_rollout,0.9088237262210548,-0.012075758741380005
7,600,25,uniform,0.9088237262210548,-0.06284732829451878
7,600,25,learned_occupancy,0.9088237262210548,-0.062292281791043846
7,600,25,learned_mean,0.9088237262210548,-0.0593606326917554
7,600,25,tis,0.9088237262210548,-0.04939637566592525
7,600,25,tis_anchored,0.9088237262210548,-0.05793121249299993
7,600,25,occ_plus_uniform,0.9088237262210548,-0.0626258553557707
7,600,25,occ_plus_mean,0.9088237262210548,-0.05478884170398801
7,600,25,oracle_tail,0.9088237262210548,-0.056314615055351736
7,600,25,complete_rollout,0.9088237262210548,0.0009323713399208566
7,600,26,uniform,0.9088237262210548,0.03147101722096968
7,600,26,learned_occupancy,0.9088237262210548,0.03511553391928235
7,600,26,learned_mean,0.9088237262210548,0.03908252487998498
7,600,26,tis,0.9088237262210548,0.040937401756808045
7,600,26,tis_anchored,0.9088237262210548,0.04703458736803523
7,600,26,occ_plus_uniform,0.9088237262210548,0.03773542604238511
7,600,26,occ_plus_mean,0.9088237262210548,0.03505728088555171
7,600,26,oracle_tail,0.9088237262210548,0.056442002319849416
7,600,26,complete_rollout,0.9088237262210548,-0.021831856302355623
7,600,27,uniform,0.9088237262210548,0.02180119146392545
7,600,27,learned_occupancy,0.9088237262210548,0.023689225652128054
7,600,27,learned_mean,0.9088237262210548,0.0226025617025869
7,600,27,tis,0.9088237262210548,0.020889982551368536
7,600,27,tis_anchored,0.9088237262210548,0.023399118478910852
7,600,27,occ_plus_uniform,0.9088237262210548,0.028913340962072875
7,600,27,occ_plus_mean,0.9088237262210548,0.024201102978750888
7,600,27,oracle_tail,0.9088237262210548,0.00745072317814699
7,600,27,complete_rollout,0.9088237262210548,-0.025083888822680755
7,600,28,uniform,0.9088237262210548,0.015972670373964326
7,600,28,learned_occupancy,0.9088237262210548,0.013118604545817036
7,600,28,learned_mean,0.9088237262210548,0.010262015855803663
7,600,28,tis,0.9088237262210548,0.02214250597521772
7,600,28,tis_anchored,0.9088237262210548,0.021895776355345897
7,600,28,occ_plus_uniform,0.9088237262210548,0.019916758214549413
7,600,28,occ_plus_mean,0.9088237262210548,0.013743598805680435
7,600,28,oracle_tail,0.9088237262210548,0.022164214732048215
7,600,28,complete_rollout,0.9088237262210548,0.01719253394154685
7,600,29,uniform,0.9088237262210548,0.010991224704057667
7,600,29,learned_occupancy,0.9088237262210548,0.020659324107811128
7,600,29,learned_mean,0.9088237262210548,0.008274888674681291
7,600,29,tis,0.9088237262210548,0.017014125795252744
7,600,29,tis_anchored,0.9088237262210548,0.01686195942435076
7,600,29,occ_plus_uniform,0.9088237262210548,0.013178300540535148
7,600,29,occ_plus_mean,0.9088237262210548,0.01619719417017762
7,600,29,oracle_tail,0.9088237262210548,0.019684735007729715
7,600,29,complete_rollout,0.9088237262210548,-0.028335921343006
7,600,30,uniform,0.9088237262210548,-0.002046610346188471
7,600,30,learned_occupancy,0.9088237262210548,-0.0012975420577132635
7,600,30,learned_mean,0.9088237262210548,0.0001726739343851369
7,600,30,tis,0.9088237262210548,-0.0174084705598041
7,600,30,tis_anchored,0.9088237262210548,-0.012296985203717692
7,600,30,occ_plus_uniform,0.9088237262210548,0.002584806785145166
7,600,30,occ_plus_mean,0.9088237262210548,0.0010342005874824922
7,600,30,oracle_tail,0.9088237262210548,-0.021667618599646277
7,600,30,complete_rollout,0.9088237262210548,0.07085107052691264
7,600,31,uniform,0.9088237262210548,0.0005419028986423102
7,600,31,learned_occupancy,0.9088237262210548,-0.004395618727324857
7,600,31,learned_mean,0.9088237262210548,-0.0007386682662564592
7,600,31,tis,0.9088237262210548,-0.018764005778230453
7,600,31,tis_anchored,0.9088237262210548,-0.005232263624971423
7,600,31,occ_plus_uniform,0.9088237262210548,0.0018392788200704002
7,600,31,occ_plus_mean,0.9088237262210548,-0.0038296782342879254
7,600,31,oracle_tail,0.9088237262210548,-0.0031349653266674604
7,600,31,complete_rollout,0.9088237262210548,0.007436436380571232
7,600,32,uniform,0.9088237262210548,-0.00012057181056146504
7,600,32,learned_occupancy,0.9088237262210548,0.007984828597192739
7,600,32,learned_mean,0.9088237262210548,-0.00639979421651482
7,600,32,tis,0.9088237262210548,-0.003700172195930551
7,600,32,tis_anchored,0.9088237262210548,-0.0033024108796761986
7,600,32,occ_plus_uniform,0.9088237262210548,-0.01612954289069568
7,600,32,occ_plus_mean,0.9088237262210548,-0.0030226689295652642
7,600,32,oracle_tail,0.9088237262210548,0.0010597616654752784
7,600,32,complete_rollout,0.9088237262210548,-0.05110014898528248
7,600,33,uniform,0.9088237262210548,0.022117400292107736
7,600,33,learned_occupancy,0.9088237262210548,0.011440967191889584
7,600,33,learned_mean,0.9088237262210548,0.010657555100530902
7,600,33,tis,0.9088237262210548,0.03251270993712585
7,600,33,tis_anchored,0.9088237262210548,0.012689814444628023
7,600,33,occ_plus_uniform,0.9088237262210548,0.004285277460843062
7,600,33,occ_plus_mean,0.9088237262210548,0.0067652596269730525
7,600,33,oracle_tail,0.9088237262210548,0.016793499795333955
7,600,33,complete_rollout,0.9088237262210548,0.010688468900896475
7,600,34,uniform,0.9088237262210548,-0.008803410137677159
7,600,34,learned_occupancy,0.9088237262210548,-0.017634565352950826
7,600,34,learned_mean,0.9088237262210548,0.002995008388595899
7,600,34,tis,0.9088237262210548,0.0035525224131032207
7,600,34,tis_anchored,0.9088237262210548,0.002425389871667405
7,600,34,occ_plus_uniform,0.9088237262210548,-0.009632228169583978
7,600,34,occ_plus_mean,0.9088237262210548,-0.011299634826836602
7,600,34,oracle_tail,0.9088237262210548,-0.008411073585662288
7,600,34,complete_rollout,0.9088237262210548,0.020444566461872093
7,600,35,uniform,0.9088237262210548,-0.0332326081333133
7,600,35,learned_occupancy,0.9088237262210548,-0.030657303531096414
7,600,35,learned_mean,0.9088237262210548,-0.02681808585069445
7,600,35,tis,0.9088237262210548,-0.03805436971039
7,600,35,tis_anchored,0.9088237262210548,-0.03118377115775428
7,600,35,occ_plus_uniform,0.9088237262210548,-0.025540536662376323
7,600,35,occ_plus_mean,0.9088237262210548,-0.03602089986303458
7,600,35,oracle_tail,0.9088237262210548,-0.030558916381918433
7,600,35,complete_rollout,0.9088237262210548,-0.0023196611804043865
7,600,36,uniform,0.9088237262210548,0.006565745621628816
7,600,36,learned_occupancy,0.9088237262210548,-0.005154120381755889
7,600,36,learned_mean,0.9088237262210548,-0.014985480607827895
7,600,36,tis,0.9088237262210548,0.0058165558406124696
7,600,36,tis_anchored,0.9088237262210548,0.0015488466655757538
7,600,36,occ_plus_uniform,0.9088237262210548,0.0031514893096573626
7,600,36,occ_plus_mean,0.9088237262210548,-0.015604304209052011
7,600,36,oracle_tail,0.9088237262210548,0.004175564073181204
7,600,36,complete_rollout,0.9088237262210548,-0.012075758741380005
7,600,37,uniform,0.9088237262210548,0.015914392296380586
7,600,37,learned_occupancy,0.9088237262210548,0.01937038928350776
7,600,37,learned_mean,0.9088237262210548,0.017982307446789525
7,600,37,tis,0.9088237262210548,0.011836811085652599
7,600,37,tis_anchored,0.9088237262210548,0.016222433840552664
7,600,37,occ_plus_uniform,0.9088237262210548,0.01983565547793764
7,600,37,occ_plus_mean,0.9088237262210548,0.027799381132958545
7,600,37,oracle_tail,0.9088237262210548,0.00619828249283827
7,600,37,complete_rollout,0.9088237262210548,-0.07549039288772141
7,600,38,uniform,0.9088237262210548,0.044033165120824114
7,600,38,learned_occupancy,0.9088237262210548,0.02046666860242874
7,600,38,learned_mean,0.9088237262210548,0.01767918896274212
7,600,38,tis,0.9088237262210548,0.01918930747303149
7,600,38,tis_anchored,0.9088237262210548,0.016889351769339145
7,600,38,occ_plus_uniform,0.9088237262210548,0.025121369825165774
7,600,38,occ_plus_mean,0.9088237262210548,0.024151449181282092
7,600,38,oracle_tail,0.9088237262210548,0.020816987308558632
7,600,38,complete_rollout,0.9088237262210548,-0.08036844166820922
7,600,39,uniform,0.9088237262210548,-0.0026399149441289627
7,600,39,learned_occupancy,0.9088237262210548,0.013928916983335315
7,600,39,learned_mean,0.9088237262210548,0.0004836896238282762
7,600,39,tis,0.9088237262210548,-0.017457559295159908
7,600,39,tis_anchored,0.9088237262210548,-0.0001075817815389124
7,600,39,occ_plus_uniform,0.9088237262210548,0.0016202366918145472
7,600,39,occ_plus_mean,0.9088237262210548,0.006753833557051503
7,600,39,oracle_tail,0.9088237262210548,-0.011600496704199381
7,600,39,complete_rollout,0.9088237262210548,0.005810420120408666
7,600,40,uniform,0.9088237262210548,0.004946476892746521
7,600,40,learned_occupancy,0.9088237262210548,-0.017492108294512976
7,600,40,learned_mean,0.9088237262210548,-0.014732722607581183
7,600,40,tis,0.9088237262210548,0.0021714086615969297
7,600,40,tis_anchored,0.9088237262210548,-0.009230610240223314
7,600,40,occ_plus_uniform,0.9088237262210548,0.012501333220764521
7,600,40,occ_plus_mean,0.9088237262210548,-0.018611230891152464
7,600,40,oracle_tail,0.9088237262210548,-0.008943160990262933
7,600,40,complete_rollout,0.9088237262210548,0.0302006640228476
7,600,41,uniform,0.9088237262210548,-0.022237932544162287
7,600,41,learned_occupancy,0.9088237262210548,-0.014067833419402098
7,600,41,learned_mean,0.9088237262210548,-0.008788151855256277
7,600,41,tis,0.9088237262210548,-0.017443523919109638
7,600,41,tis_anchored,0.9088237262210548,-0.009895433789452568
7,600,41,occ_plus_uniform,0.9088237262210548,-0.009176492330365882
7,600,41,occ_plus_mean,0.9088237262210548,-0.0035490750726626663
7,600,41,oracle_tail,0.9088237262210548,-0.00168671700062073
7,600,41,complete_rollout,0.9088237262210548,0.046460826624473706
7,600,42,uniform,0.9088237262210548,-0.009355707464691387
7,600,42,learned_occupancy,0.9088237262210548,0.0024242980218003307
7,600,42,learned_mean,0.9088237262210548,-0.002909999836402166
7,600,42,tis,0.9088237262210548,-0.0038886714613937112
7,600,42,tis_anchored,0.9088237262210548,-0.0030156466736178666
7,600,42,occ_plus_uniform,0.9088237262210548,-0.001329371546915814
7,600,42,occ_plus_mean,0.9088237262210548,-0.0014018577764447482
7,600,42,oracle_tail,0.9088237262210548,-0.003734263826812634
7,600,42,complete_rollout,0.9088237262210548,0.04808684288463627
7,600,43,uniform,0.9088237262210548,0.027023095153589916
7,600,43,learned_occupancy,0.9088237262210548,0.030671794065778468
7,600,43,learned_mean,0.9088237262210548,0.0195367444385115
7,600,43,tis,0.9088237262210548,0.014367570533073692
7,600,43,tis_anchored,0.9088237262210548,0.009491748347651985
7,600,43,occ_plus_uniform,0.9088237262210548,0.04438843453971353
7,600,43,occ_plus_mean,0.9088237262210548,0.024441185348698324
7,600,43,oracle_tail,0.9088237262210548,0.0030544386196311724
7,600,43,complete_rollout,0.9088237262210548,-0.03971803516414418
7,600,44,uniform,0.9088237262210548,-0.007584837949499157
7,600,44,learned_occupancy,0.9088237262210548,-0.009897345632321364
7,600,44,learned_mean,0.9088237262210548,-0.010907117239523645
7,600,44,tis,0.9088237262210548,-0.019515894906300124
7,600,44,tis_anchored,0.9088237262210548,-0.01769884054970927
7,600,44,occ_plus_uniform,0.9088237262210548,-0.0183183683147492
7,600,44,occ_plus_mean,0.9088237262210548,-0.016830945319822876
7,600,44,oracle_tail,0.9088237262210548,-0.029734770778380715
7,600,44,complete_rollout,0.9088237262210548,-0.052726165245445045
7,600,45,uniform,0.9088237262210548,0.007806361968770492
7,600,45,learned_occupancy,0.9088237262210548,-0.01609484549424245
7,600,45,learned_mean,0.9088237262210548,-0.008800106719535239
7,600,45,tis,0.9088237262210548,0.011000956935584116
7,600,45,tis_anchored,0.9088237262210548,-0.001781505755096835
7,600,45,occ_plus_uniform,0.9088237262210548,-0.0020043897841999225
7,600,45,occ_plus_mean,0.9088237262210548,-0.016099983789224948
7,600,45,oracle_tail,0.9088237262210548,0.02002266557807808
7,600,45,complete_rollout,0.9088237262210548,0.04971285914479884
7,600,46,uniform,0.9088237262210548,-0.02341169994242054
7,600,46,learned_occupancy,0.9088237262210548,-0.027215721522675485
7,600,46,learned_mean,0.9088237262210548,-0.026039582257521898
7,600,46,tis,0.9088237262210548,-0.017605757688603618
7,600,46,tis_anchored,0.9088237262210548,-0.022041283016309254
7,600,46,occ_plus_uniform,0.9088237262210548,-0.02698987261345709
7,600,46,occ_plus_mean,0.9088237262210548,-0.02050592046540589
7,600,46,oracle_tail,0.9088237262210548,-0.016561929776340745
7,600,46,complete_rollout,0.9088237262210548,0.051338875404961515
7,600,47,uniform,0.9088237262210548,-0.00021586828566477756
7,600,47,learned_occupancy,0.9088237262210548,0.020042016514204564
7,600,47,learned_mean,0.9088237262210548,0.02100091706977336
7,600,47,tis,0.9088237262210548,-0.003134299788157935
7,600,47,tis_anchored,0.9088237262210548,0.009816522134302175
7,600,47,occ_plus_uniform,0.9088237262210548,0.010331024849258852
7,600,47,occ_plus_mean,0.9088237262210548,0.023386811735238044
7,600,47,oracle_tail,0.9088237262210548,-0.002617743074904033
7,600,47,complete_rollout,0.9088237262210548,0.012314485161059041
7,600,48,uniform,0.9088237262210548,0.005722719205272453
7,600,48,learned_occupancy,0.9088237262210548,0.009200685211310233
7,600,48,learned_mean,0.9088237262210548,0.016435285481446904
7,600,48,tis,0.9088237262210548,0.0182343425060576
7,600,48,tis_anchored,0.9088237262210548,0.010819746193430846
7,600,48,occ_plus_uniform,0.9088237262210548,0.007855305374667054
7,600,48,occ_plus_mean,0.9088237262210548,0.011590976263611719
7,600,48,oracle_tail,0.9088237262210548,0.02365718000548611
7,600,48,complete_rollout,0.9088237262210548,0.023696598982197226
7,600,49,uniform,0.9088237262210548,-0.002790396821982344
7,600,49,learned_occupancy,0.9088237262210548,-0.018041856000031165
7,600,49,learned_mean,0.9088237262210548,-0.008056002569164944
7,600,49,tis,0.9088237262210548,0.01003681227911013
7,600,49,tis_anchored,0.9088237262210548,-0.007878008398117031
7,600,49,occ_plus_uniform,0.9088237262210548,-0.01437825307833096
7,600,49,occ_plus_mean,0.9088237262210548,-0.0189609035868209
7,600,49,oracle_tail,0.9088237262210548,0.011852930703540432
7,600,49,complete_rollout,0.9088237262210548,-0.015327791261705137
7,600,50,uniform,0.9088237262210548,0.039067090237927427
7,600,50,learned_occupancy,0.9088237262210548,0.023237063756698872
7,600,50,learned_mean,0.9088237262210548,0.020197818858701422
7,600,50,tis,0.9088237262210548,0.022023545161574676
7,600,50,tis_anchored,0.9088237262210548,0.015739985819184676
7,600,50,occ_plus_uniform,0.9088237262210548,0.028686650159943428
7,600,50,occ_plus_mean,0.9088237262210548,0.023128035900869204
7,600,50,oracle_tail,0.9088237262210548,0.019583505041052662
7,600,50,complete_rollout,0.9088237262210548,0.056216924185449324
7,600,51,uniform,0.9088237262210548,0.01714924214361746
7,600,51,learned_occupancy,0.9088237262210548,0.013453760373203005
7,600,51,learned_mean,0.9088237262210548,0.016593666503989524
7,600,51,tis,0.9088237262210548,0.01625749526264253
7,600,51,tis_anchored,0.9088237262210548,0.028584694671570543
7,600,51,occ_plus_uniform,0.9088237262210548,0.022022731584844912
7,600,51,occ_plus_mean,0.9088237262210548,0.012195153563341332
7,600,51,oracle_tail,0.9088237262210548,0.003979643898241458
7,600,51,complete_rollout,0.9088237262210548,-0.03646600264381905
7,600,52,uniform,0.9088237262210548,0.0031223570600793504
7,600,52,learned_occupancy,0.9088237262210548,0.002073245962527448
7,600,52,learned_mean,0.9088237262210548,-0.010174853386957006
7,600,52,tis,0.9088237262210548,-0.0008043753223085925
7,600,52,tis_anchored,0.9088237262210548,-0.002294707948812369
7,600,52,occ_plus_uniform,0.9088237262210548,-0.003458770768691055
7,600,52,occ_plus_mean,0.9088237262210548,-0.00827303879864294
7,600,52,oracle_tail,0.9088237262210548,-0.022615039232212197
7,600,52,complete_rollout,0.9088237262210548,0.007436436380571232
7,600,53,uniform,0.9088237262210548,-0.04024289830348626
7,600,53,learned_occupancy,0.9088237262210548,-0.031819436415554514
7,600,53,learned_mean,0.9088237262210548,-0.04111164645917831
7,600,53,tis,0.9088237262210548,-0.0356515289416951
7,600,53,tis_anchored,0.9088237262210548,-0.03418625184141466
7,600,53,occ_plus_uniform,0.9088237262210548,-0.04638951616407927
7,600,53,occ_plus_mean,0.9088237262210548,-0.03520212287498714
7,600,53,oracle_tail,0.9088237262210548,-0.03212178932918397
7,600,53,complete_rollout,0.9088237262210548,-0.06410827906658323
7,600,54,uniform,0.9088237262210548,0.009935861853833883
7,600,54,learned_occupancy,0.9088237262210548,0.011969515040674228
7,600,54,learned_mean,0.9088237262210548,0.00018983130783678526
7,600,54,tis,0.9088237262210548,-0.005858701626767049
7,600,54,tis_anchored,0.9088237262210548,-0.004498540241515525
7,600,54,occ_plus_uniform,0.9088237262210548,0.008859966968959854
7,600,54,occ_plus_mean,0.9088237262210548,0.0028667168075754423
7,600,54,oracle_tail,0.9088237262210548,-0.004663155554260334
7,600,54,complete_rollout,0.9088237262210548,0.007436436380571232
7,600,55,uniform,0.9088237262210548,-0.01600615980470521
7,600,55,learned_occupancy,0.9088237262210548,-0.027247800969435132
7,600,55,learned_mean,0.9088237262210548,-0.012048597973782216
7,600,55,tis,0.9088237262210548,0.002153562665019204
7,600,55,tis_anchored,0.9088237262210548,-0.006548665644960483
7,600,55,occ_plus_uniform,0.9088237262210548,-0.019358189572233342
7,600,55,occ_plus_mean,0.9088237262210548,-0.020743917594173267
7,600,55,oracle_tail,0.9088237262210548,-0.0026666586418024885
7,600,55,complete_rollout,0.9088237262210548,0.012314485161059041
7,600,56,uniform,0.9088237262210548,0.00044329400146725373
7,600,56,learned_occupancy,0.9088237262210548,-0.011037358519431328
7,600,56,learned_mean,0.9088237262210548,-0.019726874564937713
7,600,56,tis,0.9088237262210548,0.006901655085140734
7,600,56,tis_anchored,0.9088237262210548,-0.018196226574828778
7,600,56,occ_plus_uniform,0.9088237262210548,0.0017882500827497427
7,600,56,occ_plus_mean,0.9088237262210548,-0.013707792414279218
7,600,56,oracle_tail,0.9088237262210548,-0.003922129447821554
7,600,56,complete_rollout,0.9088237262210548,-0.020205840042192946
7,600,57,uniform,0.9088237262210548,-0.0006468531628787133
7,600,57,learned_occupancy,0.9088237262210548,0.003024611236267738
7,600,57,learned_mean,0.9088237262210548,0.00730534275204997
7,600,57,tis,0.9088237262210548,-0.0224007658207942
7,600,57,tis_anchored,0.9088237262210548,-0.01415417590177348
7,600,57,occ_plus_uniform,0.9088237262210548,0.0017081301605803567
7,600,57,occ_plus_mean,0.9088237262210548,0.000675404252612144
7,600,57,oracle_tail,0.9088237262210548,-0.02729839268870471
7,600,57,complete_rollout,0.9088237262210548,-0.008823726221054762
7,600,58,uniform,0.9088237262210548,-0.020788333845750406
7,600,58,learned_occupancy,0.9088237262210548,0.003896809532624057
7,600,58,learned_mean,0.9088237262210548,0.007502007809402911
7,600,58,tis,0.9088237262210548,0.0043209937347836735
7,600,58,tis_anchored,0.9088237262210548,0.0014438778823853138
7,600,58,occ_plus_uniform,0.9088237262210548,-0.003602201763860169
7,600,58,occ_plus_mean,0.9088237262210548,0.00041977421269911996
7,600,58,oracle_tail,0.9088237262210548,-0.004874829796956637
7,600,58,complete_rollout,0.9088237262210548,0.012314485161059041
7,600,59,uniform,0.9088237262210548,-0.010506470851404659
7,600,59,learned_occupancy,0.9088237262210548,-0.007910505649278532
7,600,59,learned_mean,0.9088237262210548,-0.0029892833925283524
7,600,59,tis,0.9088237262210548,0.0069776743449957435
7,600,59,tis_anchored,0.9088237262210548,-0.004971513834239771
7,600,59,occ_plus_uniform,0.9088237262210548,-0.01850848341741307
7,600,59,occ_plus_mean,0.9088237262210548,-0.008726251895576964
7,600,59,oracle_tail,0.9088237262210548,0.00274184935575561
7,600,59,complete_rollout,0.9088237262210548,0.03833074532366065
7,600,60,uniform,0.9088237262210548,-0.05278432068206984
7,600,60,learned_occupancy,0.9088237262210548,-0.040553397242166556
7,600,60,learned_mean,0.9088237262210548,-0.02588092558912858
7,600,60,tis,0.9088237262210548,-0.026666508181887205
7,600,60,tis_anchored,0.9088237262210548,-0.02851143416034274
7,600,60,occ_plus_uniform,0.9088237262210548,-0.05868803016059054
7,600,60,occ_plus_mean,0.9088237262210548,-0.02715385649009594
7,600,60,oracle_tail,0.9088237262210548,-0.007325134258922339
7,600,60,complete_rollout,0.9088237262210548,-0.042970067684469426
7,600,61,uniform,0.9088237262210548,0.0055403805855961386
7,600,61,learned_occupancy,0.9088237262210548,0.0037072758523675198
7,600,61,learned_mean,0.9088237262210548,0.01514490380446265
7,600,61,tis,0.9088237262210548,0.00651276589439298
7,600,61,tis_anchored,0.9088237262210548,0.006702285359647675
7,600,61,occ_plus_uniform,0.9088237262210548,0.003045359517528823
7,600,61,occ_plus_mean,0.9088237262210548,-0.0017370279488533313
7,600,61,oracle_tail,0.9088237262210548,-0.0016851555196768508
7,600,61,complete_rollout,0.9088237262210548,0.013940501421221607
7,600,62,uniform,0.9088237262210548,0.006765418453690497
7,600,62,learned_occupancy,0.9088237262210548,0.02139057300971503
7,600,62,learned_mean,0.9088237262210548,0.02270617223905058
7,600,62,tis,0.9088237262210548,0.00930137442801282
7,600,62,tis_anchored,0.9088237262210548,0.023263282963868592
7,600,62,occ_plus_uniform,0.9088237262210548,0.017427788797999888
7,600,62,occ_plus_mean,0.9088237262210548,0.024001667099067814
7,600,62,oracle_tail,0.9088237262210548,0.011671994890969928
7,600,62,complete_rollout,0.9088237262210548,-0.04459608394463199
7,600,63,uniform,0.9088237262210548,0.003338142123869847
7,600,63,learned_occupancy,0.9088237262210548,0.013861210539820479
7,600,63,learned_mean,0.9088237262210548,0.019115084465835652
7,600,63,tis,0.9088237262210548,0.02672634173254096
7,600,63,tis_anchored,0.9088237262210548,0.013180048344542783
7,600,63,occ_plus_uniform,0.9088237262210548,0.010420796215204198
7,600,63,occ_plus_mean,0.9088237262210548,0.015625120015079985
7,600,63,oracle_tail,0.9088237262210548,0.02105292566364203
7,600,63,complete_rollout,0.9088237262210548,0.005810420120408666
7,600,64,uniform,0.9088237262210548,0.01976183747690663
7,600,64,learned_occupancy,0.9088237262210548,0.0030095385459033563
7,600,64,learned_mean,0.9088237262210548,0.013371801514850956
7,600,64,tis,0.9088237262210548,0.02902401668164556
7,600,64,tis_anchored,0.9088237262210548,0.013651971246796735
7,600,64,occ_plus_uniform,0.9088237262210548,0.013536478413963215
7,600,64,occ_plus_mean,0.9088237262210548,0.007806049148441074
7,600,64,oracle_tail,0.9088237262210548,0.016349503750346717
7,600,64,complete_rollout,0.9088237262210548,0.03182668028301028
7,600,65,uniform,0.9088237262210548,0.022940932292949023
7,600,65,learned_occupancy,0.9088237262210548,0.006547068946655021
7,600,65,learned_mean,0.9088237262210548,0.01515861404864427
7,600,65,tis,0.9088237262210548,0.01338173993166658
7,600,65,tis_anchored,0.9088237262210548,0.002895382382599898
7,600,65,occ_plus_uniform,0.9088237262210548,0.024949717061375387
7,600,65,occ_plus_mean,0.9088237262210548,0.0024560757194677096
7,600,65,oracle_tail,0.9088237262210548,0.014749920942167982
7,600,65,complete_rollout,0.9088237262210548,0.004184403860245989
7,600,66,uniform,0.9088237262210548,-0.010101468302501138
7,600,66,learned_occupancy,0.9088237262210548,0.0034300762256945783
7,600,66,learned_mean,0.9088237262210548,-0.00356492686005605
7,600,66,tis,0.9088237262210548,1.4974509354614973e-05
7,600,66,tis_anchored,0.9088237262210548,-0.013464382079787174
7,600,66,occ_plus_uniform,0.9088237262210548,-0.0001910645911122888
7,600,66,occ_plus_mean,0.9088237262210548,-0.0016499333881543343
7,600,66,oracle_tail,0.9088237262210548,0.00899009836131004
7,600,66,complete_rollout,0.9088237262210548,-0.008823726221054762
7,600,67,uniform,0.9088237262210548,0.0343443619575019
7,600,67,learned_occupancy,0.9088237262210548,0.02607911351868275
7,600,67,learned_mean,0.9088237262210548,0.021104351121028153
7,600,67,tis,0.9088237262210548,0.016454269715614145
7,600,67,tis_anchored,0.9088237262210548,0.023054567353060995
7,600,67,occ_plus_uniform,0.9088237262210548,0.03941912000273373
7,600,67,occ_plus_mean,0.9088237262210548,0.016577531974892756
7,600,67,oracle_tail,0.9088237262210548,0.0279257880040209
7,600,67,complete_rollout,0.9088237262210548,-0.003945677440566953
7,600,68,uniform,0.9088237262210548,-0.01830521222743331
7,600,68,learned_occupancy,0.9088237262210548,-0.025071844624580675
7,600,68,learned_mean,0.9088237262210548,-0.03035506100041374
7,600,68,tis,0.9088237262210548,0.0027996181582928825
7,600,68,tis_anchored,0.9088237262210548,-0.007334773736058953
7,600,68,occ_plus_uniform,0.9088237262210548,-0.030176383690021846
7,600,68,occ_plus_mean,0.9088237262210548,-0.03658486853720533
7,600,68,oracle_tail,0.9088237262210548,0.017418609905033966
7,600,68,complete_rollout,0.9088237262210548,-0.03809201890398162
7,600,69,uniform,0.9088237262210548,-0.01117893791012825
7,600,69,learned_occupancy,0.9088237262210548,-0.014911416213530537
7,600,69,learned_mean,0.9088237262210548,-0.011873985164021272
7,600,69,tis,0.9088237262210548,-0.008361286997467188
7,600,69,tis_anchored,0.9088237262210548,-0.016897158380938304
7,600,69,occ_plus_uniform,0.9088237262210548,-0.015190766357331409
7,600,69,occ_plus_mean,0.9088237262210548,-0.017303668922606152
7,600,69,oracle_tail,0.9088237262210548,-0.00747970167914791
7,600,69,complete_rollout,0.9088237262210548,0.02694863150252247
7,600,70,uniform,0.9088237262210548,-0.020791787604215184
7,600,70,learned_occupancy,0.9088237262210548,-0.024345805727127634
7,600,70,learned_mean,0.9088237262210548,-0.019795488847502263
7,600,70,tis,0.9088237262210548,-0.022579581867249177
7,600,70,tis_anchored,0.9088237262210548,-0.014792597295934296
7,600,70,occ_plus_uniform,0.9088237262210548,-0.012462072696348137
7,600,70,occ_plus_mean,0.9088237262210548,-0.01607431548641336
7,600,70,oracle_tail,0.9088237262210548,0.0040104168085131064
7,600,70,complete_rollout,0.9088237262210548,0.03995676158382322
7,600,71,uniform,0.9088237262210548,0.017551042666472894
7,600,71,learned_occupancy,0.9088237262210548,0.004864487470386258
7,600,71,learned_mean,0.9088237262210548,0.004541357278457947
7,600,71,tis,0.9088237262210548,0.005291436479459621
7,600,71,tis_anchored,0.9088237262210548,0.01000157369971133
7,600,71,occ_plus_uniform,0.9088237262210548,0.0012930012450942385
7,600,71,occ_plus_mean,0.9088237262210548,-0.004241225193470366
7,600,71,oracle_tail,0.9088237262210548,-0.0036729449977953577
7,600,71,complete_rollout,0.9088237262210548,0.07572911930740045
7,600,72,uniform,0.9088237262210548,0.00801715728598551
7,600,72,learned_occupancy,0.9088237262210548,0.01799108385646464
7,600,72,learned_mean,0.9088237262210548,0.014452269463877232
7,600,72,tis,0.9088237262210548,0.015446051842713193
7,600,72,tis_anchored,0.9088237262210548,0.014010198723344858
7,600,72,occ_plus_uniform,0.9088237262210548,0.020697820218606444
7,600,72,occ_plus_mean,0.9088237262210548,0.013377849269135544
7,600,72,oracle_tail,0.9088237262210548,0.014032122196591557
7,600,72,complete_rollout,0.9088237262210548,0.004184403860245989
7,600,73,uniform,0.9088237262210548,0.054289142878389485
7,600,73,learned_occupancy,0.9088237262210548,0.04859174976749603
7,600,73,learned_mean,0.9088237262210548,0.052714437764510125
7,600,73,tis,0.9088237262210548,0.042330596664139186
7,600,73,tis_anchored,0.9088237262210548,0.03787187716407037
7,600,73,occ_plus_uniform,0.9088237262210548,0.05358098339734596
7,600,73,occ_plus_mean,0.9088237262210548,0.04968486024183383
7,600,73,oracle_tail,0.9088237262210548,0.029793745634223545
7,600,73,complete_rollout,0.9088237262210548,-0.0023196611804043865
7,600,74,uniform,0.9088237262210548,0.014044144974711292
7,600,74,learned_occupancy,0.9088237262210548,0.011998481245188652
7,600,74,learned_mean,0.9088237262210548,0.014830101498847448
7,600,74,tis,0.9088237262210548,0.021306738290067795
7,600,74,tis_anchored,0.9088237262210548,0.01420481184445388
7,600,74,occ_plus_uniform,0.9088237262210548,0.01923175666991772
7,600,74,occ_plus_mean,0.9088237262210548,0.022391366414331038
7,600,74,oracle_tail,0.9088237262210548,0.020675156610206358
7,600,74,complete_rollout,0.9088237262210548,-0.021831856302355623
7,600,75,uniform,0.9088237262210548,-0.019346410419572746
7,600,75,learned_occupancy,0.9088237262210548,-0.003161995544149865
7,600,75,learned_mean,0.9088237262210548,-0.006503671224313057
7,600,75,tis,0.9088237262210548,-0.008941527814816053
7,600,75,tis_anchored,0.9088237262210548,-0.011881751141029628
7,600,75,occ_plus_uniform,0.9088237262210548,-0.015398329450956205
7,600,75,occ_plus_mean,0.9088237262210548,0.008703977387642392
7,600,75,oracle_tail,0.9088237262210548,-0.00017702800554497689
7,600,75,complete_rollout,0.9088237262210548,0.007436436380571232
7,600,76,uniform,0.9088237262210548,0.023256611797960458
7,600,76,learned_occupancy,0.9088237262210548,0.026805641869992125
7,600,76,learned_mean,0.9088237262210548,0.025257063889836284
7,600,76,tis,0.9088237262210548,0.02116856766328412
7,600,76,tis_anchored,0.9088237262210548,0.023519054606539358
7,600,76,occ_plus_uniform,0.9088237262210548,0.028219647456909525
7,600,76,occ_plus_mean,0.9088237262210548,0.032153532565196596
7,600,76,oracle_tail,0.9088237262210548,0.009639353630010228
7,600,76,complete_rollout,0.9088237262210548,-0.025083888822680755
7,600,77,uniform,0.9088237262210548,-0.046928840056494336
7,600,77,learned_occupancy,0.9088237262210548,-0.03302644885113315
7,600,77,learned_mean,0.9088237262210548,-0.026774504948931854
7,600,77,tis,0.9088237262210548,-0.020591970140466764
7,600,77,tis_anchored,0.9088237262210548,-0.025830047188943328
7,600,77,occ_plus_uniform,0.9088237262210548,-0.035906046555153615
7,600,77,occ_plus_mean,0.9088237262210548,-0.03597709835370955
7,600,77,oracle_tail,0.9088237262210548,-0.02128150851497268
7,600,77,complete_rollout,0.9088237262210548,0.05296489166512408
7,600,78,uniform,0.9088237262210548,-0.014733795791906479
7,600,78,learned_occupancy,0.9088237262210548,-0.021518863164474156
7,600,78,learned_mean,0.9088237262210548,-0.024050948095998392
7,600,78,tis,0.9088237262210548,-0.025170390604795756
7,600,78,tis_anchored,0.9088237262210548,-0.016816438327731498
7,600,78,occ_plus_uniform,0.9088237262210548,-0.02037466450339942
7,600,78,occ_plus_mean,0.9088237262210548,-0.01708268441973193
7,600,78,oracle_tail,0.9088237262210548,-0.021435243043824492
7,600,78,complete_rollout,0.9088237262210548,0.0302006640228476
7,600,79,uniform,0.9088237262210548,-0.04710763799173234
7,600,79,learned_occupancy,0.9088237262210548,-0.02907641242083636
7,600,79,learned_mean,0.9088237262210548,-0.023698215616802076
7,600,79,tis,0.9088237262210548,-0.009680404625255656
7,600,79,tis_anchored,0.9088237262210548,-0.011488020976388902
7,600,79,occ_plus_uniform,0.9088237262210548,-0.039537657325977915
7,600,79,occ_plus_mean,0.9088237262210548,-0.02775393347605959
7,600,79,oracle_tail,0.9088237262210548,-0.015230547289281082
7,600,79,complete_rollout,0.9088237262210548,0.018818550201709416
7,600,80,uniform,0.9088237262210548,-0.005279941648414277
7,600,80,learned_occupancy,0.9088237262210548,0.0023537877980776
7,600,80,learned_mean,0.9088237262210548,0.0009206673465682602
7,600,80,tis,0.9088237262210548,0.005006953786309665
7,600,80,tis_anchored,0.9088237262210548,0.006052228286345884
7,600,80,occ_plus_uniform,0.9088237262210548,0.006605893593644496
7,600,80,occ_plus_mean,0.9088237262210548,0.0032827811579538846
7,600,80,oracle_tail,0.9088237262210548,0.003539669012095903
7,600,80,complete_rollout,0.9088237262210548,-0.0706123441072336
7,600,81,uniform,0.9088237262210548,0.0032266247861583164
7,600,81,learned_occupancy,0.9088237262210548,-0.0034257001875296345
7,600,81,learned_mean,0.9088237262210548,-0.02616414118614807
7,600,81,tis,0.9088237262210548,-0.0026020932649459816
7,600,81,tis_anchored,0.9088237262210548,-0.014239389862158336
7,600,81,occ_plus_uniform,0.9088237262210548,0.0036669634474733037
7,600,81,occ_plus_mean,0.9088237262210548,-0.012856864580823135
7,600,81,oracle_tail,0.9088237262210548,-0.0006414593603641938
7,600,81,complete_rollout,0.9088237262210548,0.02694863150252247
7,600,82,uniform,0.9088237262210548,-0.059913074083051465
7,600,82,learned_occupancy,0.9088237262210548,-0.05252225071170746
7,600,82,learned_mean,0.9088237262210548,-0.05193000989906649
7,600,82,tis,0.9088237262210548,-0.06148421251305325
7,600,82,tis_anchored,0.9088237262210548,-0.05010045445250333
7,600,82,occ_plus_uniform,0.9088237262210548,-0.052204145852003836
7,600,82,occ_plus_mean,0.9088237262210548,-0.053207642905591546
7,600,82,oracle_tail,0.9088237262210548,-0.048747453294077814
7,600,82,complete_rollout,0.9088237262210548,0.0627209892260997
7,600,83,uniform,0.9088237262210548,-0.0070976751355023016
7,600,83,learned_occupancy,0.9088237262210548,-0.0016897525540980896
7,600,83,learned_mean,0.9088237262210548,-0.01105415004769661
7,600,83,tis,0.9088237262210548,-0.01658791998017195
7,600,83,tis_anchored,0.9088237262210548,-0.002998956737175651
7,600,83,occ_plus_uniform,0.9088237262210548,-0.017561352607410097
7,600,83,occ_plus_mean,0.9088237262210548,-0.0050437656352770865
7,600,83,oracle_tail,0.9088237262210548,-0.02417076648451255
7,600,83,complete_rollout,0.9088237262210548,-0.028335921343006
7,600,84,uniform,0.9088237262210548,0.03275029688330777
7,600,84,learned_occupancy,0.9088237262210548,0.01650339686635305
7,600,84,learned_mean,0.9088237262210548,0.009821615981025378
7,600,84,tis,0.9088237262210548,0.0026822212454338246
7,600,84,tis_anchored,0.9088237262210548,-0.001287866708000851
7,600,84,occ_plus_uniform,0.9088237262210548,0.020864454026687462
7,600,84,occ_plus_mean,0.9088237262210548,0.010778177077874429
7,600,84,oracle_tail,0.9088237262210548,0.002056222287120879
7,600,84,complete_rollout,0.9088237262210548,-0.021831856302355623
7,600,85,uniform,0.9088237262210548,-0.004813706395287554
7,600,85,learned_occupancy,0.9088237262210548,0.017575795324572985
7,600,85,learned_mean,0.9088237262210548,-0.00048613594570645624
7,600,85,tis,0.9088237262210548,0.0005089509682779658
7,600,85,tis_anchored,0.9088237262210548,0.0064291262555985496
7,600,85,occ_plus_uniform,0.9088237262210548,0.019831921428916877
7,600,85,occ_plus_mean,0.9088237262210548,0.006107337918954681
7,600,85,oracle_tail,0.9088237262210548,0.007414201409949528
7,600,85,complete_rollout,0.9088237262210548,0.04483481036431103
7,600,86,uniform,0.9088237262210548,0.011810464892277217
7,600,86,learned_occupancy,0.9088237262210548,0.013232663455431504
7,600,86,learned_mean,0.9088237262210548,0.0033387404789259056
7,600,86,tis,0.9088237262210548,0.008757903712481419
7,600,86,tis_anchored,0.9088237262210548,0.015789274542862497
7,600,86,occ_plus_uniform,0.9088237262210548,0.014802206794854667
7,600,86,occ_plus_mean,0.9088237262210548,0.014439214376912757
7,600,86,oracle_tail,0.9088237262210548,0.009008170149645167
7,600,86,complete_rollout,0.9088237262210548,-0.03971803516414418
7,600,87,uniform,0.9088237262210548,0.025107798061956843
7,600,87,learned_occupancy,0.9088237262210548,0.017136431691527232
7,600,87,learned_mean,0.9088237262210548,0.015264388101129955
7,600,87,tis,0.9088237262210548,0.016919995405613508
7,600,87,tis_anchored,0.9088237262210548,0.022523909228206795
7,600,87,occ_plus_uniform,0.9088237262210548,0.00918866648880412
7,600,87,occ_plus_mean,0.9088237262210548,0.01380661051366927
7,600,87,oracle_tail,0.9088237262210548,0.010809283230007072
7,600,87,complete_rollout,0.9088237262210548,-0.003945677440566953
7,600,88,uniform,0.9088237262210548,0.004572418804418055
7,600,88,learned_occupancy,0.9088237262210548,0.010600170768067074
7,600,88,learned_mean,0.9088237262210548,-0.003767608406017753
7,600,88,tis,0.9088237262210548,-0.003119050080055974
7,600,88,tis_anchored,0.9088237262210548,-0.007800236907299474
7,600,88,occ_plus_uniform,0.9088237262210548,-0.0005798832534223974
7,600,88,occ_plus_mean,0.9088237262210548,0.002770696216894075
7,600,88,oracle_tail,0.9088237262210548,-0.003321294075595116
7,600,88,complete_rollout,0.9088237262210548,-0.04540909207471333
7,600,89,uniform,0.9088237262210548,-0.01915444611966588
7,600,89,learned_occupancy,0.9088237262210548,-0.014526434381054498
7,600,89,learned_mean,0.9088237262210548,-0.013774737833677886
7,600,89,tis,0.9088237262210548,-0.0030274277108194303
7,600,89,tis_anchored,0.9088237262210548,-0.008881133961633259
7,600,89,occ_plus_uniform,0.9088237262210548,-0.0171257803614705
7,600,89,occ_plus_mean,0.9088237262210548,-0.01638250908007788
7,600,89,oracle_tail,0.9088237262210548,-0.002829468863387641
7,600,89,complete_rollout,0.9088237262210548,-0.052726165245445045
7,600,90,uniform,0.9088237262210548,0.007899763351965627
7,600,90,learned_occupancy,0.9088237262210548,0.02728682426663509
7,600,90,learned_mean,0.9088237262210548,0.015694374562101765
7,600,90,tis,0.9088237262210548,0.042093365515182724
7,600,90,tis_anchored,0.9088237262210548,0.04932714522782722
7,600,90,occ_plus_uniform,0.9088237262210548,0.02648356353877168
7,600,90,occ_plus_mean,0.9088237262210548,0.019408244060897806
7,600,90,oracle_tail,0.9088237262210548,0.0591036969553036
7,600,90,complete_rollout,0.9088237262210548,-0.015327791261705137
7,600,91,uniform,0.9088237262210548,-0.010313699015082722
7,600,91,learned_occupancy,0.9088237262210548,0.008835501456862405
7,600,91,learned_mean,0.9088237262210548,0.01069959189288916
7,600,91,tis,0.9088237262210548,0.005353882932068732
7,600,91,tis_anchored,0.9088237262210548,0.005403812501197924
7,600,91,occ_plus_uniform,0.9088237262210548,0.007513230723981357
7,600,91,occ_plus_mean,0.9088237262210548,0.012124836099020042
7,600,91,oracle_tail,0.9088237262210548,0.001292791722579234
7,600,91,complete_rollout,0.9088237262210548,0.02694863150252247
7,600,92,uniform,0.9088237262210548,-0.008751335282428885
7,600,92,learned_occupancy,0.9088237262210548,0.0017763143412147242
7,600,92,learned_mean,0.9088237262210548,0.01056163926809206
7,600,92,tis,0.9088237262210548,0.010948051664888991
7,600,92,tis_anchored,0.9088237262210548,0.011063247106235519
7,600,92,occ_plus_uniform,0.9088237262210548,-0.001065548621252188
7,600,92,occ_plus_mean,0.9088237262210548,0.0018560116758699063
7,600,92,oracle_tail,0.9088237262210548,0.009848013372524278
7,600,92,complete_rollout,0.9088237262210548,-0.028335921343006
7,600,93,uniform,0.9088237262210548,-0.010767971956426092
7,600,93,learned_occupancy,0.9088237262210548,-0.010992332502453683
7,600,93,learned_mean,0.9088237262210548,-0.014520903364583226
7,600,93,tis,0.9088237262210548,-0.031026634842415968
7,600,93,tis_anchored,0.9088237262210548,-0.03311753529751671
7,600,93,occ_plus_uniform,0.9088237262210548,-0.015584420489576645
7,600,93,occ_plus_mean,0.9088237262210548,-0.01220722173016886
7,600,93,oracle_tail,0.9088237262210548,-0.030898045702250188
7,600,93,complete_rollout,0.9088237262210548,-0.042970067684469426
7,600,94,uniform,0.9088237262210548,-0.01253649459211359
7,600,94,learned_occupancy,0.9088237262210548,0.012724658571489855
7,600,94,learned_mean,0.9088237262210548,0.0036907776433562356
7,600,94,tis,0.9088237262210548,-0.005750488975533874
7,600,94,tis_anchored,0.9088237262210548,-0.01129881825582324
7,600,94,occ_plus_uniform,0.9088237262210548,0.004179003233794165
7,600,94,occ_plus_mean,0.9088237262210548,0.011772495065717092
7,600,94,oracle_tail,0.9088237262210548,-0.0013582766911768296
7,600,94,complete_rollout,0.9088237262210548,0.0025583876000834227
7,600,95,uniform,0.9088237262210548,-0.006301920275578077
7,600,95,learned_occupancy,0.9088237262210548,0.008815716094710435
7,600,95,learned_mean,0.9088237262210548,-0.0015672600434563089
7,600,95,tis,0.9088237262210548,-0.005573537348837587
7,600,95,tis_anchored,0.9088237262210548,-0.010204614545873403
7,600,95,occ_plus_uniform,0.9088237262210548,-0.004237008810864529
7,600,95,occ_plus_mean,0.9088237262210548,0.009626023962224228
7,600,95,oracle_tail,0.9088237262210548,0.0038798086927360753
7,600,95,complete_rollout,0.9088237262210548,0.028574647762685035
7,600,96,uniform,0.9088237262210548,-0.016696517752564977
7,600,96,learned_occupancy,0.9088237262210548,-0.023534928361820473
7,600,96,learned_mean,0.9088237262210548,-0.009114770998905897
7,600,96,tis,0.9088237262210548,-0.01941774693839371
7,600,96,tis_anchored,0.9088237262210548,-0.01686396213587804
7,600,96,occ_plus_uniform,0.9088237262210548,-0.017923883894305104
7,600,96,occ_plus_mean,0.9088237262210548,-0.015090056545826958
7,600,96,oracle_tail,0.9088237262210548,-0.00860290980772993
7,600,96,complete_rollout,0.9088237262210548,0.015566517681384284
7,600,97,uniform,0.9088237262210548,-0.02772288662161093
7,600,97,learned_occupancy,0.9088237262210548,-0.03360951056327044
7,600,97,learned_mean,0.9088237262210548,-0.03390235172804523
7,600,97,tis,0.9088237262210548,-0.03743748128093194
7,600,97,tis_anchored,0.9088237262210548,-0.02335172961358223
7,600,97,occ_plus_uniform,0.9088237262210548,-0.038293436927678615
7,600,97,occ_plus_mean,0.9088237262210548,-0.028656157765177714
7,600,97,oracle_tail,0.9088237262210548,-0.016425236347242356
7,600,97,complete_rollout,0.9088237262210548,-0.0006936449202418205
7,600,98,uniform,0.9088237262210548,-0.01938027334367942
7,600,98,learned_occupancy,0.9088237262210548,-0.012786082895125395
7,600,98,learned_mean,0.9088237262210548,-0.04472742962809584
7,600,98,tis,0.9088237262210548,-0.014547324899696457
7,600,98,tis_anchored,0.9088237262210548,-0.024019834287462793
7,600,98,occ_plus_uniform,0.9088237262210548,-0.022228354154630425
7,600,98,occ_plus_mean,0.9088237262210548,-0.018870459213581436
7,600,98,oracle_tail,0.9088237262210548,-0.006599457656253249
7,600,98,complete_rollout,0.9088237262210548,-0.05841722215601408
7,600,99,uniform,0.9088237262210548,0.010536555080155052
7,600,99,learned_occupancy,0.9088237262210548,-0.0022718415138250903
7,600,99,learned_mean,0.9088237262210548,-0.009200491167649538
7,600,99,tis,0.9088237262210548,0.004982068835515552
7,600,99,tis_anchored,0.9088237262210548,0.0009962445616364946
7,600,99,occ_plus_uniform,0.9088237262210548,0.013336005149995889
7,600,99,occ_plus_mean,0.9088237262210548,-0.0035198066174361164
7,600,99,oracle_tail,0.9088237262210548,-0.0002470227592692442
7,600,99,complete_rollout,0.9088237262210548,-0.003945677440566953
7,600,100,uniform,0.9088237262210548,0.014909120551218291
7,600,100,learned_occupancy,0.9088237262210548,0.02542500363660405
7,600,100,learned_mean,0.9088237262210548,0.0130524126270668
7,600,100,tis,0.9088237262210548,0.001007311996002569
7,600,100,tis_anchored,0.9088237262210548,0.01051853229719002
7,600,100,occ_plus_uniform,0.9088237262210548,0.015568090793791733
7,600,100,occ_plus_mean,0.9088237262210548,0.02114425440854073
7,600,100,oracle_tail,0.9088237262210548,0.0023267816888837833
7,600,100,complete_rollout,0.9088237262210548,0.03995676158382322
7,600,101,uniform,0.9088237262210548,0.015398824389548649
7,600,101,learned_occupancy,0.9088237262210548,0.0023847222639005183
7,600,101,learned_mean,0.9088237262210548,-0.006960024631964323
7,600,101,tis,0.9088237262210548,-0.00480496634457761
7,600,101,tis_anchored,0.9088237262210548,-0.0014588415729641646
7,600,101,occ_plus_uniform,0.9088237262210548,0.00535026677539352
7,600,101,occ_plus_mean,0.9088237262210548,0.007855131161573103
7,600,101,oracle_tail,0.9088237262210548,-0.0033238642716517663
7,600,101,complete_rollout,0.9088237262210548,-0.03321397012349381
7,600,102,uniform,0.9088237262210548,0.02663268179775613
7,600,102,learned_occupancy,0.9088237262210548,0.033086500439933
7,600,102,learned_mean,0.9088237262210548,0.027188309873279026
7,600,102,tis,0.9088237262210548,0.05140446221255468
7,600,102,tis_anchored,0.9088237262210548,0.029003663201974006
7,600,102,occ_plus_uniform,0.9088237262210548,0.03631227575966722
7,600,102,occ_plus_mean,0.9088237262210548,0.027736760748573785
7,600,102,oracle_tail,0.9088237262210548,0.033515533283078214
7,600,102,complete_rollout,0.9088237262210548,-0.021831856302355623
7,600,103,uniform,0.9088237262210548,0.0006131779351897793
7,600,103,learned_occupancy,0.9088237262210548,-0.002125188380233567
7,600,103,learned_mean,0.9088237262210548,0.0049063669966395995
7,600,103,tis,0.9088237262210548,-0.008259366397931678
7,600,103,tis_anchored,0.9088237262210548,-0.0003420100308151319
7,600,103,occ_plus_uniform,0.9088237262210548,0.0023069401668596168
7,600,103,occ_plus_mean,0.9088237262210548,0.0008749681850502844
7,600,103,oracle_tail,0.9088237262210548,-0.005127327512036373
7,600,103,complete_rollout,0.9088237262210548,-0.020205840042192946
7,600,104,uniform,0.9088237262210548,0.024585272547257175
7,600,104,learned_occupancy,0.9088237262210548,0.031040139027341263
7,600,104,learned_mean,0.9088237262210548,0.04589711632182902
7,600,104,tis,0.9088237262210548,0.03260986096565466
7,600,104,tis_anchored,0.9088237262210548,0.026595113246400293
7,600,104,occ_plus_uniform,0.9088237262210548,0.025903339958493588
7,600,104,occ_plus_mean,0.9088237262210548,0.02329268332376777
7,600,104,oracle_tail,0.9088237262210548,0.023594309038220795
7,600,104,complete_rollout,0.9088237262210548,-0.02345787256251819
7,600,105,uniform,0.9088237262210548,0.011133465936994491
7,600,105,learned_occupancy,0.9088237262210548,0.028089536405407234
7,600,105,learned_mean,0.9088237262210548,0.01779094111492796
7,600,105,tis,0.9088237262210548,-0.010160949300054622
7,600,105,tis_anchored,0.9088237262210548,0.01628621628209148
7,600,105,occ_plus_uniform,0.9088237262210548,0.011198691543708894
7,600,105,occ_plus_mean,0.9088237262210548,0.027037147534053507
7,600,105,oracle_tail,0.9088237262210548,-0.0033069288927431995
7,600,105,complete_rollout,0.9088237262210548,0.028574647762685035
7,600,106,uniform,0.9088237262210548,-0.005853231675895798
7,600,106,learned_occupancy,0.9088237262210548,-0.01408944313041871
7,600,106,learned_mean,0.9088237262210548,-0.0007227314999816992
7,600,106,tis,0.9088237262210548,0.0009169981063554822
7,600,106,tis_anchored,0.9088237262210548,-0.0112333987394998
7,600,106,occ_plus_uniform,0.9088237262210548,-0.011574995731081006
7,600,106,occ_plus_mean,0.9088237262210548,-0.0178259096067499
7,600,106,oracle_tail,0.9088237262210548,-0.0024126742585545147
7,600,106,complete_rollout,0.9088237262210548,0.004184403860245989
7,600,107,uniform,0.9088237262210548,0.042436158847005134
7,600,107,learned_occupancy,0.9088237262210548,0.04452593046475506
7,600,107,learned_mean,0.9088237262210548,0.05047604177630949
7,600,107,tis,0.9088237262210548,0.03396225818773746
7,600,107,tis_anchored,0.9088237262210548,0.03431898182251969
7,600,107,occ_plus_uniform,0.9088237262210548,0.041975298419104745
7,600,107,occ_plus_mean,0.9088237262210548,0.04812837607105258
7,600,107,oracle_tail,0.9088237262210548,0.020555458569070817
7,600,107,complete_rollout,0.9088237262210548,-0.013701775001542571
7,600,108,uniform,0.9088237262210548,-0.03749402619212838
7,600,108,learned_occupancy,0.9088237262210548,-0.022795835833363753
7,600,108,learned_mean,0.9088237262210548,-0.009796698781091129
7,600,108,tis,0.9088237262210548,-0.01863383176025435
7,600,108,tis_anchored,0.9088237262210548,-0.0038337572766954375
7,600,108,occ_plus_uniform,0.9088237262210548,-0.03642343953093519
7,600,108,occ_plus_mean,0.9088237262210548,-0.019138343939553826
7,600,108,oracle_tail,0.9088237262210548,-0.016777603746226166
7,600,108,complete_rollout,0.9088237262210548,0.007436436380571232
7,600,109,uniform,0.9088237262210548,-0.02382359863591732
7,600,109,learned_occupancy,0.9088237262210548,-0.007417282278630921
7,600,109,learned_mean,0.9088237262210548,-0.010052621376354987
7,600,109,tis,0.9088237262210548,-0.00011142275777686894
7,600,109,tis_anchored,0.9088237262210548,-0.008180327489642925
7,600,109,occ_plus_uniform,0.9088237262210548,-0.012642936144969918
7,600,109,occ_plus_mean,0.9088237262210548,-0.00883852240592875
7,600,109,oracle_tail,0.9088237262210548,0.009134504985978897
7,600,109,complete_rollout,0.9088237262210548,-0.008823726221054762
7,600,110,uniform,0.9088237262210548,0.005340203320629233
7,600,110,learned_occupancy,0.9088237262210548,-0.00036232915635381335
7,600,110,learned_mean,0.9088237262210548,-0.00019398298460548968
7,600,110,tis,0.9088237262210548,-0.008701673742086746
7,600,110,tis_anchored,0.9088237262210548,-0.00014241698172878792
7,600,110,occ_plus_uniform,0.9088237262210548,-0.012464687505831629
7,600,110,occ_plus_mean,0.9088237262210548,0.0007472377202832892
7,600,110,oracle_tail,0.9088237262210548,0.00022682188554945526
7,600,110,complete_rollout,0.9088237262210548,0.01719253394154685
7,600,111,uniform,0.9088237262210548,0.031100397514020495
7,600,111,learned_occupancy,0.9088237262210548,0.028481047266198933
7,600,111,learned_mean,0.9088237262210548,0.028879610347007256
7,600,111,tis,0.9088237262210548,0.038206102411113
7,600,111,tis_anchored,0.9088237262210548,0.03132156762699545
7,600,111,occ_plus_uniform,0.9088237262210548,0.0322258046639321
7,600,111,occ_plus_mean,0.9088237262210548,0.03274878446606955
7,600,111,oracle_tail,0.9088237262210548,0.04577315935226478
7,600,111,complete_rollout,0.9088237262210548,-0.028335921343006
7,600,112,uniform,0.9088237262210548,-0.022844055695823706
7,600,112,learned_occupancy,0.9088237262210548,-1.5744025845254583e-05
7,600,112,learned_mean,0.9088237262210548,-0.008224722554305952
7,600,112,tis,0.9088237262210548,-0.013261370106390724
7,600,112,tis_anchored,0.9088237262210548,-0.011200502035264459
7,600,112,occ_plus_uniform,0.9088237262210548,-0.023341222933879524
7,600,112,occ_plus_mean,0.9088237262210548,-0.012105533935008683
7,600,112,oracle_tail,0.9088237262210548,-0.018099553008478098
7,600,112,complete_rollout,0.9088237262210548,-0.04622210020479467
7,600,113,uniform,0.9088237262210548,0.048411046203271746
7,600,113,learned_occupancy,0.9088237262210548,0.06631811598545378
7,600,113,learned_mean,0.9088237262210548,0.04152996889189087
7,600,113,tis,0.9088237262210548,0.014416168210244273
7,600,113,tis_anchored,0.9088237262210548,0.03161729063765506
7,600,113,occ_plus_uniform,0.9088237262210548,0.05869070579516811
7,600,113,occ_plus_mean,0.9088237262210548,0.052062214082983616
7,600,113,oracle_tail,0.9088237262210548,0.012477073086639812
7,600,113,complete_rollout,0.9088237262210548,0.08873724938870131
7,600,114,uniform,0.9088237262210548,0.021613214025420158
7,600,114,learned_occupancy,0.9088237262210548,0.007148566887040464
7,600,114,learned_mean,0.9088237262210548,-0.007895119333008793
7,600,114,tis,0.9088237262210548,0.012647638134891115
7,600,114,tis_anchored,0.9088237262210548,-0.0011984306629870822
7,600,114,occ_plus_uniform,0.9088237262210548,0.005792959681690246
7,600,114,occ_plus_mean,0.9088237262210548,-0.004205798792798365
7,600,114,oracle_tail,0.9088237262210548,0.01138695244016752
7,600,114,complete_rollout,0.9088237262210548,-0.013701775001542571
7,600,115,uniform,0.9088237262210548,-0.0452929796788033
7,600,115,learned_occupancy,0.9088237262210548,-0.04482507868879704
7,600,115,learned_mean,0.9088237262210548,-0.0528529214169281
7,600,115,tis,0.9088237262210548,-0.03636336350858671
7,600,115,tis_anchored,0.9088237262210548,-0.021109012737635435
7,600,115,occ_plus_uniform,0.9088237262210548,-0.04656507005339461
7,600,115,occ_plus_mean,0.9088237262210548,-0.049188491693993086
7,600,115,oracle_tail,0.9088237262210548,-0.024161895474970385
7,600,115,complete_rollout,0.9088237262210548,0.056216924185449324
7,600,116,uniform,0.9088237262210548,0.005546772353165141
7,600,116,learned_occupancy,0.9088237262210548,0.00016058034856614167
7,600,116,learned_mean,0.9088237262210548,0.009706615142193842
7,600,116,tis,0.9088237262210548,0.008187519026278678
7,600,116,tis_anchored,0.9088237262210548,0.0026345302190619035
7,600,116,occ_plus_uniform,0.9088237262210548,0.011159351148196772
7,600,116,occ_plus_mean,0.9088237262210548,0.007639797855065078
7,600,116,oracle_tail,0.9088237262210548,0.007421640074726454
7,600,116,complete_rollout,0.9088237262210548,0.05459090792528665
7,600,117,uniform,0.9088237262210548,0.024855074804334465
7,600,117,learned_occupancy,0.9088237262210548,0.033162006589401605
7,600,117,learned_mean,0.9088237262210548,0.024515917699207135
7,600,117,tis,0.9088237262210548,0.022720917141602848
7,600,117,tis_anchored,0.9088237262210548,0.03727221296342187
7,600,117,occ_plus_uniform,0.9088237262210548,0.024470522338767453
7,600,117,occ_plus_mean,0.9088237262210548,0.02408675179250097
7,600,117,oracle_tail,0.9088237262210548,0.019037731603995467
7,600,117,complete_rollout,0.9088237262210548,-0.003945677440566953
7,600,118,uniform,0.9088237262210548,0.028699471452830472
7,600,118,learned_occupancy,0.9088237262210548,0.013832491680397907
7,600,118,learned_mean,0.9088237262210548,0.019616647665117393
7,600,118,tis,0.9088237262210548,0.01874742050128886
7,600,118,tis_anchored,0.9088237262210548,0.020491372860016455
7,600,118,occ_plus_uniform,0.9088237262210548,0.017115391279165393
7,600,118,occ_plus_mean,0.9088237262210548,0.00970277012009857
7,600,118,oracle_tail,0.9088237262210548,0.008952841767217112
7,600,118,complete_rollout,0.9088237262210548,-0.008823726221054762
7,600,119,uniform,0.9088237262210548,0.021521471124141933
7,600,119,learned_occupancy,0.9088237262210548,0.029907209910870924
7,600,119,learned_mean,0.9088237262210548,0.03327182618486901
7,600,119,tis,0.9088237262210548,0.025495981857934336
7,600,119,tis_anchored,0.9088237262210548,0.02588503551984389
7,600,119,occ_plus_uniform,0.9088237262210548,0.03334510891963227
7,600,119,occ_plus_mean,0.9088237262210548,0.031087888114344153
7,600,119,oracle_tail,0.9088237262210548,0.01734564265825478
7,600,119,complete_rollout,0.9088237262210548,-0.015327791261705137
7,600,120,uniform,0.9088237262210548,-0.014585859747800245
7,600,120,learned_occupancy,0.9088237262210548,0.0032689230501825595
7,600,120,learned_mean,0.9088237262210548,-0.005945143294571742
7,600,120,tis,0.9088237262210548,0.0029649630164605423
7,600,120,tis_anchored,0.9088237262210548,-0.007660613356070267
7,600,120,occ_plus_uniform,0.9088237262210548,-0.006609779180490438
7,600,120,occ_plus_mean,0.9088237262210548,-0.000794143294898686
7,600,120,oracle_tail,0.9088237262210548,0.014722799833207123
7,600,120,complete_rollout,0.9088237262210548,-0.008823726221054762
7,600,121,uniform,0.9088237262210548,-0.00013916886251996718
7,600,121,learned_occupancy,0.9088237262210548,0.02335520991231821
7,600,121,learned_mean,0.9088237262210548,0.01710134594752577
7,600,121,tis,0.9088237262210548,0.02607528176562579
7,600,121,tis_anchored,0.9088237262210548,0.017476655675671915
7,600,121,occ_plus_uniform,0.9088237262210548,0.0213168863495643
7,600,121,occ_plus_mean,0.9088237262210548,0.02163957418958906
7,600,121,oracle_tail,0.9088237262210548,0.019050983284731093
7,600,121,complete_rollout,0.9088237262210548,-0.04622210020479467
7,600,122,uniform,0.9088237262210548,-0.002072278845244302
7,600,122,learned_occupancy,0.9088237262210548,-0.0020215401941998667
7,600,122,learned_mean,0.9088237262210548,0.007820222803152754
7,600,122,tis,0.9088237262210548,-0.015214566121089068
7,600,122,tis_anchored,0.9088237262210548,-0.009034982030366567
7,600,122,occ_plus_uniform,0.9088237262210548,-0.0019197517679597764
7,600,122,occ_plus_mean,0.9088237262210548,-0.0005170544393733323
7,600,122,oracle_tail,0.9088237262210548,-0.013381695599658072
7,600,122,complete_rollout,0.9088237262210548,0.01719253394154685
7,600,123,uniform,0.9088237262210548,0.016786698099353736
7,600,123,learned_occupancy,0.9088237262210548,0.007316095446215809
7,600,123,learned_mean,0.9088237262210548,0.021844216167165253
7,600,123,tis,0.9088237262210548,0.0008035920115041506
7,600,123,tis_anchored,0.9088237262210548,0.009293565427194839
7,600,123,occ_plus_uniform,0.9088237262210548,0.013590645336278295
7,600,123,occ_plus_mean,0.9088237262210548,0.014117389049225437
7,600,123,oracle_tail,0.9088237262210548,-0.0073947412560674275
7,600,123,complete_rollout,0.9088237262210548,0.018818550201709416
7,600,124,uniform,0.9088237262210548,-0.01935798034789271
7,600,124,learned_occupancy,0.9088237262210548,-0.039482265016961615
7,600,124,learned_mean,0.9088237262210548,-0.030568910077590217
7,600,124,tis,0.9088237262210548,-0.04544748200109594
7,600,124,tis_anchored,0.9088237262210548,-0.03275738956584029
7,600,124,occ_plus_uniform,0.9088237262210548,-0.04578722360702436
7,600,124,occ_plus_mean,0.9088237262210548,-0.026721491941061215
7,600,124,oracle_tail,0.9088237262210548,-0.04866825048515544
7,600,124,complete_rollout,0.9088237262210548,0.010688468900896475
7,600,125,uniform,0.9088237262210548,0.0009539800147984057
7,600,125,learned_occupancy,0.9088237262210548,0.005627248632452897
7,600,125,learned_mean,0.9088237262210548,0.013334195149368844
7,600,125,tis,0.9088237262210548,-0.00013376985475566094
7,600,125,tis_anchored,0.9088237262210548,0.009139181274131603
7,600,125,occ_plus_uniform,0.9088237262210548,0.00620923483690583
7,600,125,occ_plus_mean,0.9088237262210548,0.006519078131261291
7,600,125,oracle_tail,0.9088237262210548,-0.000628681283136312
7,600,125,complete_rollout,0.9088237262210548,0.028574647762685035
7,600,126,uniform,0.9088237262210548,0.002557764592113543
7,600,126,learned_occupancy,0.9088237262210548,0.007707791832285649
7,600,126,learned_mean,0.9088237262210548,0.011655473674054506
7,600,126,tis,0.9088237262210548,0.022262900815111397
7,600,126,tis_anchored,0.9088237262210548,0.01225744294500064
7,600,126,occ_plus_uniform,0.9088237262210548,0.0027558967286536173
7,600,126,occ_plus_mean,0.9088237262210548,0.009659299873412519
7,600,126,oracle_tail,0.9088237262210548,0.008972396102834845
7,600,126,complete_rollout,0.9088237262210548,0.0025583876000834227
7,600,127,uniform,0.9088237262210548,-0.017619261073300363
7,600,127,learned_occupancy,0.9088237262210548,-0.01288119142874744
7,600,127,learned_mean,0.9088237262210548,-0.016635711713945622
7,600,127,tis,0.9088237262210548,0.0013011162642947438
7,600,127,tis_anchored,0.9088237262210548,-0.009897453606590223
7,600,127,occ_plus_uniform,0.9088237262210548,-0.008414369262429666
7,600,127,occ_plus_mean,0.9088237262210548,-0.009443966247213886
7,600,127,oracle_tail,0.9088237262210548,0.0045064315769764995
7,600,127,complete_rollout,0.9088237262210548,0.01719253394154685
7,600,128,uniform,0.9088237262210548,-0.016778246283448706
7,600,128,learned_occupancy,0.9088237262210548,-0.006543392440667262
7,600,128,learned_mean,0.9088237262210548,-0.003251760954159355
7,600,128,tis,0.9088237262210548,-0.0016450779656972392
7,600,128,tis_anchored,0.9088237262210548,0.0018709926512404662
7,600,128,occ_plus_uniform,0.9088237262210548,-0.01078708929480554
7,600,128,occ_plus_mean,0.9088237262210548,-0.005236789577477974
7,600,128,oracle_tail,0.9088237262210548,-0.005539765669799079
7,600,128,complete_rollout,0.9088237262210548,0.007436436380571232
7,600,129,uniform,0.9088237262210548,0.032966325574365074
7,600,129,learned_occupancy,0.9088237262210548,0.030402489939844513
7,600,129,learned_mean,0.9088237262210548,0.030272562616804444
7,600,129,tis,0.9088237262210548,0.027075801433897206
7,600,129,tis_anchored,0.9088237262210548,0.03735685529659438
7,600,129,occ_plus_uniform,0.9088237262210548,0.020539805833121316
7,600,129,occ_plus_mean,0.9088237262210548,0.031220018660959248
7,600,129,oracle_tail,0.9088237262210548,0.013231865356861494
7,600,129,complete_rollout,0.9088237262210548,0.04808684288463627
7,600,130,uniform,0.9088237262210548,-0.017022520086927062
7,600,130,learned_occupancy,0.9088237262210548,-0.010931471174964402
7,600,130,learned_mean,0.9088237262210548,-0.004387588387181118
7,600,130,tis,0.9088237262210548,-0.00633236967997397
7,600,130,tis_anchored,0.9088237262210548,-0.021207611115686698
7,600,130,occ_plus_uniform,0.9088237262210548,-0.00825957124395127
7,600,130,occ_plus_mean,0.9088237262210548,-0.012078389006112022
7,600,130,oracle_tail,0.9088237262210548,-6.053317987420037e-06
7,600,130,complete_rollout,0.9088237262210548,0.02694863150252247
7,600,131,uniform,0.9088237262210548,-0.010214433175980697
7,600,131,learned_occupancy,0.9088237262210548,-0.034743924598636955
7,600,131,learned_mean,0.9088237262210548,-0.01704567473577956
7,600,131,tis,0.9088237262210548,-0.00494982415086731
7,600,131,tis_anchored,0.9088237262210548,-0.005407997986180857
7,600,131,occ_plus_uniform,0.9088237262210548,-0.02378522928243687
7,600,131,occ_plus_mean,0.9088237262210548,-0.020424112108546333
7,600,131,oracle_tail,0.9088237262210548,-0.013388225582669055
7,600,131,complete_rollout,0.9088237262210548,-0.03321397012349381
7,600,132,uniform,0.9088237262210548,0.036443900985223876
7,600,132,learned_occupancy,0.9088237262210548,0.0411737857781338
7,600,132,learned_mean,0.9088237262210548,0.04347908011035384
7,600,132,tis,0.9088237262210548,0.03937271791040231
7,600,132,tis_anchored,0.9088237262210548,0.04300507049177493
7,600,132,occ_plus_uniform,0.9088237262210548,0.0426228586298818
7,600,132,occ_plus_mean,0.9088237262210548,0.03802619705579657
7,600,132,oracle_tail,0.9088237262210548,0.0335219174228466
7,600,132,complete_rollout,0.9088237262210548,0.06109497296593713
7,600,133,uniform,0.9088237262210548,0.015344489338685152
7,600,133,learned_occupancy,0.9088237262210548,0.023658433741497897
7,600,133,learned_mean,0.9088237262210548,0.02214970218575718
7,600,133,tis,0.9088237262210548,0.02407208724004417
7,600,133,tis_anchored,0.9088237262210548,0.009063635611095133
7,600,133,occ_plus_uniform,0.9088237262210548,0.014661401777414818
7,600,133,occ_plus_mean,0.9088237262210548,0.025796130851798993
7,600,133,oracle_tail,0.9088237262210548,0.023518223262959492
7,600,133,complete_rollout,0.9088237262210548,-0.01857982378203038
7,600,134,uniform,0.9088237262210548,-0.003281385324263697
7,600,134,learned_occupancy,0.9088237262210548,-0.009838686830070498
7,600,134,learned_mean,0.9088237262210548,0.01335110578365517
7,600,134,tis,0.9088237262210548,0.006387188454468284
7,600,134,tis_anchored,0.9088237262210548,-0.008322640531562508
7,600,134,occ_plus_uniform,0.9088237262210548,-0.01981542196826591
7,600,134,occ_plus_mean,0.9088237262210548,0.003222412471392988
7,600,134,oracle_tail,0.9088237262210548,-0.006210971532416121
7,600,134,complete_rollout,0.9088237262210548,0.010688468900896475
7,600,135,uniform,0.9088237262210548,-0.009398318880204148
7,600,135,learned_occupancy,0.9088237262210548,-0.003919578035910365
7,600,135,learned_mean,0.9088237262210548,-0.02296934822685226
7,600,135,tis,0.9088237262210548,-0.011993440954621848
7,600,135,tis_anchored,0.9088237262210548,-0.012772707179054321
7,600,135,occ_plus_uniform,0.9088237262210548,-0.006251358657899719
7,600,135,occ_plus_mean,0.9088237262210548,-0.016719145588326545
7,600,135,oracle_tail,0.9088237262210548,-0.014340677088717113
7,600,135,complete_rollout,0.9088237262210548,0.015566517681384284
7,600,136,uniform,0.9088237262210548,-0.03264536622868974
7,600,136,learned_occupancy,0.9088237262210548,-0.03678891697731368
7,600,136,learned_mean,0.9088237262210548,-0.028470026368919932
7,600,136,tis,0.9088237262210548,-0.016160278589485322
7,600,136,tis_anchored,0.9088237262210548,-0.021168265457058077
7,600,136,occ_plus_uniform,0.9088237262210548,-0.04010510103623832
7,600,136,occ_plus_mean,0.9088237262210548,-0.029718571236552083
7,600,136,oracle_tail,0.9088237262210548,-0.021172375170515734
7,600,136,complete_rollout,0.9088237262210548,0.004184403860245989
7,600,137,uniform,0.9088237262210548,0.05279407653546231
7,600,137,learned_occupancy,0.9088237262210548,0.05148533115060183
7,600,137,learned_mean,0.9088237262210548,0.04819146050154821
7,600,137,tis,0.9088237262210548,0.03855426814276908
7,600,137,tis_anchored,0.9088237262210548,0.045545492323010306
7,600,137,occ_plus_uniform,0.9088237262210548,0.045041833545742094
7,600,137,occ_plus_mean,0.9088237262210548,0.06143334291887914
7,600,137,oracle_tail,0.9088237262210548,0.031987522657767276
7,600,137,complete_rollout,0.9088237262210548,0.004184403860245989
7,600,138,uniform,0.9088237262210548,-0.010473341642081913
7,600,138,learned_occupancy,0.9088237262210548,-0.0011361459241553407
7,600,138,learned_mean,0.9088237262210548,0.006182533072789931
7,600,138,tis,0.9088237262210548,-0.0012189380831795216
7,600,138,tis_anchored,0.9088237262210548,0.011442957454482983
7,600,138,occ_plus_uniform,0.9088237262210548,-0.003316049462857129
7,600,138,occ_plus_mean,0.9088237262210548,-0.0016481481527395037
7,600,138,oracle_tail,0.9088237262210548,0.011014304455927104
7,600,138,complete_rollout,0.9088237262210548,-0.038905027034062956
7,600,139,uniform,0.9088237262210548,-0.05351510843239993
7,600,139,learned_occupancy,0.9088237262210548,-0.050535878893833486
7,600,139,learned_mean,0.9088237262210548,-0.06238584084178056
7,600,139,tis,0.9088237262210548,-0.04539784300489058
7,600,139,tis_anchored,0.9088237262210548,-0.034223708832479716
7,600,139,occ_plus_uniform,0.9088237262210548,-0.05632138221317751
7,600,139,occ_plus_mean,0.9088237262210548,-0.05512627042289475
7,600,139,oracle_tail,0.9088237262210548,-0.025898923791165096
7,600,139,complete_rollout,0.9088237262210548,-0.0023196611804043865
7,600,140,uniform,0.9088237262210548,-0.0037630919689823905
7,600,140,learned_occupancy,0.9088237262210548,-0.0044689510597993864
7,600,140,learned_mean,0.9088237262210548,-0.005581622105439776
7,600,140,tis,0.9088237262210548,-0.0014648853851824128
7,600,140,tis_anchored,0.9088237262210548,-0.009650290870486966
7,600,140,occ_plus_uniform,0.9088237262210548,-0.0028653384477118626
7,600,140,occ_plus_mean,0.9088237262210548,-0.00795289571806912
7,600,140,oracle_tail,0.9088237262210548,0.0054058544199178105
7,600,140,complete_rollout,0.9088237262210548,-0.04459608394463199
7,600,141,uniform,0.9088237262210548,-0.0525951443830458
7,600,141,learned_occupancy,0.9088237262210548,-0.04683369949873162
7,600,141,learned_mean,0.9088237262210548,-0.0387269929716505
7,600,141,tis,0.9088237262210548,-0.023818973699606838
7,600,141,tis_anchored,0.9088237262210548,-0.04228047002394797
7,600,141,occ_plus_uniform,0.9088237262210548,-0.03346288239691775
7,600,141,occ_plus_mean,0.9088237262210548,-0.04650173046511863
7,600,141,oracle_tail,0.9088237262210548,-0.00975227608355722
7,600,141,complete_rollout,0.9088237262210548,0.041582777843985896
7,600,142,uniform,0.9088237262210548,-4.541415392533832e-05
7,600,142,learned_occupancy,0.9088237262210548,-0.0033488589608293706
7,600,142,learned_mean,0.9088237262210548,0.00047154151980521863
7,600,142,tis,0.9088237262210548,0.0038888504752199182
7,600,142,tis_anchored,0.9088237262210548,0.010816926230115098
7,600,142,occ_plus_uniform,0.9088237262210548,-0.0006828121900778195
7,600,142,occ_plus_mean,0.9088237262210548,0.001413064005924558
7,600,142,oracle_tail,0.9088237262210548,0.0024176920925872425
7,600,142,complete_rollout,0.9088237262210548,-0.013701775001542571
7,600,143,uniform,0.9088237262210548,0.05533406943579178
7,600,143,learned_occupancy,0.9088237262210548,0.052905603587494965
7,600,143,learned_mean,0.9088237262210548,0.057605198811096714
7,600,143,tis,0.9088237262210548,0.04407143991209728
7,600,143,tis_anchored,0.9088237262210548,0.054433618103820414
7,600,143,occ_plus_uniform,0.9088237262210548,0.03639357762272477
7,600,143,occ_plus_mean,0.9088237262210548,0.05111557377704379
7,600,143,oracle_tail,0.9088237262210548,0.04302058098214334
7,600,143,complete_rollout,0.9088237262210548,-0.010449742481217439
7,600,144,uniform,0.9088237262210548,-0.027172004699564267
7,600,144,learned_occupancy,0.9088237262210548,-0.034429046576631483
7,600,144,learned_mean,0.9088237262210548,-0.028029101574918225
7,600,144,tis,0.9088237262210548,-0.003978187485918605
7,600,144,tis_anchored,0.9088237262210548,-0.02395673991118763
7,600,144,occ_plus_uniform,0.9088237262210548,-0.03447191798181981
7,600,144,occ_plus_mean,0.9088237262210548,-0.027571869202548283
7,600,144,oracle_tail,0.9088237262210548,-0.010314173265850712
7,600,144,complete_rollout,0.9088237262210548,0.0025583876000834227
7,600,145,uniform,0.9088237262210548,0.027531652934169926
7,600,145,learned_occupancy,0.9088237262210548,0.036664596482631207
7,600,145,learned_mean,0.9088237262210548,0.040254053561581626
7,600,145,tis,0.9088237262210548,0.02394836324741545
7,600,145,tis_anchored,0.9088237262210548,0.03742524745146858
7,600,145,occ_plus_uniform,0.9088237262210548,0.03679831403589007
7,600,145,occ_plus_mean,0.9088237262210548,0.033560835907017084
7,600,145,oracle_tail,0.9088237262210548,0.028847502568769
7,600,145,complete_rollout,0.9088237262210548,0.007436436380571232
7,600,146,uniform,0.9088237262210548,-0.05980435149641061
7,600,146,learned_occupancy,0.9088237262210548,-0.057118153977181785
7,600,146,learned_mean,0.9088237262210548,-0.05084573530730441
7,600,146,tis,0.9088237262210548,-0.053886589958893394
7,600,146,tis_anchored,0.9088237262210548,-0.04695393868323383
7,600,146,occ_plus_uniform,0.9088237262210548,-0.05389599407888912
7,600,146,occ_plus_mean,0.9088237262210548,-0.05563394016804102
7,600,146,oracle_tail,0.9088237262210548,-0.03821360252347228
7,600,146,complete_rollout,0.9088237262210548,0.012314485161059041
7,600,147,uniform,0.9088237262210548,0.002590918633596395
7,600,147,learned_occupancy,0.9088237262210548,-0.012590014085301915
7,600,147,learned_mean,0.9088237262210548,-0.010395654191361792
7,600,147,tis,0.9088237262210548,-0.007982774753013455
7,600,147,tis_anchored,0.9088237262210548,-0.01107949017359211
7,600,147,occ_plus_uniform,0.9088237262210548,-0.006716930883487682
7,600,147,occ_plus_mean,0.9088237262210548,-0.003672870172781839
7,600,147,oracle_tail,0.9088237262210548,-0.015213940650845914
7,600,147,complete_rollout,0.9088237262210548,-0.028335921343006
7,600,148,uniform,0.9088237262210548,0.04214475822184516
7,600,148,learned_occupancy,0.9088237262210548,0.021535655160816458
7,600,148,learned_mean,0.9088237262210548,0.011986053795121632
7,600,148,tis,0.9088237262210548,0.02327255885970303
7,600,148,tis_anchored,0.9088237262210548,0.02335662875742739
7,600,148,occ_plus_uniform,0.9088237262210548,0.028382460996917325
7,600,148,occ_plus_mean,0.9088237262210548,0.021738634571509707
7,600,148,oracle_tail,0.9088237262210548,0.021350758215237464
7,600,148,complete_rollout,0.9088237262210548,0.013940501421221607
7,600,149,uniform,0.9088237262210548,0.04675243215974134
7,600,149,learned_occupancy,0.9088237262210548,0.023102428478310455
7,600,149,learned_mean,0.9088237262210548,0.03745084473227822
7,600,149,tis,0.9088237262210548,0.04839199368168623
7,600,149,tis_anchored,0.9088237262210548,0.040531993320923165
7,600,149,occ_plus_uniform,0.9088237262210548,0.02496849952562441
7,600,149,occ_plus_mean,0.9088237262210548,0.03917164982150534
7,600,149,oracle_tail,0.9088237262210548,0.045891944121863815
7,600,149,complete_rollout,0.9088237262210548,-0.03646600264381905
7,600,150,uniform,0.9088237262210548,-0.017181993787678262
7,600,150,learned_occupancy,0.9088237262210548,-0.014461548854934225
7,600,150,learned_mean,0.9088237262210548,-0.023586317812499757
7,600,150,tis,0.9088237262210548,-0.021270763593263853
7,600,150,tis_anchored,0.9088237262210548,-0.016691708270369143
7,600,150,occ_plus_uniform,0.9088237262210548,-0.01121733408284753
7,600,150,occ_plus_mean,0.9088237262210548,-0.014996807698640424
7,600,150,oracle_tail,0.9088237262210548,-0.02383457968328162
7,600,150,complete_rollout,0.9088237262210548,0.004184403860245989
7,600,151,uniform,0.9088237262210548,0.036918154737998865
7,600,151,learned_occupancy,0.9088237262210548,0.032115706570545965
7,600,151,learned_mean,0.9088237262210548,0.022682327795314094
7,600,151,tis,0.9088237262210548,0.02718786303313503
7,600,151,tis_anchored,0.9088237262210548,0.024250079328405172
7,600,151,occ_plus_uniform,0.9088237262210548,0.026218209706726947
7,600,151,occ_plus_mean,0.9088237262210548,0.03482080280689248
7,600,151,oracle_tail,0.9088237262210548,0.016150452228705814
7,600,151,complete_rollout,0.9088237262210548,-0.02345787256251819
7,600,152,uniform,0.9088237262210548,-0.012950956753483345
7,600,152,learned_occupancy,0.9088237262210548,0.00015169961183014724
7,600,152,learned_mean,0.9088237262210548,0.00440042378369232
7,600,152,tis,0.9088237262210548,-0.016073039918490295
7,600,152,tis_anchored,0.9088237262210548,-0.00864205505454918
7,600,152,occ_plus_uniform,0.9088237262210548,-0.004772463409362437
7,600,152,occ_plus_mean,0.9088237262210548,-0.006457413688833236
7,600,152,oracle_tail,0.9088237262210548,-0.028908105494278358
7,600,152,complete_rollout,0.9088237262210548,-0.042970067684469426
7,600,153,uniform,0.9088237262210548,0.012850781585854398
7,600,153,learned_occupancy,0.9088237262210548,0.007546134744348509
7,600,153,learned_mean,0.9088237262210548,0.008879865879398152
7,600,153,tis,0.9088237262210548,0.002016316484454106
7,600,153,tis_anchored,0.9088237262210548,-0.005215975955878638
7,600,153,occ_plus_uniform,0.9088237262210548,0.010416473395970072
7,600,153,occ_plus_mean,0.9088237262210548,0.014092175818948838
7,600,153,oracle_tail,0.9088237262210548,-0.004721945792202642
7,600,153,complete_rollout,0.9088237262210548,0.059468956705774456
7,600,154,uniform,0.9088237262210548,-0.02671349010938162
7,600,154,learned_occupancy,0.9088237262210548,-0.017896434707635134
7,600,154,learned_mean,0.9088237262210548,-0.019620837954765435
7,600,154,tis,0.9088237262210548,-0.038549392630287116
7,600,154,tis_anchored,0.9088237262210548,-0.029278238544550028
7,600,154,occ_plus_uniform,0.9088237262210548,-0.01966077502676289
7,600,154,occ_plus_mean,0.9088237262210548,-0.013478938714720612
7,600,154,oracle_tail,0.9088237262210548,-0.024973408528043972
7,600,154,complete_rollout,0.9088237262210548,-0.007197709960892196
7,600,155,uniform,0.9088237262210548,0.03270066867778332
7,600,155,learned_occupancy,0.9088237262210548,0.028573396137594687
7,600,155,learned_mean,0.9088237262210548,0.022363478506501777
7,600,155,tis,0.9088237262210548,0.0066283775086423136
7,600,155,tis_anchored,0.9088237262210548,0.015563361047198465
7,600,155,occ_plus_uniform,0.9088237262210548,0.021634049663025734
7,600,155,occ_plus_mean,0.9088237262210548,0.026101167557765925
7,600,155,oracle_tail,0.9088237262210548,-0.0002661836888181446
7,600,155,complete_rollout,0.9088237262210548,0.013940501421221607
7,600,156,uniform,0.9088237262210548,-0.0021394409462001107
7,600,156,learned_occupancy,0.9088237262210548,-0.007489607930973863
7,600,156,learned_mean,0.9088237262210548,-0.011353902019441309
7,600,156,tis,0.9088237262210548,-0.007568119508711724
7,600,156,tis_anchored,0.9088237262210548,-0.009282912180985536
7,600,156,occ_plus_uniform,0.9088237262210548,-0.012838163088025212
7,600,156,occ_plus_mean,0.9088237262210548,-0.005537735941727462
7,600,156,oracle_tail,0.9088237262210548,-0.011148246009234142
7,600,156,complete_rollout,0.9088237262210548,-0.008823726221054762
7,600,157,uniform,0.9088237262210548,0.015505588483402888
7,600,157,learned_occupancy,0.9088237262210548,0.01987311253187285
7,600,157,learned_mean,0.9088237262210548,0.01974768695562179
7,600,157,tis,0.9088237262210548,0.015441780879274725
7,600,157,tis_anchored,0.9088237262210548,0.008203121001468805
7,600,157,occ_plus_uniform,0.9088237262210548,0.023398204988686055
7,600,157,occ_plus_mean,0.9088237262210548,0.02347666597177045
7,600,157,oracle_tail,0.9088237262210548,0.013423187025613514
7,600,157,complete_rollout,0.9088237262210548,0.009062452640733798
7,600,158,uniform,0.9088237262210548,-0.00481871035061654
7,600,158,learned_occupancy,0.9088237262210548,-0.00032672819271195586
7,600,158,learned_mean,0.9088237262210548,0.0067264442654307866
7,600,158,tis,0.9088237262210548,0.0050137631121355275
7,600,158,tis_anchored,0.9088237262210548,-0.004210465351006221
7,600,158,occ_plus_uniform,0.9088237262210548,-0.0023162176727531403
7,600,158,occ_plus_mean,0.9088237262210548,0.0025977029320607414
7,600,158,oracle_tail,0.9088237262210548,0.016689948082678763
7,600,158,complete_rollout,0.9088237262210548,-0.012075758741380005
7,600,159,uniform,0.9088237262210548,-0.04072599299728841
7,600,159,learned_occupancy,0.9088237262210548,-0.06213953746777756
7,600,159,learned_mean,0.9088237262210548,-0.05441985075220035
7,600,159,tis,0.9088237262210548,-0.03886424005206168
7,600,159,tis_anchored,0.9088237262210548,-0.04602672738966629
7,600,159,occ_plus_uniform,0.9088237262210548,-0.04426692287376832
7,600,159,occ_plus_mean,0.9088237262210548,-0.0651014688290874
7,600,159,oracle_tail,0.9088237262210548,-0.023844370025135064
7,600,159,complete_rollout,0.9088237262210548,0.07735513556756313
7,600,160,uniform,0.9088237262210548,0.040197265606647936
7,600,160,learned_occupancy,0.9088237262210548,0.039013913715391535
7,600,160,learned_mean,0.9088237262210548,0.03507172219858956
7,600,160,tis,0.9088237262210548,0.015840013875814907
7,600,160,tis_anchored,0.9088237262210548,0.024415745950138068
7,600,160,occ_plus_uniform,0.9088237262210548,0.025863250193220555
7,600,160,occ_plus_mean,0.9088237262210548,0.035910149595497876
7,600,160,oracle_tail,0.9088237262210548,0.01506904665440012
7,600,160,complete_rollout,0.9088237262210548,0.009062452640733798
7,600,161,uniform,0.9088237262210548,0.009477429221464106
7,600,161,learned_occupancy,0.9088237262210548,-0.0031336721365374798
7,600,161,learned_mean,0.9088237262210548,-0.00029085617271840114
7,600,161,tis,0.9088237262210548,0.006184172537781918
7,600,161,tis_anchored,0.9088237262210548,-0.0024016780770225177
7,600,161,occ_plus_uniform,0.9088237262210548,0.000934964345474798
7,600,161,occ_plus_mean,0.9088237262210548,-0.014171061525289463
7,600,161,oracle_tail,0.9088237262210548,-0.002592991812050527
7,600,161,complete_rollout,0.9088237262210548,0.023696598982197226
7,600,162,uniform,0.9088237262210548,-0.0438872603373639
7,600,162,learned_occupancy,0.9088237262210548,-0.03040179531102083
7,600,162,learned_mean,0.9088237262210548,-0.038385125777428586
7,600,162,tis,0.9088237262210548,-0.057006425513029924
7,600,162,tis_anchored,0.9088237262210548,-0.05064036478236067
7,600,162,occ_plus_uniform,0.9088237262210548,-0.037657899942177386
7,600,162,occ_plus_mean,0.9088237262210548,-0.03773946800804484
7,600,162,oracle_tail,0.9088237262210548,-0.043475059728644294
7,600,162,complete_rollout,0.9088237262210548,-0.007197709960892196
7,600,163,uniform,0.9088237262210548,-0.002289889492481545
7,600,163,learned_occupancy,0.9088237262210548,-0.004310012634413551
7,600,163,learned_mean,0.9088237262210548,-0.005136895631674743
7,600,163,tis,0.9088237262210548,0.008220126127660432
7,600,163,tis_anchored,0.9088237262210548,-0.02030927684663275
7,600,163,occ_plus_uniform,0.9088237262210548,-0.012349194820558407
7,600,163,occ_plus_mean,0.9088237262210548,0.0026687222596347704
7,600,163,oracle_tail,0.9088237262210548,0.006332878309458501
7,600,163,complete_rollout,0.9088237262210548,-0.0023196611804043865
7,600,164,uniform,0.9088237262210548,-0.026799125380443378
7,600,164,learned_occupancy,0.9088237262210548,-0.02010996876140514
7,600,164,learned_mean,0.9088237262210548,-0.011987347127238701
7,600,164,tis,0.9088237262210548,-0.012643579561499863
7,600,164,tis_anchored,0.9088237262210548,0.005299124912160225
7,600,164,occ_plus_uniform,0.9088237262210548,-0.027208087704061912
7,600,164,occ_plus_mean,0.9088237262210548,-0.011458067629945723
7,600,164,oracle_tail,0.9088237262210548,0.0001858060774467818
7,600,164,complete_rollout,0.9088237262210548,0.01719253394154685
7,600,165,uniform,0.9088237262210548,-0.03256027505547099
7,600,165,learned_occupancy,0.9088237262210548,-0.036018848013017024
7,600,165,learned_mean,0.9088237262210548,-0.043223885274436546
7,600,165,tis,0.9088237262210548,-0.02850978649481062
7,600,165,tis_anchored,0.9088237262210548,-0.028382645854715394
7,600,165,occ_plus_uniform,0.9088237262210548,-0.03857245152350153
7,600,165,occ_plus_mean,0.9088237262210548,-0.03477165135802407
7,600,165,oracle_tail,0.9088237262210548,-0.026529953192986122
7,600,165,complete_rollout,0.9088237262210548,-0.028335921343006
7,600,166,uniform,0.9088237262210548,0.038721172329042264
7,600,166,learned_occupancy,0.9088237262210548,0.0473269532052889
7,600,166,learned_mean,0.9088237262210548,0.03859086711462589
7,600,166,tis,0.9088237262210548,0.055204853845872814
7,600,166,tis_anchored,0.9088237262210548,0.06274492829780598
7,600,166,occ_plus_uniform,0.9088237262210548,0.04724883223416598
7,600,166,occ_plus_mean,0.9088237262210548,0.04404954419613838
7,600,166,oracle_tail,0.9088237262210548,0.04814464483220415
7,600,166,complete_rollout,0.9088237262210548,0.015566517681384284
7,600,167,uniform,0.9088237262210548,0.008101543073303907
7,600,167,learned_occupancy,0.9088237262210548,0.009817653760906375
7,600,167,learned_mean,0.9088237262210548,0.025740597628884032
7,600,167,tis,0.9088237262210548,0.018691846956536362
7,600,167,tis_anchored,0.9088237262210548,0.026696802625710392
7,600,167,occ_plus_uniform,0.9088237262210548,0.0020203481045819593
7,600,167,occ_plus_mean,0.9088237262210548,0.016433210599679615
7,600,167,oracle_tail,0.9088237262210548,0.023977533992091016
7,600,167,complete_rollout,0.9088237262210548,-0.029961937603168565
7,600,168,uniform,0.9088237262210548,0.029123365083784436
7,600,168,learned_occupancy,0.9088237262210548,-0.009143156108186723
7,600,168,learned_mean,0.9088237262210548,0.003353270164395572
7,600,168,tis,0.9088237262210548,0.024212947046104105
7,600,168,tis_anchored,0.9088237262210548,0.011646919346836815
7,600,168,occ_plus_uniform,0.9088237262210548,0.01751388505717233
7,600,168,occ_plus_mean,0.9088237262210548,-0.009351223266846898
7,600,168,oracle_tail,0.9088237262210548,0.015730328901297774
7,600,168,complete_rollout,0.9088237262210548,0.004184403860245989
7,600,169,uniform,0.9088237262210548,-0.034214023015492256
7,600,169,learned_occupancy,0.9088237262210548,-0.034366956648865576
7,600,169,learned_mean,0.9088237262210548,-0.03895040958531837
7,600,169,tis,0.9088237262210548,-0.0279628726877984
7,600,169,tis_anchored,0.9088237262210548,-0.027899480488158823
7,600,169,occ_plus_uniform,0.9088237262210548,-0.02529118021590626
7,600,169,occ_plus_mean,0.9088237262210548,-0.043395298921546144
7,600,169,oracle_tail,0.9088237262210548,-0.0300617946192816
7,600,169,complete_rollout,0.9088237262210548,-0.007197709960892196
7,600,170,uniform,0.9088237262210548,-0.03898613993637767
7,600,170,learned_occupancy,0.9088237262210548,-0.012350798194355028
7,600,170,learned_mean,0.9088237262210548,-0.01220580517366776
7,600,170,tis,0.9088237262210548,-0.005433975969386218
7,600,170,tis_anchored,0.9088237262210548,-0.01885877578843065
7,600,170,occ_plus_uniform,0.9088237262210548,-0.027361326825831145
7,600,170,occ_plus_mean,0.9088237262210548,-0.009620872971601635
7,600,170,oracle_tail,0.9088237262210548,-0.007355915258336454
7,600,170,complete_rollout,0.9088237262210548,-0.020205840042192946
7,600,171,uniform,0.9088237262210548,0.0019296969849884604
7,600,171,learned_occupancy,0.9088237262210548,-0.014880121763519716
7,600,171,learned_mean,0.9088237262210548,-0.010555496811843423
7,600,171,tis,0.9088237262210548,0.016174646702849182
7,600,171,tis_anchored,0.9088237262210548,-0.006025713627523133
7,600,171,occ_plus_uniform,0.9088237262210548,-0.0056331136565402895
7,600,171,occ_plus_mean,0.9088237262210548,-0.009760417374207964
7,600,171,oracle_tail,0.9088237262210548,0.006258784137465723
7,600,171,complete_rollout,0.9088237262210548,-0.043783075814550765
7,600,172,uniform,0.9088237262210548,0.004507173449719071
7,600,172,learned_occupancy,0.9088237262210548,-0.00411657874510174
7,600,172,learned_mean,0.9088237262210548,-0.009887865322508627
7,600,172,tis,0.9088237262210548,0.012625363216172802
7,600,172,tis_anchored,0.9088237262210548,0.004378154317127514
7,600,172,occ_plus_uniform,0.9088237262210548,0.006880429487469364
7,600,172,occ_plus_mean,0.9088237262210548,-0.0003411974284187602
7,600,172,oracle_tail,0.9088237262210548,0.013808737373297575
7,600,172,complete_rollout,0.9088237262210548,0.06109497296593713
7,600,173,uniform,0.9088237262210548,-0.01885243035134776
7,600,173,learned_occupancy,0.9088237262210548,0.011028120776566785
7,600,173,learned_mean,0.9088237262210548,0.008080347831489365
7,600,173,tis,0.9088237262210548,0.010307050490421465
7,600,173,tis_anchored,0.9088237262210548,0.004343535334837556
7,600,173,occ_plus_uniform,0.9088237262210548,0.005477887151738803
7,600,173,occ_plus_mean,0.9088237262210548,0.010876003896729158
7,600,173,oracle_tail,0.9088237262210548,0.004992725467956816
7,600,173,complete_rollout,0.9088237262210548,-0.0706123441072336
7,600,174,uniform,0.9088237262210548,-0.025274567599998243
7,600,174,learned_occupancy,0.9088237262210548,-0.030275060015163224
7,600,174,learned_mean,0.9088237262210548,-0.027659235976431717
7,600,174,tis,0.9088237262210548,-0.02650183773631498
7,600,174,tis_anchored,0.9088237262210548,-0.012325172065652201
7,600,174,occ_plus_uniform,0.9088237262210548,-0.029907080393843488
7,600,174,occ_plus_mean,0.9088237262210548,-0.030954146068428057
7,600,174,oracle_tail,0.9088237262210548,-0.0194516370379324
7,600,174,complete_rollout,0.9088237262210548,0.06759903800658751
7,600,175,uniform,0.9088237262210548,0.026620467200939912
7,600,175,learned_occupancy,0.9088237262210548,0.021908727562836128
7,600,175,learned_mean,0.9088237262210548,0.015811583993829537
7,600,175,tis,0.9088237262210548,0.029104520192249517
7,600,175,tis_anchored,0.9088237262210548,0.025196993284567926
7,600,175,occ_plus_uniform,0.9088237262210548,0.019942314775257097
7,600,175,occ_plus_mean,0.9088237262210548,0.01279980831747729
7,600,175,oracle_tail,0.9088237262210548,0.021033800978170425
7,600,175,complete_rollout,0.9088237262210548,-0.03158795386333124
7,600,176,uniform,0.9088237262210548,0.014430662861761312
7,600,176,learned_occupancy,0.9088237262210548,0.019785033550008158
7,600,176,learned_mean,0.9088237262210548,0.01068671397581078
7,600,176,tis,0.9088237262210548,0.023520234614792468
7,600,176,tis_anchored,0.9088237262210548,0.02135490837596088
7,600,176,occ_plus_uniform,0.9088237262210548,0.016753233942175316
7,600,176,occ_plus_mean,0.9088237262210548,0.006621867510613333
7,600,176,oracle_tail,0.9088237262210548,0.016778780520017245
7,600,176,complete_rollout,0.9088237262210548,-0.010449742481217439
7,600,177,uniform,0.9088237262210548,-0.023506597286016895
7,600,177,learned_occupancy,0.9088237262210548,-0.01615458053605523
7,600,177,learned_mean,0.9088237262210548,-0.01888959403115764
7,600,177,tis,0.9088237262210548,-0.0004890006136826219
7,600,177,tis_anchored,0.9088237262210548,-0.002486878049901331
7,600,177,occ_plus_uniform,0.9088237262210548,-0.03100581442010164
7,600,177,occ_plus_mean,0.9088237262210548,-0.020184701440595365
7,600,177,oracle_tail,0.9088237262210548,0.010077103872282778
7,600,177,complete_rollout,0.9088237262210548,-0.02345787256251819
7,600,178,uniform,0.9088237262210548,0.002746578906336561
7,600,178,learned_occupancy,0.9088237262210548,0.0045360276692185675
7,600,178,learned_mean,0.9088237262210548,0.004423276803517839
7,600,178,tis,0.9088237262210548,0.0233892218230648
7,600,178,tis_anchored,0.9088237262210548,0.023658260550113108
7,600,178,occ_plus_uniform,0.9088237262210548,0.006487891492618081
7,600,178,occ_plus_mean,0.9088237262210548,0.0016110150113779476
7,600,178,oracle_tail,0.9088237262210548,0.015501425703731142
7,600,178,complete_rollout,0.9088237262210548,0.01719253394154685
7,600,179,uniform,0.9088237262210548,0.007235567954765321
7,600,179,learned_occupancy,0.9088237262210548,0.011235246139506105
7,600,179,learned_mean,0.9088237262210548,0.002960221759668258
7,600,179,tis,0.9088237262210548,-8.941251371430425e-05
7,600,179,tis_anchored,0.9088237262210548,0.010095754524857004
7,600,179,occ_plus_uniform,0.9088237262210548,-0.0045876047902754236
7,600,179,occ_plus_mean,0.9088237262210548,0.011731835317186357
7,600,179,oracle_tail,0.9088237262210548,-0.006413982267010732
7,600,179,complete_rollout,0.9088237262210548,-0.008823726221054762
7,600,180,uniform,0.9088237262210548,0.041689826940765506
7,600,180,learned_occupancy,0.9088237262210548,0.0420957257690775
7,600,180,learned_mean,0.9088237262210548,0.03730045186924169
7,600,180,tis,0.9088237262210548,0.025015443321052766
7,600,180,tis_anchored,0.9088237262210548,0.0367959887091891
7,600,180,occ_plus_uniform,0.9088237262210548,0.03984133757805308
7,600,180,occ_plus_mean,0.9088237262210548,0.03592065239467401
7,600,180,oracle_tail,0.9088237262210548,0.024034932412869803
7,600,180,complete_rollout,0.9088237262210548,-0.030774945733249903
7,600,181,uniform,0.9088237262210548,-0.016706118911565815
7,600,181,learned_occupancy,0.9088237262210548,-0.015680186977678146
7,600,181,learned_mean,0.9088237262210548,-0.003908317674746864
7,600,181,tis,0.9088237262210548,-0.038780961494698896
7,600,181,tis_anchored,0.9088237262210548,-0.011697860657744141
7,600,181,occ_plus_uniform,0.9088237262210548,-0.021634351555752773
7,600,181,occ_plus_mean,0.9088237262210548,-0.00801948924779039
7,600,181,oracle_tail,0.9088237262210548,-0.03447039978557587
7,600,181,complete_rollout,0.9088237262210548,0.04808684288463627
7,600,182,uniform,0.9088237262210548,0.01539683562531835
7,600,182,learned_occupancy,0.9088237262210548,0.015840206299228443
7,600,182,learned_mean,0.9088237262210548,-0.0011977216579962535
7,600,182,tis,0.9088237262210548,0.02747789209100382
7,600,182,tis_anchored,0.9088237262210548,0.02930816653960755
7,600,182,occ_plus_uniform,0.9088237262210548,0.009368141197115931
7,600,182,occ_plus_mean,0.9088237262210548,0.009131480033362394
7,600,182,oracle_tail,0.9088237262210548,0.019925893836506003
7,600,182,complete_rollout,0.9088237262210548,0.08711123312853875
7,600,183,uniform,0.9088237262210548,0.0005750696910402642
7,600,183,learned_occupancy,0.9088237262210548,-0.014061022901964204
7,600,183,learned_mean,0.9088237262210548,0.00803616336397206
7,600,183,tis,0.9088237262210548,-0.0025086130938707374
7,600,183,tis_anchored,0.9088237262210548,-0.01579083160466288
7,600,183,occ_plus_uniform,0.9088237262210548,-0.013598584491472776
7,600,183,occ_plus_mean,0.9088237262210548,-0.003616120201832107
7,600,183,oracle_tail,0.9088237262210548,-0.010669958313297312
7,600,183,complete_rollout,0.9088237262210548,-0.029961937603168565
7,600,184,uniform,0.9088237262210548,-0.011280257998163568
7,600,184,learned_occupancy,0.9088237262210548,-0.023347710824959123
7,600,184,learned_mean,0.9088237262210548,-0.018797711090045355
7,600,184,tis,0.9088237262210548,-0.017155362477631386
7,600,184,tis_anchored,0.9088237262210548,-0.0260622304450554
7,600,184,occ_plus_uniform,0.9088237262210548,-0.0199900798197038
7,600,184,occ_plus_mean,0.9088237262210548,-0.017221774744098695
7,600,184,oracle_tail,0.9088237262210548,-0.0036538185223604636
7,600,184,complete_rollout,0.9088237262210548,-0.05841722215601408
7,600,185,uniform,0.9088237262210548,0.014835493291528667
7,600,185,learned_occupancy,0.9088237262210548,0.004072656167129707
7,600,185,learned_mean,0.9088237262210548,0.01914190608833466
7,600,185,tis,0.9088237262210548,0.004276681270002358
7,600,185,tis_anchored,0.9088237262210548,0.008928623993288531
7,600,185,occ_plus_uniform,0.9088237262210548,0.017436829484925198
7,600,185,occ_plus_mean,0.9088237262210548,0.014443851797884655
7,600,185,oracle_tail,0.9088237262210548,0.005550101686729425
7,600,185,complete_rollout,0.9088237262210548,-0.0023196611804043865
7,600,186,uniform,0.9088237262210548,-0.042252457642242836
7,600,186,learned_occupancy,0.9088237262210548,-0.03919704858909889
7,600,186,learned_mean,0.9088237262210548,-0.04134552427418603
7,600,186,tis,0.9088237262210548,-0.0470397514448212
7,600,186,tis_anchored,0.9088237262210548,-0.060049819566633356
7,600,186,occ_plus_uniform,0.9088237262210548,-0.04819267250076009
7,600,186,occ_plus_mean,0.9088237262210548,-0.05248335740218557
7,600,186,oracle_tail,0.9088237262210548,-0.028721104011518173
7,600,186,complete_rollout,0.9088237262210548,0.03995676158382322
7,600,187,uniform,0.9088237262210548,0.03149299781416115
7,600,187,learned_occupancy,0.9088237262210548,0.041180636290919836
7,600,187,learned_mean,0.9088237262210548,0.04218122811824809
7,600,187,tis,0.9088237262210548,0.04934076732994541
7,600,187,tis_anchored,0.9088237262210548,0.03691239206433594
7,600,187,occ_plus_uniform,0.9088237262210548,0.03482405714332715
7,600,187,occ_plus_mean,0.9088237262210548,0.03753464774187831
7,600,187,oracle_tail,0.9088237262210548,0.04250056656463519
7,600,187,complete_rollout,0.9088237262210548,-0.04622210020479467
7,600,188,uniform,0.9088237262210548,0.022859587187684105
7,600,188,learned_occupancy,0.9088237262210548,0.020862595946231632
7,600,188,learned_mean,0.9088237262210548,0.02162849478060469
7,600,188,tis,0.9088237262210548,-0.012485642088000737
7,600,188,tis_anchored,0.9088237262210548,0.015077088084778256
7,600,188,occ_plus_uniform,0.9088237262210548,0.02143706710258131
7,600,188,occ_plus_mean,0.9088237262210548,0.02496033662894348
7,600,188,oracle_tail,0.9088237262210548,0.0017005552366688992
7,600,188,complete_rollout,0.9088237262210548,0.046460826624473706
7,600,189,uniform,0.9088237262210548,0.025972328289871283
7,600,189,learned_occupancy,0.9088237262210548,0.0025673545648333684
7,600,189,learned_mean,0.9088237262210548,0.00550244528065813
7,600,189,tis,0.9088237262210548,0.005904803072134812
7,600,189,tis_anchored,0.9088237262210548,-0.006271595452951417
7,600,189,occ_plus_uniform,0.9088237262210548,-0.005760522636976018
7,600,189,occ_plus_mean,0.9088237262210548,0.007873354794948773
7,600,189,oracle_tail,0.9088237262210548,0.005882844544965016
7,600,189,complete_rollout,0.9088237262210548,0.0838592006082135
7,600,190,uniform,0.9088237262210548,-0.04685187121257639
7,600,190,learned_occupancy,0.9088237262210548,-0.031151409557064302
7,600,190,learned_mean,0.9088237262210548,-0.02438340833101693
7,600,190,tis,0.9088237262210548,-0.005610418312345211
7,600,190,tis_anchored,0.9088237262210548,-0.018774624945623875
7,600,190,occ_plus_uniform,0.9088237262210548,-0.04366875190165964
7,600,190,occ_plus_mean,0.9088237262210548,-0.02343389314219191
7,600,190,oracle_tail,0.9088237262210548,-0.021577475072569463
7,600,190,complete_rollout,0.9088237262210548,0.025322615242359903
7,600,191,uniform,0.9088237262210548,0.011247159353255376
7,600,191,learned_occupancy,0.9088237262210548,0.00618613083172348
7,600,191,learned_mean,0.9088237262210548,0.004709995984015447
7,600,191,tis,0.9088237262210548,0.011151138018501316
7,600,191,tis_anchored,0.9088237262210548,0.009516143810151534
7,600,191,occ_plus_uniform,0.9088237262210548,0.009188757783827994
7,600,191,occ_plus_mean,0.9088237262210548,0.0008538365959589456
7,600,191,oracle_tail,0.9088237262210548,0.01053199653171566
7,600,191,complete_rollout,0.9088237262210548,0.04320879410414846
7,600,192,uniform,0.9088237262210548,0.03870546614079595
7,600,192,learned_occupancy,0.9088237262210548,0.050040663441026645
7,600,192,learned_mean,0.9088237262210548,0.02931528305037534
7,600,192,tis,0.9088237262210548,0.03488740776340804
7,600,192,tis_anchored,0.9088237262210548,0.04718557847340321
7,600,192,occ_plus_uniform,0.9088237262210548,0.05596609896994509
7,600,192,occ_plus_mean,0.9088237262210548,0.03828705850634784
7,600,192,oracle_tail,0.9088237262210548,0.032415780736816835
7,600,192,complete_rollout,0.9088237262210548,0.0627209892260997
7,600,193,uniform,0.9088237262210548,0.014872541535466577
7,600,193,learned_occupancy,0.9088237262210548,0.023078787251984312
7,600,193,learned_mean,0.9088237262210548,0.014080123031465663
7,600,193,tis,0.9088237262210548,0.016773320845636652
7,600,193,tis_anchored,0.9088237262210548,0.008789630085379363
7,600,193,occ_plus_uniform,0.9088237262210548,0.022527246700289494
7,600,193,occ_plus_mean,0.9088237262210548,0.01811712963261336
7,600,193,oracle_tail,0.9088237262210548,0.008434848630391012
7,600,193,complete_rollout,0.9088237262210548,-0.008823726221054762
7,600,194,uniform,0.9088237262210548,-0.035899794058889545
7,600,194,learned_occupancy,0.9088237262210548,-0.027616986404266908
7,600,194,learned_mean,0.9088237262210548,-0.03325200273098061
7,600,194,tis,0.9088237262210548,-0.03661187408974098
7,600,194,tis_anchored,0.9088237262210548,-0.03450479916866922
7,600,194,occ_plus_uniform,0.9088237262210548,-0.033085998141010986
7,600,194,occ_plus_mean,0.9088237262210548,-0.031570959505469176
7,600,194,oracle_tail,0.9088237262210548,-0.0390017894067638
7,600,194,complete_rollout,0.9088237262210548,-0.020205840042192946
7,600,195,uniform,0.9088237262210548,0.0042092308509182885
7,600,195,learned_occupancy,0.9088237262210548,0.0077329282552022205
7,600,195,learned_mean,0.9088237262210548,0.007604034059823794
7,600,195,tis,0.9088237262210548,0.012405376455744022
7,600,195,tis_anchored,0.9088237262210548,0.008155925696564648
7,600,195,occ_plus_uniform,0.9088237262210548,0.01101447658856447
7,600,195,occ_plus_mean,0.9088237262210548,0.013338384014209614
7,600,195,oracle_tail,0.9088237262210548,0.018558909659367795
7,600,195,complete_rollout,0.9088237262210548,-0.020205840042192946
7,600,196,uniform,0.9088237262210548,-0.018922271922367062
7,600,196,learned_occupancy,0.9088237262210548,-0.00685272987815988
7,600,196,learned_mean,0.9088237262210548,-0.004285773552830441
7,600,196,tis,0.9088237262210548,-0.008263875429199152
7,600,196,tis_anchored,0.9088237262210548,0.0009142009004663443
7,600,196,occ_plus_uniform,0.9088237262210548,-0.0022444231060746445
7,600,196,occ_plus_mean,0.9088237262210548,0.0011175288309051012
7,600,196,oracle_tail,0.9088237262210548,-0.025609076735724767
7,600,196,complete_rollout,0.9088237262210548,0.08060716808788826
7,600,197,uniform,0.9088237262210548,-0.006383612358844437
7,600,197,learned_occupancy,0.9088237262210548,-0.002279746259812754
7,600,197,learned_mean,0.9088237262210548,-0.0143514174835494
7,600,197,tis,0.9088237262210548,0.007993094967666536
7,600,197,tis_anchored,0.9088237262210548,-0.0066731930061068034
7,600,197,occ_plus_uniform,0.9088237262210548,-0.007040180542995378
7,600,197,occ_plus_mean,0.9088237262210548,-0.005079497005835765
7,600,197,oracle_tail,0.9088237262210548,0.0016910565297026947
7,600,197,complete_rollout,0.9088237262210548,-0.008823726221054762
7,600,198,uniform,0.9088237262210548,0.02280708580118118
7,600,198,learned_occupancy,0.9088237262210548,0.02373335197711479
7,600,198,learned_mean,0.9088237262210548,0.02805503379709562
7,600,198,tis,0.9088237262210548,0.02614851788544137
7,600,198,tis_anchored,0.9088237262210548,0.034102799984188525
7,600,198,occ_plus_uniform,0.9088237262210548,0.019495617571978485
7,600,198,occ_plus_mean,0.9088237262210548,0.01883481749514848
7,600,198,oracle_tail,0.9088237262210548,0.02418590361313322
7,600,198,complete_rollout,0.9088237262210548,0.02694863150252247
7,600,199,uniform,0.9088237262210548,0.0005528384010805576
7,600,199,learned_occupancy,0.9088237262210548,0.010255535530169668
7,600,199,learned_mean,0.9088237262210548,-0.0008495251413296323
7,600,199,tis,0.9088237262210548,0.008949803832539294
7,600,199,tis_anchored,0.9088237262210548,0.013484960338723151
7,600,199,occ_plus_uniform,0.9088237262210548,0.010866896285585681
7,600,199,occ_plus_mean,0.9088237262210548,0.013201821679372006
7,600,199,oracle_tail,0.9088237262210548,0.013115258211017222
7,600,199,complete_rollout,0.9088237262210548,-0.05353917337552638
7,600,200,uniform,0.9088237262210548,-0.021850186788182513
7,600,200,learned_occupancy,0.9088237262210548,-0.04612564651888362
7,600,200,learned_mean,0.9088237262210548,-0.03744582460124746
7,600,200,tis,0.9088237262210548,-0.019594111089522803
7,600,200,tis_anchored,0.9088237262210548,-0.03861869791421868
7,600,200,occ_plus_uniform,0.9088237262210548,-0.034255089073557676
7,600,200,occ_plus_mean,0.9088237262210548,-0.03342017265188946
7,600,200,oracle_tail,0.9088237262210548,-0.021601937697953266
7,600,200,complete_rollout,0.9088237262210548,-0.03971803516414418
7,600,201,uniform,0.9088237262210548,-0.008653986308558959
7,600,201,learned_occupancy,0.9088237262210548,0.004224642780102816
7,600,201,learned_mean,0.9088237262210548,0.008449119409811412
7,600,201,tis,0.9088237262210548,-0.010692550891185038
7,600,201,tis_anchored,0.9088237262210548,-0.002007968570972407
7,600,201,occ_plus_uniform,0.9088237262210548,0.013230579376642515
7,600,201,occ_plus_mean,0.9088237262210548,0.001398435269270304
7,600,201,oracle_tail,0.9088237262210548,-0.01829237903767722
7,600,201,complete_rollout,0.9088237262210548,-0.012075758741380005
7,600,202,uniform,0.9088237262210548,0.029064830201696146
7,600,202,learned_occupancy,0.9088237262210548,0.029737823655077378
7,600,202,learned_mean,0.9088237262210548,0.02129185899935493
7,600,202,tis,0.9088237262210548,0.01579056181453309
7,600,202,tis_anchored,0.9088237262210548,0.025898610322293014
7,600,202,occ_plus_uniform,0.9088237262210548,0.03410883635732742
7,600,202,occ_plus_mean,0.9088237262210548,0.0256861259493516
7,600,202,oracle_tail,0.9088237262210548,0.00130142342180406
7,600,202,complete_rollout,0.9088237262210548,-0.03646600264381905
7,600,203,uniform,0.9088237262210548,0.0011605507656127223
7,600,203,learned_occupancy,0.9088237262210548,-0.0059290087176803175
7,600,203,learned_mean,0.9088237262210548,-0.0005154258318804672
7,600,203,tis,0.9088237262210548,-0.005575169014477743
7,600,203,tis_anchored,0.9088237262210548,0.005376795305080284
7,600,203,occ_plus_uniform,0.9088237262210548,0.012172946066720591
7,600,203,occ_plus_mean,0.9088237262210548,-0.008821104615913566
7,600,203,oracle_tail,0.9088237262210548,0.004158736545022634
7,600,203,complete_rollout,0.9088237262210548,-0.07792941727796532
7,600,204,uniform,0.9088237262210548,0.02273975506462045
7,600,204,learned_occupancy,0.9088237262210548,0.029549767370809277
7,600,204,learned_mean,0.9088237262210548,0.030585853395791007
7,600,204,tis,0.9088237262210548,-0.004156028340309148
7,600,204,tis_anchored,0.9088237262210548,0.015508924109443156
7,600,204,occ_plus_uniform,0.9088237262210548,0.03772184965719183
7,600,204,occ_plus_mean,0.9088237262210548,0.04080001367069508
7,600,204,oracle_tail,0.9088237262210548,0.0030381440459672504
7,600,204,complete_rollout,0.9088237262210548,-0.00557169370072963
7,600,205,uniform,0.9088237262210548,0.035700820100579844
7,600,205,learned_occupancy,0.9088237262210548,0.049216325875310885
7,600,205,learned_mean,0.9088237262210548,0.04037406598033999
7,600,205,tis,0.9088237262210548,0.030865973453785278
7,600,205,tis_anchored,0.9088237262210548,0.03643301397128762
7,600,205,occ_plus_uniform,0.9088237262210548,0.04727741839001787
7,600,205,occ_plus_mean,0.9088237262210548,0.04120422893792208
7,600,205,oracle_tail,0.9088237262210548,0.023031669698720947
7,600,205,complete_rollout,0.9088237262210548,0.0025583876000834227
7,600,206,uniform,0.9088237262210548,-0.023494744682532098
7,600,206,learned_occupancy,0.9088237262210548,-0.027070841861849604
7,600,206,learned_mean,0.9088237262210548,-0.014777515083525095
7,600,206,tis,0.9088237262210548,-0.023503403614698493
7,600,206,tis_anchored,0.9088237262210548,-0.014999309070838795
7,600,206,occ_plus_uniform,0.9088237262210548,-0.016564483919391138
7,600,206,occ_plus_mean,0.9088237262210548,-0.013337898083399025
7,600,206,oracle_tail,0.9088237262210548,-0.028891322152490018
7,600,206,complete_rollout,0.9088237262210548,-0.028335921343006
7,600,207,uniform,0.9088237262210548,-0.024652925537298587
7,600,207,learned_occupancy,0.9088237262210548,-0.04597626950717171
7,600,207,learned_mean,0.9088237262210548,-0.023663691105834106
7,600,207,tis,0.9088237262210548,-0.019267319585318354
7,600,207,tis_anchored,0.9088237262210548,-0.019938028908866756
7,600,207,occ_plus_uniform,0.9088237262210548,-0.05410603999710306
7,600,207,occ_plus_mean,0.9088237262210548,-0.040618242513795644
7,600,207,oracle_tail,0.9088237262210548,-0.020492696803905308
7,600,207,complete_rollout,0.9088237262210548,0.0025583876000834227
7,600,208,uniform,0.9088237262210548,-0.0014423915449605085
7,600,208,learned_occupancy,0.9088237262210548,0.0004721305340438242
7,600,208,learned_mean,0.9088237262210548,0.013872281050104074
7,600,208,tis,0.9088237262210548,0.028918583023114675
7,600,208,tis_anchored,0.9088237262210548,0.01358557708304664
7,600,208,occ_plus_uniform,0.9088237262210548,0.0007730680934452394
7,600,208,occ_plus_mean,0.9088237262210548,0.012739810134014817
7,600,208,oracle_tail,0.9088237262210548,0.014330645549642473
7,600,208,complete_rollout,0.9088237262210548,0.009062452640733798
7,600,209,uniform,0.9088237262210548,-0.01303165247351834
7,600,209,learned_occupancy,0.9088237262210548,-0.015012978746913097
7,600,209,learned_mean,0.9088237262210548,-0.015980163326028696
7,600,209,tis,0.9088237262210548,0.0011512375380984263
7,600,209,tis_anchored,0.9088237262210548,-0.013023519221668334
7,600,209,occ_plus_uniform,0.9088237262210548,-0.012722821762201408
7,600,209,occ_plus_mean,0.9088237262210548,-0.01351596808543798
7,600,209,oracle_tail,0.9088237262210548,0.012767785774797535
7,600,209,complete_rollout,0.9088237262210548,-0.013701775001542571
7,600,210,uniform,0.9088237262210548,-0.02043726090796094
7,600,210,learned_occupancy,0.9088237262210548,-0.028710082242193624
7,600,210,learned_mean,0.9088237262210548,-0.013565409110835702
7,600,210,tis,0.9088237262210548,-0.02917737209695359
7,600,210,tis_anchored,0.9088237262210548,-0.028331135211488445
7,600,210,occ_plus_uniform,0.9088237262210548,-0.009394441299586331
7,600,210,occ_plus_mean,0.9088237262210548,-0.021575304987714428
7,600,210,oracle_tail,0.9088237262210548,-0.013267059226798383
7,600,210,complete_rollout,0.9088237262210548,-0.003945677440566953
7,600,211,uniform,0.9088237262210548,-0.018520109900685866
7,600,211,learned_occupancy,0.9088237262210548,-0.007624569624367639
7,600,211,learned_mean,0.9088237262210548,-0.013334945286740174
7,600,211,tis,0.9088237262210548,-0.007430781893093652
7,600,211,tis_anchored,0.9088237262210548,-0.00938574631571698
7,600,211,occ_plus_uniform,0.9088237262210548,-0.011636619978111384
7,600,211,occ_plus_mean,0.9088237262210548,-0.011973811816592406
7,600,211,oracle_tail,0.9088237262210548,-0.00492885282966693
7,600,211,complete_rollout,0.9088237262210548,0.03995676158382322
7,600,212,uniform,0.9088237262210548,-0.016694000623044825
7,600,212,learned_occupancy,0.9088237262210548,-0.027161116648747652
7,600,212,learned_mean,0.9088237262210548,-0.016703716596438656
7,600,212,tis,0.9088237262210548,-0.035483395345556445
7,600,212,tis_anchored,0.9088237262210548,-0.03188847155783214
7,600,212,occ_plus_uniform,0.9088237262210548,-0.024567116444987436
7,600,212,occ_plus_mean,0.9088237262210548,-0.027241563401145585
7,600,212,oracle_tail,0.9088237262210548,-0.03987069193636661
7,600,212,complete_rollout,0.9088237262210548,0.028574647762685035
7,600,213,uniform,0.9088237262210548,-0.00798338335478943
7,600,213,learned_occupancy,0.9088237262210548,-0.01207292810141436
7,600,213,learned_mean,0.9088237262210548,-0.025333826509728152
7,600,213,tis,0.9088237262210548,0.011407539343432527
7,600,213,tis_anchored,0.9088237262210548,-0.003526436873775407
7,600,213,occ_plus_uniform,0.9088237262210548,-0.009828364225739517
7,600,213,occ_plus_mean,0.9088237262210548,-0.013893142050468432
7,600,213,oracle_tail,0.9088237262210548,-0.009383540555163217
7,600,213,complete_rollout,0.9088237262210548,0.018818550201709416
7,600,214,uniform,0.9088237262210548,-0.004052302794871343
7,600,214,learned_occupancy,0.9088237262210548,-0.012402520158328878
7,600,214,learned_mean,0.9088237262210548,-0.032431630404745615
7,600,214,tis,0.9088237262210548,-0.023076719380581423
7,600,214,tis_anchored,0.9088237262210548,-0.015962136226915224
7,600,214,occ_plus_uniform,0.9088237262210548,-0.012794653005782752
7,600,214,occ_plus_mean,0.9088237262210548,-0.014905575079387834
7,600,214,oracle_tail,0.9088237262210548,-0.01958164667522011
7,600,214,complete_rollout,0.9088237262210548,0.007436436380571232
7,600,215,uniform,0.9088237262210548,0.005154200795452923
7,600,215,learned_occupancy,0.9088237262210548,0.007107278651945159
7,600,215,learned_mean,0.9088237262210548,0.016186856427881646
7,600,215,tis,0.9088237262210548,0.013899160716019598
7,600,215,tis_anchored,0.9088237262210548,0.011460782312016637
7,600,215,occ_plus_uniform,0.9088237262210548,-0.0003000786639609787
7,600,215,occ_plus_mean,0.9088237262210548,0.01886848485489656
7,600,215,oracle_tail,0.9088237262210548,0.018325199360128663
7,600,215,complete_rollout,0.9088237262210548,0.023696598982197226
7,600,216,uniform,0.9088237262210548,0.005804026455300204
7,600,216,learned_occupancy,0.9088237262210548,0.002895757263055243
7,600,216,learned_mean,0.9088237262210548,0.006254369792976444
7,600,216,tis,0.9088237262210548,0.02445507946862202
7,600,216,tis_anchored,0.9088237262210548,0.011205704586219056
7,600,216,occ_plus_uniform,0.9088237262210548,0.006218004263117027
7,600,216,occ_plus_mean,0.9088237262210548,0.002063732525700579
7,600,216,oracle_tail,0.9088237262210548,0.03120985983013469
7,600,216,complete_rollout,0.9088237262210548,-0.0470351083348759
7,600,217,uniform,0.9088237262210548,0.01867817868353039
7,600,217,learned_occupancy,0.9088237262210548,-0.008117597642620766
7,600,217,learned_mean,0.9088237262210548,-0.0017800750090353201
7,600,217,tis,0.9088237262210548,-0.007378695978163097
7,600,217,tis_anchored,0.9088237262210548,-0.00395743455418085
7,600,217,occ_plus_uniform,0.9088237262210548,0.006624587781589031
7,600,217,occ_plus_mean,0.9088237262210548,-0.005339534054998651
7,600,217,oracle_tail,0.9088237262210548,0.00045590589148503113
7,600,217,complete_rollout,0.9088237262210548,0.03507871280333541
7,600,218,uniform,0.9088237262210548,0.013422495254705957
7,600,218,learned_occupancy,0.9088237262210548,-0.016420140441712805
7,600,218,learned_mean,0.9088237262210548,-0.0063646671191716075
7,600,218,tis,0.9088237262210548,0.007683938616742547
7,600,218,tis_anchored,0.9088237262210548,-0.004270967960584127
7,600,218,occ_plus_uniform,0.9088237262210548,-0.007150291827306199
7,600,218,occ_plus_mean,0.9088237262210548,-0.015020806779112772
7,600,218,oracle_tail,0.9088237262210548,-0.008845786861869764
7,600,218,complete_rollout,0.9088237262210548,-0.0494741327251198
7,600,219,uniform,0.9088237262210548,-0.04177181440621136
7,600,219,learned_occupancy,0.9088237262210548,-0.01633252491918935
7,600,219,learned_mean,0.9088237262210548,-0.019134450070930953
7,600,219,tis,0.9088237262210548,-0.010791563216069
7,600,219,tis_anchored,0.9088237262210548,-0.014445599416961552
7,600,219,occ_plus_uniform,0.9088237262210548,-0.04958096686661895
7,600,219,occ_plus_mean,0.9088237262210548,-0.032741545887578605
7,600,219,oracle_tail,0.9088237262210548,-0.011263188115837375
7,600,219,complete_rollout,0.9088237262210548,0.012314485161059041
7,600,220,uniform,0.9088237262210548,-0.016332025392729155
7,600,220,learned_occupancy,0.9088237262210548,-0.003196821829898888
7,600,220,learned_mean,0.9088237262210548,0.0046994964016962015
7,600,220,tis,0.9088237262210548,0.0008638487719023757
7,600,220,tis_anchored,0.9088237262210548,-0.005572480084444553
7,600,220,occ_plus_uniform,0.9088237262210548,-0.00019117483660457957
7,600,220,occ_plus_mean,0.9088237262210548,0.0016404780140357733
7,600,220,oracle_tail,0.9088237262210548,0.0071794675443228595
7,600,220,complete_rollout,0.9088237262210548,-0.0006936449202418205
7,600,221,uniform,0.9088237262210548,0.011961894855316957
7,600,221,learned_occupancy,0.9088237262210548,0.0012309747429208873
7,600,221,learned_mean,0.9088237262210548,-0.011006619855697175
7,600,221,tis,0.9088237262210548,0.0006960123330137513
7,600,221,tis_anchored,0.9088237262210548,-0.006432658397738877
7,600,221,occ_plus_uniform,0.9088237262210548,0.0077711700091698255
7,600,221,occ_plus_mean,0.9088237262210548,-0.00705281311356154
7,600,221,oracle_tail,0.9088237262210548,-0.00837159580557223
7,600,221,complete_rollout,0.9088237262210548,-0.04134405142430686
7,600,222,uniform,0.9088237262210548,-0.03682938400084812
7,600,222,learned_occupancy,0.9088237262210548,-0.029852945885496363
7,600,222,learned_mean,0.9088237262210548,-0.03364939281720858
7,600,222,tis,0.9088237262210548,-0.025693453553388146
7,600,222,tis_anchored,0.9088237262210548,-0.018717308766966645
7,600,222,occ_plus_uniform,0.9088237262210548,-0.035007569321572674
7,600,222,occ_plus_mean,0.9088237262210548,-0.03288739337499014
7,600,222,oracle_tail,0.9088237262210548,-0.015835715419247887
7,600,222,complete_rollout,0.9088237262210548,0.023696598982197226
7,600,223,uniform,0.9088237262210548,-0.016160959994445778
7,600,223,learned_occupancy,0.9088237262210548,-0.01808388503612124
7,600,223,learned_mean,0.9088237262210548,-0.02099573524447007
7,600,223,tis,0.9088237262210548,0.00023761494817398088
7,600,223,tis_anchored,0.9088237262210548,-0.0042955349861037995
7,600,223,occ_plus_uniform,0.9088237262210548,-0.023902869790640713
7,600,223,occ_plus_mean,0.9088237262210548,-0.01642633588049547
7,600,223,oracle_tail,0.9088237262210548,0.008544068959927986
7,600,223,complete_rollout,0.9088237262210548,0.004184403860245989
7,600,224,uniform,0.9088237262210548,-0.012323252477178914
7,600,224,learned_occupancy,0.9088237262210548,-0.022699716879980736
7,600,224,learned_mean,0.9088237262210548,-0.03934526571817876
7,600,224,tis,0.9088237262210548,-0.01574651265186422
7,600,224,tis_anchored,0.9088237262210548,-0.034012909262354674
7,600,224,occ_plus_uniform,0.9088237262210548,-0.034323584796886464
7,600,224,occ_plus_mean,0.9088237262210548,-0.030136150690623253
7,600,224,oracle_tail,0.9088237262210548,-0.02851977826017771
7,600,224,complete_rollout,0.9088237262210548,-0.01857982378203038
7,600,225,uniform,0.9088237262210548,0.020912790505308365
7,600,225,learned_occupancy,0.9088237262210548,0.035510396909899766
7,600,225,learned_mean,0.9088237262210548,0.028018131162262483
7,600,225,tis,0.9088237262210548,0.003275227661111546
7,600,225,tis_anchored,0.9088237262210548,0.018949932619016674
7,600,225,occ_plus_uniform,0.9088237262210548,0.026133825283982337
7,600,225,occ_plus_mean,0.9088237262210548,0.03215601494448517
7,600,225,oracle_tail,0.9088237262210548,0.013896444569935218
7,600,225,complete_rollout,0.9088237262210548,0.0302006640228476
7,600,226,uniform,0.9088237262210548,0.015712094476506233
7,600,226,learned_occupancy,0.9088237262210548,0.022187365611380128
7,600,226,learned_mean,0.9088237262210548,0.007249213047121894
7,600,226,tis,0.9088237262210548,0.013577570423743412
7,600,226,tis_anchored,0.9088237262210548,0.012734781355439151
7,600,226,occ_plus_uniform,0.9088237262210548,0.015905638092991614
7,600,226,occ_plus_mean,0.9088237262210548,0.01410569407626483
7,600,226,oracle_tail,0.9088237262210548,0.0073081906572483035
7,600,226,complete_rollout,0.9088237262210548,-0.03646600264381905
7,600,227,uniform,0.9088237262210548,0.006662795509888575
7,600,227,learned_occupancy,0.9088237262210548,-0.009358447374501755
7,600,227,learned_mean,0.9088237262210548,-0.011298976807635142
7,600,227,tis,0.9088237262210548,-0.01686140827068472
7,600,227,tis_anchored,0.9088237262210548,-0.009650597287540585
7,600,227,occ_plus_uniform,0.9088237262210548,-0.0035724086402466604
7,600,227,occ_plus_mean,0.9088237262210548,-0.016718284982740417
7,600,227,oracle_tail,0.9088237262210548,-0.023197758385633316
7,600,227,complete_rollout,0.9088237262210548,0.04320879410414846
7,600,228,uniform,0.9088237262210548,-0.019858405327401463
7,600,228,learned_occupancy,0.9088237262210548,-0.01244405518929903
7,600,228,learned_mean,0.9088237262210548,-0.018180805284717882
7,600,228,tis,0.9088237262210548,-0.016737911342674328
7,600,228,tis_anchored,0.9088237262210548,-0.027082737817155755
7,600,228,occ_plus_uniform,0.9088237262210548,-0.01391679859570838
7,600,228,occ_plus_mean,0.9088237262210548,-0.01980266730070157
7,600,228,oracle_tail,0.9088237262210548,-0.003217304041678637
7,600,228,complete_rollout,0.9088237262210548,0.009062452640733798
7,600,229,uniform,0.9088237262210548,0.012508627622071389
7,600,229,learned_occupancy,0.9088237262210548,0.01585761334637803
7,600,229,learned_mean,0.9088237262210548,-0.0002746232789092584
7,600,229,tis,0.9088237262210548,0.0037187782331632446
7,600,229,tis_anchored,0.9088237262210548,-0.00404599379009396
7,600,229,occ_plus_uniform,0.9088237262210548,0.004210872449166958
7,600,229,occ_plus_mean,0.9088237262210548,0.009997129037513486
7,600,229,oracle_tail,0.9088237262210548,-0.003316619343058491
7,600,229,complete_rollout,0.9088237262210548,0.03670472906349809
7,600,230,uniform,0.9088237262210548,-0.010890941739142068
7,600,230,learned_occupancy,0.9088237262210548,-0.020233126097788934
7,600,230,learned_mean,0.9088237262210548,-0.028361078521603633
7,600,230,tis,0.9088237262210548,-0.03246489717572032
7,600,230,tis_anchored,0.9088237262210548,-0.022917012487637445
7,600,230,occ_plus_uniform,0.9088237262210548,-0.030756871618153436
7,600,230,occ_plus_mean,0.9088237262210548,-0.020370799340732604
7,600,230,oracle_tail,0.9088237262210548,-0.026280219490460666
7,600,230,complete_rollout,0.9088237262210548,0.018818550201709416
7,600,231,uniform,0.9088237262210548,-0.022968938803682448
7,600,231,learned_occupancy,0.9088237262210548,-0.014289107681103141
7,600,231,learned_mean,0.9088237262210548,-0.018162508091676965
7,600,231,tis,0.9088237262210548,-0.0337501353699019
7,600,231,tis_anchored,0.9088237262210548,-0.013486474703055529
7,600,231,occ_plus_uniform,0.9088237262210548,-0.03690406533330348
7,600,231,occ_plus_mean,0.9088237262210548,-0.020590802836237376
7,600,231,oracle_tail,0.9088237262210548,-0.028206500055109496
7,600,231,complete_rollout,0.9088237262210548,0.007436436380571232
7,600,232,uniform,0.9088237262210548,-0.01425379312316144
7,600,232,learned_occupancy,0.9088237262210548,-0.002355977558191169
7,600,232,learned_mean,0.9088237262210548,-0.01971911756743705
7,600,232,tis,0.9088237262210548,-0.016766461899228036
7,600,232,tis_anchored,0.9088237262210548,-0.011497854370881688
7,600,232,occ_plus_uniform,0.9088237262210548,-0.0050060159974163465
7,600,232,occ_plus_mean,0.9088237262210548,-0.011660995485264336
7,600,232,oracle_tail,0.9088237262210548,-0.008635116896638984
7,600,232,complete_rollout,0.9088237262210548,0.03670472906349809
7,600,233,uniform,0.9088237262210548,0.016853276939709727
7,600,233,learned_occupancy,0.9088237262210548,0.02825352806087167
7,600,233,learned_mean,0.9088237262210548,0.024064348865918572
7,600,233,tis,0.9088237262210548,0.015733787733957505
7,600,233,tis_anchored,0.9088237262210548,0.013024309366005182
7,600,233,occ_plus_uniform,0.9088237262210548,0.02445782153683429
7,600,233,occ_plus_mean,0.9088237262210548,0.0280891837913686
7,600,233,oracle_tail,0.9088237262210548,0.018604519802222552
7,600,233,complete_rollout,0.9088237262210548,0.04320879410414846
7,600,234,uniform,0.9088237262210548,-0.03984672723891314
7,600,234,learned_occupancy,0.9088237262210548,-0.03202481570206506
7,600,234,learned_mean,0.9088237262210548,-0.030736396563136092
7,600,234,tis,0.9088237262210548,-0.02245978576317531
7,600,234,tis_anchored,0.9088237262210548,-0.00792377302381364
7,600,234,occ_plus_uniform,0.9088237262210548,-0.034901744975499915
7,600,234,occ_plus_mean,0.9088237262210548,-0.036900858621784494
7,600,234,oracle_tail,0.9088237262210548,-0.02270963054647057
7,600,234,complete_rollout,0.9088237262210548,0.07247708678707532
7,600,235,uniform,0.9088237262210548,0.016461131851558175
7,600,235,learned_occupancy,0.9088237262210548,0.010567035700048244
7,600,235,learned_mean,0.9088237262210548,0.01935123311876441
7,600,235,tis,0.9088237262210548,0.023003117071314194
7,600,235,tis_anchored,0.9088237262210548,0.026381761407163973
7,600,235,occ_plus_uniform,0.9088237262210548,0.002149429558021221
7,600,235,occ_plus_mean,0.9088237262210548,0.007789116300279009
7,600,235,oracle_tail,0.9088237262210548,0.03222094103309425
7,600,235,complete_rollout,0.9088237262210548,0.007436436380571232
7,600,236,uniform,0.9088237262210548,0.008628302069170979
7,600,236,learned_occupancy,0.9088237262210548,0.005369923235963303
7,600,236,learned_mean,0.9088237262210548,0.009114499150118083
7,600,236,tis,0.9088237262210548,0.012733571443632075
7,600,236,tis_anchored,0.9088237262210548,0.007574362048216043
7,600,236,occ_plus_uniform,0.9088237262210548,0.00934798020387606
7,600,236,occ_plus_mean,0.9088237262210548,-0.002097788755605956
7,600,236,oracle_tail,0.9088237262210548,0.0027457111099310483
7,600,236,complete_rollout,0.9088237262210548,-0.05110014898528248
7,600,237,uniform,0.9088237262210548,0.002212821299140466
7,600,237,learned_occupancy,0.9088237262210548,0.0068460553928806345
7,600,237,learned_mean,0.9088237262210548,0.002595874333171322
7,600,237,tis,0.9088237262210548,-0.015169148393319176
7,600,237,tis_anchored,0.9088237262210548,-0.0037787651652705367
7,600,237,occ_plus_uniform,0.9088237262210548,0.007710419285709369
7,600,237,occ_plus_mean,0.9088237262210548,-0.0010094070519678366
7,600,237,oracle_tail,0.9088237262210548,-0.006389053718578341
7,600,237,complete_rollout,0.9088237262210548,0.03995676158382322
7,600,238,uniform,0.9088237262210548,0.0075915565357336234
7,600,238,learned_occupancy,0.9088237262210548,0.016446716243940895
7,600,238,learned_mean,0.9088237262210548,0.01847477454197466
7,600,238,tis,0.9088237262210548,-0.005397645397839934
7,600,238,tis_anchored,0.9088237262210548,-0.0031404748799491733
7,600,238,occ_plus_uniform,0.9088237262210548,0.025194550866624033
7,600,238,occ_plus_mean,0.9088237262210548,0.01932877310937453
7,600,238,oracle_tail,0.9088237262210548,0.0010743210283834514
7,600,238,complete_rollout,0.9088237262210548,-0.034839986383656374
7,600,239,uniform,0.9088237262210548,0.03207378737412059
7,600,239,learned_occupancy,0.9088237262210548,0.03293790821173859
7,600,239,learned_mean,0.9088237262210548,0.03672530855345901
7,600,239,tis,0.9088237262210548,0.028011480113667497
7,600,239,tis_anchored,0.9088237262210548,0.03398527553735786
7,600,239,occ_plus_uniform,0.9088237262210548,0.044303004439420146
7,600,239,occ_plus_mean,0.9088237262210548,0.03169312853246864
7,600,239,oracle_tail,0.9088237262210548,0.025580922696087804
7,600,239,complete_rollout,0.9088237262210548,-0.00557169370072963
7,600,240,uniform,0.9088237262210548,0.030824582194739714
7,600,240,learned_occupancy,0.9088237262210548,0.0058796508758716115
7,600,240,learned_mean,0.9088237262210548,0.003948738167166788
7,600,240,tis,0.9088237262210548,-0.0002361246928030969
7,600,240,tis_anchored,0.9088237262210548,-0.006383534321676043
7,600,240,occ_plus_uniform,0.9088237262210548,0.01482934495657795
7,600,240,occ_plus_mean,0.9088237262210548,-1.8360997825372927e-05
7,600,240,oracle_tail,0.9088237262210548,-0.002381782535559984
7,600,240,complete_rollout,0.9088237262210548,-0.0494741327251198
7,600,241,uniform,0.9088237262210548,-0.008656768500426515
7,600,241,learned_occupancy,0.9088237262210548,0.016953654194654888
7,600,241,learned_mean,0.9088237262210548,-0.005335997591436437
7,600,241,tis,0.9088237262210548,-3.068602558986555e-05
7,600,241,tis_anchored,0.9088237262210548,-0.0008288889406125044
7,600,241,occ_plus_uniform,0.9088237262210548,-0.010075438147445492
7,600,241,occ_plus_mean,0.9088237262210548,-0.004061051851170894
7,600,241,oracle_tail,0.9088237262210548,-0.0036993041921501435
7,600,241,complete_rollout,0.9088237262210548,-0.008823726221054762
7,600,242,uniform,0.9088237262210548,-0.03609813895711167
7,600,242,learned_occupancy,0.9088237262210548,-0.04500901418407921
7,600,242,learned_mean,0.9088237262210548,-0.04657106779423892
7,600,242,tis,0.9088237262210548,-0.03410316912914546
7,600,242,tis_anchored,0.9088237262210548,-0.038210099119188934
7,600,242,occ_plus_uniform,0.9088237262210548,-0.032872154565119605
7,600,242,occ_plus_mean,0.9088237262210548,-0.03946650123991802
7,600,242,oracle_tail,0.9088237262210548,-0.04369404205171967
7,600,242,complete_rollout,0.9088237262210548,0.03507871280333541
7,600,243,uniform,0.9088237262210548,-0.011210595419822167
7,600,243,learned_occupancy,0.9088237262210548,-0.01670945263479673
7,600,243,learned_mean,0.9088237262210548,-0.01603782563703804
7,600,243,tis,0.9088237262210548,-0.005801215474472321
7,600,243,tis_anchored,0.9088237262210548,-0.01947986473756802
7,600,243,occ_plus_uniform,0.9088237262210548,-0.01915152602397663
7,600,243,occ_plus_mean,0.9088237262210548,-0.014196617169749959
7,600,243,oracle_tail,0.9088237262210548,-0.00914946409152062
7,600,243,complete_rollout,0.9088237262210548,-0.026709905082843433
7,600,244,uniform,0.9088237262210548,0.025265531324721757
7,600,244,learned_occupancy,0.9088237262210548,0.0024868849295633932
7,600,244,learned_mean,0.9088237262210548,-0.0034011164191224408
7,600,244,tis,0.9088237262210548,0.01685310609037305
7,600,244,tis_anchored,0.9088237262210548,-0.0024036924150871997
7,600,244,occ_plus_uniform,0.9088237262210548,0.0033117171081549213
7,600,244,occ_plus_mean,0.9088237262210548,-0.0034930641811359298
7,600,244,oracle_tail,0.9088237262210548,0.012072117219320888
7,600,244,complete_rollout,0.9088237262210548,0.023696598982197226
7,600,245,uniform,0.9088237262210548,0.020616684442896216
7,600,245,learned_occupancy,0.9088237262210548,0.02347562603844877
7,600,245,learned_mean,0.9088237262210548,0.020419255988852303
7,600,245,tis,0.9088237262210548,0.016965898997895357
7,600,245,tis_anchored,0.9088237262210548,0.01445952428039221
7,600,245,occ_plus_uniform,0.9088237262210548,0.029192886377411797
7,600,245,occ_plus_mean,0.9088237262210548,0.022917969001806315
7,600,245,oracle_tail,0.9088237262210548,0.015806833743431392
7,600,245,complete_rollout,0.9088237262210548,0.005810420120408666
7,600,246,uniform,0.9088237262210548,0.01565551099929441
7,600,246,learned_occupancy,0.9088237262210548,-0.025680304488441386
7,600,246,learned_mean,0.9088237262210548,-0.030585677381923415
7,600,246,tis,0.9088237262210548,-0.03297708579532832
7,600,246,tis_anchored,0.9088237262210548,-0.03640127987056463
7,600,246,occ_plus_uniform,0.9088237262210548,-0.014892636450834607
7,600,246,occ_plus_mean,0.9088237262210548,-0.036032791807658504
7,600,246,oracle_tail,0.9088237262210548,-0.02658168366082947
7,600,246,complete_rollout,0.9088237262210548,0.020444566461872093
7,600,247,uniform,0.9088237262210548,0.02191241632928609
7,600,247,learned_occupancy,0.9088237262210548,-0.0016066450093887852
7,600,247,learned_mean,0.9088237262210548,-0.006987974061429925
7,600,247,tis,0.9088237262210548,-0.011854488201644475
7,600,247,tis_anchored,0.9088237262210548,-0.011229402597861315
7,600,247,occ_plus_uniform,0.9088237262210548,0.007066496322045368
7,600,247,occ_plus_mean,0.9088237262210548,-0.005349846035620276
7,600,247,oracle_tail,0.9088237262210548,-0.003696885133977812
7,600,247,complete_rollout,0.9088237262210548,-0.010449742481217439
7,600,248,uniform,0.9088237262210548,0.004620813568455007
7,600,248,learned_occupancy,0.9088237262210548,0.006440697896321068
7,600,248,learned_mean,0.9088237262210548,0.012919389935561743
7,600,248,tis,0.9088237262210548,0.02457460228701802
7,600,248,tis_anchored,0.9088237262210548,0.020890071425425094
7,600,248,occ_plus_uniform,0.9088237262210548,0.013825570461037384
7,600,248,occ_plus_mean,0.9088237262210548,0.010698310826669943
7,600,248,oracle_tail,0.9088237262210548,0.027920973058220833
7,600,248,complete_rollout,0.9088237262210548,-0.079555433538128
7,600,249,uniform,0.9088237262210548,-0.030456754966901367
7,600,249,learned_occupancy,0.9088237262210548,-0.0554049405263346
7,600,249,learned_mean,0.9088237262210548,-0.06016663416613399
7,600,249,tis,0.9088237262210548,-0.05977835343047333
7,600,249,tis_anchored,0.9088237262210548,-0.05889961360545937
7,600,249,occ_plus_uniform,0.9088237262210548,-0.048770864852364815
7,600,249,occ_plus_mean,0.9088237262210548,-0.05685271897854316
7,600,249,oracle_tail,0.9088237262210548,-0.054903989600850744
7,600,249,complete_rollout,0.9088237262210548,-0.010449742481217439
7,600,250,uniform,0.9088237262210548,0.027558955178328404
7,600,250,learned_occupancy,0.9088237262210548,0.032123194883500905
7,600,250,learned_mean,0.9088237262210548,0.014849748061901424
7,600,250,tis,0.9088237262210548,0.00915336089431762
7,600,250,tis_anchored,0.9088237262210548,0.0048887676896455234
7,600,250,occ_plus_uniform,0.9088237262210548,0.023676359122436375
7,600,250,occ_plus_mean,0.9088237262210548,0.0226276598745484
7,600,250,oracle_tail,0.9088237262210548,0.009199409201241182
7,600,250,complete_rollout,0.9088237262210548,0.018818550201709416
7,600,251,uniform,0.9088237262210548,-0.004902743032800028
7,600,251,learned_occupancy,0.9088237262210548,-0.010297071118850587
7,600,251,learned_mean,0.9088237262210548,-0.008904757345673198
7,600,251,tis,0.9088237262210548,0.011517329332505488
7,600,251,tis_anchored,0.9088237262210548,-0.00867131193648285
7,600,251,occ_plus_uniform,0.9088237262210548,-0.020416312106688594
7,600,251,occ_plus_mean,0.9088237262210548,-0.009387127501283343
7,600,251,oracle_tail,0.9088237262210548,-0.006941148331652602
7,600,251,complete_rollout,0.9088237262210548,-0.007197709960892196
7,600,252,uniform,0.9088237262210548,0.02039908480459285
7,600,252,learned_occupancy,0.9088237262210548,0.021654754433882983
7,600,252,learned_mean,0.9088237262210548,0.002980368137253664
7,600,252,tis,0.9088237262210548,-0.007692571735049558
7,600,252,tis_anchored,0.9088237262210548,-0.02218248365765374
7,600,252,occ_plus_uniform,0.9088237262210548,0.017503368873687752
7,600,252,occ_plus_mean,0.9088237262210548,0.007958636389762463
7,600,252,oracle_tail,0.9088237262210548,0.004290945639317312
7,600,252,complete_rollout,0.9088237262210548,-0.05923023028609542
7,600,253,uniform,0.9088237262210548,-0.020009486420883404
7,600,253,learned_occupancy,0.9088237262210548,-0.02315873540621427
7,600,253,learned_mean,0.9088237262210548,-0.029021915179420987
7,600,253,tis,0.9088237262210548,-0.03068164949865737
7,600,253,tis_anchored,0.9088237262210548,-0.03130588970980197
7,600,253,occ_plus_uniform,0.9088237262210548,-0.026112796722857823
7,600,253,occ_plus_mean,0.9088237262210548,-0.029828349561824563
7,600,253,oracle_tail,0.9088237262210548,-0.021980634380538322
7,600,253,complete_rollout,0.9088237262210548,0.020444566461872093
7,600,254,uniform,0.9088237262210548,0.03546656304190954
7,600,254,learned_occupancy,0.9088237262210548,0.01964863554991536
7,600,254,learned_mean,0.9088237262210548,0.024388910063013025
7,600,254,tis,0.9088237262210548,0.012214750861521795
7,600,254,tis_anchored,0.9088237262210548,0.02095746291382472
7,600,254,occ_plus_uniform,0.9088237262210548,0.031490820258679
7,600,254,occ_plus_mean,0.9088237262210548,0.02320796417127613
7,600,254,oracle_tail,0.9088237262210548,0.021103332833885435
7,600,254,complete_rollout,0.9088237262210548,-0.042970067684469426
7,600,255,uniform,0.9088237262210548,-0.00967858391123444
7,600,255,learned_occupancy,0.9088237262210548,0.000419456012523467
7,600,255,learned_mean,0.9088237262210548,0.016704718649330985
7,600,255,tis,0.9088237262210548,0.013564593603289099
7,600,255,tis_anchored,0.9088237262210548,0.006030872366331708
7,600,255,occ_plus_uniform,0.9088237262210548,-0.002445583056056022
7,600,255,occ_plus_mean,0.9088237262210548,-0.0008511378942286374
7,600,255,oracle_tail,0.9088237262210548,0.010490794437200579
7,600,255,complete_rollout,0.9088237262210548,-0.003945677440566953
7,600,256,uniform,0.9088237262210548,0.018413703732039988
7,600,256,learned_occupancy,0.9088237262210548,0.0026020791546140787
7,600,256,learned_mean,0.9088237262210548,0.005700916843326964
7,600,256,tis,0.9088237262210548,0.017282973695882164
7,600,256,tis_anchored,0.9088237262210548,0.019679827319878718
7,600,256,occ_plus_uniform,0.9088237262210548,0.004119328942376321
7,600,256,occ_plus_mean,0.9088237262210548,0.0019372769562261416
7,600,256,oracle_tail,0.9088237262210548,0.01568570874268771
7,600,256,complete_rollout,0.9088237262210548,-0.02345787256251819
7,600,257,uniform,0.9088237262210548,-0.024716326975614433
7,600,257,learned_occupancy,0.9088237262210548,-0.00029023786200332857
7,600,257,learned_mean,0.9088237262210548,-0.0040466164209403965
7,600,257,tis,0.9088237262210548,-0.014524531264498153
7,600,257,tis_anchored,0.9088237262210548,-0.014925772000791149
7,600,257,occ_plus_uniform,0.9088237262210548,-0.008867474484924642
7,600,257,occ_plus_mean,0.9088237262210548,-0.006433231325270294
7,600,257,oracle_tail,0.9088237262210548,-0.011520529368516108
7,600,257,complete_rollout,0.9088237262210548,-0.016953807521867814
7,600,258,uniform,0.9088237262210548,0.01750422469152635
7,600,258,learned_occupancy,0.9088237262210548,0.00932821162864883
7,600,258,learned_mean,0.9088237262210548,0.017080559065199785
7,600,258,tis,0.9088237262210548,0.03458408149480463
7,600,258,tis_anchored,0.9088237262210548,0.03337186384693602
7,600,258,occ_plus_uniform,0.9088237262210548,0.0188009727579328
7,600,258,occ_plus_mean,0.9088237262210548,0.01179211232420474
7,600,258,oracle_tail,0.9088237262210548,0.019301320882593398
7,600,258,complete_rollout,0.9088237262210548,0.01719253394154685
7,600,259,uniform,0.9088237262210548,0.02490552326333706
7,600,259,learned_occupancy,0.9088237262210548,0.03157908485436911
7,600,259,learned_mean,0.9088237262210548,0.04527387418314788
7,600,259,tis,0.9088237262210548,0.02201682288731821
7,600,259,tis_anchored,0.9088237262210548,0.03832013691733738
7,600,259,occ_plus_uniform,0.9088237262210548,0.039849400299325266
7,600,259,occ_plus_mean,0.9088237262210548,0.04245524360516795
7,600,259,oracle_tail,0.9088237262210548,0.027192998017604775
7,600,259,complete_rollout,0.9088237262210548,-0.03971803516414418
7,600,260,uniform,0.9088237262210548,-0.011280089432557316
7,600,260,learned_occupancy,0.9088237262210548,-0.017196274059890992
7,600,260,learned_mean,0.9088237262210548,0.006596573573604325
7,600,260,tis,0.9088237262210548,0.0008265727458881544
7,600,260,tis_anchored,0.9088237262210548,0.005538492089341096
7,600,260,occ_plus_uniform,0.9088237262210548,-0.01117918809292262
7,600,260,occ_plus_mean,0.9088237262210548,0.0020588127447165316
7,600,260,oracle_tail,0.9088237262210548,0.0017569115086352172
7,600,260,complete_rollout,0.9088237262210548,-0.013701775001542571
7,600,261,uniform,0.9088237262210548,-0.007167817923670605
7,600,261,learned_occupancy,0.9088237262210548,-0.010217176620552326
7,600,261,learned_mean,0.9088237262210548,-0.014130357008482197
7,600,261,tis,0.9088237262210548,-0.018588754779651273
7,600,261,tis_anchored,0.9088237262210548,-0.01580240509209363
7,600,261,occ_plus_uniform,0.9088237262210548,-0.00012513770564681614
7,600,261,occ_plus_mean,0.9088237262210548,-0.01527188414681746
7,600,261,oracle_tail,0.9088237262210548,-0.01652956601990474
7,600,261,complete_rollout,0.9088237262210548,-0.028335921343006
7,600,262,uniform,0.9088237262210548,0.004319795542069849
7,600,262,learned_occupancy,0.9088237262210548,-0.002739086638037347
7,600,262,learned_mean,0.9088237262210548,-0.00406921850418962
7,600,262,tis,0.9088237262210548,0.01489773841993336
7,600,262,tis_anchored,0.9088237262210548,0.012711988911271122
7,600,262,occ_plus_uniform,0.9088237262210548,-0.004042038308235463
7,600,262,occ_plus_mean,0.9088237262210548,-0.0018702176702792839
7,600,262,oracle_tail,0.9088237262210548,0.006462737380603878
7,600,262,complete_rollout,0.9088237262210548,0.009062452640733798
7,600,263,uniform,0.9088237262210548,-0.036536680952261924
7,600,263,learned_occupancy,0.9088237262210548,-0.04187862094371542
7,600,263,learned_mean,0.9088237262210548,-0.03430847592831532
7,600,263,tis,0.9088237262210548,-0.021946192566135947
7,600,263,tis_anchored,0.9088237262210548,-0.03209038431553379
7,600,263,occ_plus_uniform,0.9088237262210548,-0.040670810138470403
7,600,263,occ_plus_mean,0.9088237262210548,-0.031033637740895403
7,600,263,oracle_tail,0.9088237262210548,-0.04121084099875438
7,600,263,complete_rollout,0.9088237262210548,0.08548521686837607
7,600,264,uniform,0.9088237262210548,0.06961912742347742
7,600,264,learned_occupancy,0.9088237262210548,0.04176480862292187
7,600,264,learned_mean,0.9088237262210548,0.05923438128278058
7,600,264,tis,0.9088237262210548,0.05365635176585748
7,600,264,tis_anchored,0.9088237262210548,0.04595545423266745
7,600,264,occ_plus_uniform,0.9088237262210548,0.059102156946687745
7,600,264,occ_plus_mean,0.9088237262210548,0.04872893223130681
7,600,264,oracle_tail,0.9088237262210548,0.04351402202399479
7,600,264,complete_rollout,0.9088237262210548,0.08711123312853875
7,600,265,uniform,0.9088237262210548,0.0013918358022182442
7,600,265,learned_occupancy,0.9088237262210548,-0.002968720801230451
7,600,265,learned_mean,0.9088237262210548,0.002439532905503694
7,600,265,tis,0.9088237262210548,0.00219339641678884
7,600,265,tis_anchored,0.9088237262210548,0.0031078404769639967
7,600,265,occ_plus_uniform,0.9088237262210548,-0.011335759852491023
7,600,265,occ_plus_mean,0.9088237262210548,0.0005684380885810913
7,600,265,oracle_tail,0.9088237262210548,-0.004052000741344819
7,600,265,complete_rollout,0.9088237262210548,-0.010449742481217439
7,600,266,uniform,0.9088237262210548,-0.005188406471597018
7,600,266,learned_occupancy,0.9088237262210548,-0.005612832082536046
7,600,266,learned_mean,0.9088237262210548,-0.011764744385635018
7,600,266,tis,0.9088237262210548,-0.0009542674377752691
7,600,266,tis_anchored,0.9088237262210548,0.00509778527764837
7,600,266,occ_plus_uniform,0.9088237262210548,-0.0017400694197445832
7,600,266,occ_plus_mean,0.9088237262210548,-0.010000043723638163
7,600,266,oracle_tail,0.9088237262210548,0.00043031073672405995
7,600,266,complete_rollout,0.9088237262210548,-0.029961937603168565
7,600,267,uniform,0.9088237262210548,-0.052466125749985104
7,600,267,learned_occupancy,0.9088237262210548,-0.034843270021877704
7,600,267,learned_mean,0.9088237262210548,-0.04848900784055188
7,600,267,tis,0.9088237262210548,-0.04362664318393317
7,600,267,tis_anchored,0.9088237262210548,-0.04806974158502009
7,600,267,occ_plus_uniform,0.9088237262210548,-0.04869223715091531
7,600,267,occ_plus_mean,0.9088237262210548,-0.03627667020643577
7,600,267,oracle_tail,0.9088237262210548,-0.04838805310475347
7,600,267,complete_rollout,0.9088237262210548,0.03182668028301028
7,600,268,uniform,0.9088237262210548,0.01034574172289604
7,600,268,learned_occupancy,0.9088237262210548,0.007168261379480345
7,600,268,learned_mean,0.9088237262210548,-0.0004744258770698062
7,600,268,tis,0.9088237262210548,0.00853965505651666
7,600,268,tis_anchored,0.9088237262210548,0.012589216630921052
7,600,268,occ_plus_uniform,0.9088237262210548,0.01509418881747715
7,600,268,occ_plus_mean,0.9088237262210548,0.0013373783707546494
7,600,268,oracle_tail,0.9088237262210548,0.007217081032214967
7,600,268,complete_rollout,0.9088237262210548,0.03670472906349809
7,600,269,uniform,0.9088237262210548,0.022593280413932715
7,600,269,learned_occupancy,0.9088237262210548,0.005903067052262734
7,600,269,learned_mean,0.9088237262210548,0.003554752191503696
7,600,269,tis,0.9088237262210548,-0.0033705226478631944
7,600,269,tis_anchored,0.9088237262210548,-0.0011193409332173054
7,600,269,occ_plus_uniform,0.9088237262210548,0.017280054749417628
7,600,269,occ_plus_mean,0.9088237262210548,0.0021433377038353463
7,600,269,oracle_tail,0.9088237262210548,0.007798762940269377
7,600,269,complete_rollout,0.9088237262210548,0.009062452640733798
7,600,270,uniform,0.9088237262210548,0.02660774159886692
7,600,270,learned_occupancy,0.9088237262210548,0.017678306801781507
7,600,270,learned_mean,0.9088237262210548,0.030077147415197847
7,600,270,tis,0.9088237262210548,0.023041611546015695
7,600,270,tis_anchored,0.9088237262210548,0.02792169855869353
7,600,270,occ_plus_uniform,0.9088237262210548,0.03209313767316413
7,600,270,occ_plus_mean,0.9088237262210548,0.022906189378404607
7,600,270,oracle_tail,0.9088237262210548,0.020865279920355362
7,600,270,complete_rollout,0.9088237262210548,0.03182668028301028
7,600,271,uniform,0.9088237262210548,0.02153427883903325
7,600,271,learned_occupancy,0.9088237262210548,0.02180275050953029
7,600,271,learned_mean,0.9088237262210548,0.029734632156680374
7,600,271,tis,0.9088237262210548,0.025757995690274482
7,600,271,tis_anchored,0.9088237262210548,0.008935576945944157
7,600,271,occ_plus_uniform,0.9088237262210548,0.033135428549830315
7,600,271,occ_plus_mean,0.9088237262210548,0.02442961825069112
7,600,271,oracle_tail,0.9088237262210548,0.02538648152101619
7,600,271,complete_rollout,0.9088237262210548,0.020444566461872093
7,600,272,uniform,0.9088237262210548,0.006538301447173711
7,600,272,learned_occupancy,0.9088237262210548,0.016231529764458186
7,600,272,learned_mean,0.9088237262210548,0.021912920588280094
7,600,272,tis,0.9088237262210548,0.018341567765193023
7,600,272,tis_anchored,0.9088237262210548,0.03474853219841534
7,600,272,occ_plus_uniform,0.9088237262210548,0.01342051293112545
7,600,272,occ_plus_mean,0.9088237262210548,0.021678455428901122
7,600,272,oracle_tail,0.9088237262210548,0.013680717504322204
7,600,272,complete_rollout,0.9088237262210548,-0.057604214025932854
7,600,273,uniform,0.9088237262210548,-0.013724068408667023
7,600,273,learned_occupancy,0.9088237262210548,-0.007510929741968875
7,600,273,learned_mean,0.9088237262210548,-0.02015849869865538
7,600,273,tis,0.9088237262210548,-0.02761508895160858
7,600,273,tis_anchored,0.9088237262210548,-0.0223972103297293
7,600,273,occ_plus_uniform,0.9088237262210548,-0.01980553257004558
7,600,273,occ_plus_mean,0.9088237262210548,-0.005321388184083342
7,600,273,oracle_tail,0.9088237262210548,-0.008260399991572687
7,600,273,complete_rollout,0.9088237262210548,0.03507871280333541
7,600,274,uniform,0.9088237262210548,-0.01564321720362749
7,600,274,learned_occupancy,0.9088237262210548,0.007444594952459749
7,600,274,learned_mean,0.9088237262210548,0.00986983122113827
7,600,274,tis,0.9088237262210548,-0.01281274647744024
7,600,274,tis_anchored,0.9088237262210548,-6.0599074198197656e-05
7,600,274,occ_plus_uniform,0.9088237262210548,0.0004786111051540143
7,600,274,occ_plus_mean,0.9088237262210548,0.00431865728909786
7,600,274,oracle_tail,0.9088237262210548,-0.011159337179923456
7,600,274,complete_rollout,0.9088237262210548,-0.06492128719666457
7,600,275,uniform,0.9088237262210548,-0.02173094751863458
7,600,275,learned_occupancy,0.9088237262210548,-9.42833241412977e-05
7,600,275,learned_mean,0.9088237262210548,-0.0053597873209697555
7,600,275,tis,0.9088237262210548,-0.0007211941770685071
7,600,275,tis_anchored,0.9088237262210548,-0.003931607288336747
7,600,275,occ_plus_uniform,0.9088237262210548,-0.009611155848422204
7,600,275,occ_plus_mean,0.9088237262210548,-0.002584293363776413
7,600,275,oracle_tail,0.9088237262210548,-0.006609810296631657
7,600,275,complete_rollout,0.9088237262210548,-0.00557169370072963
7,600,276,uniform,0.9088237262210548,-0.001067581170349885
7,600,276,learned_occupancy,0.9088237262210548,0.005301635346684708
7,600,276,learned_mean,0.9088237262210548,-0.0003793557142135473
7,600,276,tis,0.9088237262210548,-0.005658499292475083
7,600,276,tis_anchored,0.9088237262210548,-0.0002724597066583456
7,600,276,occ_plus_uniform,0.9088237262210548,0.00790629984480784
7,600,276,occ_plus_mean,0.9088237262210548,0.002566476536626894
7,600,276,oracle_tail,0.9088237262210548,0.002803695626046099
7,600,276,complete_rollout,0.9088237262210548,-0.008823726221054762
7,600,277,uniform,0.9088237262210548,-0.029769687841128656
7,600,277,learned_occupancy,0.9088237262210548,-0.013924134767828278
7,600,277,learned_mean,0.9088237262210548,-0.012299023312778434
7,600,277,tis,0.9088237262210548,-0.0009093760954803631
7,600,277,tis_anchored,0.9088237262210548,-0.004379738422770729
7,600,277,occ_plus_uniform,0.9088237262210548,-0.01824393068108443
7,600,277,occ_plus_mean,0.9088237262210548,-0.0053451108849279505
7,600,277,oracle_tail,0.9088237262210548,-0.00349715296554709
7,600,277,complete_rollout,0.9088237262210548,-0.051913157115363706
7,600,278,uniform,0.9088237262210548,0.029713417540597642
7,600,278,learned_occupancy,0.9088237262210548,0.03829889184654567
7,600,278,learned_mean,0.9088237262210548,0.02077426699490703
7,600,278,tis,0.9088237262210548,0.028487391524059213
7,600,278,tis_anchored,0.9088237262210548,0.03359890837949153
7,600,278,occ_plus_uniform,0.9088237262210548,0.02472853554815191
7,600,278,occ_plus_mean,0.9088237262210548,0.03885213599302739
7,600,278,oracle_tail,0.9088237262210548,0.018546611706102167
7,600,278,complete_rollout,0.9088237262210548,0.015566517681384284
7,600,279,uniform,0.9088237262210548,-0.017366017475096696
7,600,279,learned_occupancy,0.9088237262210548,-0.016138475538981067
7,600,279,learned_mean,0.9088237262210548,-0.016766022161068594
7,600,279,tis,0.9088237262210548,-0.03503679735645171
7,600,279,tis_anchored,0.9088237262210548,-0.03173018379165071
7,600,279,occ_plus_uniform,0.9088237262210548,-0.0038386185368372017
7,600,279,occ_plus_mean,0.9088237262210548,-0.015178645406431324
7,600,279,oracle_tail,0.9088237262210548,-0.03428733076679191
7,600,279,complete_rollout,0.9088237262210548,0.013940501421221607
7,600,280,uniform,0.9088237262210548,-0.0026653384851115236
7,600,280,learned_occupancy,0.9088237262210548,0.00014461174011581868
7,600,280,learned_mean,0.9088237262210548,0.013071110397397834
7,600,280,tis,0.9088237262210548,0.008756782895501525
7,600,280,tis_anchored,0.9088237262210548,0.005696077758625462
7,600,280,occ_plus_uniform,0.9088237262210548,0.005474125868254465
7,600,280,occ_plus_mean,0.9088237262210548,0.005955174186220158
7,600,280,oracle_tail,0.9088237262210548,0.011739993294880846
7,600,280,complete_rollout,0.9088237262210548,0.018818550201709416
7,600,281,uniform,0.9088237262210548,-0.028403692171548922
7,600,281,learned_occupancy,0.9088237262210548,-0.047700742931285345
7,600,281,learned_mean,0.9088237262210548,-0.038268249784625175
7,600,281,tis,0.9088237262210548,-0.03901792128755888
7,600,281,tis_anchored,0.9088237262210548,-0.018542602892672733
7,600,281,occ_plus_uniform,0.9088237262210548,-0.033096674990022557
7,600,281,occ_plus_mean,0.9088237262210548,-0.04315775844695202
7,600,281,oracle_tail,0.9088237262210548,-0.0179466102166429
7,600,281,complete_rollout,0.9088237262210548,0.07410310304723788
7,600,282,uniform,0.9088237262210548,0.019603674766903167
7,600,282,learned_occupancy,0.9088237262210548,0.035768657212898236
7,600,282,learned_mean,0.9088237262210548,0.040738837760013635
7,600,282,tis,0.9088237262210548,0.021654605055483556
7,600,282,tis_anchored,0.9088237262210548,0.028989214785183237
7,600,282,occ_plus_uniform,0.9088237262210548,0.020928173015449025
7,600,282,occ_plus_mean,0.9088237262210548,0.036998579864485515
7,600,282,oracle_tail,0.9088237262210548,0.01189016518353836
7,600,282,complete_rollout,0.9088237262210548,-0.026709905082843433
7,600,283,uniform,0.9088237262210548,-0.0030847990614957244
7,600,283,learned_occupancy,0.9088237262210548,0.004684049404799384
7,600,283,learned_mean,0.9088237262210548,0.0009920359376958121
7,600,283,tis,0.9088237262210548,0.000959132709838828
7,600,283,tis_anchored,0.9088237262210548,0.012092832591640956
7,600,283,occ_plus_uniform,0.9088237262210548,-0.010889561775477397
7,600,283,occ_plus_mean,0.9088237262210548,0.0039647960129570725
7,600,283,oracle_tail,0.9088237262210548,0.0023236533435082585
7,600,283,complete_rollout,0.9088237262210548,0.018818550201709416
7,600,284,uniform,0.9088237262210548,0.02431301114172979
7,600,284,learned_occupancy,0.9088237262210548,-0.0034464028398901725
7,600,284,learned_mean,0.9088237262210548,-0.002238091949139376
7,600,284,tis,0.9088237262210548,0.022389776279077345
7,600,284,tis_anchored,0.9088237262210548,0.004362651990367117
7,600,284,occ_plus_uniform,0.9088237262210548,0.023978582389969083
7,600,284,occ_plus_mean,0.9088237262210548,-0.010316715708904689
7,600,284,oracle_tail,0.9088237262210548,0.0030354787731398103
7,600,284,complete_rollout,0.9088237262210548,0.013940501421221607
7,600,285,uniform,0.9088237262210548,0.027763773224501076
7,600,285,learned_occupancy,0.9088237262210548,0.0312905912363749
7,600,285,learned_mean,0.9088237262210548,0.030097852674144776
7,600,285,tis,0.9088237262210548,0.019482426621071913
7,600,285,tis_anchored,0.9088237262210548,0.019592750856398
7,600,285,occ_plus_uniform,0.9088237262210548,0.017435873270509994
7,600,285,occ_plus_mean,0.9088237262210548,0.0244245002388368
7,600,285,oracle_tail,0.9088237262210548,0.016008732533819847
7,600,285,complete_rollout,0.9088237262210548,-0.048661124595038574
7,600,286,uniform,0.9088237262210548,0.010156865515909996
7,600,286,learned_occupancy,0.9088237262210548,0.0036956402909378294
7,600,286,learned_mean,0.9088237262210548,0.0025442611720410957
7,600,286,tis,0.9088237262210548,0.008263921354661696
7,600,286,tis_anchored,0.9088237262210548,0.016011845865966823
7,600,286,occ_plus_uniform,0.9088237262210548,0.006057234383922583
7,600,286,occ_plus_mean,0.9088237262210548,0.0021293248766570683
7,600,286,oracle_tail,0.9088237262210548,-0.007999981918764276
7,600,286,complete_rollout,0.9088237262210548,-0.03158795386333124
7,600,287,uniform,0.9088237262210548,-0.0021731538450673327
7,600,287,learned_occupancy,0.9088237262210548,0.010750497969180262
7,600,287,learned_mean,0.9088237262210548,0.00931784864048013
7,600,287,tis,0.9088237262210548,0.019193574415192094
7,600,287,tis_anchored,0.9088237262210548,0.014059045303886575
7,600,287,occ_plus_uniform,0.9088237262210548,0.005260338417244381
7,600,287,occ_plus_mean,0.9088237262210548,0.01203709658722818
7,600,287,oracle_tail,0.9088237262210548,0.02382759972502535
7,600,287,complete_rollout,0.9088237262210548,-0.028335921343006
7,600,288,uniform,0.9088237262210548,0.02424064107789603
7,600,288,learned_occupancy,0.9088237262210548,-0.0013973234758367648
7,600,288,learned_mean,0.9088237262210548,0.008089053372324906
7,600,288,tis,0.9088237262210548,0.014956646685816866
7,600,288,tis_anchored,0.9088237262210548,0.005551751714327091
7,600,288,occ_plus_uniform,0.9088237262210548,0.009589739821495802
7,600,288,occ_plus_mean,0.9088237262210548,0.007540085041477962
7,600,288,oracle_tail,0.9088237262210548,0.020848757395473982
7,600,288,complete_rollout,0.9088237262210548,0.0025583876000834227
7,600,289,uniform,0.9088237262210548,-0.035394729541740166
7,600,289,learned_occupancy,0.9088237262210548,-0.017394102759609398
7,600,289,learned_mean,0.9088237262210548,-0.03573205570185689
7,600,289,tis,0.9088237262210548,-0.02588979959405524
7,600,289,tis_anchored,0.9088237262210548,-0.026981851664065637
7,600,289,occ_plus_uniform,0.9088237262210548,-0.025994735095668964
7,600,289,occ_plus_mean,0.9088237262210548,-0.03546665346378497
7,600,289,oracle_tail,0.9088237262210548,-0.011625385527172849
7,600,289,complete_rollout,0.9088237262210548,-0.003945677440566953
7,600,290,uniform,0.9088237262210548,0.015036739165724344
7,600,290,learned_occupancy,0.9088237262210548,0.02347202934748549
7,600,290,learned_mean,0.9088237262210548,0.003852761022140272
7,600,290,tis,0.9088237262210548,-0.002491775360538351
7,600,290,tis_anchored,0.9088237262210548,-0.007567755165361456
7,600,290,occ_plus_uniform,0.9088237262210548,0.02882258085352729
7,600,290,occ_plus_mean,0.9088237262210548,0.013415516729449961
7,600,290,oracle_tail,0.9088237262210548,-0.005228609329894884
7,600,290,complete_rollout,0.9088237262210548,-0.06004323841617676
7,600,291,uniform,0.9088237262210548,0.003197727034848552
7,600,291,learned_occupancy,0.9088237262210548,0.00010569619336542324
7,600,291,learned_mean,0.9088237262210548,-0.01985518830995381
7,600,291,tis,0.9088237262210548,-0.0038497714637800717
7,600,291,tis_anchored,0.9088237262210548,-0.015047410845527076
7,600,291,occ_plus_uniform,0.9088237262210548,-9.208581590824938e-05
7,600,291,occ_plus_mean,0.9088237262210548,-0.01898549562060914
7,600,291,oracle_tail,0.9088237262210548,0.0018457912487178652
7,600,291,complete_rollout,0.9088237262210548,-0.007197709960892196
7,600,292,uniform,0.9088237262210548,0.006595963042867914
7,600,292,learned_occupancy,0.9088237262210548,-0.006612198089643639
7,600,292,learned_mean,0.9088237262210548,0.011032081431007978
7,600,292,tis,0.9088237262210548,0.010226922223470769
7,600,292,tis_anchored,0.9088237262210548,0.010202805019380534
7,600,292,occ_plus_uniform,0.9088237262210548,0.013975916446883896
7,600,292,occ_plus_mean,0.9088237262210548,0.005424423889720198
7,600,292,oracle_tail,0.9088237262210548,0.010687765681420935
7,600,292,complete_rollout,0.9088237262210548,-0.003945677440566953
7,600,293,uniform,0.9088237262210548,0.01499704074473196
7,600,293,learned_occupancy,0.9088237262210548,0.026710842699749437
7,600,293,learned_mean,0.9088237262210548,0.013256626403864602
7,600,293,tis,0.9088237262210548,0.017067467357743338
7,600,293,tis_anchored,0.9088237262210548,0.0010968681005582015
7,600,293,occ_plus_uniform,0.9088237262210548,0.023960667048065765
7,600,293,occ_plus_mean,0.9088237262210548,0.01647758337413807
7,600,293,oracle_tail,0.9088237262210548,0.012220391454416335
7,600,293,complete_rollout,0.9088237262210548,-0.0023196611804043865
7,600,294,uniform,0.9088237262210548,0.010266506531716124
7,600,294,learned_occupancy,0.9088237262210548,-0.021346165404473427
7,600,294,learned_mean,0.9088237262210548,0.017053506689980624
7,600,294,tis,0.9088237262210548,0.017803575181415954
7,600,294,tis_anchored,0.9088237262210548,0.01125582958099225
7,600,294,occ_plus_uniform,0.9088237262210548,-8.938338946495872e-05
7,600,294,occ_plus_mean,0.9088237262210548,-0.006332461466492023
7,600,294,oracle_tail,0.9088237262210548,0.024933262699155523
7,600,294,complete_rollout,0.9088237262210548,-0.01857982378203038
7,600,295,uniform,0.9088237262210548,0.038743894999924144
7,600,295,learned_occupancy,0.9088237262210548,0.024330139548574437
7,600,295,learned_mean,0.9088237262210548,0.019387914340495693
7,600,295,tis,0.9088237262210548,0.013762823154506054
7,600,295,tis_anchored,0.9088237262210548,0.010113073716794374
7,600,295,occ_plus_uniform,0.9088237262210548,0.020894984192435184
7,600,295,occ_plus_mean,0.9088237262210548,0.014000234958958857
7,600,295,oracle_tail,0.9088237262210548,0.012255363944388975
7,600,295,complete_rollout,0.9088237262210548,-0.013701775001542571
7,600,296,uniform,0.9088237262210548,-0.01742971591389475
7,600,296,learned_occupancy,0.9088237262210548,-0.03009319841108926
7,600,296,learned_mean,0.9088237262210548,-0.02370801169281067
7,600,296,tis,0.9088237262210548,-0.017658790025695814
7,600,296,tis_anchored,0.9088237262210548,-0.03713237583433737
7,600,296,occ_plus_uniform,0.9088237262210548,-0.029168633903556063
7,600,296,occ_plus_mean,0.9088237262210548,-0.023670201070867036
7,600,296,oracle_tail,0.9088237262210548,-0.006747190278189041
7,600,296,complete_rollout,0.9088237262210548,-0.010449742481217439
7,600,297,uniform,0.9088237262210548,0.021004475988866567
7,600,297,learned_occupancy,0.9088237262210548,0.029411925403963646
7,600,297,learned_mean,0.9088237262210548,0.03238238623976275
7,600,297,tis,0.9088237262210548,0.015737807765292988
7,600,297,tis_anchored,0.9088237262210548,0.024262947254571343
7,600,297,occ_plus_uniform,0.9088237262210548,0.028498740674149814
7,600,297,occ_plus_mean,0.9088237262210548,0.03842114214388592
7,600,297,oracle_tail,0.9088237262210548,0.021681613844335645
7,600,297,complete_rollout,0.9088237262210548,-0.01857982378203038
7,600,298,uniform,0.9088237262210548,0.0026360520843392576
7,600,298,learned_occupancy,0.9088237262210548,-0.0038215031577402137
7,600,298,learned_mean,0.9088237262210548,-0.007402257317499328
7,600,298,tis,0.9088237262210548,0.00032914097651648433
7,600,298,tis_anchored,0.9088237262210548,-0.013030309980503807
7,600,298,occ_plus_uniform,0.9088237262210548,-0.011571123688503437
7,600,298,occ_plus_mean,0.9088237262210548,-0.009820890836167773
7,600,298,oracle_tail,0.9088237262210548,0.002854210810899427
7,600,298,complete_rollout,0.9088237262210548,0.02207058272203466
7,600,299,uniform,0.9088237262210548,0.03242031064919437
7,600,299,learned_occupancy,0.9088237262210548,0.02505335915393947
7,600,299,learned_mean,0.9088237262210548,0.03354408280570442
7,600,299,tis,0.9088237262210548,0.036806008758214936
7,600,299,tis_anchored,0.9088237262210548,0.03461888028420779
7,600,299,occ_plus_uniform,0.9088237262210548,0.026764277212497634
7,600,299,occ_plus_mean,0.9088237262210548,0.02426970549905405
7,600,299,oracle_tail,0.9088237262210548,0.029032950000389857
7,600,299,complete_rollout,0.9088237262210548,-0.0023196611804043865
7,1200,0,uniform,0.9088237262210548,-0.0165712564738002
7,1200,0,learned_occupancy,0.9088237262210548,-0.023179826444129192
7,1200,0,learned_mean,0.9088237262210548,-0.02095736463156539
7,1200,0,tis,0.9088237262210548,-0.029445823677159977
7,1200,0,tis_anchored,0.9088237262210548,-0.026852291888271984
7,1200,0,occ_plus_uniform,0.9088237262210548,-0.026886552529626684
7,1200,0,occ_plus_mean,0.9088237262210548,-0.02227828804858034
7,1200,0,oracle_tail,0.9088237262210548,-0.03493848846134229
7,1200,0,complete_rollout,0.9088237262210548,0.029387655892766373
7,1200,1,uniform,0.9088237262210548,-0.00705347793479727
7,1200,1,learned_occupancy,0.9088237262210548,-0.013046122210242483
7,1200,1,learned_mean,0.9088237262210548,-0.015129195022898556
7,1200,1,tis,0.9088237262210548,-0.021710809297706968
7,1200,1,tis_anchored,0.9088237262210548,-0.02504996561687789
7,1200,1,occ_plus_uniform,0.9088237262210548,-0.025208292902171636
7,1200,1,occ_plus_mean,0.9088237262210548,-0.012934108401693512
7,1200,1,oracle_tail,0.9088237262210548,-0.02227834694216624
7,1200,1,complete_rollout,0.9088237262210548,-0.001506653050323048
7,1200,2,uniform,0.9088237262210548,0.013031602569095857
7,1200,2,learned_occupancy,0.9088237262210548,0.031889536478188596
7,1200,2,learned_mean,0.9088237262210548,0.026779141357331726
7,1200,2,tis,0.9088237262210548,0.028405543802415667
7,1200,2,tis_anchored,0.9088237262210548,0.038422920883188105
7,1200,2,occ_plus_uniform,0.9088237262210548,0.027787134163769656
7,1200,2,occ_plus_mean,0.9088237262210548,0.02828686124007107
7,1200,2,oracle_tail,0.9088237262210548,0.017447831576384187
7,1200,2,complete_rollout,0.9088237262210548,-0.012075758741380005
7,1200,3,uniform,0.9088237262210548,0.008406112091040363
7,1200,3,learned_occupancy,0.9088237262210548,0.005684454520578641
7,1200,3,learned_mean,0.9088237262210548,0.0011608644043431537
7,1200,3,tis,0.9088237262210548,-0.003698091731914599
7,1200,3,tis_anchored,0.9088237262210548,-0.003269457093517447
7,1200,3,occ_plus_uniform,0.9088237262210548,0.0037024080885291744
7,1200,3,occ_plus_mean,0.9088237262210548,0.006364965397560263
7,1200,3,oracle_tail,0.9088237262210548,0.0045510490288890315
7,1200,3,complete_rollout,0.9088237262210548,-0.001506653050323048
7,1200,4,uniform,0.9088237262210548,-0.002922129130482287
7,1200,4,learned_occupancy,0.9088237262210548,-0.017638872873760203
7,1200,4,learned_mean,0.9088237262210548,-0.0037878441341362423
7,1200,4,tis,0.9088237262210548,-0.00630312201357186
7,1200,4,tis_anchored,0.9088237262210548,-0.006181007736862365
7,1200,4,occ_plus_uniform,0.9088237262210548,-0.011558119346655626
7,1200,4,occ_plus_mean,0.9088237262210548,-0.006342929651659834
7,1200,4,oracle_tail,0.9088237262210548,-0.006523826494012397
7,1200,4,complete_rollout,0.9088237262210548,0.0302006640228476
7,1200,5,uniform,0.9088237262210548,0.011238043020357691
7,1200,5,learned_occupancy,0.9088237262210548,-4.589784959541099e-05
7,1200,5,learned_mean,0.9088237262210548,0.00967175445095736
7,1200,5,tis,0.9088237262210548,0.020900804483764746
7,1200,5,tis_anchored,0.9088237262210548,0.01564118979753737
7,1200,5,occ_plus_uniform,0.9088237262210548,0.003501399074231082
7,1200,5,occ_plus_mean,0.9088237262210548,0.006336193733152973
7,1200,5,oracle_tail,0.9088237262210548,0.02470639076518588
7,1200,5,complete_rollout,0.9088237262210548,-0.030774945733249903
7,1200,6,uniform,0.9088237262210548,0.019163599176568402
7,1200,6,learned_occupancy,0.9088237262210548,0.012656636740393523
7,1200,6,learned_mean,0.9088237262210548,0.013065893372152138
7,1200,6,tis,0.9088237262210548,0.007844834441622317
7,1200,6,tis_anchored,0.9088237262210548,0.0037974595309072656
7,1200,6,occ_plus_uniform,0.9088237262210548,0.008500631738060815
7,1200,6,occ_plus_mean,0.9088237262210548,0.008692679896959654
7,1200,6,oracle_tail,0.9088237262210548,0.0015230013606952753
7,1200,6,complete_rollout,0.9088237262210548,-0.03158795386333124
7,1200,7,uniform,0.9088237262210548,0.0033810724559182326
7,1200,7,learned_occupancy,0.9088237262210548,0.0070564633199488025
7,1200,7,learned_mean,0.9088237262210548,0.0009119726494838387
7,1200,7,tis,0.9088237262210548,-0.005564959227975286
7,1200,7,tis_anchored,0.9088237262210548,0.002844135358904265
7,1200,7,occ_plus_uniform,0.9088237262210548,0.00893006730145085
7,1200,7,occ_plus_mean,0.9088237262210548,0.0017299541289743647
7,1200,7,oracle_tail,0.9088237262210548,0.002712858036062138
7,1200,7,complete_rollout,0.9088237262210548,0.025322615242359903
7,1200,8,uniform,0.9088237262210548,0.008626560396700289
7,1200,8,learned_occupancy,0.9088237262210548,-0.005164580244916395
7,1200,8,learned_mean,0.9088237262210548,-0.006212549221878749
7,1200,8,tis,0.9088237262210548,-0.003230289105563
7,1200,8,tis_anchored,0.9088237262210548,-0.002788361201181755
7,1200,8,occ_plus_uniform,0.9088237262210548,-0.007402752942481383
7,1200,8,occ_plus_mean,0.9088237262210548,-0.001722400655339018
7,1200,8,oracle_tail,0.9088237262210548,-0.0017796342587457215
7,1200,8,complete_rollout,0.9088237262210548,-0.020205840042192946
7,1200,9,uniform,0.9088237262210548,0.006223323557058458
7,1200,9,learned_occupancy,0.9088237262210548,0.0075176254306954515
7,1200,9,learned_mean,0.9088237262210548,0.009268023820227733
7,1200,9,tis,0.9088237262210548,0.006386857504048438
7,1200,9,tis_anchored,0.9088237262210548,0.009166979841574996
7,1200,9,occ_plus_uniform,0.9088237262210548,0.017414513504370288
7,1200,9,occ_plus_mean,0.9088237262210548,0.005298454525038965
7,1200,9,oracle_tail,0.9088237262210548,0.003789667216220427
7,1200,9,complete_rollout,0.9088237262210548,-0.01857982378203038
7,1200,10,uniform,0.9088237262210548,0.0007551583381566473
7,1200,10,learned_occupancy,0.9088237262210548,0.005443500811666224
7,1200,10,learned_mean,0.9088237262210548,-0.0010509926167584505
7,1200,10,tis,0.9088237262210548,-0.005270936559180317
7,1200,10,tis_anchored,0.9088237262210548,0.00564253720861263
7,1200,10,occ_plus_uniform,0.9088237262210548,0.002600697554262732
7,1200,10,occ_plus_mean,0.9088237262210548,-0.0019124656334855716
7,1200,10,oracle_tail,0.9088237262210548,0.0015139686501620675
7,1200,10,complete_rollout,0.9088237262210548,-0.007197709960892196
7,1200,11,uniform,0.9088237262210548,-0.024263021641986238
7,1200,11,learned_occupancy,0.9088237262210548,-0.01809047008092135
7,1200,11,learned_mean,0.9088237262210548,-0.024156251450921262
7,1200,11,tis,0.9088237262210548,-0.021579168836114104
7,1200,11,tis_anchored,0.9088237262210548,-0.022186443532561162
7,1200,11,occ_plus_uniform,0.9088237262210548,-0.022880590909885035
7,1200,11,occ_plus_mean,0.9088237262210548,-0.018931049451793136
7,1200,11,oracle_tail,0.9088237262210548,-0.019152677053707934
7,1200,11,complete_rollout,0.9088237262210548,0.004184403860245989
7,1200,12,uniform,0.9088237262210548,0.03464895476060481
7,1200,12,learned_occupancy,0.9088237262210548,0.031826672471199635
7,1200,12,learned_mean,0.9088237262210548,0.02811093218712668
7,1200,12,tis,0.9088237262210548,0.04093827923953697
7,1200,12,tis_anchored,0.9088237262210548,0.029745683374557297
7,1200,12,occ_plus_uniform,0.9088237262210548,0.0332014231034089
7,1200,12,occ_plus_mean,0.9088237262210548,0.030407726216967412
7,1200,12,oracle_tail,0.9088237262210548,0.0322304600409592
7,1200,12,complete_rollout,0.9088237262210548,-0.01451478313162391
7,1200,13,uniform,0.9088237262210548,0.01450043440314741
7,1200,13,learned_occupancy,0.9088237262210548,0.02705691897717155
7,1200,13,learned_mean,0.9088237262210548,0.025437531529421853
7,1200,13,tis,0.9088237262210548,0.019680575948626933
7,1200,13,tis_anchored,0.9088237262210548,0.020347091997306888
7,1200,13,occ_plus_uniform,0.9088237262210548,0.016821646226843345
7,1200,13,occ_plus_mean,0.9088237262210548,0.02570510183467689
7,1200,13,oracle_tail,0.9088237262210548,0.010560946574597607
7,1200,13,complete_rollout,0.9088237262210548,-0.016140799391786476
7,1200,14,uniform,0.9088237262210548,-0.020036727068002858
7,1200,14,learned_occupancy,0.9088237262210548,-0.007252063926534547
7,1200,14,learned_mean,0.9088237262210548,-0.016784985856400425
7,1200,14,tis,0.9088237262210548,-0.009724925599003176
7,1200,14,tis_anchored,0.9088237262210548,-0.009776669761493828
7,1200,14,occ_plus_uniform,0.9088237262210548,-0.012574916861404106
7,1200,14,occ_plus_mean,0.9088237262210548,-0.013541482791741943
7,1200,14,oracle_tail,0.9088237262210548,-0.009052533766744753
7,1200,14,complete_rollout,0.9088237262210548,0.006623428250489893
7,1200,15,uniform,0.9088237262210548,0.03316307600829449
7,1200,15,learned_occupancy,0.9088237262210548,0.033384240354271566
7,1200,15,learned_mean,0.9088237262210548,0.030520099028503722
7,1200,15,tis,0.9088237262210548,0.026490636262145983
7,1200,15,tis_anchored,0.9088237262210548,0.025558877386130163
7,1200,15,occ_plus_uniform,0.9088237262210548,0.03562029052687865
7,1200,15,occ_plus_mean,0.9088237262210548,0.02658011462569143
7,1200,15,oracle_tail,0.9088237262210548,0.02845295365601974
7,1200,15,complete_rollout,0.9088237262210548,0.022883590852115998
7,1200,16,uniform,0.9088237262210548,0.02913977900545084
7,1200,16,learned_occupancy,0.9088237262210548,0.020241185845106924
7,1200,16,learned_mean,0.9088237262210548,0.016072451747379368
7,1200,16,tis,0.9088237262210548,0.021693588108918083
7,1200,16,tis_anchored,0.9088237262210548,0.016440499958616073
7,1200,16,occ_plus_uniform,0.9088237262210548,0.026578533887146705
7,1200,16,occ_plus_mean,0.9088237262210548,0.012927350783197289
7,1200,16,oracle_tail,0.9088237262210548,0.02244833325647888
7,1200,16,complete_rollout,0.9088237262210548,-0.012075758741380005
7,1200,17,uniform,0.9088237262210548,-0.00308774000223222
7,1200,17,learned_occupancy,0.9088237262210548,0.002622984406349893
7,1200,17,learned_mean,0.9088237262210548,0.01091344424734153
7,1200,17,tis,0.9088237262210548,0.0025605864243760657
7,1200,17,tis_anchored,0.9088237262210548,0.022335073387045323
7,1200,17,occ_plus_uniform,0.9088237262210548,0.0018970484334279725
7,1200,17,occ_plus_mean,0.9088237262210548,0.007724768732527698
7,1200,17,oracle_tail,0.9088237262210548,0.0005326309336188828
7,1200,17,complete_rollout,0.9088237262210548,-0.024270880692599528
7,1200,18,uniform,0.9088237262210548,0.032798288176328905
7,1200,18,learned_occupancy,0.9088237262210548,0.03765215482228268
7,1200,18,learned_mean,0.9088237262210548,0.03864730751184342
7,1200,18,tis,0.9088237262210548,0.022659344271503734
7,1200,18,tis_anchored,0.9088237262210548,0.03239391050221552
7,1200,18,occ_plus_uniform,0.9088237262210548,0.025146899469055795
7,1200,18,occ_plus_mean,0.9088237262210548,0.036113916095323995
7,1200,18,oracle_tail,0.9088237262210548,0.023702394274144667
7,1200,18,complete_rollout,0.9088237262210548,-0.004758685570648291
7,1200,19,uniform,0.9088237262210548,-0.02198640532858498
7,1200,19,learned_occupancy,0.9088237262210548,-0.01536656664131597
7,1200,19,learned_mean,0.9088237262210548,-0.011069005131673193
7,1200,19,tis,0.9088237262210548,-0.013079575537968569
7,1200,19,tis_anchored,0.9088237262210548,-0.013060866162990625
7,1200,19,occ_plus_uniform,0.9088237262210548,-0.015606749360805194
7,1200,19,occ_plus_mean,0.9088237262210548,-0.0129162894198952
7,1200,19,oracle_tail,0.9088237262210548,-0.007780793814702425
7,1200,19,complete_rollout,0.9088237262210548,-0.0023196611804043865
7,1200,20,uniform,0.9088237262210548,-0.009955648046412136
7,1200,20,learned_occupancy,0.9088237262210548,-0.0027828576272806993
7,1200,20,learned_mean,0.9088237262210548,0.0014373413748048902
7,1200,20,tis,0.9088237262210548,0.008260572134018873
7,1200,20,tis_anchored,0.9088237262210548,0.010443483061744252
7,1200,20,occ_plus_uniform,0.9088237262210548,-0.00018148591867539476
7,1200,20,occ_plus_mean,0.9088237262210548,-0.0028837995217443346
7,1200,20,oracle_tail,0.9088237262210548,0.009289407583852438
7,1200,20,complete_rollout,0.9088237262210548,-0.003945677440566953
7,1200,21,uniform,0.9088237262210548,-0.003932519781150612
7,1200,21,learned_occupancy,0.9088237262210548,0.006356201184304688
7,1200,21,learned_mean,0.9088237262210548,0.007524145477319055
7,1200,21,tis,0.9088237262210548,0.01608133589082683
7,1200,21,tis_anchored,0.9088237262210548,0.008767297746249958
7,1200,21,occ_plus_uniform,0.9088237262210548,0.008554408055381879
7,1200,21,occ_plus_mean,0.9088237262210548,0.006279439079010185
7,1200,21,oracle_tail,0.9088237262210548,0.013435951140650548
7,1200,21,complete_rollout,0.9088237262210548,-0.02752291321292466
7,1200,22,uniform,0.9088237262210548,0.02422929774928273
7,1200,22,learned_occupancy,0.9088237262210548,0.021169595641092775
7,1200,22,learned_mean,0.9088237262210548,0.0134667131036591
7,1200,22,tis,0.9088237262210548,-0.004818110784002627
7,1200,22,tis_anchored,0.9088237262210548,-0.0037430774463801386
7,1200,22,occ_plus_uniform,0.9088237262210548,0.0183752609942911
7,1200,22,occ_plus_mean,0.9088237262210548,0.015735997173280558
7,1200,22,oracle_tail,0.9088237262210548,-0.003202779257713728
7,1200,22,complete_rollout,0.9088237262210548,0.010688468900896475
7,1200,23,uniform,0.9088237262210548,-0.01782744238686551
7,1200,23,learned_occupancy,0.9088237262210548,-0.012378942006160187
7,1200,23,learned_mean,0.9088237262210548,-0.02535472475380196
7,1200,23,tis,0.9088237262210548,-0.029237319331026468
7,1200,23,tis_anchored,0.9088237262210548,-0.024039502647670297
7,1200,23,occ_plus_uniform,0.9088237262210548,-0.021501450447021564
7,1200,23,occ_plus_mean,0.9088237262210548,-0.019928762570715075
7,1200,23,oracle_tail,0.9088237262210548,-0.023132305765914407
7,1200,23,complete_rollout,0.9088237262210548,0.004997411990327327
7,1200,24,uniform,0.9088237262210548,0.0006630195076833267
7,1200,24,learned_occupancy,0.9088237262210548,0.012102327445881689
7,1200,24,learned_mean,0.9088237262210548,0.002144763065186406
7,1200,24,tis,0.9088237262210548,0.008722781181693673
7,1200,24,tis_anchored,0.9088237262210548,0.0012432093730376792
7,1200,24,occ_plus_uniform,0.9088237262210548,0.004206029311591419
7,1200,24,occ_plus_mean,0.9088237262210548,0.008007978143206862
7,1200,24,oracle_tail,0.9088237262210548,0.010167439208261797
7,1200,24,complete_rollout,0.9088237262210548,-0.001506653050323048
7,1200,25,uniform,0.9088237262210548,-0.02031345534712492
7,1200,25,learned_occupancy,0.9088237262210548,-0.006658403951586123
7,1200,25,learned_mean,0.9088237262210548,-0.006032505384399922
7,1200,25,tis,0.9088237262210548,0.006463648373562614
7,1200,25,tis_anchored,0.9088237262210548,0.006523301226033507
7,1200,25,occ_plus_uniform,0.9088237262210548,-0.015836756596373514
7,1200,25,occ_plus_mean,0.9088237262210548,-0.010202180864211097
7,1200,25,oracle_tail,0.9088237262210548,0.012132224867223096
7,1200,25,complete_rollout,0.9088237262210548,0.028574647762685035
7,1200,26,uniform,0.9088237262210548,-0.009945865399829557
7,1200,26,learned_occupancy,0.9088237262210548,-0.017183176352410845
7,1200,26,learned_mean,0.9088237262210548,-0.011753195822918228
7,1200,26,tis,0.9088237262210548,-0.007966811496974202
7,1200,26,tis_anchored,0.9088237262210548,-0.006503503955214485
7,1200,26,occ_plus_uniform,0.9088237262210548,-0.009976272094829652
7,1200,26,occ_plus_mean,0.9088237262210548,-0.01388580739651546
7,1200,26,oracle_tail,0.9088237262210548,-0.0031682971388702352
7,1200,26,complete_rollout,0.9088237262210548,0.033452696543172844
7,1200,27,uniform,0.9088237262210548,-0.025358062598056397
7,1200,27,learned_occupancy,0.9088237262210548,-0.030417847002479736
7,1200,27,learned_mean,0.9088237262210548,-0.04100568614712452
7,1200,27,tis,0.9088237262210548,-0.003246277194145275
7,1200,27,tis_anchored,0.9088237262210548,-0.02437032480584922
7,1200,27,occ_plus_uniform,0.9088237262210548,-0.027256417724201842
7,1200,27,occ_plus_mean,0.9088237262210548,-0.039868230281763783
7,1200,27,oracle_tail,0.9088237262210548,-0.0006961590140458496
7,1200,27,complete_rollout,0.9088237262210548,0.009875460770815137
7,1200,28,uniform,0.9088237262210548,0.027389060665783505
7,1200,28,learned_occupancy,0.9088237262210548,0.031032736562997654
7,1200,28,learned_mean,0.9088237262210548,0.025834403633908543
7,1200,28,tis,0.9088237262210548,0.02888889956962226
7,1200,28,tis_anchored,0.9088237262210548,0.027609956049636786
7,1200,28,occ_plus_uniform,0.9088237262210548,0.025642698002748543
7,1200,28,occ_plus_mean,0.9088237262210548,0.027028132504858915
7,1200,28,oracle_tail,0.9088237262210548,0.022222858853631844
7,1200,28,complete_rollout,0.9088237262210548,-0.0006936449202418205
7,1200,29,uniform,0.9088237262210548,0.010302066960479306
7,1200,29,learned_occupancy,0.9088237262210548,0.01708292524429189
7,1200,29,learned_mean,0.9088237262210548,0.016109734946093912
7,1200,29,tis,0.9088237262210548,0.007560015482940163
7,1200,29,tis_anchored,0.9088237262210548,0.011742920141476043
7,1200,29,occ_plus_uniform,0.9088237262210548,0.018616173311565176
7,1200,29,occ_plus_mean,0.9088237262210548,0.01862766442535213
7,1200,29,oracle_tail,0.9088237262210548,0.00993680869421576
7,1200,29,complete_rollout,0.9088237262210548,-0.02264486443243685
7,1200,30,uniform,0.9088237262210548,0.009535622892605455
7,1200,30,learned_occupancy,0.9088237262210548,0.004332368337424342
7,1200,30,learned_mean,0.9088237262210548,0.005211729502032081
7,1200,30,tis,0.9088237262210548,0.0011421074352957472
7,1200,30,tis_anchored,0.9088237262210548,0.003364715822941622
7,1200,30,occ_plus_uniform,0.9088237262210548,0.008401877403429014
7,1200,30,occ_plus_mean,0.9088237262210548,0.00940800808292308
7,1200,30,oracle_tail,0.9088237262210548,1.4452438101497656e-05
7,1200,30,complete_rollout,0.9088237262210548,-0.01939283191211172
7,1200,31,uniform,0.9088237262210548,-0.0011069407570530876
7,1200,31,learned_occupancy,0.9088237262210548,0.024752436096464048
7,1200,31,learned_mean,0.9088237262210548,0.020168592191880608
7,1200,31,tis,0.9088237262210548,0.014338889787851805
7,1200,31,tis_anchored,0.9088237262210548,0.019865876442239805
7,1200,31,occ_plus_uniform,0.9088237262210548,0.015627777561708855
7,1200,31,occ_plus_mean,0.9088237262210548,0.017854264274594134
7,1200,31,oracle_tail,0.9088237262210548,0.02077631892638432
7,1200,31,complete_rollout,0.9088237262210548,0.041582777843985896
7,1200,32,uniform,0.9088237262210548,0.008428989549492782
7,1200,32,learned_occupancy,0.9088237262210548,0.01865982456889337
7,1200,32,learned_mean,0.9088237262210548,0.015620052772250537
7,1200,32,tis,0.9088237262210548,-0.00924258287669888
7,1200,32,tis_anchored,0.9088237262210548,-0.0038748579655785154
7,1200,32,occ_plus_uniform,0.9088237262210548,0.004784785446723339
7,1200,32,occ_plus_mean,0.9088237262210548,0.006998746184869176
7,1200,32,oracle_tail,0.9088237262210548,-0.005155934456094746
7,1200,32,complete_rollout,0.9088237262210548,0.01719253394154685
7,1200,33,uniform,0.9088237262210548,-0.0097810208175646
7,1200,33,learned_occupancy,0.9088237262210548,-0.0034717182830692472
7,1200,33,learned_mean,0.9088237262210548,-0.010391626208683502
7,1200,33,tis,0.9088237262210548,-0.016310143821774425
7,1200,33,tis_anchored,0.9088237262210548,-0.011142002023714848
7,1200,33,occ_plus_uniform,0.9088237262210548,0.004594147959675499
7,1200,33,occ_plus_mean,0.9088237262210548,-0.009294609712481972
7,1200,33,oracle_tail,0.9088237262210548,-0.00757211501178634
7,1200,33,complete_rollout,0.9088237262210548,-0.025083888822680755
7,1200,34,uniform,0.9088237262210548,-0.007542616591210249
7,1200,34,learned_occupancy,0.9088237262210548,-0.015069737926523996
7,1200,34,learned_mean,0.9088237262210548,-0.008543705417343173
7,1200,34,tis,0.9088237262210548,-0.012080978340338056
7,1200,34,tis_anchored,0.9088237262210548,-0.01238000300370945
7,1200,34,occ_plus_uniform,0.9088237262210548,-0.010588093804063115
7,1200,34,occ_plus_mean,0.9088237262210548,-0.015238255511152765
7,1200,34,oracle_tail,0.9088237262210548,-0.01808824905371187
7,1200,34,complete_rollout,0.9088237262210548,-0.021831856302355623
7,1200,35,uniform,0.9088237262210548,-0.02204284037209847
7,1200,35,learned_occupancy,0.9088237262210548,-0.019538933138192438
7,1200,35,learned_mean,0.9088237262210548,-0.02541900487704607
7,1200,35,tis,0.9088237262210548,-0.026449177981416327
7,1200,35,tis_anchored,0.9088237262210548,-0.022308840554034037
7,1200,35,occ_plus_uniform,0.9088237262210548,-0.015937519009245338
7,1200,35,occ_plus_mean,0.9088237262210548,-0.021403163117423518
7,1200,35,oracle_tail,0.9088237262210548,-0.030133741069738207
7,1200,35,complete_rollout,0.9088237262210548,0.0017453794700020842
7,1200,36,uniform,0.9088237262210548,-0.009555714413891248
7,1200,36,learned_occupancy,0.9088237262210548,-0.024758455193484075
7,1200,36,learned_mean,0.9088237262210548,-0.023496328830829638
7,1200,36,tis,0.9088237262210548,-0.02250364521543824
7,1200,36,tis_anchored,0.9088237262210548,-0.021603103614530328
7,1200,36,occ_plus_uniform,0.9088237262210548,-0.01194556784675338
7,1200,36,occ_plus_mean,0.9088237262210548,-0.01675349631344014
7,1200,36,oracle_tail,0.9088237262210548,-0.02732309063262217
7,1200,36,complete_rollout,0.9088237262210548,-0.025896896952762094
7,1200,37,uniform,0.9088237262210548,-0.022408105985213478
7,1200,37,learned_occupancy,0.9088237262210548,-0.03398213309900866
7,1200,37,learned_mean,0.9088237262210548,-0.03540716528091237
7,1200,37,tis,0.9088237262210548,-0.015622247944010903
7,1200,37,tis_anchored,0.9088237262210548,-0.025670667644583478
7,1200,37,occ_plus_uniform,0.9088237262210548,-0.024157326208960384
7,1200,37,occ_plus_mean,0.9088237262210548,-0.03844311215999352
7,1200,37,oracle_tail,0.9088237262210548,-0.012297105876214465
7,1200,37,complete_rollout,0.9088237262210548,0.009875460770815137
7,1200,38,uniform,0.9088237262210548,-0.02321368333066387
7,1200,38,learned_occupancy,0.9088237262210548,-0.03110437629626217
7,1200,38,learned_mean,0.9088237262210548,-0.026342335605869516
7,1200,38,tis,0.9088237262210548,-0.015916529132567026
7,1200,38,tis_anchored,0.9088237262210548,-0.02942916662975026
7,1200,38,occ_plus_uniform,0.9088237262210548,-0.029099500151979818
7,1200,38,occ_plus_mean,0.9088237262210548,-0.029766278459162132
7,1200,38,oracle_tail,0.9088237262210548,-0.017555220053614762
7,1200,38,complete_rollout,0.9088237262210548,-0.029148929473087337
7,1200,39,uniform,0.9088237262210548,-0.026609966802075946
7,1200,39,learned_occupancy,0.9088237262210548,-0.043227169687028
7,1200,39,learned_mean,0.9088237262210548,-0.03776246412674711
7,1200,39,tis,0.9088237262210548,-0.025546424470493823
7,1200,39,tis_anchored,0.9088237262210548,-0.028800988373511416
7,1200,39,occ_plus_uniform,0.9088237262210548,-0.03867649435708398
7,1200,39,occ_plus_mean,0.9088237262210548,-0.03592126586447286
7,1200,39,oracle_tail,0.9088237262210548,-0.021080999714700677
7,1200,39,complete_rollout,0.9088237262210548,-0.042970067684469426
7,1200,40,uniform,0.9088237262210548,0.010264915468997549
7,1200,40,learned_occupancy,0.9088237262210548,-0.005504013092148541
7,1200,40,learned_mean,0.9088237262210548,-0.004417233548464683
7,1200,40,tis,0.9088237262210548,-0.00988732350260324
7,1200,40,tis_anchored,0.9088237262210548,-0.014712770765811123
7,1200,40,occ_plus_uniform,0.9088237262210548,0.002315339937724703
7,1200,40,occ_plus_mean,0.9088237262210548,-0.001776395080919868
7,1200,40,oracle_tail,0.9088237262210548,-0.009428122148166795
7,1200,40,complete_rollout,0.9088237262210548,-0.029148929473087337
7,1200,41,uniform,0.9088237262210548,0.008057486236709988
7,1200,41,learned_occupancy,0.9088237262210548,0.012541845599513213
7,1200,41,learned_mean,0.9088237262210548,0.0167445021448831
7,1200,41,tis,0.9088237262210548,0.003922129347303516
7,1200,41,tis_anchored,0.9088237262210548,0.013752883324752885
7,1200,41,occ_plus_uniform,0.9088237262210548,0.01169516486455624
7,1200,41,occ_plus_mean,0.9088237262210548,0.015772517259085017
7,1200,41,oracle_tail,0.9088237262210548,0.0028381278027088674
7,1200,41,complete_rollout,0.9088237262210548,0.005810420120408666
7,1200,42,uniform,0.9088237262210548,-0.01670148076995437
7,1200,42,learned_occupancy,0.9088237262210548,-0.012989635927462273
7,1200,42,learned_mean,0.9088237262210548,-0.01206514436880135
7,1200,42,tis,0.9088237262210548,-0.012413737440730266
7,1200,42,tis_anchored,0.9088237262210548,-0.013071385248820233
7,1200,42,occ_plus_uniform,0.9088237262210548,-0.011596928052897804
7,1200,42,occ_plus_mean,0.9088237262210548,-0.010831932093449015
7,1200,42,oracle_tail,0.9088237262210548,-0.013485921303819981
7,1200,42,complete_rollout,0.9088237262210548,-0.01451478313162391
7,1200,43,uniform,0.9088237262210548,-0.021468414270483294
7,1200,43,learned_occupancy,0.9088237262210548,-0.014254784954944921
7,1200,43,learned_mean,0.9088237262210548,-0.019205743076644244
7,1200,43,tis,0.9088237262210548,-0.018150734037800098
7,1200,43,tis_anchored,0.9088237262210548,-0.020207294569360212
7,1200,43,occ_plus_uniform,0.9088237262210548,-0.018912121783550284
7,1200,43,occ_plus_mean,0.9088237262210548,-0.02577768049060003
7,1200,43,oracle_tail,0.9088237262210548,-0.007900540497429276
7,1200,43,complete_rollout,0.9088237262210548,-0.006384701830810857
7,1200,44,uniform,0.9088237262210548,-0.013473537050452844
7,1200,44,learned_occupancy,0.9088237262210548,-0.01669662183832621
7,1200,44,learned_mean,0.9088237262210548,-0.011139725920848664
7,1200,44,tis,0.9088237262210548,-0.015522739048415723
7,1200,44,tis_anchored,0.9088237262210548,-0.014629405467414647
7,1200,44,occ_plus_uniform,0.9088237262210548,-0.016299310411418966
7,1200,44,occ_plus_mean,0.9088237262210548,-0.01280561051232032
7,1200,44,oracle_tail,0.9088237262210548,-0.0037587113787885817
7,1200,44,complete_rollout,0.9088237262210548,-0.003132669310485725
7,1200,45,uniform,0.9088237262210548,0.0062843867446849
7,1200,45,learned_occupancy,0.9088237262210548,0.0013006950835359188
7,1200,45,learned_mean,0.9088237262210548,0.0015480691058580298
7,1200,45,tis,0.9088237262210548,-0.003921547371963707
7,1200,45,tis_anchored,0.9088237262210548,-0.002010945038623979
7,1200,45,occ_plus_uniform,0.9088237262210548,0.006352047429830865
7,1200,45,occ_plus_mean,0.9088237262210548,0.0062744759023269925
7,1200,45,oracle_tail,0.9088237262210548,-0.011183237173030935
7,1200,45,complete_rollout,0.9088237262210548,0.0025583876000834227
7,1200,46,uniform,0.9088237262210548,0.020606694069291387
7,1200,46,learned_occupancy,0.9088237262210548,0.027026513905039407
7,1200,46,learned_mean,0.9088237262210548,0.03352837248502949
7,1200,46,tis,0.9088237262210548,0.022268506705486968
7,1200,46,tis_anchored,0.9088237262210548,0.021557776152771213
7,1200,46,occ_plus_uniform,0.9088237262210548,0.030175586639839103
7,1200,46,occ_plus_mean,0.9088237262210548,0.03148668019575307
7,1200,46,oracle_tail,0.9088237262210548,0.02156936349379346
7,1200,46,complete_rollout,0.9088237262210548,-0.04622210020479467
7,1200,47,uniform,0.9088237262210548,-0.004209538081737074
7,1200,47,learned_occupancy,0.9088237262210548,-0.005689455102152574
7,1200,47,learned_mean,0.9088237262210548,-0.008091353593778217
7,1200,47,tis,0.9088237262210548,-0.011619136638212235
7,1200,47,tis_anchored,0.9088237262210548,-0.003204154629870004
7,1200,47,occ_plus_uniform,0.9088237262210548,-0.005267429978939586
7,1200,47,occ_plus_mean,0.9088237262210548,-0.005447477720521898
7,1200,47,oracle_tail,0.9088237262210548,-0.0031320724881832573
7,1200,47,complete_rollout,0.9088237262210548,-0.001506653050323048
7,1200,48,uniform,0.9088237262210548,-0.010340560109965313
7,1200,48,learned_occupancy,0.9088237262210548,-0.016006439160573427
7,1200,48,learned_mean,0.9088237262210548,-0.012618051763119253
7,1200,48,tis,0.9088237262210548,-0.012993574060882196
7,1200,48,tis_anchored,0.9088237262210548,-0.007290456484446373
7,1200,48,occ_plus_uniform,0.9088237262210548,-0.011657012210071427
7,1200,48,occ_plus_mean,0.9088237262210548,-0.013704425561063882
7,1200,48,oracle_tail,0.9088237262210548,-0.007414199457466353
7,1200,48,complete_rollout,0.9088237262210548,0.02125757459195332
7,1200,49,uniform,0.9088237262210548,-0.004446519801519777
7,1200,49,learned_occupancy,0.9088237262210548,-0.011958651030296696
7,1200,49,learned_mean,0.9088237262210548,-0.016346563258492486
7,1200,49,tis,0.9088237262210548,-0.0041901943648700035
7,1200,49,tis_anchored,0.9088237262210548,-0.012815697349271571
7,1200,49,occ_plus_uniform,0.9088237262210548,-0.02177783865214289
7,1200,49,occ_plus_mean,0.9088237262210548,-0.01431960848218794
7,1200,49,oracle_tail,0.9088237262210548,-0.0072285603801374165
7,1200,49,complete_rollout,0.9088237262210548,-0.03321397012349381
7,1200,50,uniform,0.9088237262210548,0.007400215657253351
7,1200,50,learned_occupancy,0.9088237262210548,0.020011233092114722
7,1200,50,learned_mean,0.9088237262210548,0.01564602566183515
7,1200,50,tis,0.9088237262210548,0.013898780534048472
7,1200,50,tis_anchored,0.9088237262210548,0.019143084264192645
7,1200,50,occ_plus_uniform,0.9088237262210548,0.015456334572915287
7,1200,50,occ_plus_mean,0.9088237262210548,0.01702495561534978
7,1200,50,oracle_tail,0.9088237262210548,0.009193890110493652
7,1200,50,complete_rollout,0.9088237262210548,-0.034026978253575146
7,1200,51,uniform,0.9088237262210548,0.0172324422172343
7,1200,51,learned_occupancy,0.9088237262210548,0.015582717142151203
7,1200,51,learned_mean,0.9088237262210548,0.012604966612099533
7,1200,51,tis,0.9088237262210548,0.00996887449275985
7,1200,51,tis_anchored,0.9088237262210548,0.015533997203873162
7,1200,51,occ_plus_uniform,0.9088237262210548,0.02338569184803352
7,1200,51,occ_plus_mean,0.9088237262210548,0.021668668197878604
7,1200,51,oracle_tail,0.9088237262210548,0.011280140473983846
7,1200,51,complete_rollout,0.9088237262210548,-0.012075758741380005
7,1200,52,uniform,0.9088237262210548,-0.026310178619899593
7,1200,52,learned_occupancy,0.9088237262210548,-0.0220488945023547
7,1200,52,learned_mean,0.9088237262210548,-0.009521942765485902
7,1200,52,tis,0.9088237262210548,-0.008636651763608394
7,1200,52,tis_anchored,0.9088237262210548,-0.019040336030404448
7,1200,52,occ_plus_uniform,0.9088237262210548,-0.02006160796019374
7,1200,52,occ_plus_mean,0.9088237262210548,-0.018934253836843995
7,1200,52,oracle_tail,0.9088237262210548,-0.010085027209539632
7,1200,52,complete_rollout,0.9088237262210548,-0.015327791261705137
7,1200,53,uniform,0.9088237262210548,0.015956079776255905
7,1200,53,learned_occupancy,0.9088237262210548,0.010126348957189224
7,1200,53,learned_mean,0.9088237262210548,0.00627593504765489
7,1200,53,tis,0.9088237262210548,0.018942209252630127
7,1200,53,tis_anchored,0.9088237262210548,0.011415294359498063
7,1200,53,occ_plus_uniform,0.9088237262210548,0.009837639809940901
7,1200,53,occ_plus_mean,0.9088237262210548,0.0043054645371162215
7,1200,53,oracle_tail,0.9088237262210548,0.014098257405023573
7,1200,53,complete_rollout,0.9088237262210548,-0.026709905082843433
7,1200,54,uniform,0.9088237262210548,0.02432105246530014
7,1200,54,learned_occupancy,0.9088237262210548,0.019226247698108767
7,1200,54,learned_mean,0.9088237262210548,0.022659617088799044
7,1200,54,tis,0.9088237262210548,0.009003472064270768
7,1200,54,tis_anchored,0.9088237262210548,0.01692560122883624
7,1200,54,occ_plus_uniform,0.9088237262210548,0.025408052090938882
7,1200,54,occ_plus_mean,0.9088237262210548,0.020049734755637427
7,1200,54,oracle_tail,0.9088237262210548,0.014118040031742995
7,1200,54,complete_rollout,0.9088237262210548,-0.034026978253575146
7,1200,55,uniform,0.9088237262210548,0.0013402849661575678
7,1200,55,learned_occupancy,0.9088237262210548,0.004855032481060784
7,1200,55,learned_mean,0.9088237262210548,0.010321468072994278
7,1200,55,tis,0.9088237262210548,-0.0022127364015879225
7,1200,55,tis_anchored,0.9088237262210548,-0.001757985859952127
7,1200,55,occ_plus_uniform,0.9088237262210548,0.005035226075612131
7,1200,55,occ_plus_mean,0.9088237262210548,0.00894970391780403
7,1200,55,oracle_tail,0.9088237262210548,-0.007888683809032293
7,1200,55,complete_rollout,0.9088237262210548,0.023696598982197226
7,1200,56,uniform,0.9088237262210548,0.008489108426815606
7,1200,56,learned_occupancy,0.9088237262210548,0.012415553610148011
7,1200,56,learned_mean,0.9088237262210548,0.011529433145200163
7,1200,56,tis,0.9088237262210548,0.012967453880184054
7,1200,56,tis_anchored,0.9088237262210548,0.003916833821304477
7,1200,56,occ_plus_uniform,0.9088237262210548,0.012677294603550271
7,1200,56,occ_plus_mean,0.9088237262210548,0.010080345403754576
7,1200,56,oracle_tail,0.9088237262210548,0.006338058108047884
7,1200,56,complete_rollout,0.9088237262210548,0.011501477030977703
7,1200,57,uniform,0.9088237262210548,0.03456020147284966
7,1200,57,learned_occupancy,0.9088237262210548,0.034973160467469455
7,1200,57,learned_mean,0.9088237262210548,0.02253597171876054
7,1200,57,tis,0.9088237262210548,0.018983707196859267
7,1200,57,tis_anchored,0.9088237262210548,0.012892193491283122
7,1200,57,occ_plus_uniform,0.9088237262210548,0.03336595589308966
7,1200,57,occ_plus_mean,0.9088237262210548,0.02529508325059826
7,1200,57,oracle_tail,0.9088237262210548,0.020518224658356066
7,1200,57,complete_rollout,0.9088237262210548,0.007436436380571232
7,1200,58,uniform,0.9088237262210548,0.031166483200619766
7,1200,58,learned_occupancy,0.9088237262210548,0.04419843418128899
7,1200,58,learned_mean,0.9088237262210548,0.04412082432598097
7,1200,58,tis,0.9088237262210548,0.03928579483269801
7,1200,58,tis_anchored,0.9088237262210548,0.05185340608072353
7,1200,58,occ_plus_uniform,0.9088237262210548,0.045592423415991234
7,1200,58,occ_plus_mean,0.9088237262210548,0.044172319460741516
7,1200,58,oracle_tail,0.9088237262210548,0.04105975706904785
7,1200,58,complete_rollout,0.9088237262210548,0.02694863150252247
7,1200,59,uniform,0.9088237262210548,-0.018965014794764645
7,1200,59,learned_occupancy,0.9088237262210548,-0.02740264755393751
7,1200,59,learned_mean,0.9088237262210548,-0.03410799300118572
7,1200,59,tis,0.9088237262210548,-0.0255603175648228
7,1200,59,tis_anchored,0.9088237262210548,-0.02700165394284193
7,1200,59,occ_plus_uniform,0.9088237262210548,-0.02725515030398651
7,1200,59,occ_plus_mean,0.9088237262210548,-0.03431421827722214
7,1200,59,oracle_tail,0.9088237262210548,-0.02292223037737351
7,1200,59,complete_rollout,0.9088237262210548,0.03670472906349809
7,1200,60,uniform,0.9088237262210548,0.00374961649548311
7,1200,60,learned_occupancy,0.9088237262210548,0.0011960558919132946
7,1200,60,learned_mean,0.9088237262210548,0.012256275397810823
7,1200,60,tis,0.9088237262210548,-0.003282463649855072
7,1200,60,tis_anchored,0.9088237262210548,0.0010142221048439204
7,1200,60,occ_plus_uniform,0.9088237262210548,0.002900512661479948
7,1200,60,occ_plus_mean,0.9088237262210548,0.007495194809767236
7,1200,60,oracle_tail,0.9088237262210548,-0.003573950186452457
7,1200,60,complete_rollout,0.9088237262210548,-0.012075758741380005
7,1200,61,uniform,0.9088237262210548,0.014713630567249503
7,1200,61,learned_occupancy,0.9088237262210548,-0.0030571562509339456
7,1200,61,learned_mean,0.9088237262210548,0.0008473803370312449
7,1200,61,tis,0.9088237262210548,-0.002680821962542823
7,1200,61,tis_anchored,0.9088237262210548,-0.00662289862751908
7,1200,61,occ_plus_uniform,0.9088237262210548,-0.005950758992939176
7,1200,61,occ_plus_mean,0.9088237262210548,-0.006324919612680335
7,1200,61,oracle_tail,0.9088237262210548,0.0030603201120379397
7,1200,61,complete_rollout,0.9088237262210548,-0.016953807521867814
7,1200,62,uniform,0.9088237262210548,0.013374969056206942
7,1200,62,learned_occupancy,0.9088237262210548,0.007401869387059001
7,1200,62,learned_mean,0.9088237262210548,0.006229433817154351
7,1200,62,tis,0.9088237262210548,0.0019675095789257746
7,1200,62,tis_anchored,0.9088237262210548,-0.004999066802518826
7,1200,62,occ_plus_uniform,0.9088237262210548,0.0014247154765636427
7,1200,62,occ_plus_mean,0.9088237262210548,0.004930018875156983
7,1200,62,oracle_tail,0.9088237262210548,0.0026011369722528377
7,1200,62,complete_rollout,0.9088237262210548,0.041582777843985896
7,1200,63,uniform,0.9088237262210548,0.014211594405848404
7,1200,63,learned_occupancy,0.9088237262210548,0.011387053790500312
7,1200,63,learned_mean,0.9088237262210548,0.011549749405270537
7,1200,63,tis,0.9088237262210548,0.008712488208519886
7,1200,63,tis_anchored,0.9088237262210548,0.013632447147590931
7,1200,63,occ_plus_uniform,0.9088237262210548,0.014816824788178584
7,1200,63,occ_plus_mean,0.9088237262210548,0.010301838235441951
7,1200,63,oracle_tail,0.9088237262210548,0.013215479317277512
7,1200,63,complete_rollout,0.9088237262210548,-0.010449742481217439
7,1200,64,uniform,0.9088237262210548,-0.026827465124679484
7,1200,64,learned_occupancy,0.9088237262210548,-0.01695429052691777
7,1200,64,learned_mean,0.9088237262210548,-0.015157283982520253
7,1200,64,tis,0.9088237262210548,-0.01021951011296085
7,1200,64,tis_anchored,0.9088237262210548,-0.01325223310583723
7,1200,64,occ_plus_uniform,0.9088237262210548,-0.02832957204577502
7,1200,64,occ_plus_mean,0.9088237262210548,-0.01979947195316223
7,1200,64,oracle_tail,0.9088237262210548,-0.014238830684438653
7,1200,64,complete_rollout,0.9088237262210548,-0.028335921343006
7,1200,65,uniform,0.9088237262210548,0.020953176373357696
7,1200,65,learned_occupancy,0.9088237262210548,0.014540848764142522
7,1200,65,learned_mean,0.9088237262210548,0.023224821224110404
7,1200,65,tis,0.9088237262210548,0.015719450495308984
7,1200,65,tis_anchored,0.9088237262210548,0.014149710411341387
7,1200,65,occ_plus_uniform,0.9088237262210548,0.00462983801597705
7,1200,65,occ_plus_mean,0.9088237262210548,0.019956177951312992
7,1200,65,oracle_tail,0.9088237262210548,0.010903403089092878
7,1200,65,complete_rollout,0.9088237262210548,-0.003945677440566953
7,1200,66,uniform,0.9088237262210548,-0.005929708717500204
7,1200,66,learned_occupancy,0.9088237262210548,-0.004669588414784154
7,1200,66,learned_mean,0.9088237262210548,-0.005679427978232621
7,1200,66,tis,0.9088237262210548,0.005674892218437422
7,1200,66,tis_anchored,0.9088237262210548,-0.0056908825519008666
7,1200,66,occ_plus_uniform,0.9088237262210548,-0.004141840507024819
7,1200,66,occ_plus_mean,0.9088237262210548,-0.0052174420136469335
7,1200,66,oracle_tail,0.9088237262210548,0.005073019603909601
7,1200,66,complete_rollout,0.9088237262210548,0.0025583876000834227
7,1200,67,uniform,0.9088237262210548,0.009417848030041531
7,1200,67,learned_occupancy,0.9088237262210548,0.013524993999608381
7,1200,67,learned_mean,0.9088237262210548,0.01930311370650295
7,1200,67,tis,0.9088237262210548,0.01079752879439222
7,1200,67,tis_anchored,0.9088237262210548,0.0062353653217639415
7,1200,67,occ_plus_uniform,0.9088237262210548,0.011226674878950571
7,1200,67,occ_plus_mean,0.9088237262210548,0.01579469699270397
7,1200,67,oracle_tail,0.9088237262210548,0.004636494823724524
7,1200,67,complete_rollout,0.9088237262210548,-0.003945677440566953
7,1200,68,uniform,0.9088237262210548,-0.01642816618319831
7,1200,68,learned_occupancy,0.9088237262210548,-0.01044635684946893
7,1200,68,learned_mean,0.9088237262210548,-0.0054820571904962145
7,1200,68,tis,0.9088237262210548,-0.002898269291041755
7,1200,68,tis_anchored,0.9088237262210548,-0.01587770694502255
7,1200,68,occ_plus_uniform,0.9088237262210548,-0.011717974048299329
7,1200,68,occ_plus_mean,0.9088237262210548,-0.005913909487091695
7,1200,68,oracle_tail,0.9088237262210548,-0.008570601541445622
7,1200,68,complete_rollout,0.9088237262210548,0.004184403860245989
7,1200,69,uniform,0.9088237262210548,-0.005296044397157362
7,1200,69,learned_occupancy,0.9088237262210548,-0.013224224189734013
7,1200,69,learned_mean,0.9088237262210548,-0.0020341340199043767
7,1200,69,tis,0.9088237262210548,0.003534591029510814
7,1200,69,tis_anchored,0.9088237262210548,-0.002174668366170973
7,1200,69,occ_plus_uniform,0.9088237262210548,-0.01638238199680564
7,1200,69,occ_plus_mean,0.9088237262210548,-0.006609405014222136
7,1200,69,oracle_tail,0.9088237262210548,0.004078773345225661
7,1200,69,complete_rollout,0.9088237262210548,-0.04459608394463199
7,1200,70,uniform,0.9088237262210548,0.040445372510985234
7,1200,70,learned_occupancy,0.9088237262210548,0.0227841948261972
7,1200,70,learned_mean,0.9088237262210548,0.017397314295823252
7,1200,70,tis,0.9088237262210548,0.01798616643530726
7,1200,70,tis_anchored,0.9088237262210548,0.0078909451507716
7,1200,70,occ_plus_uniform,0.9088237262210548,0.028149525045639834
7,1200,70,occ_plus_mean,0.9088237262210548,0.021059140129054632
7,1200,70,oracle_tail,0.9088237262210548,0.016754529055171385
7,1200,70,complete_rollout,0.9088237262210548,-0.04215705955438809
7,1200,71,uniform,0.9088237262210548,-0.0014421550519547743
7,1200,71,learned_occupancy,0.9088237262210548,-0.005620506525363167
7,1200,71,learned_mean,0.9088237262210548,0.001384488890384561
7,1200,71,tis,0.9088237262210548,0.013711494593174223
7,1200,71,tis_anchored,0.9088237262210548,0.01891636964207688
7,1200,71,occ_plus_uniform,0.9088237262210548,0.010839084313552405
7,1200,71,occ_plus_mean,0.9088237262210548,-0.001199885249834387
7,1200,71,oracle_tail,0.9088237262210548,0.009411684886416416
7,1200,71,complete_rollout,0.9088237262210548,-0.042970067684469426
7,1200,72,uniform,0.9088237262210548,-0.0027487958463657813
7,1200,72,learned_occupancy,0.9088237262210548,-0.0005012714102771154
7,1200,72,learned_mean,0.9088237262210548,0.0008491792406449816
7,1200,72,tis,0.9088237262210548,-0.0021757094851694303
7,1200,72,tis_anchored,0.9088237262210548,-0.0028656229386110343
7,1200,72,occ_plus_uniform,0.9088237262210548,0.002437155817931136
7,1200,72,occ_plus_mean,0.9088237262210548,-0.003191745088658493
7,1200,72,oracle_tail,0.9088237262210548,-0.006391496910636452
7,1200,72,complete_rollout,0.9088237262210548,0.0009323713399208566
7,1200,73,uniform,0.9088237262210548,0.012626432825491252
7,1200,73,learned_occupancy,0.9088237262210548,0.0032875214086793836
7,1200,73,learned_mean,0.9088237262210548,0.010914455184925731
7,1200,73,tis,0.9088237262210548,-0.001119542372558291
7,1200,73,tis_anchored,0.9088237262210548,-0.012366173758612153
7,1200,73,occ_plus_uniform,0.9088237262210548,0.012206050026912107
7,1200,73,occ_plus_mean,0.9088237262210548,0.004280958403207413
7,1200,73,oracle_tail,0.9088237262210548,-0.006803956739000028
7,1200,73,complete_rollout,0.9088237262210548,-0.03240096199341247
7,1200,74,uniform,0.9088237262210548,0.006907465907313393
7,1200,74,learned_occupancy,0.9088237262210548,0.01144440235558919
7,1200,74,learned_mean,0.9088237262210548,0.004470733935467264
7,1200,74,tis,0.9088237262210548,0.005427343860721856
7,1200,74,tis_anchored,0.9088237262210548,0.005238522467750917
7,1200,74,occ_plus_uniform,0.9088237262210548,0.002699546603788794
7,1200,74,occ_plus_mean,0.9088237262210548,0.011837445644188316
7,1200,74,oracle_tail,0.9088237262210548,0.010361495101606222
7,1200,74,complete_rollout,0.9088237262210548,-0.003945677440566953
7,1200,75,uniform,0.9088237262210548,0.018244970339599265
7,1200,75,learned_occupancy,0.9088237262210548,0.03625676777318654
7,1200,75,learned_mean,0.9088237262210548,0.036726788090850726
7,1200,75,tis,0.9088237262210548,0.016657271831944764
7,1200,75,tis_anchored,0.9088237262210548,0.020422833645999616
7,1200,75,occ_plus_uniform,0.9088237262210548,0.030925343156755436
7,1200,75,occ_plus_mean,0.9088237262210548,0.03523693971042885
7,1200,75,oracle_tail,0.9088237262210548,0.008144151066500238
7,1200,75,complete_rollout,0.9088237262210548,-0.012888766871461343
7,1200,76,uniform,0.9088237262210548,0.013121118218008876
7,1200,76,learned_occupancy,0.9088237262210548,0.0066233064229506144
7,1200,76,learned_mean,0.9088237262210548,0.002830925398379369
7,1200,76,tis,0.9088237262210548,-0.006270777550908657
7,1200,76,tis_anchored,0.9088237262210548,-0.005829661459036184
7,1200,76,occ_plus_uniform,0.9088237262210548,0.015886580012828277
7,1200,76,occ_plus_mean,0.9088237262210548,0.004510228970803665
7,1200,76,oracle_tail,0.9088237262210548,-0.012602308710715993
7,1200,76,complete_rollout,0.9088237262210548,-0.0023196611804043865
7,1200,77,uniform,0.9088237262210548,-0.0017155497184735413
7,1200,77,learned_occupancy,0.9088237262210548,-0.003910064620064602
7,1200,77,learned_mean,0.9088237262210548,-0.0010532053352161341
7,1200,77,tis,0.9088237262210548,-0.012284891018609523
7,1200,77,tis_anchored,0.9088237262210548,-0.009438800467908348
7,1200,77,occ_plus_uniform,0.9088237262210548,0.000770150322790597
7,1200,77,occ_plus_mean,0.9088237262210548,-0.005626310359462261
7,1200,77,oracle_tail,0.9088237262210548,-0.007179862978722307
7,1200,77,complete_rollout,0.9088237262210548,0.02694863150252247
7,1200,78,uniform,0.9088237262210548,0.010341827230019418
7,1200,78,learned_occupancy,0.9088237262210548,0.013112083766230187
7,1200,78,learned_mean,0.9088237262210548,0.013261978687240217
7,1200,78,tis,0.9088237262210548,0.00805605349653371
7,1200,78,tis_anchored,0.9088237262210548,0.004725745903861767
7,1200,78,occ_plus_uniform,0.9088237262210548,0.018390460472767045
7,1200,78,occ_plus_mean,0.9088237262210548,0.011829928926118005
7,1200,78,oracle_tail,0.9088237262210548,-0.0041084450420387775
7,1200,78,complete_rollout,0.9088237262210548,0.005810420120408666
7,1200,79,uniform,0.9088237262210548,-0.02708382960227662
7,1200,79,learned_occupancy,0.9088237262210548,-0.003581450034551459
7,1200,79,learned_mean,0.9088237262210548,-0.005802460203574222
7,1200,79,tis,0.9088237262210548,-0.005102405810239019
7,1200,79,tis_anchored,0.9088237262210548,-0.0005030314081477805
7,1200,79,occ_plus_uniform,0.9088237262210548,-0.011018397501428634
7,1200,79,occ_plus_mean,0.9088237262210548,-0.0070587314820159675
7,1200,79,oracle_tail,0.9088237262210548,-0.0029548989722609775
7,1200,79,complete_rollout,0.9088237262210548,-0.042970067684469426
7,1200,80,uniform,0.9088237262210548,0.003470581551388241
7,1200,80,learned_occupancy,0.9088237262210548,-0.0018568078976195501
7,1200,80,learned_mean,0.9088237262210548,-0.004586629582631008
7,1200,80,tis,0.9088237262210548,-0.003536463283774549
7,1200,80,tis_anchored,0.9088237262210548,-0.0017539240831848657
7,1200,80,occ_plus_uniform,0.9088237262210548,-0.004913475975834802
7,1200,80,occ_plus_mean,0.9088237262210548,0.0032466654332096168
7,1200,80,oracle_tail,0.9088237262210548,-0.005370849550995538
7,1200,80,complete_rollout,0.9088237262210548,0.006623428250489893
7,1200,81,uniform,0.9088237262210548,-0.021262838629796832
7,1200,81,learned_occupancy,0.9088237262210548,-0.0168784132604497
7,1200,81,learned_mean,0.9088237262210548,-0.01666567546650255
7,1200,81,tis,0.9088237262210548,-0.011657865776325882
7,1200,81,tis_anchored,0.9088237262210548,-0.012131254476298037
7,1200,81,occ_plus_uniform,0.9088237262210548,-0.020933303335221254
7,1200,81,occ_plus_mean,0.9088237262210548,-0.017035054523751758
7,1200,81,oracle_tail,0.9088237262210548,-0.01111036650625552
7,1200,81,complete_rollout,0.9088237262210548,-0.025896896952762094
7,1200,82,uniform,0.9088237262210548,0.011021256537401825
7,1200,82,learned_occupancy,0.9088237262210548,0.01797721294141863
7,1200,82,learned_mean,0.9088237262210548,0.013299080950430198
7,1200,82,tis,0.9088237262210548,0.013677797361628885
7,1200,82,tis_anchored,0.9088237262210548,0.025648291674609136
7,1200,82,occ_plus_uniform,0.9088237262210548,0.008288643100186954
7,1200,82,occ_plus_mean,0.9088237262210548,0.01202220992382208
7,1200,82,oracle_tail,0.9088237262210548,0.015820916533946572
7,1200,82,complete_rollout,0.9088237262210548,0.0017453794700020842
7,1200,83,uniform,0.9088237262210548,-0.0014192995875618175
7,1200,83,learned_occupancy,0.9088237262210548,-0.015124230622140522
7,1200,83,learned_mean,0.9088237262210548,-0.015704097569527176
7,1200,83,tis,0.9088237262210548,-0.0037559667731860147
7,1200,83,tis_anchored,0.9088237262210548,-0.001400775731830839
7,1200,83,occ_plus_uniform,0.9088237262210548,-0.007689568672904601
7,1200,83,occ_plus_mean,0.9088237262210548,-0.013276980658047388
7,1200,83,oracle_tail,0.9088237262210548,-0.004173631577113701
7,1200,83,complete_rollout,0.9088237262210548,0.014753509551302946
7,1200,84,uniform,0.9088237262210548,0.01587344978462879
7,1200,84,learned_occupancy,0.9088237262210548,0.02402054586923208
7,1200,84,learned_mean,0.9088237262210548,0.027036927177055636
7,1200,84,tis,0.9088237262210548,0.022624154975514066
7,1200,84,tis_anchored,0.9088237262210548,0.02324340350728571
7,1200,84,occ_plus_uniform,0.9088237262210548,0.02324140371281358
7,1200,84,occ_plus_mean,0.9088237262210548,0.023147180867373884
7,1200,84,oracle_tail,0.9088237262210548,0.021476041459141948
7,1200,84,complete_rollout,0.9088237262210548,0.016379525811465512
7,1200,85,uniform,0.9088237262210548,-0.017639620625414354
7,1200,85,learned_occupancy,0.9088237262210548,-0.01879574386325389
7,1200,85,learned_mean,0.9088237262210548,-0.014621675189268157
7,1200,85,tis,0.9088237262210548,-0.009251961156457433
7,1200,85,tis_anchored,0.9088237262210548,-0.02331587123950929
7,1200,85,occ_plus_uniform,0.9088237262210548,-0.020640942265604645
7,1200,85,occ_plus_mean,0.9088237262210548,-0.024107320448315317
7,1200,85,oracle_tail,0.9088237262210548,-0.014311778056800728
7,1200,85,complete_rollout,0.9088237262210548,-0.025083888822680755
7,1200,86,uniform,0.9088237262210548,-0.013124834843051159
7,1200,86,learned_occupancy,0.9088237262210548,-0.01924083454154124
7,1200,86,learned_mean,0.9088237262210548,-0.010652253058600736
7,1200,86,tis,0.9088237262210548,-0.022581395341289223
7,1200,86,tis_anchored,0.9088237262210548,-0.014023315360493616
7,1200,86,occ_plus_uniform,0.9088237262210548,-0.02130715296636254
7,1200,86,occ_plus_mean,0.9088237262210548,-0.022170986782906854
7,1200,86,oracle_tail,0.9088237262210548,-0.01293539436074198
7,1200,86,complete_rollout,0.9088237262210548,0.011501477030977703
7,1200,87,uniform,0.9088237262210548,-0.01338044914323322
7,1200,87,learned_occupancy,0.9088237262210548,-0.00890668520413418
7,1200,87,learned_mean,0.9088237262210548,-0.0005671077408858638
7,1200,87,tis,0.9088237262210548,0.0013661221712951699
7,1200,87,tis_anchored,0.9088237262210548,0.0011277933253126537
7,1200,87,occ_plus_uniform,0.9088237262210548,-0.002178719629936432
7,1200,87,occ_plus_mean,0.9088237262210548,-0.007328784764194296
7,1200,87,oracle_tail,0.9088237262210548,0.008481564361661365
7,1200,87,complete_rollout,0.9088237262210548,0.024509607112278564
7,1200,88,uniform,0.9088237262210548,0.0008855138755194947
7,1200,88,learned_occupancy,0.9088237262210548,0.010896933048742397
7,1200,88,learned_mean,0.9088237262210548,0.004382544847054026
7,1200,88,tis,0.9088237262210548,0.002677018315415558
7,1200,88,tis_anchored,0.9088237262210548,0.008006022907858457
7,1200,88,occ_plus_uniform,0.9088237262210548,0.006603048807214962
7,1200,88,occ_plus_mean,0.9088237262210548,0.01027963557401268
7,1200,88,oracle_tail,0.9088237262210548,0.0020679156156083733
7,1200,88,complete_rollout,0.9088237262210548,-0.07792941727796532
7,1200,89,uniform,0.9088237262210548,0.007715573258623376
7,1200,89,learned_occupancy,0.9088237262210548,0.006603370151309296
7,1200,89,learned_mean,0.9088237262210548,0.013314343076746171
7,1200,89,tis,0.9088237262210548,0.012028463831068037
7,1200,89,tis_anchored,0.9088237262210548,0.013647228662645117
7,1200,89,occ_plus_uniform,0.9088237262210548,0.010425850465042297
7,1200,89,occ_plus_mean,0.9088237262210548,0.012341981977329941
7,1200,89,oracle_tail,0.9088237262210548,0.012141654257946555
7,1200,89,complete_rollout,0.9088237262210548,0.01719253394154685
7,1200,90,uniform,0.9088237262210548,-0.04378178596839677
7,1200,90,learned_occupancy,0.9088237262210548,-0.03683148770163047
7,1200,90,learned_mean,0.9088237262210548,-0.029592428986822794
7,1200,90,tis,0.9088237262210548,-0.0182851162147758
7,1200,90,tis_anchored,0.9088237262210548,-0.02814990370656245
7,1200,90,occ_plus_uniform,0.9088237262210548,-0.03505677629790038
7,1200,90,occ_plus_mean,0.9088237262210548,-0.02730077205376935
7,1200,90,oracle_tail,0.9088237262210548,-0.015486696339021555
7,1200,90,complete_rollout,0.9088237262210548,-0.04540909207471333
7,1200,91,uniform,0.9088237262210548,0.022100624375627764
7,1200,91,learned_occupancy,0.9088237262210548,0.012128763603980741
7,1200,91,learned_mean,0.9088237262210548,0.010520272163692002
7,1200,91,tis,0.9088237262210548,0.003043494788198209
7,1200,91,tis_anchored,0.9088237262210548,0.00024984086426493857
7,1200,91,occ_plus_uniform,0.9088237262210548,0.015272846603593071
7,1200,91,occ_plus_mean,0.9088237262210548,0.007751152608199807
7,1200,91,oracle_tail,0.9088237262210548,0.007117823408323787
7,1200,91,complete_rollout,0.9088237262210548,-0.01857982378203038
7,1200,92,uniform,0.9088237262210548,0.013036439298557911
7,1200,92,learned_occupancy,0.9088237262210548,0.0018312065649319642
7,1200,92,learned_mean,0.9088237262210548,-0.010012290513288669
7,1200,92,tis,0.9088237262210548,0.007496853880653909
7,1200,92,tis_anchored,0.9088237262210548,0.004360462608680393
7,1200,92,occ_plus_uniform,0.9088237262210548,0.002566441045189216
7,1200,92,occ_plus_mean,0.9088237262210548,-0.0045047656306580475
7,1200,92,oracle_tail,0.9088237262210548,0.00951925255942554
7,1200,92,complete_rollout,0.9088237262210548,0.005810420120408666
7,1200,93,uniform,0.9088237262210548,-0.007740837627485453
7,1200,93,learned_occupancy,0.9088237262210548,-0.0019734417259738013
7,1200,93,learned_mean,0.9088237262210548,-0.0024228363407734488
7,1200,93,tis,0.9088237262210548,0.008071214830290496
7,1200,93,tis_anchored,0.9088237262210548,0.005002243747503576
7,1200,93,occ_plus_uniform,0.9088237262210548,-0.004384191057722808
7,1200,93,occ_plus_mean,0.9088237262210548,-0.00146253204182345
7,1200,93,oracle_tail,0.9088237262210548,0.00256986769396339
7,1200,93,complete_rollout,0.9088237262210548,-0.008010718090973534
7,1200,94,uniform,0.9088237262210548,-0.006141977980969493
7,1200,94,learned_occupancy,0.9088237262210548,-0.002594189498857369
7,1200,94,learned_mean,0.9088237262210548,0.0009086218042977379
7,1200,94,tis,0.9088237262210548,-0.008723777306836378
7,1200,94,tis_anchored,0.9088237262210548,-0.0008945985899272424
7,1200,94,occ_plus_uniform,0.9088237262210548,0.0032638028204654557
7,1200,94,occ_plus_mean,0.9088237262210548,0.005227718814435844
7,1200,94,oracle_tail,0.9088237262210548,-0.014376489728921138
7,1200,94,complete_rollout,0.9088237262210548,0.03670472906349809
7,1200,95,uniform,0.9088237262210548,0.020812971375358202
7,1200,95,learned_occupancy,0.9088237262210548,0.018940220107777073
7,1200,95,learned_mean,0.9088237262210548,0.009432234296144482
7,1200,95,tis,0.9088237262210548,0.011235369001832085
7,1200,95,tis_anchored,0.9088237262210548,0.00897254893384103
7,1200,95,occ_plus_uniform,0.9088237262210548,0.016058771074388356
7,1200,95,occ_plus_mean,0.9088237262210548,0.01339343460741238
7,1200,95,oracle_tail,0.9088237262210548,0.013391513014511247
7,1200,95,complete_rollout,0.9088237262210548,0.00011936320983951809
7,1200,96,uniform,0.9088237262210548,0.021041306098472323
7,1200,96,learned_occupancy,0.9088237262210548,0.00753684634489693
7,1200,96,learned_mean,0.9088237262210548,0.009921321266091354
7,1200,96,tis,0.9088237262210548,0.006401734310672258
7,1200,96,tis_anchored,0.9088237262210548,0.009073553858826577
7,1200,96,occ_plus_uniform,0.9088237262210548,0.01589955921707542
7,1200,96,occ_plus_mean,0.9088237262210548,0.009673285992863212
7,1200,96,oracle_tail,0.9088237262210548,0.008342624745037885
7,1200,96,complete_rollout,0.9088237262210548,-0.007197709960892196
7,1200,97,uniform,0.9088237262210548,-0.017923710783750657
7,1200,97,learned_occupancy,0.9088237262210548,-0.026154378187983163
7,1200,97,learned_mean,0.9088237262210548,-0.009889113862460941
7,1200,97,tis,0.9088237262210548,-0.014461969486518123
7,1200,97,tis_anchored,0.9088237262210548,-0.010804554579176617
7,1200,97,occ_plus_uniform,0.9088237262210548,-0.022201567179298443
7,1200,97,occ_plus_mean,0.9088237262210548,-0.015605341405866557
7,1200,97,oracle_tail,0.9088237262210548,-0.012151742868399817
7,1200,97,complete_rollout,0.9088237262210548,-0.0023196611804043865
7,1200,98,uniform,0.9088237262210548,0.009909741969761354
7,1200,98,learned_occupancy,0.9088237262210548,0.017686061887920657
7,1200,98,learned_mean,0.9088237262210548,0.015867120892362863
7,1200,98,tis,0.9088237262210548,0.011540596628566657
7,1200,98,tis_anchored,0.9088237262210548,0.014718908896447558
7,1200,98,occ_plus_uniform,0.9088237262210548,0.014383551800449479
7,1200,98,occ_plus_mean,0.9088237262210548,0.020688589094427168
7,1200,98,oracle_tail,0.9088237262210548,0.006529954159006923
7,1200,98,complete_rollout,0.9088237262210548,0.01719253394154685
7,1200,99,uniform,0.9088237262210548,-0.009210303995011326
7,1200,99,learned_occupancy,0.9088237262210548,-0.0062309264670613596
7,1200,99,learned_mean,0.9088237262210548,-0.0016590433323688814
7,1200,99,tis,0.9088237262210548,0.003206461460732557
7,1200,99,tis_anchored,0.9088237262210548,0.0009444234305119314
7,1200,99,occ_plus_uniform,0.9088237262210548,-0.005635721299974472
7,1200,99,occ_plus_mean,0.9088237262210548,-0.005530980795089735
7,1200,99,oracle_tail,0.9088237262210548,-0.0024185066038745484
7,1200,99,complete_rollout,0.9088237262210548,-0.025083888822680755
7,1200,100,uniform,0.9088237262210548,-6.896639236697588e-06
7,1200,100,learned_occupancy,0.9088237262210548,-0.0011090810601740442
7,1200,100,learned_mean,0.9088237262210548,0.010455029728843268
7,1200,100,tis,0.9088237262210548,0.00497369221297328
7,1200,100,tis_anchored,0.9088237262210548,-0.003046300861163087
7,1200,100,occ_plus_uniform,0.9088237262210548,2.919268638124084e-05
7,1200,100,occ_plus_mean,0.9088237262210548,0.00435879267610384
7,1200,100,oracle_tail,0.9088237262210548,0.007226376445977345
7,1200,100,complete_rollout,0.9088237262210548,-0.03646600264381905
7,1200,101,uniform,0.9088237262210548,-0.007479812700944666
7,1200,101,learned_occupancy,0.9088237262210548,-0.011214079790376807
7,1200,101,learned_mean,0.9088237262210548,-0.01387825474912463
7,1200,101,tis,0.9088237262210548,-0.008783122009329292
7,1200,101,tis_anchored,0.9088237262210548,-0.007480140657057932
7,1200,101,occ_plus_uniform,0.9088237262210548,-0.01363944287549368
7,1200,101,occ_plus_mean,0.9088237262210548,-0.013826575346311376
7,1200,101,oracle_tail,0.9088237262210548,-0.012244377326252609
7,1200,101,complete_rollout,0.9088237262210548,0.016379525811465512
7,1200,102,uniform,0.9088237262210548,0.016456402315088492
7,1200,102,learned_occupancy,0.9088237262210548,0.013276328028816065
7,1200,102,learned_mean,0.9088237262210548,0.001883946573943307
7,1200,102,tis,0.9088237262210548,0.005412580690311586
7,1200,102,tis_anchored,0.9088237262210548,0.01434206077656519
7,1200,102,occ_plus_uniform,0.9088237262210548,0.013894970023664799
7,1200,102,occ_plus_mean,0.9088237262210548,0.006882402711193558
7,1200,102,oracle_tail,0.9088237262210548,-0.0019667826439251357
7,1200,102,complete_rollout,0.9088237262210548,0.042395785974067124
7,1200,103,uniform,0.9088237262210548,0.007152231964935751
7,1200,103,learned_occupancy,0.9088237262210548,-0.015776802900811626
7,1200,103,learned_mean,0.9088237262210548,-0.005408848448295589
7,1200,103,tis,0.9088237262210548,-0.00259915543825906
7,1200,103,tis_anchored,0.9088237262210548,-0.008981202073382044
7,1200,103,occ_plus_uniform,0.9088237262210548,0.0004883448914005939
7,1200,103,occ_plus_mean,0.9088237262210548,-0.00988129620903122
7,1200,103,oracle_tail,0.9088237262210548,-0.0016779903818519015
7,1200,103,complete_rollout,0.9088237262210548,0.0017453794700020842
7,1200,104,uniform,0.9088237262210548,-0.01889700478587497
7,1200,104,learned_occupancy,0.9088237262210548,-0.01775847589146695
7,1200,104,learned_mean,0.9088237262210548,-0.02255320904293867
7,1200,104,tis,0.9088237262210548,-0.03392508444523101
7,1200,104,tis_anchored,0.9088237262210548,-0.03261716148204119
7,1200,104,occ_plus_uniform,0.9088237262210548,-0.013705179267350709
7,1200,104,occ_plus_mean,0.9088237262210548,-0.02315710425636952
7,1200,104,oracle_tail,0.9088237262210548,-0.026274272627157536
7,1200,104,complete_rollout,0.9088237262210548,0.022883590852115998
7,1200,105,uniform,0.9088237262210548,-0.011375861464311243
7,1200,105,learned_occupancy,0.9088237262210548,-0.018436176079606903
7,1200,105,learned_mean,0.9088237262210548,-0.021910218341805954
7,1200,105,tis,0.9088237262210548,-0.011323823756085427
7,1200,105,tis_anchored,0.9088237262210548,-0.0037633985952102433
7,1200,105,occ_plus_uniform,0.9088237262210548,-0.024777499760981425
7,1200,105,occ_plus_mean,0.9088237262210548,-0.022789924026931363
7,1200,105,oracle_tail,0.9088237262210548,-0.008848506050066374
7,1200,105,complete_rollout,0.9088237262210548,-0.004758685570648291
7,1200,106,uniform,0.9088237262210548,0.014575695082814089
7,1200,106,learned_occupancy,0.9088237262210548,0.01152987370991021
7,1200,106,learned_mean,0.9088237262210548,0.009074779434814384
7,1200,106,tis,0.9088237262210548,0.016207500826963872
7,1200,106,tis_anchored,0.9088237262210548,0.011421177832825924
7,1200,106,occ_plus_uniform,0.9088237262210548,0.004785534976595174
7,1200,106,occ_plus_mean,0.9088237262210548,0.01367504592650548
7,1200,106,oracle_tail,0.9088237262210548,0.017381181358448794
7,1200,106,complete_rollout,0.9088237262210548,-0.001506653050323048
7,1200,107,uniform,0.9088237262210548,-0.01020192554448851
7,1200,107,learned_occupancy,0.9088237262210548,-0.013531616474156793
7,1200,107,learned_mean,0.9088237262210548,-0.012804840142444318
7,1200,107,tis,0.9088237262210548,-0.0012668707438873161
7,1200,107,tis_anchored,0.9088237262210548,-0.0034461141028797604
7,1200,107,occ_plus_uniform,0.9088237262210548,-0.01918672499095886
7,1200,107,occ_plus_mean,0.9088237262210548,-0.011589986885152781
7,1200,107,oracle_tail,0.9088237262210548,-0.003175423013002554
7,1200,107,complete_rollout,0.9088237262210548,-0.01776681565194904
7,1200,108,uniform,0.9088237262210548,-0.004922070391816691
7,1200,108,learned_occupancy,0.9088237262210548,0.0026077621619055025
7,1200,108,learned_mean,0.9088237262210548,0.004214726084546094
7,1200,108,tis,0.9088237262210548,0.007613067988809119
7,1200,108,tis_anchored,0.9088237262210548,0.006036652078499016
7,1200,108,occ_plus_uniform,0.9088237262210548,-0.003788191261945628
7,1200,108,occ_plus_mean,0.9088237262210548,0.003018167635439606
7,1200,108,oracle_tail,0.9088237262210548,0.0021254624644537756
7,1200,108,complete_rollout,0.9088237262210548,-0.025083888822680755
7,1200,109,uniform,0.9088237262210548,-0.001777868449746145
7,1200,109,learned_occupancy,0.9088237262210548,-0.0023084557955255214
7,1200,109,learned_mean,0.9088237262210548,-0.01363679473051449
7,1200,109,tis,0.9088237262210548,-0.010727519956937992
7,1200,109,tis_anchored,0.9088237262210548,-0.007886776160499709
7,1200,109,occ_plus_uniform,0.9088237262210548,-0.0028513353720132084
7,1200,109,occ_plus_mean,0.9088237262210548,-0.0071731465134283745
7,1200,109,oracle_tail,0.9088237262210548,-0.007971348730490657
7,1200,109,complete_rollout,0.9088237262210548,-0.004758685570648291
7,1200,110,uniform,0.9088237262210548,-0.023074713940867242
7,1200,110,learned_occupancy,0.9088237262210548,-0.01292378048660181
7,1200,110,learned_mean,0.9088237262210548,-0.01853702705374416
7,1200,110,tis,0.9088237262210548,-0.024061961456336434
7,1200,110,tis_anchored,0.9088237262210548,-0.015000871577927177
7,1200,110,occ_plus_uniform,0.9088237262210548,-0.02406237968889391
7,1200,110,occ_plus_mean,0.9088237262210548,-0.01293385788499124
7,1200,110,oracle_tail,0.9088237262210548,-0.019204368750279754
7,1200,110,complete_rollout,0.9088237262210548,-0.026709905082843433
7,1200,111,uniform,0.9088237262210548,0.0003720805405483807
7,1200,111,learned_occupancy,0.9088237262210548,-0.0035169320140343574
7,1200,111,learned_mean,0.9088237262210548,-0.0003956302359633401
7,1200,111,tis,0.9088237262210548,-0.005232449877712098
7,1200,111,tis_anchored,0.9088237262210548,-0.011931385151649265
7,1200,111,occ_plus_uniform,0.9088237262210548,-0.011815981123925345
7,1200,111,occ_plus_mean,0.9088237262210548,-0.0074840983852464404
7,1200,111,oracle_tail,0.9088237262210548,-0.0007021037435319677
7,1200,111,complete_rollout,0.9088237262210548,0.014753509551302946
7,1200,112,uniform,0.9088237262210548,-0.009272885146040188
7,1200,112,learned_occupancy,0.9088237262210548,-0.01865644341085415
7,1200,112,learned_mean,0.9088237262210548,-0.011399612391052694
7,1200,112,tis,0.9088237262210548,-0.01828670010069311
7,1200,112,tis_anchored,0.9088237262210548,-0.015761358118038804
7,1200,112,occ_plus_uniform,0.9088237262210548,-0.014560307198473788
7,1200,112,occ_plus_mean,0.9088237262210548,-0.017958572933050365
7,1200,112,oracle_tail,0.9088237262210548,-0.015684645938443653
7,1200,112,complete_rollout,0.9088237262210548,-0.006384701830810857
7,1200,113,uniform,0.9088237262210548,-0.00046811387407830196
7,1200,113,learned_occupancy,0.9088237262210548,0.011187150110577804
7,1200,113,learned_mean,0.9088237262210548,0.00719796706808995
7,1200,113,tis,0.9088237262210548,0.005476923709708537
7,1200,113,tis_anchored,0.9088237262210548,0.008890693275595773
7,1200,113,occ_plus_uniform,0.9088237262210548,0.006250969380147353
7,1200,113,occ_plus_mean,0.9088237262210548,0.010581696880174407
7,1200,113,oracle_tail,0.9088237262210548,0.006139766232043042
7,1200,113,complete_rollout,0.9088237262210548,-0.012075758741380005
7,1200,114,uniform,0.9088237262210548,-0.026376623609799643
7,1200,114,learned_occupancy,0.9088237262210548,-0.009266244758212916
7,1200,114,learned_mean,0.9088237262210548,-0.010542364330107135
7,1200,114,tis,0.9088237262210548,-0.01675970522278869
7,1200,114,tis_anchored,0.9088237262210548,-0.019925170349776256
7,1200,114,occ_plus_uniform,0.9088237262210548,-0.005042326828100241
7,1200,114,occ_plus_mean,0.9088237262210548,-0.0020356861498770362
7,1200,114,oracle_tail,0.9088237262210548,-0.017200577295508168
7,1200,114,complete_rollout,0.9088237262210548,-0.012888766871461343
7,1200,115,uniform,0.9088237262210548,0.014206887410762037
7,1200,115,learned_occupancy,0.9088237262210548,0.01821361358122353
7,1200,115,learned_mean,0.9088237262210548,0.00621545126842471
7,1200,115,tis,0.9088237262210548,0.00987917466650623
7,1200,115,tis_anchored,0.9088237262210548,0.014319230194269505
7,1200,115,occ_plus_uniform,0.9088237262210548,0.021773803253064883
7,1200,115,occ_plus_mean,0.9088237262210548,0.011540535224123794
7,1200,115,oracle_tail,0.9088237262210548,0.0008340125079242533
7,1200,115,complete_rollout,0.9088237262210548,0.0009323713399208566
7,1200,116,uniform,0.9088237262210548,0.00044467682589444113
7,1200,116,learned_occupancy,0.9088237262210548,-0.0033724748439786234
7,1200,116,learned_mean,0.9088237262210548,-0.002416344200032783
7,1200,116,tis,0.9088237262210548,-0.013850471501041461
7,1200,116,tis_anchored,0.9088237262210548,-0.008757128723660967
7,1200,116,occ_plus_uniform,0.9088237262210548,0.0013018200095878951
7,1200,116,occ_plus_mean,0.9088237262210548,-0.0007016869775092749
7,1200,116,oracle_tail,0.9088237262210548,-0.014388085323036481
7,1200,116,complete_rollout,0.9088237262210548,-0.012888766871461343
7,1200,117,uniform,0.9088237262210548,0.004787750519540501
7,1200,117,learned_occupancy,0.9088237262210548,-0.0033145225845566673
7,1200,117,learned_mean,0.9088237262210548,0.006133389049026605
7,1200,117,tis,0.9088237262210548,0.003845345805528644
7,1200,117,tis_anchored,0.9088237262210548,0.006597547315718377
7,1200,117,occ_plus_uniform,0.9088237262210548,0.000671032620678691
7,1200,117,occ_plus_mean,0.9088237262210548,-0.0012515705281865852
7,1200,117,oracle_tail,0.9088237262210548,0.007412243304981581
7,1200,117,complete_rollout,0.9088237262210548,0.005810420120408666
7,1200,118,uniform,0.9088237262210548,-0.005740453888299912
7,1200,118,learned_occupancy,0.9088237262210548,-0.010930174943271642
7,1200,118,learned_mean,0.9088237262210548,-0.00991321106490417
7,1200,118,tis,0.9088237262210548,-0.0065333809811467525
7,1200,118,tis_anchored,0.9088237262210548,-0.003294587537528537
7,1200,118,occ_plus_uniform,0.9088237262210548,-0.0037694105751984175
7,1200,118,occ_plus_mean,0.9088237262210548,-0.010095335537833372
7,1200,118,oracle_tail,0.9088237262210548,-0.011098045579930327
7,1200,118,complete_rollout,0.9088237262210548,0.02125757459195332
7,1200,119,uniform,0.9088237262210548,0.016408340900100238
7,1200,119,learned_occupancy,0.9088237262210548,0.020939210926279817
7,1200,119,learned_mean,0.9088237262210548,0.00523929742673368
7,1200,119,tis,0.9088237262210548,-0.002950899576067534
7,1200,119,tis_anchored,0.9088237262210548,0.0017911601722548909
7,1200,119,occ_plus_uniform,0.9088237262210548,0.020485731279539232
7,1200,119,occ_plus_mean,0.9088237262210548,0.015778516143012844
7,1200,119,oracle_tail,0.9088237262210548,0.001977982364217312
7,1200,119,complete_rollout,0.9088237262210548,0.015566517681384284
7,1200,120,uniform,0.9088237262210548,-0.02601885932381176
7,1200,120,learned_occupancy,0.9088237262210548,-0.021854738022513698
7,1200,120,learned_mean,0.9088237262210548,-0.0239836304741462
7,1200,120,tis,0.9088237262210548,-0.018449401518536246
7,1200,120,tis_anchored,0.9088237262210548,-0.017636357364589128
7,1200,120,occ_plus_uniform,0.9088237262210548,-0.0268871786663869
7,1200,120,occ_plus_mean,0.9088237262210548,-0.01744288829400309
7,1200,120,oracle_tail,0.9088237262210548,-0.023081079703174856
7,1200,120,complete_rollout,0.9088237262210548,-0.006384701830810857
7,1200,121,uniform,0.9088237262210548,0.03774691973073607
7,1200,121,learned_occupancy,0.9088237262210548,0.017888746223871377
7,1200,121,learned_mean,0.9088237262210548,0.016895040584821275
7,1200,121,tis,0.9088237262210548,0.004988480577237664
7,1200,121,tis_anchored,0.9088237262210548,0.019239270349346027
7,1200,121,occ_plus_uniform,0.9088237262210548,0.02826310994448189
7,1200,121,occ_plus_mean,0.9088237262210548,0.01584513872289217
7,1200,121,oracle_tail,0.9088237262210548,0.002509494991175476
7,1200,121,complete_rollout,0.9088237262210548,-0.025896896952762094
7,1200,122,uniform,0.9088237262210548,0.006746592992125211
7,1200,122,learned_occupancy,0.9088237262210548,0.0036269683609123637
7,1200,122,learned_mean,0.9088237262210548,0.01433338405319684
7,1200,122,tis,0.9088237262210548,0.010066749003174391
7,1200,122,tis_anchored,0.9088237262210548,0.0159822156720274
7,1200,122,occ_plus_uniform,0.9088237262210548,-0.0006346642292289761
7,1200,122,occ_plus_mean,0.9088237262210548,0.00851329976309656
7,1200,122,oracle_tail,0.9088237262210548,0.012261028601325719
7,1200,122,complete_rollout,0.9088237262210548,-0.03727901077390028
7,1200,123,uniform,0.9088237262210548,-0.014243604284283617
7,1200,123,learned_occupancy,0.9088237262210548,-0.009617792374658762
7,1200,123,learned_mean,0.9088237262210548,-0.009680955498740929
7,1200,123,tis,0.9088237262210548,-0.012964213006120495
7,1200,123,tis_anchored,0.9088237262210548,-0.019519434579776118
7,1200,123,occ_plus_uniform,0.9088237262210548,-0.012576671108299853
7,1200,123,occ_plus_mean,0.9088237262210548,-0.012430724356937262
7,1200,123,oracle_tail,0.9088237262210548,-0.01247144739490691
7,1200,123,complete_rollout,0.9088237262210548,-0.03727901077390028
7,1200,124,uniform,0.9088237262210548,0.0014493551720694553
7,1200,124,learned_occupancy,0.9088237262210548,-0.0028134448694314695
7,1200,124,learned_mean,0.9088237262210548,-0.009750710930490292
7,1200,124,tis,0.9088237262210548,-0.0017462623531597776
7,1200,124,tis_anchored,0.9088237262210548,-0.0028154901639895202
7,1200,124,occ_plus_uniform,0.9088237262210548,-0.0006333316008173551
7,1200,124,occ_plus_mean,0.9088237262210548,-0.007960729034733882
7,1200,124,oracle_tail,0.9088237262210548,-0.006332574540057201
7,1200,124,complete_rollout,0.9088237262210548,-0.030774945733249903
7,1200,125,uniform,0.9088237262210548,-0.005657035913945174
7,1200,125,learned_occupancy,0.9088237262210548,0.009593738733399415
7,1200,125,learned_mean,0.9088237262210548,0.013506649649486335
7,1200,125,tis,0.9088237262210548,-0.0024311278151193383
7,1200,125,tis_anchored,0.9088237262210548,0.009138122301427742
7,1200,125,occ_plus_uniform,0.9088237262210548,0.00041575882110611584
7,1200,125,occ_plus_mean,0.9088237262210548,0.010032787996542725
7,1200,125,oracle_tail,0.9088237262210548,-0.0019079666556688357
7,1200,125,complete_rollout,0.9088237262210548,0.018818550201709416
7,1200,126,uniform,0.9088237262210548,0.011703422877139102
7,1200,126,learned_occupancy,0.9088237262210548,0.00652777833190521
7,1200,126,learned_mean,0.9088237262210548,0.006293527944014832
7,1200,126,tis,0.9088237262210548,0.0018954402175879181
7,1200,126,tis_anchored,0.9088237262210548,-0.005461885698179292
7,1200,126,occ_plus_uniform,0.9088237262210548,0.012061734334077423
7,1200,126,occ_plus_mean,0.9088237262210548,0.005607730897726704
7,1200,126,oracle_tail,0.9088237262210548,-0.002933186155090417
7,1200,126,complete_rollout,0.9088237262210548,-0.001506653050323048
7,1200,127,uniform,0.9088237262210548,-0.0006238114411916129
7,1200,127,learned_occupancy,0.9088237262210548,-0.029161609629352103
7,1200,127,learned_mean,0.9088237262210548,-0.022879045545332932
7,1200,127,tis,0.9088237262210548,0.007063096945019942
7,1200,127,tis_anchored,0.9088237262210548,-0.014905205940284105
7,1200,127,occ_plus_uniform,0.9088237262210548,-0.013855102337036684
7,1200,127,occ_plus_mean,0.9088237262210548,-0.023412072476186707
7,1200,127,oracle_tail,0.9088237262210548,0.0037496532471479327
7,1200,127,complete_rollout,0.9088237262210548,-0.008823726221054762
7,1200,128,uniform,0.9088237262210548,-0.036762808626468746
7,1200,128,learned_occupancy,0.9088237262210548,-0.021074830336700878
7,1200,128,learned_mean,0.9088237262210548,-0.01778992607161267
7,1200,128,tis,0.9088237262210548,-0.006980270684364798
7,1200,128,tis_anchored,0.9088237262210548,-0.016122615529701623
7,1200,128,occ_plus_uniform,0.9088237262210548,-0.02781074296209285
7,1200,128,occ_plus_mean,0.9088237262210548,-0.018622043808712907
7,1200,128,oracle_tail,0.9088237262210548,-0.01213086490086801
7,1200,128,complete_rollout,0.9088237262210548,-0.0096367343511361
7,1200,129,uniform,0.9088237262210548,-0.01856049535280413
7,1200,129,learned_occupancy,0.9088237262210548,-0.007160940151019535
7,1200,129,learned_mean,0.9088237262210548,-0.0065366135642273004
7,1200,129,tis,0.9088237262210548,-0.011094500256638162
7,1200,129,tis_anchored,0.9088237262210548,-0.0064683994224629116
7,1200,129,occ_plus_uniform,0.9088237262210548,-0.01687572386206715
7,1200,129,occ_plus_mean,0.9088237262210548,-0.0013331914283634116
7,1200,129,oracle_tail,0.9088237262210548,-0.013025346449520359
7,1200,129,complete_rollout,0.9088237262210548,-0.05110014898528248
7,1200,130,uniform,0.9088237262210548,0.015560129276576906
7,1200,130,learned_occupancy,0.9088237262210548,0.0008176482414332664
7,1200,130,learned_mean,0.9088237262210548,-0.0005640693440149835
7,1200,130,tis,0.9088237262210548,-0.0022329516223891233
7,1200,130,tis_anchored,0.9088237262210548,-0.003921672032015655
7,1200,130,occ_plus_uniform,0.9088237262210548,0.005632945956774882
7,1200,130,occ_plus_mean,0.9088237262210548,0.0016619773066174348
7,1200,130,oracle_tail,0.9088237262210548,-0.0017935942236344538
7,1200,130,complete_rollout,0.9088237262210548,0.004997411990327327
7,1200,131,uniform,0.9088237262210548,-0.030686047197272526
7,1200,131,learned_occupancy,0.9088237262210548,-0.051523795582041454
7,1200,131,learned_mean,0.9088237262210548,-0.038632495296527125
7,1200,131,tis,0.9088237262210548,-0.021750816560930586
7,1200,131,tis_anchored,0.9088237262210548,-0.02759894347692249
7,1200,131,occ_plus_uniform,0.9088237262210548,-0.03989780645108165
7,1200,131,occ_plus_mean,0.9088237262210548,-0.03910673233998885
7,1200,131,oracle_tail,0.9088237262210548,-0.020896147095922357
7,1200,131,complete_rollout,0.9088237262210548,0.022883590852115998
7,1200,132,uniform,0.9088237262210548,-0.0015722215418634278
7,1200,132,learned_occupancy,0.9088237262210548,0.007453942875028097
7,1200,132,learned_mean,0.9088237262210548,-0.0005029935570055599
7,1200,132,tis,0.9088237262210548,0.0018809946372539965
7,1200,132,tis_anchored,0.9088237262210548,0.00799051186214006
7,1200,132,occ_plus_uniform,0.9088237262210548,-0.003862542609339825
7,1200,132,occ_plus_mean,0.9088237262210548,0.005163115846768984
7,1200,132,oracle_tail,0.9088237262210548,0.006678463386852407
7,1200,132,complete_rollout,0.9088237262210548,0.0009323713399208566
7,1200,133,uniform,0.9088237262210548,0.021857098962194454
7,1200,133,learned_occupancy,0.9088237262210548,0.007041453343826998
7,1200,133,learned_mean,0.9088237262210548,0.014204458489117666
7,1200,133,tis,0.9088237262210548,0.009830554886672505
7,1200,133,tis_anchored,0.9088237262210548,0.010981325731744263
7,1200,133,occ_plus_uniform,0.9088237262210548,0.011225714546884369
7,1200,133,occ_plus_mean,0.9088237262210548,0.00905032526015026
7,1200,133,oracle_tail,0.9088237262210548,0.012641288748321822
7,1200,133,complete_rollout,0.9088237262210548,-0.006384701830810857
7,1200,134,uniform,0.9088237262210548,-0.0007122184633456818
7,1200,134,learned_occupancy,0.9088237262210548,-0.002400652548924187
7,1200,134,learned_mean,0.9088237262210548,0.009241491848644978
7,1200,134,tis,0.9088237262210548,0.001924361226400606
7,1200,134,tis_anchored,0.9088237262210548,-0.002842834359938484
7,1200,134,occ_plus_uniform,0.9088237262210548,-0.006345575831803951
7,1200,134,occ_plus_mean,0.9088237262210548,0.0026975018659549654
7,1200,134,oracle_tail,0.9088237262210548,0.0029932833487765764
7,1200,134,complete_rollout,0.9088237262210548,-0.02752291321292466
7,1200,135,uniform,0.9088237262210548,0.028037782494074515
7,1200,135,learned_occupancy,0.9088237262210548,0.01813181988396717
7,1200,135,learned_mean,0.9088237262210548,0.01944715368220984
7,1200,135,tis,0.9088237262210548,0.019379105085602144
7,1200,135,tis_anchored,0.9088237262210548,0.012952350711126992
7,1200,135,occ_plus_uniform,0.9088237262210548,0.017504926608691518
7,1200,135,occ_plus_mean,0.9088237262210548,0.01938599475409908
7,1200,135,oracle_tail,0.9088237262210548,0.010396376945248753
7,1200,135,complete_rollout,0.9088237262210548,-0.006384701830810857
7,1200,136,uniform,0.9088237262210548,0.011079269281045523
7,1200,136,learned_occupancy,0.9088237262210548,0.009590401716624841
7,1200,136,learned_mean,0.9088237262210548,0.013027510194525305
7,1200,136,tis,0.9088237262210548,0.008044957394513719
7,1200,136,tis_anchored,0.9088237262210548,0.011947971680897451
7,1200,136,occ_plus_uniform,0.9088237262210548,0.01520123941206819
7,1200,136,occ_plus_mean,0.9088237262210548,0.010646855670556898
7,1200,136,oracle_tail,0.9088237262210548,0.01600342752603945
7,1200,136,complete_rollout,0.9088237262210548,-0.01939283191211172
7,1200,137,uniform,0.9088237262210548,0.017810856908259787
7,1200,137,learned_occupancy,0.9088237262210548,0.009470194189490577
7,1200,137,learned_mean,0.9088237262210548,0.013210791666191213
7,1200,137,tis,0.9088237262210548,0.014731445541834254
7,1200,137,tis_anchored,0.9088237262210548,0.014708107298610384
7,1200,137,occ_plus_uniform,0.9088237262210548,0.0061145889386928776
7,1200,137,occ_plus_mean,0.9088237262210548,0.010705863500780177
7,1200,137,oracle_tail,0.9088237262210548,0.01854378149345348
7,1200,137,complete_rollout,0.9088237262210548,-0.00557169370072963
7,1200,138,uniform,0.9088237262210548,-0.041015824201471984
7,1200,138,learned_occupancy,0.9088237262210548,-0.017475544302144708
7,1200,138,learned_mean,0.9088237262210548,-0.015366625976699244
7,1200,138,tis,0.9088237262210548,-0.017284524477992225
7,1200,138,tis_anchored,0.9088237262210548,-0.013566659281321947
7,1200,138,occ_plus_uniform,0.9088237262210548,-0.01861794174568243
7,1200,138,occ_plus_mean,0.9088237262210548,-0.012663282119913966
7,1200,138,oracle_tail,0.9088237262210548,-0.019988638321271623
7,1200,138,complete_rollout,0.9088237262210548,-0.003132669310485725
7,1200,139,uniform,0.9088237262210548,0.017348534395901782
7,1200,139,learned_occupancy,0.9088237262210548,0.016462575584905603
7,1200,139,learned_mean,0.9088237262210548,0.013080177122831937
7,1200,139,tis,0.9088237262210548,0.012978077744695171
7,1200,139,tis_anchored,0.9088237262210548,0.010712803063405607
7,1200,139,occ_plus_uniform,0.9088237262210548,0.011098318753336556
7,1200,139,occ_plus_mean,0.9088237262210548,0.0203593499088206
7,1200,139,oracle_tail,0.9088237262210548,0.0068627027731165136
7,1200,139,complete_rollout,0.9088237262210548,-0.008823726221054762
7,1200,140,uniform,0.9088237262210548,0.009510217985719494
7,1200,140,learned_occupancy,0.9088237262210548,0.014207030706385182
7,1200,140,learned_mean,0.9088237262210548,0.01845821243852319
7,1200,140,tis,0.9088237262210548,0.011118938650182542
7,1200,140,tis_anchored,0.9088237262210548,0.023836397994491
7,1200,140,occ_plus_uniform,0.9088237262210548,0.01820873912483456
7,1200,140,occ_plus_mean,0.9088237262210548,0.02069907234867563
7,1200,140,oracle_tail,0.9088237262210548,0.014443497991835863
7,1200,140,complete_rollout,0.9088237262210548,-0.04540909207471333
7,1200,141,uniform,0.9088237262210548,0.0034656700110810013
7,1200,141,learned_occupancy,0.9088237262210548,-0.012090143199024461
7,1200,141,learned_mean,0.9088237262210548,-0.008723459968352665
7,1200,141,tis,0.9088237262210548,-1.7738861847971243e-05
7,1200,141,tis_anchored,0.9088237262210548,0.0009717530136871266
7,1200,141,occ_plus_uniform,0.9088237262210548,-0.005795068853883367
7,1200,141,occ_plus_mean,0.9088237262210548,-0.009825924132813135
7,1200,141,oracle_tail,0.9088237262210548,-0.0002732002919654253
7,1200,141,complete_rollout,0.9088237262210548,-0.01451478313162391
7,1200,142,uniform,0.9088237262210548,0.020400125697405347
7,1200,142,learned_occupancy,0.9088237262210548,0.02334723467340749
7,1200,142,learned_mean,0.9088237262210548,0.022304445180958088
7,1200,142,tis,0.9088237262210548,0.018523147951345242
7,1200,142,tis_anchored,0.9088237262210548,0.013391454792537005
7,1200,142,occ_plus_uniform,0.9088237262210548,0.022259754194667192
7,1200,142,occ_plus_mean,0.9088237262210548,0.019902899549554265
7,1200,142,oracle_tail,0.9088237262210548,0.010130145773353583
7,1200,142,complete_rollout,0.9088237262210548,-0.008010718090973534
7,1200,143,uniform,0.9088237262210548,-0.004364605188753701
7,1200,143,learned_occupancy,0.9088237262210548,-0.013556260378207341
7,1200,143,learned_mean,0.9088237262210548,-0.012492457250385947
7,1200,143,tis,0.9088237262210548,0.003947988393752433
7,1200,143,tis_anchored,0.9088237262210548,-0.00829241550502191
7,1200,143,occ_plus_uniform,0.9088237262210548,-0.009658517789060461
7,1200,143,occ_plus_mean,0.9088237262210548,-0.013021114074049489
7,1200,143,oracle_tail,0.9088237262210548,-0.0007356522482119265
7,1200,143,complete_rollout,0.9088237262210548,-0.007197709960892196
7,1200,144,uniform,0.9088237262210548,0.008526167835600895
7,1200,144,learned_occupancy,0.9088237262210548,0.0013449320104836904
7,1200,144,learned_mean,0.9088237262210548,-0.0032561253465129836
7,1200,144,tis,0.9088237262210548,-0.0022253055984490233
7,1200,144,tis_anchored,0.9088237262210548,-0.006856076193643812
7,1200,144,occ_plus_uniform,0.9088237262210548,0.010381558001161473
7,1200,144,occ_plus_mean,0.9088237262210548,0.0027312330439942523
7,1200,144,oracle_tail,0.9088237262210548,0.00570746013553014
7,1200,144,complete_rollout,0.9088237262210548,-0.016953807521867814
7,1200,145,uniform,0.9088237262210548,0.009689191709466471
7,1200,145,learned_occupancy,0.9088237262210548,0.001343339161460233
7,1200,145,learned_mean,0.9088237262210548,0.0063261952193848225
7,1200,145,tis,0.9088237262210548,-0.0018113178063569046
7,1200,145,tis_anchored,0.9088237262210548,0.004693129361612702
7,1200,145,occ_plus_uniform,0.9088237262210548,0.017187290600650384
7,1200,145,occ_plus_mean,0.9088237262210548,0.006810743576247114
7,1200,145,oracle_tail,0.9088237262210548,-0.004602205857860642
7,1200,145,complete_rollout,0.9088237262210548,-0.06654730345682713
7,1200,146,uniform,0.9088237262210548,-0.007265257496601785
7,1200,146,learned_occupancy,0.9088237262210548,0.007824226537730405
7,1200,146,learned_mean,0.9088237262210548,0.014705952932077215
7,1200,146,tis,0.9088237262210548,-0.003208600024537378
7,1200,146,tis_anchored,0.9088237262210548,0.004297282995039398
7,1200,146,occ_plus_uniform,0.9088237262210548,-0.0015241981638846047
7,1200,146,occ_plus_mean,0.9088237262210548,0.01810149705542774
7,1200,146,oracle_tail,0.9088237262210548,-0.008183997424710543
7,1200,146,complete_rollout,0.9088237262210548,0.05377789979520542
7,1200,147,uniform,0.9088237262210548,-0.0071807538446336805
7,1200,147,learned_occupancy,0.9088237262210548,0.0015476841376526052
7,1200,147,learned_mean,0.9088237262210548,-0.0033528955389974247
7,1200,147,tis,0.9088237262210548,0.011102771046878401
7,1200,147,tis_anchored,0.9088237262210548,0.007607319628183062
7,1200,147,occ_plus_uniform,0.9088237262210548,-0.007911440029647165
7,1200,147,occ_plus_mean,0.9088237262210548,-0.0010684544772624482
7,1200,147,oracle_tail,0.9088237262210548,0.01155892581624407
7,1200,147,complete_rollout,0.9088237262210548,-0.021831856302355623
7,1200,148,uniform,0.9088237262210548,-0.010471155535725418
7,1200,148,learned_occupancy,0.9088237262210548,-0.007834650807476251
7,1200,148,learned_mean,0.9088237262210548,-0.01611497767894554
7,1200,148,tis,0.9088237262210548,-0.0034780175993713858
7,1200,148,tis_anchored,0.9088237262210548,-0.018935601567013127
7,1200,148,occ_plus_uniform,0.9088237262210548,-0.01875368460012805
7,1200,148,occ_plus_mean,0.9088237262210548,-0.017756664613679307
7,1200,148,oracle_tail,0.9088237262210548,-0.013549066004516552
7,1200,148,complete_rollout,0.9088237262210548,-0.012075758741380005
7,1200,149,uniform,0.9088237262210548,0.0314828138022194
7,1200,149,learned_occupancy,0.9088237262210548,0.036957314937855035
7,1200,149,learned_mean,0.9088237262210548,0.03705145591654124
7,1200,149,tis,0.9088237262210548,0.016574793413021816
7,1200,149,tis_anchored,0.9088237262210548,0.0268172393729188
7,1200,149,occ_plus_uniform,0.9088237262210548,0.030888696386816017
7,1200,149,occ_plus_mean,0.9088237262210548,0.03687817792732706
7,1200,149,oracle_tail,0.9088237262210548,0.01227403322916043
7,1200,149,complete_rollout,0.9088237262210548,-0.03158795386333124
7,1200,150,uniform,0.9088237262210548,0.00802168750414134
7,1200,150,learned_occupancy,0.9088237262210548,0.00017898527683801735
7,1200,150,learned_mean,0.9088237262210548,0.0005349318043166296
7,1200,150,tis,0.9088237262210548,0.001961524820120464
7,1200,150,tis_anchored,0.9088237262210548,-0.006107859786659842
7,1200,150,occ_plus_uniform,0.9088237262210548,-0.00397524649635661
7,1200,150,occ_plus_mean,0.9088237262210548,0.0007292801899574375
7,1200,150,oracle_tail,0.9088237262210548,0.0014415534452250078
7,1200,150,complete_rollout,0.9088237262210548,0.01800554207162819
7,1200,151,uniform,0.9088237262210548,-0.015255830643495116
7,1200,151,learned_occupancy,0.9088237262210548,-0.00910557003814072
7,1200,151,learned_mean,0.9088237262210548,-0.012746266650180416
7,1200,151,tis,0.9088237262210548,0.00021064123977709848
7,1200,151,tis_anchored,0.9088237262210548,-0.002850106641747563
7,1200,151,occ_plus_uniform,0.9088237262210548,-0.0068884495699409465
7,1200,151,occ_plus_mean,0.9088237262210548,-0.008909490802093467
7,1200,151,oracle_tail,0.9088237262210548,-0.002134658079761098
7,1200,151,complete_rollout,0.9088237262210548,0.06353399735618104
7,1200,152,uniform,0.9088237262210548,0.004934708810269917
7,1200,152,learned_occupancy,0.9088237262210548,0.013082181942851157
7,1200,152,learned_mean,0.9088237262210548,-0.0020125176191486682
7,1200,152,tis,0.9088237262210548,-0.010292935794209868
7,1200,152,tis_anchored,0.9088237262210548,-0.004148784744039902
7,1200,152,occ_plus_uniform,0.9088237262210548,-0.0016976486764334053
7,1200,152,occ_plus_mean,0.9088237262210548,0.002353648768864014
7,1200,152,oracle_tail,0.9088237262210548,-0.0003916845596397822
7,1200,152,complete_rollout,0.9088237262210548,0.0025583876000834227
7,1200,153,uniform,0.9088237262210548,-0.0036641780330493035
7,1200,153,learned_occupancy,0.9088237262210548,-0.0070997406102044636
7,1200,153,learned_mean,0.9088237262210548,-0.0008363877266441833
7,1200,153,tis,0.9088237262210548,-0.007010731522839153
7,1200,153,tis_anchored,0.9088237262210548,-0.0036031713166182477
7,1200,153,occ_plus_uniform,0.9088237262210548,-0.0006661758014779862
7,1200,153,occ_plus_mean,0.9088237262210548,-0.0057046799962467976
7,1200,153,oracle_tail,0.9088237262210548,-0.015254720624367057
7,1200,153,complete_rollout,0.9088237262210548,-0.026709905082843433
7,1200,154,uniform,0.9088237262210548,0.012773030521854079
7,1200,154,learned_occupancy,0.9088237262210548,-0.00510400560754265
7,1200,154,learned_mean,0.9088237262210548,0.0007750941478952278
7,1200,154,tis,0.9088237262210548,0.004005244104564043
7,1200,154,tis_anchored,0.9088237262210548,-0.0015400922781079185
7,1200,154,occ_plus_uniform,0.9088237262210548,0.002383629779105112
7,1200,154,occ_plus_mean,0.9088237262210548,-0.0028868743480832126
7,1200,154,oracle_tail,0.9088237262210548,-0.0038053170667291525
7,1200,154,complete_rollout,0.9088237262210548,0.028574647762685035
7,1200,155,uniform,0.9088237262210548,-0.023089246123036977
7,1200,155,learned_occupancy,0.9088237262210548,-0.014665068618934352
7,1200,155,learned_mean,0.9088237262210548,-0.019212067520977594
7,1200,155,tis,0.9088237262210548,-0.017098175382195602
7,1200,155,tis_anchored,0.9088237262210548,-0.02417915372273194
7,1200,155,occ_plus_uniform,0.9088237262210548,-0.019059276322985874
7,1200,155,occ_plus_mean,0.9088237262210548,-0.018323711660805153
7,1200,155,oracle_tail,0.9088237262210548,-0.019332101485874165
7,1200,155,complete_rollout,0.9088237262210548,-0.034839986383656374
7,1200,156,uniform,0.9088237262210548,0.018992349854325297
7,1200,156,learned_occupancy,0.9088237262210548,0.02626160591939375
7,1200,156,learned_mean,0.9088237262210548,0.024322787488441078
7,1200,156,tis,0.9088237262210548,0.021572239989995246
7,1200,156,tis_anchored,0.9088237262210548,0.025031541615151198
7,1200,156,occ_plus_uniform,0.9088237262210548,0.026170293915458998
7,1200,156,occ_plus_mean,0.9088237262210548,0.02971405199719701
7,1200,156,oracle_tail,0.9088237262210548,0.018866269877210406
7,1200,156,complete_rollout,0.9088237262210548,-0.012888766871461343
7,1200,157,uniform,0.9088237262210548,-0.010885466817416645
7,1200,157,learned_occupancy,0.9088237262210548,-0.010636126719322792
7,1200,157,learned_mean,0.9088237262210548,-0.011975540075617297
7,1200,157,tis,0.9088237262210548,-0.01748287487690159
7,1200,157,tis_anchored,0.9088237262210548,-0.016067228167124248
7,1200,157,occ_plus_uniform,0.9088237262210548,-0.0086560196278328
7,1200,157,occ_plus_mean,0.9088237262210548,-0.011998771260836372
7,1200,157,oracle_tail,0.9088237262210548,-0.017839726143290435
7,1200,157,complete_rollout,0.9088237262210548,0.016379525811465512
7,1200,158,uniform,0.9088237262210548,-0.01194721751729455
7,1200,158,learned_occupancy,0.9088237262210548,-0.007491122484995505
7,1200,158,learned_mean,0.9088237262210548,-0.009776836613227258
7,1200,158,tis,0.9088237262210548,-0.016689323427346303
7,1200,158,tis_anchored,0.9088237262210548,-0.01100787624228361
7,1200,158,occ_plus_uniform,0.9088237262210548,-0.018985153991059933
7,1200,158,occ_plus_mean,0.9088237262210548,-0.012045882804131436
7,1200,158,oracle_tail,0.9088237262210548,-0.019943097205804783
7,1200,158,complete_rollout,0.9088237262210548,-0.008823726221054762
7,1200,159,uniform,0.9088237262210548,0.012226187201487715
7,1200,159,learned_occupancy,0.9088237262210548,-0.0011331004767820563
7,1200,159,learned_mean,0.9088237262210548,0.00634495286336878
7,1200,159,tis,0.9088237262210548,0.020221689304242396
7,1200,159,tis_anchored,0.9088237262210548,0.01596784382094829
7,1200,159,occ_plus_uniform,0.9088237262210548,-0.00037443027108996496
7,1200,159,occ_plus_mean,0.9088237262210548,0.005618246118722192
7,1200,159,oracle_tail,0.9088237262210548,0.004187622890792664
7,1200,159,complete_rollout,0.9088237262210548,-0.021831856302355623
7,1200,160,uniform,0.9088237262210548,-0.010072659175661136
7,1200,160,learned_occupancy,0.9088237262210548,-0.00529769270884739
7,1200,160,learned_mean,0.9088237262210548,-0.001600975961065898
7,1200,160,tis,0.9088237262210548,-0.0015883512941262667
7,1200,160,tis_anchored,0.9088237262210548,0.012110126713588243
7,1200,160,occ_plus_uniform,0.9088237262210548,-0.013554671696360154
7,1200,160,occ_plus_mean,0.9088237262210548,0.0034006809891041767
7,1200,160,oracle_tail,0.9088237262210548,-0.0014854819024462396
7,1200,160,complete_rollout,0.9088237262210548,-0.003132669310485725
7,1200,161,uniform,0.9088237262210548,-0.018436723550339762
7,1200,161,learned_occupancy,0.9088237262210548,-0.01582215504163964
7,1200,161,learned_mean,0.9088237262210548,-0.00938571433897284
7,1200,161,tis,0.9088237262210548,-0.014617066363878828
7,1200,161,tis_anchored,0.9088237262210548,-0.02671756278701154
7,1200,161,occ_plus_uniform,0.9088237262210548,-0.018403340639632115
7,1200,161,occ_plus_mean,0.9088237262210548,-0.013180461761885143
7,1200,161,oracle_tail,0.9088237262210548,-0.018492668933405176
7,1200,161,complete_rollout,0.9088237262210548,0.005810420120408666
7,1200,162,uniform,0.9088237262210548,0.0022863202930637483
7,1200,162,learned_occupancy,0.9088237262210548,0.007216581518713738
7,1200,162,learned_mean,0.9088237262210548,0.008450503599873316
7,1200,162,tis,0.9088237262210548,-0.0033280948365977947
7,1200,162,tis_anchored,0.9088237262210548,-0.004700752212795867
7,1200,162,occ_plus_uniform,0.9088237262210548,0.0030647795582108284
7,1200,162,occ_plus_mean,0.9088237262210548,0.007663660760023339
7,1200,162,oracle_tail,0.9088237262210548,-0.007396717319694157
7,1200,162,complete_rollout,0.9088237262210548,0.022883590852115998
7,1200,163,uniform,0.9088237262210548,-0.018690230996209034
7,1200,163,learned_occupancy,0.9088237262210548,-0.016030506164923963
7,1200,163,learned_mean,0.9088237262210548,-0.017254654779948475
7,1200,163,tis,0.9088237262210548,-0.011835025779547648
7,1200,163,tis_anchored,0.9088237262210548,-0.0157906505142974
7,1200,163,occ_plus_uniform,0.9088237262210548,-0.02931231465247175
7,1200,163,occ_plus_mean,0.9088237262210548,-0.013201629784516333
7,1200,163,oracle_tail,0.9088237262210548,-0.005951743071835436
7,1200,163,complete_rollout,0.9088237262210548,-0.030774945733249903
7,1200,164,uniform,0.9088237262210548,0.017076878473317958
7,1200,164,learned_occupancy,0.9088237262210548,0.007179125680357723
7,1200,164,learned_mean,0.9088237262210548,0.012909542880990554
7,1200,164,tis,0.9088237262210548,0.008972614760430875
7,1200,164,tis_anchored,0.9088237262210548,0.007220568221652401
7,1200,164,occ_plus_uniform,0.9088237262210548,0.019651883866782738
7,1200,164,occ_plus_mean,0.9088237262210548,0.015637837736576232
7,1200,164,oracle_tail,0.9088237262210548,-0.0013278122103569379
7,1200,164,complete_rollout,0.9088237262210548,-0.004758685570648291
7,1200,165,uniform,0.9088237262210548,0.0328583014624505
7,1200,165,learned_occupancy,0.9088237262210548,0.007909199444446458
7,1200,165,learned_mean,0.9088237262210548,0.014644691419988143
7,1200,165,tis,0.9088237262210548,0.012497092274250776
7,1200,165,tis_anchored,0.9088237262210548,0.007591539799296054
7,1200,165,occ_plus_uniform,0.9088237262210548,0.010610294975293755
7,1200,165,occ_plus_mean,0.9088237262210548,0.012836918999412528
7,1200,165,oracle_tail,0.9088237262210548,0.019697509276494274
7,1200,165,complete_rollout,0.9088237262210548,0.025322615242359903
7,1200,166,uniform,0.9088237262210548,0.00925556113397663
7,1200,166,learned_occupancy,0.9088237262210548,0.010116516658784103
7,1200,166,learned_mean,0.9088237262210548,0.012330619223503092
7,1200,166,tis,0.9088237262210548,0.015393757591779744
7,1200,166,tis_anchored,0.9088237262210548,0.013084804772361847
7,1200,166,occ_plus_uniform,0.9088237262210548,0.010417415859318102
7,1200,166,occ_plus_mean,0.9088237262210548,0.014313113453438109
7,1200,166,oracle_tail,0.9088237262210548,0.01862546665129894
7,1200,166,complete_rollout,0.9088237262210548,0.0033713957301647612
7,1200,167,uniform,0.9088237262210548,0.011157462990638467
7,1200,167,learned_occupancy,0.9088237262210548,0.02063111259077044
7,1200,167,learned_mean,0.9088237262210548,0.009982848841857073
7,1200,167,tis,0.9088237262210548,-0.005926727863598935
7,1200,167,tis_anchored,0.9088237262210548,0.003219494537481493
7,1200,167,occ_plus_uniform,0.9088237262210548,0.01796493222261586
7,1200,167,occ_plus_mean,0.9088237262210548,0.018067498460274334
7,1200,167,oracle_tail,0.9088237262210548,0.0029301438178335193
7,1200,167,complete_rollout,0.9088237262210548,-0.006384701830810857
7,1200,168,uniform,0.9088237262210548,0.0009147326363194708
7,1200,168,learned_occupancy,0.9088237262210548,-0.024719666451383016
7,1200,168,learned_mean,0.9088237262210548,-0.01757912701467257
7,1200,168,tis,0.9088237262210548,-0.003195401214677651
7,1200,168,tis_anchored,0.9088237262210548,-0.015809148945638785
7,1200,168,occ_plus_uniform,0.9088237262210548,-0.006095334691252674
7,1200,168,occ_plus_mean,0.9088237262210548,-0.018487350578823336
7,1200,168,oracle_tail,0.9088237262210548,-0.004179764023372834
7,1200,168,complete_rollout,0.9088237262210548,-0.00557169370072963
7,1200,169,uniform,0.9088237262210548,0.023032329871212398
7,1200,169,learned_occupancy,0.9088237262210548,0.014535997104933474
7,1200,169,learned_mean,0.9088237262210548,0.014664923573600164
7,1200,169,tis,0.9088237262210548,0.01544543680393462
7,1200,169,tis_anchored,0.9088237262210548,0.0197041667740806
7,1200,169,occ_plus_uniform,0.9088237262210548,0.020995756150371636
7,1200,169,occ_plus_mean,0.9088237262210548,0.015202762039708273
7,1200,169,oracle_tail,0.9088237262210548,0.006233477637182405
7,1200,169,complete_rollout,0.9088237262210548,0.00824944451065257
7,1200,170,uniform,0.9088237262210548,0.004287674868351465
7,1200,170,learned_occupancy,0.9088237262210548,0.0031853524966636293
7,1200,170,learned_mean,0.9088237262210548,-0.0021140679844584565
7,1200,170,tis,0.9088237262210548,0.007181279975590926
7,1200,170,tis_anchored,0.9088237262210548,0.0021302631572865938
7,1200,170,occ_plus_uniform,0.9088237262210548,0.006292122498770425
7,1200,170,occ_plus_mean,0.9088237262210548,0.0029312189782805254
7,1200,170,oracle_tail,0.9088237262210548,0.0038673522428291918
7,1200,170,complete_rollout,0.9088237262210548,-0.012888766871461343
7,1200,171,uniform,0.9088237262210548,-0.005999233451340902
7,1200,171,learned_occupancy,0.9088237262210548,-0.010418801501401953
7,1200,171,learned_mean,0.9088237262210548,-0.0035462443301357283
7,1200,171,tis,0.9088237262210548,-0.0008553010514587012
7,1200,171,tis_anchored,0.9088237262210548,3.092950888028412e-05
7,1200,171,occ_plus_uniform,0.9088237262210548,-0.001246505215842575
7,1200,171,occ_plus_mean,0.9088237262210548,-0.009517011757143368
7,1200,171,oracle_tail,0.9088237262210548,-0.0032723874719957635
7,1200,171,complete_rollout,0.9088237262210548,-0.03240096199341247
7,1200,172,uniform,0.9088237262210548,-0.007882204582961405
7,1200,172,learned_occupancy,0.9088237262210548,-0.007904548574720671
7,1200,172,learned_mean,0.9088237262210548,-0.0034297667929740205
7,1200,172,tis,0.9088237262210548,0.0076074399780553525
7,1200,172,tis_anchored,0.9088237262210548,-0.0013864944616537311
7,1200,172,occ_plus_uniform,0.9088237262210548,0.002063089125435069
7,1200,172,occ_plus_mean,0.9088237262210548,-0.004496927583861665
7,1200,172,oracle_tail,0.9088237262210548,0.005615906312122387
7,1200,172,complete_rollout,0.9088237262210548,0.023696598982197226
7,1200,173,uniform,0.9088237262210548,0.005743813692751787
7,1200,173,learned_occupancy,0.9088237262210548,0.012689424329735854
7,1200,173,learned_mean,0.9088237262210548,0.017475465648716937
7,1200,173,tis,0.9088237262210548,0.02365521270758253
7,1200,173,tis_anchored,0.9088237262210548,0.023983028253803607
7,1200,173,occ_plus_uniform,0.9088237262210548,0.01568011278797765
7,1200,173,occ_plus_mean,0.9088237262210548,0.015464646467523546
7,1200,173,oracle_tail,0.9088237262210548,0.01550377401743741
7,1200,173,complete_rollout,0.9088237262210548,-0.006384701830810857
7,1200,174,uniform,0.9088237262210548,-0.018626530633963134
7,1200,174,learned_occupancy,0.9088237262210548,-0.017614557429484257
7,1200,174,learned_mean,0.9088237262210548,-0.024657734180390856
7,1200,174,tis,0.9088237262210548,-0.018999161107282725
7,1200,174,tis_anchored,0.9088237262210548,-0.025265667451113583
7,1200,174,occ_plus_uniform,0.9088237262210548,-0.027228730042622273
7,1200,174,occ_plus_mean,0.9088237262210548,-0.016172811037254875
7,1200,174,oracle_tail,0.9088237262210548,-0.02534726005574295
7,1200,174,complete_rollout,0.9088237262210548,-0.016953807521867814
7,1200,175,uniform,0.9088237262210548,0.0049142927711025575
7,1200,175,learned_occupancy,0.9088237262210548,0.01422414211640255
7,1200,175,learned_mean,0.9088237262210548,0.012569474007952386
7,1200,175,tis,0.9088237262210548,0.008533171108141113
7,1200,175,tis_anchored,0.9088237262210548,0.013218616509460657
7,1200,175,occ_plus_uniform,0.9088237262210548,0.016706619091088726
7,1200,175,occ_plus_mean,0.9088237262210548,0.009454542709915637
7,1200,175,oracle_tail,0.9088237262210548,0.007263551228506859
7,1200,175,complete_rollout,0.9088237262210548,0.037517737193579315
7,1200,176,uniform,0.9088237262210548,-0.04037519885119112
7,1200,176,learned_occupancy,0.9088237262210548,-0.038249856823152406
7,1200,176,learned_mean,0.9088237262210548,-0.033346311877633705
7,1200,176,tis,0.9088237262210548,-0.03271738220589793
7,1200,176,tis_anchored,0.9088237262210548,-0.03688544431230889
7,1200,176,occ_plus_uniform,0.9088237262210548,-0.04005558117387109
7,1200,176,occ_plus_mean,0.9088237262210548,-0.03673315203339911
7,1200,176,oracle_tail,0.9088237262210548,-0.038034853906619426
7,1200,176,complete_rollout,0.9088237262210548,-0.01776681565194904
7,1200,177,uniform,0.9088237262210548,0.007571848762862876
7,1200,177,learned_occupancy,0.9088237262210548,0.009524435214420923
7,1200,177,learned_mean,0.9088237262210548,0.012142993810487668
7,1200,177,tis,0.9088237262210548,0.0029355126604695414
7,1200,177,tis_anchored,0.9088237262210548,0.0029645621602188976
7,1200,177,occ_plus_uniform,0.9088237262210548,0.011951645976885472
7,1200,177,occ_plus_mean,0.9088237262210548,0.015430870302472366
7,1200,177,oracle_tail,0.9088237262210548,0.008708793462959497
7,1200,177,complete_rollout,0.9088237262210548,0.00011936320983951809
7,1200,178,uniform,0.9088237262210548,-0.014664397644241323
7,1200,178,learned_occupancy,0.9088237262210548,-0.02906252587102809
7,1200,178,learned_mean,0.9088237262210548,-0.02485135424600715
7,1200,178,tis,0.9088237262210548,-0.002187884006801255
7,1200,178,tis_anchored,0.9088237262210548,-0.015508315524152327
7,1200,178,occ_plus_uniform,0.9088237262210548,-0.024309556976390034
7,1200,178,occ_plus_mean,0.9088237262210548,-0.028948847888031648
7,1200,178,oracle_tail,0.9088237262210548,-0.0032545323131144555
7,1200,178,complete_rollout,0.9088237262210548,0.004997411990327327
7,1200,179,uniform,0.9088237262210548,-0.011121669914646914
7,1200,179,learned_occupancy,0.9088237262210548,-0.019487897399064757
7,1200,179,learned_mean,0.9088237262210548,-0.01871271741428604
7,1200,179,tis,0.9088237262210548,-0.033736533482461306
7,1200,179,tis_anchored,0.9088237262210548,-0.0282890549470749
7,1200,179,occ_plus_uniform,0.9088237262210548,-0.019260151173993267
7,1200,179,occ_plus_mean,0.9088237262210548,-0.017580358377410232
7,1200,179,oracle_tail,0.9088237262210548,-0.03885090370555233
7,1200,179,complete_rollout,0.9088237262210548,0.013940501421221607
7,1200,180,uniform,0.9088237262210548,0.012062507373382214
7,1200,180,learned_occupancy,0.9088237262210548,0.0067046714292930965
7,1200,180,learned_mean,0.9088237262210548,-0.0060651587619721115
7,1200,180,tis,0.9088237262210548,0.001590988144928307
7,1200,180,tis_anchored,0.9088237262210548,0.005978886615227386
7,1200,180,occ_plus_uniform,0.9088237262210548,0.013858911504669114
7,1200,180,occ_plus_mean,0.9088237262210548,-0.0005692696785059015
7,1200,180,oracle_tail,0.9088237262210548,0.003834433700226847
7,1200,180,complete_rollout,0.9088237262210548,-0.030774945733249903
7,1200,181,uniform,0.9088237262210548,-0.020374542830724818
7,1200,181,learned_occupancy,0.9088237262210548,-0.0126198245810486
7,1200,181,learned_mean,0.9088237262210548,-0.008478070501961366
7,1200,181,tis,0.9088237262210548,-0.008764945994183648
7,1200,181,tis_anchored,0.9088237262210548,-0.011468433735589811
7,1200,181,occ_plus_uniform,0.9088237262210548,-0.0174126405817977
7,1200,181,occ_plus_mean,0.9088237262210548,-0.012612058099057855
7,1200,181,oracle_tail,0.9088237262210548,-0.0009303533180156087
7,1200,181,complete_rollout,0.9088237262210548,-0.01857982378203038
7,1200,182,uniform,0.9088237262210548,0.009876136763635857
7,1200,182,learned_occupancy,0.9088237262210548,-0.0028025330188039543
7,1200,182,learned_mean,0.9088237262210548,0.0004135109690833749
7,1200,182,tis,0.9088237262210548,0.0073608405952644285
7,1200,182,tis_anchored,0.9088237262210548,0.005913230657313973
7,1200,182,occ_plus_uniform,0.9088237262210548,0.009008047354506
7,1200,182,occ_plus_mean,0.9088237262210548,0.002835850925386074
7,1200,182,oracle_tail,0.9088237262210548,0.0023921691252954957
7,1200,182,complete_rollout,0.9088237262210548,0.015566517681384284
7,1200,183,uniform,0.9088237262210548,-0.0014324193094362725
7,1200,183,learned_occupancy,0.9088237262210548,0.010563888431593393
7,1200,183,learned_mean,0.9088237262210548,0.0011322444145561716
7,1200,183,tis,0.9088237262210548,-0.00294250000502716
7,1200,183,tis_anchored,0.9088237262210548,-0.002967597897945984
7,1200,183,occ_plus_uniform,0.9088237262210548,0.0020666318354691793
7,1200,183,occ_plus_mean,0.9088237262210548,0.011245404719658847
7,1200,183,oracle_tail,0.9088237262210548,0.0043517995760296024
7,1200,183,complete_rollout,0.9088237262210548,0.005810420120408666
7,1200,184,uniform,0.9088237262210548,0.00913636518111316
7,1200,184,learned_occupancy,0.9088237262210548,-0.0027349458392018633
7,1200,184,learned_mean,0.9088237262210548,-5.001061743337143e-05
7,1200,184,tis,0.9088237262210548,0.0045776016669177855
7,1200,184,tis_anchored,0.9088237262210548,0.00039968836033510424
7,1200,184,occ_plus_uniform,0.9088237262210548,0.007284195641840352
7,1200,184,occ_plus_mean,0.9088237262210548,0.0019876366951171454
7,1200,184,oracle_tail,0.9088237262210548,0.0034337593004689637
7,1200,184,complete_rollout,0.9088237262210548,-0.0096367343511361
7,1200,185,uniform,0.9088237262210548,0.012750494376267296
7,1200,185,learned_occupancy,0.9088237262210548,0.009752159932873261
7,1200,185,learned_mean,0.9088237262210548,0.014159863140105422
7,1200,185,tis,0.9088237262210548,0.018693067304583644
7,1200,185,tis_anchored,0.9088237262210548,0.018935552641519582
7,1200,185,occ_plus_uniform,0.9088237262210548,0.004862846881111493
7,1200,185,occ_plus_mean,0.9088237262210548,0.006871209935472744
7,1200,185,oracle_tail,0.9088237262210548,0.021672171567136078
7,1200,185,complete_rollout,0.9088237262210548,0.00824944451065257
7,1200,186,uniform,0.9088237262210548,0.02306478130529699
7,1200,186,learned_occupancy,0.9088237262210548,0.013104827743362524
7,1200,186,learned_mean,0.9088237262210548,0.015123207067765265
7,1200,186,tis,0.9088237262210548,0.013848741488663552
7,1200,186,tis_anchored,0.9088237262210548,0.01345248855348613
7,1200,186,occ_plus_uniform,0.9088237262210548,0.01184094022674631
7,1200,186,occ_plus_mean,0.9088237262210548,0.009335902858670253
7,1200,186,oracle_tail,0.9088237262210548,0.017697134780604307
7,1200,186,complete_rollout,0.9088237262210548,0.06353399735618104
7,1200,187,uniform,0.9088237262210548,-0.011636007366238044
7,1200,187,learned_occupancy,0.9088237262210548,-0.016462504842645997
7,1200,187,learned_mean,0.9088237262210548,-0.024324460750012933
7,1200,187,tis,0.9088237262210548,-0.024595055954751976
7,1200,187,tis_anchored,0.9088237262210548,-0.023424687685932644
7,1200,187,occ_plus_uniform,0.9088237262210548,-0.015116293984618001
7,1200,187,occ_plus_mean,0.9088237262210548,-0.01936223725834918
7,1200,187,oracle_tail,0.9088237262210548,-0.021357635541546793
7,1200,187,complete_rollout,0.9088237262210548,-0.04459608394463199
7,1200,188,uniform,0.9088237262210548,0.012216354190675127
7,1200,188,learned_occupancy,0.9088237262210548,0.010898168122248864
7,1200,188,learned_mean,0.9088237262210548,0.017248043876924468
7,1200,188,tis,0.9088237262210548,0.0005722826499493516
7,1200,188,tis_anchored,0.9088237262210548,0.011856193707922458
7,1200,188,occ_plus_uniform,0.9088237262210548,0.01721867165163482
7,1200,188,occ_plus_mean,0.9088237262210548,0.02038163491733158
7,1200,188,oracle_tail,0.9088237262210548,-0.009775214677352095
7,1200,188,complete_rollout,0.9088237262210548,0.00011936320983951809
7,1200,189,uniform,0.9088237262210548,-0.0273510976709338
7,1200,189,learned_occupancy,0.9088237262210548,-0.0355384417697
7,1200,189,learned_mean,0.9088237262210548,-0.034920844209415436
7,1200,189,tis,0.9088237262210548,-0.025554283818874923
7,1200,189,tis_anchored,0.9088237262210548,-0.028310047153802698
7,1200,189,occ_plus_uniform,0.9088237262210548,-0.03594950904292582
7,1200,189,occ_plus_mean,0.9088237262210548,-0.03038247884453027
7,1200,189,oracle_tail,0.9088237262210548,-0.029025534750449444
7,1200,189,complete_rollout,0.9088237262210548,-0.0023196611804043865
7,1200,190,uniform,0.9088237262210548,0.048607109067108634
7,1200,190,learned_occupancy,0.9088237262210548,0.041029088010831716
7,1200,190,learned_mean,0.9088237262210548,0.031806512280685206
7,1200,190,tis,0.9088237262210548,0.03844543079001961
7,1200,190,tis_anchored,0.9088237262210548,0.038347231533635395
7,1200,190,occ_plus_uniform,0.9088237262210548,0.029860556093144197
7,1200,190,occ_plus_mean,0.9088237262210548,0.02764164117531631
7,1200,190,oracle_tail,0.9088237262210548,0.03630484537185119
7,1200,190,complete_rollout,0.9088237262210548,-0.008010718090973534
7,1200,191,uniform,0.9088237262210548,-0.009879156462958893
7,1200,191,learned_occupancy,0.9088237262210548,-0.0013417830610609194
7,1200,191,learned_mean,0.9088237262210548,5.877098869966346e-05
7,1200,191,tis,0.9088237262210548,-0.0068230470905304985
7,1200,191,tis_anchored,0.9088237262210548,0.005865218812922568
7,1200,191,occ_plus_uniform,0.9088237262210548,-0.0037701397423973715
7,1200,191,occ_plus_mean,0.9088237262210548,-0.0013802197440576647
7,1200,191,oracle_tail,0.9088237262210548,0.020947476545855714
7,1200,191,complete_rollout,0.9088237262210548,0.042395785974067124
7,1200,192,uniform,0.9088237262210548,0.0067106327324540915
7,1200,192,learned_occupancy,0.9088237262210548,0.012286004006669904
7,1200,192,learned_mean,0.9088237262210548,0.010331832463164936
7,1200,192,tis,0.9088237262210548,0.01571107757940593
7,1200,192,tis_anchored,0.9088237262210548,0.014373217146724016
7,1200,192,occ_plus_uniform,0.9088237262210548,0.01096606380663745
7,1200,192,occ_plus_mean,0.9088237262210548,0.015189452512298196
7,1200,192,oracle_tail,0.9088237262210548,0.009923196686957736
7,1200,192,complete_rollout,0.9088237262210548,-0.0096367343511361
7,1200,193,uniform,0.9088237262210548,0.02266993052015709
7,1200,193,learned_occupancy,0.9088237262210548,0.0020577751319543758
7,1200,193,learned_mean,0.9088237262210548,0.009276472297558236
7,1200,193,tis,0.9088237262210548,0.005048634293458032
7,1200,193,tis_anchored,0.9088237262210548,0.010184560728512593
7,1200,193,occ_plus_uniform,0.9088237262210548,0.015440282432419239
7,1200,193,occ_plus_mean,0.9088237262210548,0.009222108328188372
7,1200,193,oracle_tail,0.9088237262210548,0.008873385865992511
7,1200,193,complete_rollout,0.9088237262210548,0.014753509551302946
7,1200,194,uniform,0.9088237262210548,0.013683961459741822
7,1200,194,learned_occupancy,0.9088237262210548,0.012904952133117709
7,1200,194,learned_mean,0.9088237262210548,0.013764690664324286
7,1200,194,tis,0.9088237262210548,0.013600933928497483
7,1200,194,tis_anchored,0.9088237262210548,0.0060293873335742765
7,1200,194,occ_plus_uniform,0.9088237262210548,0.010097058759234057
7,1200,194,occ_plus_mean,0.9088237262210548,0.013170679553642373
7,1200,194,oracle_tail,0.9088237262210548,0.022137171515682397
7,1200,194,complete_rollout,0.9088237262210548,-0.010449742481217439
7,1200,195,uniform,0.9088237262210548,0.0039844486614945
7,1200,195,learned_occupancy,0.9088237262210548,-0.0008163463985825237
7,1200,195,learned_mean,0.9088237262210548,-0.0078078351284669445
7,1200,195,tis,0.9088237262210548,-0.02299433569291498
7,1200,195,tis_anchored,0.9088237262210548,-0.012322157269623712
7,1200,195,occ_plus_uniform,0.9088237262210548,-0.0023406446161873262
7,1200,195,occ_plus_mean,0.9088237262210548,-0.0032167549802532003
7,1200,195,oracle_tail,0.9088237262210548,-0.02249300314949776
7,1200,195,complete_rollout,0.9088237262210548,-0.010449742481217439
7,1200,196,uniform,0.9088237262210548,-0.04174527765102998
7,1200,196,learned_occupancy,0.9088237262210548,-0.03467441486760692
7,1200,196,learned_mean,0.9088237262210548,-0.044223769977183025
7,1200,196,tis,0.9088237262210548,-0.02779100207496199
7,1200,196,tis_anchored,0.9088237262210548,-0.03467938100443391
7,1200,196,occ_plus_uniform,0.9088237262210548,-0.04140824125853082
7,1200,196,occ_plus_mean,0.9088237262210548,-0.04314780804041418
7,1200,196,oracle_tail,0.9088237262210548,-0.025285192290656955
7,1200,196,complete_rollout,0.9088237262210548,-0.012888766871461343
7,1200,197,uniform,0.9088237262210548,0.005004376386178344
7,1200,197,learned_occupancy,0.9088237262210548,-0.006240485045787114
7,1200,197,learned_mean,0.9088237262210548,-0.012313532615846445
7,1200,197,tis,0.9088237262210548,0.01572444026022979
7,1200,197,tis_anchored,0.9088237262210548,-0.003256748730345871
7,1200,197,occ_plus_uniform,0.9088237262210548,-0.01077296552177509
7,1200,197,occ_plus_mean,0.9088237262210548,-0.009592088182921565
7,1200,197,oracle_tail,0.9088237262210548,0.0067684799037192045
7,1200,197,complete_rollout,0.9088237262210548,-0.025896896952762094
7,1200,198,uniform,0.9088237262210548,-0.017468061138638302
7,1200,198,learned_occupancy,0.9088237262210548,-0.02550672763120987
7,1200,198,learned_mean,0.9088237262210548,-0.023596537884104984
7,1200,198,tis,0.9088237262210548,-0.03120846572943814
7,1200,198,tis_anchored,0.9088237262210548,-0.030632721615807434
7,1200,198,occ_plus_uniform,0.9088237262210548,-0.037683176286961495
7,1200,198,occ_plus_mean,0.9088237262210548,-0.028953709914525505
7,1200,198,oracle_tail,0.9088237262210548,-0.02778195551896101
7,1200,198,complete_rollout,0.9088237262210548,0.032639688413091505
7,1200,199,uniform,0.9088237262210548,-0.025502412558260912
7,1200,199,learned_occupancy,0.9088237262210548,-0.026961361670188477
7,1200,199,learned_mean,0.9088237262210548,-0.01969762095317351
7,1200,199,tis,0.9088237262210548,-0.011069620064226848
7,1200,199,tis_anchored,0.9088237262210548,-0.009004871375605017
7,1200,199,occ_plus_uniform,0.9088237262210548,-0.02665163673336346
7,1200,199,occ_plus_mean,0.9088237262210548,-0.02173989368644802
7,1200,199,oracle_tail,0.9088237262210548,-0.009797410959518138
7,1200,199,complete_rollout,0.9088237262210548,0.005810420120408666
7,1200,200,uniform,0.9088237262210548,0.01547019516321424
7,1200,200,learned_occupancy,0.9088237262210548,-0.0008718994705003702
7,1200,200,learned_mean,0.9088237262210548,0.004743575019644175
7,1200,200,tis,0.9088237262210548,0.004945057249505336
7,1200,200,tis_anchored,0.9088237262210548,0.012772991024138536
7,1200,200,occ_plus_uniform,0.9088237262210548,0.014634405102655679
7,1200,200,occ_plus_mean,0.9088237262210548,0.0032967413461337802
7,1200,200,oracle_tail,0.9088237262210548,0.001742361014398952
7,1200,200,complete_rollout,0.9088237262210548,-0.021018848172274285
7,1200,201,uniform,0.9088237262210548,0.017826202158642834
7,1200,201,learned_occupancy,0.9088237262210548,0.0023224772293939377
7,1200,201,learned_mean,0.9088237262210548,0.00093132179151445
7,1200,201,tis,0.9088237262210548,-0.008845978462596493
7,1200,201,tis_anchored,0.9088237262210548,0.002111288857776228
7,1200,201,occ_plus_uniform,0.9088237262210548,0.01763931077992764
7,1200,201,occ_plus_mean,0.9088237262210548,-0.0013500779966492127
7,1200,201,oracle_tail,0.9088237262210548,-0.005385371354120649
7,1200,201,complete_rollout,0.9088237262210548,-0.048661124595038574
7,1200,202,uniform,0.9088237262210548,0.015399780857779821
7,1200,202,learned_occupancy,0.9088237262210548,0.024189180570862612
7,1200,202,learned_mean,0.9088237262210548,0.02109579570455733
7,1200,202,tis,0.9088237262210548,0.013469768510637525
7,1200,202,tis_anchored,0.9088237262210548,0.01290658426822544
7,1200,202,occ_plus_uniform,0.9088237262210548,0.02399830601646069
7,1200,202,occ_plus_mean,0.9088237262210548,0.02356441316379876
7,1200,202,oracle_tail,0.9088237262210548,0.015430320884876836
7,1200,202,complete_rollout,0.9088237262210548,0.0033713957301647612
7,1200,203,uniform,0.9088237262210548,-0.003225833057186378
7,1200,203,learned_occupancy,0.9088237262210548,-0.0032881252216633294
7,1200,203,learned_mean,0.9088237262210548,-0.01302758072348198
7,1200,203,tis,0.9088237262210548,0.009563029350537766
7,1200,203,tis_anchored,0.9088237262210548,-0.004913617798276593
7,1200,203,occ_plus_uniform,0.9088237262210548,-0.0097492236046276
7,1200,203,occ_plus_mean,0.9088237262210548,-0.007586169940375642
7,1200,203,oracle_tail,0.9088237262210548,0.009458031955366875
7,1200,203,complete_rollout,0.9088237262210548,-0.008823726221054762
7,1200,204,uniform,0.9088237262210548,-0.006640427506633517
7,1200,204,learned_occupancy,0.9088237262210548,-0.005862632998728912
7,1200,204,learned_mean,0.9088237262210548,-0.013206658832667362
7,1200,204,tis,0.9088237262210548,-0.019117790679879842
7,1200,204,tis_anchored,0.9088237262210548,-0.01596222095512856
7,1200,204,occ_plus_uniform,0.9088237262210548,-0.011981483869910159
7,1200,204,occ_plus_mean,0.9088237262210548,-0.009267634341570408
7,1200,204,oracle_tail,0.9088237262210548,-0.020027494399350143
7,1200,204,complete_rollout,0.9088237262210548,-0.012075758741380005
7,1200,205,uniform,0.9088237262210548,-0.008846619531463484
7,1200,205,learned_occupancy,0.9088237262210548,-0.018363401720001726
7,1200,205,learned_mean,0.9088237262210548,-0.014518978689096795
7,1200,205,tis,0.9088237262210548,-0.024925029321193892
7,1200,205,tis_anchored,0.9088237262210548,-0.01970844109898673
7,1200,205,occ_plus_uniform,0.9088237262210548,-0.019517265535474282
7,1200,205,occ_plus_mean,0.9088237262210548,-0.0130017521034963
7,1200,205,oracle_tail,0.9088237262210548,-0.020683915478517445
7,1200,205,complete_rollout,0.9088237262210548,0.04808684288463627
7,1200,206,uniform,0.9088237262210548,-0.020978031442722367
7,1200,206,learned_occupancy,0.9088237262210548,-0.024803865628225674
7,1200,206,learned_mean,0.9088237262210548,-0.034343177329832275
7,1200,206,tis,0.9088237262210548,-0.014618676194943503
7,1200,206,tis_anchored,0.9088237262210548,-0.02669190151735279
7,1200,206,occ_plus_uniform,0.9088237262210548,-0.022964647029494745
7,1200,206,occ_plus_mean,0.9088237262210548,-0.036963760169753446
7,1200,206,oracle_tail,0.9088237262210548,-0.0001049970789880339
7,1200,206,complete_rollout,0.9088237262210548,0.0009323713399208566
7,1200,207,uniform,0.9088237262210548,0.002899206618749428
7,1200,207,learned_occupancy,0.9088237262210548,0.003787646166921399
7,1200,207,learned_mean,0.9088237262210548,0.0069064229712101355
7,1200,207,tis,0.9088237262210548,0.0014864317071555666
7,1200,207,tis_anchored,0.9088237262210548,-0.0005366457085449472
7,1200,207,occ_plus_uniform,0.9088237262210548,0.002224126203023591
7,1200,207,occ_plus_mean,0.9088237262210548,0.0035319816749440625
7,1200,207,oracle_tail,0.9088237262210548,0.0021253887507777236
7,1200,207,complete_rollout,0.9088237262210548,0.016379525811465512
7,1200,208,uniform,0.9088237262210548,0.02264415575629164
7,1200,208,learned_occupancy,0.9088237262210548,0.022999274075484633
7,1200,208,learned_mean,0.9088237262210548,0.02367478953069091
7,1200,208,tis,0.9088237262210548,0.0197265542430044
7,1200,208,tis_anchored,0.9088237262210548,0.021050529168556653
7,1200,208,occ_plus_uniform,0.9088237262210548,0.010383479387192751
7,1200,208,occ_plus_mean,0.9088237262210548,0.024203811817461895
7,1200,208,oracle_tail,0.9088237262210548,0.018530934689649392
7,1200,208,complete_rollout,0.9088237262210548,0.02207058272203466
7,1200,209,uniform,0.9088237262210548,-0.021349041647487188
7,1200,209,learned_occupancy,0.9088237262210548,-0.021887743759136158
7,1200,209,learned_mean,0.9088237262210548,-0.026187838331741098
7,1200,209,tis,0.9088237262210548,-0.007784984886649138
7,1200,209,tis_anchored,0.9088237262210548,-0.010708810273316272
7,1200,209,occ_plus_uniform,0.9088237262210548,-0.024375044848964356
7,1200,209,occ_plus_mean,0.9088237262210548,-0.021232307190522604
7,1200,209,oracle_tail,0.9088237262210548,-0.021524858368785593
7,1200,209,complete_rollout,0.9088237262210548,-0.0096367343511361
7,1200,210,uniform,0.9088237262210548,-0.0012035899648428217
7,1200,210,learned_occupancy,0.9088237262210548,-8.549017501802147e-05
7,1200,210,learned_mean,0.9088237262210548,-0.010501665366044466
7,1200,210,tis,0.9088237262210548,-0.0008616223773691978
7,1200,210,tis_anchored,0.9088237262210548,-0.009061706708532014
7,1200,210,occ_plus_uniform,0.9088237262210548,-0.00497122359696045
7,1200,210,occ_plus_mean,0.9088237262210548,-0.003139451434426288
7,1200,210,oracle_tail,0.9088237262210548,-0.0010924561687417622
7,1200,210,complete_rollout,0.9088237262210548,0.014753509551302946
7,1200,211,uniform,0.9088237262210548,-0.005642077727574524
7,1200,211,learned_occupancy,0.9088237262210548,-0.0016032826374243747
7,1200,211,learned_mean,0.9088237262210548,0.0031180889917306054
7,1200,211,tis,0.9088237262210548,-0.001992603003549309
7,1200,211,tis_anchored,0.9088237262210548,0.0034122506432651134
7,1200,211,occ_plus_uniform,0.9088237262210548,-0.00028493255164108167
7,1200,211,occ_plus_mean,0.9088237262210548,0.0017553253674660318
7,1200,211,oracle_tail,0.9088237262210548,-0.003584218757550328
7,1200,211,complete_rollout,0.9088237262210548,-0.008823726221054762
7,1200,212,uniform,0.9088237262210548,0.0072432631399160785
7,1200,212,learned_occupancy,0.9088237262210548,0.000739343499065126
7,1200,212,learned_mean,0.9088237262210548,-0.00042178283710625486
7,1200,212,tis,0.9088237262210548,0.006354120074478331
7,1200,212,tis_anchored,0.9088237262210548,0.007465243677646227
7,1200,212,occ_plus_uniform,0.9088237262210548,6.449242669304134e-05
7,1200,212,occ_plus_mean,0.9088237262210548,-0.0020708808677761814
7,1200,212,oracle_tail,0.9088237262210548,0.01633906089532422
7,1200,212,complete_rollout,0.9088237262210548,0.01800554207162819
7,1200,213,uniform,0.9088237262210548,-0.021995405376834642
7,1200,213,learned_occupancy,0.9088237262210548,-0.007909963846989831
7,1200,213,learned_mean,0.9088237262210548,0.0022162595268562235
7,1200,213,tis,0.9088237262210548,0.0005992697361288934
7,1200,213,tis_anchored,0.9088237262210548,-0.008007786262836714
7,1200,213,occ_plus_uniform,0.9088237262210548,-0.007245747728830798
7,1200,213,occ_plus_mean,0.9088237262210548,0.004025751340206329
7,1200,213,oracle_tail,0.9088237262210548,0.0032245949916837047
7,1200,213,complete_rollout,0.9088237262210548,-0.0096367343511361
7,1200,214,uniform,0.9088237262210548,0.0010252412618160234
7,1200,214,learned_occupancy,0.9088237262210548,0.008928989402816057
7,1200,214,learned_mean,0.9088237262210548,0.011797352229342195
7,1200,214,tis,0.9088237262210548,0.01067791574019028
7,1200,214,tis_anchored,0.9088237262210548,0.010363901537551179
7,1200,214,occ_plus_uniform,0.9088237262210548,0.008949494675586589
7,1200,214,occ_plus_mean,0.9088237262210548,0.005902482653336816
7,1200,214,oracle_tail,0.9088237262210548,0.004865253082191212
7,1200,214,complete_rollout,0.9088237262210548,-0.004758685570648291
7,1200,215,uniform,0.9088237262210548,0.002005878532598482
7,1200,215,learned_occupancy,0.9088237262210548,0.004930254424980962
7,1200,215,learned_mean,0.9088237262210548,0.00018583496881152683
7,1200,215,tis,0.9088237262210548,-4.982459259328387e-05
7,1200,215,tis_anchored,0.9088237262210548,2.7044619455462993e-05
7,1200,215,occ_plus_uniform,0.9088237262210548,0.0027709406580398444
7,1200,215,occ_plus_mean,0.9088237262210548,0.004539297921970609
7,1200,215,oracle_tail,0.9088237262210548,0.006978434445996329
7,1200,215,complete_rollout,0.9088237262210548,0.009875460770815137
7,1200,216,uniform,0.9088237262210548,0.01254979756844632
7,1200,216,learned_occupancy,0.9088237262210548,0.005701616562803102
7,1200,216,learned_mean,0.9088237262210548,-0.0009991580072893358
7,1200,216,tis,0.9088237262210548,0.0008715334428684995
7,1200,216,tis_anchored,0.9088237262210548,0.007898862458245337
7,1200,216,occ_plus_uniform,0.9088237262210548,0.004373612462582055
7,1200,216,occ_plus_mean,0.9088237262210548,0.007917805825807145
7,1200,216,oracle_tail,0.9088237262210548,0.0032212446037919173
7,1200,216,complete_rollout,0.9088237262210548,-0.04053104329422552
7,1200,217,uniform,0.9088237262210548,-0.025271565793373862
7,1200,217,learned_occupancy,0.9088237262210548,-0.034056572265577345
7,1200,217,learned_mean,0.9088237262210548,-0.03918988012089908
7,1200,217,tis,0.9088237262210548,-0.03913315159192832
7,1200,217,tis_anchored,0.9088237262210548,-0.02890419392292598
7,1200,217,occ_plus_uniform,0.9088237262210548,-0.03284968385692244
7,1200,217,occ_plus_mean,0.9088237262210548,-0.03612505728453097
7,1200,217,oracle_tail,0.9088237262210548,-0.03505102166097607
7,1200,217,complete_rollout,0.9088237262210548,-0.008010718090973534
7,1200,218,uniform,0.9088237262210548,-0.008362514974988078
7,1200,218,learned_occupancy,0.9088237262210548,-0.010093308975942406
7,1200,218,learned_mean,0.9088237262210548,-0.017206400993484028
7,1200,218,tis,0.9088237262210548,-0.004027756217021228
7,1200,218,tis_anchored,0.9088237262210548,-0.0024721275162820078
7,1200,218,occ_plus_uniform,0.9088237262210548,0.0002668626350719183
7,1200,218,occ_plus_mean,0.9088237262210548,-0.01258547389190412
7,1200,218,oracle_tail,0.9088237262210548,-0.013422932357897599
7,1200,218,complete_rollout,0.9088237262210548,-0.028335921343006
7,1200,219,uniform,0.9088237262210548,-0.026047381756141408
7,1200,219,learned_occupancy,0.9088237262210548,-0.020672415202341865
7,1200,219,learned_mean,0.9088237262210548,-0.03363478977039813
7,1200,219,tis,0.9088237262210548,-0.007758000542770871
7,1200,219,tis_anchored,0.9088237262210548,-0.018742008537839694
7,1200,219,occ_plus_uniform,0.9088237262210548,-0.03038090555938089
7,1200,219,occ_plus_mean,0.9088237262210548,-0.02944983611084251
7,1200,219,oracle_tail,0.9088237262210548,-0.006279248500696055
7,1200,219,complete_rollout,0.9088237262210548,0.00011936320983951809
7,1200,220,uniform,0.9088237262210548,-0.009176171533601063
7,1200,220,learned_occupancy,0.9088237262210548,-0.00909294426878493
7,1200,220,learned_mean,0.9088237262210548,-0.008039045479106943
7,1200,220,tis,0.9088237262210548,-0.01841946723264798
7,1200,220,tis_anchored,0.9088237262210548,-0.015485581861390596
7,1200,220,occ_plus_uniform,0.9088237262210548,-0.011739421112732629
7,1200,220,occ_plus_mean,0.9088237262210548,-0.004983300100652843
7,1200,220,oracle_tail,0.9088237262210548,-0.01584432881336295
7,1200,220,complete_rollout,0.9088237262210548,0.005810420120408666
7,1200,221,uniform,0.9088237262210548,-0.0012211829737868163
7,1200,221,learned_occupancy,0.9088237262210548,-0.002450366409652349
7,1200,221,learned_mean,0.9088237262210548,-0.010700032675689308
7,1200,221,tis,0.9088237262210548,-0.008631091472398933
7,1200,221,tis_anchored,0.9088237262210548,-0.011030982769709707
7,1200,221,occ_plus_uniform,0.9088237262210548,-0.00610725246401389
7,1200,221,occ_plus_mean,0.9088237262210548,-0.010249947507040336
7,1200,221,oracle_tail,0.9088237262210548,0.002974599230549879
7,1200,221,complete_rollout,0.9088237262210548,0.01312749329114038
7,1200,222,uniform,0.9088237262210548,0.0063304482786776806
7,1200,222,learned_occupancy,0.9088237262210548,0.02147652967257674
7,1200,222,learned_mean,0.9088237262210548,0.015029514104752839
7,1200,222,tis,0.9088237262210548,0.023708362989508958
7,1200,222,tis_anchored,0.9088237262210548,0.01662374549881962
7,1200,222,occ_plus_uniform,0.9088237262210548,0.011909169666480257
7,1200,222,occ_plus_mean,0.9088237262210548,0.017767043997663046
7,1200,222,oracle_tail,0.9088237262210548,0.01654767882182051
7,1200,222,complete_rollout,0.9088237262210548,0.0009323713399208566
7,1200,223,uniform,0.9088237262210548,0.024534179784582832
7,1200,223,learned_occupancy,0.9088237262210548,0.01679697982351802
7,1200,223,learned_mean,0.9088237262210548,0.01602173725613132
7,1200,223,tis,0.9088237262210548,0.012842830082658518
7,1200,223,tis_anchored,0.9088237262210548,0.013843156877299756
7,1200,223,occ_plus_uniform,0.9088237262210548,0.02896908545415755
7,1200,223,occ_plus_mean,0.9088237262210548,0.027488214130925392
7,1200,223,oracle_tail,0.9088237262210548,0.01840409698064005
7,1200,223,complete_rollout,0.9088237262210548,0.027761639632603807
7,1200,224,uniform,0.9088237262210548,0.02040825975732119
7,1200,224,learned_occupancy,0.9088237262210548,0.04226183412484008
7,1200,224,learned_mean,0.9088237262210548,0.040557370889709676
7,1200,224,tis,0.9088237262210548,0.02126953002202192
7,1200,224,tis_anchored,0.9088237262210548,0.024308426107536252
7,1200,224,occ_plus_uniform,0.9088237262210548,0.03767850077908519
7,1200,224,occ_plus_mean,0.9088237262210548,0.045882888350832096
7,1200,224,oracle_tail,0.9088237262210548,0.023002695626023417
7,1200,224,complete_rollout,0.9088237262210548,0.009875460770815137
7,1200,225,uniform,0.9088237262210548,0.002843675753526398
7,1200,225,learned_occupancy,0.9088237262210548,-0.010391886621876956
7,1200,225,learned_mean,0.9088237262210548,-0.0001113626040641913
7,1200,225,tis,0.9088237262210548,-0.0029438236747622026
7,1200,225,tis_anchored,0.9088237262210548,0.0014452365432164882
7,1200,225,occ_plus_uniform,0.9088237262210548,-0.00823758939783148
7,1200,225,occ_plus_mean,0.9088237262210548,-0.006487131036839511
7,1200,225,oracle_tail,0.9088237262210548,0.002433939715625333
7,1200,225,complete_rollout,0.9088237262210548,0.004184403860245989
7,1200,226,uniform,0.9088237262210548,0.010735015968011852
7,1200,226,learned_occupancy,0.9088237262210548,0.002823155792088805
7,1200,226,learned_mean,0.9088237262210548,0.017629729655917803
7,1200,226,tis,0.9088237262210548,0.014969625441536794
7,1200,226,tis_anchored,0.9088237262210548,0.023631899189143768
7,1200,226,occ_plus_uniform,0.9088237262210548,0.014158277183049406
7,1200,226,occ_plus_mean,0.9088237262210548,0.015220601126228028
7,1200,226,oracle_tail,0.9088237262210548,0.011207501796658081
7,1200,226,complete_rollout,0.9088237262210548,-0.015327791261705137
7,1200,227,uniform,0.9088237262210548,0.03149238912740682
7,1200,227,learned_occupancy,0.9088237262210548,0.017449849280897323
7,1200,227,learned_mean,0.9088237262210548,0.018261386668590784
7,1200,227,tis,0.9088237262210548,0.0017858394636474095
7,1200,227,tis_anchored,0.9088237262210548,0.010387289869109417
7,1200,227,occ_plus_uniform,0.9088237262210548,0.022398835179055054
7,1200,227,occ_plus_mean,0.9088237262210548,0.02022459632733631
7,1200,227,oracle_tail,0.9088237262210548,-0.004694385807925028
7,1200,227,complete_rollout,0.9088237262210548,-0.016140799391786476
7,1200,228,uniform,0.9088237262210548,-0.007883215481155115
7,1200,228,learned_occupancy,0.9088237262210548,-0.004401611821968521
7,1200,228,learned_mean,0.9088237262210548,-0.009956718399120934
7,1200,228,tis,0.9088237262210548,-0.012491276487290426
7,1200,228,tis_anchored,0.9088237262210548,-0.007485088243625482
7,1200,228,occ_plus_uniform,0.9088237262210548,-0.005660093259875043
7,1200,228,occ_plus_mean,0.9088237262210548,-0.006840963564746616
7,1200,228,oracle_tail,0.9088237262210548,-0.004732461685422296
7,1200,228,complete_rollout,0.9088237262210548,0.012314485161059041
7,1200,229,uniform,0.9088237262210548,-0.032525270781857296
7,1200,229,learned_occupancy,0.9088237262210548,-0.0367383984951789
7,1200,229,learned_mean,0.9088237262210548,-0.039919400616087786
7,1200,229,tis,0.9088237262210548,-0.04558404585248155
7,1200,229,tis_anchored,0.9088237262210548,-0.029030792630217128
7,1200,229,occ_plus_uniform,0.9088237262210548,-0.029683931549247755
7,1200,229,occ_plus_mean,0.9088237262210548,-0.03853986385072794
7,1200,229,oracle_tail,0.9088237262210548,-0.04350024034692079
7,1200,229,complete_rollout,0.9088237262210548,0.020444566461872093
7,1200,230,uniform,0.9088237262210548,0.025933516812801538
7,1200,230,learned_occupancy,0.9088237262210548,0.017761961991835884
7,1200,230,learned_mean,0.9088237262210548,0.011810280168223053
7,1200,230,tis,0.9088237262210548,0.02142383637359513
7,1200,230,tis_anchored,0.9088237262210548,0.007684761321461675
7,1200,230,occ_plus_uniform,0.9088237262210548,0.01616665167086828
7,1200,230,occ_plus_mean,0.9088237262210548,0.01665409168977583
7,1200,230,oracle_tail,0.9088237262210548,0.016803080499610545
7,1200,230,complete_rollout,0.9088237262210548,-0.024270880692599528
7,1200,231,uniform,0.9088237262210548,0.011433117418007899
7,1200,231,learned_occupancy,0.9088237262210548,0.016844226636815063
7,1200,231,learned_mean,0.9088237262210548,0.01183216772393525
7,1200,231,tis,0.9088237262210548,-0.0023597657168014097
7,1200,231,tis_anchored,0.9088237262210548,0.007541129168219252
7,1200,231,occ_plus_uniform,0.9088237262210548,0.01134098902298486
7,1200,231,occ_plus_mean,0.9088237262210548,0.011269139305681186
7,1200,231,oracle_tail,0.9088237262210548,0.009602841078490076
7,1200,231,complete_rollout,0.9088237262210548,0.0025583876000834227
7,1200,232,uniform,0.9088237262210548,-0.008493054186877624
7,1200,232,learned_occupancy,0.9088237262210548,-0.007142598316028037
7,1200,232,learned_mean,0.9088237262210548,-0.0030633647031731437
7,1200,232,tis,0.9088237262210548,0.0067009590821683895
7,1200,232,tis_anchored,0.9088237262210548,0.006064532285530055
7,1200,232,occ_plus_uniform,0.9088237262210548,-0.009133217933542492
7,1200,232,occ_plus_mean,0.9088237262210548,-0.005893366341181205
7,1200,232,oracle_tail,0.9088237262210548,-0.0027631808220374143
7,1200,232,complete_rollout,0.9088237262210548,0.01312749329114038
7,1200,233,uniform,0.9088237262210548,-0.009099524327403463
7,1200,233,learned_occupancy,0.9088237262210548,-0.008706881388516274
7,1200,233,learned_mean,0.9088237262210548,-0.017273895170183073
7,1200,233,tis,0.9088237262210548,-0.014204007546284925
7,1200,233,tis_anchored,0.9088237262210548,-0.005951169867406292
7,1200,233,occ_plus_uniform,0.9088237262210548,-0.009136820555176728
7,1200,233,occ_plus_mean,0.9088237262210548,-0.006447488014892366
7,1200,233,oracle_tail,0.9088237262210548,-0.009647829678668951
7,1200,233,complete_rollout,0.9088237262210548,-0.011262750611298666
7,1200,234,uniform,0.9088237262210548,0.004845653882426748
7,1200,234,learned_occupancy,0.9088237262210548,0.014464428359577508
7,1200,234,learned_mean,0.9088237262210548,0.014977727657475848
7,1200,234,tis,0.9088237262210548,0.015517677581196043
7,1200,234,tis_anchored,0.9088237262210548,0.015762163571735766
7,1200,234,occ_plus_uniform,0.9088237262210548,0.0011568493682719838
7,1200,234,occ_plus_mean,0.9088237262210548,0.014186750021609962
7,1200,234,oracle_tail,0.9088237262210548,0.012009395690837588
7,1200,234,complete_rollout,0.9088237262210548,-0.012075758741380005
7,1200,235,uniform,0.9088237262210548,0.035515050164552586
7,1200,235,learned_occupancy,0.9088237262210548,0.041886586889349875
7,1200,235,learned_mean,0.9088237262210548,0.02811136265870673
7,1200,235,tis,0.9088237262210548,0.01579408106599245
7,1200,235,tis_anchored,0.9088237262210548,0.01902770836213652
7,1200,235,occ_plus_uniform,0.9088237262210548,0.03488102874496235
7,1200,235,occ_plus_mean,0.9088237262210548,0.03891721817232241
7,1200,235,oracle_tail,0.9088237262210548,0.019758603837434996
7,1200,235,complete_rollout,0.9088237262210548,-0.0006936449202418205
7,1200,236,uniform,0.9088237262210548,0.002594620138624437
7,1200,236,learned_occupancy,0.9088237262210548,-0.007921556634619797
7,1200,236,learned_mean,0.9088237262210548,-0.003759038486108035
7,1200,236,tis,0.9088237262210548,-0.014714502886680192
7,1200,236,tis_anchored,0.9088237262210548,-0.012300081950171737
7,1200,236,occ_plus_uniform,0.9088237262210548,-0.008708031224602175
7,1200,236,occ_plus_mean,0.9088237262210548,-0.008981269034560424
7,1200,236,oracle_tail,0.9088237262210548,-0.011032317180749707
7,1200,236,complete_rollout,0.9088237262210548,-0.01451478313162391
7,1200,237,uniform,0.9088237262210548,-0.03108567665011741
7,1200,237,learned_occupancy,0.9088237262210548,-0.03062279029431414
7,1200,237,learned_mean,0.9088237262210548,-0.03451838740914648
7,1200,237,tis,0.9088237262210548,-0.02602866904745249
7,1200,237,tis_anchored,0.9088237262210548,-0.020236672949320078
7,1200,237,occ_plus_uniform,0.9088237262210548,-0.023046400504138198
7,1200,237,occ_plus_mean,0.9088237262210548,-0.03467676645961293
7,1200,237,oracle_tail,0.9088237262210548,-0.02579781650284485
7,1200,237,complete_rollout,0.9088237262210548,0.03182668028301028
7,1200,238,uniform,0.9088237262210548,0.0009022123154180939
7,1200,238,learned_occupancy,0.9088237262210548,-0.006495916465582563
7,1200,238,learned_mean,0.9088237262210548,-0.009827818860048354
7,1200,238,tis,0.9088237262210548,-0.006610506790522108
7,1200,238,tis_anchored,0.9088237262210548,-0.0184787921897287
7,1200,238,occ_plus_uniform,0.9088237262210548,-0.006099529186259223
7,1200,238,occ_plus_mean,0.9088237262210548,-0.012268747617691811
7,1200,238,oracle_tail,0.9088237262210548,-0.006468298550456053
7,1200,238,complete_rollout,0.9088237262210548,-0.024270880692599528
7,1200,239,uniform,0.9088237262210548,0.013744036666206938
7,1200,239,learned_occupancy,0.9088237262210548,0.011907130791175113
7,1200,239,learned_mean,0.9088237262210548,0.009783670996155291
7,1200,239,tis,0.9088237262210548,-3.6423036185562196e-05
7,1200,239,tis_anchored,0.9088237262210548,0.0017695336423895203
7,1200,239,occ_plus_uniform,0.9088237262210548,0.011364883103879397
7,1200,239,occ_plus_mean,0.9088237262210548,0.009089021323850921
7,1200,239,oracle_tail,0.9088237262210548,0.0004718206002881642
7,1200,239,complete_rollout,0.9088237262210548,0.009875460770815137
7,1200,240,uniform,0.9088237262210548,0.002159506708387493
7,1200,240,learned_occupancy,0.9088237262210548,0.004083857060618312
7,1200,240,learned_mean,0.9088237262210548,-0.007960429070284047
7,1200,240,tis,0.9088237262210548,0.001214243968494122
7,1200,240,tis_anchored,0.9088237262210548,-0.010550877415918203
7,1200,240,occ_plus_uniform,0.9088237262210548,-0.0030826013773507244
7,1200,240,occ_plus_mean,0.9088237262210548,-0.00494364910616385
7,1200,240,oracle_tail,0.9088237262210548,-3.105630545230387e-05
7,1200,240,complete_rollout,0.9088237262210548,0.0033713957301647612
7,1200,241,uniform,0.9088237262210548,-0.008763018410858248
7,1200,241,learned_occupancy,0.9088237262210548,-0.007557737008103249
7,1200,241,learned_mean,0.9088237262210548,-0.013734575896739654
7,1200,241,tis,0.9088237262210548,-0.008156854442694428
7,1200,241,tis_anchored,0.9088237262210548,-0.009851329819620891
7,1200,241,occ_plus_uniform,0.9088237262210548,-0.0029043933595861438
7,1200,241,occ_plus_mean,0.9088237262210548,-0.014618170514292261
7,1200,241,oracle_tail,0.9088237262210548,0.0008911661788969516
7,1200,241,complete_rollout,0.9088237262210548,0.0009323713399208566
7,1200,242,uniform,0.9088237262210548,-0.008807910311692813
7,1200,242,learned_occupancy,0.9088237262210548,0.011881241954147415
7,1200,242,learned_mean,0.9088237262210548,0.009556446377673167
7,1200,242,tis,0.9088237262210548,-0.002453977568960042
7,1200,242,tis_anchored,0.9088237262210548,-0.008828224232888648
7,1200,242,occ_plus_uniform,0.9088237262210548,0.00997578377595254
7,1200,242,occ_plus_mean,0.9088237262210548,0.010808666548018708
7,1200,242,oracle_tail,0.9088237262210548,-0.00656410224560755
7,1200,242,complete_rollout,0.9088237262210548,-0.01939283191211172
7,1200,243,uniform,0.9088237262210548,0.003911075639597139
7,1200,243,learned_occupancy,0.9088237262210548,0.0070090643945445175
7,1200,243,learned_mean,0.9088237262210548,0.0010637301417045775
7,1200,243,tis,0.9088237262210548,0.008093473396541762
7,1200,243,tis_anchored,0.9088237262210548,0.010650419203145356
7,1200,243,occ_plus_uniform,0.9088237262210548,0.006933230492623732
7,1200,243,occ_plus_mean,0.9088237262210548,0.006998957826586216
7,1200,243,oracle_tail,0.9088237262210548,0.012435065135098067
7,1200,243,complete_rollout,0.9088237262210548,0.011501477030977703
7,1200,244,uniform,0.9088237262210548,-0.005954091543512119
7,1200,244,learned_occupancy,0.9088237262210548,-0.000703740850482304
7,1200,244,learned_mean,0.9088237262210548,0.004077464846604206
7,1200,244,tis,0.9088237262210548,-0.014019949203661675
7,1200,244,tis_anchored,0.9088237262210548,-0.004576303243357671
7,1200,244,occ_plus_uniform,0.9088237262210548,0.00608318945360975
7,1200,244,occ_plus_mean,0.9088237262210548,0.003356645652344392
7,1200,244,oracle_tail,0.9088237262210548,-0.008527665165228071
7,1200,244,complete_rollout,0.9088237262210548,0.02125757459195332
7,1200,245,uniform,0.9088237262210548,0.01938689177921782
7,1200,245,learned_occupancy,0.9088237262210548,0.01964228633790721
7,1200,245,learned_mean,0.9088237262210548,0.022632002626448267
7,1200,245,tis,0.9088237262210548,0.024334596534711928
7,1200,245,tis_anchored,0.9088237262210548,0.02179820034081925
7,1200,245,occ_plus_uniform,0.9088237262210548,0.016477997680754086
7,1200,245,occ_plus_mean,0.9088237262210548,0.021241399286163087
7,1200,245,oracle_tail,0.9088237262210548,0.019158629695756213
7,1200,245,complete_rollout,0.9088237262210548,0.004997411990327327
7,1200,246,uniform,0.9088237262210548,0.02154049486936216
7,1200,246,learned_occupancy,0.9088237262210548,0.00846593357996106
7,1200,246,learned_mean,0.9088237262210548,0.008653621184725235
7,1200,246,tis,0.9088237262210548,0.009590192115010776
7,1200,246,tis_anchored,0.9088237262210548,0.0069731630337454
7,1200,246,occ_plus_uniform,0.9088237262210548,0.015203954933306507
7,1200,246,occ_plus_mean,0.9088237262210548,0.01473510058400429
7,1200,246,oracle_tail,0.9088237262210548,0.006986077722752504
7,1200,246,complete_rollout,0.9088237262210548,-0.05841722215601408
7,1200,247,uniform,0.9088237262210548,-0.0017885745257953944
7,1200,247,learned_occupancy,0.9088237262210548,-0.012085206099058166
7,1200,247,learned_mean,0.9088237262210548,-0.011187130574281112
7,1200,247,tis,0.9088237262210548,0.0034157749601637644
7,1200,247,tis_anchored,0.9088237262210548,-0.004589907529486625
7,1200,247,occ_plus_uniform,0.9088237262210548,-0.016838100472423068
7,1200,247,occ_plus_mean,0.9088237262210548,-0.012772484837708653
7,1200,247,oracle_tail,0.9088237262210548,0.00319388701994594
7,1200,247,complete_rollout,0.9088237262210548,0.0017453794700020842
7,1200,248,uniform,0.9088237262210548,0.011384239646467953
7,1200,248,learned_occupancy,0.9088237262210548,0.01647970683167954
7,1200,248,learned_mean,0.9088237262210548,0.019461663454644618
7,1200,248,tis,0.9088237262210548,0.005289359830714546
7,1200,248,tis_anchored,0.9088237262210548,0.018917236499199852
7,1200,248,occ_plus_uniform,0.9088237262210548,0.008957192714404205
7,1200,248,occ_plus_mean,0.9088237262210548,0.018458277932487555
7,1200,248,oracle_tail,0.9088237262210548,0.003807461708372206
7,1200,248,complete_rollout,0.9088237262210548,0.016379525811465512
7,1200,249,uniform,0.9088237262210548,-0.010467160884377824
7,1200,249,learned_occupancy,0.9088237262210548,-0.006765218229483172
7,1200,249,learned_mean,0.9088237262210548,-0.004961646521985941
7,1200,249,tis,0.9088237262210548,0.0001615089769779754
7,1200,249,tis_anchored,0.9088237262210548,-0.005476634852790818
7,1200,249,occ_plus_uniform,0.9088237262210548,-0.013238311510873624
7,1200,249,occ_plus_mean,0.9088237262210548,-0.006102314229618266
7,1200,249,oracle_tail,0.9088237262210548,0.0005676102527484295
7,1200,249,complete_rollout,0.9088237262210548,0.014753509551302946
7,1200,250,uniform,0.9088237262210548,0.006598492154757829
7,1200,250,learned_occupancy,0.9088237262210548,0.008498721362997785
7,1200,250,learned_mean,0.9088237262210548,0.01156644885884428
7,1200,250,tis,0.9088237262210548,0.008566916188556095
7,1200,250,tis_anchored,0.9088237262210548,0.011430255221064334
7,1200,250,occ_plus_uniform,0.9088237262210548,0.000708506641647455
7,1200,250,occ_plus_mean,0.9088237262210548,0.008169388106189057
7,1200,250,oracle_tail,0.9088237262210548,-0.007744969083230635
7,1200,250,complete_rollout,0.9088237262210548,-0.0096367343511361
7,1200,251,uniform,0.9088237262210548,0.020317317397381074
7,1200,251,learned_occupancy,0.9088237262210548,0.01746050067742133
7,1200,251,learned_mean,0.9088237262210548,0.013981274176200431
7,1200,251,tis,0.9088237262210548,0.019403265181827445
7,1200,251,tis_anchored,0.9088237262210548,0.010729480757855847
7,1200,251,occ_plus_uniform,0.9088237262210548,0.020830440112368453
7,1200,251,occ_plus_mean,0.9088237262210548,0.01821882339324643
7,1200,251,oracle_tail,0.9088237262210548,0.025006031285804364
7,1200,251,complete_rollout,0.9088237262210548,0.0440218022342298
7,1200,252,uniform,0.9088237262210548,-0.021300547987621377
7,1200,252,learned_occupancy,0.9088237262210548,-0.016476327057849294
7,1200,252,learned_mean,0.9088237262210548,-0.004654178126675235
7,1200,252,tis,0.9088237262210548,-0.014451028153249501
7,1200,252,tis_anchored,0.9088237262210548,-0.011092059808154198
7,1200,252,occ_plus_uniform,0.9088237262210548,-0.012397025254240801
7,1200,252,occ_plus_mean,0.9088237262210548,-0.013438608631019311
7,1200,252,oracle_tail,0.9088237262210548,-0.012280336942878112
7,1200,252,complete_rollout,0.9088237262210548,-0.016953807521867814
7,1200,253,uniform,0.9088237262210548,-0.005580661122873254
7,1200,253,learned_occupancy,0.9088237262210548,-0.004080409247604111
7,1200,253,learned_mean,0.9088237262210548,-0.003221933981315095
7,1200,253,tis,0.9088237262210548,-0.010244927523907266
7,1200,253,tis_anchored,0.9088237262210548,-0.006620423890420057
7,1200,253,occ_plus_uniform,0.9088237262210548,-0.0018662295869382728
7,1200,253,occ_plus_mean,0.9088237262210548,-0.0008356623584442335
7,1200,253,oracle_tail,0.9088237262210548,-0.0129960007050679
7,1200,253,complete_rollout,0.9088237262210548,-0.024270880692599528
7,1200,254,uniform,0.9088237262210548,-0.01412276234491705
7,1200,254,learned_occupancy,0.9088237262210548,-0.024269705207111802
7,1200,254,learned_mean,0.9088237262210548,-0.022980279436099926
7,1200,254,tis,0.9088237262210548,-0.002473394730392209
7,1200,254,tis_anchored,0.9088237262210548,-0.024785471257329772
7,1200,254,occ_plus_uniform,0.9088237262210548,-0.017539648681768383
7,1200,254,occ_plus_mean,0.9088237262210548,-0.021503259926859974
7,1200,254,oracle_tail,0.9088237262210548,-0.003979738296076563
7,1200,254,complete_rollout,0.9088237262210548,0.037517737193579315
7,1200,255,uniform,0.9088237262210548,0.022186264571572467
7,1200,255,learned_occupancy,0.9088237262210548,0.02023943274884521
7,1200,255,learned_mean,0.9088237262210548,0.019800243929042005
7,1200,255,tis,0.9088237262210548,0.010171310343571882
7,1200,255,tis_anchored,0.9088237262210548,0.01014120447611322
7,1200,255,occ_plus_uniform,0.9088237262210548,0.02028490674561978
7,1200,255,occ_plus_mean,0.9088237262210548,0.019979608188974596
7,1200,255,oracle_tail,0.9088237262210548,0.0030196572391262277
7,1200,255,complete_rollout,0.9088237262210548,0.00011936320983951809
7,1200,256,uniform,0.9088237262210548,0.03188300771674557
7,1200,256,learned_occupancy,0.9088237262210548,0.010388472946121441
7,1200,256,learned_mean,0.9088237262210548,0.0039437955172387795
7,1200,256,tis,0.9088237262210548,0.013369826195211654
7,1200,256,tis_anchored,0.9088237262210548,0.009554972375820814
7,1200,256,occ_plus_uniform,0.9088237262210548,0.019878718151807306
7,1200,256,occ_plus_mean,0.9088237262210548,0.008681258060406094
7,1200,256,oracle_tail,0.9088237262210548,0.01192954632727361
7,1200,256,complete_rollout,0.9088237262210548,-0.012075758741380005
7,1200,257,uniform,0.9088237262210548,0.014577722699592455
7,1200,257,learned_occupancy,0.9088237262210548,0.0070101101487245465
7,1200,257,learned_mean,0.9088237262210548,-9.414699544729732e-05
7,1200,257,tis,0.9088237262210548,0.012560839995493511
7,1200,257,tis_anchored,0.9088237262210548,0.006639337494290687
7,1200,257,occ_plus_uniform,0.9088237262210548,0.006863006219577805
7,1200,257,occ_plus_mean,0.9088237262210548,0.004684635483888422
7,1200,257,oracle_tail,0.9088237262210548,0.00939277137159833
7,1200,257,complete_rollout,0.9088237262210548,0.02613562337244113
7,1200,258,uniform,0.9088237262210548,0.0314473153292113
7,1200,258,learned_occupancy,0.9088237262210548,0.04074997373786904
7,1200,258,learned_mean,0.9088237262210548,0.04525340622944263
7,1200,258,tis,0.9088237262210548,0.03838721320126659
7,1200,258,tis_anchored,0.9088237262210548,0.03870123280901516
7,1200,258,occ_plus_uniform,0.9088237262210548,0.03380473095994241
7,1200,258,occ_plus_mean,0.9088237262210548,0.03881241797719881
7,1200,258,oracle_tail,0.9088237262210548,0.03321431733611324
7,1200,258,complete_rollout,0.9088237262210548,0.022883590852115998
7,1200,259,uniform,0.9088237262210548,-0.0012634799200420543
7,1200,259,learned_occupancy,0.9088237262210548,-0.003824699877127302
7,1200,259,learned_mean,0.9088237262210548,0.00973325993606744
7,1200,259,tis,0.9088237262210548,0.017428077466440928
7,1200,259,tis_anchored,0.9088237262210548,0.02044019859305357
7,1200,259,occ_plus_uniform,0.9088237262210548,-0.008599963622112239
7,1200,259,occ_plus_mean,0.9088237262210548,0.0035537642590265373
7,1200,259,oracle_tail,0.9088237262210548,0.020799667963483537
7,1200,259,complete_rollout,0.9088237262210548,-0.001506653050323048
7,1200,260,uniform,0.9088237262210548,0.020081350252256214
7,1200,260,learned_occupancy,0.9088237262210548,0.03202844564980656
7,1200,260,learned_mean,0.9088237262210548,0.014351545676587696
7,1200,260,tis,0.9088237262210548,0.016143581197719414
7,1200,260,tis_anchored,0.9088237262210548,0.014150589632021426
7,1200,260,occ_plus_uniform,0.9088237262210548,0.0224298200267663
7,1200,260,occ_plus_mean,0.9088237262210548,0.018788808923598244
7,1200,260,oracle_tail,0.9088237262210548,0.005433066684411347
7,1200,260,complete_rollout,0.9088237262210548,-0.015327791261705137
7,1200,261,uniform,0.9088237262210548,-0.016729082832416586
7,1200,261,learned_occupancy,0.9088237262210548,-0.008341054757081467
7,1200,261,learned_mean,0.9088237262210548,-0.002560706628182974
7,1200,261,tis,0.9088237262210548,-0.020607243865597757
7,1200,261,tis_anchored,0.9088237262210548,-0.015925232866264905
7,1200,261,occ_plus_uniform,0.9088237262210548,-0.014273130663456923
7,1200,261,occ_plus_mean,0.9088237262210548,-0.006111109006671223
7,1200,261,oracle_tail,0.9088237262210548,-0.010635108587074393
7,1200,261,complete_rollout,0.9088237262210548,0.019631558331790755
7,1200,262,uniform,0.9088237262210548,-0.010080461012030195
7,1200,262,learned_occupancy,0.9088237262210548,-0.025926610207993694
7,1200,262,learned_mean,0.9088237262210548,-0.013424639735523214
7,1200,262,tis,0.9088237262210548,0.0039040899575674137
7,1200,262,tis_anchored,0.9088237262210548,-0.008930325677464102
7,1200,262,occ_plus_uniform,0.9088237262210548,-0.016931438048592207
7,1200,262,occ_plus_mean,0.9088237262210548,-0.022801785406491692
7,1200,262,oracle_tail,0.9088237262210548,-0.002248563403105641
7,1200,262,complete_rollout,0.9088237262210548,-0.01776681565194904
7,1200,263,uniform,0.9088237262210548,0.008783607367521484
7,1200,263,learned_occupancy,0.9088237262210548,0.0037213299628495733
7,1200,263,learned_mean,0.9088237262210548,0.008866090545698202
7,1200,263,tis,0.9088237262210548,0.0019554428564667603
7,1200,263,tis_anchored,0.9088237262210548,0.010495904736733008
7,1200,263,occ_plus_uniform,0.9088237262210548,0.0013630766065690914
7,1200,263,occ_plus_mean,0.9088237262210548,0.007732006248089673
7,1200,263,oracle_tail,0.9088237262210548,0.004585604515361941
7,1200,263,complete_rollout,0.9088237262210548,0.016379525811465512
7,1200,264,uniform,0.9088237262210548,-0.01476858177988516
7,1200,264,learned_occupancy,0.9088237262210548,-0.007210725150093578
7,1200,264,learned_mean,0.9088237262210548,-0.01920982563632556
7,1200,264,tis,0.9088237262210548,-0.0215067243016287
7,1200,264,tis_anchored,0.9088237262210548,-0.020931652745021512
7,1200,264,occ_plus_uniform,0.9088237262210548,-0.018313081410513132
7,1200,264,occ_plus_mean,0.9088237262210548,-0.013188067971701023
7,1200,264,oracle_tail,0.9088237262210548,-0.013395919326165462
7,1200,264,complete_rollout,0.9088237262210548,-0.04622210020479467
7,1200,265,uniform,0.9088237262210548,0.004170340239921355
7,1200,265,learned_occupancy,0.9088237262210548,0.004673014496540007
7,1200,265,learned_mean,0.9088237262210548,0.004887860875100514
7,1200,265,tis,0.9088237262210548,0.0022587872048849267
7,1200,265,tis_anchored,0.9088237262210548,0.006389260781184403
7,1200,265,occ_plus_uniform,0.9088237262210548,-0.002908925744264712
7,1200,265,occ_plus_mean,0.9088237262210548,0.0011613105227813447
7,1200,265,oracle_tail,0.9088237262210548,0.004486005119116676
7,1200,265,complete_rollout,0.9088237262210548,0.011501477030977703
7,1200,266,uniform,0.9088237262210548,0.01812659565050112
7,1200,266,learned_occupancy,0.9088237262210548,0.02496428903922332
7,1200,266,learned_mean,0.9088237262210548,0.027638948811682607
7,1200,266,tis,0.9088237262210548,0.0217052960292764
7,1200,266,tis_anchored,0.9088237262210548,0.02230883429460151
7,1200,266,occ_plus_uniform,0.9088237262210548,0.02363904234148606
7,1200,266,occ_plus_mean,0.9088237262210548,0.026039606231772372
7,1200,266,oracle_tail,0.9088237262210548,0.013985961827034932
7,1200,266,complete_rollout,0.9088237262210548,-0.008010718090973534
7,1200,267,uniform,0.9088237262210548,-0.006453902565800029
7,1200,267,learned_occupancy,0.9088237262210548,0.006729871153742684
7,1200,267,learned_mean,0.9088237262210548,0.012307555284255645
7,1200,267,tis,0.9088237262210548,0.012377644457276404
7,1200,267,tis_anchored,0.9088237262210548,0.01821746822493664
7,1200,267,occ_plus_uniform,0.9088237262210548,0.0017182690807976408
7,1200,267,occ_plus_mean,0.9088237262210548,0.0074788392482174615
7,1200,267,oracle_tail,0.9088237262210548,0.003783146566795903
7,1200,267,complete_rollout,0.9088237262210548,0.04483481036431103
7,1200,268,uniform,0.9088237262210548,0.004983964776271832
7,1200,268,learned_occupancy,0.9088237262210548,0.008433357205180236
7,1200,268,learned_mean,0.9088237262210548,0.007055434777201941
7,1200,268,tis,0.9088237262210548,0.013305895661351874
7,1200,268,tis_anchored,0.9088237262210548,0.00889716380166461
7,1200,268,occ_plus_uniform,0.9088237262210548,0.00908901865474343
7,1200,268,occ_plus_mean,0.9088237262210548,0.0060129605312424506
7,1200,268,oracle_tail,0.9088237262210548,0.014260666350151552
7,1200,268,complete_rollout,0.9088237262210548,-0.07874242540804666
7,1200,269,uniform,0.9088237262210548,0.005934037778282719
7,1200,269,learned_occupancy,0.9088237262210548,0.01334191822643227
7,1200,269,learned_mean,0.9088237262210548,0.017026527062565466
7,1200,269,tis,0.9088237262210548,0.011705191909493373
7,1200,269,tis_anchored,0.9088237262210548,0.01632803983593989
7,1200,269,occ_plus_uniform,0.9088237262210548,0.006642785332558909
7,1200,269,occ_plus_mean,0.9088237262210548,0.00980511233755943
7,1200,269,oracle_tail,0.9088237262210548,0.017703293313863444
7,1200,269,complete_rollout,0.9088237262210548,-0.03565299451373771
7,1200,270,uniform,0.9088237262210548,-0.0012526276670746794
7,1200,270,learned_occupancy,0.9088237262210548,0.0024544726329881472
7,1200,270,learned_mean,0.9088237262210548,0.0004956514484835139
7,1200,270,tis,0.9088237262210548,-0.003171617101883628
7,1200,270,tis_anchored,0.9088237262210548,-6.36559647360091e-05
7,1200,270,occ_plus_uniform,0.9088237262210548,-0.0023671803951706982
7,1200,270,occ_plus_mean,0.9088237262210548,0.00023534168985472892
7,1200,270,oracle_tail,0.9088237262210548,0.0007112634604189427
7,1200,270,complete_rollout,0.9088237262210548,0.006623428250489893
7,1200,271,uniform,0.9088237262210548,-0.0038087166074668444
7,1200,271,learned_occupancy,0.9088237262210548,-0.0023778478601080844
7,1200,271,learned_mean,0.9088237262210548,-0.0016821896128927927
7,1200,271,tis,0.9088237262210548,0.004608791974587079
7,1200,271,tis_anchored,0.9088237262210548,0.007492368630458879
7,1200,271,occ_plus_uniform,0.9088237262210548,0.00796448919262549
7,1200,271,occ_plus_mean,0.9088237262210548,-0.003620316101322074
7,1200,271,oracle_tail,0.9088237262210548,0.009581920880888828
7,1200,271,complete_rollout,0.9088237262210548,-0.007197709960892196
7,1200,272,uniform,0.9088237262210548,-0.013277737416775182
7,1200,272,learned_occupancy,0.9088237262210548,-0.016626841369261958
7,1200,272,learned_mean,0.9088237262210548,-0.01745405184617188
7,1200,272,tis,0.9088237262210548,-0.006684849411337956
7,1200,272,tis_anchored,0.9088237262210548,-0.013782403133982601
7,1200,272,occ_plus_uniform,0.9088237262210548,-0.014618221360824024
7,1200,272,occ_plus_mean,0.9088237262210548,-0.020567667818784385
7,1200,272,oracle_tail,0.9088237262210548,-0.00605335909803606
7,1200,272,complete_rollout,0.9088237262210548,0.018818550201709416
7,1200,273,uniform,0.9088237262210548,0.006669989014078559
7,1200,273,learned_occupancy,0.9088237262210548,0.005973689048025532
7,1200,273,learned_mean,0.9088237262210548,-0.004798198613485516
7,1200,273,tis,0.9088237262210548,-0.01344042384272448
7,1200,273,tis_anchored,0.9088237262210548,-0.009720262149746861
7,1200,273,occ_plus_uniform,0.9088237262210548,-0.0004077059306416553
7,1200,273,occ_plus_mean,0.9088237262210548,-0.0001464248110222277
7,1200,273,oracle_tail,0.9088237262210548,-0.012536611655843188
7,1200,273,complete_rollout,0.9088237262210548,-0.006384701830810857
7,1200,274,uniform,0.9088237262210548,0.02351246146152608
7,1200,274,learned_occupancy,0.9088237262210548,0.005219216575869545
7,1200,274,learned_mean,0.9088237262210548,0.007233771669304279
7,1200,274,tis,0.9088237262210548,0.0214088014294862
7,1200,274,tis_anchored,0.9088237262210548,0.009086213703406676
7,1200,274,occ_plus_uniform,0.9088237262210548,0.005618231629509363
7,1200,274,occ_plus_mean,0.9088237262210548,0.005547631839138534
7,1200,274,oracle_tail,0.9088237262210548,0.01804037608984843
7,1200,274,complete_rollout,0.9088237262210548,0.022883590852115998
7,1200,275,uniform,0.9088237262210548,0.03205737634270511
7,1200,275,learned_occupancy,0.9088237262210548,0.038441415821429015
7,1200,275,learned_mean,0.9088237262210548,0.030814374864436944
7,1200,275,tis,0.9088237262210548,0.039469342701473176
7,1200,275,tis_anchored,0.9088237262210548,0.030386363780598113
7,1200,275,occ_plus_uniform,0.9088237262210548,0.037754566355777675
7,1200,275,occ_plus_mean,0.9088237262210548,0.03517061983038139
7,1200,275,oracle_tail,0.9088237262210548,0.02976048923026997
7,1200,275,complete_rollout,0.9088237262210548,0.02613562337244113
7,1200,276,uniform,0.9088237262210548,0.008844383161696445
7,1200,276,learned_occupancy,0.9088237262210548,0.014729909587756884
7,1200,276,learned_mean,0.9088237262210548,0.01059104900660457
7,1200,276,tis,0.9088237262210548,0.023844177641987763
7,1200,276,tis_anchored,0.9088237262210548,0.012940911033199831
7,1200,276,occ_plus_uniform,0.9088237262210548,0.01777900665846066
7,1200,276,occ_plus_mean,0.9088237262210548,0.01093667589544245
7,1200,276,oracle_tail,0.9088237262210548,0.020599301480638932
7,1200,276,complete_rollout,0.9088237262210548,-0.00557169370072963
7,1200,277,uniform,0.9088237262210548,0.004581927846715406
7,1200,277,learned_occupancy,0.9088237262210548,-0.0023106107885640936
7,1200,277,learned_mean,0.9088237262210548,-0.008008871840512133
7,1200,277,tis,0.9088237262210548,-0.0011718855092118785
7,1200,277,tis_anchored,0.9088237262210548,-0.004232085858427159
7,1200,277,occ_plus_uniform,0.9088237262210548,-0.006288539229703072
7,1200,277,occ_plus_mean,0.9088237262210548,-0.0026745065147874003
7,1200,277,oracle_tail,0.9088237262210548,-0.001421953048150737
7,1200,277,complete_rollout,0.9088237262210548,0.03670472906349809
7,1200,278,uniform,0.9088237262210548,-0.01189096029147052
7,1200,278,learned_occupancy,0.9088237262210548,-0.01230422317551172
7,1200,278,learned_mean,0.9088237262210548,-0.016808541792220355
7,1200,278,tis,0.9088237262210548,-0.04559160434061682
7,1200,278,tis_anchored,0.9088237262210548,-0.027852368771111746
7,1200,278,occ_plus_uniform,0.9088237262210548,-0.005834592438362707
7,1200,278,occ_plus_mean,0.9088237262210548,-0.012788963178994917
7,1200,278,oracle_tail,0.9088237262210548,-0.04211032415374172
7,1200,278,complete_rollout,0.9088237262210548,-0.048661124595038574
7,1200,279,uniform,0.9088237262210548,0.007942840358843739
7,1200,279,learned_occupancy,0.9088237262210548,-0.007390726488098354
7,1200,279,learned_mean,0.9088237262210548,0.000754507246983338
7,1200,279,tis,0.9088237262210548,0.020288348562759184
7,1200,279,tis_anchored,0.9088237262210548,0.006961233771635156
7,1200,279,occ_plus_uniform,0.9088237262210548,8.604498412412287e-05
7,1200,279,occ_plus_mean,0.9088237262210548,-0.004134154174880722
7,1200,279,oracle_tail,0.9088237262210548,0.02591593410942672
7,1200,279,complete_rollout,0.9088237262210548,0.03914375345374199
7,1200,280,uniform,0.9088237262210548,-0.00403811851592728
7,1200,280,learned_occupancy,0.9088237262210548,-0.00603416461046169
7,1200,280,learned_mean,0.9088237262210548,-0.005206310198084041
7,1200,280,tis,0.9088237262210548,-0.006153578349345601
7,1200,280,tis_anchored,0.9088237262210548,-0.011878849283335713
7,1200,280,occ_plus_uniform,0.9088237262210548,-0.005850816803519843
7,1200,280,occ_plus_mean,0.9088237262210548,-0.0033515059753659315
7,1200,280,oracle_tail,0.9088237262210548,-0.0020931235380157176
7,1200,280,complete_rollout,0.9088237262210548,-0.01776681565194904
7,1200,281,uniform,0.9088237262210548,0.004921647619186342
7,1200,281,learned_occupancy,0.9088237262210548,0.008545541471499885
7,1200,281,learned_mean,0.9088237262210548,0.0021137219237126192
7,1200,281,tis,0.9088237262210548,0.004835095066623607
7,1200,281,tis_anchored,0.9088237262210548,0.01070250860436417
7,1200,281,occ_plus_uniform,0.9088237262210548,0.01025926781127351
7,1200,281,occ_plus_mean,0.9088237262210548,0.001013511065787731
7,1200,281,oracle_tail,0.9088237262210548,0.007447055328007601
7,1200,281,complete_rollout,0.9088237262210548,0.005810420120408666
7,1200,282,uniform,0.9088237262210548,0.02899784177007292
7,1200,282,learned_occupancy,0.9088237262210548,0.009450053498331612
7,1200,282,learned_mean,0.9088237262210548,0.019547921546997915
7,1200,282,tis,0.9088237262210548,0.014311719423348301
7,1200,282,tis_anchored,0.9088237262210548,0.022550773605775287
7,1200,282,occ_plus_uniform,0.9088237262210548,0.018866868840107798
7,1200,282,occ_plus_mean,0.9088237262210548,0.014855630990789015
7,1200,282,oracle_tail,0.9088237262210548,0.01829293867986248
7,1200,282,complete_rollout,0.9088237262210548,0.02207058272203466
7,1200,283,uniform,0.9088237262210548,-0.024659484837939005
7,1200,283,learned_occupancy,0.9088237262210548,-0.029664019330921776
7,1200,283,learned_mean,0.9088237262210548,-0.024351918984817145
7,1200,283,tis,0.9088237262210548,-0.03315398318615137
7,1200,283,tis_anchored,0.9088237262210548,-0.023713388013350434
7,1200,283,occ_plus_uniform,0.9088237262210548,-0.02476598891235049
7,1200,283,occ_plus_mean,0.9088237262210548,-0.022074358370130054
7,1200,283,oracle_tail,0.9088237262210548,-0.02599324865018593
7,1200,283,complete_rollout,0.9088237262210548,0.00824944451065257
7,1200,284,uniform,0.9088237262210548,0.013444728978170173
7,1200,284,learned_occupancy,0.9088237262210548,0.009445204876165847
7,1200,284,learned_mean,0.9088237262210548,0.008125434060951786
7,1200,284,tis,0.9088237262210548,0.015496540682912063
7,1200,284,tis_anchored,0.9088237262210548,0.018685514075848064
7,1200,284,occ_plus_uniform,0.9088237262210548,0.00871479131290065
7,1200,284,occ_plus_mean,0.9088237262210548,0.010484570940120674
7,1200,284,oracle_tail,0.9088237262210548,0.013896102652940723
7,1200,284,complete_rollout,0.9088237262210548,0.02613562337244113
7,1200,285,uniform,0.9088237262210548,-0.01264629221097413
7,1200,285,learned_occupancy,0.9088237262210548,0.008803901177416917
7,1200,285,learned_mean,0.9088237262210548,0.005831825596126383
7,1200,285,tis,0.9088237262210548,-0.00753120725406653
7,1200,285,tis_anchored,0.9088237262210548,-0.0001126839400683588
7,1200,285,occ_plus_uniform,0.9088237262210548,-0.008217448009154027
7,1200,285,occ_plus_mean,0.9088237262210548,0.009261227407489026
7,1200,285,oracle_tail,0.9088237262210548,-0.001675548190789078
7,1200,285,complete_rollout,0.9088237262210548,0.0025583876000834227
7,1200,286,uniform,0.9088237262210548,0.012742872931222449
7,1200,286,learned_occupancy,0.9088237262210548,0.012723235021734558
7,1200,286,learned_mean,0.9088237262210548,0.010948979476108622
7,1200,286,tis,0.9088237262210548,0.0061861283014397195
7,1200,286,tis_anchored,0.9088237262210548,-0.002552194614423353
7,1200,286,occ_plus_uniform,0.9088237262210548,0.018175065842835014
7,1200,286,occ_plus_mean,0.9088237262210548,0.007599001175531472
7,1200,286,oracle_tail,0.9088237262210548,0.0024293058141218182
7,1200,286,complete_rollout,0.9088237262210548,-0.004758685570648291
7,1200,287,uniform,0.9088237262210548,0.011311452440190717
7,1200,287,learned_occupancy,0.9088237262210548,0.001518635342678487
7,1200,287,learned_mean,0.9088237262210548,-0.001865428034028449
7,1200,287,tis,0.9088237262210548,0.0035736051782858658
7,1200,287,tis_anchored,0.9088237262210548,-0.0013063415589953387
7,1200,287,occ_plus_uniform,0.9088237262210548,-0.0015919989983688154
7,1200,287,occ_plus_mean,0.9088237262210548,0.005915437761199183
7,1200,287,oracle_tail,0.9088237262210548,0.0035993564681235934
7,1200,287,complete_rollout,0.9088237262210548,0.04808684288463627
7,1200,288,uniform,0.9088237262210548,-0.02109844532935612
7,1200,288,learned_occupancy,0.9088237262210548,-0.00700635073561251
7,1200,288,learned_mean,0.9088237262210548,-0.01324164737849709
7,1200,288,tis,0.9088237262210548,-0.0036832466977179124
7,1200,288,tis_anchored,0.9088237262210548,-0.0027754929619866475
7,1200,288,occ_plus_uniform,0.9088237262210548,-0.0014460007221518412
7,1200,288,occ_plus_mean,0.9088237262210548,-0.009909309567705527
7,1200,288,oracle_tail,0.9088237262210548,-0.006517338034023434
7,1200,288,complete_rollout,0.9088237262210548,-0.03321397012349381
7,1200,289,uniform,0.9088237262210548,0.0030800099658886415
7,1200,289,learned_occupancy,0.9088237262210548,0.009275336541648915
7,1200,289,learned_mean,0.9088237262210548,0.00675795652409239
7,1200,289,tis,0.9088237262210548,0.003395470057850014
7,1200,289,tis_anchored,0.9088237262210548,0.01019914358407592
7,1200,289,occ_plus_uniform,0.9088237262210548,-0.002056632594982122
7,1200,289,occ_plus_mean,0.9088237262210548,0.008240430441120883
7,1200,289,oracle_tail,0.9088237262210548,-0.004999984624212139
7,1200,289,complete_rollout,0.9088237262210548,0.03101367215292894
7,1200,290,uniform,0.9088237262210548,0.004764439548225474
7,1200,290,learned_occupancy,0.9088237262210548,-0.005861581750280065
7,1200,290,learned_mean,0.9088237262210548,0.0026438998830115024
7,1200,290,tis,0.9088237262210548,0.003019071262261308
7,1200,290,tis_anchored,0.9088237262210548,-0.00565235015817378
7,1200,290,occ_plus_uniform,0.9088237262210548,-0.00837171077305443
7,1200,290,occ_plus_mean,0.9088237262210548,-0.0032169134923223375
7,1200,290,oracle_tail,0.9088237262210548,0.0008087357477712942
7,1200,290,complete_rollout,0.9088237262210548,0.004184403860245989
7,1200,291,uniform,0.9088237262210548,-0.01411479469805521
7,1200,291,learned_occupancy,0.9088237262210548,-0.0010349216309410991
7,1200,291,learned_mean,0.9088237262210548,0.005956520972501433
7,1200,291,tis,0.9088237262210548,-0.0037186016824108936
7,1200,291,tis_anchored,0.9088237262210548,0.005982182946576375
7,1200,291,occ_plus_uniform,0.9088237262210548,-0.004420698326651262
7,1200,291,occ_plus_mean,0.9088237262210548,0.005261824056303266
7,1200,291,oracle_tail,0.9088237262210548,-0.005701800189968909
7,1200,291,complete_rollout,0.9088237262210548,-0.021831856302355623
7,1200,292,uniform,0.9088237262210548,-0.020730404016851445
7,1200,292,learned_occupancy,0.9088237262210548,-0.007783241695955012
7,1200,292,learned_mean,0.9088237262210548,-0.016647941096409324
7,1200,292,tis,0.9088237262210548,-0.016927386532544775
7,1200,292,tis_anchored,0.9088237262210548,-0.011553047420650775
7,1200,292,occ_plus_uniform,0.9088237262210548,-0.00889188820433906
7,1200,292,occ_plus_mean,0.9088237262210548,-0.007239910474948097
7,1200,292,oracle_tail,0.9088237262210548,-0.029569264311064325
7,1200,292,complete_rollout,0.9088237262210548,-0.02752291321292466
7,1200,293,uniform,0.9088237262210548,-0.0016374648213960397
7,1200,293,learned_occupancy,0.9088237262210548,0.00176113552853574
7,1200,293,learned_mean,0.9088237262210548,0.0067180190348564706
7,1200,293,tis,0.9088237262210548,-0.002651408523016041
7,1200,293,tis_anchored,0.9088237262210548,0.006445870761337846
7,1200,293,occ_plus_uniform,0.9088237262210548,-0.0006477564813412995
7,1200,293,occ_plus_mean,0.9088237262210548,0.00461257904698853
7,1200,293,oracle_tail,0.9088237262210548,-0.00730430530764814
7,1200,293,complete_rollout,0.9088237262210548,0.00011936320983951809
7,1200,294,uniform,0.9088237262210548,-0.009237562803204757
7,1200,294,learned_occupancy,0.9088237262210548,-0.02034723079571421
7,1200,294,learned_mean,0.9088237262210548,-0.014129013115774747
7,1200,294,tis,0.9088237262210548,-0.013665386021869508
7,1200,294,tis_anchored,0.9088237262210548,0.001208294050832115
7,1200,294,occ_plus_uniform,0.9088237262210548,-0.01615131463628061
7,1200,294,occ_plus_mean,0.9088237262210548,-0.015739973866061296
7,1200,294,oracle_tail,0.9088237262210548,-0.011960913624035174
7,1200,294,complete_rollout,0.9088237262210548,-0.021831856302355623
7,1200,295,uniform,0.9088237262210548,0.020312902520730924
7,1200,295,learned_occupancy,0.9088237262210548,0.035674145190844886
7,1200,295,learned_mean,0.9088237262210548,0.037221234036608486
7,1200,295,tis,0.9088237262210548,0.039883528804654955
7,1200,295,tis_anchored,0.9088237262210548,0.04443148559424581
7,1200,295,occ_plus_uniform,0.9088237262210548,0.021309827812375115
7,1200,295,occ_plus_mean,0.9088237262210548,0.033246176464931554
7,1200,295,oracle_tail,0.9088237262210548,0.035278823536920245
7,1200,295,complete_rollout,0.9088237262210548,-0.006384701830810857
7,1200,296,uniform,0.9088237262210548,0.020915078019786537
7,1200,296,learned_occupancy,0.9088237262210548,0.015226647215457856
7,1200,296,learned_mean,0.9088237262210548,0.016703072390042317
7,1200,296,tis,0.9088237262210548,0.011669536785569812
7,1200,296,tis_anchored,0.9088237262210548,0.020269169289316213
7,1200,296,occ_plus_uniform,0.9088237262210548,0.02998161074254735
7,1200,296,occ_plus_mean,0.9088237262210548,0.015610738196662255
7,1200,296,oracle_tail,0.9088237262210548,0.009285646672822279
7,1200,296,complete_rollout,0.9088237262210548,0.032639688413091505
7,1200,297,uniform,0.9088237262210548,-0.004937072256541164
7,1200,297,learned_occupancy,0.9088237262210548,-0.0006140855156617775
7,1200,297,learned_mean,0.9088237262210548,-0.003875867717511583
7,1200,297,tis,0.9088237262210548,-0.01616307918249904
7,1200,297,tis_anchored,0.9088237262210548,-0.006543970706004765
7,1200,297,occ_plus_uniform,0.9088237262210548,-0.008122043602037832
7,1200,297,occ_plus_mean,0.9088237262210548,-0.0047271244775725085
7,1200,297,oracle_tail,0.9088237262210548,-0.01151288411306417
7,1200,297,complete_rollout,0.9088237262210548,-0.008010718090973534
7,1200,298,uniform,0.9088237262210548,-0.002971545679717469
7,1200,298,learned_occupancy,0.9088237262210548,-0.007457211807574415
7,1200,298,learned_mean,0.9088237262210548,-0.004112552898125399
7,1200,298,tis,0.9088237262210548,-0.0017116684691691475
7,1200,298,tis_anchored,0.9088237262210548,-0.0007633756417838589
7,1200,298,occ_plus_uniform,0.9088237262210548,0.0007800871792322805
7,1200,298,occ_plus_mean,0.9088237262210548,-0.011844372386522806
7,1200,298,oracle_tail,0.9088237262210548,-0.005625890195950278
7,1200,298,complete_rollout,0.9088237262210548,-0.008010718090973534
7,1200,299,uniform,0.9088237262210548,0.012753610767024526
7,1200,299,learned_occupancy,0.9088237262210548,0.007082643381658871
7,1200,299,learned_mean,0.9088237262210548,-0.00537773418031795
7,1200,299,tis,0.9088237262210548,0.004885633661339095
7,1200,299,tis_anchored,0.9088237262210548,0.008881691868374508
7,1200,299,occ_plus_uniform,0.9088237262210548,0.01123061461975905
7,1200,299,occ_plus_mean,0.9088237262210548,0.000583063476248924
7,1200,299,oracle_tail,0.9088237262210548,0.005021652133269328
7,1200,299,complete_rollout,0.9088237262210548,0.019631558331790755
