horizon,alpha,budget_per_shared_group,replication,method,panel_mean_squared_error
2,0.1,50,0,complete_rollout,6.171552090872075e-05
2,0.1,50,0,tis,0.0015704975602818963
2,0.1,50,0,uniform,0.001468601144665593
2,0.1,50,1,complete_rollout,4.375634976376241e-05
2,0.1,50,1,tis,0.0018007271126418904
2,0.1,50,1,uniform,0.001823755042432594
2,0.1,50,2,complete_rollout,5.824342930588405e-05
2,0.1,50,2,tis,0.0027327594686269367
2,0.1,50,2,uniform,0.0012971921288906186
2,0.1,50,3,complete_rollout,4.5924991768320724e-05
2,0.1,50,3,tis,0.0008016126145734509
2,0.1,50,3,uniform,0.004643078327466413
2,0.1,50,4,complete_rollout,3.6556372059997944e-05
2,0.1,50,4,tis,0.001823884112162438
2,0.1,50,4,uniform,0.0012904282180003816
2,0.1,50,5,complete_rollout,2.761687397211297e-05
2,0.1,50,5,tis,0.0013246435568142706
2,0.1,50,5,uniform,0.0028633762009606916
2,0.1,50,6,complete_rollout,8.259299118162328e-05
2,0.1,50,6,tis,0.0009968289094232287
2,0.1,50,6,uniform,0.0009118445920579285
2,0.1,50,7,complete_rollout,4.16840531569784e-05
2,0.1,50,7,tis,0.0023179911301426954
2,0.1,50,7,uniform,0.0019218756129601037
2,0.1,50,8,complete_rollout,6.053647274935366e-05
2,0.1,50,8,tis,0.0008659544874083851
2,0.1,50,8,uniform,0.0015402034693844863
2,0.1,50,9,complete_rollout,5.525160896088043e-05
2,0.1,50,9,tis,0.0066208997191439444
2,0.1,50,9,uniform,0.0022802264172391245
2,0.1,50,10,complete_rollout,0.00010614252031115011
2,0.1,50,10,tis,0.0019576861130501653
2,0.1,50,10,uniform,0.002273812063427209
2,0.1,50,11,complete_rollout,3.284978885275065e-05
2,0.1,50,11,tis,0.0025797059399782526
2,0.1,50,11,uniform,0.003912829591524109
2,0.1,50,12,complete_rollout,5.614146371097467e-05
2,0.1,50,12,tis,0.0015486176845963017
2,0.1,50,12,uniform,0.01141042493803504
2,0.1,50,13,complete_rollout,0.00010285334348470139
2,0.1,50,13,tis,0.002055928278585741
2,0.1,50,13,uniform,0.0024145897083932204
2,0.1,50,14,complete_rollout,5.1884346439251364e-05
2,0.1,50,14,tis,0.0017824051565018143
2,0.1,50,14,uniform,0.002220404806807549
2,0.1,50,15,complete_rollout,9.362697671115546e-05
2,0.1,50,15,tis,0.002311733673819884
2,0.1,50,15,uniform,0.003542645725737349
2,0.1,50,16,complete_rollout,6.98224948870722e-05
2,0.1,50,16,tis,0.0007108846367293129
2,0.1,50,16,uniform,0.0011454995256958659
2,0.1,50,17,complete_rollout,4.085061192889699e-05
2,0.1,50,17,tis,0.0017973664474335476
2,0.1,50,17,uniform,0.0034587180995107347
2,0.1,50,18,complete_rollout,4.3235145280844926e-05
2,0.1,50,18,tis,0.002172143916649993
2,0.1,50,18,uniform,0.0025080496570571544
2,0.1,50,19,complete_rollout,5.46355332832429e-05
2,0.1,50,19,tis,0.0008859391529452108
2,0.1,50,19,uniform,0.003785594817738323
2,0.1,50,20,complete_rollout,3.360863757909204e-05
2,0.1,50,20,tis,0.001503921896160674
2,0.1,50,20,uniform,0.0028609662914621742
2,0.1,50,21,complete_rollout,7.153416948484151e-05
2,0.1,50,21,tis,0.0014605453489872234
2,0.1,50,21,uniform,0.0043843392092990305
2,0.1,50,22,complete_rollout,8.775376966712067e-05
2,0.1,50,22,tis,0.0018859900111495805
2,0.1,50,22,uniform,0.0021051310834648016
2,0.1,50,23,complete_rollout,3.638068898552437e-05
2,0.1,50,23,tis,0.0010714390371753463
2,0.1,50,23,uniform,0.0017182759416992748
2,0.1,50,24,complete_rollout,6.263078918178579e-05
2,0.1,50,24,tis,0.0029469808574610293
2,0.1,50,24,uniform,0.004695847494161825
2,0.1,50,25,complete_rollout,3.843126225102069e-05
2,0.1,50,25,tis,0.0004903255176672411
2,0.1,50,25,uniform,0.0012889464990120426
2,0.1,50,26,complete_rollout,8.7465708191344e-05
2,0.1,50,26,tis,0.0011929935654610114
2,0.1,50,26,uniform,0.0014793508039845362
2,0.1,50,27,complete_rollout,6.251690283368335e-05
2,0.1,50,27,tis,0.002268244178245072
2,0.1,50,27,uniform,0.0014415770804693726
2,0.1,50,28,complete_rollout,9.858962823226206e-05
2,0.1,50,28,tis,0.0019261450758421858
2,0.1,50,28,uniform,0.0016324481924273318
2,0.1,50,29,complete_rollout,5.11327493051224e-05
2,0.1,50,29,tis,0.0010204968865227466
2,0.1,50,29,uniform,0.0007508583548324235
2,0.1,50,30,complete_rollout,4.506449258447036e-05
2,0.1,50,30,tis,0.0019276325312317562
2,0.1,50,30,uniform,0.002002820876425679
2,0.1,50,31,complete_rollout,4.6064363370109214e-05
2,0.1,50,31,tis,0.0017274161829516227
2,0.1,50,31,uniform,0.0020069214561138538
2,0.1,50,32,complete_rollout,4.980584374390547e-05
2,0.1,50,32,tis,0.0009705915266898712
2,0.1,50,32,uniform,0.0048729503683052604
2,0.1,50,33,complete_rollout,6.890724208317918e-05
2,0.1,50,33,tis,0.0009074129270974908
2,0.1,50,33,uniform,0.002217667741822534
2,0.1,50,34,complete_rollout,9.692622294050669e-05
2,0.1,50,34,tis,0.0016723458962495932
2,0.1,50,34,uniform,0.0022224664004568246
2,0.1,50,35,complete_rollout,5.336108296964138e-05
2,0.1,50,35,tis,0.00245185764784697
2,0.1,50,35,uniform,0.002342834037061341
2,0.1,50,36,complete_rollout,6.179029344722564e-05
2,0.1,50,36,tis,0.0026694669307573515
2,0.1,50,36,uniform,0.0023176922457736906
2,0.1,50,37,complete_rollout,7.934106160749669e-05
2,0.1,50,37,tis,0.0020484510953930803
2,0.1,50,37,uniform,0.003893462532563916
2,0.1,50,38,complete_rollout,6.280202250991346e-05
2,0.1,50,38,tis,0.0016504704862568853
2,0.1,50,38,uniform,0.0011577654263625365
2,0.1,50,39,complete_rollout,5.754674985482048e-05
2,0.1,50,39,tis,0.0013952265020656068
2,0.1,50,39,uniform,0.0011042318921611262
2,0.1,50,40,complete_rollout,3.2052190419610734e-05
2,0.1,50,40,tis,0.0017404510525729474
2,0.1,50,40,uniform,0.004842950932514989
2,0.1,50,41,complete_rollout,4.9104542530093105e-05
2,0.1,50,41,tis,0.003004984940768035
2,0.1,50,41,uniform,0.0017998361686060195
2,0.1,50,42,complete_rollout,5.5311360409837506e-05
2,0.1,50,42,tis,0.0029978507489564856
2,0.1,50,42,uniform,0.0020739865406520577
2,0.1,50,43,complete_rollout,4.2855542067289996e-05
2,0.1,50,43,tis,0.0031204503582393074
2,0.1,50,43,uniform,0.0022813331750020896
2,0.1,50,44,complete_rollout,5.5750126585132e-05
2,0.1,50,44,tis,0.0031254766021398886
2,0.1,50,44,uniform,0.0033798029012530157
2,0.1,50,45,complete_rollout,2.9561174567717334e-05
2,0.1,50,45,tis,0.0006725108955050628
2,0.1,50,45,uniform,0.000734868273439082
2,0.1,50,46,complete_rollout,9.039988700922216e-05
2,0.1,50,46,tis,0.0014169560522869524
2,0.1,50,46,uniform,0.0016066270405762227
2,0.1,50,47,complete_rollout,3.818368754472469e-05
2,0.1,50,47,tis,0.0011899762850949985
2,0.1,50,47,uniform,0.0015697341982409225
2,0.1,50,48,complete_rollout,5.019121755701968e-05
2,0.1,50,48,tis,0.0017418851041080495
2,0.1,50,48,uniform,0.0028864981299354716
2,0.1,50,49,complete_rollout,7.936163734381385e-05
2,0.1,50,49,tis,0.003044339428462286
2,0.1,50,49,uniform,0.004252704166154153
2,0.1,50,50,complete_rollout,7.354497198514538e-05
2,0.1,50,50,tis,0.0015415209601953638
2,0.1,50,50,uniform,0.003628201264098736
2,0.1,50,51,complete_rollout,8.406523838762297e-05
2,0.1,50,51,tis,0.0009701488186928635
2,0.1,50,51,uniform,0.0025028932053939392
2,0.1,50,52,complete_rollout,4.2191831707507705e-05
2,0.1,50,52,tis,0.001282102207490283
2,0.1,50,52,uniform,0.0015215188519160144
2,0.1,50,53,complete_rollout,2.6570534421657123e-05
2,0.1,50,53,tis,0.001471996822109191
2,0.1,50,53,uniform,0.005156548782015874
2,0.1,50,54,complete_rollout,8.456371368074215e-05
2,0.1,50,54,tis,0.001462028281276322
2,0.1,50,54,uniform,0.0014235966195315203
2,0.1,50,55,complete_rollout,4.224772877808148e-05
2,0.1,50,55,tis,0.0028337261641926564
2,0.1,50,55,uniform,0.0021160175749467855
2,0.1,50,56,complete_rollout,0.00011392609175627588
2,0.1,50,56,tis,0.0005846824879071228
2,0.1,50,56,uniform,0.0007594670501601471
2,0.1,50,57,complete_rollout,4.196881579521194e-05
2,0.1,50,57,tis,0.0012850676967181304
2,0.1,50,57,uniform,0.002083383398939634
2,0.1,50,58,complete_rollout,5.9601669486201144e-05
2,0.1,50,58,tis,0.002058777062020799
2,0.1,50,58,uniform,0.0017448785119104477
2,0.1,50,59,complete_rollout,5.503602611380384e-05
2,0.1,50,59,tis,0.0018174688728728745
2,0.1,50,59,uniform,0.0015457606709596832
2,0.1,50,60,complete_rollout,8.68299921795113e-05
2,0.1,50,60,tis,0.0017848012116996556
2,0.1,50,60,uniform,0.001217744136265444
2,0.1,50,61,complete_rollout,5.5773541581533176e-05
2,0.1,50,61,tis,0.0013964259559044465
2,0.1,50,61,uniform,0.003344836278070127
2,0.1,50,62,complete_rollout,8.632250942325795e-05
2,0.1,50,62,tis,0.000829645871782885
2,0.1,50,62,uniform,0.001825970766857424
2,0.1,50,63,complete_rollout,0.00010796540707277744
2,0.1,50,63,tis,0.0012804588869981298
2,0.1,50,63,uniform,0.0024006381283661654
2,0.1,50,64,complete_rollout,7.53851436918562e-05
2,0.1,50,64,tis,0.0010278072432367295
2,0.1,50,64,uniform,0.005352213521381217
2,0.1,50,65,complete_rollout,7.334933062452042e-05
2,0.1,50,65,tis,0.0016242494801579081
2,0.1,50,65,uniform,0.0024587828172768357
2,0.1,50,66,complete_rollout,6.302534817054586e-05
2,0.1,50,66,tis,0.0036557097230797532
2,0.1,50,66,uniform,0.003912982837415633
2,0.1,50,67,complete_rollout,8.430623509190647e-05
2,0.1,50,67,tis,0.0009298446227122939
2,0.1,50,67,uniform,0.0014921966165750223
2,0.1,50,68,complete_rollout,7.191475142973947e-05
2,0.1,50,68,tis,0.00032002001224743545
2,0.1,50,68,uniform,0.010731713940811871
2,0.1,50,69,complete_rollout,4.148499160373868e-05
2,0.1,50,69,tis,0.0017781170900602644
2,0.1,50,69,uniform,0.006127917806572305
2,0.1,50,70,complete_rollout,8.237183969925136e-05
2,0.1,50,70,tis,0.000848852461071347
2,0.1,50,70,uniform,0.0018500157763851727
2,0.1,50,71,complete_rollout,5.245395936715812e-05
2,0.1,50,71,tis,0.0012759888944460223
2,0.1,50,71,uniform,0.002811975606446788
2,0.1,50,72,complete_rollout,3.257104112266845e-05
2,0.1,50,72,tis,0.0011446304340340051
2,0.1,50,72,uniform,0.0016178495419820282
2,0.1,50,73,complete_rollout,4.0500461235596105e-05
2,0.1,50,73,tis,0.0009058012105546495
2,0.1,50,73,uniform,0.0028383247572014
2,0.1,50,74,complete_rollout,6.843234831847607e-05
2,0.1,50,74,tis,0.004160778648667303
2,0.1,50,74,uniform,0.0027535256003718006
2,0.1,50,75,complete_rollout,0.00012881294044336886
2,0.1,50,75,tis,0.0012632219840351946
2,0.1,50,75,uniform,0.001984963512210885
2,0.1,50,76,complete_rollout,7.95730988437291e-05
2,0.1,50,76,tis,0.0009119168124874388
2,0.1,50,76,uniform,0.018179250934729756
2,0.1,50,77,complete_rollout,7.000482426191141e-05
2,0.1,50,77,tis,0.0017921545936529148
2,0.1,50,77,uniform,0.00481142732067242
2,0.1,50,78,complete_rollout,8.166338306777868e-05
2,0.1,50,78,tis,0.001128108801969819
2,0.1,50,78,uniform,0.0010463629746500882
2,0.1,50,79,complete_rollout,4.707208932780586e-05
2,0.1,50,79,tis,0.0012410781177242176
2,0.1,50,79,uniform,0.0027853521236778957
2,0.1,50,80,complete_rollout,6.586419206977146e-05
2,0.1,50,80,tis,0.0016795175905125544
2,0.1,50,80,uniform,0.0020519937061689985
2,0.1,50,81,complete_rollout,8.176011748963116e-05
2,0.1,50,81,tis,0.0021078058743416606
2,0.1,50,81,uniform,0.0012345089483203457
2,0.1,50,82,complete_rollout,3.7904578209257466e-05
2,0.1,50,82,tis,0.002073061319594988
2,0.1,50,82,uniform,0.0034392677000126
2,0.1,50,83,complete_rollout,4.3786887509676825e-05
2,0.1,50,83,tis,0.0035380806594079825
2,0.1,50,83,uniform,0.0026492564397294104
2,0.1,50,84,complete_rollout,7.394116078792924e-05
2,0.1,50,84,tis,0.004269054085101149
2,0.1,50,84,uniform,0.003241229729908835
2,0.1,50,85,complete_rollout,3.538414117938361e-05
2,0.1,50,85,tis,0.0017622626932408468
2,0.1,50,85,uniform,0.0012215898252087342
2,0.1,50,86,complete_rollout,7.064990463578303e-05
2,0.1,50,86,tis,0.00073462681475622
2,0.1,50,86,uniform,0.001390675432460498
2,0.1,50,87,complete_rollout,9.407657874560344e-05
2,0.1,50,87,tis,0.0011350176949482132
2,0.1,50,87,uniform,0.002139214175694374
2,0.1,50,88,complete_rollout,8.479694805580131e-05
2,0.1,50,88,tis,0.0010468983035543664
2,0.1,50,88,uniform,0.002633846470909273
2,0.1,50,89,complete_rollout,7.863286197841573e-05
2,0.1,50,89,tis,0.003029384239854544
2,0.1,50,89,uniform,0.0028956047856740787
2,0.1,50,90,complete_rollout,6.887536737348998e-05
2,0.1,50,90,tis,0.0009808840331904667
2,0.1,50,90,uniform,0.004336052863358052
2,0.1,50,91,complete_rollout,6.5226203931424e-05
2,0.1,50,91,tis,0.0011895059018213424
2,0.1,50,91,uniform,0.0022016261087558064
2,0.1,50,92,complete_rollout,5.0400469872111216e-05
2,0.1,50,92,tis,0.0030139442718376997
2,0.1,50,92,uniform,0.0023409717624210185
2,0.1,50,93,complete_rollout,5.6357609309742265e-05
2,0.1,50,93,tis,0.0018746031227578207
2,0.1,50,93,uniform,0.0018261952028530864
2,0.1,50,94,complete_rollout,8.833986899832874e-05
2,0.1,50,94,tis,0.0025253061843746997
2,0.1,50,94,uniform,0.005899902148398468
2,0.1,50,95,complete_rollout,5.3501966476501174e-05
2,0.1,50,95,tis,0.0015613560643199626
2,0.1,50,95,uniform,0.016663137940694878
2,0.1,50,96,complete_rollout,3.152242110338754e-05
2,0.1,50,96,tis,0.0026604921982743314
2,0.1,50,96,uniform,0.0027877263880427224
2,0.1,50,97,complete_rollout,3.757649703970434e-05
2,0.1,50,97,tis,0.001325873911365466
2,0.1,50,97,uniform,0.0006742808907446705
2,0.1,50,98,complete_rollout,8.586780174084375e-05
2,0.1,50,98,tis,0.004824377420384333
2,0.1,50,98,uniform,0.0015091659092848493
2,0.1,50,99,complete_rollout,9.057365141387948e-05
2,0.1,50,99,tis,0.0022426384506725383
2,0.1,50,99,uniform,0.011109833866722759
2,0.1,50,100,complete_rollout,7.943976479783594e-05
2,0.1,50,100,tis,0.0023935472019904996
2,0.1,50,100,uniform,0.001859240906167344
2,0.1,50,101,complete_rollout,3.807800468483096e-05
2,0.1,50,101,tis,0.0005027508523012728
2,0.1,50,101,uniform,0.007639877123574661
2,0.1,50,102,complete_rollout,8.625868948169988e-05
2,0.1,50,102,tis,0.001245921149078803
2,0.1,50,102,uniform,0.0013413406388911012
2,0.1,50,103,complete_rollout,7.254916642685828e-05
2,0.1,50,103,tis,0.001541264518375573
2,0.1,50,103,uniform,0.0010678869228870444
2,0.1,50,104,complete_rollout,4.9801847068361715e-05
2,0.1,50,104,tis,0.001955444687526342
2,0.1,50,104,uniform,0.00177895343904696
2,0.1,50,105,complete_rollout,3.701893847506283e-05
2,0.1,50,105,tis,0.0021365969530962644
2,0.1,50,105,uniform,0.0017466837982217894
2,0.1,50,106,complete_rollout,2.403329014164431e-05
2,0.1,50,106,tis,0.0007760779759590256
2,0.1,50,106,uniform,0.0013397370073700192
2,0.1,50,107,complete_rollout,7.476104116412532e-05
2,0.1,50,107,tis,0.0033728732502027784
2,0.1,50,107,uniform,0.0008497725497324014
2,0.1,50,108,complete_rollout,3.6668373508985245e-05
2,0.1,50,108,tis,0.0007986113382618821
2,0.1,50,108,uniform,0.0014056637201669895
2,0.1,50,109,complete_rollout,7.351149370177978e-05
2,0.1,50,109,tis,0.0012017582088036014
2,0.1,50,109,uniform,0.001693960123593191
2,0.1,50,110,complete_rollout,8.914688602529158e-05
2,0.1,50,110,tis,0.025278538951621164
2,0.1,50,110,uniform,0.011308107528436563
2,0.1,50,111,complete_rollout,6.984970781745988e-05
2,0.1,50,111,tis,0.0024590758449807492
2,0.1,50,111,uniform,0.0024128096570920523
2,0.1,50,112,complete_rollout,4.437041971783006e-05
2,0.1,50,112,tis,0.0011498956327008277
2,0.1,50,112,uniform,0.0035733463480675525
2,0.1,50,113,complete_rollout,4.597871743511674e-05
2,0.1,50,113,tis,0.0012167354367080712
2,0.1,50,113,uniform,0.0016741907126648012
2,0.1,50,114,complete_rollout,8.790611281720253e-05
2,0.1,50,114,tis,0.0013014282616297767
2,0.1,50,114,uniform,0.0022265398565795244
2,0.1,50,115,complete_rollout,7.74388496087673e-05
2,0.1,50,115,tis,0.001680868236992024
2,0.1,50,115,uniform,0.00104780652910075
2,0.1,50,116,complete_rollout,3.653304168979255e-05
2,0.1,50,116,tis,0.0012351456440530385
2,0.1,50,116,uniform,0.0027274960568105617
2,0.1,50,117,complete_rollout,4.7985371105162844e-05
2,0.1,50,117,tis,0.0017593268239501508
2,0.1,50,117,uniform,0.0020550983989153864
2,0.1,50,118,complete_rollout,5.9543571803252156e-05
2,0.1,50,118,tis,0.0010160634816823962
2,0.1,50,118,uniform,0.0031920356939747077
2,0.1,50,119,complete_rollout,6.634683932209127e-05
2,0.1,50,119,tis,0.0009988741828110082
2,0.1,50,119,uniform,0.002083458664342449
2,0.1,50,120,complete_rollout,5.297626985307117e-05
2,0.1,50,120,tis,0.0013797911264600954
2,0.1,50,120,uniform,0.0018555162929741217
2,0.1,50,121,complete_rollout,3.690311478467364e-05
2,0.1,50,121,tis,0.0025471642224369068
2,0.1,50,121,uniform,0.0020256952588880244
2,0.1,50,122,complete_rollout,6.514148994237647e-05
2,0.1,50,122,tis,0.0006022731067280003
2,0.1,50,122,uniform,0.001424551030762975
2,0.1,50,123,complete_rollout,8.348287858668761e-05
2,0.1,50,123,tis,0.0017624206304050474
2,0.1,50,123,uniform,0.0017096945586673594
2,0.1,50,124,complete_rollout,0.00011121241617299314
2,0.1,50,124,tis,0.002559238467686949
2,0.1,50,124,uniform,0.002206938985550121
2,0.1,50,125,complete_rollout,4.530799210456762e-05
2,0.1,50,125,tis,0.0015123864979714949
2,0.1,50,125,uniform,0.002084268769502117
2,0.1,50,126,complete_rollout,8.193781055709236e-05
2,0.1,50,126,tis,0.0014192556234074146
2,0.1,50,126,uniform,0.0009047551291773965
2,0.1,50,127,complete_rollout,0.00011411682577274412
2,0.1,50,127,tis,0.002493360410750028
2,0.1,50,127,uniform,0.0025560064783873467
2,0.1,50,128,complete_rollout,0.00012364285213920282
2,0.1,50,128,tis,0.0026777843236112883
2,0.1,50,128,uniform,0.001927335256727952
2,0.1,50,129,complete_rollout,4.0955641953446107e-05
2,0.1,50,129,tis,0.0014890592530417742
2,0.1,50,129,uniform,0.0021888811005962017
2,0.1,50,130,complete_rollout,3.609015960085674e-05
2,0.1,50,130,tis,0.002496781573041601
2,0.1,50,130,uniform,0.0028235755368785425
2,0.1,50,131,complete_rollout,4.4952691638132304e-05
2,0.1,50,131,tis,0.0008453760519007984
2,0.1,50,131,uniform,0.0024016532620978435
2,0.1,50,132,complete_rollout,4.9889629225734806e-05
2,0.1,50,132,tis,0.0025152419455860995
2,0.1,50,132,uniform,0.0025773616798213453
2,0.1,50,133,complete_rollout,4.866705689778209e-05
2,0.1,50,133,tis,0.0014261470931566523
2,0.1,50,133,uniform,0.002540094206525962
2,0.1,50,134,complete_rollout,7.311856908870578e-05
2,0.1,50,134,tis,0.0015837835023421302
2,0.1,50,134,uniform,0.0020030651015810527
2,0.1,50,135,complete_rollout,8.789314332949827e-05
2,0.1,50,135,tis,0.0020633279418825977
2,0.1,50,135,uniform,0.002001802704953637
2,0.1,50,136,complete_rollout,7.138110221943904e-05
2,0.1,50,136,tis,0.001652535525993894
2,0.1,50,136,uniform,0.0016208942198251328
2,0.1,50,137,complete_rollout,4.6000611901240235e-05
2,0.1,50,137,tis,0.0014128117951352254
2,0.1,50,137,uniform,0.002606402627106943
2,0.1,50,138,complete_rollout,4.217663008929604e-05
2,0.1,50,138,tis,0.0007493982837328524
2,0.1,50,138,uniform,0.002078493589488342
2,0.1,50,139,complete_rollout,4.753950381624888e-05
2,0.1,50,139,tis,0.0016434560202645669
2,0.1,50,139,uniform,0.003285890621903304
2,0.1,50,140,complete_rollout,6.225296976653159e-05
2,0.1,50,140,tis,0.002662623572881659
2,0.1,50,140,uniform,0.0015100918586898697
2,0.1,50,141,complete_rollout,8.998650729586199e-05
2,0.1,50,141,tis,0.0024314305474676806
2,0.1,50,141,uniform,0.0034130016979455266
2,0.1,50,142,complete_rollout,6.341649210660746e-05
2,0.1,50,142,tis,0.0029556073432984494
2,0.1,50,142,uniform,0.002658557267527844
2,0.1,50,143,complete_rollout,5.758766861521054e-05
2,0.1,50,143,tis,0.0007678703489628272
2,0.1,50,143,uniform,0.0022867105563430844
2,0.1,50,144,complete_rollout,2.9678941624330113e-05
2,0.1,50,144,tis,0.003169816065706774
2,0.1,50,144,uniform,0.00406353263864217
2,0.1,50,145,complete_rollout,6.494105316739413e-05
2,0.1,50,145,tis,0.0018962467428582648
2,0.1,50,145,uniform,0.002329899286745744
2,0.1,50,146,complete_rollout,0.0001141511666822258
2,0.1,50,146,tis,0.001909802623096573
2,0.1,50,146,uniform,0.0023404798596255412
2,0.1,50,147,complete_rollout,0.00014308395960882433
2,0.1,50,147,tis,0.0024184099687186017
2,0.1,50,147,uniform,0.003347832681730379
2,0.1,50,148,complete_rollout,5.7228749811243126e-05
2,0.1,50,148,tis,0.001651484528414862
2,0.1,50,148,uniform,0.002153019616641188
2,0.1,50,149,complete_rollout,4.265315052656442e-05
2,0.1,50,149,tis,0.002214756297299459
2,0.1,50,149,uniform,0.0017672249076895689
2,0.1,50,150,complete_rollout,4.793777528001403e-05
2,0.1,50,150,tis,0.0011809040205609765
2,0.1,50,150,uniform,0.0015532413746722105
2,0.1,50,151,complete_rollout,9.583795405199996e-05
2,0.1,50,151,tis,0.0012259603514733562
2,0.1,50,151,uniform,0.0009488531996737984
2,0.1,50,152,complete_rollout,6.34042910277763e-05
2,0.1,50,152,tis,0.0013207112959247591
2,0.1,50,152,uniform,0.0016481823898090106
2,0.1,50,153,complete_rollout,5.652361995275148e-05
2,0.1,50,153,tis,0.0010303385529524694
2,0.1,50,153,uniform,0.00902473014520451
2,0.1,50,154,complete_rollout,9.263647255841426e-05
2,0.1,50,154,tis,0.0007695155420610301
2,0.1,50,154,uniform,0.0019971402143733525
2,0.1,50,155,complete_rollout,8.33483323068216e-05
2,0.1,50,155,tis,0.002233761542605703
2,0.1,50,155,uniform,0.005053462193825629
2,0.1,50,156,complete_rollout,5.250906232486254e-05
2,0.1,50,156,tis,0.0009955841592261447
2,0.1,50,156,uniform,0.004190640777552096
2,0.1,50,157,complete_rollout,7.336616590876683e-05
2,0.1,50,157,tis,0.0013984502068109018
2,0.1,50,157,uniform,0.003176902334668475
2,0.1,50,158,complete_rollout,5.230200069478042e-05
2,0.1,50,158,tis,0.0009590401769363925
2,0.1,50,158,uniform,0.0027702883884199244
2,0.1,50,159,complete_rollout,5.1414544851637385e-05
2,0.1,50,159,tis,0.0020129559071681196
2,0.1,50,159,uniform,0.0035907498959765784
2,0.1,50,160,complete_rollout,3.0318159153516412e-05
2,0.1,50,160,tis,0.0022501407073510366
2,0.1,50,160,uniform,0.0021416026120956297
2,0.1,50,161,complete_rollout,3.4041860931581446e-05
2,0.1,50,161,tis,0.00140234460224768
2,0.1,50,161,uniform,0.003054774484500782
2,0.1,50,162,complete_rollout,4.855770263434972e-05
2,0.1,50,162,tis,0.0021961107099821905
2,0.1,50,162,uniform,0.0017588839489317918
2,0.1,50,163,complete_rollout,5.761257607145709e-05
2,0.1,50,163,tis,0.002084784661930802
2,0.1,50,163,uniform,0.0020147744378718364
2,0.1,50,164,complete_rollout,5.1398692196497384e-05
2,0.1,50,164,tis,0.0008932182376233519
2,0.1,50,164,uniform,0.0020376670679155408
2,0.1,50,165,complete_rollout,0.00013520308097982414
2,0.1,50,165,tis,0.001843662711307715
2,0.1,50,165,uniform,0.0013247458434314668
2,0.1,50,166,complete_rollout,0.00010633628606831039
2,0.1,50,166,tis,0.0017691985996432637
2,0.1,50,166,uniform,0.0018303635713707816
2,0.1,50,167,complete_rollout,8.274637822708637e-05
2,0.1,50,167,tis,0.0023058788873518434
2,0.1,50,167,uniform,0.003668789875097603
2,0.1,50,168,complete_rollout,8.423817605357278e-05
2,0.1,50,168,tis,0.0018097894015819892
2,0.1,50,168,uniform,0.0015409068155340841
2,0.1,50,169,complete_rollout,0.00010367015666068708
2,0.1,50,169,tis,0.0020409732178316288
2,0.1,50,169,uniform,0.005043802350600512
2,0.1,50,170,complete_rollout,6.846446882899021e-05
2,0.1,50,170,tis,0.004123985368775055
2,0.1,50,170,uniform,0.0037388090219703505
2,0.1,50,171,complete_rollout,5.570540346630494e-05
2,0.1,50,171,tis,0.002051464802862459
2,0.1,50,171,uniform,0.0019154152908546721
2,0.1,50,172,complete_rollout,4.802961120268855e-05
2,0.1,50,172,tis,0.0018278164554460469
2,0.1,50,172,uniform,0.0027211280940715827
2,0.1,50,173,complete_rollout,5.187716831361054e-05
2,0.1,50,173,tis,0.0015049435619261431
2,0.1,50,173,uniform,0.004103451420904595
2,0.1,50,174,complete_rollout,4.8733144339387796e-05
2,0.1,50,174,tis,0.0012560260623056907
2,0.1,50,174,uniform,0.0009134584587045647
2,0.1,50,175,complete_rollout,7.085615987853022e-05
2,0.1,50,175,tis,0.0013030405883618723
2,0.1,50,175,uniform,0.0024314719557525714
2,0.1,50,176,complete_rollout,7.850192298485368e-05
2,0.1,50,176,tis,0.0020288606391160808
2,0.1,50,176,uniform,0.0014394721685002537
2,0.1,50,177,complete_rollout,7.568095767546986e-05
2,0.1,50,177,tis,0.0010788800546627493
2,0.1,50,177,uniform,0.0012785719367440834
2,0.1,50,178,complete_rollout,4.68664069752569e-05
2,0.1,50,178,tis,0.0023403619503542467
2,0.1,50,178,uniform,0.001689253818427305
2,0.1,50,179,complete_rollout,7.390300780349606e-05
2,0.1,50,179,tis,0.0010187580135659052
2,0.1,50,179,uniform,0.0013359418626934711
2,0.1,50,180,complete_rollout,6.760154020955159e-05
2,0.1,50,180,tis,0.0009912406066554175
2,0.1,50,180,uniform,0.001264678913714294
2,0.1,50,181,complete_rollout,3.458050078339355e-05
2,0.1,50,181,tis,0.0011633031865863602
2,0.1,50,181,uniform,0.0011088453349914096
2,0.1,50,182,complete_rollout,5.441321789191371e-05
2,0.1,50,182,tis,0.0006019393109750538
2,0.1,50,182,uniform,0.001339433479714618
2,0.1,50,183,complete_rollout,0.00011733827484556569
2,0.1,50,183,tis,0.0012315777369857497
2,0.1,50,183,uniform,0.0027492717834364058
2,0.1,50,184,complete_rollout,3.612878976433862e-05
2,0.1,50,184,tis,0.001559360281919154
2,0.1,50,184,uniform,0.0013937909935833697
2,0.1,50,185,complete_rollout,5.493719521303108e-05
2,0.1,50,185,tis,0.000914382309742042
2,0.1,50,185,uniform,0.0009194577733860971
2,0.1,50,186,complete_rollout,7.669553927983945e-05
2,0.1,50,186,tis,0.001560906719118086
2,0.1,50,186,uniform,0.002205602202013832
2,0.1,50,187,complete_rollout,6.992854391021451e-05
2,0.1,50,187,tis,0.0007456881611085009
2,0.1,50,187,uniform,0.0014425338034708295
2,0.1,50,188,complete_rollout,2.2261466060106583e-05
2,0.1,50,188,tis,0.0014337833171517483
2,0.1,50,188,uniform,0.001761008448777617
2,0.1,50,189,complete_rollout,7.632948455345841e-05
2,0.1,50,189,tis,0.0038854953848519317
2,0.1,50,189,uniform,0.0027879233287569716
2,0.1,50,190,complete_rollout,4.1724527020931625e-05
2,0.1,50,190,tis,0.0007351279340564465
2,0.1,50,190,uniform,0.0017245323583337472
2,0.1,50,191,complete_rollout,2.8222181861420012e-05
2,0.1,50,191,tis,0.0034918493518029804
2,0.1,50,191,uniform,0.0029098813499259485
2,0.1,50,192,complete_rollout,9.610425430980447e-05
2,0.1,50,192,tis,0.0025361332809395
2,0.1,50,192,uniform,0.0014223812028018366
2,0.1,50,193,complete_rollout,5.787869737690244e-05
2,0.1,50,193,tis,0.0004221800416486376
2,0.1,50,193,uniform,0.0010001359592928685
2,0.1,50,194,complete_rollout,6.687537254702677e-05
2,0.1,50,194,tis,0.0011833220137910227
2,0.1,50,194,uniform,0.0026818003602154575
2,0.1,50,195,complete_rollout,3.4907394097544545e-05
2,0.1,50,195,tis,0.0008241219288346232
2,0.1,50,195,uniform,0.001565598364271173
2,0.1,50,196,complete_rollout,3.0909915944145486e-05
2,0.1,50,196,tis,0.0006275224728663816
2,0.1,50,196,uniform,0.0039325368959317345
2,0.1,50,197,complete_rollout,9.440833731700596e-05
2,0.1,50,197,tis,0.0014889681247171544
2,0.1,50,197,uniform,0.0016187943225467322
2,0.1,50,198,complete_rollout,0.00010828354221510233
2,0.1,50,198,tis,0.001300778698438307
2,0.1,50,198,uniform,0.0019326640340442344
2,0.1,50,199,complete_rollout,3.244193208825897e-05
2,0.1,50,199,tis,0.002823059882250275
2,0.1,50,199,uniform,0.0026326831934097043
2,0.1,50,200,complete_rollout,9.170986959846791e-05
2,0.1,50,200,tis,0.0007242353860528985
2,0.1,50,200,uniform,0.000744747038009101
2,0.1,50,201,complete_rollout,5.1026114874832644e-05
2,0.1,50,201,tis,0.004219609342547667
2,0.1,50,201,uniform,0.0046792161264173305
2,0.1,50,202,complete_rollout,8.615149251361326e-05
2,0.1,50,202,tis,0.0013432571003900496
2,0.1,50,202,uniform,0.0005302714364988663
2,0.1,50,203,complete_rollout,0.00010099683572383262
2,0.1,50,203,tis,0.0051663845063091495
2,0.1,50,203,uniform,0.002479026766958934
2,0.1,50,204,complete_rollout,5.362723111775513e-05
2,0.1,50,204,tis,0.000975609202210409
2,0.1,50,204,uniform,0.0018620625665401525
2,0.1,50,205,complete_rollout,0.00010861205116057409
2,0.1,50,205,tis,0.0015643123788217752
2,0.1,50,205,uniform,0.0025346112971580473
2,0.1,50,206,complete_rollout,4.8200842368508774e-05
2,0.1,50,206,tis,0.0009735239615048484
2,0.1,50,206,uniform,0.0013684853739414095
2,0.1,50,207,complete_rollout,3.9745612051426664e-05
2,0.1,50,207,tis,0.0014456536096241438
2,0.1,50,207,uniform,0.0012783832483494856
2,0.1,50,208,complete_rollout,7.920792481582905e-05
2,0.1,50,208,tis,0.0007776392287484781
2,0.1,50,208,uniform,0.002906127122437684
2,0.1,50,209,complete_rollout,5.7656279299127715e-05
2,0.1,50,209,tis,0.0015286098540574675
2,0.1,50,209,uniform,0.002594511037473846
2,0.1,50,210,complete_rollout,0.00010786098287004181
2,0.1,50,210,tis,0.000720146961090892
2,0.1,50,210,uniform,0.0016959166902362625
2,0.1,50,211,complete_rollout,5.440887617723358e-05
2,0.1,50,211,tis,0.0015810944364074697
2,0.1,50,211,uniform,0.0007403259493746584
2,0.1,50,212,complete_rollout,0.0001495708787680003
2,0.1,50,212,tis,0.003504231432603161
2,0.1,50,212,uniform,0.0021646491051247325
2,0.1,50,213,complete_rollout,6.716012303673817e-05
2,0.1,50,213,tis,0.0009753940273699236
2,0.1,50,213,uniform,0.0019210282344148796
2,0.1,50,214,complete_rollout,5.312943583169924e-05
2,0.1,50,214,tis,0.004818066094486645
2,0.1,50,214,uniform,0.006358640510759831
2,0.1,50,215,complete_rollout,5.493085423560613e-05
2,0.1,50,215,tis,0.0014465388005261343
2,0.1,50,215,uniform,0.0019939998164166073
2,0.1,50,216,complete_rollout,9.469676421133708e-05
2,0.1,50,216,tis,0.0014503283513773173
2,0.1,50,216,uniform,0.0022450966073526185
2,0.1,50,217,complete_rollout,8.335443452276812e-05
2,0.1,50,217,tis,0.001768519017071827
2,0.1,50,217,uniform,0.001865645306637338
2,0.1,50,218,complete_rollout,5.539612312186967e-05
2,0.1,50,218,tis,0.001363835264994794
2,0.1,50,218,uniform,0.003171007583376326
2,0.1,50,219,complete_rollout,8.98710953966971e-05
2,0.1,50,219,tis,0.00107955816557666
2,0.1,50,219,uniform,0.002502415426586234
2,0.1,50,220,complete_rollout,5.117878828654595e-05
2,0.1,50,220,tis,0.0008508252937861758
2,0.1,50,220,uniform,0.001020613792975622
2,0.1,50,221,complete_rollout,5.3978455510734354e-05
2,0.1,50,221,tis,0.0030749614836998312
2,0.1,50,221,uniform,0.002356837213096809
2,0.1,50,222,complete_rollout,0.00017387402091822976
2,0.1,50,222,tis,0.0017149358004500703
2,0.1,50,222,uniform,0.003375754404184802
2,0.1,50,223,complete_rollout,7.215604596769615e-05
2,0.1,50,223,tis,0.0018799796481046786
2,0.1,50,223,uniform,0.0019417497938408036
2,0.1,50,224,complete_rollout,0.00010233991669239747
2,0.1,50,224,tis,0.0007876987189924678
2,0.1,50,224,uniform,0.002407762023270919
2,0.1,50,225,complete_rollout,6.0936457235736456e-05
2,0.1,50,225,tis,0.0017074222318414758
2,0.1,50,225,uniform,0.0038572252513674873
2,0.1,50,226,complete_rollout,5.2402655206868765e-05
2,0.1,50,226,tis,0.0021460782536154087
2,0.1,50,226,uniform,0.0016027053311744026
2,0.1,50,227,complete_rollout,7.928892379430554e-05
2,0.1,50,227,tis,0.0016698851894971355
2,0.1,50,227,uniform,0.0020693899610651316
2,0.1,50,228,complete_rollout,4.708453419113528e-05
2,0.1,50,228,tis,0.0032885561043926987
2,0.1,50,228,uniform,0.004680661385710849
2,0.1,50,229,complete_rollout,5.821392174242085e-05
2,0.1,50,229,tis,0.0015213996337535096
2,0.1,50,229,uniform,0.002558191540166844
2,0.1,50,230,complete_rollout,0.00010873462297212378
2,0.1,50,230,tis,0.0043810120634390345
2,0.1,50,230,uniform,0.002190676995344024
2,0.1,50,231,complete_rollout,4.049340753665344e-05
2,0.1,50,231,tis,0.002932859718385481
2,0.1,50,231,uniform,0.003752719391003524
2,0.1,50,232,complete_rollout,4.472185265972876e-05
2,0.1,50,232,tis,0.0011026215617709711
2,0.1,50,232,uniform,0.0016859696810717255
2,0.1,50,233,complete_rollout,6.759368667856629e-05
2,0.1,50,233,tis,0.0011718480409654568
2,0.1,50,233,uniform,0.0018746799727012854
2,0.1,50,234,complete_rollout,4.390681613599303e-05
2,0.1,50,234,tis,0.0025773435091817286
2,0.1,50,234,uniform,0.0031221429518251426
2,0.1,50,235,complete_rollout,5.6469182098848734e-05
2,0.1,50,235,tis,0.002379426583134402
2,0.1,50,235,uniform,0.0017081949747103516
2,0.1,50,236,complete_rollout,5.5518102872178555e-05
2,0.1,50,236,tis,0.0018544980543256223
2,0.1,50,236,uniform,0.001718430996757441
2,0.1,50,237,complete_rollout,5.5417317475538454e-05
2,0.1,50,237,tis,0.0018674474867294807
2,0.1,50,237,uniform,0.0022385958347931134
2,0.1,50,238,complete_rollout,5.7382450555280355e-05
2,0.1,50,238,tis,0.0006412463027155492
2,0.1,50,238,uniform,0.0018152937385081662
2,0.1,50,239,complete_rollout,2.1665326898096574e-05
2,0.1,50,239,tis,0.0020257611937569164
2,0.1,50,239,uniform,0.0011195071192471075
2,0.1,50,240,complete_rollout,9.177371763195621e-05
2,0.1,50,240,tis,0.001717010329162385
2,0.1,50,240,uniform,0.0024784861930100778
2,0.1,50,241,complete_rollout,0.00010383746703283222
2,0.1,50,241,tis,0.001427358330546365
2,0.1,50,241,uniform,0.0032341668809889985
2,0.1,50,242,complete_rollout,6.200315638016727e-05
2,0.1,50,242,tis,0.0023511310992353662
2,0.1,50,242,uniform,0.0013452886314606403
2,0.1,50,243,complete_rollout,4.606665785511233e-05
2,0.1,50,243,tis,0.0016511717342793345
2,0.1,50,243,uniform,0.0011261257185857974
2,0.1,50,244,complete_rollout,6.536699507173471e-05
2,0.1,50,244,tis,0.001266289335741964
2,0.1,50,244,uniform,0.0038675785560095977
2,0.1,50,245,complete_rollout,4.9880244955243206e-05
2,0.1,50,245,tis,0.004434509968810203
2,0.1,50,245,uniform,0.004763107045330925
2,0.1,50,246,complete_rollout,0.0001221797671518846
2,0.1,50,246,tis,0.0035163874288124614
2,0.1,50,246,uniform,0.00304893429327022
2,0.1,50,247,complete_rollout,4.559423223487272e-05
2,0.1,50,247,tis,0.0023540548616159188
2,0.1,50,247,uniform,0.001133536263222024
2,0.1,50,248,complete_rollout,7.330827578646507e-05
2,0.1,50,248,tis,0.0031971324567378065
2,0.1,50,248,uniform,0.002150618006124209
2,0.1,50,249,complete_rollout,3.8652750772192206e-05
2,0.1,50,249,tis,0.0019666930327277335
2,0.1,50,249,uniform,0.002442139248691184
2,0.1,50,250,complete_rollout,5.76085805405435e-05
2,0.1,50,250,tis,0.000420816022197116
2,0.1,50,250,uniform,0.0007543207938066488
2,0.1,50,251,complete_rollout,7.564353284229228e-05
2,0.1,50,251,tis,0.00407215581970958
2,0.1,50,251,uniform,0.003067343111955954
2,0.1,50,252,complete_rollout,6.647381369349397e-05
2,0.1,50,252,tis,0.0018783211528658704
2,0.1,50,252,uniform,0.0026871192058997603
2,0.1,50,253,complete_rollout,3.572514685064959e-05
2,0.1,50,253,tis,0.003123114781373277
2,0.1,50,253,uniform,0.0017303137431757204
2,0.1,50,254,complete_rollout,5.4218713317271124e-05
2,0.1,50,254,tis,0.001189645622537679
2,0.1,50,254,uniform,0.0017119565784777327
2,0.1,50,255,complete_rollout,5.675831980077639e-05
2,0.1,50,255,tis,0.0008482931221700524
2,0.1,50,255,uniform,0.0014061320417614088
2,0.1,50,256,complete_rollout,5.54397566760962e-05
2,0.1,50,256,tis,0.001574004052537292
2,0.1,50,256,uniform,0.001336419300736489
2,0.1,50,257,complete_rollout,4.8591069455040226e-05
2,0.1,50,257,tis,0.00451985268422227
2,0.1,50,257,uniform,0.002139738912253988
2,0.1,50,258,complete_rollout,5.900863394242869e-05
2,0.1,50,258,tis,0.0015310426135667532
2,0.1,50,258,uniform,0.003835856381108981
2,0.1,50,259,complete_rollout,5.2436647687952876e-05
2,0.1,50,259,tis,0.002463359820691988
2,0.1,50,259,uniform,0.0015253279008335986
2,0.1,50,260,complete_rollout,5.0844446698183044e-05
2,0.1,50,260,tis,0.0006365287509448727
2,0.1,50,260,uniform,0.0008963865211347917
2,0.1,50,261,complete_rollout,8.845537806633089e-05
2,0.1,50,261,tis,0.0013881603816528073
2,0.1,50,261,uniform,0.0014563417059699256
2,0.1,50,262,complete_rollout,0.00010086412418296465
2,0.1,50,262,tis,0.002074808761278261
2,0.1,50,262,uniform,0.0022918195530324172
2,0.1,50,263,complete_rollout,9.707886875650396e-05
2,0.1,50,263,tis,0.0007700397865879894
2,0.1,50,263,uniform,0.0018816875195422553
2,0.1,50,264,complete_rollout,4.51184982036468e-05
2,0.1,50,264,tis,0.002296392722075306
2,0.1,50,264,uniform,0.0024614826927010446
2,0.1,50,265,complete_rollout,6.158337617785808e-05
2,0.1,50,265,tis,0.0008897333354666587
2,0.1,50,265,uniform,0.0019787863555351193
2,0.1,50,266,complete_rollout,2.8380598794210477e-05
2,0.1,50,266,tis,0.0018741658555238348
2,0.1,50,266,uniform,0.002141213878362867
2,0.1,50,267,complete_rollout,9.931534335381734e-05
2,0.1,50,267,tis,0.0017575454039206041
2,0.1,50,267,uniform,0.0013212189741854783
2,0.1,50,268,complete_rollout,3.9817464834348864e-05
2,0.1,50,268,tis,0.002257558083963358
2,0.1,50,268,uniform,0.002298783849023557
2,0.1,50,269,complete_rollout,6.74124580690988e-05
2,0.1,50,269,tis,0.001400227136159392
2,0.1,50,269,uniform,0.0018169957140733693
2,0.1,50,270,complete_rollout,7.67114163406281e-05
2,0.1,50,270,tis,0.014483566152495077
2,0.1,50,270,uniform,0.013939790559260534
2,0.1,50,271,complete_rollout,6.689262297586712e-05
2,0.1,50,271,tis,0.002710062086155977
2,0.1,50,271,uniform,0.003066002752443444
2,0.1,50,272,complete_rollout,9.939284929266621e-05
2,0.1,50,272,tis,0.001709733237801269
2,0.1,50,272,uniform,0.00230091025502019
2,0.1,50,273,complete_rollout,5.7255286027584735e-05
2,0.1,50,273,tis,0.0004692248722393396
2,0.1,50,273,uniform,0.0014549196814337279
2,0.1,50,274,complete_rollout,4.521254264182748e-05
2,0.1,50,274,tis,0.0020555496192000114
2,0.1,50,274,uniform,0.0020487323559311823
2,0.1,50,275,complete_rollout,7.396833334230747e-05
2,0.1,50,275,tis,0.0012917768956549529
2,0.1,50,275,uniform,0.001848448257601086
2,0.1,50,276,complete_rollout,4.912646315916706e-05
2,0.1,50,276,tis,0.002397748277318876
2,0.1,50,276,uniform,0.005015136684475951
2,0.1,50,277,complete_rollout,3.621392305621137e-05
2,0.1,50,277,tis,0.002624819070874384
2,0.1,50,277,uniform,0.0037326057160147787
2,0.1,50,278,complete_rollout,5.992926188619976e-05
2,0.1,50,278,tis,0.000996516912140602
2,0.1,50,278,uniform,0.003374841271433683
2,0.1,50,279,complete_rollout,6.186845499940738e-05
2,0.1,50,279,tis,0.0015156889753902695
2,0.1,50,279,uniform,0.001643099888018645
2,0.1,50,280,complete_rollout,5.090986664533323e-05
2,0.1,50,280,tis,0.0008881267085748007
2,0.1,50,280,uniform,0.0020787626480578514
2,0.1,50,281,complete_rollout,3.117508627719356e-05
2,0.1,50,281,tis,0.0019432246248917834
2,0.1,50,281,uniform,0.012606686465927648
2,0.1,50,282,complete_rollout,6.679682633202208e-05
2,0.1,50,282,tis,0.0014482144277632486
2,0.1,50,282,uniform,0.0007229229146211505
2,0.1,50,283,complete_rollout,7.241993899020574e-05
2,0.1,50,283,tis,0.0005162630524487056
2,0.1,50,283,uniform,0.0014532715936847707
2,0.1,50,284,complete_rollout,6.0261691602269165e-05
2,0.1,50,284,tis,0.0012573342727714336
2,0.1,50,284,uniform,0.0027009790062327626
2,0.1,50,285,complete_rollout,9.23532191909107e-05
2,0.1,50,285,tis,0.001761311423044977
2,0.1,50,285,uniform,0.0023122777739153604
2,0.1,50,286,complete_rollout,0.00010843207364155971
2,0.1,50,286,tis,0.0013921567813613936
2,0.1,50,286,uniform,0.0013734611743350291
2,0.1,50,287,complete_rollout,5.852933945201021e-05
2,0.1,50,287,tis,0.0023390940459359485
2,0.1,50,287,uniform,0.004648196478948519
2,0.1,50,288,complete_rollout,6.092059968039423e-05
2,0.1,50,288,tis,0.0018545031440079143
2,0.1,50,288,uniform,0.003164342978456704
2,0.1,50,289,complete_rollout,6.635836133471644e-05
2,0.1,50,289,tis,0.0013624589499626218
2,0.1,50,289,uniform,0.0023417901480329195
2,0.1,50,290,complete_rollout,4.078990926118028e-05
2,0.1,50,290,tis,0.002925810784222107
2,0.1,50,290,uniform,0.002564663347983329
2,0.1,50,291,complete_rollout,5.080760230162718e-05
2,0.1,50,291,tis,0.002057424064270664
2,0.1,50,291,uniform,0.0060389635553720735
2,0.1,50,292,complete_rollout,6.746241062111789e-05
2,0.1,50,292,tis,0.0012837455485553554
2,0.1,50,292,uniform,0.002111924470797915
2,0.1,50,293,complete_rollout,5.251621895294133e-05
2,0.1,50,293,tis,0.0006919581342301548
2,0.1,50,293,uniform,0.0015654119945527135
2,0.1,50,294,complete_rollout,4.5739407524440175e-05
2,0.1,50,294,tis,0.0015276825184470668
2,0.1,50,294,uniform,0.0016985382474087774
2,0.1,50,295,complete_rollout,4.0843897244253486e-05
2,0.1,50,295,tis,0.0027391714463542768
2,0.1,50,295,uniform,0.00317382579046649
2,0.1,50,296,complete_rollout,6.048764833761718e-05
2,0.1,50,296,tis,0.0029355087701214626
2,0.1,50,296,uniform,0.0020657692027144206
2,0.1,50,297,complete_rollout,3.989315229802958e-05
2,0.1,50,297,tis,0.001564129492758824
2,0.1,50,297,uniform,0.0024335028539167435
2,0.1,50,298,complete_rollout,4.4961412705398995e-05
2,0.1,50,298,tis,0.002563240675091451
2,0.1,50,298,uniform,0.001657676538067114
2,0.1,50,299,complete_rollout,8.623967968073751e-05
2,0.1,50,299,tis,0.0013837354823787616
2,0.1,50,299,uniform,0.0020000781256792797
2,0.1,100,0,complete_rollout,4.497497396810392e-05
2,0.1,100,0,tis,0.0006656894848573165
2,0.1,100,0,uniform,0.0009713159843339281
2,0.1,100,1,complete_rollout,3.077771120981313e-05
2,0.1,100,1,tis,0.0013226754164365336
2,0.1,100,1,uniform,0.0015623444839802964
2,0.1,100,2,complete_rollout,2.5032805009787604e-05
2,0.1,100,2,tis,0.00033518439707676094
2,0.1,100,2,uniform,0.0006458436431044851
2,0.1,100,3,complete_rollout,6.612073175710284e-05
2,0.1,100,3,tis,0.0006663888299102736
2,0.1,100,3,uniform,0.0005651673401641686
2,0.1,100,4,complete_rollout,5.625948976573001e-05
2,0.1,100,4,tis,0.0017693415762516911
2,0.1,100,4,uniform,0.00128004598184034
2,0.1,100,5,complete_rollout,2.5208544288633793e-05
2,0.1,100,5,tis,0.001433963942017464
2,0.1,100,5,uniform,0.001949356542913918
2,0.1,100,6,complete_rollout,1.921250267522966e-05
2,0.1,100,6,tis,0.0010050320984266216
2,0.1,100,6,uniform,0.0024231214396966015
2,0.1,100,7,complete_rollout,3.4258334702079464e-05
2,0.1,100,7,tis,0.0018350220047046598
2,0.1,100,7,uniform,0.0015730878511040797
2,0.1,100,8,complete_rollout,1.9307204939960598e-05
2,0.1,100,8,tis,0.0017158048703226551
2,0.1,100,8,uniform,0.003138062752172356
2,0.1,100,9,complete_rollout,3.368524304011767e-05
2,0.1,100,9,tis,0.00037032385180267265
2,0.1,100,9,uniform,0.0008878556571675373
2,0.1,100,10,complete_rollout,1.578737661039311e-05
2,0.1,100,10,tis,0.0007628647009817445
2,0.1,100,10,uniform,0.00132718941088612
2,0.1,100,11,complete_rollout,1.8304469666939186e-05
2,0.1,100,11,tis,0.000722069106578902
2,0.1,100,11,uniform,0.0019170414757464771
2,0.1,100,12,complete_rollout,2.1939693782851347e-05
2,0.1,100,12,tis,0.0005273271845291776
2,0.1,100,12,uniform,0.002729847411153321
2,0.1,100,13,complete_rollout,3.452094240327903e-05
2,0.1,100,13,tis,0.0013234185519338617
2,0.1,100,13,uniform,0.001149006686931742
2,0.1,100,14,complete_rollout,1.890326206151818e-05
2,0.1,100,14,tis,0.0005034592415529354
2,0.1,100,14,uniform,0.0013620277878873162
2,0.1,100,15,complete_rollout,2.233003277401983e-05
2,0.1,100,15,tis,0.0014916966382766126
2,0.1,100,15,uniform,0.0013745482835243366
2,0.1,100,16,complete_rollout,2.209129007253057e-05
2,0.1,100,16,tis,0.0007578281220662387
2,0.1,100,16,uniform,0.0008516417608603399
2,0.1,100,17,complete_rollout,3.8856256377622334e-05
2,0.1,100,17,tis,0.0009494336577959288
2,0.1,100,17,uniform,0.0017108807079439054
2,0.1,100,18,complete_rollout,4.420853705857119e-05
2,0.1,100,18,tis,0.0007761903256039409
2,0.1,100,18,uniform,0.0005484398211001372
2,0.1,100,19,complete_rollout,3.198941107629081e-05
2,0.1,100,19,tis,0.0013052329350595692
2,0.1,100,19,uniform,0.0014716974072371436
2,0.1,100,20,complete_rollout,2.3937855261904444e-05
2,0.1,100,20,tis,0.000361814862606702
2,0.1,100,20,uniform,0.00153468695187337
2,0.1,100,21,complete_rollout,3.243166636842153e-05
2,0.1,100,21,tis,0.0004359592546238366
2,0.1,100,21,uniform,0.0007342566531798618
2,0.1,100,22,complete_rollout,3.2896026466174275e-05
2,0.1,100,22,tis,0.0004588658324232411
2,0.1,100,22,uniform,0.0013121069884370847
2,0.1,100,23,complete_rollout,4.0812121650469715e-05
2,0.1,100,23,tis,0.0003593395289507291
2,0.1,100,23,uniform,0.001431531175083152
2,0.1,100,24,complete_rollout,3.67591019121727e-05
2,0.1,100,24,tis,0.0006275148311117794
2,0.1,100,24,uniform,0.0005854929853785388
2,0.1,100,25,complete_rollout,3.586729827459828e-05
2,0.1,100,25,tis,0.0004510408286454998
2,0.1,100,25,uniform,0.0014800218201892377
2,0.1,100,26,complete_rollout,1.9870559278322474e-05
2,0.1,100,26,tis,0.0003893551323259626
2,0.1,100,26,uniform,0.0010405412506913005
2,0.1,100,27,complete_rollout,1.8532484475762274e-05
2,0.1,100,27,tis,0.0003768062078147595
2,0.1,100,27,uniform,0.0011031107057771052
2,0.1,100,28,complete_rollout,3.1781427334246513e-05
2,0.1,100,28,tis,0.00027096577212643995
2,0.1,100,28,uniform,0.0005619305602101363
2,0.1,100,29,complete_rollout,1.416866506582307e-05
2,0.1,100,29,tis,0.0007440497709395045
2,0.1,100,29,uniform,0.0006506519260005892
2,0.1,100,30,complete_rollout,2.8116564828908888e-05
2,0.1,100,30,tis,0.0010509143968972922
2,0.1,100,30,uniform,0.0007887032792910306
2,0.1,100,31,complete_rollout,2.6492102243967903e-05
2,0.1,100,31,tis,0.0004935095240738362
2,0.1,100,31,uniform,0.0005209015492993472
2,0.1,100,32,complete_rollout,2.475295237436614e-05
2,0.1,100,32,tis,0.00026809063252560835
2,0.1,100,32,uniform,0.0008551911228850506
2,0.1,100,33,complete_rollout,2.2321768364581964e-05
2,0.1,100,33,tis,0.001046509069790917
2,0.1,100,33,uniform,0.0010393014964182417
2,0.1,100,34,complete_rollout,2.4893430603431872e-05
2,0.1,100,34,tis,0.002577064373545935
2,0.1,100,34,uniform,0.000981971015600973
2,0.1,100,35,complete_rollout,3.5912899710884676e-05
2,0.1,100,35,tis,0.0010706267467969078
2,0.1,100,35,uniform,0.0017958134418399033
2,0.1,100,36,complete_rollout,2.72648962424951e-05
2,0.1,100,36,tis,0.0007294730588137586
2,0.1,100,36,uniform,0.0004960801186613499
2,0.1,100,37,complete_rollout,1.5981710548146276e-05
2,0.1,100,37,tis,0.00037189348824030277
2,0.1,100,37,uniform,0.0007731492196519769
2,0.1,100,38,complete_rollout,1.5752089150641572e-05
2,0.1,100,38,tis,0.0008165856782203847
2,0.1,100,38,uniform,0.001472043763985839
2,0.1,100,39,complete_rollout,3.0997707000901516e-05
2,0.1,100,39,tis,0.0008622906535429196
2,0.1,100,39,uniform,0.0007061552039193109
2,0.1,100,40,complete_rollout,1.0283081729550892e-05
2,0.1,100,40,tis,0.0002874210563444969
2,0.1,100,40,uniform,0.0008243620073378409
2,0.1,100,41,complete_rollout,2.939452277449075e-05
2,0.1,100,41,tis,0.0010256631129119658
2,0.1,100,41,uniform,0.0014264335676736676
2,0.1,100,42,complete_rollout,3.638781732068022e-05
2,0.1,100,42,tis,0.002465901389501374
2,0.1,100,42,uniform,0.0024241781617665792
2,0.1,100,43,complete_rollout,4.199466233823705e-05
2,0.1,100,43,tis,0.0013084352592272405
2,0.1,100,43,uniform,0.0003291246616401976
2,0.1,100,44,complete_rollout,1.7919542754165327e-05
2,0.1,100,44,tis,0.00013401351971608142
2,0.1,100,44,uniform,0.0008728024296098525
2,0.1,100,45,complete_rollout,2.034135182278906e-05
2,0.1,100,45,tis,0.0008831268132104907
2,0.1,100,45,uniform,0.0007083636337757965
2,0.1,100,46,complete_rollout,2.7394151518870552e-05
2,0.1,100,46,tis,0.0010846128592655214
2,0.1,100,46,uniform,0.0005714325422167172
2,0.1,100,47,complete_rollout,2.1508450028801277e-05
2,0.1,100,47,tis,0.001008715670187268
2,0.1,100,47,uniform,0.0007973747770097648
2,0.1,100,48,complete_rollout,4.1177713208768915e-05
2,0.1,100,48,tis,0.0006260975259210062
2,0.1,100,48,uniform,0.0010085048968202386
2,0.1,100,49,complete_rollout,4.3803535310835055e-05
2,0.1,100,49,tis,0.0010204360229624468
2,0.1,100,49,uniform,0.0008957926665749234
2,0.1,100,50,complete_rollout,2.6717545841724517e-05
2,0.1,100,50,tis,0.0006054420777512594
2,0.1,100,50,uniform,0.0006738114161283961
2,0.1,100,51,complete_rollout,2.002841917262506e-05
2,0.1,100,51,tis,0.0003979153359685689
2,0.1,100,51,uniform,0.0009619925751498518
2,0.1,100,52,complete_rollout,1.9567145141754736e-05
2,0.1,100,52,tis,0.0034621419491939823
2,0.1,100,52,uniform,0.001319894700642554
2,0.1,100,53,complete_rollout,3.438848604960644e-05
2,0.1,100,53,tis,0.00020803334483737368
2,0.1,100,53,uniform,0.000507537651658648
2,0.1,100,54,complete_rollout,2.53391162851269e-05
2,0.1,100,54,tis,0.0013457870812394399
2,0.1,100,54,uniform,0.0006468813839340134
2,0.1,100,55,complete_rollout,5.7233750605822125e-05
2,0.1,100,55,tis,0.0024940783290792476
2,0.1,100,55,uniform,0.00041514339073323665
2,0.1,100,56,complete_rollout,5.01662351572256e-05
2,0.1,100,56,tis,0.0007180374582181425
2,0.1,100,56,uniform,0.0006190861877886077
2,0.1,100,57,complete_rollout,1.7293230297272316e-05
2,0.1,100,57,tis,0.0006501165785425338
2,0.1,100,57,uniform,0.0008356632982009756
2,0.1,100,58,complete_rollout,2.2918385862640644e-05
2,0.1,100,58,tis,0.00030461591459048277
2,0.1,100,58,uniform,0.0014859257166675481
2,0.1,100,59,complete_rollout,1.813442381476791e-05
2,0.1,100,59,tis,0.002468382131035915
2,0.1,100,59,uniform,0.00043116289284812455
2,0.1,100,60,complete_rollout,2.5306435376169874e-05
2,0.1,100,60,tis,0.0008026467211247902
2,0.1,100,60,uniform,0.00109808784321851
2,0.1,100,61,complete_rollout,3.341988343874518e-05
2,0.1,100,61,tis,0.0009465343542386035
2,0.1,100,61,uniform,0.0015764169894507565
2,0.1,100,62,complete_rollout,2.5571262060464417e-05
2,0.1,100,62,tis,0.001029342664364862
2,0.1,100,62,uniform,0.0010454876896325396
2,0.1,100,63,complete_rollout,7.047333481278724e-05
2,0.1,100,63,tis,0.0012311400700857024
2,0.1,100,63,uniform,0.0010647655473344621
2,0.1,100,64,complete_rollout,1.1788658902090432e-05
2,0.1,100,64,tis,0.00033065930635581086
2,0.1,100,64,uniform,0.0013768894530359213
2,0.1,100,65,complete_rollout,4.122427307251581e-05
2,0.1,100,65,tis,0.0005200885783695266
2,0.1,100,65,uniform,0.0010678987514023356
2,0.1,100,66,complete_rollout,2.968199759940706e-05
2,0.1,100,66,tis,0.0006365323275526045
2,0.1,100,66,uniform,0.0014760640204192
2,0.1,100,67,complete_rollout,4.533781626968715e-05
2,0.1,100,67,tis,0.0007665099518092824
2,0.1,100,67,uniform,0.0024137974034609344
2,0.1,100,68,complete_rollout,3.3684890581910055e-05
2,0.1,100,68,tis,0.0009445771709542695
2,0.1,100,68,uniform,0.0014784596916386599
2,0.1,100,69,complete_rollout,2.667622628055888e-05
2,0.1,100,69,tis,0.0006876758149500087
2,0.1,100,69,uniform,0.0008552586076735942
2,0.1,100,70,complete_rollout,2.557609876480447e-05
2,0.1,100,70,tis,0.00031759087564938517
2,0.1,100,70,uniform,0.0020700692572950216
2,0.1,100,71,complete_rollout,2.5594469078893247e-05
2,0.1,100,71,tis,0.0005018184250434065
2,0.1,100,71,uniform,0.0013971102840063105
2,0.1,100,72,complete_rollout,1.4732909463219632e-05
2,0.1,100,72,tis,0.00043349036406079374
2,0.1,100,72,uniform,0.0011096913839338752
2,0.1,100,73,complete_rollout,2.7828633844764376e-05
2,0.1,100,73,tis,0.0009271712918347179
2,0.1,100,73,uniform,0.0016179209308838695
2,0.1,100,74,complete_rollout,2.3833276773256112e-05
2,0.1,100,74,tis,0.0005139927229495394
2,0.1,100,74,uniform,0.0023739082800952604
2,0.1,100,75,complete_rollout,2.96413954467235e-05
2,0.1,100,75,tis,0.0020335508425422585
2,0.1,100,75,uniform,0.0009516398904438304
2,0.1,100,76,complete_rollout,8.156430745731341e-05
2,0.1,100,76,tis,0.0008834179052871719
2,0.1,100,76,uniform,0.0012676732115241467
2,0.1,100,77,complete_rollout,3.9068141526203584e-05
2,0.1,100,77,tis,0.0005340083124756916
2,0.1,100,77,uniform,0.0007543390187762958
2,0.1,100,78,complete_rollout,2.482496869185907e-05
2,0.1,100,78,tis,0.00042864946961978443
2,0.1,100,78,uniform,0.0008469385846757392
2,0.1,100,79,complete_rollout,2.4658267577189362e-05
2,0.1,100,79,tis,0.001170408031269903
2,0.1,100,79,uniform,0.0015273274003310376
2,0.1,100,80,complete_rollout,3.1125657503996965e-05
2,0.1,100,80,tis,0.0005670265219655705
2,0.1,100,80,uniform,0.0006593714253762157
2,0.1,100,81,complete_rollout,2.1828649246340214e-05
2,0.1,100,81,tis,0.0008849236821092271
2,0.1,100,81,uniform,0.001332450380067706
2,0.1,100,82,complete_rollout,2.8923267994910044e-05
2,0.1,100,82,tis,0.0008292176697659067
2,0.1,100,82,uniform,0.0027939490850779265
2,0.1,100,83,complete_rollout,5.7595171726398774e-05
2,0.1,100,83,tis,0.0007493135710143902
2,0.1,100,83,uniform,0.000443113299442802
2,0.1,100,84,complete_rollout,4.343641259051855e-05
2,0.1,100,84,tis,0.0001977319601948807
2,0.1,100,84,uniform,0.00036865889178049874
2,0.1,100,85,complete_rollout,2.3473263454465157e-05
2,0.1,100,85,tis,0.0003192644578353501
2,0.1,100,85,uniform,0.0009411300824766264
2,0.1,100,86,complete_rollout,4.162456072927791e-05
2,0.1,100,86,tis,0.00015862202040098133
2,0.1,100,86,uniform,0.0005957251528777242
2,0.1,100,87,complete_rollout,5.232683199474085e-05
2,0.1,100,87,tis,0.0005913653369302868
2,0.1,100,87,uniform,0.0007414189064632825
2,0.1,100,88,complete_rollout,1.2892678558827372e-05
2,0.1,100,88,tis,0.00021167660726705435
2,0.1,100,88,uniform,0.0006448259355767115
2,0.1,100,89,complete_rollout,4.293801200749105e-05
2,0.1,100,89,tis,0.0007276318839776146
2,0.1,100,89,uniform,0.0017509828952118613
2,0.1,100,90,complete_rollout,1.7603490933736647e-05
2,0.1,100,90,tis,0.0004478548815842384
2,0.1,100,90,uniform,0.000569109211969366
2,0.1,100,91,complete_rollout,4.0460811091367676e-05
2,0.1,100,91,tis,0.0006970913727593869
2,0.1,100,91,uniform,0.0019398845558082384
2,0.1,100,92,complete_rollout,2.4678146052421262e-05
2,0.1,100,92,tis,0.0004846194021608078
2,0.1,100,92,uniform,0.0015679362413786046
2,0.1,100,93,complete_rollout,1.9159383884048722e-05
2,0.1,100,93,tis,0.000505232811786838
2,0.1,100,93,uniform,0.0013295258313894235
2,0.1,100,94,complete_rollout,1.5637436170521297e-05
2,0.1,100,94,tis,0.00017296951071648237
2,0.1,100,94,uniform,0.0007297372043152655
2,0.1,100,95,complete_rollout,2.1535019934166534e-05
2,0.1,100,95,tis,0.0009072306455363646
2,0.1,100,95,uniform,0.0014898220296870835
2,0.1,100,96,complete_rollout,4.8111841940360475e-05
2,0.1,100,96,tis,0.000425702214729098
2,0.1,100,96,uniform,0.0008179019263593855
2,0.1,100,97,complete_rollout,2.2296764289829787e-05
2,0.1,100,97,tis,0.0007574152345728606
2,0.1,100,97,uniform,0.0008822205840860342
2,0.1,100,98,complete_rollout,1.58930544368104e-05
2,0.1,100,98,tis,0.0008964742948411167
2,0.1,100,98,uniform,0.0006784402165387682
2,0.1,100,99,complete_rollout,2.356278927068696e-05
2,0.1,100,99,tis,0.00015932734396018254
2,0.1,100,99,uniform,0.000408157356107109
2,0.1,100,100,complete_rollout,2.826063301894612e-05
2,0.1,100,100,tis,0.001621185850694426
2,0.1,100,100,uniform,0.0012341240193377164
2,0.1,100,101,complete_rollout,3.979367888322137e-05
2,0.1,100,101,tis,0.0006167543446890307
2,0.1,100,101,uniform,0.0009622195227374666
2,0.1,100,102,complete_rollout,3.28669836643494e-05
2,0.1,100,102,tis,0.002646172427041773
2,0.1,100,102,uniform,0.0004986071728733331
2,0.1,100,103,complete_rollout,3.3305308873315e-05
2,0.1,100,103,tis,0.0004159338502323723
2,0.1,100,103,uniform,0.0010457926754918539
2,0.1,100,104,complete_rollout,3.738416799270103e-05
2,0.1,100,104,tis,0.0005196718117946262
2,0.1,100,104,uniform,0.001168106831068281
2,0.1,100,105,complete_rollout,4.137029953302953e-05
2,0.1,100,105,tis,0.0004668487270145968
2,0.1,100,105,uniform,0.0007408412713476996
2,0.1,100,106,complete_rollout,2.595938041467567e-05
2,0.1,100,106,tis,0.0009011452174987625
2,0.1,100,106,uniform,0.0010553493792234577
2,0.1,100,107,complete_rollout,4.772472551988611e-05
2,0.1,100,107,tis,0.00047230204467512397
2,0.1,100,107,uniform,0.0011727404973484008
2,0.1,100,108,complete_rollout,1.6859517692759028e-05
2,0.1,100,108,tis,0.002500976962898988
2,0.1,100,108,uniform,0.000500871270271537
2,0.1,100,109,complete_rollout,3.7527568773420826e-05
2,0.1,100,109,tis,0.0005105240596905452
2,0.1,100,109,uniform,0.0005490472765729073
2,0.1,100,110,complete_rollout,4.645331585915502e-05
2,0.1,100,110,tis,0.0021855351231322663
2,0.1,100,110,uniform,0.001027525608342215
2,0.1,100,111,complete_rollout,3.321443961803306e-05
2,0.1,100,111,tis,0.000936851084865045
2,0.1,100,111,uniform,0.0008412725505659232
2,0.1,100,112,complete_rollout,2.634634552768802e-05
2,0.1,100,112,tis,0.00035674591568889477
2,0.1,100,112,uniform,0.0009131635326883
2,0.1,100,113,complete_rollout,2.8973207290596694e-05
2,0.1,100,113,tis,0.0002598654925307039
2,0.1,100,113,uniform,0.0014228485071384473
2,0.1,100,114,complete_rollout,5.018902834255373e-05
2,0.1,100,114,tis,0.0004353652320381102
2,0.1,100,114,uniform,0.0007271776468903696
2,0.1,100,115,complete_rollout,2.2667047595843226e-05
2,0.1,100,115,tis,0.0009356296329450892
2,0.1,100,115,uniform,0.001263673368523457
2,0.1,100,116,complete_rollout,5.9815146558372706e-05
2,0.1,100,116,tis,0.0013224573868553927
2,0.1,100,116,uniform,0.001090030904568135
2,0.1,100,117,complete_rollout,1.564386309669025e-05
2,0.1,100,117,tis,0.002169224150304837
2,0.1,100,117,uniform,0.001706773440068302
2,0.1,100,118,complete_rollout,2.316215032896137e-05
2,0.1,100,118,tis,0.0006999904350041336
2,0.1,100,118,uniform,0.0012344920257430884
2,0.1,100,119,complete_rollout,3.2843734438236116e-05
2,0.1,100,119,tis,0.000308423875059241
2,0.1,100,119,uniform,0.0012967561872628257
2,0.1,100,120,complete_rollout,3.281993468840508e-05
2,0.1,100,120,tis,0.0006667260847985024
2,0.1,100,120,uniform,0.0015037818977525093
2,0.1,100,121,complete_rollout,2.616141584322485e-05
2,0.1,100,121,tis,0.000502351941773705
2,0.1,100,121,uniform,0.0015315185363108238
2,0.1,100,122,complete_rollout,5.038407589637522e-05
2,0.1,100,122,tis,0.0003319514056803043
2,0.1,100,122,uniform,0.0005430858515958076
2,0.1,100,123,complete_rollout,1.7695093959389246e-05
2,0.1,100,123,tis,0.0015187204460537548
2,0.1,100,123,uniform,0.001221080181956323
2,0.1,100,124,complete_rollout,1.0506559902092211e-05
2,0.1,100,124,tis,0.0011387575549194383
2,0.1,100,124,uniform,0.0009032104807286404
2,0.1,100,125,complete_rollout,5.653412141519578e-05
2,0.1,100,125,tis,0.0006863725907820315
2,0.1,100,125,uniform,0.0008959902228212673
2,0.1,100,126,complete_rollout,4.1183039556987265e-05
2,0.1,100,126,tis,0.0010823498583564135
2,0.1,100,126,uniform,0.0007898408622277842
2,0.1,100,127,complete_rollout,4.736540220100877e-05
2,0.1,100,127,tis,0.000765830717955171
2,0.1,100,127,uniform,0.0010694046601840176
2,0.1,100,128,complete_rollout,3.515373062546884e-05
2,0.1,100,128,tis,0.0007669054278294602
2,0.1,100,128,uniform,0.0007498454686428767
2,0.1,100,129,complete_rollout,3.393186787506678e-05
2,0.1,100,129,tis,0.00048097003110297387
2,0.1,100,129,uniform,0.0008737150717888281
2,0.1,100,130,complete_rollout,2.0466780427579163e-05
2,0.1,100,130,tis,0.0010531331919320201
2,0.1,100,130,uniform,0.0006071180200561597
2,0.1,100,131,complete_rollout,4.763732856718555e-05
2,0.1,100,131,tis,0.0003926857186843749
2,0.1,100,131,uniform,0.001343613777172493
2,0.1,100,132,complete_rollout,2.9674297247082004e-05
2,0.1,100,132,tis,0.0007581055229260714
2,0.1,100,132,uniform,0.000501981485070062
2,0.1,100,133,complete_rollout,2.0720584273910833e-05
2,0.1,100,133,tis,0.0011286206564227006
2,0.1,100,133,uniform,0.0014372144785413986
2,0.1,100,134,complete_rollout,3.965355560854647e-05
2,0.1,100,134,tis,0.0004751807676995056
2,0.1,100,134,uniform,0.000797954111685644
2,0.1,100,135,complete_rollout,3.714484642906763e-05
2,0.1,100,135,tis,0.0008636889276526966
2,0.1,100,135,uniform,0.0009054506869897044
2,0.1,100,136,complete_rollout,2.4651841781922736e-05
2,0.1,100,136,tis,0.0002577557747241843
2,0.1,100,136,uniform,0.0009148918234229345
2,0.1,100,137,complete_rollout,2.142387417895619e-05
2,0.1,100,137,tis,0.00082411415051663
2,0.1,100,137,uniform,0.0008665881155514619
2,0.1,100,138,complete_rollout,3.7341302226090725e-05
2,0.1,100,138,tis,0.0007391951235980072
2,0.1,100,138,uniform,0.0012488540741478784
2,0.1,100,139,complete_rollout,1.549117621058624e-05
2,0.1,100,139,tis,0.0009186101456437481
2,0.1,100,139,uniform,0.001979291998873741
2,0.1,100,140,complete_rollout,3.129245348548874e-05
2,0.1,100,140,tis,0.00017652693960284058
2,0.1,100,140,uniform,0.0005742580828057296
2,0.1,100,141,complete_rollout,6.144155131488247e-05
2,0.1,100,141,tis,0.00034812506725397547
2,0.1,100,141,uniform,0.0011485675423487168
2,0.1,100,142,complete_rollout,3.947870045965812e-05
2,0.1,100,142,tis,0.0005355991272563593
2,0.1,100,142,uniform,0.0009116667044380339
2,0.1,100,143,complete_rollout,4.480921883466196e-05
2,0.1,100,143,tis,0.0005793918105973677
2,0.1,100,143,uniform,0.0010155073239814234
2,0.1,100,144,complete_rollout,2.6425537192602655e-05
2,0.1,100,144,tis,0.0009369028870683852
2,0.1,100,144,uniform,0.0014788453265625594
2,0.1,100,145,complete_rollout,2.207502988865016e-05
2,0.1,100,145,tis,0.00029129997192407764
2,0.1,100,145,uniform,0.0009429763551278934
2,0.1,100,146,complete_rollout,4.927570783411263e-05
2,0.1,100,146,tis,0.0013843834978554514
2,0.1,100,146,uniform,0.0028236640284822873
2,0.1,100,147,complete_rollout,4.237269267431281e-05
2,0.1,100,147,tis,0.00034758917599260025
2,0.1,100,147,uniform,0.001105495157416142
2,0.1,100,148,complete_rollout,1.5106694100060296e-05
2,0.1,100,148,tis,0.00022026577052525786
2,0.1,100,148,uniform,0.001051574530767392
2,0.1,100,149,complete_rollout,2.2470208532517073e-05
2,0.1,100,149,tis,0.001326073816977338
2,0.1,100,149,uniform,0.0007283710587707009
2,0.1,100,150,complete_rollout,2.6566669882342393e-05
2,0.1,100,150,tis,0.0006894891084174448
2,0.1,100,150,uniform,0.002305782687004465
2,0.1,100,151,complete_rollout,3.0923185707975434e-05
2,0.1,100,151,tis,0.001934679925488463
2,0.1,100,151,uniform,0.0006534734409991822
2,0.1,100,152,complete_rollout,2.622406617737428e-05
2,0.1,100,152,tis,0.0007860393881332728
2,0.1,100,152,uniform,0.0012137944035174048
2,0.1,100,153,complete_rollout,2.306581132266926e-05
2,0.1,100,153,tis,0.0012305694900162526
2,0.1,100,153,uniform,0.0007643408725283987
2,0.1,100,154,complete_rollout,1.811874125481599e-05
2,0.1,100,154,tis,0.0004244702346611844
2,0.1,100,154,uniform,0.001508878016117856
2,0.1,100,155,complete_rollout,2.9588591731895473e-05
2,0.1,100,155,tis,0.0011341226278687945
2,0.1,100,155,uniform,0.0015565414520915745
2,0.1,100,156,complete_rollout,3.0407460789604232e-05
2,0.1,100,156,tis,0.002170195223690475
2,0.1,100,156,uniform,0.003714249154316925
2,0.1,100,157,complete_rollout,3.185449249011925e-05
2,0.1,100,157,tis,0.0010680264181046474
2,0.1,100,157,uniform,0.0008434339500917369
2,0.1,100,158,complete_rollout,2.630549189766774e-05
2,0.1,100,158,tis,0.00040918927373867183
2,0.1,100,158,uniform,0.0007001569450917622
2,0.1,100,159,complete_rollout,2.081820840582653e-05
2,0.1,100,159,tis,0.00017919568482522923
2,0.1,100,159,uniform,0.0014770777329680272
2,0.1,100,160,complete_rollout,1.9042349577712597e-05
2,0.1,100,160,tis,0.0006473209834224673
2,0.1,100,160,uniform,0.0008931886260934262
2,0.1,100,161,complete_rollout,2.4460525981475452e-05
2,0.1,100,161,tis,0.0002958537446059081
2,0.1,100,161,uniform,0.000923876502458629
2,0.1,100,162,complete_rollout,1.411239938389834e-05
2,0.1,100,162,tis,0.0014417465102211633
2,0.1,100,162,uniform,0.0008440325348418246
2,0.1,100,163,complete_rollout,2.6480539993960643e-05
2,0.1,100,163,tis,0.0014043764623865125
2,0.1,100,163,uniform,0.0015011962919278838
2,0.1,100,164,complete_rollout,1.897303537382656e-05
2,0.1,100,164,tis,0.0002969827732788194
2,0.1,100,164,uniform,0.0014068195932063431
2,0.1,100,165,complete_rollout,5.701611812089611e-05
2,0.1,100,165,tis,0.0005602254166718483
2,0.1,100,165,uniform,0.0009442435911746234
2,0.1,100,166,complete_rollout,2.351856447157847e-05
2,0.1,100,166,tis,0.002149324883801913
2,0.1,100,166,uniform,0.0008750880879456464
2,0.1,100,167,complete_rollout,2.435106883987864e-05
2,0.1,100,167,tis,0.0011771098701967785
2,0.1,100,167,uniform,0.0027085157258350556
2,0.1,100,168,complete_rollout,5.0941955824583035e-05
2,0.1,100,168,tis,0.0003058497835184676
2,0.1,100,168,uniform,0.0016016259102340233
2,0.1,100,169,complete_rollout,2.1286655248963963e-05
2,0.1,100,169,tis,0.0011591672047111395
2,0.1,100,169,uniform,0.001355001069220515
2,0.1,100,170,complete_rollout,1.7931273354540228e-05
2,0.1,100,170,tis,0.0015012426928982063
2,0.1,100,170,uniform,0.0020448880082462166
2,0.1,100,171,complete_rollout,3.0163519335747935e-05
2,0.1,100,171,tis,0.0005706090421164728
2,0.1,100,171,uniform,0.0015869169444365967
2,0.1,100,172,complete_rollout,3.0318506676978087e-05
2,0.1,100,172,tis,0.0004750976890778063
2,0.1,100,172,uniform,0.0007058656816887143
2,0.1,100,173,complete_rollout,4.062498861777713e-05
2,0.1,100,173,tis,0.0011962821895084845
2,0.1,100,173,uniform,0.000577089327625341
2,0.1,100,174,complete_rollout,2.6413749818023832e-05
2,0.1,100,174,tis,0.004025670523002703
2,0.1,100,174,uniform,0.0035980598062567287
2,0.1,100,175,complete_rollout,5.739902635812057e-05
2,0.1,100,175,tis,0.0007707116057532628
2,0.1,100,175,uniform,0.000557640863912429
2,0.1,100,176,complete_rollout,2.8595799131187428e-05
2,0.1,100,176,tis,0.0015349661437796596
2,0.1,100,176,uniform,0.002593424952502612
2,0.1,100,177,complete_rollout,3.455331800378032e-05
2,0.1,100,177,tis,0.0008397735984772101
2,0.1,100,177,uniform,0.0024234422250356273
2,0.1,100,178,complete_rollout,2.0877212148834948e-05
2,0.1,100,178,tis,0.0003675401259545743
2,0.1,100,178,uniform,0.001325895700525646
2,0.1,100,179,complete_rollout,2.1822650741253244e-05
2,0.1,100,179,tis,0.0010475569178994202
2,0.1,100,179,uniform,0.0009511519299833594
2,0.1,100,180,complete_rollout,1.4985672262620869e-05
2,0.1,100,180,tis,0.0014809941418472748
2,0.1,100,180,uniform,0.0009607408313763454
2,0.1,100,181,complete_rollout,4.214721251701415e-05
2,0.1,100,181,tis,0.00022994107875421167
2,0.1,100,181,uniform,0.0011160485221862221
2,0.1,100,182,complete_rollout,1.9344483467369186e-05
2,0.1,100,182,tis,0.0006806836372338752
2,0.1,100,182,uniform,0.0014300173396743865
2,0.1,100,183,complete_rollout,1.6972786013596383e-05
2,0.1,100,183,tis,0.001476341805044228
2,0.1,100,183,uniform,0.0009337192006869257
2,0.1,100,184,complete_rollout,3.096479649925166e-05
2,0.1,100,184,tis,0.00023038112540764465
2,0.1,100,184,uniform,0.0007760856767389457
2,0.1,100,185,complete_rollout,2.3650712802872956e-05
2,0.1,100,185,tis,0.0002957944072939835
2,0.1,100,185,uniform,0.0008114160214660199
2,0.1,100,186,complete_rollout,2.9381240690335185e-05
2,0.1,100,186,tis,0.0009698058612332427
2,0.1,100,186,uniform,0.0007814762040517449
2,0.1,100,187,complete_rollout,3.51802174280924e-05
2,0.1,100,187,tis,0.0012056819557064037
2,0.1,100,187,uniform,0.0017563074516487244
2,0.1,100,188,complete_rollout,2.048464724922368e-05
2,0.1,100,188,tis,0.0009249203288853541
2,0.1,100,188,uniform,0.0011089032731853995
2,0.1,100,189,complete_rollout,2.426234408684803e-05
2,0.1,100,189,tis,0.0003191580048052444
2,0.1,100,189,uniform,0.0015245736411993547
2,0.1,100,190,complete_rollout,2.4875999702961223e-05
2,0.1,100,190,tis,0.00047039349430559065
2,0.1,100,190,uniform,0.0010803552121316229
2,0.1,100,191,complete_rollout,2.787385899432356e-05
2,0.1,100,191,tis,0.0005059144827955531
2,0.1,100,191,uniform,0.0018012739488867493
2,0.1,100,192,complete_rollout,3.162995635168528e-05
2,0.1,100,192,tis,0.0008619312705182627
2,0.1,100,192,uniform,0.0022042091988678544
2,0.1,100,193,complete_rollout,2.5402025025740986e-05
2,0.1,100,193,tis,0.0006394772398424289
2,0.1,100,193,uniform,0.000906888933965819
2,0.1,100,194,complete_rollout,3.5551115384572426e-05
2,0.1,100,194,tis,0.0006848908080981073
2,0.1,100,194,uniform,0.0013315854122604694
2,0.1,100,195,complete_rollout,3.3562584107697745e-05
2,0.1,100,195,tis,0.0010729458777683925
2,0.1,100,195,uniform,0.0004819794983071872
2,0.1,100,196,complete_rollout,3.619495891163859e-05
2,0.1,100,196,tis,0.0013711649557821917
2,0.1,100,196,uniform,0.001131180057798865
2,0.1,100,197,complete_rollout,3.978990243827284e-05
2,0.1,100,197,tis,0.0015287261795345678
2,0.1,100,197,uniform,0.0009756131450653273
2,0.1,100,198,complete_rollout,2.383960511418956e-05
2,0.1,100,198,tis,0.001393301248448503
2,0.1,100,198,uniform,0.0009766802358623387
2,0.1,100,199,complete_rollout,2.6673962061251065e-05
2,0.1,100,199,tis,0.00036407911361401794
2,0.1,100,199,uniform,0.0006939551266077726
2,0.1,100,200,complete_rollout,2.6138833700709345e-05
2,0.1,100,200,tis,0.0005816413574713868
2,0.1,100,200,uniform,0.0013325381059846025
2,0.1,100,201,complete_rollout,1.3860751249355043e-05
2,0.1,100,201,tis,0.0025832250892048898
2,0.1,100,201,uniform,0.0015764326728342443
2,0.1,100,202,complete_rollout,2.6893805004167897e-05
2,0.1,100,202,tis,0.0007300433735643433
2,0.1,100,202,uniform,0.001299432324866542
2,0.1,100,203,complete_rollout,2.0956780743510475e-05
2,0.1,100,203,tis,0.0008561307869586451
2,0.1,100,203,uniform,0.0016011806567288198
2,0.1,100,204,complete_rollout,7.829715287901969e-05
2,0.1,100,204,tis,0.0010013931509524456
2,0.1,100,204,uniform,0.0005501914933852164
2,0.1,100,205,complete_rollout,7.614627420651836e-06
2,0.1,100,205,tis,0.0013147162867783657
2,0.1,100,205,uniform,0.0010768044719496501
2,0.1,100,206,complete_rollout,4.6677642284932644e-05
2,0.1,100,206,tis,0.0013004201768298102
2,0.1,100,206,uniform,0.0018097072028625425
2,0.1,100,207,complete_rollout,3.080322452054776e-05
2,0.1,100,207,tis,0.0008446925024830223
2,0.1,100,207,uniform,0.0006940181295193661
2,0.1,100,208,complete_rollout,1.3794904278003049e-05
2,0.1,100,208,tis,0.00022725048086460987
2,0.1,100,208,uniform,0.0017014589203806227
2,0.1,100,209,complete_rollout,2.9175723586015467e-05
2,0.1,100,209,tis,0.00043515949535506855
2,0.1,100,209,uniform,0.0006827286235520576
2,0.1,100,210,complete_rollout,1.5932401363576454e-05
2,0.1,100,210,tis,0.0009047311139840123
2,0.1,100,210,uniform,0.0014690317916812396
2,0.1,100,211,complete_rollout,4.0061086276459164e-05
2,0.1,100,211,tis,0.0006695674490840483
2,0.1,100,211,uniform,0.0011610834096525149
2,0.1,100,212,complete_rollout,2.020492981355384e-05
2,0.1,100,212,tis,0.0004326540251938192
2,0.1,100,212,uniform,0.0004106080492466283
2,0.1,100,213,complete_rollout,4.630185420764035e-05
2,0.1,100,213,tis,0.0004431146203231119
2,0.1,100,213,uniform,0.0006386146785592522
2,0.1,100,214,complete_rollout,3.3054862709536864e-05
2,0.1,100,214,tis,0.0023262747129407435
2,0.1,100,214,uniform,0.001142505831977334
2,0.1,100,215,complete_rollout,3.924509446807582e-05
2,0.1,100,215,tis,0.0008356934362503375
2,0.1,100,215,uniform,0.000923882048881212
2,0.1,100,216,complete_rollout,1.8567397125780384e-05
2,0.1,100,216,tis,0.0009098135535457895
2,0.1,100,216,uniform,0.0009958899017856887
2,0.1,100,217,complete_rollout,1.7591060787718875e-05
2,0.1,100,217,tis,0.002033353547858499
2,0.1,100,217,uniform,0.0008958103243168308
2,0.1,100,218,complete_rollout,2.8011132210670045e-05
2,0.1,100,218,tis,0.0004779146818690402
2,0.1,100,218,uniform,0.0015698706737089833
2,0.1,100,219,complete_rollout,2.4083277175864847e-05
2,0.1,100,219,tis,0.0008347512450420258
2,0.1,100,219,uniform,0.0007909516257056367
2,0.1,100,220,complete_rollout,5.639881209284148e-05
2,0.1,100,220,tis,0.001146404017515719
2,0.1,100,220,uniform,0.000808053533471089
2,0.1,100,221,complete_rollout,4.3168773549419267e-05
2,0.1,100,221,tis,0.0002742681759466629
2,0.1,100,221,uniform,0.0005534028145168046
2,0.1,100,222,complete_rollout,7.440905975084805e-05
2,0.1,100,222,tis,0.0009644180968921114
2,0.1,100,222,uniform,0.0014554843515575562
2,0.1,100,223,complete_rollout,1.914732647859773e-05
2,0.1,100,223,tis,0.0008250445328988662
2,0.1,100,223,uniform,0.0015389814710074557
2,0.1,100,224,complete_rollout,2.825382892485458e-05
2,0.1,100,224,tis,0.00024697516823358193
2,0.1,100,224,uniform,0.0006791783256347007
2,0.1,100,225,complete_rollout,3.2687763188224864e-05
2,0.1,100,225,tis,0.00042998990221767533
2,0.1,100,225,uniform,0.0006295398078624288
2,0.1,100,226,complete_rollout,1.418068360363481e-05
2,0.1,100,226,tis,0.0008824680415899963
2,0.1,100,226,uniform,0.0006706246051763396
2,0.1,100,227,complete_rollout,3.922626639081465e-05
2,0.1,100,227,tis,0.0010546745781905794
2,0.1,100,227,uniform,0.0012665240193274205
2,0.1,100,228,complete_rollout,3.0538314218590307e-05
2,0.1,100,228,tis,0.0009582258350189275
2,0.1,100,228,uniform,0.0008885712780925233
2,0.1,100,229,complete_rollout,2.3958446800029087e-05
2,0.1,100,229,tis,0.00021175744506471636
2,0.1,100,229,uniform,0.0009086430204916201
2,0.1,100,230,complete_rollout,3.546205148118507e-05
2,0.1,100,230,tis,0.0010703170058267068
2,0.1,100,230,uniform,0.0008445413511760778
2,0.1,100,231,complete_rollout,2.9096362991009986e-05
2,0.1,100,231,tis,0.0011558887888992021
2,0.1,100,231,uniform,0.0007977771010214644
2,0.1,100,232,complete_rollout,6.06860457643198e-05
2,0.1,100,232,tis,0.0007723555058610582
2,0.1,100,232,uniform,0.0005650014633079652
2,0.1,100,233,complete_rollout,3.6569742951844416e-05
2,0.1,100,233,tis,0.001557456824571184
2,0.1,100,233,uniform,0.0023007620435152695
2,0.1,100,234,complete_rollout,2.7350322310337993e-05
2,0.1,100,234,tis,0.0034928311427718903
2,0.1,100,234,uniform,0.002927271541928351
2,0.1,100,235,complete_rollout,3.697551687917487e-05
2,0.1,100,235,tis,0.0028659102270264677
2,0.1,100,235,uniform,0.0016997032590391735
2,0.1,100,236,complete_rollout,4.0480041388539174e-05
2,0.1,100,236,tis,0.0004014093386405232
2,0.1,100,236,uniform,0.0006775780836133301
2,0.1,100,237,complete_rollout,2.5975401052971047e-05
2,0.1,100,237,tis,0.00019150095550850966
2,0.1,100,237,uniform,0.00048176079391479
2,0.1,100,238,complete_rollout,2.343761101630366e-05
2,0.1,100,238,tis,0.0005329506089048461
2,0.1,100,238,uniform,0.0009760855740429231
2,0.1,100,239,complete_rollout,2.174379603531896e-05
2,0.1,100,239,tis,0.0020341771644935077
2,0.1,100,239,uniform,0.0006758578781405906
2,0.1,100,240,complete_rollout,2.3137623259482106e-05
2,0.1,100,240,tis,0.000727355369314555
2,0.1,100,240,uniform,0.00100366016916198
2,0.1,100,241,complete_rollout,7.101907214198086e-05
2,0.1,100,241,tis,0.0006296657033119178
2,0.1,100,241,uniform,0.001924838056057194
2,0.1,100,242,complete_rollout,3.1276298765957825e-05
2,0.1,100,242,tis,0.00041859688027473676
2,0.1,100,242,uniform,0.0013382468201381889
2,0.1,100,243,complete_rollout,2.3513180290854687e-05
2,0.1,100,243,tis,0.00033103352389253444
2,0.1,100,243,uniform,0.0007863874787400262
2,0.1,100,244,complete_rollout,1.6109644700071128e-05
2,0.1,100,244,tis,0.0017479862413446038
2,0.1,100,244,uniform,0.0011035155205711008
2,0.1,100,245,complete_rollout,2.011290899162886e-05
2,0.1,100,245,tis,0.00036067139673572827
2,0.1,100,245,uniform,0.0010181207288743424
2,0.1,100,246,complete_rollout,5.4240847120246714e-05
2,0.1,100,246,tis,0.0006270743594724981
2,0.1,100,246,uniform,0.0012734215415394433
2,0.1,100,247,complete_rollout,2.324040706066806e-05
2,0.1,100,247,tis,0.0002685334149780027
2,0.1,100,247,uniform,0.0007650168320540499
2,0.1,100,248,complete_rollout,2.036569003043088e-05
2,0.1,100,248,tis,0.0004307473364572054
2,0.1,100,248,uniform,0.0007270518487478819
2,0.1,100,249,complete_rollout,4.072127268665889e-05
2,0.1,100,249,tis,0.0008718744261313388
2,0.1,100,249,uniform,0.0008016030269985662
2,0.1,100,250,complete_rollout,2.5988788269186188e-05
2,0.1,100,250,tis,0.0012049205411814399
2,0.1,100,250,uniform,0.0013956764422928304
2,0.1,100,251,complete_rollout,2.4982152218497168e-05
2,0.1,100,251,tis,0.0013806003419177563
2,0.1,100,251,uniform,0.0010500075183847645
2,0.1,100,252,complete_rollout,3.0269698484540058e-05
2,0.1,100,252,tis,0.0002663994496690905
2,0.1,100,252,uniform,0.0011987558402965547
2,0.1,100,253,complete_rollout,2.5304115140095053e-05
2,0.1,100,253,tis,0.0012376187950625208
2,0.1,100,253,uniform,0.0012582703497607517
2,0.1,100,254,complete_rollout,3.875260573874481e-05
2,0.1,100,254,tis,0.002137237427629686
2,0.1,100,254,uniform,0.0008107453510100936
2,0.1,100,255,complete_rollout,3.848472894168614e-05
2,0.1,100,255,tis,0.0009468998303464913
2,0.1,100,255,uniform,0.0011584451413794215
2,0.1,100,256,complete_rollout,0.00010381914709862148
2,0.1,100,256,tis,0.00015899181084965834
2,0.1,100,256,uniform,0.0015184334291779415
2,0.1,100,257,complete_rollout,3.5271454057954025e-05
2,0.1,100,257,tis,0.0008630610490163658
2,0.1,100,257,uniform,0.0008583225927676181
2,0.1,100,258,complete_rollout,2.254295963713144e-05
2,0.1,100,258,tis,0.0012487823031664142
2,0.1,100,258,uniform,0.0014721536559475072
2,0.1,100,259,complete_rollout,2.3102009004988138e-05
2,0.1,100,259,tis,0.00012412151713469172
2,0.1,100,259,uniform,0.0007985278380770482
2,0.1,100,260,complete_rollout,3.250494058682395e-05
2,0.1,100,260,tis,0.0020521966803602586
2,0.1,100,260,uniform,0.000350341016467229
2,0.1,100,261,complete_rollout,5.419408877470204e-05
2,0.1,100,261,tis,0.0007060501160238522
2,0.1,100,261,uniform,0.0009287434368063078
2,0.1,100,262,complete_rollout,3.979228187989235e-05
2,0.1,100,262,tis,0.00023013965989660668
2,0.1,100,262,uniform,0.0009791698700866616
2,0.1,100,263,complete_rollout,3.3224835250761e-05
2,0.1,100,263,tis,0.0027255131296955995
2,0.1,100,263,uniform,0.0014826530995188597
2,0.1,100,264,complete_rollout,2.8050978387140694e-05
2,0.1,100,264,tis,0.0006183377615486913
2,0.1,100,264,uniform,0.0010304979004506004
2,0.1,100,265,complete_rollout,4.46774971016019e-05
2,0.1,100,265,tis,0.000778387854567037
2,0.1,100,265,uniform,0.0010044554070508499
2,0.1,100,266,complete_rollout,3.1897025073346295e-05
2,0.1,100,266,tis,0.0011848188693208352
2,0.1,100,266,uniform,0.0007562366170284509
2,0.1,100,267,complete_rollout,2.5737073886468037e-05
2,0.1,100,267,tis,0.00012527847577367235
2,0.1,100,267,uniform,0.002163867955365805
2,0.1,100,268,complete_rollout,1.474119858750924e-05
2,0.1,100,268,tis,0.0005337942040117405
2,0.1,100,268,uniform,0.0006441811542097938
2,0.1,100,269,complete_rollout,5.050123343072936e-05
2,0.1,100,269,tis,0.0008057783814400889
2,0.1,100,269,uniform,0.001132167206703331
2,0.1,100,270,complete_rollout,3.602052056756839e-05
2,0.1,100,270,tis,0.0008883178300954209
2,0.1,100,270,uniform,0.0014213495911929688
2,0.1,100,271,complete_rollout,3.572821484596519e-05
2,0.1,100,271,tis,0.0007727283989221788
2,0.1,100,271,uniform,0.0009032917541461386
2,0.1,100,272,complete_rollout,3.744075461614962e-05
2,0.1,100,272,tis,0.002552329558356398
2,0.1,100,272,uniform,0.0012400643253380262
2,0.1,100,273,complete_rollout,3.01769014014251e-05
2,0.1,100,273,tis,0.0006593443600109449
2,0.1,100,273,uniform,0.0013322672515775253
2,0.1,100,274,complete_rollout,5.4313752335674695e-05
2,0.1,100,274,tis,0.003730401961684724
2,0.1,100,274,uniform,0.0008156210276941933
2,0.1,100,275,complete_rollout,4.5110310053566236e-05
2,0.1,100,275,tis,0.00021630199120860013
2,0.1,100,275,uniform,0.0010092136706104677
2,0.1,100,276,complete_rollout,2.487360727935382e-05
2,0.1,100,276,tis,0.0009555844322659785
2,0.1,100,276,uniform,0.0009291282541621475
2,0.1,100,277,complete_rollout,2.885337475133038e-05
2,0.1,100,277,tis,0.00032646805693578183
2,0.1,100,277,uniform,0.0009160652993136133
2,0.1,100,278,complete_rollout,2.8220648169212904e-05
2,0.1,100,278,tis,0.001202118337838092
2,0.1,100,278,uniform,0.0010215136707544747
2,0.1,100,279,complete_rollout,5.469214803103188e-05
2,0.1,100,279,tis,0.000312487357403619
2,0.1,100,279,uniform,0.001513967600200688
2,0.1,100,280,complete_rollout,3.635088078081233e-05
2,0.1,100,280,tis,0.0006901646727103534
2,0.1,100,280,uniform,0.00045926732341671503
2,0.1,100,281,complete_rollout,2.8768361217612794e-05
2,0.1,100,281,tis,0.0014962444444776458
2,0.1,100,281,uniform,0.0018734442107763382
2,0.1,100,282,complete_rollout,1.7287962909729015e-05
2,0.1,100,282,tis,0.0015546498711372537
2,0.1,100,282,uniform,0.0007996586345728635
2,0.1,100,283,complete_rollout,1.4935835655345638e-05
2,0.1,100,283,tis,0.0014602781779793998
2,0.1,100,283,uniform,0.0017874249540675434
2,0.1,100,284,complete_rollout,2.5509315490649538e-05
2,0.1,100,284,tis,0.0005937076244525416
2,0.1,100,284,uniform,0.0008167056486152736
2,0.1,100,285,complete_rollout,4.620296911404186e-05
2,0.1,100,285,tis,0.0008450299452713639
2,0.1,100,285,uniform,0.0014030264339320738
2,0.1,100,286,complete_rollout,3.7213759205522726e-05
2,0.1,100,286,tis,0.0005754536048135699
2,0.1,100,286,uniform,0.002432344524545289
2,0.1,100,287,complete_rollout,1.5545301639859945e-05
2,0.1,100,287,tis,0.0003082519424390588
2,0.1,100,287,uniform,0.0006634652967600583
2,0.1,100,288,complete_rollout,1.4441475697988476e-05
2,0.1,100,288,tis,0.0003323159563856729
2,0.1,100,288,uniform,0.0015181965651449244
2,0.1,100,289,complete_rollout,3.400239869966225e-05
2,0.1,100,289,tis,0.0006101828254431608
2,0.1,100,289,uniform,0.0017623995925676757
2,0.1,100,290,complete_rollout,2.590395119166148e-05
2,0.1,100,290,tis,0.0009014497942032017
2,0.1,100,290,uniform,0.0024314612873879457
2,0.1,100,291,complete_rollout,4.451516463259289e-05
2,0.1,100,291,tis,0.0015573599366096019
2,0.1,100,291,uniform,0.0030724445414687528
2,0.1,100,292,complete_rollout,1.7967951752066995e-05
2,0.1,100,292,tis,0.0009128536390958405
2,0.1,100,292,uniform,0.0013965390920648644
2,0.1,100,293,complete_rollout,4.9767655745393186e-05
2,0.1,100,293,tis,0.0002610987524888847
2,0.1,100,293,uniform,0.0008075521127781988
2,0.1,100,294,complete_rollout,3.0187983525266865e-05
2,0.1,100,294,tis,0.0008941055036386034
2,0.1,100,294,uniform,0.0015052239901957322
2,0.1,100,295,complete_rollout,4.40958487440671e-05
2,0.1,100,295,tis,0.0011611817741547692
2,0.1,100,295,uniform,0.001758804810345185
2,0.1,100,296,complete_rollout,4.440963630335946e-05
2,0.1,100,296,tis,0.0009251090906468302
2,0.1,100,296,uniform,0.0014642803097556214
2,0.1,100,297,complete_rollout,2.9153027062595688e-05
2,0.1,100,297,tis,0.001169504083422263
2,0.1,100,297,uniform,0.0006379119630604013
2,0.1,100,298,complete_rollout,3.422550517993079e-05
2,0.1,100,298,tis,0.00032899002860573256
2,0.1,100,298,uniform,0.001605946556462769
2,0.1,100,299,complete_rollout,2.4354927006137777e-05
2,0.1,100,299,tis,0.0011427932888866752
2,0.1,100,299,uniform,0.0011764537414888658
2,0.1,200,0,complete_rollout,1.9771299450631423e-05
2,0.1,200,0,tis,0.00028433227590506587
2,0.1,200,0,uniform,0.0005435034009941713
2,0.1,200,1,complete_rollout,1.1266371486759867e-05
2,0.1,200,1,tis,0.0003077041186552572
2,0.1,200,1,uniform,0.00034833658088015613
2,0.1,200,2,complete_rollout,2.6099727509916857e-05
2,0.1,200,2,tis,0.0006772934528597007
2,0.1,200,2,uniform,0.0004277664824357457
2,0.1,200,3,complete_rollout,1.1221086355426436e-05
2,0.1,200,3,tis,0.0006961540266737503
2,0.1,200,3,uniform,0.0006596184447073395
2,0.1,200,4,complete_rollout,9.800899997092383e-06
2,0.1,200,4,tis,0.00023570882122341336
2,0.1,200,4,uniform,0.00048777158107424803
2,0.1,200,5,complete_rollout,2.232438394278935e-05
2,0.1,200,5,tis,0.0006872034836286008
2,0.1,200,5,uniform,0.0012194238606549842
2,0.1,200,6,complete_rollout,2.1160174877030924e-05
2,0.1,200,6,tis,0.0014286780512592124
2,0.1,200,6,uniform,0.0004855841559249042
2,0.1,200,7,complete_rollout,1.71425824039384e-05
2,0.1,200,7,tis,0.000472255990903236
2,0.1,200,7,uniform,0.0007173200772252893
2,0.1,200,8,complete_rollout,8.406453207395715e-06
2,0.1,200,8,tis,0.0005688560215349103
2,0.1,200,8,uniform,0.0007018007022796068
2,0.1,200,9,complete_rollout,1.3579188193509689e-05
2,0.1,200,9,tis,0.00038830437858627806
2,0.1,200,9,uniform,0.0004491449339179798
2,0.1,200,10,complete_rollout,1.0872027491775075e-05
2,0.1,200,10,tis,0.0006243894525581791
2,0.1,200,10,uniform,0.000727157566810882
2,0.1,200,11,complete_rollout,9.242740841240533e-06
2,0.1,200,11,tis,0.00035504590486421336
2,0.1,200,11,uniform,0.0005591037064897087
2,0.1,200,12,complete_rollout,7.379018753426071e-06
2,0.1,200,12,tis,0.00042925709531418054
2,0.1,200,12,uniform,0.00041892028154205663
2,0.1,200,13,complete_rollout,8.642011607413689e-06
2,0.1,200,13,tis,0.0002574169483011595
2,0.1,200,13,uniform,0.0013555456103560898
2,0.1,200,14,complete_rollout,1.9816701443300472e-05
2,0.1,200,14,tis,0.00019261044837643284
2,0.1,200,14,uniform,0.0004930174717714669
2,0.1,200,15,complete_rollout,1.293021304230517e-05
2,0.1,200,15,tis,0.000628111850245865
2,0.1,200,15,uniform,0.00035802618064813307
2,0.1,200,16,complete_rollout,1.3002621794443249e-05
2,0.1,200,16,tis,0.00020754302576139785
2,0.1,200,16,uniform,0.0006823041146324707
2,0.1,200,17,complete_rollout,1.6063164726256055e-05
2,0.1,200,17,tis,0.002170452107313882
2,0.1,200,17,uniform,0.0004979342707480937
2,0.1,200,18,complete_rollout,1.875586571333506e-05
2,0.1,200,18,tis,9.464194594318648e-05
2,0.1,200,18,uniform,0.0005879805003552564
2,0.1,200,19,complete_rollout,2.0579820763964928e-05
2,0.1,200,19,tis,0.001025985383502405
2,0.1,200,19,uniform,0.00052919647735539
2,0.1,200,20,complete_rollout,1.2841253288521462e-05
2,0.1,200,20,tis,0.0002486150149891397
2,0.1,200,20,uniform,0.00028301229196004237
2,0.1,200,21,complete_rollout,9.89442151496002e-06
2,0.1,200,21,tis,0.00018520845864361882
2,0.1,200,21,uniform,0.0004448548683071933
2,0.1,200,22,complete_rollout,1.0670573649839288e-05
2,0.1,200,22,tis,0.0002645686319831763
2,0.1,200,22,uniform,0.00033959190195683407
2,0.1,200,23,complete_rollout,1.2841866378876897e-05
2,0.1,200,23,tis,0.000299343979201236
2,0.1,200,23,uniform,0.0004148960822834587
2,0.1,200,24,complete_rollout,9.808826778883225e-06
2,0.1,200,24,tis,9.677503397161351e-05
2,0.1,200,24,uniform,0.0005547817181376804
2,0.1,200,25,complete_rollout,3.565398040338009e-05
2,0.1,200,25,tis,0.0006375983687402613
2,0.1,200,25,uniform,0.0006846190403591564
2,0.1,200,26,complete_rollout,1.2197046261825908e-05
2,0.1,200,26,tis,0.0007263127219955843
2,0.1,200,26,uniform,0.0004741639475505874
2,0.1,200,27,complete_rollout,1.4962892564991174e-05
2,0.1,200,27,tis,0.00022547659159747704
2,0.1,200,27,uniform,0.00034031100795075593
2,0.1,200,28,complete_rollout,1.377039650516383e-05
2,0.1,200,28,tis,0.00011334879717768526
2,0.1,200,28,uniform,0.000820225076186035
2,0.1,200,29,complete_rollout,8.01722275232347e-06
2,0.1,200,29,tis,0.0001280578233131347
2,0.1,200,29,uniform,0.00031785048493134725
2,0.1,200,30,complete_rollout,2.441948406360907e-05
2,0.1,200,30,tis,0.0005036925278315525
2,0.1,200,30,uniform,0.0008962948063745234
2,0.1,200,31,complete_rollout,1.6452022523276675e-05
2,0.1,200,31,tis,0.00014273955843113878
2,0.1,200,31,uniform,0.0007580948786218111
2,0.1,200,32,complete_rollout,1.745103847379432e-05
2,0.1,200,32,tis,6.426023273798279e-05
2,0.1,200,32,uniform,0.00035379189571719914
2,0.1,200,33,complete_rollout,1.2099184446696767e-05
2,0.1,200,33,tis,0.0007318614912499776
2,0.1,200,33,uniform,0.0002630464530014399
2,0.1,200,34,complete_rollout,1.3920958560154685e-05
2,0.1,200,34,tis,0.0008912276015103513
2,0.1,200,34,uniform,0.0003975299749219827
2,0.1,200,35,complete_rollout,1.5406032295990014e-05
2,0.1,200,35,tis,0.0008658346596811206
2,0.1,200,35,uniform,0.00047689034025887256
2,0.1,200,36,complete_rollout,1.7691443094011007e-05
2,0.1,200,36,tis,0.00016070847862822006
2,0.1,200,36,uniform,0.00041418593424346137
2,0.1,200,37,complete_rollout,1.357137167995363e-05
2,0.1,200,37,tis,0.00037304005064566707
2,0.1,200,37,uniform,0.0006617052140566452
2,0.1,200,38,complete_rollout,7.915227366876443e-06
2,0.1,200,38,tis,0.00013319839453891955
2,0.1,200,38,uniform,0.0003820140057900902
2,0.1,200,39,complete_rollout,9.225353331862194e-06
2,0.1,200,39,tis,0.0007202011849830405
2,0.1,200,39,uniform,0.0005438778243276734
2,0.1,200,40,complete_rollout,5.299328321320919e-06
2,0.1,200,40,tis,0.0002632644564707092
2,0.1,200,40,uniform,0.0005113273903003029
2,0.1,200,41,complete_rollout,1.0087100105497634e-05
2,0.1,200,41,tis,9.074493513152889e-05
2,0.1,200,41,uniform,0.0005514017394653639
2,0.1,200,42,complete_rollout,1.5488096274739443e-05
2,0.1,200,42,tis,5.9772252261851486e-05
2,0.1,200,42,uniform,0.0009343034291509192
2,0.1,200,43,complete_rollout,3.6750325155208916e-05
2,0.1,200,43,tis,0.0007638102176891145
2,0.1,200,43,uniform,0.0008634590849760605
2,0.1,200,44,complete_rollout,1.5974508480743273e-05
2,0.1,200,44,tis,0.0002706827669064946
2,0.1,200,44,uniform,0.0005092721660938613
2,0.1,200,45,complete_rollout,6.592805389945878e-06
2,0.1,200,45,tis,0.0010685376918470586
2,0.1,200,45,uniform,0.0007745017082357853
2,0.1,200,46,complete_rollout,1.3667190026829468e-05
2,0.1,200,46,tis,0.0001698892206619967
2,0.1,200,46,uniform,0.0005319123159347678
2,0.1,200,47,complete_rollout,1.6089389731019136e-05
2,0.1,200,47,tis,0.00011833182445357877
2,0.1,200,47,uniform,0.0011868741007785221
2,0.1,200,48,complete_rollout,3.4086191341209314e-05
2,0.1,200,48,tis,0.0005151143671784669
2,0.1,200,48,uniform,0.0003730983821103041
2,0.1,200,49,complete_rollout,1.2180860935694015e-05
2,0.1,200,49,tis,0.0008749847922170037
2,0.1,200,49,uniform,0.001777373425722906
2,0.1,200,50,complete_rollout,2.37877654386241e-05
2,0.1,200,50,tis,0.0005961104550504365
2,0.1,200,50,uniform,0.000963811620031731
2,0.1,200,51,complete_rollout,1.0833442327526987e-05
2,0.1,200,51,tis,0.0006752554313842918
2,0.1,200,51,uniform,0.00048342534941849403
2,0.1,200,52,complete_rollout,8.27014277938387e-06
2,0.1,200,52,tis,0.00035468157551265714
2,0.1,200,52,uniform,0.00039386116331962146
2,0.1,200,53,complete_rollout,1.696510127401812e-05
2,0.1,200,53,tis,0.00033669673476690974
2,0.1,200,53,uniform,0.0011625526972524082
2,0.1,200,54,complete_rollout,6.460364490043208e-06
2,0.1,200,54,tis,0.0007590805150613092
2,0.1,200,54,uniform,0.0004850017491678641
2,0.1,200,55,complete_rollout,1.684391264816724e-05
2,0.1,200,55,tis,0.00017462517258522503
2,0.1,200,55,uniform,0.0003803995120491393
2,0.1,200,56,complete_rollout,1.4009750961133273e-05
2,0.1,200,56,tis,0.0012594034509947254
2,0.1,200,56,uniform,0.0008398899170211369
2,0.1,200,57,complete_rollout,1.521685382586324e-05
2,0.1,200,57,tis,0.0007703521689553205
2,0.1,200,57,uniform,0.0003986279881782589
2,0.1,200,58,complete_rollout,8.777554086171477e-06
2,0.1,200,58,tis,0.0003340992336663539
2,0.1,200,58,uniform,0.0004839748140709153
2,0.1,200,59,complete_rollout,1.8381272055140706e-05
2,0.1,200,59,tis,0.001048481490418105
2,0.1,200,59,uniform,0.001625650499472953
2,0.1,200,60,complete_rollout,1.4595783401432748e-05
2,0.1,200,60,tis,0.0007093955411176857
2,0.1,200,60,uniform,0.0011429019130206647
2,0.1,200,61,complete_rollout,1.311453398356764e-05
2,0.1,200,61,tis,0.00040527932026376227
2,0.1,200,61,uniform,0.0006162216994003276
2,0.1,200,62,complete_rollout,1.1375396662633714e-05
2,0.1,200,62,tis,7.564777525468657e-05
2,0.1,200,62,uniform,0.0004551932681640296
2,0.1,200,63,complete_rollout,2.377344502469972e-05
2,0.1,200,63,tis,0.0008207625535116519
2,0.1,200,63,uniform,0.0002709199352292757
2,0.1,200,64,complete_rollout,1.5915613685261638e-05
2,0.1,200,64,tis,0.002230293125709123
2,0.1,200,64,uniform,0.0006561211647930767
2,0.1,200,65,complete_rollout,1.9895165718673598e-05
2,0.1,200,65,tis,0.00011020773480505889
2,0.1,200,65,uniform,0.00035714467580338287
2,0.1,200,66,complete_rollout,2.119711994270676e-05
2,0.1,200,66,tis,0.0001925523761353462
2,0.1,200,66,uniform,0.0006590694890054786
2,0.1,200,67,complete_rollout,1.3814060476390433e-05
2,0.1,200,67,tis,0.00027097178348071775
2,0.1,200,67,uniform,0.0002008926822458402
2,0.1,200,68,complete_rollout,1.5117177121190749e-05
2,0.1,200,68,tis,8.82342913353165e-05
2,0.1,200,68,uniform,0.0003207039739911428
2,0.1,200,69,complete_rollout,1.6575498695619728e-05
2,0.1,200,69,tis,0.00012338752590140275
2,0.1,200,69,uniform,0.0013353705694104762
2,0.1,200,70,complete_rollout,1.6542030079792913e-05
2,0.1,200,70,tis,0.0001662914077672301
2,0.1,200,70,uniform,0.0007171479425951226
2,0.1,200,71,complete_rollout,1.9606746021865226e-05
2,0.1,200,71,tis,0.00022140446027384735
2,0.1,200,71,uniform,0.0005134909841299306
2,0.1,200,72,complete_rollout,1.5966741948446948e-05
2,0.1,200,72,tis,9.902706803217858e-05
2,0.1,200,72,uniform,0.0005773785302168888
2,0.1,200,73,complete_rollout,1.8677284724457e-05
2,0.1,200,73,tis,9.336118684641187e-05
2,0.1,200,73,uniform,0.00014381379035592276
2,0.1,200,74,complete_rollout,1.211962710040037e-05
2,0.1,200,74,tis,0.0003453763664988302
2,0.1,200,74,uniform,0.00045886597077487534
2,0.1,200,75,complete_rollout,9.214286239409596e-06
2,0.1,200,75,tis,0.00020072213323645883
2,0.1,200,75,uniform,0.0004937762836808952
2,0.1,200,76,complete_rollout,1.7943060249463358e-05
2,0.1,200,76,tis,0.0001455384175927302
2,0.1,200,76,uniform,0.00031912614066766885
2,0.1,200,77,complete_rollout,1.5496935948626448e-05
2,0.1,200,77,tis,0.0003138643295765527
2,0.1,200,77,uniform,0.0005281880304898492
2,0.1,200,78,complete_rollout,1.5433090600862393e-05
2,0.1,200,78,tis,0.00028904832921076474
2,0.1,200,78,uniform,0.0008577601395276502
2,0.1,200,79,complete_rollout,1.0365894405420223e-05
2,0.1,200,79,tis,0.00033630191183862376
2,0.1,200,79,uniform,0.0005687172159342664
2,0.1,200,80,complete_rollout,1.8417801814903257e-05
2,0.1,200,80,tis,0.0008093814300736369
2,0.1,200,80,uniform,0.0003459838702956314
2,0.1,200,81,complete_rollout,1.696988990589712e-05
2,0.1,200,81,tis,0.0005306769833521668
2,0.1,200,81,uniform,0.0004878250540887325
2,0.1,200,82,complete_rollout,2.296439226961645e-05
2,0.1,200,82,tis,0.00017126510392908448
2,0.1,200,82,uniform,0.0004575775509297915
2,0.1,200,83,complete_rollout,2.009431486019107e-05
2,0.1,200,83,tis,0.0003869006381335698
2,0.1,200,83,uniform,0.0005306508393705048
2,0.1,200,84,complete_rollout,7.2267860654995035e-06
2,0.1,200,84,tis,0.0008982984436820652
2,0.1,200,84,uniform,0.0017236173205030783
2,0.1,200,85,complete_rollout,1.2186436212749471e-05
2,0.1,200,85,tis,0.00017082531725762666
2,0.1,200,85,uniform,0.0003575289752265537
2,0.1,200,86,complete_rollout,1.4760133903286834e-05
2,0.1,200,86,tis,0.0007875509865277212
2,0.1,200,86,uniform,0.000515920156803927
2,0.1,200,87,complete_rollout,1.9524835744723347e-05
2,0.1,200,87,tis,0.000131351122810665
2,0.1,200,87,uniform,0.00050507840437189
2,0.1,200,88,complete_rollout,2.713648397056566e-05
2,0.1,200,88,tis,0.00023397952968265816
2,0.1,200,88,uniform,0.0004410073650378
2,0.1,200,89,complete_rollout,9.78980488141371e-06
2,0.1,200,89,tis,0.0008697472759900827
2,0.1,200,89,uniform,0.0002879344224479549
2,0.1,200,90,complete_rollout,1.1627300190250496e-05
2,0.1,200,90,tis,0.00020865465686100085
2,0.1,200,90,uniform,0.0011100786758888091
2,0.1,200,91,complete_rollout,2.2154745149725836e-05
2,0.1,200,91,tis,0.0004795111485941458
2,0.1,200,91,uniform,0.0005828398672414115
2,0.1,200,92,complete_rollout,8.95709360273192e-06
2,0.1,200,92,tis,0.0002550886757680863
2,0.1,200,92,uniform,0.0007132258947925301
2,0.1,200,93,complete_rollout,8.842155584814285e-06
2,0.1,200,93,tis,0.00030481970514914124
2,0.1,200,93,uniform,0.0005461976063394372
2,0.1,200,94,complete_rollout,1.7980762562139905e-05
2,0.1,200,94,tis,0.00041032376955616655
2,0.1,200,94,uniform,0.0004677680968895616
2,0.1,200,95,complete_rollout,1.34975883457505e-05
2,0.1,200,95,tis,0.0003928748555634441
2,0.1,200,95,uniform,0.0002843726827032628
2,0.1,200,96,complete_rollout,1.1985351862328917e-05
2,0.1,200,96,tis,0.00044000532539259865
2,0.1,200,96,uniform,0.00039155027393715974
2,0.1,200,97,complete_rollout,1.3420805650294728e-05
2,0.1,200,97,tis,0.00047136231100263485
2,0.1,200,97,uniform,0.0011813391511798928
2,0.1,200,98,complete_rollout,1.4338822178291481e-05
2,0.1,200,98,tis,0.0004063542983399953
2,0.1,200,98,uniform,0.0002002175851322571
2,0.1,200,99,complete_rollout,8.216995296843376e-06
2,0.1,200,99,tis,0.0005758215841096368
2,0.1,200,99,uniform,0.0008589815713916496
2,0.1,200,100,complete_rollout,5.479117375386087e-06
2,0.1,200,100,tis,0.000548058181479698
2,0.1,200,100,uniform,0.0005643117648378421
2,0.1,200,101,complete_rollout,1.6843555324424565e-05
2,0.1,200,101,tis,0.0010666395923184958
2,0.1,200,101,uniform,0.00035432690782165414
2,0.1,200,102,complete_rollout,1.0239016780188751e-05
2,0.1,200,102,tis,0.000178710851590017
2,0.1,200,102,uniform,0.0005214521058394236
2,0.1,200,103,complete_rollout,1.4724571161759453e-05
2,0.1,200,103,tis,0.0007595296601813995
2,0.1,200,103,uniform,0.0009224176160014548
2,0.1,200,104,complete_rollout,1.7308920755900877e-05
2,0.1,200,104,tis,0.0010023107434985548
2,0.1,200,104,uniform,0.0005452553308127638
2,0.1,200,105,complete_rollout,1.0388092182610728e-05
2,0.1,200,105,tis,0.0010286949413298976
2,0.1,200,105,uniform,0.0004443526348603544
2,0.1,200,106,complete_rollout,1.1490650149582296e-05
2,0.1,200,106,tis,0.00013833263559747446
2,0.1,200,106,uniform,0.0007596507836945134
2,0.1,200,107,complete_rollout,2.616472058731398e-05
2,0.1,200,107,tis,0.0003095440314820539
2,0.1,200,107,uniform,0.0005819437015330856
2,0.1,200,108,complete_rollout,1.996570006514512e-05
2,0.1,200,108,tis,0.00020391817639017182
2,0.1,200,108,uniform,0.00046410522979631894
2,0.1,200,109,complete_rollout,7.930103867294455e-06
2,0.1,200,109,tis,0.0005346922504180154
2,0.1,200,109,uniform,0.0020226535713364956
2,0.1,200,110,complete_rollout,1.635196778366635e-05
2,0.1,200,110,tis,0.0011946219923403196
2,0.1,200,110,uniform,0.0005779331559937879
2,0.1,200,111,complete_rollout,2.0538422917207445e-05
2,0.1,200,111,tis,0.0005810022740919618
2,0.1,200,111,uniform,0.0003007548887983521
2,0.1,200,112,complete_rollout,1.5581567651766933e-05
2,0.1,200,112,tis,0.00017964632516164492
2,0.1,200,112,uniform,0.0006257349798638634
2,0.1,200,113,complete_rollout,9.946667269626317e-06
2,0.1,200,113,tis,0.0012469083000156839
2,0.1,200,113,uniform,0.00037052063296089463
2,0.1,200,114,complete_rollout,2.379255313376324e-05
2,0.1,200,114,tis,6.880287303143539e-05
2,0.1,200,114,uniform,0.0005613809269191651
2,0.1,200,115,complete_rollout,1.564781076308247e-05
2,0.1,200,115,tis,0.0008334848056846295
2,0.1,200,115,uniform,0.0003848374006652514
2,0.1,200,116,complete_rollout,1.7178638240788684e-05
2,0.1,200,116,tis,0.0001763931074177735
2,0.1,200,116,uniform,0.00035414095844032436
2,0.1,200,117,complete_rollout,1.1712624769816478e-05
2,0.1,200,117,tis,0.0005878525536940415
2,0.1,200,117,uniform,0.00033763246266270755
2,0.1,200,118,complete_rollout,9.233631985152681e-06
2,0.1,200,118,tis,0.0004652763506453485
2,0.1,200,118,uniform,0.0007837170650227897
2,0.1,200,119,complete_rollout,2.2548314920215192e-05
2,0.1,200,119,tis,0.00031725230989818997
2,0.1,200,119,uniform,0.0002521152514001276
2,0.1,200,120,complete_rollout,8.394970393015869e-06
2,0.1,200,120,tis,8.083237044646157e-05
2,0.1,200,120,uniform,0.0003801137011302891
2,0.1,200,121,complete_rollout,1.6017710176774954e-05
2,0.1,200,121,tis,0.0010330831752388186
2,0.1,200,121,uniform,0.001566815815380915
2,0.1,200,122,complete_rollout,1.796215150402988e-05
2,0.1,200,122,tis,0.0004635684569378714
2,0.1,200,122,uniform,0.0005713733659033146
2,0.1,200,123,complete_rollout,7.319153034222357e-06
2,0.1,200,123,tis,0.00026603982734977287
2,0.1,200,123,uniform,0.0005681364180166827
2,0.1,200,124,complete_rollout,2.1306163639868707e-05
2,0.1,200,124,tis,8.709237656159094e-05
2,0.1,200,124,uniform,0.0008244352678386113
2,0.1,200,125,complete_rollout,1.2360070887017251e-05
2,0.1,200,125,tis,0.0005007087638907424
2,0.1,200,125,uniform,0.0002842771553427274
2,0.1,200,126,complete_rollout,2.5122376922379377e-05
2,0.1,200,126,tis,0.00029749990488296354
2,0.1,200,126,uniform,0.000574631765173675
2,0.1,200,127,complete_rollout,8.041766761909551e-06
2,0.1,200,127,tis,0.0002417408466745094
2,0.1,200,127,uniform,0.0004905382537868576
2,0.1,200,128,complete_rollout,1.3658514425287513e-05
2,0.1,200,128,tis,0.00017489166142143172
2,0.1,200,128,uniform,0.0016200614875402331
2,0.1,200,129,complete_rollout,3.976964125126041e-05
2,0.1,200,129,tis,0.00023139220697684354
2,0.1,200,129,uniform,0.0004270814865932612
2,0.1,200,130,complete_rollout,1.8171195265331715e-05
2,0.1,200,130,tis,0.00020600499425915664
2,0.1,200,130,uniform,0.00033600743220163763
2,0.1,200,131,complete_rollout,8.811220376566878e-06
2,0.1,200,131,tis,0.00042908448893162743
2,0.1,200,131,uniform,0.000537344614275775
2,0.1,200,132,complete_rollout,7.5437396907211e-06
2,0.1,200,132,tis,0.00018264494165508914
2,0.1,200,132,uniform,0.0005733742130524021
2,0.1,200,133,complete_rollout,1.3305833977966032e-05
2,0.1,200,133,tis,0.00023268300653912224
2,0.1,200,133,uniform,0.00043423184580618294
2,0.1,200,134,complete_rollout,6.8753069733855176e-06
2,0.1,200,134,tis,0.00047452582288683154
2,0.1,200,134,uniform,0.0006082051245409997
2,0.1,200,135,complete_rollout,2.534915153724873e-05
2,0.1,200,135,tis,0.00012300092298588657
2,0.1,200,135,uniform,0.0011046507434513528
2,0.1,200,136,complete_rollout,1.2898653657901136e-05
2,0.1,200,136,tis,0.0010371265552212253
2,0.1,200,136,uniform,0.0009086411180873516
2,0.1,200,137,complete_rollout,1.7831442220354837e-05
2,0.1,200,137,tis,0.0005748143369292994
2,0.1,200,137,uniform,0.00032317528247454146
2,0.1,200,138,complete_rollout,3.37898441629709e-05
2,0.1,200,138,tis,0.00016773030335436194
2,0.1,200,138,uniform,0.0004190922746512864
2,0.1,200,139,complete_rollout,8.628683739425048e-06
2,0.1,200,139,tis,0.0007423665741322009
2,0.1,200,139,uniform,0.0010609835511920253
2,0.1,200,140,complete_rollout,2.083655597590641e-05
2,0.1,200,140,tis,0.0007156747829160974
2,0.1,200,140,uniform,0.0007012236589783466
2,0.1,200,141,complete_rollout,6.383267743024908e-06
2,0.1,200,141,tis,0.0035661749533651785
2,0.1,200,141,uniform,0.0006938843430978077
2,0.1,200,142,complete_rollout,1.388389679398152e-05
2,0.1,200,142,tis,0.0010469759607939881
2,0.1,200,142,uniform,0.0005023387893276146
2,0.1,200,143,complete_rollout,2.071098212124376e-05
2,0.1,200,143,tis,6.836027973661324e-05
2,0.1,200,143,uniform,0.00038393168251192177
2,0.1,200,144,complete_rollout,1.4199633459161264e-05
2,0.1,200,144,tis,0.000162210395995667
2,0.1,200,144,uniform,0.00033430549853194556
2,0.1,200,145,complete_rollout,1.339393058632062e-05
2,0.1,200,145,tis,0.0007098417023320507
2,0.1,200,145,uniform,0.0010748303047844704
2,0.1,200,146,complete_rollout,1.3753147542904235e-05
2,0.1,200,146,tis,0.00017827110487838256
2,0.1,200,146,uniform,0.0002397146624126053
2,0.1,200,147,complete_rollout,2.445948705407289e-05
2,0.1,200,147,tis,0.0005315521452059791
2,0.1,200,147,uniform,0.0014505752318458793
2,0.1,200,148,complete_rollout,9.406250918039489e-06
2,0.1,200,148,tis,0.00016590799401801023
2,0.1,200,148,uniform,0.000846643303543257
2,0.1,200,149,complete_rollout,2.3312079755612572e-05
2,0.1,200,149,tis,0.0006803315860223067
2,0.1,200,149,uniform,0.0004506593625252799
2,0.1,200,150,complete_rollout,1.8375397007189276e-05
2,0.1,200,150,tis,6.599448643144193e-05
2,0.1,200,150,uniform,0.0002498628842574126
2,0.1,200,151,complete_rollout,2.098449097879499e-05
2,0.1,200,151,tis,5.7940453246478236e-05
2,0.1,200,151,uniform,0.0006183157873518658
2,0.1,200,152,complete_rollout,1.5228723700047633e-05
2,0.1,200,152,tis,0.0004913086187492193
2,0.1,200,152,uniform,0.0005341151798305574
2,0.1,200,153,complete_rollout,1.2010325121121294e-05
2,0.1,200,153,tis,0.00014777421822668947
2,0.1,200,153,uniform,0.00030614085054371423
2,0.1,200,154,complete_rollout,1.1477443658390626e-05
2,0.1,200,154,tis,0.00048005678176925597
2,0.1,200,154,uniform,0.0011739839800683676
2,0.1,200,155,complete_rollout,4.0131535071737154e-05
2,0.1,200,155,tis,0.0006388161080812196
2,0.1,200,155,uniform,0.0008682638296057716
2,0.1,200,156,complete_rollout,2.582243018031982e-05
2,0.1,200,156,tis,0.0008058390066469349
2,0.1,200,156,uniform,0.0009142368387994968
2,0.1,200,157,complete_rollout,1.6828555954775674e-05
2,0.1,200,157,tis,0.0001446643505992014
2,0.1,200,157,uniform,0.0001692413305448789
2,0.1,200,158,complete_rollout,9.566660691529794e-06
2,0.1,200,158,tis,0.0004692371686286641
2,0.1,200,158,uniform,0.000714898552233021
2,0.1,200,159,complete_rollout,2.4830874278347778e-05
2,0.1,200,159,tis,0.00021718047610186142
2,0.1,200,159,uniform,0.0005917274904813988
2,0.1,200,160,complete_rollout,1.3492913305250435e-05
2,0.1,200,160,tis,0.0006742817509498115
2,0.1,200,160,uniform,0.00035397479962684847
2,0.1,200,161,complete_rollout,1.2999450360970734e-05
2,0.1,200,161,tis,0.0004883318219054745
2,0.1,200,161,uniform,0.00036800688918228606
2,0.1,200,162,complete_rollout,6.631944114574797e-06
2,0.1,200,162,tis,0.0002101478714876715
2,0.1,200,162,uniform,0.00028336300885077245
2,0.1,200,163,complete_rollout,1.4314965513691678e-05
2,0.1,200,163,tis,6.630865355450464e-05
2,0.1,200,163,uniform,0.0006047799568092407
2,0.1,200,164,complete_rollout,2.541726461997199e-05
2,0.1,200,164,tis,0.00044991051722441096
2,0.1,200,164,uniform,0.00021037128905271958
2,0.1,200,165,complete_rollout,1.3661342593638735e-05
2,0.1,200,165,tis,0.00047539385541550835
2,0.1,200,165,uniform,0.0002909901959434365
2,0.1,200,166,complete_rollout,1.2537199715260172e-05
2,0.1,200,166,tis,0.0002185337321712663
2,0.1,200,166,uniform,0.0011514802913103234
2,0.1,200,167,complete_rollout,9.210419777476473e-06
2,0.1,200,167,tis,0.00017205536383359054
2,0.1,200,167,uniform,0.0007045649745546706
2,0.1,200,168,complete_rollout,8.782909113166705e-06
2,0.1,200,168,tis,0.00015414175059588406
2,0.1,200,168,uniform,0.0005292687823714592
2,0.1,200,169,complete_rollout,3.1937919240400754e-05
2,0.1,200,169,tis,0.0001746628782102069
2,0.1,200,169,uniform,0.0006138953195641308
2,0.1,200,170,complete_rollout,1.4049556483381623e-05
2,0.1,200,170,tis,0.00016322654757010882
2,0.1,200,170,uniform,0.0001903906140562717
2,0.1,200,171,complete_rollout,1.4298542395522414e-05
2,0.1,200,171,tis,0.00019013540462734302
2,0.1,200,171,uniform,0.0005698434697780037
2,0.1,200,172,complete_rollout,7.004086928847241e-06
2,0.1,200,172,tis,0.0003274773622829115
2,0.1,200,172,uniform,0.0003748336962442283
2,0.1,200,173,complete_rollout,1.4776608744924667e-05
2,0.1,200,173,tis,0.0005066747077837389
2,0.1,200,173,uniform,0.0007810819571319133
2,0.1,200,174,complete_rollout,8.902056105432117e-06
2,0.1,200,174,tis,0.00020606429279366865
2,0.1,200,174,uniform,0.00043164845775458887
2,0.1,200,175,complete_rollout,1.83144150494853e-05
2,0.1,200,175,tis,0.00027742022320190765
2,0.1,200,175,uniform,0.0011426138641350387
2,0.1,200,176,complete_rollout,9.197222394197927e-06
2,0.1,200,176,tis,0.00012959949755086524
2,0.1,200,176,uniform,0.0004546315705873868
2,0.1,200,177,complete_rollout,1.7871785009228234e-05
2,0.1,200,177,tis,0.0007059813460645387
2,0.1,200,177,uniform,0.0008535887675280529
2,0.1,200,178,complete_rollout,7.767243956217988e-06
2,0.1,200,178,tis,0.00077407123665757
2,0.1,200,178,uniform,0.00044195779106783725
2,0.1,200,179,complete_rollout,2.8112891295228247e-05
2,0.1,200,179,tis,0.00046256085235806053
2,0.1,200,179,uniform,0.0010098108923936944
2,0.1,200,180,complete_rollout,1.0886089129029437e-05
2,0.1,200,180,tis,0.00014538249193292403
2,0.1,200,180,uniform,0.0008163741259401933
2,0.1,200,181,complete_rollout,1.0696137521160743e-05
2,0.1,200,181,tis,0.00023895328830877185
2,0.1,200,181,uniform,0.0005861021829478396
2,0.1,200,182,complete_rollout,2.056841186681217e-05
2,0.1,200,182,tis,0.00044574147051568597
2,0.1,200,182,uniform,0.0007386290722899422
2,0.1,200,183,complete_rollout,2.1196531137713474e-05
2,0.1,200,183,tis,0.0007341058293220244
2,0.1,200,183,uniform,0.00015297702117644197
2,0.1,200,184,complete_rollout,1.5850995725544815e-05
2,0.1,200,184,tis,8.639539218740438e-05
2,0.1,200,184,uniform,0.0003428660459495557
2,0.1,200,185,complete_rollout,1.9936232141394805e-05
2,0.1,200,185,tis,0.00010273715792842743
2,0.1,200,185,uniform,0.00029893979770010526
2,0.1,200,186,complete_rollout,9.547462196197787e-06
2,0.1,200,186,tis,0.000794603103677765
2,0.1,200,186,uniform,0.0008553573136449901
2,0.1,200,187,complete_rollout,3.718973817939914e-05
2,0.1,200,187,tis,9.099689709248727e-05
2,0.1,200,187,uniform,0.00046402362992354165
2,0.1,200,188,complete_rollout,2.118277042516942e-05
2,0.1,200,188,tis,0.00022768959529463666
2,0.1,200,188,uniform,0.0006869891968333612
2,0.1,200,189,complete_rollout,1.4625617979663329e-05
2,0.1,200,189,tis,0.0012176788372204861
2,0.1,200,189,uniform,0.00018770645792946783
2,0.1,200,190,complete_rollout,1.3093586220116491e-05
2,0.1,200,190,tis,0.0007393003694551237
2,0.1,200,190,uniform,0.00048102960662778935
2,0.1,200,191,complete_rollout,2.00571690162646e-05
2,0.1,200,191,tis,0.0005571951858445622
2,0.1,200,191,uniform,0.0006290358866341198
2,0.1,200,192,complete_rollout,2.209712334570039e-05
2,0.1,200,192,tis,0.00011943631072617863
2,0.1,200,192,uniform,0.0003703099386222118
2,0.1,200,193,complete_rollout,1.4608177417624381e-05
2,0.1,200,193,tis,0.0002776473431612975
2,0.1,200,193,uniform,0.0003988435606659429
2,0.1,200,194,complete_rollout,1.2493528805852699e-05
2,0.1,200,194,tis,0.001135619941667701
2,0.1,200,194,uniform,0.0005003480285750128
2,0.1,200,195,complete_rollout,1.333396282267528e-05
2,0.1,200,195,tis,0.00015465629483967584
2,0.1,200,195,uniform,0.00032272459393891436
2,0.1,200,196,complete_rollout,1.0466663636738907e-05
2,0.1,200,196,tis,0.0001406145581401673
2,0.1,200,196,uniform,0.0010590468532248832
2,0.1,200,197,complete_rollout,1.595720945218098e-05
2,0.1,200,197,tis,0.000644980693177469
2,0.1,200,197,uniform,0.000295907566180176
2,0.1,200,198,complete_rollout,1.1704774758373505e-05
2,0.1,200,198,tis,0.0002597243218372243
2,0.1,200,198,uniform,0.00040764161709149486
2,0.1,200,199,complete_rollout,2.2954767071130377e-05
2,0.1,200,199,tis,0.000753677535948076
2,0.1,200,199,uniform,0.0006841401669966026
2,0.1,200,200,complete_rollout,2.8278115498506412e-05
2,0.1,200,200,tis,9.45778349734828e-05
2,0.1,200,200,uniform,0.0005223027945358992
2,0.1,200,201,complete_rollout,1.131247880919401e-05
2,0.1,200,201,tis,0.0007643751385804704
2,0.1,200,201,uniform,0.0007408218834402337
2,0.1,200,202,complete_rollout,6.481745644274491e-06
2,0.1,200,202,tis,0.001271408337597303
2,0.1,200,202,uniform,0.0011636203175683533
2,0.1,200,203,complete_rollout,9.718799794086908e-06
2,0.1,200,203,tis,0.0010364514938490407
2,0.1,200,203,uniform,0.0007557030464177164
2,0.1,200,204,complete_rollout,1.0303349635461018e-05
2,0.1,200,204,tis,0.0018935928850332925
2,0.1,200,204,uniform,0.0005734703380200448
2,0.1,200,205,complete_rollout,3.0409206606078237e-05
2,0.1,200,205,tis,0.0002707731997296354
2,0.1,200,205,uniform,0.00040077003025349464
2,0.1,200,206,complete_rollout,1.0078196955229919e-05
2,0.1,200,206,tis,0.00012453361361618677
2,0.1,200,206,uniform,0.000435470235330759
2,0.1,200,207,complete_rollout,8.744874848866195e-06
2,0.1,200,207,tis,0.0005060146308261705
2,0.1,200,207,uniform,0.0003564356128703235
2,0.1,200,208,complete_rollout,1.786268368989531e-05
2,0.1,200,208,tis,0.00014086277047691622
2,0.1,200,208,uniform,0.00021579833052792942
2,0.1,200,209,complete_rollout,3.308831165334928e-05
2,0.1,200,209,tis,0.00011159792472074064
2,0.1,200,209,uniform,0.00048286019097217785
2,0.1,200,210,complete_rollout,1.2029629963923994e-05
2,0.1,200,210,tis,0.0001757073468277437
2,0.1,200,210,uniform,0.0003392307585188935
2,0.1,200,211,complete_rollout,2.6320378148242505e-05
2,0.1,200,211,tis,0.001037023489462589
2,0.1,200,211,uniform,0.0013965301324754132
2,0.1,200,212,complete_rollout,1.4753035523864834e-05
2,0.1,200,212,tis,0.0013111452783471907
2,0.1,200,212,uniform,0.0002446615385918928
2,0.1,200,213,complete_rollout,2.1791026687832762e-05
2,0.1,200,213,tis,0.0010440295113775652
2,0.1,200,213,uniform,0.0005318909475657406
2,0.1,200,214,complete_rollout,1.0941660815306432e-05
2,0.1,200,214,tis,0.001351773011126158
2,0.1,200,214,uniform,0.0003000012315514995
2,0.1,200,215,complete_rollout,1.3683774888703475e-05
2,0.1,200,215,tis,0.0009065424409082854
2,0.1,200,215,uniform,0.0002829955865960881
2,0.1,200,216,complete_rollout,2.027628611393321e-05
2,0.1,200,216,tis,0.00033698697750120547
2,0.1,200,216,uniform,0.0007670301547375378
2,0.1,200,217,complete_rollout,1.432177984227512e-05
2,0.1,200,217,tis,6.166942824086242e-05
2,0.1,200,217,uniform,0.00039318809202730596
2,0.1,200,218,complete_rollout,1.4425264688258822e-05
2,0.1,200,218,tis,0.00048362963691024347
2,0.1,200,218,uniform,0.0005980568658037507
2,0.1,200,219,complete_rollout,1.0082166137319262e-05
2,0.1,200,219,tis,0.0002800186802785323
2,0.1,200,219,uniform,0.0007544916071039981
2,0.1,200,220,complete_rollout,1.1199823651172257e-05
2,0.1,200,220,tis,0.0006359562222529978
2,0.1,200,220,uniform,0.0010402137641874875
2,0.1,200,221,complete_rollout,1.4831479830169424e-05
2,0.1,200,221,tis,0.0011689527160209108
2,0.1,200,221,uniform,0.0006034260979458561
2,0.1,200,222,complete_rollout,1.5819538722070763e-05
2,0.1,200,222,tis,0.0002763948742396933
2,0.1,200,222,uniform,0.0005268459857807919
2,0.1,200,223,complete_rollout,1.2259621631770079e-05
2,0.1,200,223,tis,0.0005229158893302472
2,0.1,200,223,uniform,0.0006073029717414077
2,0.1,200,224,complete_rollout,1.3286788442663789e-05
2,0.1,200,224,tis,0.00012694524344207205
2,0.1,200,224,uniform,0.00027623531957262433
2,0.1,200,225,complete_rollout,7.74683747907938e-06
2,0.1,200,225,tis,0.00028913240464550433
2,0.1,200,225,uniform,0.0003477122362851022
2,0.1,200,226,complete_rollout,1.2123620873994682e-05
2,0.1,200,226,tis,0.00021876804730404395
2,0.1,200,226,uniform,0.000217866684338445
2,0.1,200,227,complete_rollout,2.028506265067858e-05
2,0.1,200,227,tis,0.00022117914030418865
2,0.1,200,227,uniform,0.0003589678251218904
2,0.1,200,228,complete_rollout,9.946204625580356e-06
2,0.1,200,228,tis,0.0009081548470978925
2,0.1,200,228,uniform,0.0010491081903722188
2,0.1,200,229,complete_rollout,1.5933856522061967e-05
2,0.1,200,229,tis,0.00010478718779987076
2,0.1,200,229,uniform,0.00041552679656741033
2,0.1,200,230,complete_rollout,9.000616714453314e-06
2,0.1,200,230,tis,0.0010655121269272836
2,0.1,200,230,uniform,0.0009138720107558377
2,0.1,200,231,complete_rollout,1.497988533099421e-05
2,0.1,200,231,tis,0.0006636472341598283
2,0.1,200,231,uniform,0.0006549149548314185
2,0.1,200,232,complete_rollout,1.864295490028904e-05
2,0.1,200,232,tis,0.00012832998848752292
2,0.1,200,232,uniform,0.0005805465713484731
2,0.1,200,233,complete_rollout,2.108228514993699e-05
2,0.1,200,233,tis,5.099461161541158e-05
2,0.1,200,233,uniform,0.0003640363490953834
2,0.1,200,234,complete_rollout,2.208468359766744e-05
2,0.1,200,234,tis,0.0003553464454655962
2,0.1,200,234,uniform,0.0006377337663108215
2,0.1,200,235,complete_rollout,1.879349798020439e-05
2,0.1,200,235,tis,0.00019231965205530898
2,0.1,200,235,uniform,0.0008019187359262928
2,0.1,200,236,complete_rollout,1.1768189798053584e-05
2,0.1,200,236,tis,0.0004702072687435055
2,0.1,200,236,uniform,0.0007059844854293459
2,0.1,200,237,complete_rollout,1.0698031887089103e-05
2,0.1,200,237,tis,0.0008263196747115835
2,0.1,200,237,uniform,0.0003747594831245911
2,0.1,200,238,complete_rollout,2.4979046041595225e-05
2,0.1,200,238,tis,0.0007017922367988319
2,0.1,200,238,uniform,0.0010091215916466672
2,0.1,200,239,complete_rollout,2.1284283759933853e-05
2,0.1,200,239,tis,0.0002667229110270941
2,0.1,200,239,uniform,0.0006522909161474044
2,0.1,200,240,complete_rollout,1.29170155755506e-05
2,0.1,200,240,tis,0.0005869489594192934
2,0.1,200,240,uniform,0.0015527895370453968
2,0.1,200,241,complete_rollout,1.9208973186162942e-05
2,0.1,200,241,tis,0.00047520845402454156
2,0.1,200,241,uniform,0.000584667272126583
2,0.1,200,242,complete_rollout,1.652963023432693e-05
2,0.1,200,242,tis,0.00043184323652226624
2,0.1,200,242,uniform,0.00022461597581027387
2,0.1,200,243,complete_rollout,1.6440815724306707e-05
2,0.1,200,243,tis,0.0002821355772966455
2,0.1,200,243,uniform,0.0003794692077551337
2,0.1,200,244,complete_rollout,1.113204023505833e-05
2,0.1,200,244,tis,0.0005921505493384715
2,0.1,200,244,uniform,0.000934095470805564
2,0.1,200,245,complete_rollout,1.333135686446677e-05
2,0.1,200,245,tis,0.00017709307307801425
2,0.1,200,245,uniform,0.00025274907300739817
2,0.1,200,246,complete_rollout,1.2212370335383188e-05
2,0.1,200,246,tis,8.502224804035827e-05
2,0.1,200,246,uniform,0.0003822165466837498
2,0.1,200,247,complete_rollout,1.4455718083283048e-05
2,0.1,200,247,tis,0.0011710889271282806
2,0.1,200,247,uniform,0.0005175546927734205
2,0.1,200,248,complete_rollout,2.0426407374551776e-05
2,0.1,200,248,tis,0.0001186330643719872
2,0.1,200,248,uniform,0.0004995904451301921
2,0.1,200,249,complete_rollout,1.647248189925847e-05
2,0.1,200,249,tis,0.00022035713209582486
2,0.1,200,249,uniform,0.0008468194057578621
2,0.1,200,250,complete_rollout,1.5162681426784658e-05
2,0.1,200,250,tis,0.00013532204039170355
2,0.1,200,250,uniform,0.0011155296067169183
2,0.1,200,251,complete_rollout,8.307024708530501e-06
2,0.1,200,251,tis,0.0013078056441506794
2,0.1,200,251,uniform,0.0009277431596371498
2,0.1,200,252,complete_rollout,1.4011193929466426e-05
2,0.1,200,252,tis,0.0002465138626097893
2,0.1,200,252,uniform,0.0002178593266647521
2,0.1,200,253,complete_rollout,1.5115676203641136e-05
2,0.1,200,253,tis,0.00016419258978219985
2,0.1,200,253,uniform,0.000338524759924741
2,0.1,200,254,complete_rollout,8.046235771453858e-06
2,0.1,200,254,tis,0.000774822108849494
2,0.1,200,254,uniform,0.00040927437835142284
2,0.1,200,255,complete_rollout,1.6061464880103177e-05
2,0.1,200,255,tis,0.00035094395147574936
2,0.1,200,255,uniform,0.00043782039996788797
2,0.1,200,256,complete_rollout,1.3468298990479111e-05
2,0.1,200,256,tis,0.0005366477428662218
2,0.1,200,256,uniform,0.00032435062039512676
2,0.1,200,257,complete_rollout,1.1762673838772832e-05
2,0.1,200,257,tis,6.50360643534248e-05
2,0.1,200,257,uniform,0.0009163843669639449
2,0.1,200,258,complete_rollout,1.897193262549669e-05
2,0.1,200,258,tis,0.0002832060453993753
2,0.1,200,258,uniform,0.0004656519462541335
2,0.1,200,259,complete_rollout,2.0169266472896452e-05
2,0.1,200,259,tis,0.0005612110243810475
2,0.1,200,259,uniform,0.0005117134296566567
2,0.1,200,260,complete_rollout,3.208340678966076e-05
2,0.1,200,260,tis,0.0006707300594300172
2,0.1,200,260,uniform,0.0007336319289482832
2,0.1,200,261,complete_rollout,1.071247119547123e-05
2,0.1,200,261,tis,0.00010973348426328725
2,0.1,200,261,uniform,0.0004332152138469444
2,0.1,200,262,complete_rollout,1.0416053017106255e-05
2,0.1,200,262,tis,0.00023157929437847536
2,0.1,200,262,uniform,0.0006616540402557224
2,0.1,200,263,complete_rollout,9.980161695950087e-06
2,0.1,200,263,tis,0.00035858409117045737
2,0.1,200,263,uniform,0.00032644725525305925
2,0.1,200,264,complete_rollout,1.1454356007571619e-05
2,0.1,200,264,tis,0.00017021397432820268
2,0.1,200,264,uniform,0.0005088322943703826
2,0.1,200,265,complete_rollout,2.113426566889767e-05
2,0.1,200,265,tis,0.0018230272077663378
2,0.1,200,265,uniform,0.0012779104194904202
2,0.1,200,266,complete_rollout,2.6849286834461527e-05
2,0.1,200,266,tis,0.0001738097285094041
2,0.1,200,266,uniform,0.0005996688012077253
2,0.1,200,267,complete_rollout,1.496435303250798e-05
2,0.1,200,267,tis,0.0003080224292226954
2,0.1,200,267,uniform,0.0005167049974412605
2,0.1,200,268,complete_rollout,1.2028696132962954e-05
2,0.1,200,268,tis,0.0010788641584067104
2,0.1,200,268,uniform,0.0009087982144673863
2,0.1,200,269,complete_rollout,1.8356445878178463e-05
2,0.1,200,269,tis,0.0001522031084964508
2,0.1,200,269,uniform,0.00037755854679673393
2,0.1,200,270,complete_rollout,1.1097637687874436e-05
2,0.1,200,270,tis,0.0002845102064118727
2,0.1,200,270,uniform,0.0008350872315259311
2,0.1,200,271,complete_rollout,1.008344618902905e-05
2,0.1,200,271,tis,0.000533368496878887
2,0.1,200,271,uniform,0.00044316028547225457
2,0.1,200,272,complete_rollout,1.9554169108702508e-05
2,0.1,200,272,tis,0.0008514108693745733
2,0.1,200,272,uniform,0.001119600066975652
2,0.1,200,273,complete_rollout,1.4781777449782423e-05
2,0.1,200,273,tis,0.0006432863171721634
2,0.1,200,273,uniform,0.0005894118420756932
2,0.1,200,274,complete_rollout,1.7805058464295894e-05
2,0.1,200,274,tis,0.0004482378113030333
2,0.1,200,274,uniform,0.00036465374723615397
2,0.1,200,275,complete_rollout,3.2678997723116827e-05
2,0.1,200,275,tis,0.0002774803755403328
2,0.1,200,275,uniform,0.0004654163919909045
2,0.1,200,276,complete_rollout,1.8214975215116874e-05
2,0.1,200,276,tis,0.00010093261717285395
2,0.1,200,276,uniform,0.0005285681863207296
2,0.1,200,277,complete_rollout,1.4062400159798301e-05
2,0.1,200,277,tis,8.878038108874942e-05
2,0.1,200,277,uniform,0.0003150911802600165
2,0.1,200,278,complete_rollout,1.0157617889991135e-05
2,0.1,200,278,tis,9.452248099234575e-05
2,0.1,200,278,uniform,0.0007033179784039386
2,0.1,200,279,complete_rollout,7.326817276005799e-06
2,0.1,200,279,tis,0.0002514842584215436
2,0.1,200,279,uniform,0.0005501559194779127
2,0.1,200,280,complete_rollout,1.1845201731582467e-05
2,0.1,200,280,tis,0.0008027515349088176
2,0.1,200,280,uniform,0.0005059833054322855
2,0.1,200,281,complete_rollout,1.7050071289365776e-05
2,0.1,200,281,tis,0.00018443257938707334
2,0.1,200,281,uniform,0.0005694546643031279
2,0.1,200,282,complete_rollout,2.1601920173474132e-05
2,0.1,200,282,tis,0.00015856879942797585
2,0.1,200,282,uniform,0.0005168504824962522
2,0.1,200,283,complete_rollout,2.1464355186414365e-05
2,0.1,200,283,tis,0.00015067203920840402
2,0.1,200,283,uniform,0.0008774332773738636
2,0.1,200,284,complete_rollout,2.6867091859630287e-05
2,0.1,200,284,tis,0.00029666869842192174
2,0.1,200,284,uniform,0.0008989513835370619
2,0.1,200,285,complete_rollout,8.113016343015383e-06
2,0.1,200,285,tis,0.0005992286989058459
2,0.1,200,285,uniform,0.0004023863447108792
2,0.1,200,286,complete_rollout,2.132734575795997e-05
2,0.1,200,286,tis,0.000186431734886946
2,0.1,200,286,uniform,0.0004415395170805837
2,0.1,200,287,complete_rollout,1.9616331880874135e-05
2,0.1,200,287,tis,7.542751651463252e-05
2,0.1,200,287,uniform,0.0014586875876205008
2,0.1,200,288,complete_rollout,1.1220194694652184e-05
2,0.1,200,288,tis,0.00014218113079982945
2,0.1,200,288,uniform,0.000692718003827085
2,0.1,200,289,complete_rollout,1.276711084189318e-05
2,0.1,200,289,tis,0.00010857415389354534
2,0.1,200,289,uniform,0.0014392946213223038
2,0.1,200,290,complete_rollout,2.22060503421674e-05
2,0.1,200,290,tis,0.0008742962189068454
2,0.1,200,290,uniform,0.0003742871599164495
2,0.1,200,291,complete_rollout,1.685648926768776e-05
2,0.1,200,291,tis,0.000565995688159557
2,0.1,200,291,uniform,0.00044397287495183434
2,0.1,200,292,complete_rollout,1.7756273524178646e-05
2,0.1,200,292,tis,0.00021707673366249563
2,0.1,200,292,uniform,0.0007805574743851349
2,0.1,200,293,complete_rollout,1.8063821098488064e-05
2,0.1,200,293,tis,0.0002612288967698579
2,0.1,200,293,uniform,0.00037156634877261424
2,0.1,200,294,complete_rollout,1.3514482302351333e-05
2,0.1,200,294,tis,0.0003212765724850049
2,0.1,200,294,uniform,0.0006018562958307086
2,0.1,200,295,complete_rollout,1.7001397027461053e-05
2,0.1,200,295,tis,0.0002203792500276311
2,0.1,200,295,uniform,0.0006787793801684529
2,0.1,200,296,complete_rollout,8.992735680944725e-06
2,0.1,200,296,tis,0.0005395487906257758
2,0.1,200,296,uniform,0.0003973760996928011
2,0.1,200,297,complete_rollout,1.5080266015617582e-05
2,0.1,200,297,tis,0.0013587569724819277
2,0.1,200,297,uniform,0.00045734908921480667
2,0.1,200,298,complete_rollout,1.6687559093475023e-05
2,0.1,200,298,tis,0.0005476953160114829
2,0.1,200,298,uniform,0.0005231274423945013
2,0.1,200,299,complete_rollout,1.145192852137797e-05
2,0.1,200,299,tis,0.00029489969315215714
2,0.1,200,299,uniform,0.0005798293688102044
2,0.1,400,0,complete_rollout,9.262970391184574e-06
2,0.1,400,0,tis,0.0003042102778944612
2,0.1,400,0,uniform,0.0001424202824127303
2,0.1,400,1,complete_rollout,1.2040245288115193e-05
2,0.1,400,1,tis,0.0004746587025624571
2,0.1,400,1,uniform,0.0005594156422282171
2,0.1,400,2,complete_rollout,7.918063773307023e-06
2,0.1,400,2,tis,6.712409392778862e-05
2,0.1,400,2,uniform,0.0005242119608534589
2,0.1,400,3,complete_rollout,1.4511548848799553e-05
2,0.1,400,3,tis,0.00020958307270923108
2,0.1,400,3,uniform,0.0002787300816285944
2,0.1,400,4,complete_rollout,9.886086567028461e-06
2,0.1,400,4,tis,0.0001618032538778566
2,0.1,400,4,uniform,0.00023716318836460948
2,0.1,400,5,complete_rollout,5.822463107999978e-06
2,0.1,400,5,tis,4.288121729814079e-05
2,0.1,400,5,uniform,0.0004068333910934606
2,0.1,400,6,complete_rollout,7.58290135899286e-06
2,0.1,400,6,tis,0.00010822851725962247
2,0.1,400,6,uniform,0.0002968794895600042
2,0.1,400,7,complete_rollout,9.131298186449346e-06
2,0.1,400,7,tis,2.776090363323025e-05
2,0.1,400,7,uniform,0.0004323801829198077
2,0.1,400,8,complete_rollout,8.667280691364178e-06
2,0.1,400,8,tis,0.00026620639310312113
2,0.1,400,8,uniform,9.864855415060811e-05
2,0.1,400,9,complete_rollout,3.0455517504095766e-06
2,0.1,400,9,tis,0.00023516645049375496
2,0.1,400,9,uniform,0.0002814437636306903
2,0.1,400,10,complete_rollout,1.1765039397491464e-05
2,0.1,400,10,tis,3.0185894481086547e-05
2,0.1,400,10,uniform,0.000263760104223814
2,0.1,400,11,complete_rollout,7.032677716855352e-06
2,0.1,400,11,tis,7.523229429872215e-05
2,0.1,400,11,uniform,0.00017894818045273203
2,0.1,400,12,complete_rollout,7.138858045647005e-06
2,0.1,400,12,tis,4.5809858051872706e-05
2,0.1,400,12,uniform,0.0002148688955105504
2,0.1,400,13,complete_rollout,1.0182451317509711e-05
2,0.1,400,13,tis,0.0008993177893003054
2,0.1,400,13,uniform,0.00025939843933543314
2,0.1,400,14,complete_rollout,6.747387960196446e-06
2,0.1,400,14,tis,0.00015341355207342281
2,0.1,400,14,uniform,0.00039476086657613325
2,0.1,400,15,complete_rollout,6.828006780809659e-06
2,0.1,400,15,tis,2.7625166023199465e-05
2,0.1,400,15,uniform,0.00027069532679235766
2,0.1,400,16,complete_rollout,1.012624998104575e-05
2,0.1,400,16,tis,0.00016531189607656513
2,0.1,400,16,uniform,0.0003913816891444271
2,0.1,400,17,complete_rollout,1.1310550844260186e-05
2,0.1,400,17,tis,0.00014038154318232903
2,0.1,400,17,uniform,0.00022731876925836
2,0.1,400,18,complete_rollout,8.098513718770385e-06
2,0.1,400,18,tis,0.0008780892354671734
2,0.1,400,18,uniform,0.00032163541913693525
2,0.1,400,19,complete_rollout,7.846623142544798e-06
2,0.1,400,19,tis,5.080005447507731e-05
2,0.1,400,19,uniform,0.000223148609879849
2,0.1,400,20,complete_rollout,6.4576682267813936e-06
2,0.1,400,20,tis,7.842072572219626e-05
2,0.1,400,20,uniform,0.0003155516179341352
2,0.1,400,21,complete_rollout,8.841874076426451e-06
2,0.1,400,21,tis,2.4410659175404522e-05
2,0.1,400,21,uniform,0.000388370927795921
2,0.1,400,22,complete_rollout,1.1820526537435455e-05
2,0.1,400,22,tis,0.0002514299799053259
2,0.1,400,22,uniform,0.0005711566302415042
2,0.1,400,23,complete_rollout,6.6516380864911295e-06
2,0.1,400,23,tis,0.00023262344395544023
2,0.1,400,23,uniform,0.00015711907304964755
2,0.1,400,24,complete_rollout,8.378630554636864e-06
2,0.1,400,24,tis,0.00013048673186921982
2,0.1,400,24,uniform,0.0007171496244506453
2,0.1,400,25,complete_rollout,1.2087401881195914e-05
2,0.1,400,25,tis,0.0001506423296590805
2,0.1,400,25,uniform,0.000274804002822602
2,0.1,400,26,complete_rollout,6.888565471378361e-06
2,0.1,400,26,tis,0.000866252084335332
2,0.1,400,26,uniform,0.00023223101015692647
2,0.1,400,27,complete_rollout,9.226659452015821e-06
2,0.1,400,27,tis,6.990949460740684e-05
2,0.1,400,27,uniform,0.0002987049765149337
2,0.1,400,28,complete_rollout,1.0842336291834726e-05
2,0.1,400,28,tis,0.00011007531802115996
2,0.1,400,28,uniform,0.0002604250779796837
2,0.1,400,29,complete_rollout,7.58556633158066e-06
2,0.1,400,29,tis,7.327354543026207e-05
2,0.1,400,29,uniform,0.00014809214842284346
2,0.1,400,30,complete_rollout,4.364235326698549e-06
2,0.1,400,30,tis,7.1219351413417e-05
2,0.1,400,30,uniform,6.351954294961399e-05
2,0.1,400,31,complete_rollout,8.447645971501608e-06
2,0.1,400,31,tis,0.0007045044902298061
2,0.1,400,31,uniform,0.00024214398963763289
2,0.1,400,32,complete_rollout,1.2651678862542704e-05
2,0.1,400,32,tis,0.0001619351267282357
2,0.1,400,32,uniform,0.00021592420667518216
2,0.1,400,33,complete_rollout,8.575305109063423e-06
2,0.1,400,33,tis,9.067145304227328e-05
2,0.1,400,33,uniform,0.000123197722213823
2,0.1,400,34,complete_rollout,1.4955330101423714e-05
2,0.1,400,34,tis,3.584476104487898e-05
2,0.1,400,34,uniform,0.00022801621855901647
2,0.1,400,35,complete_rollout,5.722379902163294e-06
2,0.1,400,35,tis,0.00020265942370894467
2,0.1,400,35,uniform,0.00038357440127047184
2,0.1,400,36,complete_rollout,4.282607125038172e-06
2,0.1,400,36,tis,0.00030430860088905036
2,0.1,400,36,uniform,0.00020914689859191603
2,0.1,400,37,complete_rollout,9.289610613530466e-06
2,0.1,400,37,tis,0.0001615781916020076
2,0.1,400,37,uniform,0.00015078420148093992
2,0.1,400,38,complete_rollout,1.4993633456364071e-05
2,0.1,400,38,tis,0.0004092097793369235
2,0.1,400,38,uniform,0.00021339232107196518
2,0.1,400,39,complete_rollout,4.078964089063236e-06
2,0.1,400,39,tis,6.664815950422877e-05
2,0.1,400,39,uniform,0.00017534749448217305
2,0.1,400,40,complete_rollout,8.037427164388857e-06
2,0.1,400,40,tis,0.0001709307619843865
2,0.1,400,40,uniform,0.0007467550023522544
2,0.1,400,41,complete_rollout,4.681243329855708e-06
2,0.1,400,41,tis,8.628623629714265e-05
2,0.1,400,41,uniform,0.0004477578160934679
2,0.1,400,42,complete_rollout,1.0286169348718972e-05
2,0.1,400,42,tis,8.989989164788355e-05
2,0.1,400,42,uniform,0.00016736924661908857
2,0.1,400,43,complete_rollout,2.691933791145241e-06
2,0.1,400,43,tis,5.45867133447627e-05
2,0.1,400,43,uniform,0.00025466250785609665
2,0.1,400,44,complete_rollout,1.8471630904311527e-05
2,0.1,400,44,tis,0.0001990750300493878
2,0.1,400,44,uniform,0.0003226489952345387
2,0.1,400,45,complete_rollout,8.468608173875777e-06
2,0.1,400,45,tis,4.692693052509281e-05
2,0.1,400,45,uniform,0.0002296835797422857
2,0.1,400,46,complete_rollout,5.795987486861391e-06
2,0.1,400,46,tis,4.117847772194227e-05
2,0.1,400,46,uniform,0.00019363382592294247
2,0.1,400,47,complete_rollout,5.674906639065429e-06
2,0.1,400,47,tis,4.67023879528216e-05
2,0.1,400,47,uniform,0.00012509368066638952
2,0.1,400,48,complete_rollout,1.2184439338283109e-05
2,0.1,400,48,tis,0.000659965435354255
2,0.1,400,48,uniform,0.00048730060360278416
2,0.1,400,49,complete_rollout,6.140087433829884e-06
2,0.1,400,49,tis,0.00016602751168229312
2,0.1,400,49,uniform,0.00035967020128005553
2,0.1,400,50,complete_rollout,5.5595088775576295e-06
2,0.1,400,50,tis,7.406323852509589e-05
2,0.1,400,50,uniform,0.00015686438059760478
2,0.1,400,51,complete_rollout,1.151070832100979e-05
2,0.1,400,51,tis,0.0008210261852982539
2,0.1,400,51,uniform,0.0007307682242223158
2,0.1,400,52,complete_rollout,9.599182265049349e-06
2,0.1,400,52,tis,0.00016647164263243987
2,0.1,400,52,uniform,0.0003787894226100079
2,0.1,400,53,complete_rollout,1.0332816409616364e-05
2,0.1,400,53,tis,0.0001332762937410239
2,0.1,400,53,uniform,0.00025734157052341997
2,0.1,400,54,complete_rollout,1.4345945062378746e-05
2,0.1,400,54,tis,0.00010938519027272066
2,0.1,400,54,uniform,0.0001841953425568413
2,0.1,400,55,complete_rollout,1.7971980548399452e-05
2,0.1,400,55,tis,0.00020369841191850526
2,0.1,400,55,uniform,0.00024903273668220937
2,0.1,400,56,complete_rollout,4.151832042638076e-06
2,0.1,400,56,tis,0.000144224632334279
2,0.1,400,56,uniform,0.00028609254308723
2,0.1,400,57,complete_rollout,7.4379591353663226e-06
2,0.1,400,57,tis,0.0017503026186247708
2,0.1,400,57,uniform,0.00014580419778502312
2,0.1,400,58,complete_rollout,5.354556091043745e-06
2,0.1,400,58,tis,0.0007539524664034779
2,0.1,400,58,uniform,0.00027903416289912545
2,0.1,400,59,complete_rollout,4.536246054334943e-06
2,0.1,400,59,tis,3.0869890180289296e-05
2,0.1,400,59,uniform,0.0001853151359343932
2,0.1,400,60,complete_rollout,5.9068109207995726e-06
2,0.1,400,60,tis,0.0001365494455385511
2,0.1,400,60,uniform,0.0003310984234833574
2,0.1,400,61,complete_rollout,8.213258122026002e-06
2,0.1,400,61,tis,4.560109027519367e-05
2,0.1,400,61,uniform,0.00014645934002085524
2,0.1,400,62,complete_rollout,5.028412296355919e-06
2,0.1,400,62,tis,0.00039443353412445085
2,0.1,400,62,uniform,0.0003486276872564222
2,0.1,400,63,complete_rollout,7.363864706811332e-06
2,0.1,400,63,tis,5.7015921265872985e-05
2,0.1,400,63,uniform,0.0002319816894494475
2,0.1,400,64,complete_rollout,1.241738009973122e-05
2,0.1,400,64,tis,0.0006915915687542148
2,0.1,400,64,uniform,0.00010546707515689674
2,0.1,400,65,complete_rollout,5.0649347661180015e-06
2,0.1,400,65,tis,2.4017455141083765e-05
2,0.1,400,65,uniform,0.0003420508804526463
2,0.1,400,66,complete_rollout,6.262593164124485e-06
2,0.1,400,66,tis,5.2464289661320054e-05
2,0.1,400,66,uniform,0.0003100024720852879
2,0.1,400,67,complete_rollout,1.4983183852853169e-05
2,0.1,400,67,tis,0.0007800843235214309
2,0.1,400,67,uniform,0.00015450503097051227
2,0.1,400,68,complete_rollout,5.37163832190462e-06
2,0.1,400,68,tis,0.00015720926469326923
2,0.1,400,68,uniform,0.00023841811025234318
2,0.1,400,69,complete_rollout,8.537152959015738e-06
2,0.1,400,69,tis,7.405131216183435e-05
2,0.1,400,69,uniform,0.0003732612731484178
2,0.1,400,70,complete_rollout,8.791611606688776e-06
2,0.1,400,70,tis,0.0007796702317244016
2,0.1,400,70,uniform,0.0001724785178476828
2,0.1,400,71,complete_rollout,1.001426314050215e-05
2,0.1,400,71,tis,5.315462332698149e-05
2,0.1,400,71,uniform,0.00042677334234739916
2,0.1,400,72,complete_rollout,6.824688314371004e-06
2,0.1,400,72,tis,0.0006873575088285057
2,0.1,400,72,uniform,0.0002472865349644072
2,0.1,400,73,complete_rollout,9.180519839629257e-06
2,0.1,400,73,tis,0.00035259756601185323
2,0.1,400,73,uniform,0.0002493199416280989
2,0.1,400,74,complete_rollout,1.008094378986846e-05
2,0.1,400,74,tis,8.19884813028578e-05
2,0.1,400,74,uniform,0.00011026127151564723
2,0.1,400,75,complete_rollout,5.664454138257847e-06
2,0.1,400,75,tis,0.00021376798848952574
2,0.1,400,75,uniform,0.00025203814967177985
2,0.1,400,76,complete_rollout,5.957381041737904e-06
2,0.1,400,76,tis,0.00017676637280287738
2,0.1,400,76,uniform,0.00020575032617857697
2,0.1,400,77,complete_rollout,1.0509976972188457e-05
2,0.1,400,77,tis,0.0012764147910435174
2,0.1,400,77,uniform,0.00036154089424101905
2,0.1,400,78,complete_rollout,3.7254542482227152e-06
2,0.1,400,78,tis,2.1627884072549324e-05
2,0.1,400,78,uniform,0.00016724665864542126
2,0.1,400,79,complete_rollout,1.8541067021291102e-05
2,0.1,400,79,tis,0.00014911975341604466
2,0.1,400,79,uniform,0.0004551455957411112
2,0.1,400,80,complete_rollout,6.062180242013414e-06
2,0.1,400,80,tis,0.0004296133353602638
2,0.1,400,80,uniform,0.00021652280481977996
2,0.1,400,81,complete_rollout,7.388052559440744e-06
2,0.1,400,81,tis,0.00016450600081483382
2,0.1,400,81,uniform,0.0003146490871455063
2,0.1,400,82,complete_rollout,1.01332668423408e-05
2,0.1,400,82,tis,0.00017313778927869274
2,0.1,400,82,uniform,0.00033944151376135893
2,0.1,400,83,complete_rollout,9.422302697130457e-06
2,0.1,400,83,tis,6.855115474188847e-05
2,0.1,400,83,uniform,0.0005014672039175063
2,0.1,400,84,complete_rollout,7.042902433929313e-06
2,0.1,400,84,tis,0.0008184252690715674
2,0.1,400,84,uniform,0.0001896204172174746
2,0.1,400,85,complete_rollout,6.622132127336094e-06
2,0.1,400,85,tis,5.424029193333892e-05
2,0.1,400,85,uniform,0.00035770046906174487
2,0.1,400,86,complete_rollout,1.1061761484051353e-05
2,0.1,400,86,tis,7.165350341308582e-05
2,0.1,400,86,uniform,0.00045507880497850696
2,0.1,400,87,complete_rollout,9.75026425195353e-06
2,0.1,400,87,tis,0.0006838834133035923
2,0.1,400,87,uniform,0.0005321517980645086
2,0.1,400,88,complete_rollout,6.805608317617421e-06
2,0.1,400,88,tis,4.538199478956612e-05
2,0.1,400,88,uniform,0.0003092738240523116
2,0.1,400,89,complete_rollout,7.044378054280872e-06
2,0.1,400,89,tis,0.00030068666762871044
2,0.1,400,89,uniform,0.0003832696388160428
2,0.1,400,90,complete_rollout,7.550106252569428e-06
2,0.1,400,90,tis,2.1690256079787726e-05
2,0.1,400,90,uniform,0.0002129960800401633
2,0.1,400,91,complete_rollout,1.0018204220652983e-05
2,0.1,400,91,tis,0.00011053617487146482
2,0.1,400,91,uniform,0.00018153307709302193
2,0.1,400,92,complete_rollout,6.095140122400619e-06
2,0.1,400,92,tis,0.00013309941111015237
2,0.1,400,92,uniform,0.00019992183037837206
2,0.1,400,93,complete_rollout,6.586478182387792e-06
2,0.1,400,93,tis,3.720879393054177e-05
2,0.1,400,93,uniform,0.0001476734121771256
2,0.1,400,94,complete_rollout,1.0234517627878922e-05
2,0.1,400,94,tis,0.0008189661811974933
2,0.1,400,94,uniform,0.00035162887077780613
2,0.1,400,95,complete_rollout,6.202838043326756e-06
2,0.1,400,95,tis,0.0007655254115232477
2,0.1,400,95,uniform,0.0003924238124602243
2,0.1,400,96,complete_rollout,3.755152110564013e-06
2,0.1,400,96,tis,0.000219220013080977
2,0.1,400,96,uniform,0.0001403420791224553
2,0.1,400,97,complete_rollout,1.1579289993031282e-05
2,0.1,400,97,tis,0.0002518462821104722
2,0.1,400,97,uniform,0.0003746031228603316
2,0.1,400,98,complete_rollout,5.478298129343271e-06
2,0.1,400,98,tis,0.0005291635151809879
2,0.1,400,98,uniform,0.0002727657084929017
2,0.1,400,99,complete_rollout,3.9307236945610036e-06
2,0.1,400,99,tis,9.999117508953743e-05
2,0.1,400,99,uniform,0.00022277352841255273
2,0.1,400,100,complete_rollout,6.2170382510835275e-06
2,0.1,400,100,tis,0.00018002674139875298
2,0.1,400,100,uniform,0.0003218606508643238
2,0.1,400,101,complete_rollout,1.1961352918010845e-05
2,0.1,400,101,tis,0.00011789058157362038
2,0.1,400,101,uniform,0.000295902394250727
2,0.1,400,102,complete_rollout,1.0922945840879163e-05
2,0.1,400,102,tis,0.0002831717029855318
2,0.1,400,102,uniform,0.0002201563288339062
2,0.1,400,103,complete_rollout,8.320822974492383e-06
2,0.1,400,103,tis,0.00011236671019838621
2,0.1,400,103,uniform,0.00027436461995700514
2,0.1,400,104,complete_rollout,1.2892576505088483e-05
2,0.1,400,104,tis,0.0004200736951761605
2,0.1,400,104,uniform,0.0006519649320346134
2,0.1,400,105,complete_rollout,8.439884320614437e-06
2,0.1,400,105,tis,4.3035798227308874e-05
2,0.1,400,105,uniform,0.00029877691260341916
2,0.1,400,106,complete_rollout,4.631963703613405e-06
2,0.1,400,106,tis,0.0009118566276832106
2,0.1,400,106,uniform,0.00015411299269404776
2,0.1,400,107,complete_rollout,8.408079230601929e-06
2,0.1,400,107,tis,5.1432229824765804e-05
2,0.1,400,107,uniform,0.0001455149547457679
2,0.1,400,108,complete_rollout,6.411032527831012e-06
2,0.1,400,108,tis,0.00010115221134385482
2,0.1,400,108,uniform,0.0001764565237024104
2,0.1,400,109,complete_rollout,9.824856508396933e-06
2,0.1,400,109,tis,0.00010061063664929651
2,0.1,400,109,uniform,0.0002861196872571544
2,0.1,400,110,complete_rollout,4.31516034503552e-06
2,0.1,400,110,tis,0.0009758045866119094
2,0.1,400,110,uniform,0.000263091011505521
2,0.1,400,111,complete_rollout,3.749282054958216e-06
2,0.1,400,111,tis,3.1648863585298154e-05
2,0.1,400,111,uniform,0.00023441994026102755
2,0.1,400,112,complete_rollout,1.164245442098261e-05
2,0.1,400,112,tis,7.535790559531829e-05
2,0.1,400,112,uniform,0.00036198674704414823
2,0.1,400,113,complete_rollout,7.779205898843568e-06
2,0.1,400,113,tis,3.5851732430522116e-05
2,0.1,400,113,uniform,0.0002102696159184281
2,0.1,400,114,complete_rollout,7.474929008644566e-06
2,0.1,400,114,tis,0.00011873096233979989
2,0.1,400,114,uniform,0.0001553338002817433
2,0.1,400,115,complete_rollout,6.852888616843674e-06
2,0.1,400,115,tis,0.00012399253708758547
2,0.1,400,115,uniform,0.0005279849077989146
2,0.1,400,116,complete_rollout,8.93783112417649e-06
2,0.1,400,116,tis,5.600768458006944e-05
2,0.1,400,116,uniform,0.0003381541421339592
2,0.1,400,117,complete_rollout,1.5299372700568497e-05
2,0.1,400,117,tis,3.635132042098942e-05
2,0.1,400,117,uniform,0.0004367596390503737
2,0.1,400,118,complete_rollout,1.1719289602393044e-05
2,0.1,400,118,tis,0.00013862792289079997
2,0.1,400,118,uniform,0.00022591171224239473
2,0.1,400,119,complete_rollout,5.5612247614735005e-06
2,0.1,400,119,tis,0.00011432412512024514
2,0.1,400,119,uniform,0.000257708920056448
2,0.1,400,120,complete_rollout,7.261599357342358e-06
2,0.1,400,120,tis,2.3736455115998258e-05
2,0.1,400,120,uniform,0.0003159849516104277
2,0.1,400,121,complete_rollout,2.2102230301948298e-05
2,0.1,400,121,tis,0.00023581204829397257
2,0.1,400,121,uniform,0.00034097960701963843
2,0.1,400,122,complete_rollout,5.435735670624917e-06
2,0.1,400,122,tis,0.00016191192762939305
2,0.1,400,122,uniform,0.00024332493985882407
2,0.1,400,123,complete_rollout,1.174577129916706e-05
2,0.1,400,123,tis,0.0008189033391680002
2,0.1,400,123,uniform,0.0007959940995572893
2,0.1,400,124,complete_rollout,7.289433174751044e-06
2,0.1,400,124,tis,0.00032696173010145555
2,0.1,400,124,uniform,0.0001337541087011989
2,0.1,400,125,complete_rollout,1.2831444742002665e-05
2,0.1,400,125,tis,3.701095456654116e-05
2,0.1,400,125,uniform,0.0004145050635797235
2,0.1,400,126,complete_rollout,6.486628807573294e-06
2,0.1,400,126,tis,0.0003255339655350422
2,0.1,400,126,uniform,0.00021208872997457705
2,0.1,400,127,complete_rollout,5.349157458587152e-06
2,0.1,400,127,tis,5.629337295408573e-05
2,0.1,400,127,uniform,0.00022196041359811704
2,0.1,400,128,complete_rollout,3.283069865694901e-06
2,0.1,400,128,tis,0.00021955883916768325
2,0.1,400,128,uniform,0.00010624509546758295
2,0.1,400,129,complete_rollout,4.345835149108871e-06
2,0.1,400,129,tis,0.00013757925328750144
2,0.1,400,129,uniform,0.00022137254984464676
2,0.1,400,130,complete_rollout,1.6669971406924974e-05
2,0.1,400,130,tis,0.0005315562208256123
2,0.1,400,130,uniform,0.00030313277278634193
2,0.1,400,131,complete_rollout,9.36277209309589e-06
2,0.1,400,131,tis,0.00010310056920268152
2,0.1,400,131,uniform,0.00029039853036495305
2,0.1,400,132,complete_rollout,6.79275408004575e-06
2,0.1,400,132,tis,0.00016302391323837272
2,0.1,400,132,uniform,0.000329496641343763
2,0.1,400,133,complete_rollout,9.384545963695946e-06
2,0.1,400,133,tis,0.00010271071274918863
2,0.1,400,133,uniform,0.00014596740935151004
2,0.1,400,134,complete_rollout,9.66736636665701e-06
2,0.1,400,134,tis,5.2156248760117655e-05
2,0.1,400,134,uniform,0.0003996393375659744
2,0.1,400,135,complete_rollout,1.918783776824045e-06
2,0.1,400,135,tis,0.0001139802572118643
2,0.1,400,135,uniform,0.0002563582169123221
2,0.1,400,136,complete_rollout,5.790296314736916e-06
2,0.1,400,136,tis,0.00015355804855035298
2,0.1,400,136,uniform,0.0002656574922245187
2,0.1,400,137,complete_rollout,1.0448593055993444e-05
2,0.1,400,137,tis,4.4536835667877137e-05
2,0.1,400,137,uniform,0.0004960283328801816
2,0.1,400,138,complete_rollout,7.298030031083547e-06
2,0.1,400,138,tis,0.0001881903140804422
2,0.1,400,138,uniform,0.00028983162647975517
2,0.1,400,139,complete_rollout,1.5563848532257963e-05
2,0.1,400,139,tis,0.00014902711273662056
2,0.1,400,139,uniform,0.000936108812160954
2,0.1,400,140,complete_rollout,1.584556774492834e-05
2,0.1,400,140,tis,0.0008007411266652548
2,0.1,400,140,uniform,0.000160080535059819
2,0.1,400,141,complete_rollout,9.341610573265923e-06
2,0.1,400,141,tis,0.0002370014953227575
2,0.1,400,141,uniform,0.00021391120597579738
2,0.1,400,142,complete_rollout,5.712115150362672e-06
2,0.1,400,142,tis,0.0007720713980776003
2,0.1,400,142,uniform,0.00030271539281450223
2,0.1,400,143,complete_rollout,8.972722347002886e-06
2,0.1,400,143,tis,0.00016807592151610554
2,0.1,400,143,uniform,0.00017574353846467125
2,0.1,400,144,complete_rollout,9.233225088183699e-06
2,0.1,400,144,tis,0.00016480976241818257
2,0.1,400,144,uniform,0.000430899357685527
2,0.1,400,145,complete_rollout,6.839508008219646e-06
2,0.1,400,145,tis,8.722923334340845e-05
2,0.1,400,145,uniform,0.00026349761279465
2,0.1,400,146,complete_rollout,5.945474042815243e-06
2,0.1,400,146,tis,3.168112692665662e-05
2,0.1,400,146,uniform,0.00018359691235920317
2,0.1,400,147,complete_rollout,8.529682924899891e-06
2,0.1,400,147,tis,0.000551888050586627
2,0.1,400,147,uniform,0.0002275113251987145
2,0.1,400,148,complete_rollout,4.21116536911646e-06
2,0.1,400,148,tis,0.0001550837517284414
2,0.1,400,148,uniform,0.00019741161387779724
2,0.1,400,149,complete_rollout,5.807255575985204e-06
2,0.1,400,149,tis,9.575874358510437e-05
2,0.1,400,149,uniform,0.0003656818007742563
2,0.1,400,150,complete_rollout,5.851399277202411e-06
2,0.1,400,150,tis,0.00010319952380230018
2,0.1,400,150,uniform,0.00038064898389660046
2,0.1,400,151,complete_rollout,9.147558862482325e-06
2,0.1,400,151,tis,0.0007531552910606282
2,0.1,400,151,uniform,0.0005448517357498963
2,0.1,400,152,complete_rollout,6.724587294383446e-06
2,0.1,400,152,tis,6.206715785269535e-05
2,0.1,400,152,uniform,0.00019810944671486974
2,0.1,400,153,complete_rollout,9.879821387680594e-06
2,0.1,400,153,tis,6.181211758020283e-05
2,0.1,400,153,uniform,0.00030710215348199465
2,0.1,400,154,complete_rollout,5.259724403798302e-06
2,0.1,400,154,tis,4.4642407346350705e-05
2,0.1,400,154,uniform,7.204144892785815e-05
2,0.1,400,155,complete_rollout,9.786781538822524e-06
2,0.1,400,155,tis,0.00011815761022513727
2,0.1,400,155,uniform,0.00030496108310991584
2,0.1,400,156,complete_rollout,4.315218431892495e-06
2,0.1,400,156,tis,6.958691007703522e-05
2,0.1,400,156,uniform,0.00018785317958706403
2,0.1,400,157,complete_rollout,6.67159459374904e-06
2,0.1,400,157,tis,0.0006386857996241826
2,0.1,400,157,uniform,0.000379758457006806
2,0.1,400,158,complete_rollout,4.97614568609574e-06
2,0.1,400,158,tis,0.00032031726170751496
2,0.1,400,158,uniform,0.0003406032471242269
2,0.1,400,159,complete_rollout,5.290694165911848e-06
2,0.1,400,159,tis,4.017974667191361e-05
2,0.1,400,159,uniform,0.00031003670744566403
2,0.1,400,160,complete_rollout,7.328279499355596e-06
2,0.1,400,160,tis,0.00017158928594340213
2,0.1,400,160,uniform,0.00037975390334892955
2,0.1,400,161,complete_rollout,9.29398535771827e-06
2,0.1,400,161,tis,2.805501054979217e-05
2,0.1,400,161,uniform,0.00036100494153066257
2,0.1,400,162,complete_rollout,1.1683813542276563e-05
2,0.1,400,162,tis,5.308236839211187e-05
2,0.1,400,162,uniform,0.00045473098910843706
2,0.1,400,163,complete_rollout,1.747231404066151e-05
2,0.1,400,163,tis,0.0008866309362609006
2,0.1,400,163,uniform,0.00012932878141121563
2,0.1,400,164,complete_rollout,1.0818178102511924e-05
2,0.1,400,164,tis,0.0002213446863674725
2,0.1,400,164,uniform,0.00019954025112963025
2,0.1,400,165,complete_rollout,2.816015340321847e-06
2,0.1,400,165,tis,0.00035413627056576967
2,0.1,400,165,uniform,0.00031083518882282036
2,0.1,400,166,complete_rollout,5.751841581042093e-06
2,0.1,400,166,tis,0.0003284537286697315
2,0.1,400,166,uniform,0.00027423264673321116
2,0.1,400,167,complete_rollout,8.623578135802314e-06
2,0.1,400,167,tis,8.535417397961663e-05
2,0.1,400,167,uniform,9.419903419690651e-05
2,0.1,400,168,complete_rollout,8.807508332735503e-06
2,0.1,400,168,tis,0.0011536306213977678
2,0.1,400,168,uniform,0.0003483046771016965
2,0.1,400,169,complete_rollout,7.0340610888353435e-06
2,0.1,400,169,tis,0.00011181367006274613
2,0.1,400,169,uniform,0.00015316176028773735
2,0.1,400,170,complete_rollout,9.514767589915726e-06
2,0.1,400,170,tis,5.867864596427073e-05
2,0.1,400,170,uniform,0.0002605979541242047
2,0.1,400,171,complete_rollout,6.0366711474038685e-06
2,0.1,400,171,tis,6.43395733517508e-05
2,0.1,400,171,uniform,0.00031020033865674496
2,0.1,400,172,complete_rollout,7.093535238900944e-06
2,0.1,400,172,tis,9.604431847649071e-05
2,0.1,400,172,uniform,0.0007060217828611237
2,0.1,400,173,complete_rollout,1.0019066849736596e-05
2,0.1,400,173,tis,6.323544663797289e-05
2,0.1,400,173,uniform,0.00035818981781088213
2,0.1,400,174,complete_rollout,5.337084400393474e-06
2,0.1,400,174,tis,9.178719993244439e-05
2,0.1,400,174,uniform,0.000353313318153904
2,0.1,400,175,complete_rollout,7.0078716730562645e-06
2,0.1,400,175,tis,0.0006757510324858632
2,0.1,400,175,uniform,0.0002522329011439274
2,0.1,400,176,complete_rollout,1.3072662463947738e-05
2,0.1,400,176,tis,9.461567070072769e-05
2,0.1,400,176,uniform,0.00025645401759971865
2,0.1,400,177,complete_rollout,9.291086020802772e-06
2,0.1,400,177,tis,4.654949044790046e-05
2,0.1,400,177,uniform,0.00022533901829620208
2,0.1,400,178,complete_rollout,8.242956063346658e-06
2,0.1,400,178,tis,0.0001669586482702223
2,0.1,400,178,uniform,0.0002762903342310096
2,0.1,400,179,complete_rollout,6.707122707733874e-06
2,0.1,400,179,tis,0.000132477065921543
2,0.1,400,179,uniform,0.00012833386811406802
2,0.1,400,180,complete_rollout,5.964284554183535e-06
2,0.1,400,180,tis,0.0001644359281778988
2,0.1,400,180,uniform,0.00040330732998380357
2,0.1,400,181,complete_rollout,9.254596535703259e-06
2,0.1,400,181,tis,0.0001344228372495707
2,0.1,400,181,uniform,0.00024938390443941696
2,0.1,400,182,complete_rollout,7.0723087733854775e-06
2,0.1,400,182,tis,4.0100706121376206e-05
2,0.1,400,182,uniform,0.0005852213922126657
2,0.1,400,183,complete_rollout,1.51177036832216e-05
2,0.1,400,183,tis,4.760016269544927e-05
2,0.1,400,183,uniform,0.0004120642341923275
2,0.1,400,184,complete_rollout,1.348138062827586e-05
2,0.1,400,184,tis,4.974512865982429e-05
2,0.1,400,184,uniform,0.00021862477024128793
2,0.1,400,185,complete_rollout,4.640236688226532e-06
2,0.1,400,185,tis,6.526137719124933e-05
2,0.1,400,185,uniform,0.0001652862783711127
2,0.1,400,186,complete_rollout,6.32073909221095e-06
2,0.1,400,186,tis,0.00014765265075277297
2,0.1,400,186,uniform,0.0005055892242725248
2,0.1,400,187,complete_rollout,8.0719605918416e-06
2,0.1,400,187,tis,4.835330696373422e-05
2,0.1,400,187,uniform,0.00017819991260840292
2,0.1,400,188,complete_rollout,1.0928213021085803e-05
2,0.1,400,188,tis,0.00013991634994142704
2,0.1,400,188,uniform,0.0001890434204933036
2,0.1,400,189,complete_rollout,5.9695412487727785e-06
2,0.1,400,189,tis,0.00011643525505015587
2,0.1,400,189,uniform,0.0002617696485145878
2,0.1,400,190,complete_rollout,4.950983561560389e-06
2,0.1,400,190,tis,0.0007046649585453568
2,0.1,400,190,uniform,0.00031413727816176156
2,0.1,400,191,complete_rollout,6.986847229460618e-06
2,0.1,400,191,tis,8.438661132361089e-05
2,0.1,400,191,uniform,0.0003245369664734607
2,0.1,400,192,complete_rollout,3.956395698399384e-06
2,0.1,400,192,tis,0.000164088255871156
2,0.1,400,192,uniform,0.00027608467095110794
2,0.1,400,193,complete_rollout,3.933330036328185e-06
2,0.1,400,193,tis,9.48945933336212e-05
2,0.1,400,193,uniform,0.0002624288974097644
2,0.1,400,194,complete_rollout,9.835612162356196e-06
2,0.1,400,194,tis,0.00029531326534416576
2,0.1,400,194,uniform,0.0001629501188245358
2,0.1,400,195,complete_rollout,9.017780071081078e-06
2,0.1,400,195,tis,3.56390447561165e-05
2,0.1,400,195,uniform,0.0003432843934279917
2,0.1,400,196,complete_rollout,8.55359959236941e-06
2,0.1,400,196,tis,0.00021254615488695226
2,0.1,400,196,uniform,0.000317642500434521
2,0.1,400,197,complete_rollout,6.818243516988877e-06
2,0.1,400,197,tis,0.00024770139525825084
2,0.1,400,197,uniform,0.00015794895360480833
2,0.1,400,198,complete_rollout,7.737359709756272e-06
2,0.1,400,198,tis,0.0004270179882590136
2,0.1,400,198,uniform,0.00030514639793421163
2,0.1,400,199,complete_rollout,8.366178691977567e-06
2,0.1,400,199,tis,4.137105208060244e-05
2,0.1,400,199,uniform,0.0002130291354231899
2,0.1,400,200,complete_rollout,1.7407153199700763e-05
2,0.1,400,200,tis,6.003644392530027e-05
2,0.1,400,200,uniform,0.0003898089605274486
2,0.1,400,201,complete_rollout,5.862359594064283e-06
2,0.1,400,201,tis,0.0002924953029522577
2,0.1,400,201,uniform,0.000359191028025341
2,0.1,400,202,complete_rollout,4.829728902646487e-06
2,0.1,400,202,tis,7.804345671474163e-05
2,0.1,400,202,uniform,0.0001605390633175369
2,0.1,400,203,complete_rollout,4.77393787567193e-06
2,0.1,400,203,tis,0.00013502040288512404
2,0.1,400,203,uniform,0.00017006499055780976
2,0.1,400,204,complete_rollout,1.3730745709290621e-05
2,0.1,400,204,tis,1.811033647133023e-05
2,0.1,400,204,uniform,0.00023111876379319597
2,0.1,400,205,complete_rollout,1.537429096956139e-05
2,0.1,400,205,tis,0.0001990576782715466
2,0.1,400,205,uniform,0.00018653222083456154
2,0.1,400,206,complete_rollout,7.332644234900244e-06
2,0.1,400,206,tis,9.122844296075269e-05
2,0.1,400,206,uniform,0.0002614410842452802
2,0.1,400,207,complete_rollout,5.08296322541644e-06
2,0.1,400,207,tis,5.475324661551656e-05
2,0.1,400,207,uniform,0.00016443320089436846
2,0.1,400,208,complete_rollout,6.166645288836648e-06
2,0.1,400,208,tis,7.608288676675145e-05
2,0.1,400,208,uniform,0.00048681372438909054
2,0.1,400,209,complete_rollout,6.4451592623180985e-06
2,0.1,400,209,tis,4.5661243854889185e-05
2,0.1,400,209,uniform,0.0002391442155061719
2,0.1,400,210,complete_rollout,7.957145880294544e-06
2,0.1,400,210,tis,6.831608784908607e-05
2,0.1,400,210,uniform,0.00038331393937696297
2,0.1,400,211,complete_rollout,5.367851612796591e-06
2,0.1,400,211,tis,0.00011015412857527445
2,0.1,400,211,uniform,0.0003338602235095849
2,0.1,400,212,complete_rollout,8.476915587154975e-06
2,0.1,400,212,tis,6.341147230337303e-05
2,0.1,400,212,uniform,0.0006881880304137924
2,0.1,400,213,complete_rollout,1.5232099964723498e-05
2,0.1,400,213,tis,0.00019388686345600997
2,0.1,400,213,uniform,0.00016405585623468529
2,0.1,400,214,complete_rollout,9.839999334254176e-06
2,0.1,400,214,tis,0.0002499486839424285
2,0.1,400,214,uniform,0.00016035129805928402
2,0.1,400,215,complete_rollout,1.0895822754053741e-05
2,0.1,400,215,tis,0.00011865850472781152
2,0.1,400,215,uniform,0.00019741690501506927
2,0.1,400,216,complete_rollout,9.96703074048347e-06
2,0.1,400,216,tis,0.0001473168307494652
2,0.1,400,216,uniform,0.0003058028649879405
2,0.1,400,217,complete_rollout,5.234237357386088e-06
2,0.1,400,217,tis,0.00020995253057629458
2,0.1,400,217,uniform,0.00021898771224704362
2,0.1,400,218,complete_rollout,5.464783709403994e-06
2,0.1,400,218,tis,0.0007776726396497784
2,0.1,400,218,uniform,0.0003847331525626077
2,0.1,400,219,complete_rollout,1.0102157005607745e-05
2,0.1,400,219,tis,7.783272815754149e-05
2,0.1,400,219,uniform,0.000310709945916712
2,0.1,400,220,complete_rollout,3.960575707891443e-06
2,0.1,400,220,tis,7.843862741952073e-05
2,0.1,400,220,uniform,0.00015859223551830705
2,0.1,400,221,complete_rollout,3.348519591100757e-06
2,0.1,400,221,tis,0.00019322023912052245
2,0.1,400,221,uniform,0.0006979956245699581
2,0.1,400,222,complete_rollout,5.2888767391106885e-06
2,0.1,400,222,tis,0.00010583277099452345
2,0.1,400,222,uniform,0.0003540739199283675
2,0.1,400,223,complete_rollout,4.9116270789417455e-06
2,0.1,400,223,tis,0.00015374105646351953
2,0.1,400,223,uniform,0.0006675692455156825
2,0.1,400,224,complete_rollout,1.1277049123072098e-05
2,0.1,400,224,tis,2.700136964338027e-05
2,0.1,400,224,uniform,0.00026017962224851354
2,0.1,400,225,complete_rollout,6.547977346050365e-06
2,0.1,400,225,tis,0.00023918797593185494
2,0.1,400,225,uniform,0.00012479440718244017
2,0.1,400,226,complete_rollout,8.967949848955932e-06
2,0.1,400,226,tis,6.787482288928776e-05
2,0.1,400,226,uniform,0.00037993721605636605
2,0.1,400,227,complete_rollout,6.187793211730084e-06
2,0.1,400,227,tis,4.341867674583858e-05
2,0.1,400,227,uniform,0.0007794760693403912
2,0.1,400,228,complete_rollout,2.8367622868974677e-06
2,0.1,400,228,tis,9.074436249614749e-05
2,0.1,400,228,uniform,0.000760507841201645
2,0.1,400,229,complete_rollout,8.981090483278011e-06
2,0.1,400,229,tis,0.0001414270499017918
2,0.1,400,229,uniform,0.000367505977980495
2,0.1,400,230,complete_rollout,8.865977769923072e-06
2,0.1,400,230,tis,7.617845683889422e-05
2,0.1,400,230,uniform,0.0004266576988323376
2,0.1,400,231,complete_rollout,7.28411185373294e-06
2,0.1,400,231,tis,3.453134050042088e-05
2,0.1,400,231,uniform,0.00012108140224422523
2,0.1,400,232,complete_rollout,1.4513885959941044e-05
2,0.1,400,232,tis,0.00010055105563076953
2,0.1,400,232,uniform,0.00021310685145226337
2,0.1,400,233,complete_rollout,5.3329025042486245e-06
2,0.1,400,233,tis,6.691576743014513e-05
2,0.1,400,233,uniform,0.0003172700015231111
2,0.1,400,234,complete_rollout,1.010432661431016e-05
2,0.1,400,234,tis,0.0007802841326349159
2,0.1,400,234,uniform,0.000447190851531695
2,0.1,400,235,complete_rollout,5.8546815463759715e-06
2,0.1,400,235,tis,0.0002505903452117808
2,0.1,400,235,uniform,0.0005000673343543883
2,0.1,400,236,complete_rollout,5.9945587581011966e-06
2,0.1,400,236,tis,0.0003257677557902662
2,0.1,400,236,uniform,0.00043771096977014907
2,0.1,400,237,complete_rollout,1.1653853207679462e-05
2,0.1,400,237,tis,0.00010733472032060512
2,0.1,400,237,uniform,0.0001792332380826411
2,0.1,400,238,complete_rollout,7.80349529065944e-06
2,0.1,400,238,tis,2.4701254364972634e-05
2,0.1,400,238,uniform,0.00014246663887253433
2,0.1,400,239,complete_rollout,7.354295583200502e-06
2,0.1,400,239,tis,0.0008799829236712284
2,0.1,400,239,uniform,0.00043212330619252497
2,0.1,400,240,complete_rollout,6.335260141526652e-06
2,0.1,400,240,tis,0.000323989514591667
2,0.1,400,240,uniform,0.0010037482265652935
2,0.1,400,241,complete_rollout,6.168737312108911e-06
2,0.1,400,241,tis,0.00015306142970954924
2,0.1,400,241,uniform,0.00033534589619250814
2,0.1,400,242,complete_rollout,7.938687093136445e-06
2,0.1,400,242,tis,7.293952105489892e-05
2,0.1,400,242,uniform,0.0001433204682341119
2,0.1,400,243,complete_rollout,7.285622413576612e-06
2,0.1,400,243,tis,3.160419398353144e-05
2,0.1,400,243,uniform,0.0003280150083849611
2,0.1,400,244,complete_rollout,5.38533670049832e-06
2,0.1,400,244,tis,7.166833149297739e-05
2,0.1,400,244,uniform,0.00024554828663427773
2,0.1,400,245,complete_rollout,6.208426597261918e-06
2,0.1,400,245,tis,2.3891028774122874e-05
2,0.1,400,245,uniform,0.00023742080938127184
2,0.1,400,246,complete_rollout,5.346061187987834e-06
2,0.1,400,246,tis,0.00018293977788470047
2,0.1,400,246,uniform,0.00041943017090849784
2,0.1,400,247,complete_rollout,1.8376789070266906e-05
2,0.1,400,247,tis,3.7189933103546334e-05
2,0.1,400,247,uniform,0.00030866664184421144
2,0.1,400,248,complete_rollout,1.466055566119656e-05
2,0.1,400,248,tis,0.00021807670645366072
2,0.1,400,248,uniform,0.00030058466772186435
2,0.1,400,249,complete_rollout,1.1251814815862443e-05
2,0.1,400,249,tis,0.0004931715446344051
2,0.1,400,249,uniform,0.0003214921055669875
2,0.1,400,250,complete_rollout,5.101243357693592e-06
2,0.1,400,250,tis,0.00013324140986118398
2,0.1,400,250,uniform,8.923882117397111e-05
2,0.1,400,251,complete_rollout,1.3501701053566024e-05
2,0.1,400,251,tis,5.080082297329716e-05
2,0.1,400,251,uniform,0.0005749223253315932
2,0.1,400,252,complete_rollout,1.264327032410368e-05
2,0.1,400,252,tis,6.412178789577516e-05
2,0.1,400,252,uniform,0.00034849241283747275
2,0.1,400,253,complete_rollout,1.0272066433358615e-05
2,0.1,400,253,tis,0.00020465004451805058
2,0.1,400,253,uniform,0.0006367422518540228
2,0.1,400,254,complete_rollout,7.2186399475824054e-06
2,0.1,400,254,tis,0.0002672339617087438
2,0.1,400,254,uniform,0.00010198471952720616
2,0.1,400,255,complete_rollout,8.646493867945954e-06
2,0.1,400,255,tis,2.5101787055769983e-05
2,0.1,400,255,uniform,0.00014196855744138737
2,0.1,400,256,complete_rollout,8.453638253068603e-06
2,0.1,400,256,tis,2.8201452629836728e-05
2,0.1,400,256,uniform,0.0003046545770728252
2,0.1,400,257,complete_rollout,3.920260619776067e-06
2,0.1,400,257,tis,0.0001422494050284564
2,0.1,400,257,uniform,0.0001196940283815827
2,0.1,400,258,complete_rollout,5.283068803159298e-06
2,0.1,400,258,tis,0.0002494043007919714
2,0.1,400,258,uniform,0.00023391393610261012
2,0.1,400,259,complete_rollout,8.089073236685305e-06
2,0.1,400,259,tis,0.00035566857084685916
2,0.1,400,259,uniform,0.0004167346281140566
2,0.1,400,260,complete_rollout,9.319588218139729e-06
2,0.1,400,260,tis,7.253864879895556e-05
2,0.1,400,260,uniform,0.0004364653726430902
2,0.1,400,261,complete_rollout,8.959128534552305e-06
2,0.1,400,261,tis,0.00014750958849192835
2,0.1,400,261,uniform,0.00022095546913227171
2,0.1,400,262,complete_rollout,4.757955482266463e-06
2,0.1,400,262,tis,4.413342214259961e-05
2,0.1,400,262,uniform,0.0005135464984338568
2,0.1,400,263,complete_rollout,8.058404849348212e-06
2,0.1,400,263,tis,4.068883271204072e-05
2,0.1,400,263,uniform,0.0001537090403974533
2,0.1,400,264,complete_rollout,1.231145849269627e-05
2,0.1,400,264,tis,0.0001730071089336998
2,0.1,400,264,uniform,0.0002519666867346667
2,0.1,400,265,complete_rollout,8.091206431186983e-06
2,0.1,400,265,tis,0.00011125430979885287
2,0.1,400,265,uniform,0.0004344406546179721
2,0.1,400,266,complete_rollout,6.86928651176459e-06
2,0.1,400,266,tis,0.00011889652048130153
2,0.1,400,266,uniform,0.00022546202865956103
2,0.1,400,267,complete_rollout,6.285043028483794e-06
2,0.1,400,267,tis,5.650339634200796e-05
2,0.1,400,267,uniform,0.0003083856753373282
2,0.1,400,268,complete_rollout,1.1821413665934514e-05
2,0.1,400,268,tis,0.00012804327941704798
2,0.1,400,268,uniform,0.0001844957935502255
2,0.1,400,269,complete_rollout,9.149285802141998e-06
2,0.1,400,269,tis,2.454325996484507e-05
2,0.1,400,269,uniform,0.00021596435698154434
2,0.1,400,270,complete_rollout,5.8829578817118256e-06
2,0.1,400,270,tis,0.0001696566952347013
2,0.1,400,270,uniform,0.00018914954914128827
2,0.1,400,271,complete_rollout,7.10886350736095e-06
2,0.1,400,271,tis,0.00014954738342013777
2,0.1,400,271,uniform,0.0004824155699782142
2,0.1,400,272,complete_rollout,6.352378182394667e-06
2,0.1,400,272,tis,6.916566412053479e-05
2,0.1,400,272,uniform,0.0001725549521041931
2,0.1,400,273,complete_rollout,9.966556094150231e-06
2,0.1,400,273,tis,8.835514516106758e-05
2,0.1,400,273,uniform,0.0005370863120396955
2,0.1,400,274,complete_rollout,1.491813879986122e-05
2,0.1,400,274,tis,7.687269503209516e-05
2,0.1,400,274,uniform,0.00036837220417888344
2,0.1,400,275,complete_rollout,6.995620786056957e-06
2,0.1,400,275,tis,0.00014470101280679177
2,0.1,400,275,uniform,0.0002598087029248172
2,0.1,400,276,complete_rollout,5.868337269538667e-06
2,0.1,400,276,tis,0.00010877451856836999
2,0.1,400,276,uniform,0.0002151943283579512
2,0.1,400,277,complete_rollout,5.361842331756482e-06
2,0.1,400,277,tis,0.0002614389015736336
2,0.1,400,277,uniform,0.00025191316741101527
2,0.1,400,278,complete_rollout,4.222475071737029e-06
2,0.1,400,278,tis,0.00013621785142826014
2,0.1,400,278,uniform,0.00021328809537749654
2,0.1,400,279,complete_rollout,3.748697269285403e-06
2,0.1,400,279,tis,0.00043434570938190076
2,0.1,400,279,uniform,0.0001717150170310584
2,0.1,400,280,complete_rollout,9.892067978617294e-06
2,0.1,400,280,tis,0.0001149297398982892
2,0.1,400,280,uniform,0.0003024807863683467
2,0.1,400,281,complete_rollout,6.659282528924003e-06
2,0.1,400,281,tis,8.035063132307932e-05
2,0.1,400,281,uniform,0.0001658140255052145
2,0.1,400,282,complete_rollout,6.1485442543298815e-06
2,0.1,400,282,tis,3.311064428844399e-05
2,0.1,400,282,uniform,0.0002405686002233358
2,0.1,400,283,complete_rollout,1.218595332863176e-05
2,0.1,400,283,tis,8.791900931963374e-05
2,0.1,400,283,uniform,0.00027290032332086993
2,0.1,400,284,complete_rollout,6.15168711083841e-06
2,0.1,400,284,tis,3.950732188566361e-05
2,0.1,400,284,uniform,0.00019787228103737716
2,0.1,400,285,complete_rollout,6.802928329739632e-06
2,0.1,400,285,tis,4.476708700922877e-05
2,0.1,400,285,uniform,0.0001507574154879571
2,0.1,400,286,complete_rollout,2.9357409917816194e-06
2,0.1,400,286,tis,0.0001323199560795495
2,0.1,400,286,uniform,0.0002956062402637913
2,0.1,400,287,complete_rollout,6.393169756179979e-06
2,0.1,400,287,tis,0.0001739717065499161
2,0.1,400,287,uniform,0.0002456664488114436
2,0.1,400,288,complete_rollout,1.82330871897045e-05
2,0.1,400,288,tis,0.00012667905539667923
2,0.1,400,288,uniform,0.00022589056466711167
2,0.1,400,289,complete_rollout,1.5822532425328762e-05
2,0.1,400,289,tis,0.0003208689349181259
2,0.1,400,289,uniform,0.0002471008847590734
2,0.1,400,290,complete_rollout,6.15552139277842e-06
2,0.1,400,290,tis,0.0008555734072107753
2,0.1,400,290,uniform,0.000207335057557565
2,0.1,400,291,complete_rollout,9.50588817912669e-06
2,0.1,400,291,tis,0.00025231981626390844
2,0.1,400,291,uniform,0.0002484594760149377
2,0.1,400,292,complete_rollout,1.5053907819918397e-05
2,0.1,400,292,tis,0.0004436724613609514
2,0.1,400,292,uniform,0.00022661299640651337
2,0.1,400,293,complete_rollout,5.08990861434687e-06
2,0.1,400,293,tis,4.763806850663964e-05
2,0.1,400,293,uniform,0.0003313296582701128
2,0.1,400,294,complete_rollout,6.5644641397894525e-06
2,0.1,400,294,tis,3.1672277181851776e-05
2,0.1,400,294,uniform,0.00010293354602046909
2,0.1,400,295,complete_rollout,6.809525913487336e-06
2,0.1,400,295,tis,0.0002098863975510904
2,0.1,400,295,uniform,0.0002648334221285291
2,0.1,400,296,complete_rollout,6.032991838860711e-06
2,0.1,400,296,tis,5.9316491628523284e-05
2,0.1,400,296,uniform,0.00024217604888487283
2,0.1,400,297,complete_rollout,8.169952453763734e-06
2,0.1,400,297,tis,0.0007560951482820886
2,0.1,400,297,uniform,0.00024356903037924056
2,0.1,400,298,complete_rollout,6.630893387682145e-06
2,0.1,400,298,tis,6.495906866008898e-05
2,0.1,400,298,uniform,0.0005804563207774632
2,0.1,400,299,complete_rollout,1.1216410605421574e-05
2,0.1,400,299,tis,0.0005007251916650581
2,0.1,400,299,uniform,0.0004232646743740496
2,0.2,50,0,complete_rollout,4.7779348660028445e-05
2,0.2,50,0,tis,0.0002975420631367411
2,0.2,50,0,uniform,0.004186337532648277
2,0.2,50,1,complete_rollout,2.7550795079899768e-05
2,0.2,50,1,tis,0.0018855563259653188
2,0.2,50,1,uniform,0.0020430660300905738
2,0.2,50,2,complete_rollout,0.00010719584992315205
2,0.2,50,2,tis,0.0004836756568464358
2,0.2,50,2,uniform,0.0016004298816483234
2,0.2,50,3,complete_rollout,6.891569756892964e-05
2,0.2,50,3,tis,0.0008993462770403695
2,0.2,50,3,uniform,0.0013150404120774388
2,0.2,50,4,complete_rollout,5.2637218634654256e-05
2,0.2,50,4,tis,0.0007042586892836136
2,0.2,50,4,uniform,0.0025209493998653346
2,0.2,50,5,complete_rollout,7.347336924223564e-05
2,0.2,50,5,tis,0.0004081174137532536
2,0.2,50,5,uniform,0.0020564911987952534
2,0.2,50,6,complete_rollout,4.4820241661282756e-05
2,0.2,50,6,tis,0.000677094515189508
2,0.2,50,6,uniform,0.001424160739167032
2,0.2,50,7,complete_rollout,3.271219244390541e-05
2,0.2,50,7,tis,0.0016046385887815932
2,0.2,50,7,uniform,0.00409764318146845
2,0.2,50,8,complete_rollout,3.634722839737986e-05
2,0.2,50,8,tis,0.000801373337349793
2,0.2,50,8,uniform,0.004461197796270293
2,0.2,50,9,complete_rollout,4.643187204875927e-05
2,0.2,50,9,tis,0.0003579790208153888
2,0.2,50,9,uniform,0.0018409304171048458
2,0.2,50,10,complete_rollout,1.858899389239763e-05
2,0.2,50,10,tis,0.00036476606765487995
2,0.2,50,10,uniform,0.0024005274262528693
2,0.2,50,11,complete_rollout,4.436355027158605e-05
2,0.2,50,11,tis,0.004965566195466002
2,0.2,50,11,uniform,0.003543416427987428
2,0.2,50,12,complete_rollout,7.971091433410739e-05
2,0.2,50,12,tis,0.0006851019140510582
2,0.2,50,12,uniform,0.0015586960178176408
2,0.2,50,13,complete_rollout,7.053489034517389e-05
2,0.2,50,13,tis,0.00101230523570499
2,0.2,50,13,uniform,0.0028236095435965037
2,0.2,50,14,complete_rollout,5.751592576717493e-05
2,0.2,50,14,tis,0.0008966953471033683
2,0.2,50,14,uniform,0.0008791410947615346
2,0.2,50,15,complete_rollout,7.676722844913716e-05
2,0.2,50,15,tis,0.0020688206144830507
2,0.2,50,15,uniform,0.0012004588776102756
2,0.2,50,16,complete_rollout,5.7123445935153064e-05
2,0.2,50,16,tis,0.0006753483538931485
2,0.2,50,16,uniform,0.0025357407404719614
2,0.2,50,17,complete_rollout,4.4735543365913405e-05
2,0.2,50,17,tis,0.0003556033187511943
2,0.2,50,17,uniform,0.0010948669204192518
2,0.2,50,18,complete_rollout,4.574180598341291e-05
2,0.2,50,18,tis,0.00200638916439413
2,0.2,50,18,uniform,0.002479572759969941
2,0.2,50,19,complete_rollout,3.5842248854690835e-05
2,0.2,50,19,tis,0.0018884130549106518
2,0.2,50,19,uniform,0.0021357565720419016
2,0.2,50,20,complete_rollout,2.7656850848170976e-05
2,0.2,50,20,tis,0.002047698137336278
2,0.2,50,20,uniform,0.0022569334548146924
2,0.2,50,21,complete_rollout,5.0431422158280046e-05
2,0.2,50,21,tis,0.0007403887678918874
2,0.2,50,21,uniform,0.005758255540180723
2,0.2,50,22,complete_rollout,0.0001584666697795127
2,0.2,50,22,tis,0.00045003197187236263
2,0.2,50,22,uniform,0.002388428170877571
2,0.2,50,23,complete_rollout,3.2166388572705286e-05
2,0.2,50,23,tis,0.0007338629275896093
2,0.2,50,23,uniform,0.0013369100312113874
2,0.2,50,24,complete_rollout,3.728953020368219e-05
2,0.2,50,24,tis,0.0003545181682196127
2,0.2,50,24,uniform,0.0011599912923606528
2,0.2,50,25,complete_rollout,3.2525992537037284e-05
2,0.2,50,25,tis,0.0004824959030059775
2,0.2,50,25,uniform,0.0016439338610708936
2,0.2,50,26,complete_rollout,9.299501954771001e-05
2,0.2,50,26,tis,0.0006411224505507141
2,0.2,50,26,uniform,0.0030043986705383563
2,0.2,50,27,complete_rollout,3.705360709786249e-05
2,0.2,50,27,tis,0.0004766581100497395
2,0.2,50,27,uniform,0.0015877473414517781
2,0.2,50,28,complete_rollout,0.00014451368518778263
2,0.2,50,28,tis,0.00015845396435996406
2,0.2,50,28,uniform,0.0013704481342118719
2,0.2,50,29,complete_rollout,5.9526023003725754e-05
2,0.2,50,29,tis,0.0016412327753480163
2,0.2,50,29,uniform,0.001814966446034107
2,0.2,50,30,complete_rollout,5.948858751817423e-05
2,0.2,50,30,tis,0.0010187634944304317
2,0.2,50,30,uniform,0.0038972248399449906
2,0.2,50,31,complete_rollout,4.700814589521418e-05
2,0.2,50,31,tis,0.0004923907731902677
2,0.2,50,31,uniform,0.0013076025860563108
2,0.2,50,32,complete_rollout,6.219252622578552e-05
2,0.2,50,32,tis,0.002034360235139099
2,0.2,50,32,uniform,0.0021064241390312878
2,0.2,50,33,complete_rollout,6.303790321238033e-05
2,0.2,50,33,tis,0.0014200867859763425
2,0.2,50,33,uniform,0.0023682202922890995
2,0.2,50,34,complete_rollout,8.236371001268726e-05
2,0.2,50,34,tis,0.0017338561099777428
2,0.2,50,34,uniform,0.0020190794689571292
2,0.2,50,35,complete_rollout,3.212611655344285e-05
2,0.2,50,35,tis,0.001666262357036043
2,0.2,50,35,uniform,0.0017554588675045412
2,0.2,50,36,complete_rollout,0.00014970167084780506
2,0.2,50,36,tis,0.0003968032791128758
2,0.2,50,36,uniform,0.0012798440737803278
2,0.2,50,37,complete_rollout,4.5061694148489707e-05
2,0.2,50,37,tis,0.0008184121752399257
2,0.2,50,37,uniform,0.0014236644055873324
2,0.2,50,38,complete_rollout,5.323958512952455e-05
2,0.2,50,38,tis,0.001264415747957349
2,0.2,50,38,uniform,0.00329319486756043
2,0.2,50,39,complete_rollout,5.867329283160157e-05
2,0.2,50,39,tis,0.0009571402368992022
2,0.2,50,39,uniform,0.006383480152463582
2,0.2,50,40,complete_rollout,6.909835664372742e-05
2,0.2,50,40,tis,0.0007464511847232465
2,0.2,50,40,uniform,0.0029337293728251474
2,0.2,50,41,complete_rollout,4.499250331309182e-05
2,0.2,50,41,tis,0.0006477556777824838
2,0.2,50,41,uniform,0.001334509911821575
2,0.2,50,42,complete_rollout,4.1529948280569515e-05
2,0.2,50,42,tis,0.00127727760114198
2,0.2,50,42,uniform,0.0013286582139712655
2,0.2,50,43,complete_rollout,6.307824928379315e-05
2,0.2,50,43,tis,0.0005923555602953569
2,0.2,50,43,uniform,0.0012173576401599364
2,0.2,50,44,complete_rollout,4.887716392802004e-05
2,0.2,50,44,tis,0.0018635521924595824
2,0.2,50,44,uniform,0.0029095495569423277
2,0.2,50,45,complete_rollout,0.00013188210796368654
2,0.2,50,45,tis,0.0008680861439719911
2,0.2,50,45,uniform,0.0019630770428279115
2,0.2,50,46,complete_rollout,3.720253195253046e-05
2,0.2,50,46,tis,0.0005109621127270244
2,0.2,50,46,uniform,0.002065046086609937
2,0.2,50,47,complete_rollout,7.88566289801388e-05
2,0.2,50,47,tis,0.001757186597640628
2,0.2,50,47,uniform,0.00205666641336565
2,0.2,50,48,complete_rollout,5.625479225969044e-05
2,0.2,50,48,tis,0.0006450755924430712
2,0.2,50,48,uniform,0.002549103171414842
2,0.2,50,49,complete_rollout,5.1559248096325275e-05
2,0.2,50,49,tis,0.000635612019602065
2,0.2,50,49,uniform,0.0018755268958225817
2,0.2,50,50,complete_rollout,4.985906757234361e-05
2,0.2,50,50,tis,0.0018998836925997185
2,0.2,50,50,uniform,0.0013921579401009214
2,0.2,50,51,complete_rollout,3.176030303180983e-05
2,0.2,50,51,tis,0.0011237947011513581
2,0.2,50,51,uniform,0.0011935330557555606
2,0.2,50,52,complete_rollout,4.5148387708655134e-05
2,0.2,50,52,tis,0.0005223039261552796
2,0.2,50,52,uniform,0.0020137003493628292
2,0.2,50,53,complete_rollout,4.428554266854868e-05
2,0.2,50,53,tis,0.0008080251520302952
2,0.2,50,53,uniform,0.002027394861569684
2,0.2,50,54,complete_rollout,2.463162377619679e-05
2,0.2,50,54,tis,0.0002956816342306773
2,0.2,50,54,uniform,0.0023425908148819586
2,0.2,50,55,complete_rollout,0.00014205756657149844
2,0.2,50,55,tis,0.0008911462049618401
2,0.2,50,55,uniform,0.0020328097521009714
2,0.2,50,56,complete_rollout,4.802974634839779e-05
2,0.2,50,56,tis,0.00043640135943403765
2,0.2,50,56,uniform,0.0021252250908878
2,0.2,50,57,complete_rollout,0.00015523249392296
2,0.2,50,57,tis,0.0011553262800554668
2,0.2,50,57,uniform,0.0028336787078381484
2,0.2,50,58,complete_rollout,3.820028203113738e-05
2,0.2,50,58,tis,0.0009002302122764001
2,0.2,50,58,uniform,0.0010317351762105785
2,0.2,50,59,complete_rollout,0.0001054364798405647
2,0.2,50,59,tis,0.0005831269056267892
2,0.2,50,59,uniform,0.0015634468846856488
2,0.2,50,60,complete_rollout,0.0001802554368540516
2,0.2,50,60,tis,0.0009670742098674712
2,0.2,50,60,uniform,0.001861049943489562
2,0.2,50,61,complete_rollout,3.2749911340990155e-05
2,0.2,50,61,tis,0.00040607590107402637
2,0.2,50,61,uniform,0.0018506939666652006
2,0.2,50,62,complete_rollout,8.075534715570061e-05
2,0.2,50,62,tis,0.0009940811026902922
2,0.2,50,62,uniform,0.0016599604540982588
2,0.2,50,63,complete_rollout,7.382195309316335e-05
2,0.2,50,63,tis,0.0006711850445190779
2,0.2,50,63,uniform,0.0017498789094210529
2,0.2,50,64,complete_rollout,3.516520599209145e-05
2,0.2,50,64,tis,0.00038967893880847813
2,0.2,50,64,uniform,0.0013979119645838181
2,0.2,50,65,complete_rollout,5.0647980591365606e-05
2,0.2,50,65,tis,0.0008014576581239482
2,0.2,50,65,uniform,0.0014149254697553694
2,0.2,50,66,complete_rollout,0.000282988758709621
2,0.2,50,66,tis,0.001117223348036763
2,0.2,50,66,uniform,0.0017555657806754977
2,0.2,50,67,complete_rollout,2.4551904001370237e-05
2,0.2,50,67,tis,0.001178402811566814
2,0.2,50,67,uniform,0.0016249530999072532
2,0.2,50,68,complete_rollout,4.433384034800683e-05
2,0.2,50,68,tis,0.0003202461362611102
2,0.2,50,68,uniform,0.0026087662874457337
2,0.2,50,69,complete_rollout,3.3015858012367544e-05
2,0.2,50,69,tis,0.0005453707524396136
2,0.2,50,69,uniform,0.0013941484101025966
2,0.2,50,70,complete_rollout,0.000174991798994547
2,0.2,50,70,tis,0.0013879243185645868
2,0.2,50,70,uniform,0.001983668868127254
2,0.2,50,71,complete_rollout,0.0001233883314341489
2,0.2,50,71,tis,0.0005811227557086457
2,0.2,50,71,uniform,0.0016739401754913622
2,0.2,50,72,complete_rollout,3.5616654012081795e-05
2,0.2,50,72,tis,0.00032071194535640384
2,0.2,50,72,uniform,0.0017591372922437596
2,0.2,50,73,complete_rollout,0.0001371844515334536
2,0.2,50,73,tis,0.0011330645989958215
2,0.2,50,73,uniform,0.0010842986269509753
2,0.2,50,74,complete_rollout,0.00010814693207067179
2,0.2,50,74,tis,0.0012832331683769467
2,0.2,50,74,uniform,0.0015402098057371925
2,0.2,50,75,complete_rollout,0.00010244022236149482
2,0.2,50,75,tis,0.0010070759132486038
2,0.2,50,75,uniform,0.001742188621419299
2,0.2,50,76,complete_rollout,4.4707056607381994e-05
2,0.2,50,76,tis,0.0009802559490019902
2,0.2,50,76,uniform,0.002894165124016783
2,0.2,50,77,complete_rollout,3.4118470476161794e-05
2,0.2,50,77,tis,0.0010042318996173311
2,0.2,50,77,uniform,0.0015893019355870508
2,0.2,50,78,complete_rollout,5.327051497563071e-05
2,0.2,50,78,tis,0.0005209570216233828
2,0.2,50,78,uniform,0.0010693115532496387
2,0.2,50,79,complete_rollout,3.66260766846949e-05
2,0.2,50,79,tis,0.0007541779589756688
2,0.2,50,79,uniform,0.0018217749722336195
2,0.2,50,80,complete_rollout,7.391858186176554e-05
2,0.2,50,80,tis,0.0004345556102655729
2,0.2,50,80,uniform,0.001427429859923965
2,0.2,50,81,complete_rollout,5.098613317974311e-05
2,0.2,50,81,tis,0.00026014437053116827
2,0.2,50,81,uniform,0.0016264588471140203
2,0.2,50,82,complete_rollout,4.358596513836074e-05
2,0.2,50,82,tis,0.00022815876361143678
2,0.2,50,82,uniform,0.0008249088695470603
2,0.2,50,83,complete_rollout,5.758043900533015e-05
2,0.2,50,83,tis,0.0007463198701679452
2,0.2,50,83,uniform,0.0019261621835091585
2,0.2,50,84,complete_rollout,4.826231757828744e-05
2,0.2,50,84,tis,0.0007121749562384801
2,0.2,50,84,uniform,0.0005836921072135829
2,0.2,50,85,complete_rollout,8.929034354136038e-05
2,0.2,50,85,tis,0.0008957615904783639
2,0.2,50,85,uniform,0.0020047807798037726
2,0.2,50,86,complete_rollout,8.349064186948609e-05
2,0.2,50,86,tis,0.0017063043584505842
2,0.2,50,86,uniform,0.0018528854482348731
2,0.2,50,87,complete_rollout,2.7013413065952872e-05
2,0.2,50,87,tis,0.0004246722772938033
2,0.2,50,87,uniform,0.0008968068011217325
2,0.2,50,88,complete_rollout,3.7956851368207114e-05
2,0.2,50,88,tis,0.0010086491174979763
2,0.2,50,88,uniform,0.0026687406072370304
2,0.2,50,89,complete_rollout,3.7347486240076835e-05
2,0.2,50,89,tis,0.0007184578322798126
2,0.2,50,89,uniform,0.0013947214806216603
2,0.2,50,90,complete_rollout,7.902854321307764e-05
2,0.2,50,90,tis,0.002817429313899594
2,0.2,50,90,uniform,0.0014214829148779544
2,0.2,50,91,complete_rollout,0.0001010124157382289
2,0.2,50,91,tis,0.000898442538985467
2,0.2,50,91,uniform,0.00173287537243857
2,0.2,50,92,complete_rollout,9.422897574811065e-05
2,0.2,50,92,tis,0.0006782141029076606
2,0.2,50,92,uniform,0.0023006656046365907
2,0.2,50,93,complete_rollout,3.901866263763373e-05
2,0.2,50,93,tis,0.0006539859953215313
2,0.2,50,93,uniform,0.002351698167772014
2,0.2,50,94,complete_rollout,5.551805433648905e-05
2,0.2,50,94,tis,0.0007901911803483159
2,0.2,50,94,uniform,0.0018656162431675792
2,0.2,50,95,complete_rollout,0.00011714038136839064
2,0.2,50,95,tis,0.00044554961711732604
2,0.2,50,95,uniform,0.0027102049574770845
2,0.2,50,96,complete_rollout,3.224808119969903e-05
2,0.2,50,96,tis,0.0009774398737089393
2,0.2,50,96,uniform,0.0020881426414824677
2,0.2,50,97,complete_rollout,7.05997878325783e-05
2,0.2,50,97,tis,0.0010570117824803412
2,0.2,50,97,uniform,0.004505831595951875
2,0.2,50,98,complete_rollout,0.0001675813063090591
2,0.2,50,98,tis,0.0004640549649471234
2,0.2,50,98,uniform,0.0035300154979838855
2,0.2,50,99,complete_rollout,4.529554513981967e-05
2,0.2,50,99,tis,0.0013548247539346757
2,0.2,50,99,uniform,0.001547183143297507
2,0.2,50,100,complete_rollout,0.00018524826943475407
2,0.2,50,100,tis,0.0012342191654131829
2,0.2,50,100,uniform,0.0035351139847569664
2,0.2,50,101,complete_rollout,1.8466235170986647e-05
2,0.2,50,101,tis,0.00213106497122145
2,0.2,50,101,uniform,0.0017390411961397433
2,0.2,50,102,complete_rollout,7.917582553205758e-05
2,0.2,50,102,tis,0.0003076721716639417
2,0.2,50,102,uniform,0.0017982013303388313
2,0.2,50,103,complete_rollout,9.559243966190908e-05
2,0.2,50,103,tis,0.0003638351881792691
2,0.2,50,103,uniform,0.0012597381976552661
2,0.2,50,104,complete_rollout,5.574818337816253e-05
2,0.2,50,104,tis,0.0010261822534694519
2,0.2,50,104,uniform,0.0008262685347490389
2,0.2,50,105,complete_rollout,0.00011473664346971295
2,0.2,50,105,tis,0.0005706153077932975
2,0.2,50,105,uniform,0.0007568904018473952
2,0.2,50,106,complete_rollout,4.655803461633831e-05
2,0.2,50,106,tis,0.0006183054670017418
2,0.2,50,106,uniform,0.0028623655399928794
2,0.2,50,107,complete_rollout,5.22520456116316e-05
2,0.2,50,107,tis,0.0009854474238667294
2,0.2,50,107,uniform,0.005622741549573594
2,0.2,50,108,complete_rollout,3.6961200006546515e-05
2,0.2,50,108,tis,0.00023652539456798637
2,0.2,50,108,uniform,0.007417023210546763
2,0.2,50,109,complete_rollout,2.292640543565399e-05
2,0.2,50,109,tis,0.002294843701872537
2,0.2,50,109,uniform,0.00208987055594657
2,0.2,50,110,complete_rollout,6.64301466056708e-05
2,0.2,50,110,tis,0.0014933105831969583
2,0.2,50,110,uniform,0.002549082772135025
2,0.2,50,111,complete_rollout,0.00013008728211048306
2,0.2,50,111,tis,0.0004841106684894662
2,0.2,50,111,uniform,0.003222290911158203
2,0.2,50,112,complete_rollout,5.5906000690952005e-05
2,0.2,50,112,tis,0.0007522248132820128
2,0.2,50,112,uniform,0.0014513043184157652
2,0.2,50,113,complete_rollout,8.538082124411321e-05
2,0.2,50,113,tis,0.0005170410728716355
2,0.2,50,113,uniform,0.0012865106155304253
2,0.2,50,114,complete_rollout,6.376288037805776e-05
2,0.2,50,114,tis,0.00040803391861719856
2,0.2,50,114,uniform,0.006318604572448388
2,0.2,50,115,complete_rollout,3.417231059504874e-05
2,0.2,50,115,tis,0.001588165754411657
2,0.2,50,115,uniform,0.0021787135590334334
2,0.2,50,116,complete_rollout,0.00010487022846087833
2,0.2,50,116,tis,0.0024950730919868513
2,0.2,50,116,uniform,0.001990805301060238
2,0.2,50,117,complete_rollout,2.8653348560797818e-05
2,0.2,50,117,tis,0.00100665074692472
2,0.2,50,117,uniform,0.0023848646554089875
2,0.2,50,118,complete_rollout,7.824636031754115e-05
2,0.2,50,118,tis,0.0010160511891625728
2,0.2,50,118,uniform,0.0022804212358352506
2,0.2,50,119,complete_rollout,2.535837656500355e-05
2,0.2,50,119,tis,0.0009877442864462001
2,0.2,50,119,uniform,0.0006356737185261343
2,0.2,50,120,complete_rollout,4.0920309714933294e-05
2,0.2,50,120,tis,0.00048031198103845195
2,0.2,50,120,uniform,0.0017307688456790168
2,0.2,50,121,complete_rollout,6.136640642014464e-05
2,0.2,50,121,tis,0.0005589099162534418
2,0.2,50,121,uniform,0.0018656788323437891
2,0.2,50,122,complete_rollout,0.0001465220530819087
2,0.2,50,122,tis,0.0006240662932007605
2,0.2,50,122,uniform,0.002055009255157678
2,0.2,50,123,complete_rollout,2.92008577689319e-05
2,0.2,50,123,tis,0.00043355752716586494
2,0.2,50,123,uniform,0.0018022615567019917
2,0.2,50,124,complete_rollout,2.7017482746300886e-05
2,0.2,50,124,tis,0.0006649312022008235
2,0.2,50,124,uniform,0.0009861729089952905
2,0.2,50,125,complete_rollout,6.700861146084807e-05
2,0.2,50,125,tis,0.00031567757746465215
2,0.2,50,125,uniform,0.0019777086464499117
2,0.2,50,126,complete_rollout,4.6732208754658395e-05
2,0.2,50,126,tis,0.001045240335179202
2,0.2,50,126,uniform,0.001484403934598351
2,0.2,50,127,complete_rollout,0.0003148839645999777
2,0.2,50,127,tis,0.001105702595321601
2,0.2,50,127,uniform,0.0007643710888927395
2,0.2,50,128,complete_rollout,5.243795514446719e-05
2,0.2,50,128,tis,0.001400844676547547
2,0.2,50,128,uniform,0.0023084417924902844
2,0.2,50,129,complete_rollout,5.705708307390669e-05
2,0.2,50,129,tis,0.0003154728297305447
2,0.2,50,129,uniform,0.003994827582521742
2,0.2,50,130,complete_rollout,3.197852768366976e-05
2,0.2,50,130,tis,0.0005564225177673305
2,0.2,50,130,uniform,0.005766802758738173
2,0.2,50,131,complete_rollout,5.517873798018298e-05
2,0.2,50,131,tis,0.00023040572414643462
2,0.2,50,131,uniform,0.0026734388790210345
2,0.2,50,132,complete_rollout,6.57007774861137e-05
2,0.2,50,132,tis,0.0004233158196208344
2,0.2,50,132,uniform,0.003330438342836502
2,0.2,50,133,complete_rollout,3.332327192949401e-05
2,0.2,50,133,tis,0.0010028795547877725
2,0.2,50,133,uniform,0.0017693760728991108
2,0.2,50,134,complete_rollout,3.9575567586182196e-05
2,0.2,50,134,tis,0.000258377699262421
2,0.2,50,134,uniform,0.0030252325965430212
2,0.2,50,135,complete_rollout,3.894372500388337e-05
2,0.2,50,135,tis,0.0012728931910794908
2,0.2,50,135,uniform,0.0011646474637022263
2,0.2,50,136,complete_rollout,4.671458561692771e-05
2,0.2,50,136,tis,0.0006858373114893689
2,0.2,50,136,uniform,0.0034605039223229357
2,0.2,50,137,complete_rollout,4.402669311039293e-05
2,0.2,50,137,tis,0.0006094649312559175
2,0.2,50,137,uniform,0.0015172137273833353
2,0.2,50,138,complete_rollout,5.316146716671641e-05
2,0.2,50,138,tis,0.00047085411514609507
2,0.2,50,138,uniform,0.0026443712612727417
2,0.2,50,139,complete_rollout,3.4678632380932595e-05
2,0.2,50,139,tis,0.00048217173284996446
2,0.2,50,139,uniform,0.0012415869069462321
2,0.2,50,140,complete_rollout,5.4518765442172206e-05
2,0.2,50,140,tis,0.00046177032091612193
2,0.2,50,140,uniform,0.002244910668668136
2,0.2,50,141,complete_rollout,0.00017022297454359893
2,0.2,50,141,tis,0.00040106709271228594
2,0.2,50,141,uniform,0.001450112689394325
2,0.2,50,142,complete_rollout,8.288567394164864e-05
2,0.2,50,142,tis,0.0005325826868450952
2,0.2,50,142,uniform,0.002009926980101746
2,0.2,50,143,complete_rollout,3.8312792013285015e-05
2,0.2,50,143,tis,0.000324281131967945
2,0.2,50,143,uniform,0.0060512223979039825
2,0.2,50,144,complete_rollout,7.253000839457349e-05
2,0.2,50,144,tis,0.001280994402619922
2,0.2,50,144,uniform,0.003617285848706235
2,0.2,50,145,complete_rollout,5.174349957631573e-05
2,0.2,50,145,tis,0.001179904931398852
2,0.2,50,145,uniform,0.0017803381127900438
2,0.2,50,146,complete_rollout,6.430656860284011e-05
2,0.2,50,146,tis,0.0013161538540095693
2,0.2,50,146,uniform,0.0016770324621954275
2,0.2,50,147,complete_rollout,2.2587922701466525e-05
2,0.2,50,147,tis,0.0005396338602688394
2,0.2,50,147,uniform,0.00543302762020028
2,0.2,50,148,complete_rollout,0.0001199953978012893
2,0.2,50,148,tis,0.0005530922810524343
2,0.2,50,148,uniform,0.0032657874875708587
2,0.2,50,149,complete_rollout,8.16008072460587e-05
2,0.2,50,149,tis,0.0026448875163706466
2,0.2,50,149,uniform,0.0032252620602721454
2,0.2,50,150,complete_rollout,0.00021363080469478867
2,0.2,50,150,tis,0.001211371946023863
2,0.2,50,150,uniform,0.001493030849052909
2,0.2,50,151,complete_rollout,3.900752252073797e-05
2,0.2,50,151,tis,0.0002563497980835838
2,0.2,50,151,uniform,0.0035725499751191876
2,0.2,50,152,complete_rollout,0.00015731102237696417
2,0.2,50,152,tis,0.000570827291848442
2,0.2,50,152,uniform,0.0014255364378361883
2,0.2,50,153,complete_rollout,2.8346006003143897e-05
2,0.2,50,153,tis,0.0002331109947009318
2,0.2,50,153,uniform,0.0012525034140157027
2,0.2,50,154,complete_rollout,0.00012308918403393978
2,0.2,50,154,tis,0.0013743347950629589
2,0.2,50,154,uniform,0.0027707611863648854
2,0.2,50,155,complete_rollout,4.3789276646228356e-05
2,0.2,50,155,tis,0.00045797891310229977
2,0.2,50,155,uniform,0.003997437479136398
2,0.2,50,156,complete_rollout,3.559822720635683e-05
2,0.2,50,156,tis,0.0015808148226053077
2,0.2,50,156,uniform,0.0018172265434554223
2,0.2,50,157,complete_rollout,2.7862383959384925e-05
2,0.2,50,157,tis,0.0007248893130312556
2,0.2,50,157,uniform,0.002145843749561597
2,0.2,50,158,complete_rollout,8.990990049770758e-05
2,0.2,50,158,tis,0.0013750031746648406
2,0.2,50,158,uniform,0.001772277694017718
2,0.2,50,159,complete_rollout,5.074736070458927e-05
2,0.2,50,159,tis,0.0002698536052996979
2,0.2,50,159,uniform,0.0012017177573020426
2,0.2,50,160,complete_rollout,5.0055027889736515e-05
2,0.2,50,160,tis,0.0004738966305960467
2,0.2,50,160,uniform,0.000851517728713812
2,0.2,50,161,complete_rollout,2.977467660095542e-05
2,0.2,50,161,tis,0.0004135751580261899
2,0.2,50,161,uniform,0.0011527327212117354
2,0.2,50,162,complete_rollout,9.739752681143394e-05
2,0.2,50,162,tis,0.002075235961094131
2,0.2,50,162,uniform,0.001106029200488913
2,0.2,50,163,complete_rollout,6.874099262393565e-05
2,0.2,50,163,tis,0.0005479265096967528
2,0.2,50,163,uniform,0.0033075559569039565
2,0.2,50,164,complete_rollout,6.081042552002738e-05
2,0.2,50,164,tis,0.00038553748400193297
2,0.2,50,164,uniform,0.0017746500749635185
2,0.2,50,165,complete_rollout,3.2615149899177115e-05
2,0.2,50,165,tis,0.0016510952346349959
2,0.2,50,165,uniform,0.0030777353968397124
2,0.2,50,166,complete_rollout,6.31758737645127e-05
2,0.2,50,166,tis,0.0001570126028260407
2,0.2,50,166,uniform,0.002086944040931337
2,0.2,50,167,complete_rollout,7.719578245715424e-05
2,0.2,50,167,tis,0.0008873816281332439
2,0.2,50,167,uniform,0.0030570465121819907
2,0.2,50,168,complete_rollout,9.811124585243987e-05
2,0.2,50,168,tis,0.004459111294414092
2,0.2,50,168,uniform,0.004055987567677902
2,0.2,50,169,complete_rollout,3.839645735731543e-05
2,0.2,50,169,tis,0.001548632500900029
2,0.2,50,169,uniform,0.002970773664665763
2,0.2,50,170,complete_rollout,3.43454228204655e-05
2,0.2,50,170,tis,0.0013286707651855066
2,0.2,50,170,uniform,0.0024676158842095244
2,0.2,50,171,complete_rollout,3.5168995064477796e-05
2,0.2,50,171,tis,0.0012745315618615507
2,0.2,50,171,uniform,0.001905784684255911
2,0.2,50,172,complete_rollout,6.605586923122274e-05
2,0.2,50,172,tis,0.00027018961757853817
2,0.2,50,172,uniform,0.001016726931489288
2,0.2,50,173,complete_rollout,2.6447398053963485e-05
2,0.2,50,173,tis,0.00043505577047396474
2,0.2,50,173,uniform,0.00199553467800681
2,0.2,50,174,complete_rollout,4.903463445047126e-05
2,0.2,50,174,tis,0.0006531686552652387
2,0.2,50,174,uniform,0.0014079410341251704
2,0.2,50,175,complete_rollout,4.351666437758966e-05
2,0.2,50,175,tis,0.0005026920001712811
2,0.2,50,175,uniform,0.0015659547457030386
2,0.2,50,176,complete_rollout,7.740263155580588e-05
2,0.2,50,176,tis,0.0004371578469505164
2,0.2,50,176,uniform,0.0027370047836453235
2,0.2,50,177,complete_rollout,6.407065102069773e-05
2,0.2,50,177,tis,0.0005188840316077619
2,0.2,50,177,uniform,0.0017167540490139303
2,0.2,50,178,complete_rollout,2.444501096159586e-05
2,0.2,50,178,tis,0.0004912757927597255
2,0.2,50,178,uniform,0.0012645486108920415
2,0.2,50,179,complete_rollout,0.0002926806170627074
2,0.2,50,179,tis,0.0005015072497232123
2,0.2,50,179,uniform,0.001994945344977074
2,0.2,50,180,complete_rollout,2.55652498263599e-05
2,0.2,50,180,tis,0.0016243333296062478
2,0.2,50,180,uniform,0.0030994582279149988
2,0.2,50,181,complete_rollout,1.5293013943596095e-05
2,0.2,50,181,tis,0.00047990788070488387
2,0.2,50,181,uniform,0.0054282916438020525
2,0.2,50,182,complete_rollout,0.0001542913392644197
2,0.2,50,182,tis,0.0006323966450728566
2,0.2,50,182,uniform,0.0008465806968476527
2,0.2,50,183,complete_rollout,0.00012008513495820008
2,0.2,50,183,tis,0.0018863980029260765
2,0.2,50,183,uniform,0.002385465244926275
2,0.2,50,184,complete_rollout,0.00012131733474205781
2,0.2,50,184,tis,0.0006929266335344883
2,0.2,50,184,uniform,0.0034558372895884164
2,0.2,50,185,complete_rollout,5.5348158088827544e-05
2,0.2,50,185,tis,0.0007675814604009332
2,0.2,50,185,uniform,0.0019155776598157328
2,0.2,50,186,complete_rollout,0.000119084366034882
2,0.2,50,186,tis,0.0003613705502403748
2,0.2,50,186,uniform,0.0014294273881683404
2,0.2,50,187,complete_rollout,6.115781312075951e-05
2,0.2,50,187,tis,0.0004934612776837272
2,0.2,50,187,uniform,0.0008813995634343627
2,0.2,50,188,complete_rollout,3.6648873966839754e-05
2,0.2,50,188,tis,0.0010448128877204657
2,0.2,50,188,uniform,0.00155731024884977
2,0.2,50,189,complete_rollout,3.5420815757361824e-05
2,0.2,50,189,tis,0.0005551834611907321
2,0.2,50,189,uniform,0.00181411305973436
2,0.2,50,190,complete_rollout,0.00017322814021370102
2,0.2,50,190,tis,0.00036450753566622104
2,0.2,50,190,uniform,0.0017784311161458037
2,0.2,50,191,complete_rollout,0.0001299118881851926
2,0.2,50,191,tis,0.001807654915027249
2,0.2,50,191,uniform,0.0013078776858852028
2,0.2,50,192,complete_rollout,2.3517354584837656e-05
2,0.2,50,192,tis,0.0022315084632469947
2,0.2,50,192,uniform,0.0020082342913623043
2,0.2,50,193,complete_rollout,2.6738570259364314e-05
2,0.2,50,193,tis,0.0003885195122788225
2,0.2,50,193,uniform,0.0021841288434764237
2,0.2,50,194,complete_rollout,6.101764780020282e-05
2,0.2,50,194,tis,0.0006226849202572319
2,0.2,50,194,uniform,0.0031892993367229534
2,0.2,50,195,complete_rollout,0.0002261353408520596
2,0.2,50,195,tis,0.0009822614595308228
2,0.2,50,195,uniform,0.004795370016249022
2,0.2,50,196,complete_rollout,8.163399866245572e-05
2,0.2,50,196,tis,0.000818744250886112
2,0.2,50,196,uniform,0.0005630053913557818
2,0.2,50,197,complete_rollout,7.429896249227086e-05
2,0.2,50,197,tis,0.0021797725582872697
2,0.2,50,197,uniform,0.0019304122751591488
2,0.2,50,198,complete_rollout,0.00010565946911108918
2,0.2,50,198,tis,0.0009067842611940083
2,0.2,50,198,uniform,0.002202906216091127
2,0.2,50,199,complete_rollout,0.00013327247751111063
2,0.2,50,199,tis,0.0005418729258785765
2,0.2,50,199,uniform,0.0018354375204501965
2,0.2,50,200,complete_rollout,0.00015488586288146675
2,0.2,50,200,tis,0.00023065514613735926
2,0.2,50,200,uniform,0.0010593885788873498
2,0.2,50,201,complete_rollout,5.17115462929257e-05
2,0.2,50,201,tis,0.0007787207411265569
2,0.2,50,201,uniform,0.0019105747154484923
2,0.2,50,202,complete_rollout,4.475121276190779e-05
2,0.2,50,202,tis,0.0005273254080696225
2,0.2,50,202,uniform,0.0024247146270172156
2,0.2,50,203,complete_rollout,0.00015785496462041688
2,0.2,50,203,tis,0.0005271724829634606
2,0.2,50,203,uniform,0.0037924378574315503
2,0.2,50,204,complete_rollout,3.3336347346007995e-05
2,0.2,50,204,tis,0.0009966223712082243
2,0.2,50,204,uniform,0.0011939415852311828
2,0.2,50,205,complete_rollout,3.6871130477262925e-05
2,0.2,50,205,tis,0.0010143119139719963
2,0.2,50,205,uniform,0.0022327113750240245
2,0.2,50,206,complete_rollout,9.00955837913063e-05
2,0.2,50,206,tis,0.0005580326118238563
2,0.2,50,206,uniform,0.002208417496981921
2,0.2,50,207,complete_rollout,7.676270992212457e-05
2,0.2,50,207,tis,0.0029191798127387644
2,0.2,50,207,uniform,0.0008133920049370917
2,0.2,50,208,complete_rollout,5.217084264484208e-05
2,0.2,50,208,tis,0.0009064508300743583
2,0.2,50,208,uniform,0.0011573174983684422
2,0.2,50,209,complete_rollout,5.35111982436881e-05
2,0.2,50,209,tis,0.00029244182444061815
2,0.2,50,209,uniform,0.001755718770816248
2,0.2,50,210,complete_rollout,0.00010994026161288067
2,0.2,50,210,tis,0.0006869438667323079
2,0.2,50,210,uniform,0.0019113229296188155
2,0.2,50,211,complete_rollout,5.7624440924440706e-05
2,0.2,50,211,tis,0.0010571374407286225
2,0.2,50,211,uniform,0.001851326381438321
2,0.2,50,212,complete_rollout,3.642798598143995e-05
2,0.2,50,212,tis,0.0007276516856788638
2,0.2,50,212,uniform,0.0015199284239209457
2,0.2,50,213,complete_rollout,4.953894194583673e-05
2,0.2,50,213,tis,0.0003284059399633915
2,0.2,50,213,uniform,0.0014214450522890638
2,0.2,50,214,complete_rollout,3.8607911453990656e-05
2,0.2,50,214,tis,0.001246912547654052
2,0.2,50,214,uniform,0.003481112585781185
2,0.2,50,215,complete_rollout,0.00014228111697225698
2,0.2,50,215,tis,0.0005910258910442421
2,0.2,50,215,uniform,0.002103626171390524
2,0.2,50,216,complete_rollout,2.5526768944528696e-05
2,0.2,50,216,tis,0.0014286416622332327
2,0.2,50,216,uniform,0.0033791083172861067
2,0.2,50,217,complete_rollout,6.777046070836436e-05
2,0.2,50,217,tis,0.001157785565297175
2,0.2,50,217,uniform,0.0018521916702316347
2,0.2,50,218,complete_rollout,0.0001230741251260053
2,0.2,50,218,tis,0.0007174746217907969
2,0.2,50,218,uniform,0.0012403222383656374
2,0.2,50,219,complete_rollout,3.574859743540158e-05
2,0.2,50,219,tis,0.0010490534527086608
2,0.2,50,219,uniform,0.001516682048518529
2,0.2,50,220,complete_rollout,0.00019944308476438515
2,0.2,50,220,tis,0.000271726390823277
2,0.2,50,220,uniform,0.002294550536082715
2,0.2,50,221,complete_rollout,9.86052833863735e-05
2,0.2,50,221,tis,0.0003004778399574241
2,0.2,50,221,uniform,0.00124635812381123
2,0.2,50,222,complete_rollout,5.352459903766337e-05
2,0.2,50,222,tis,0.0016996426512748276
2,0.2,50,222,uniform,0.0022160423844961082
2,0.2,50,223,complete_rollout,7.273304870521835e-05
2,0.2,50,223,tis,0.0007538634747701312
2,0.2,50,223,uniform,0.003380546507229669
2,0.2,50,224,complete_rollout,5.9036074210606256e-05
2,0.2,50,224,tis,0.0023079043759426238
2,0.2,50,224,uniform,0.0026182050015720543
2,0.2,50,225,complete_rollout,9.76410333220498e-05
2,0.2,50,225,tis,0.0008156691939407888
2,0.2,50,225,uniform,0.0011269938908909278
2,0.2,50,226,complete_rollout,3.600036105401422e-05
2,0.2,50,226,tis,0.001181030389178962
2,0.2,50,226,uniform,0.002233269851027895
2,0.2,50,227,complete_rollout,7.573065312999609e-05
2,0.2,50,227,tis,0.001157724918552774
2,0.2,50,227,uniform,0.0007822226274897643
2,0.2,50,228,complete_rollout,3.2762519953835876e-05
2,0.2,50,228,tis,0.0007715037063590769
2,0.2,50,228,uniform,0.0011554575308135395
2,0.2,50,229,complete_rollout,3.645281212874815e-05
2,0.2,50,229,tis,0.0007922109656938658
2,0.2,50,229,uniform,0.001380124588413603
2,0.2,50,230,complete_rollout,2.8092375992608574e-05
2,0.2,50,230,tis,0.0009218263601047036
2,0.2,50,230,uniform,0.001003501426695878
2,0.2,50,231,complete_rollout,6.186937775375093e-05
2,0.2,50,231,tis,0.0008945453863228429
2,0.2,50,231,uniform,0.0020199558197729543
2,0.2,50,232,complete_rollout,6.422069591164923e-05
2,0.2,50,232,tis,0.0005700294835411892
2,0.2,50,232,uniform,0.0017741878670773108
2,0.2,50,233,complete_rollout,1.736386353707621e-05
2,0.2,50,233,tis,0.001328252952775932
2,0.2,50,233,uniform,0.0016767790197531037
2,0.2,50,234,complete_rollout,6.31851784231812e-05
2,0.2,50,234,tis,0.001429394199694036
2,0.2,50,234,uniform,0.001343639365835301
2,0.2,50,235,complete_rollout,0.00012498915406644875
2,0.2,50,235,tis,0.0014525228761368826
2,0.2,50,235,uniform,0.0022196697897965308
2,0.2,50,236,complete_rollout,3.0105855968415763e-05
2,0.2,50,236,tis,0.0018296339489414215
2,0.2,50,236,uniform,0.0011115993273597558
2,0.2,50,237,complete_rollout,0.00012203201059402472
2,0.2,50,237,tis,0.0005686926112475401
2,0.2,50,237,uniform,0.0018391067143002906
2,0.2,50,238,complete_rollout,0.00018523446506780523
2,0.2,50,238,tis,0.0004229437252449994
2,0.2,50,238,uniform,0.002951369610274462
2,0.2,50,239,complete_rollout,7.078749297842555e-05
2,0.2,50,239,tis,0.0018585338490944567
2,0.2,50,239,uniform,0.002747536049946647
2,0.2,50,240,complete_rollout,6.60126052318769e-05
2,0.2,50,240,tis,0.0018814206546173087
2,0.2,50,240,uniform,0.0019921436292756464
2,0.2,50,241,complete_rollout,4.926721609983337e-05
2,0.2,50,241,tis,0.0007965453349791843
2,0.2,50,241,uniform,0.002397306007482652
2,0.2,50,242,complete_rollout,6.529175699554127e-05
2,0.2,50,242,tis,0.0009032171145299389
2,0.2,50,242,uniform,0.0011983779180340143
2,0.2,50,243,complete_rollout,1.5839212660439207e-05
2,0.2,50,243,tis,0.0006774284605031024
2,0.2,50,243,uniform,0.0015516610741544404
2,0.2,50,244,complete_rollout,7.032490143705271e-05
2,0.2,50,244,tis,0.0024200543561122756
2,0.2,50,244,uniform,0.0016004005994283393
2,0.2,50,245,complete_rollout,7.738787237591351e-05
2,0.2,50,245,tis,0.00072791150745596
2,0.2,50,245,uniform,0.002547073957851274
2,0.2,50,246,complete_rollout,7.645502616064017e-05
2,0.2,50,246,tis,0.001183519843705137
2,0.2,50,246,uniform,0.0013351506785835726
2,0.2,50,247,complete_rollout,3.8796277796679634e-05
2,0.2,50,247,tis,0.00031158322855592016
2,0.2,50,247,uniform,0.0018393022781181881
2,0.2,50,248,complete_rollout,2.477430118851871e-05
2,0.2,50,248,tis,0.0011848448332865754
2,0.2,50,248,uniform,0.0013535524248199692
2,0.2,50,249,complete_rollout,6.15080903773072e-05
2,0.2,50,249,tis,0.0005497479983022215
2,0.2,50,249,uniform,0.0012598962617983835
2,0.2,50,250,complete_rollout,3.190219577336473e-05
2,0.2,50,250,tis,0.00042139890241382695
2,0.2,50,250,uniform,0.0016356319833179523
2,0.2,50,251,complete_rollout,7.984240455079561e-05
2,0.2,50,251,tis,0.0002452358914784914
2,0.2,50,251,uniform,0.0015034042367813884
2,0.2,50,252,complete_rollout,6.052656501731258e-05
2,0.2,50,252,tis,0.0005141840447546671
2,0.2,50,252,uniform,0.001631421483557606
2,0.2,50,253,complete_rollout,9.396747807927086e-05
2,0.2,50,253,tis,0.0019019760765584936
2,0.2,50,253,uniform,0.002720532027117862
2,0.2,50,254,complete_rollout,5.840564923405978e-05
2,0.2,50,254,tis,0.0007443217297635462
2,0.2,50,254,uniform,0.0019339007235826707
2,0.2,50,255,complete_rollout,0.0001533722327083148
2,0.2,50,255,tis,0.001011766337390958
2,0.2,50,255,uniform,0.001459243952659052
2,0.2,50,256,complete_rollout,3.7436734753910545e-05
2,0.2,50,256,tis,0.0008664623448153651
2,0.2,50,256,uniform,0.0008285757182173015
2,0.2,50,257,complete_rollout,5.6611358331376457e-05
2,0.2,50,257,tis,0.0008953759523815585
2,0.2,50,257,uniform,0.0020207827027742173
2,0.2,50,258,complete_rollout,0.00010558074101244139
2,0.2,50,258,tis,0.0003375988742687851
2,0.2,50,258,uniform,0.0016497352607829751
2,0.2,50,259,complete_rollout,0.00014705736625305037
2,0.2,50,259,tis,0.00015167881667301918
2,0.2,50,259,uniform,0.00191733388699273
2,0.2,50,260,complete_rollout,2.186243600294821e-05
2,0.2,50,260,tis,0.0009922902911745663
2,0.2,50,260,uniform,0.0013953967803964505
2,0.2,50,261,complete_rollout,0.0002027493046309459
2,0.2,50,261,tis,0.002034020325453534
2,0.2,50,261,uniform,0.0017498737576751475
2,0.2,50,262,complete_rollout,3.5643589052976736e-05
2,0.2,50,262,tis,0.0006539255021475914
2,0.2,50,262,uniform,0.0012907850604127963
2,0.2,50,263,complete_rollout,2.794978482302475e-05
2,0.2,50,263,tis,0.002106800223588436
2,0.2,50,263,uniform,0.0010819410282077277
2,0.2,50,264,complete_rollout,2.512534694408747e-05
2,0.2,50,264,tis,0.0012621644954882824
2,0.2,50,264,uniform,0.002837474444684797
2,0.2,50,265,complete_rollout,4.196590146489869e-05
2,0.2,50,265,tis,0.0005396574164288372
2,0.2,50,265,uniform,0.0027605597349498897
2,0.2,50,266,complete_rollout,6.725406468904967e-05
2,0.2,50,266,tis,0.0014680209440837099
2,0.2,50,266,uniform,0.001129554284718816
2,0.2,50,267,complete_rollout,4.9992015361191145e-05
2,0.2,50,267,tis,0.0011089603534824668
2,0.2,50,267,uniform,0.003992073333976749
2,0.2,50,268,complete_rollout,9.401239548260449e-05
2,0.2,50,268,tis,0.00035729773587977467
2,0.2,50,268,uniform,0.0014225776286908684
2,0.2,50,269,complete_rollout,7.911435216787859e-05
2,0.2,50,269,tis,0.0003213922777872831
2,0.2,50,269,uniform,0.001620639227091837
2,0.2,50,270,complete_rollout,4.680312019758415e-05
2,0.2,50,270,tis,0.0004736246733110787
2,0.2,50,270,uniform,0.0011838458449471665
2,0.2,50,271,complete_rollout,3.434015458961157e-05
2,0.2,50,271,tis,0.0003521708324139307
2,0.2,50,271,uniform,0.0011468715609212715
2,0.2,50,272,complete_rollout,6.930694184155939e-05
2,0.2,50,272,tis,0.000657423431779729
2,0.2,50,272,uniform,0.001312524412558782
2,0.2,50,273,complete_rollout,0.00017827854321642464
2,0.2,50,273,tis,0.000554111049713232
2,0.2,50,273,uniform,0.0016058519644383607
2,0.2,50,274,complete_rollout,5.775984451584742e-05
2,0.2,50,274,tis,0.0004611318298290516
2,0.2,50,274,uniform,0.0012264973095777983
2,0.2,50,275,complete_rollout,7.073734814790257e-05
2,0.2,50,275,tis,0.0006648975649961927
2,0.2,50,275,uniform,0.005956379963737912
2,0.2,50,276,complete_rollout,4.93032400877491e-05
2,0.2,50,276,tis,0.0009020383861067987
2,0.2,50,276,uniform,0.0013994377399756694
2,0.2,50,277,complete_rollout,4.7575438154715293e-05
2,0.2,50,277,tis,0.0002284105119856891
2,0.2,50,277,uniform,0.0009276785079014737
2,0.2,50,278,complete_rollout,3.75711701463334e-05
2,0.2,50,278,tis,0.0010158172308957199
2,0.2,50,278,uniform,0.0008426707002129141
2,0.2,50,279,complete_rollout,0.00010971983034446872
2,0.2,50,279,tis,0.0007799251677702032
2,0.2,50,279,uniform,0.00800690751856876
2,0.2,50,280,complete_rollout,0.00012169587050328119
2,0.2,50,280,tis,0.0006010737093323567
2,0.2,50,280,uniform,0.0020071295247990973
2,0.2,50,281,complete_rollout,9.327747591976148e-05
2,0.2,50,281,tis,0.0011140573994749508
2,0.2,50,281,uniform,0.0021038667784015605
2,0.2,50,282,complete_rollout,3.0235796012414798e-05
2,0.2,50,282,tis,0.0002557614197389387
2,0.2,50,282,uniform,0.001619843953475644
2,0.2,50,283,complete_rollout,5.0279681619934084e-05
2,0.2,50,283,tis,0.0004464261054561808
2,0.2,50,283,uniform,0.0013197160009437673
2,0.2,50,284,complete_rollout,0.00011089522268423978
2,0.2,50,284,tis,0.0006218997651259654
2,0.2,50,284,uniform,0.0014192718127796966
2,0.2,50,285,complete_rollout,7.480511265927796e-05
2,0.2,50,285,tis,0.0009747071040390048
2,0.2,50,285,uniform,0.0022247009027152732
2,0.2,50,286,complete_rollout,4.7107968214472506e-05
2,0.2,50,286,tis,0.0007543855047764874
2,0.2,50,286,uniform,0.0015322903272112975
2,0.2,50,287,complete_rollout,6.72265406829255e-05
2,0.2,50,287,tis,0.0016173774444774103
2,0.2,50,287,uniform,0.0019066492976652777
2,0.2,50,288,complete_rollout,3.7991684829668054e-05
2,0.2,50,288,tis,0.0006108665405143659
2,0.2,50,288,uniform,0.0017791033910581147
2,0.2,50,289,complete_rollout,3.888715087146473e-05
2,0.2,50,289,tis,0.0005642020992738456
2,0.2,50,289,uniform,0.0014685415695298812
2,0.2,50,290,complete_rollout,3.12548398910187e-05
2,0.2,50,290,tis,0.0007509711307535332
2,0.2,50,290,uniform,0.00481249915416942
2,0.2,50,291,complete_rollout,3.0706386967003316e-05
2,0.2,50,291,tis,0.0005748332620893708
2,0.2,50,291,uniform,0.001054727398328355
2,0.2,50,292,complete_rollout,8.642522828716155e-05
2,0.2,50,292,tis,0.0004871480371570198
2,0.2,50,292,uniform,0.002223381691562868
2,0.2,50,293,complete_rollout,2.75256779634541e-05
2,0.2,50,293,tis,0.0013698548538340382
2,0.2,50,293,uniform,0.002367911617008913
2,0.2,50,294,complete_rollout,5.390789285581332e-05
2,0.2,50,294,tis,0.0008881089707056933
2,0.2,50,294,uniform,0.001750100405545663
2,0.2,50,295,complete_rollout,0.00019110325051375203
2,0.2,50,295,tis,0.0007831187475172524
2,0.2,50,295,uniform,0.005172336090926336
2,0.2,50,296,complete_rollout,0.0001432856946117454
2,0.2,50,296,tis,0.0005682133257180618
2,0.2,50,296,uniform,0.0012656448423556987
2,0.2,50,297,complete_rollout,2.415954113892196e-05
2,0.2,50,297,tis,0.001858774269287578
2,0.2,50,297,uniform,0.0015521947794250143
2,0.2,50,298,complete_rollout,0.00019079882388586247
2,0.2,50,298,tis,0.0007266212228954905
2,0.2,50,298,uniform,0.0014727384853726073
2,0.2,50,299,complete_rollout,4.002235521709488e-05
2,0.2,50,299,tis,0.00028026062110845796
2,0.2,50,299,uniform,0.0013609549632818206
2,0.2,100,0,complete_rollout,1.988143237451372e-05
2,0.2,100,0,tis,0.0001451286560220826
2,0.2,100,0,uniform,0.004366286133420943
2,0.2,100,1,complete_rollout,6.260205182750468e-05
2,0.2,100,1,tis,0.0004387787648439095
2,0.2,100,1,uniform,0.0007522364648024667
2,0.2,100,2,complete_rollout,3.12050740075571e-05
2,0.2,100,2,tis,0.0001692158438626456
2,0.2,100,2,uniform,0.0014462841108547043
2,0.2,100,3,complete_rollout,3.614255914321043e-05
2,0.2,100,3,tis,0.00023547351790535542
2,0.2,100,3,uniform,0.000735927776432919
2,0.2,100,4,complete_rollout,1.4505387877596032e-05
2,0.2,100,4,tis,8.067639466722243e-05
2,0.2,100,4,uniform,0.00341705215918725
2,0.2,100,5,complete_rollout,6.225627978506169e-05
2,0.2,100,5,tis,0.0005003477737839103
2,0.2,100,5,uniform,0.005987864598077075
2,0.2,100,6,complete_rollout,1.528192436671989e-05
2,0.2,100,6,tis,9.073627772959824e-05
2,0.2,100,6,uniform,0.0006247490700361562
2,0.2,100,7,complete_rollout,1.4152729678135225e-05
2,0.2,100,7,tis,0.00032450495892152523
2,0.2,100,7,uniform,0.0018298778515878314
2,0.2,100,8,complete_rollout,1.8902655390930796e-05
2,0.2,100,8,tis,0.00014873134101092396
2,0.2,100,8,uniform,0.0006288272682470265
2,0.2,100,9,complete_rollout,8.116923980521848e-05
2,0.2,100,9,tis,0.0001851997729670032
2,0.2,100,9,uniform,0.0006595373747544368
2,0.2,100,10,complete_rollout,2.9181825596924603e-05
2,0.2,100,10,tis,0.0002403576191412157
2,0.2,100,10,uniform,0.0038193222983438496
2,0.2,100,11,complete_rollout,1.584955995385042e-05
2,0.2,100,11,tis,0.00048512214368571214
2,0.2,100,11,uniform,0.0009809662335287892
2,0.2,100,12,complete_rollout,1.5155247033602341e-05
2,0.2,100,12,tis,7.099545504969578e-05
2,0.2,100,12,uniform,0.0015540473904242721
2,0.2,100,13,complete_rollout,3.608411377593258e-05
2,0.2,100,13,tis,0.0002824569962085478
2,0.2,100,13,uniform,0.0025164850018511483
2,0.2,100,14,complete_rollout,5.355530380185141e-05
2,0.2,100,14,tis,0.00011354517665611446
2,0.2,100,14,uniform,0.0008847402256865703
2,0.2,100,15,complete_rollout,3.529358608193058e-05
2,0.2,100,15,tis,0.00014874383879296316
2,0.2,100,15,uniform,0.0016922059221948429
2,0.2,100,16,complete_rollout,3.675337960154225e-05
2,0.2,100,16,tis,0.00036271888104888895
2,0.2,100,16,uniform,0.000999949204782841
2,0.2,100,17,complete_rollout,1.356384536200384e-05
2,0.2,100,17,tis,0.0014214753157232632
2,0.2,100,17,uniform,0.0012094290139732114
2,0.2,100,18,complete_rollout,3.097376527465807e-05
2,0.2,100,18,tis,0.000204109362552588
2,0.2,100,18,uniform,0.0010001442790425216
2,0.2,100,19,complete_rollout,5.8540972354111086e-05
2,0.2,100,19,tis,0.00022428704190606782
2,0.2,100,19,uniform,0.0009793728273996712
2,0.2,100,20,complete_rollout,3.3008118742668957e-05
2,0.2,100,20,tis,0.0004527468756212703
2,0.2,100,20,uniform,0.0006680552069203925
2,0.2,100,21,complete_rollout,3.3302506738194667e-05
2,0.2,100,21,tis,0.0003133169463557683
2,0.2,100,21,uniform,0.0029439642815211704
2,0.2,100,22,complete_rollout,4.125603121570214e-05
2,0.2,100,22,tis,0.00023498248718027917
2,0.2,100,22,uniform,0.0006429486545569566
2,0.2,100,23,complete_rollout,4.8580729345229074e-05
2,0.2,100,23,tis,0.00015653543176503105
2,0.2,100,23,uniform,0.0008053367259346146
2,0.2,100,24,complete_rollout,1.619025423069022e-05
2,0.2,100,24,tis,0.000344761389298882
2,0.2,100,24,uniform,0.0007638934990581989
2,0.2,100,25,complete_rollout,4.1510992956631124e-05
2,0.2,100,25,tis,0.00030209684842175946
2,0.2,100,25,uniform,0.0008981405354061876
2,0.2,100,26,complete_rollout,2.420216458871836e-05
2,0.2,100,26,tis,0.00021353846732521367
2,0.2,100,26,uniform,0.0004833438721638291
2,0.2,100,27,complete_rollout,3.507618005805186e-05
2,0.2,100,27,tis,0.0007765121816160595
2,0.2,100,27,uniform,0.0008476148306938585
2,0.2,100,28,complete_rollout,6.167161498471094e-05
2,0.2,100,28,tis,0.00021867882709757748
2,0.2,100,28,uniform,0.0008887022629835623
2,0.2,100,29,complete_rollout,3.699038660035743e-05
2,0.2,100,29,tis,0.00030074401490873135
2,0.2,100,29,uniform,0.0009044455831741571
2,0.2,100,30,complete_rollout,4.0858851366298573e-05
2,0.2,100,30,tis,0.00015472578100648597
2,0.2,100,30,uniform,0.0007073160400020595
2,0.2,100,31,complete_rollout,2.4378015857373946e-05
2,0.2,100,31,tis,0.005034409717243213
2,0.2,100,31,uniform,0.004734541146077086
2,0.2,100,32,complete_rollout,2.6177307952868542e-05
2,0.2,100,32,tis,0.0003537075963447365
2,0.2,100,32,uniform,0.0009326674636554419
2,0.2,100,33,complete_rollout,4.905052309866858e-05
2,0.2,100,33,tis,0.00041180709699732666
2,0.2,100,33,uniform,0.0005565854852845505
2,0.2,100,34,complete_rollout,3.162403296452943e-05
2,0.2,100,34,tis,0.00019435697743516345
2,0.2,100,34,uniform,0.0011521169222706994
2,0.2,100,35,complete_rollout,1.92801786326685e-05
2,0.2,100,35,tis,0.00010539522741487331
2,0.2,100,35,uniform,0.0010512515257107586
2,0.2,100,36,complete_rollout,0.00012464569670256621
2,0.2,100,36,tis,0.00019556092513294953
2,0.2,100,36,uniform,0.0007718069297343292
2,0.2,100,37,complete_rollout,3.315247178137688e-05
2,0.2,100,37,tis,0.00011652644833903646
2,0.2,100,37,uniform,0.0010808783448759919
2,0.2,100,38,complete_rollout,2.9338196401290172e-05
2,0.2,100,38,tis,0.00036111265244252424
2,0.2,100,38,uniform,0.0007291298519826627
2,0.2,100,39,complete_rollout,4.21206764154311e-05
2,0.2,100,39,tis,0.0004911962170897189
2,0.2,100,39,uniform,0.0006959286693390101
2,0.2,100,40,complete_rollout,1.1772580379583445e-05
2,0.2,100,40,tis,0.0012196040557016423
2,0.2,100,40,uniform,0.0009069279400653054
2,0.2,100,41,complete_rollout,2.0436236534301767e-05
2,0.2,100,41,tis,0.0006535425923646861
2,0.2,100,41,uniform,0.00042298551969343907
2,0.2,100,42,complete_rollout,1.6023491296698798e-05
2,0.2,100,42,tis,9.094555119809341e-05
2,0.2,100,42,uniform,0.001382521611425601
2,0.2,100,43,complete_rollout,3.793109672085607e-05
2,0.2,100,43,tis,0.00013259560990032073
2,0.2,100,43,uniform,0.0008521538061270851
2,0.2,100,44,complete_rollout,3.3698081324029096e-05
2,0.2,100,44,tis,0.0006528191775413954
2,0.2,100,44,uniform,0.0028341354188993867
2,0.2,100,45,complete_rollout,2.490161211329127e-05
2,0.2,100,45,tis,0.0004052160350008403
2,0.2,100,45,uniform,0.0011916936644126132
2,0.2,100,46,complete_rollout,3.905646581865215e-05
2,0.2,100,46,tis,0.00045334694858734315
2,0.2,100,46,uniform,0.0014566464473256553
2,0.2,100,47,complete_rollout,2.5271822925642552e-05
2,0.2,100,47,tis,0.0006354293925107896
2,0.2,100,47,uniform,0.0011968286461314875
2,0.2,100,48,complete_rollout,4.784495321583477e-05
2,0.2,100,48,tis,5.335784605598726e-05
2,0.2,100,48,uniform,0.0014085131042304287
2,0.2,100,49,complete_rollout,3.7707546866946404e-05
2,0.2,100,49,tis,9.361693806959498e-05
2,0.2,100,49,uniform,0.0007673655079585613
2,0.2,100,50,complete_rollout,2.3930296698733995e-05
2,0.2,100,50,tis,0.0004477713942088321
2,0.2,100,50,uniform,0.001182695077425989
2,0.2,100,51,complete_rollout,3.666253491108204e-05
2,0.2,100,51,tis,0.00014013545911162022
2,0.2,100,51,uniform,0.0011491098039293518
2,0.2,100,52,complete_rollout,1.3026259689359882e-05
2,0.2,100,52,tis,0.00015408976300956687
2,0.2,100,52,uniform,0.001329805745561761
2,0.2,100,53,complete_rollout,1.845189125802473e-05
2,0.2,100,53,tis,0.0007084995939477578
2,0.2,100,53,uniform,0.0007355748554592222
2,0.2,100,54,complete_rollout,2.6922350811475315e-05
2,0.2,100,54,tis,0.00037742390515860735
2,0.2,100,54,uniform,0.000461835009029686
2,0.2,100,55,complete_rollout,6.620609018639143e-05
2,0.2,100,55,tis,0.0008602612319969808
2,0.2,100,55,uniform,0.0006018587682086807
2,0.2,100,56,complete_rollout,2.5940134255156226e-05
2,0.2,100,56,tis,0.0003402838243394127
2,0.2,100,56,uniform,0.0007023983255006058
2,0.2,100,57,complete_rollout,1.272951155138442e-05
2,0.2,100,57,tis,0.00014900349186762935
2,0.2,100,57,uniform,0.000594552428967556
2,0.2,100,58,complete_rollout,3.0110804142452413e-05
2,0.2,100,58,tis,0.0004516900162135172
2,0.2,100,58,uniform,0.0007267284743704796
2,0.2,100,59,complete_rollout,3.8156372631898304e-05
2,0.2,100,59,tis,0.0006216653867843891
2,0.2,100,59,uniform,0.0006420378548004474
2,0.2,100,60,complete_rollout,7.902541282397151e-05
2,0.2,100,60,tis,0.00018738383466626113
2,0.2,100,60,uniform,0.0009291073189991205
2,0.2,100,61,complete_rollout,1.5182073926094014e-05
2,0.2,100,61,tis,0.0004332306208014432
2,0.2,100,61,uniform,0.0005670934109791681
2,0.2,100,62,complete_rollout,3.830864883734333e-05
2,0.2,100,62,tis,0.0001194536542380755
2,0.2,100,62,uniform,0.0009408027798100102
2,0.2,100,63,complete_rollout,2.8341425879500914e-05
2,0.2,100,63,tis,0.0006537327415143242
2,0.2,100,63,uniform,0.001165399001696908
2,0.2,100,64,complete_rollout,3.3243791039904255e-05
2,0.2,100,64,tis,0.00023216836376156107
2,0.2,100,64,uniform,0.0008328773790510448
2,0.2,100,65,complete_rollout,2.1711108063895173e-05
2,0.2,100,65,tis,0.0007864890054110835
2,0.2,100,65,uniform,0.0007444598051762838
2,0.2,100,66,complete_rollout,2.577030247400139e-05
2,0.2,100,66,tis,5.595978750535136e-05
2,0.2,100,66,uniform,0.000589617683576163
2,0.2,100,67,complete_rollout,2.913298580096045e-05
2,0.2,100,67,tis,0.0004911180385645087
2,0.2,100,67,uniform,0.00035083660141890246
2,0.2,100,68,complete_rollout,9.67247044603807e-05
2,0.2,100,68,tis,0.000600500369500777
2,0.2,100,68,uniform,0.0020369146551788677
2,0.2,100,69,complete_rollout,2.5429704851807996e-05
2,0.2,100,69,tis,0.00033922741358486194
2,0.2,100,69,uniform,0.0005270491482286283
2,0.2,100,70,complete_rollout,1.5840961733588686e-05
2,0.2,100,70,tis,0.00026097192155966005
2,0.2,100,70,uniform,0.0015528385734051636
2,0.2,100,71,complete_rollout,5.441994233202507e-05
2,0.2,100,71,tis,0.0006987963796248254
2,0.2,100,71,uniform,0.0011042941785044654
2,0.2,100,72,complete_rollout,3.785845762518762e-05
2,0.2,100,72,tis,0.0004093242102145177
2,0.2,100,72,uniform,0.0007922903990547782
2,0.2,100,73,complete_rollout,2.3415314390533706e-05
2,0.2,100,73,tis,0.0003021113441667137
2,0.2,100,73,uniform,0.000430291948209005
2,0.2,100,74,complete_rollout,1.1814165803855933e-05
2,0.2,100,74,tis,0.0014187948808183064
2,0.2,100,74,uniform,0.0013239649212925964
2,0.2,100,75,complete_rollout,1.7297546256035404e-05
2,0.2,100,75,tis,0.0004871314714710451
2,0.2,100,75,uniform,0.0006319498669205333
2,0.2,100,76,complete_rollout,1.842826388916901e-05
2,0.2,100,76,tis,0.000249580902305774
2,0.2,100,76,uniform,0.0010672367228485274
2,0.2,100,77,complete_rollout,1.6701133915368013e-05
2,0.2,100,77,tis,0.0004676176856257562
2,0.2,100,77,uniform,0.0010002872354231257
2,0.2,100,78,complete_rollout,4.134590085018409e-05
2,0.2,100,78,tis,0.0001443988341897962
2,0.2,100,78,uniform,0.0003708767313467608
2,0.2,100,79,complete_rollout,5.025304752771692e-05
2,0.2,100,79,tis,0.00011356498774060126
2,0.2,100,79,uniform,0.0014549883986592026
2,0.2,100,80,complete_rollout,4.55870941769888e-05
2,0.2,100,80,tis,0.00012098742754824205
2,0.2,100,80,uniform,0.0004945090054429047
2,0.2,100,81,complete_rollout,5.812480643918795e-05
2,0.2,100,81,tis,0.00046656243330095855
2,0.2,100,81,uniform,0.001367411600167872
2,0.2,100,82,complete_rollout,6.661360192343806e-05
2,0.2,100,82,tis,0.0004326194768906903
2,0.2,100,82,uniform,0.0005727172801139529
2,0.2,100,83,complete_rollout,1.0383039343938493e-05
2,0.2,100,83,tis,0.00044042295427049915
2,0.2,100,83,uniform,0.0010969929281321397
2,0.2,100,84,complete_rollout,3.628279602597528e-05
2,0.2,100,84,tis,0.00014754557180308414
2,0.2,100,84,uniform,0.0014877903021641653
2,0.2,100,85,complete_rollout,6.446718791068777e-05
2,0.2,100,85,tis,0.0003991405374190813
2,0.2,100,85,uniform,0.002576302876081766
2,0.2,100,86,complete_rollout,0.00016563206531763956
2,0.2,100,86,tis,0.0025783183951568448
2,0.2,100,86,uniform,0.0009422271073563961
2,0.2,100,87,complete_rollout,1.385889842723618e-05
2,0.2,100,87,tis,0.000505376064635706
2,0.2,100,87,uniform,0.001778792854297318
2,0.2,100,88,complete_rollout,2.2323564462896142e-05
2,0.2,100,88,tis,0.0002820065319886919
2,0.2,100,88,uniform,0.00809611006621889
2,0.2,100,89,complete_rollout,2.22807793904965e-05
2,0.2,100,89,tis,0.0001392219635622248
2,0.2,100,89,uniform,0.0005259555476547719
2,0.2,100,90,complete_rollout,3.189874872139044e-05
2,0.2,100,90,tis,0.0003121500329641035
2,0.2,100,90,uniform,0.0013334920716534398
2,0.2,100,91,complete_rollout,1.979044291585298e-05
2,0.2,100,91,tis,0.00013383355427151137
2,0.2,100,91,uniform,0.0010692320962263533
2,0.2,100,92,complete_rollout,2.1125686344225172e-05
2,0.2,100,92,tis,0.00033452059759697715
2,0.2,100,92,uniform,0.0007457777796971452
2,0.2,100,93,complete_rollout,3.090373618492771e-05
2,0.2,100,93,tis,0.00045013673349420956
2,0.2,100,93,uniform,0.0006164463194949477
2,0.2,100,94,complete_rollout,1.79964407888579e-05
2,0.2,100,94,tis,0.0001271910997517901
2,0.2,100,94,uniform,0.0013348649909489954
2,0.2,100,95,complete_rollout,3.0042218615572034e-05
2,0.2,100,95,tis,0.0001797943569888992
2,0.2,100,95,uniform,0.000851972875606148
2,0.2,100,96,complete_rollout,5.06963243066045e-05
2,0.2,100,96,tis,0.00020140180339367405
2,0.2,100,96,uniform,0.0009486921174949178
2,0.2,100,97,complete_rollout,2.0138800644331472e-05
2,0.2,100,97,tis,0.0007531019637268755
2,0.2,100,97,uniform,0.000985552516305916
2,0.2,100,98,complete_rollout,2.971111664355334e-05
2,0.2,100,98,tis,7.942213288739561e-05
2,0.2,100,98,uniform,0.0012568019624014143
2,0.2,100,99,complete_rollout,2.8555761191948652e-05
2,0.2,100,99,tis,0.0002871888434781909
2,0.2,100,99,uniform,0.0004919525536139348
2,0.2,100,100,complete_rollout,1.3119973197899815e-05
2,0.2,100,100,tis,0.00014669467608152218
2,0.2,100,100,uniform,0.000528699137115346
2,0.2,100,101,complete_rollout,2.425615488710533e-05
2,0.2,100,101,tis,0.0003958762384707877
2,0.2,100,101,uniform,0.0011524270830979319
2,0.2,100,102,complete_rollout,7.378419859730703e-05
2,0.2,100,102,tis,6.345869783652423e-05
2,0.2,100,102,uniform,0.0022721756479515865
2,0.2,100,103,complete_rollout,1.8936574218123483e-05
2,0.2,100,103,tis,0.0005399467569993284
2,0.2,100,103,uniform,0.0005520809222073128
2,0.2,100,104,complete_rollout,2.5719865205452292e-05
2,0.2,100,104,tis,0.0001058227534255238
2,0.2,100,104,uniform,0.001157344702855634
2,0.2,100,105,complete_rollout,1.529692225250147e-05
2,0.2,100,105,tis,0.0003253814166131076
2,0.2,100,105,uniform,0.000886738031813004
2,0.2,100,106,complete_rollout,2.957030848754975e-05
2,0.2,100,106,tis,0.00028590252848460286
2,0.2,100,106,uniform,0.0004662322629309708
2,0.2,100,107,complete_rollout,1.4353831800516933e-05
2,0.2,100,107,tis,0.00013198726656152385
2,0.2,100,107,uniform,0.0003997196302229605
2,0.2,100,108,complete_rollout,2.9053131238388254e-05
2,0.2,100,108,tis,0.0010640354354605327
2,0.2,100,108,uniform,0.0006233866069013396
2,0.2,100,109,complete_rollout,1.6460782269321326e-05
2,0.2,100,109,tis,0.0003805408989146753
2,0.2,100,109,uniform,0.0006557980825419511
2,0.2,100,110,complete_rollout,2.8566380068753434e-05
2,0.2,100,110,tis,0.0005148214565323571
2,0.2,100,110,uniform,0.0014421443115021635
2,0.2,100,111,complete_rollout,3.2041473736969866e-05
2,0.2,100,111,tis,0.0007605424091502285
2,0.2,100,111,uniform,0.0013607332363748394
2,0.2,100,112,complete_rollout,1.4050056809083722e-05
2,0.2,100,112,tis,0.0003999833034452242
2,0.2,100,112,uniform,0.0009230636301528294
2,0.2,100,113,complete_rollout,7.203935886473297e-05
2,0.2,100,113,tis,0.00037627631506870386
2,0.2,100,113,uniform,0.0009914178059455515
2,0.2,100,114,complete_rollout,0.00011097179196161679
2,0.2,100,114,tis,0.00040970163961733723
2,0.2,100,114,uniform,0.00143059871102838
2,0.2,100,115,complete_rollout,4.3000832955577276e-05
2,0.2,100,115,tis,0.00024423828937753385
2,0.2,100,115,uniform,0.0006668054643997017
2,0.2,100,116,complete_rollout,4.412825936451969e-05
2,0.2,100,116,tis,0.00021758969590472118
2,0.2,100,116,uniform,0.0013414378607322685
2,0.2,100,117,complete_rollout,2.1237042733998117e-05
2,0.2,100,117,tis,0.0007410729228970104
2,0.2,100,117,uniform,0.0011505454470844396
2,0.2,100,118,complete_rollout,2.2839392273798523e-05
2,0.2,100,118,tis,0.00011771680955361479
2,0.2,100,118,uniform,0.0009456193263901071
2,0.2,100,119,complete_rollout,2.8521154683395795e-05
2,0.2,100,119,tis,0.0003178006479568218
2,0.2,100,119,uniform,0.0036159849801879777
2,0.2,100,120,complete_rollout,1.5124485691105757e-05
2,0.2,100,120,tis,0.0006043028098441229
2,0.2,100,120,uniform,0.0007532649097740199
2,0.2,100,121,complete_rollout,2.9532917616448756e-05
2,0.2,100,121,tis,0.0021070516028912395
2,0.2,100,121,uniform,0.0006598314012606016
2,0.2,100,122,complete_rollout,1.8079683232434493e-05
2,0.2,100,122,tis,0.00038443812922135824
2,0.2,100,122,uniform,0.0007078486781022156
2,0.2,100,123,complete_rollout,4.28591885143565e-05
2,0.2,100,123,tis,0.0003252718563391368
2,0.2,100,123,uniform,0.0011361577549957268
2,0.2,100,124,complete_rollout,2.8189524596564238e-05
2,0.2,100,124,tis,0.00012998581063455367
2,0.2,100,124,uniform,0.0014544022146065012
2,0.2,100,125,complete_rollout,2.5523320710689304e-05
2,0.2,100,125,tis,0.0002922566874842463
2,0.2,100,125,uniform,0.0005215675161797897
2,0.2,100,126,complete_rollout,9.235601684697251e-06
2,0.2,100,126,tis,7.022175031141168e-05
2,0.2,100,126,uniform,0.001266275373851637
2,0.2,100,127,complete_rollout,5.461969811069468e-05
2,0.2,100,127,tis,0.0003484159026009795
2,0.2,100,127,uniform,0.0008668773981167516
2,0.2,100,128,complete_rollout,9.348388478100511e-05
2,0.2,100,128,tis,0.00019711086322293165
2,0.2,100,128,uniform,0.002639544041778497
2,0.2,100,129,complete_rollout,3.413364722112623e-05
2,0.2,100,129,tis,0.0004288535411210907
2,0.2,100,129,uniform,0.0005081743509085286
2,0.2,100,130,complete_rollout,6.327396107314278e-05
2,0.2,100,130,tis,0.0003479403944247497
2,0.2,100,130,uniform,0.0007197899170932726
2,0.2,100,131,complete_rollout,2.8590680582578798e-05
2,0.2,100,131,tis,0.0006576946151631412
2,0.2,100,131,uniform,0.0006573270193785816
2,0.2,100,132,complete_rollout,1.1598527755334952e-05
2,0.2,100,132,tis,0.00027383474847392415
2,0.2,100,132,uniform,0.0005345185677471226
2,0.2,100,133,complete_rollout,4.685578478710089e-05
2,0.2,100,133,tis,0.0007224416536048468
2,0.2,100,133,uniform,0.003202216648711362
2,0.2,100,134,complete_rollout,2.757364566041907e-05
2,0.2,100,134,tis,0.001185417779558747
2,0.2,100,134,uniform,0.0012385061692874269
2,0.2,100,135,complete_rollout,3.7228944585544734e-05
2,0.2,100,135,tis,0.000586087365014108
2,0.2,100,135,uniform,0.0009289580763191219
2,0.2,100,136,complete_rollout,1.4671631877986018e-05
2,0.2,100,136,tis,0.00045938844301665935
2,0.2,100,136,uniform,0.0013647410423844521
2,0.2,100,137,complete_rollout,3.332243054075187e-05
2,0.2,100,137,tis,0.0003315521725155745
2,0.2,100,137,uniform,0.0006770752143787945
2,0.2,100,138,complete_rollout,1.7859513588482086e-05
2,0.2,100,138,tis,0.0017854336606698631
2,0.2,100,138,uniform,0.0009088509788794773
2,0.2,100,139,complete_rollout,2.3876345768190104e-05
2,0.2,100,139,tis,0.0003808816991035111
2,0.2,100,139,uniform,0.000738671848115282
2,0.2,100,140,complete_rollout,1.719823655583234e-05
2,0.2,100,140,tis,0.0002142347006864922
2,0.2,100,140,uniform,0.0009910072473333846
2,0.2,100,141,complete_rollout,3.7809629621183935e-05
2,0.2,100,141,tis,0.00024962479181761695
2,0.2,100,141,uniform,0.0020092484211614056
2,0.2,100,142,complete_rollout,1.594623916903983e-05
2,0.2,100,142,tis,0.0010534199563656994
2,0.2,100,142,uniform,0.0008187073430500263
2,0.2,100,143,complete_rollout,3.6727403553008646e-05
2,0.2,100,143,tis,0.00034101706780955484
2,0.2,100,143,uniform,0.0014029907855199958
2,0.2,100,144,complete_rollout,2.478744256279442e-05
2,0.2,100,144,tis,9.896191937000161e-05
2,0.2,100,144,uniform,0.0022686371673157103
2,0.2,100,145,complete_rollout,0.00010855316682377993
2,0.2,100,145,tis,0.00035037860719200673
2,0.2,100,145,uniform,0.00124285949670053
2,0.2,100,146,complete_rollout,3.816433954020902e-05
2,0.2,100,146,tis,0.00015607232015305188
2,0.2,100,146,uniform,0.0016310470353894356
2,0.2,100,147,complete_rollout,3.151833959276771e-05
2,0.2,100,147,tis,0.00026608301215229227
2,0.2,100,147,uniform,0.0009304800406685328
2,0.2,100,148,complete_rollout,7.830333831967933e-05
2,0.2,100,148,tis,0.00020410087825086713
2,0.2,100,148,uniform,0.0011494653612866416
2,0.2,100,149,complete_rollout,7.076114719823693e-05
2,0.2,100,149,tis,0.0009129672346210282
2,0.2,100,149,uniform,0.0009888439611658963
2,0.2,100,150,complete_rollout,2.7233925821302026e-05
2,0.2,100,150,tis,0.00036488645651759394
2,0.2,100,150,uniform,0.0010396222666411218
2,0.2,100,151,complete_rollout,2.615541705083529e-05
2,0.2,100,151,tis,0.0008523154076624594
2,0.2,100,151,uniform,0.000977276165350256
2,0.2,100,152,complete_rollout,2.5746101376949692e-05
2,0.2,100,152,tis,0.00028420557022141343
2,0.2,100,152,uniform,0.0008934384765228728
2,0.2,100,153,complete_rollout,2.516363395054926e-05
2,0.2,100,153,tis,0.00021509079168956243
2,0.2,100,153,uniform,0.0010263182936874175
2,0.2,100,154,complete_rollout,4.886449565296001e-05
2,0.2,100,154,tis,0.0009122898276666148
2,0.2,100,154,uniform,0.0003415457894425729
2,0.2,100,155,complete_rollout,6.114840553690701e-05
2,0.2,100,155,tis,0.00030971115207313604
2,0.2,100,155,uniform,0.0009574631332281781
2,0.2,100,156,complete_rollout,1.6544189465497876e-05
2,0.2,100,156,tis,0.000346965330710708
2,0.2,100,156,uniform,0.0014251557518688614
2,0.2,100,157,complete_rollout,1.9246043015569264e-05
2,0.2,100,157,tis,0.0004490729245621067
2,0.2,100,157,uniform,0.0024891174391477775
2,0.2,100,158,complete_rollout,2.713385307790847e-05
2,0.2,100,158,tis,0.0003179930860763629
2,0.2,100,158,uniform,0.0007564816285088881
2,0.2,100,159,complete_rollout,2.070824474276729e-05
2,0.2,100,159,tis,0.00034965379560076545
2,0.2,100,159,uniform,0.000744367895206108
2,0.2,100,160,complete_rollout,5.531100139363334e-05
2,0.2,100,160,tis,0.0008824200721436649
2,0.2,100,160,uniform,0.0010983598386653066
2,0.2,100,161,complete_rollout,4.915950214255917e-05
2,0.2,100,161,tis,0.00021668545937000893
2,0.2,100,161,uniform,0.0018678656197650154
2,0.2,100,162,complete_rollout,6.786275690605055e-05
2,0.2,100,162,tis,0.0002364742823655218
2,0.2,100,162,uniform,0.000678347773244958
2,0.2,100,163,complete_rollout,3.7336177687313156e-05
2,0.2,100,163,tis,8.578613478509439e-05
2,0.2,100,163,uniform,0.0008433787228252766
2,0.2,100,164,complete_rollout,3.650543496332582e-05
2,0.2,100,164,tis,0.0002997472627042744
2,0.2,100,164,uniform,0.001067385343043413
2,0.2,100,165,complete_rollout,0.00011788278667238853
2,0.2,100,165,tis,0.00037884708758123385
2,0.2,100,165,uniform,0.0004723865694744326
2,0.2,100,166,complete_rollout,3.797343681998804e-05
2,0.2,100,166,tis,0.00015729690084529898
2,0.2,100,166,uniform,0.00068777559399218
2,0.2,100,167,complete_rollout,5.912825276624443e-05
2,0.2,100,167,tis,0.00048032559616149314
2,0.2,100,167,uniform,0.0006943903326738376
2,0.2,100,168,complete_rollout,2.657587010425753e-05
2,0.2,100,168,tis,0.00014811354705898124
2,0.2,100,168,uniform,0.0016653934361308667
2,0.2,100,169,complete_rollout,4.0266145902547595e-05
2,0.2,100,169,tis,0.00015600461246044456
2,0.2,100,169,uniform,0.0006147168464033519
2,0.2,100,170,complete_rollout,0.00011194025600071821
2,0.2,100,170,tis,0.0003035891761968636
2,0.2,100,170,uniform,0.002324298567760531
2,0.2,100,171,complete_rollout,2.6018677202712144e-05
2,0.2,100,171,tis,0.0004530166895222722
2,0.2,100,171,uniform,0.0011305624601508405
2,0.2,100,172,complete_rollout,5.8311731114791414e-05
2,0.2,100,172,tis,0.00047741814722809106
2,0.2,100,172,uniform,0.0015092425676238267
2,0.2,100,173,complete_rollout,1.9486731294638543e-05
2,0.2,100,173,tis,0.00038821325749068756
2,0.2,100,173,uniform,0.002031611545173618
2,0.2,100,174,complete_rollout,2.9484778088072764e-05
2,0.2,100,174,tis,0.00044504369030032737
2,0.2,100,174,uniform,0.0014965242250570773
2,0.2,100,175,complete_rollout,1.978060168634911e-05
2,0.2,100,175,tis,0.0013596577191617378
2,0.2,100,175,uniform,0.0006033504995541899
2,0.2,100,176,complete_rollout,4.012010135189859e-05
2,0.2,100,176,tis,0.0009044773241416986
2,0.2,100,176,uniform,0.0007409598940175529
2,0.2,100,177,complete_rollout,1.5305353499288594e-05
2,0.2,100,177,tis,0.0006905976290986234
2,0.2,100,177,uniform,0.0007361776565302418
2,0.2,100,178,complete_rollout,4.178337822148319e-05
2,0.2,100,178,tis,0.0004916633856567974
2,0.2,100,178,uniform,0.0005922380956650115
2,0.2,100,179,complete_rollout,1.5836184199631018e-05
2,0.2,100,179,tis,0.00027138365398544917
2,0.2,100,179,uniform,0.0005094141712186199
2,0.2,100,180,complete_rollout,0.00010211467424447047
2,0.2,100,180,tis,6.23650779605179e-05
2,0.2,100,180,uniform,0.0013803305135352262
2,0.2,100,181,complete_rollout,2.600715282097262e-05
2,0.2,100,181,tis,0.0004149647286404301
2,0.2,100,181,uniform,0.0013439034033513667
2,0.2,100,182,complete_rollout,6.399044443068244e-05
2,0.2,100,182,tis,0.000179285101791807
2,0.2,100,182,uniform,0.001895679122449233
2,0.2,100,183,complete_rollout,2.1438037718820858e-05
2,0.2,100,183,tis,9.149369370492173e-05
2,0.2,100,183,uniform,0.0008543236541037126
2,0.2,100,184,complete_rollout,1.7529785147834773e-05
2,0.2,100,184,tis,0.0001083632943479258
2,0.2,100,184,uniform,0.003863335431587011
2,0.2,100,185,complete_rollout,5.7578785066152634e-05
2,0.2,100,185,tis,0.000330903456007365
2,0.2,100,185,uniform,0.0011978131384124812
2,0.2,100,186,complete_rollout,7.321410210892862e-06
2,0.2,100,186,tis,0.0004103949907950487
2,0.2,100,186,uniform,0.002002367403027054
2,0.2,100,187,complete_rollout,1.0896170559253655e-05
2,0.2,100,187,tis,0.00010371803621168393
2,0.2,100,187,uniform,0.00043955953517721755
2,0.2,100,188,complete_rollout,2.828974726485065e-05
2,0.2,100,188,tis,0.0008587622566514554
2,0.2,100,188,uniform,0.0007514120491382084
2,0.2,100,189,complete_rollout,2.841054559462052e-05
2,0.2,100,189,tis,0.0003316495772842388
2,0.2,100,189,uniform,0.001155328090345192
2,0.2,100,190,complete_rollout,1.528624927602195e-05
2,0.2,100,190,tis,0.00033393763494125487
2,0.2,100,190,uniform,0.0003804245846178842
2,0.2,100,191,complete_rollout,3.488026827396808e-05
2,0.2,100,191,tis,0.0003873429968992071
2,0.2,100,191,uniform,0.0008462010216292808
2,0.2,100,192,complete_rollout,4.744046066651552e-05
2,0.2,100,192,tis,0.001044924927244058
2,0.2,100,192,uniform,0.000588969033968767
2,0.2,100,193,complete_rollout,3.651361654527033e-05
2,0.2,100,193,tis,0.00019338444439813342
2,0.2,100,193,uniform,0.0008660073375722875
2,0.2,100,194,complete_rollout,1.5097637642509241e-05
2,0.2,100,194,tis,0.0008265437176053537
2,0.2,100,194,uniform,0.002934511827971778
2,0.2,100,195,complete_rollout,2.1335312148605254e-05
2,0.2,100,195,tis,0.0004084291848955515
2,0.2,100,195,uniform,0.00048561548956523607
2,0.2,100,196,complete_rollout,3.079555039393276e-05
2,0.2,100,196,tis,0.00027992265198380613
2,0.2,100,196,uniform,0.0009005393628177282
2,0.2,100,197,complete_rollout,3.762708874860122e-05
2,0.2,100,197,tis,0.00012486352954851286
2,0.2,100,197,uniform,0.0006940704684765824
2,0.2,100,198,complete_rollout,3.417908365521646e-05
2,0.2,100,198,tis,0.0033841017270262444
2,0.2,100,198,uniform,0.0019265099838647244
2,0.2,100,199,complete_rollout,2.572425355677581e-05
2,0.2,100,199,tis,9.650689318729481e-05
2,0.2,100,199,uniform,0.0005289213179955267
2,0.2,100,200,complete_rollout,3.671164411642473e-05
2,0.2,100,200,tis,7.355616913264726e-05
2,0.2,100,200,uniform,0.001036023373218316
2,0.2,100,201,complete_rollout,2.5598178985470818e-05
2,0.2,100,201,tis,0.0011517749038667687
2,0.2,100,201,uniform,0.0007202398830604416
2,0.2,100,202,complete_rollout,8.438527389367777e-05
2,0.2,100,202,tis,0.0002420610050176676
2,0.2,100,202,uniform,0.0012958644527360143
2,0.2,100,203,complete_rollout,3.2757375933815183e-05
2,0.2,100,203,tis,0.00012988212547374132
2,0.2,100,203,uniform,0.0014235059534084304
2,0.2,100,204,complete_rollout,1.5964581815580453e-05
2,0.2,100,204,tis,0.0003252344866029076
2,0.2,100,204,uniform,0.0007988958294551994
2,0.2,100,205,complete_rollout,2.5041167014508895e-05
2,0.2,100,205,tis,0.00024063765688390925
2,0.2,100,205,uniform,0.0004197983002562843
2,0.2,100,206,complete_rollout,1.596605750070624e-05
2,0.2,100,206,tis,0.00024726949692676454
2,0.2,100,206,uniform,0.0015160431237139162
2,0.2,100,207,complete_rollout,2.3604162688599e-05
2,0.2,100,207,tis,0.0007277189152539121
2,0.2,100,207,uniform,0.001210334896569392
2,0.2,100,208,complete_rollout,2.2887895429162766e-05
2,0.2,100,208,tis,0.00022443233125278385
2,0.2,100,208,uniform,0.0006009017545552543
2,0.2,100,209,complete_rollout,3.179182582705691e-05
2,0.2,100,209,tis,0.000372413672067834
2,0.2,100,209,uniform,0.0005393370491129059
2,0.2,100,210,complete_rollout,1.6019825380458625e-05
2,0.2,100,210,tis,0.0005727556362461092
2,0.2,100,210,uniform,0.0019496777114331753
2,0.2,100,211,complete_rollout,3.986004152865456e-05
2,0.2,100,211,tis,0.0003107007187616688
2,0.2,100,211,uniform,0.001057145514300876
2,0.2,100,212,complete_rollout,2.399034982381709e-05
2,0.2,100,212,tis,0.000159876407958775
2,0.2,100,212,uniform,0.0005256930249704411
2,0.2,100,213,complete_rollout,3.978372179205895e-05
2,0.2,100,213,tis,0.00024821685997592743
2,0.2,100,213,uniform,0.004262090951886111
2,0.2,100,214,complete_rollout,1.61783537059975e-05
2,0.2,100,214,tis,5.6394324588626386e-05
2,0.2,100,214,uniform,0.0006640586279489813
2,0.2,100,215,complete_rollout,2.1652081471793906e-05
2,0.2,100,215,tis,0.00031986722591356714
2,0.2,100,215,uniform,0.0006034317880961092
2,0.2,100,216,complete_rollout,2.7730809949236546e-05
2,0.2,100,216,tis,0.0003759945860798745
2,0.2,100,216,uniform,0.002016375669290784
2,0.2,100,217,complete_rollout,6.267122806540941e-05
2,0.2,100,217,tis,0.00023032810556943795
2,0.2,100,217,uniform,0.0011316674520561914
2,0.2,100,218,complete_rollout,1.9665068082110515e-05
2,0.2,100,218,tis,0.0007232534264886368
2,0.2,100,218,uniform,0.0015334210891027515
2,0.2,100,219,complete_rollout,6.158712747289589e-05
2,0.2,100,219,tis,0.0006709321589854552
2,0.2,100,219,uniform,0.0007067760774485192
2,0.2,100,220,complete_rollout,2.0978122742301608e-05
2,0.2,100,220,tis,0.0003593659603183901
2,0.2,100,220,uniform,0.0008212902626013639
2,0.2,100,221,complete_rollout,1.2566704825777406e-05
2,0.2,100,221,tis,0.0002919502757336353
2,0.2,100,221,uniform,0.0011041750130966845
2,0.2,100,222,complete_rollout,2.6518086235183334e-05
2,0.2,100,222,tis,0.00021446669385484477
2,0.2,100,222,uniform,0.00088328134792192
2,0.2,100,223,complete_rollout,2.030871030694208e-05
2,0.2,100,223,tis,0.00035466326220046025
2,0.2,100,223,uniform,0.0012204016426123382
2,0.2,100,224,complete_rollout,6.376153157684714e-05
2,0.2,100,224,tis,8.257051277307714e-05
2,0.2,100,224,uniform,0.0005658508980318407
2,0.2,100,225,complete_rollout,3.704390677518227e-05
2,0.2,100,225,tis,0.000714997909057037
2,0.2,100,225,uniform,0.0010616477395194136
2,0.2,100,226,complete_rollout,2.616893998549843e-05
2,0.2,100,226,tis,0.00030076675268075
2,0.2,100,226,uniform,0.00048709538317614316
2,0.2,100,227,complete_rollout,1.0894732280681531e-05
2,0.2,100,227,tis,0.0006861934140560428
2,0.2,100,227,uniform,0.0008017597465290172
2,0.2,100,228,complete_rollout,3.0913522905342534e-05
2,0.2,100,228,tis,0.00011008024561780695
2,0.2,100,228,uniform,0.0005107952928576994
2,0.2,100,229,complete_rollout,5.2396367136053835e-05
2,0.2,100,229,tis,0.000849734923104049
2,0.2,100,229,uniform,0.0018922542919159663
2,0.2,100,230,complete_rollout,1.8733361415059706e-05
2,0.2,100,230,tis,0.0002503410812050319
2,0.2,100,230,uniform,0.0010486608078306785
2,0.2,100,231,complete_rollout,2.884343010732086e-05
2,0.2,100,231,tis,0.00026654084316641663
2,0.2,100,231,uniform,0.004175660114251301
2,0.2,100,232,complete_rollout,3.761184645200281e-05
2,0.2,100,232,tis,0.00016561216830896758
2,0.2,100,232,uniform,0.0012579831017699864
2,0.2,100,233,complete_rollout,1.93483201031643e-05
2,0.2,100,233,tis,0.0008316372835446012
2,0.2,100,233,uniform,0.0013040257799136583
2,0.2,100,234,complete_rollout,1.5933066560539976e-05
2,0.2,100,234,tis,0.0003352411700914607
2,0.2,100,234,uniform,0.0010244970619204747
2,0.2,100,235,complete_rollout,7.956614674562667e-05
2,0.2,100,235,tis,0.0004006560632164433
2,0.2,100,235,uniform,0.0021074199898624252
2,0.2,100,236,complete_rollout,4.0387046600328405e-05
2,0.2,100,236,tis,0.00020329946539182983
2,0.2,100,236,uniform,0.005051750818591276
2,0.2,100,237,complete_rollout,5.4499695692319665e-05
2,0.2,100,237,tis,0.0003821451937121906
2,0.2,100,237,uniform,0.0007782417718651082
2,0.2,100,238,complete_rollout,2.3138212027867395e-05
2,0.2,100,238,tis,0.00031088496439644084
2,0.2,100,238,uniform,0.0014054721505610364
2,0.2,100,239,complete_rollout,8.303657219015403e-05
2,0.2,100,239,tis,0.0006947199566188856
2,0.2,100,239,uniform,0.0010315243903378168
2,0.2,100,240,complete_rollout,4.766808116213248e-05
2,0.2,100,240,tis,0.0002360005504521483
2,0.2,100,240,uniform,0.000856205685859816
2,0.2,100,241,complete_rollout,1.1699013292510458e-05
2,0.2,100,241,tis,0.0011676013242572169
2,0.2,100,241,uniform,0.0013343881930848874
2,0.2,100,242,complete_rollout,1.9598464098834827e-05
2,0.2,100,242,tis,8.448668514493447e-05
2,0.2,100,242,uniform,0.000755939668957806
2,0.2,100,243,complete_rollout,4.344071482915705e-05
2,0.2,100,243,tis,0.00022249588954896678
2,0.2,100,243,uniform,0.0019901199287954453
2,0.2,100,244,complete_rollout,2.6171556502359423e-05
2,0.2,100,244,tis,7.801945394270824e-05
2,0.2,100,244,uniform,0.0008540675903503663
2,0.2,100,245,complete_rollout,2.7182411038034716e-05
2,0.2,100,245,tis,0.00046211226155726715
2,0.2,100,245,uniform,0.0008987060117607715
2,0.2,100,246,complete_rollout,7.722948994661594e-05
2,0.2,100,246,tis,0.00019264590026269197
2,0.2,100,246,uniform,0.0029475134084599812
2,0.2,100,247,complete_rollout,2.1151216237410635e-05
2,0.2,100,247,tis,0.00031839836197902196
2,0.2,100,247,uniform,0.001421330599182166
2,0.2,100,248,complete_rollout,2.5746521636618856e-05
2,0.2,100,248,tis,0.0002865113609166812
2,0.2,100,248,uniform,0.0013868332610672619
2,0.2,100,249,complete_rollout,2.1246858752831523e-05
2,0.2,100,249,tis,0.00042232153859949587
2,0.2,100,249,uniform,0.002043443408094774
2,0.2,100,250,complete_rollout,4.333989370113289e-05
2,0.2,100,250,tis,0.0004964179460650982
2,0.2,100,250,uniform,0.00033526557111312344
2,0.2,100,251,complete_rollout,1.834189553113803e-05
2,0.2,100,251,tis,0.0006327567370352727
2,0.2,100,251,uniform,0.0015808920726728933
2,0.2,100,252,complete_rollout,3.236725132472496e-05
2,0.2,100,252,tis,3.89976151258513e-05
2,0.2,100,252,uniform,0.00038956393135343784
2,0.2,100,253,complete_rollout,2.1684754189197843e-05
2,0.2,100,253,tis,0.00014938725147591687
2,0.2,100,253,uniform,0.0017812311132185492
2,0.2,100,254,complete_rollout,3.0502415461514665e-05
2,0.2,100,254,tis,0.00014207383996252333
2,0.2,100,254,uniform,0.0009190656271871261
2,0.2,100,255,complete_rollout,4.091014208680117e-05
2,0.2,100,255,tis,0.0006198857437800623
2,0.2,100,255,uniform,0.0009792229048410134
2,0.2,100,256,complete_rollout,4.1376765231620113e-05
2,0.2,100,256,tis,0.00039187089451296164
2,0.2,100,256,uniform,0.0008720422423355763
2,0.2,100,257,complete_rollout,8.214075327480254e-06
2,0.2,100,257,tis,0.0002877148303432276
2,0.2,100,257,uniform,0.0008940025759152927
2,0.2,100,258,complete_rollout,2.5945692053427392e-05
2,0.2,100,258,tis,0.00020781202437199477
2,0.2,100,258,uniform,0.001885835691118116
2,0.2,100,259,complete_rollout,1.6225790987128614e-05
2,0.2,100,259,tis,0.000262047712088614
2,0.2,100,259,uniform,0.0009261794729718928
2,0.2,100,260,complete_rollout,4.112965129667538e-05
2,0.2,100,260,tis,0.0003680428550700367
2,0.2,100,260,uniform,0.0016735292711320242
2,0.2,100,261,complete_rollout,3.5460194667444276e-05
2,0.2,100,261,tis,9.27703068762161e-05
2,0.2,100,261,uniform,0.0016242625733646483
2,0.2,100,262,complete_rollout,1.8091048588955494e-05
2,0.2,100,262,tis,0.00017818503845562416
2,0.2,100,262,uniform,0.0006586084108172163
2,0.2,100,263,complete_rollout,6.967095666089242e-05
2,0.2,100,263,tis,0.0006338402376390909
2,0.2,100,263,uniform,0.0019760888413052446
2,0.2,100,264,complete_rollout,2.5041148364077107e-05
2,0.2,100,264,tis,0.00040447397701678006
2,0.2,100,264,uniform,0.0007852476997332633
2,0.2,100,265,complete_rollout,3.0527131531836124e-05
2,0.2,100,265,tis,0.00011353509764173864
2,0.2,100,265,uniform,0.00045428595862717934
2,0.2,100,266,complete_rollout,1.4186406826943799e-05
2,0.2,100,266,tis,0.00011923617987734538
2,0.2,100,266,uniform,0.001273383564724778
2,0.2,100,267,complete_rollout,1.1287864018217621e-05
2,0.2,100,267,tis,0.00031781860275342073
2,0.2,100,267,uniform,0.0007615777372447497
2,0.2,100,268,complete_rollout,2.456054182645274e-05
2,0.2,100,268,tis,0.0006333457557743141
2,0.2,100,268,uniform,0.0004946052800416509
2,0.2,100,269,complete_rollout,1.078491880946016e-05
2,0.2,100,269,tis,0.00021621428266575452
2,0.2,100,269,uniform,0.0008240846000196051
2,0.2,100,270,complete_rollout,4.664667178065995e-05
2,0.2,100,270,tis,0.0007080570543724584
2,0.2,100,270,uniform,0.001596927139564832
2,0.2,100,271,complete_rollout,1.5749630936632846e-05
2,0.2,100,271,tis,0.0002834452799229808
2,0.2,100,271,uniform,0.00084352213851961
2,0.2,100,272,complete_rollout,3.306585310516253e-05
2,0.2,100,272,tis,0.00034431409605605094
2,0.2,100,272,uniform,0.0007073999839652687
2,0.2,100,273,complete_rollout,6.171593317233062e-05
2,0.2,100,273,tis,0.0008360263757645115
2,0.2,100,273,uniform,0.0009062230940102667
2,0.2,100,274,complete_rollout,2.3030942348605237e-05
2,0.2,100,274,tis,0.00017196974871620045
2,0.2,100,274,uniform,0.0006950489298916427
2,0.2,100,275,complete_rollout,1.8591456844415323e-05
2,0.2,100,275,tis,0.00024769784823223354
2,0.2,100,275,uniform,0.0004462929140342884
2,0.2,100,276,complete_rollout,6.937344006161176e-05
2,0.2,100,276,tis,0.0007651366717565337
2,0.2,100,276,uniform,0.0012429002089012263
2,0.2,100,277,complete_rollout,2.5473740227703902e-05
2,0.2,100,277,tis,5.88510291623303e-05
2,0.2,100,277,uniform,0.0010511674784633952
2,0.2,100,278,complete_rollout,2.8923126827646872e-05
2,0.2,100,278,tis,0.0001558394863319872
2,0.2,100,278,uniform,0.0005336111772462037
2,0.2,100,279,complete_rollout,1.7239783686849744e-05
2,0.2,100,279,tis,0.0004699763991003191
2,0.2,100,279,uniform,0.0010277101279759643
2,0.2,100,280,complete_rollout,3.0062268948518493e-05
2,0.2,100,280,tis,0.00042666278217829947
2,0.2,100,280,uniform,0.0009005323323019467
2,0.2,100,281,complete_rollout,2.4518743286184434e-05
2,0.2,100,281,tis,0.0004861371854486794
2,0.2,100,281,uniform,0.0010474232086311183
2,0.2,100,282,complete_rollout,6.422882069576801e-05
2,0.2,100,282,tis,0.00018539865147407998
2,0.2,100,282,uniform,0.00027403250535627805
2,0.2,100,283,complete_rollout,3.2194870207182914e-05
2,0.2,100,283,tis,0.00030514296787150966
2,0.2,100,283,uniform,0.0007788027193108788
2,0.2,100,284,complete_rollout,3.79574466131868e-05
2,0.2,100,284,tis,0.000789208444946081
2,0.2,100,284,uniform,0.0009694208345354766
2,0.2,100,285,complete_rollout,3.9206682828729984e-05
2,0.2,100,285,tis,0.00037478420450638895
2,0.2,100,285,uniform,0.0018790787671782777
2,0.2,100,286,complete_rollout,9.799704417875582e-05
2,0.2,100,286,tis,0.0002580860378005519
2,0.2,100,286,uniform,0.001109455972399729
2,0.2,100,287,complete_rollout,4.253865166707417e-05
2,0.2,100,287,tis,0.0002154809912028383
2,0.2,100,287,uniform,0.0006002698435133959
2,0.2,100,288,complete_rollout,2.241793957254017e-05
2,0.2,100,288,tis,0.000476762814608078
2,0.2,100,288,uniform,0.0006638372133335466
2,0.2,100,289,complete_rollout,3.354701711437159e-05
2,0.2,100,289,tis,0.0001592833013158157
2,0.2,100,289,uniform,0.000978578593659488
2,0.2,100,290,complete_rollout,4.789979670972162e-05
2,0.2,100,290,tis,0.00022078797929877693
2,0.2,100,290,uniform,0.0013490131941075825
2,0.2,100,291,complete_rollout,2.6262404285621233e-05
2,0.2,100,291,tis,0.0003002746814336934
2,0.2,100,291,uniform,0.0009210002538348775
2,0.2,100,292,complete_rollout,1.1224869873285582e-05
2,0.2,100,292,tis,0.0008123220345386
2,0.2,100,292,uniform,0.000708990051510091
2,0.2,100,293,complete_rollout,2.243310918620593e-05
2,0.2,100,293,tis,0.0005515721669878178
2,0.2,100,293,uniform,0.0007184389519247
2,0.2,100,294,complete_rollout,3.475898368446165e-05
2,0.2,100,294,tis,0.0004977763863429568
2,0.2,100,294,uniform,0.0011544452280524973
2,0.2,100,295,complete_rollout,3.4871902694791785e-05
2,0.2,100,295,tis,0.0013885341115142578
2,0.2,100,295,uniform,0.0018978088679784068
2,0.2,100,296,complete_rollout,3.9850851041165185e-05
2,0.2,100,296,tis,0.00024743408760365566
2,0.2,100,296,uniform,0.0010627783196812046
2,0.2,100,297,complete_rollout,1.8481830884777337e-05
2,0.2,100,297,tis,0.0007539699662682107
2,0.2,100,297,uniform,0.000714483312422805
2,0.2,100,298,complete_rollout,3.4422706371490526e-05
2,0.2,100,298,tis,9.447005675401512e-05
2,0.2,100,298,uniform,0.001159292992854883
2,0.2,100,299,complete_rollout,2.3417584936485427e-05
2,0.2,100,299,tis,0.00035029802015741905
2,0.2,100,299,uniform,0.0008741794217408223
2,0.2,200,0,complete_rollout,2.8270059443823215e-05
2,0.2,200,0,tis,7.351097499531629e-05
2,0.2,200,0,uniform,0.0008618291376623411
2,0.2,200,1,complete_rollout,6.452792986886935e-06
2,0.2,200,1,tis,6.110718244447296e-05
2,0.2,200,1,uniform,0.0003389371309288661
2,0.2,200,2,complete_rollout,1.197556321664948e-05
2,0.2,200,2,tis,8.204535645118249e-05
2,0.2,200,2,uniform,0.00036564273079660954
2,0.2,200,3,complete_rollout,2.3700935035271686e-05
2,0.2,200,3,tis,0.00021842884726479354
2,0.2,200,3,uniform,0.0003904721929298089
2,0.2,200,4,complete_rollout,7.956232265227418e-06
2,0.2,200,4,tis,5.430920990439548e-05
2,0.2,200,4,uniform,0.0005051808274167767
2,0.2,200,5,complete_rollout,3.5236481609021367e-05
2,0.2,200,5,tis,0.00025494488748714
2,0.2,200,5,uniform,0.00027029174991903006
2,0.2,200,6,complete_rollout,1.3859092722422299e-05
2,0.2,200,6,tis,0.00020520120980236292
2,0.2,200,6,uniform,0.0008941024672230503
2,0.2,200,7,complete_rollout,5.826835475444525e-05
2,0.2,200,7,tis,8.460777522474093e-05
2,0.2,200,7,uniform,0.0006141837318475398
2,0.2,200,8,complete_rollout,1.2069094595101232e-05
2,0.2,200,8,tis,7.512338819802118e-05
2,0.2,200,8,uniform,0.0009503577642044995
2,0.2,200,9,complete_rollout,1.6007210436104903e-05
2,0.2,200,9,tis,0.0003899438109455082
2,0.2,200,9,uniform,0.0008067215649131556
2,0.2,200,10,complete_rollout,1.6339540470288065e-05
2,0.2,200,10,tis,7.246995867875471e-05
2,0.2,200,10,uniform,0.0004014938522343064
2,0.2,200,11,complete_rollout,4.312570173099468e-05
2,0.2,200,11,tis,0.0003488233850650992
2,0.2,200,11,uniform,0.0009523355485155847
2,0.2,200,12,complete_rollout,1.1104872916183871e-05
2,0.2,200,12,tis,9.869927280348225e-05
2,0.2,200,12,uniform,0.0002601475909246019
2,0.2,200,13,complete_rollout,1.8012125479119635e-05
2,0.2,200,13,tis,0.00017053731488264297
2,0.2,200,13,uniform,0.00043489054909768866
2,0.2,200,14,complete_rollout,7.97669469128803e-06
2,0.2,200,14,tis,0.0001667127669569713
2,0.2,200,14,uniform,0.0006074614504661738
2,0.2,200,15,complete_rollout,1.0137717577204567e-05
2,0.2,200,15,tis,0.0001421814559940648
2,0.2,200,15,uniform,0.0010023817569242918
2,0.2,200,16,complete_rollout,9.443420130670538e-06
2,0.2,200,16,tis,0.0001457374257837944
2,0.2,200,16,uniform,0.0002092539278914041
2,0.2,200,17,complete_rollout,4.9810952783727524e-05
2,0.2,200,17,tis,0.00020279568580004612
2,0.2,200,17,uniform,0.0008776536979087267
2,0.2,200,18,complete_rollout,2.3959355409807232e-05
2,0.2,200,18,tis,0.00010205702989883112
2,0.2,200,18,uniform,0.000500055585843922
2,0.2,200,19,complete_rollout,1.346031048709389e-05
2,0.2,200,19,tis,0.0002543390570369373
2,0.2,200,19,uniform,0.0016139505077891257
2,0.2,200,20,complete_rollout,6.091053569097767e-06
2,0.2,200,20,tis,0.00017490723582654332
2,0.2,200,20,uniform,0.0006881531309403271
2,0.2,200,21,complete_rollout,1.309271189055802e-05
2,0.2,200,21,tis,2.579923270435294e-05
2,0.2,200,21,uniform,0.0012108556724274517
2,0.2,200,22,complete_rollout,1.7681132548733405e-05
2,0.2,200,22,tis,0.00017137538563194652
2,0.2,200,22,uniform,0.000530893952790538
2,0.2,200,23,complete_rollout,1.3692273499024608e-05
2,0.2,200,23,tis,0.00017914511201639718
2,0.2,200,23,uniform,0.0015529231903620246
2,0.2,200,24,complete_rollout,9.288262296844563e-06
2,0.2,200,24,tis,7.752199145181636e-05
2,0.2,200,24,uniform,0.000457860362518466
2,0.2,200,25,complete_rollout,4.2392336825976314e-05
2,0.2,200,25,tis,2.9274408505150305e-05
2,0.2,200,25,uniform,0.0009017922034842377
2,0.2,200,26,complete_rollout,8.01803800900016e-06
2,0.2,200,26,tis,0.0001644863473080203
2,0.2,200,26,uniform,0.0009465152746523325
2,0.2,200,27,complete_rollout,2.2137597487900933e-05
2,0.2,200,27,tis,0.00020866596696599102
2,0.2,200,27,uniform,0.0006015985204012006
2,0.2,200,28,complete_rollout,6.913560036943689e-06
2,0.2,200,28,tis,0.00017925247455154443
2,0.2,200,28,uniform,0.0002711963185413967
2,0.2,200,29,complete_rollout,1.7593576446948317e-05
2,0.2,200,29,tis,8.324299789122896e-05
2,0.2,200,29,uniform,0.00039178603544268544
2,0.2,200,30,complete_rollout,1.3953957500300782e-05
2,0.2,200,30,tis,0.00012730206478198672
2,0.2,200,30,uniform,0.00043726764847918086
2,0.2,200,31,complete_rollout,1.0620571570043236e-05
2,0.2,200,31,tis,7.384678588961768e-05
2,0.2,200,31,uniform,0.0007067854873739171
2,0.2,200,32,complete_rollout,2.3897889919177393e-05
2,0.2,200,32,tis,4.118711041730848e-05
2,0.2,200,32,uniform,0.0008603875611586415
2,0.2,200,33,complete_rollout,6.185647193425131e-06
2,0.2,200,33,tis,0.00019332808655704077
2,0.2,200,33,uniform,0.00060853484414994
2,0.2,200,34,complete_rollout,9.133707004809464e-06
2,0.2,200,34,tis,0.0001351603968226689
2,0.2,200,34,uniform,0.00043163744760992093
2,0.2,200,35,complete_rollout,1.214822662145453e-05
2,0.2,200,35,tis,6.387730762430556e-05
2,0.2,200,35,uniform,0.00033171108037516046
2,0.2,200,36,complete_rollout,6.122469560647685e-05
2,0.2,200,36,tis,0.00039496188920039787
2,0.2,200,36,uniform,0.0011478842108946054
2,0.2,200,37,complete_rollout,4.830997704101295e-06
2,0.2,200,37,tis,0.00014917623821925627
2,0.2,200,37,uniform,0.001078580871572157
2,0.2,200,38,complete_rollout,2.5909717753589238e-05
2,0.2,200,38,tis,6.925688967094369e-05
2,0.2,200,38,uniform,0.0005699467474899663
2,0.2,200,39,complete_rollout,3.166373978873426e-05
2,0.2,200,39,tis,7.410558909262528e-05
2,0.2,200,39,uniform,0.0002100778589390054
2,0.2,200,40,complete_rollout,1.1340358140778727e-05
2,0.2,200,40,tis,0.00011822201342926789
2,0.2,200,40,uniform,0.00029815400488149643
2,0.2,200,41,complete_rollout,3.579508968954352e-05
2,0.2,200,41,tis,4.8822841636398386e-05
2,0.2,200,41,uniform,0.0007339776555514002
2,0.2,200,42,complete_rollout,7.047530543127666e-05
2,0.2,200,42,tis,7.174535079071292e-05
2,0.2,200,42,uniform,0.0002482283956741418
2,0.2,200,43,complete_rollout,2.1380021604252108e-05
2,0.2,200,43,tis,0.00027880940041834934
2,0.2,200,43,uniform,0.00029028126603646107
2,0.2,200,44,complete_rollout,2.4510486078397582e-05
2,0.2,200,44,tis,0.0003749964700329442
2,0.2,200,44,uniform,0.0009419392187542693
2,0.2,200,45,complete_rollout,8.08007803813793e-06
2,0.2,200,45,tis,0.00015911401208353434
2,0.2,200,45,uniform,0.0005022699902660518
2,0.2,200,46,complete_rollout,1.097511396352188e-05
2,0.2,200,46,tis,0.00028102386845402303
2,0.2,200,46,uniform,0.0011546710160190484
2,0.2,200,47,complete_rollout,1.7149956233971418e-05
2,0.2,200,47,tis,0.0008202911788224123
2,0.2,200,47,uniform,0.0003103684895907152
2,0.2,200,48,complete_rollout,1.1119468340985649e-05
2,0.2,200,48,tis,0.00012050463639013278
2,0.2,200,48,uniform,0.0008173391616142281
2,0.2,200,49,complete_rollout,3.577995864657393e-05
2,0.2,200,49,tis,0.0005822525749137591
2,0.2,200,49,uniform,0.00047255210117737854
2,0.2,200,50,complete_rollout,1.8174446803848144e-05
2,0.2,200,50,tis,8.981467960273053e-05
2,0.2,200,50,uniform,0.001262478455408333
2,0.2,200,51,complete_rollout,6.9858189093642445e-06
2,0.2,200,51,tis,1.4953569311502465e-05
2,0.2,200,51,uniform,0.00041356646526350435
2,0.2,200,52,complete_rollout,1.7543283931857407e-05
2,0.2,200,52,tis,3.2735724528410294e-05
2,0.2,200,52,uniform,0.0009095132595440057
2,0.2,200,53,complete_rollout,3.5628703334778485e-05
2,0.2,200,53,tis,8.624913589941568e-05
2,0.2,200,53,uniform,0.00024887456030227864
2,0.2,200,54,complete_rollout,3.8020412125802315e-05
2,0.2,200,54,tis,0.00023295382261667285
2,0.2,200,54,uniform,0.0003299831195916682
2,0.2,200,55,complete_rollout,1.1018399157987543e-05
2,0.2,200,55,tis,9.513970576469664e-05
2,0.2,200,55,uniform,0.0011432962815343787
2,0.2,200,56,complete_rollout,6.681414252261715e-06
2,0.2,200,56,tis,0.0003158896264968031
2,0.2,200,56,uniform,0.0005174489628812566
2,0.2,200,57,complete_rollout,4.200391449873528e-05
2,0.2,200,57,tis,0.0001413814293211746
2,0.2,200,57,uniform,0.0008305899873779687
2,0.2,200,58,complete_rollout,1.8378161409813727e-05
2,0.2,200,58,tis,0.0010138259935627686
2,0.2,200,58,uniform,0.0006397520127624243
2,0.2,200,59,complete_rollout,1.1711664089824473e-05
2,0.2,200,59,tis,5.8907315790675555e-05
2,0.2,200,59,uniform,0.0010364755240482293
2,0.2,200,60,complete_rollout,6.437160469947699e-05
2,0.2,200,60,tis,5.393623470147166e-05
2,0.2,200,60,uniform,0.0007049634035104488
2,0.2,200,61,complete_rollout,2.0269857689585338e-05
2,0.2,200,61,tis,6.408375498070227e-05
2,0.2,200,61,uniform,0.0007056082728712057
2,0.2,200,62,complete_rollout,1.436337897288314e-05
2,0.2,200,62,tis,0.00017916034370806636
2,0.2,200,62,uniform,0.0007877339982827857
2,0.2,200,63,complete_rollout,1.2873572431222022e-05
2,0.2,200,63,tis,4.6360410223610306e-05
2,0.2,200,63,uniform,0.00099745246773014
2,0.2,200,64,complete_rollout,6.31791492381592e-06
2,0.2,200,64,tis,0.00028226327881826583
2,0.2,200,64,uniform,0.0003374235520486918
2,0.2,200,65,complete_rollout,4.0836666241603905e-05
2,0.2,200,65,tis,0.0001271788531938728
2,0.2,200,65,uniform,0.000507910064670278
2,0.2,200,66,complete_rollout,4.0811476467880876e-05
2,0.2,200,66,tis,4.5875625109295175e-05
2,0.2,200,66,uniform,0.0003557663327432274
2,0.2,200,67,complete_rollout,8.372908456578007e-06
2,0.2,200,67,tis,0.0001558748394357789
2,0.2,200,67,uniform,0.0003884708949093618
2,0.2,200,68,complete_rollout,1.0838050618777718e-05
2,0.2,200,68,tis,0.00012990970334147408
2,0.2,200,68,uniform,0.000464702494647672
2,0.2,200,69,complete_rollout,1.1560904756305868e-05
2,0.2,200,69,tis,0.00010747272840756804
2,0.2,200,69,uniform,0.00021593028142806884
2,0.2,200,70,complete_rollout,2.9914463112960766e-05
2,0.2,200,70,tis,0.00014133435836960898
2,0.2,200,70,uniform,0.0008691306133280576
2,0.2,200,71,complete_rollout,8.653735372581532e-06
2,0.2,200,71,tis,3.160862326488144e-05
2,0.2,200,71,uniform,0.0007930115047636182
2,0.2,200,72,complete_rollout,3.110394958876456e-05
2,0.2,200,72,tis,0.00014591040143239413
2,0.2,200,72,uniform,0.0004970878733719613
2,0.2,200,73,complete_rollout,2.701010640994167e-05
2,0.2,200,73,tis,4.689568074286291e-05
2,0.2,200,73,uniform,0.0002967508579469888
2,0.2,200,74,complete_rollout,4.336175249377585e-05
2,0.2,200,74,tis,5.632479402315327e-05
2,0.2,200,74,uniform,0.0005795571343419543
2,0.2,200,75,complete_rollout,1.3616368764618974e-05
2,0.2,200,75,tis,8.462907745493799e-05
2,0.2,200,75,uniform,0.00032394005656096115
2,0.2,200,76,complete_rollout,8.999905119528753e-06
2,0.2,200,76,tis,0.00013232867914498049
2,0.2,200,76,uniform,0.0005556886072551088
2,0.2,200,77,complete_rollout,2.3112463916096343e-05
2,0.2,200,77,tis,1.9978273618323458e-05
2,0.2,200,77,uniform,0.0003669937965653747
2,0.2,200,78,complete_rollout,6.205462557474638e-06
2,0.2,200,78,tis,0.0001700077480691937
2,0.2,200,78,uniform,0.0003892833951186068
2,0.2,200,79,complete_rollout,1.4025791895617233e-05
2,0.2,200,79,tis,2.3932926807692624e-05
2,0.2,200,79,uniform,0.0002690681939744959
2,0.2,200,80,complete_rollout,1.0483868541486041e-05
2,0.2,200,80,tis,0.00014218445327582763
2,0.2,200,80,uniform,0.0008244957675581968
2,0.2,200,81,complete_rollout,1.0867811184276776e-05
2,0.2,200,81,tis,0.00023224225091305803
2,0.2,200,81,uniform,0.0007507614160740738
2,0.2,200,82,complete_rollout,1.815321861666905e-05
2,0.2,200,82,tis,0.00037473867584839944
2,0.2,200,82,uniform,0.0006949293685670507
2,0.2,200,83,complete_rollout,1.3632987102435691e-05
2,0.2,200,83,tis,0.0006394088609760442
2,0.2,200,83,uniform,0.0005200703557809652
2,0.2,200,84,complete_rollout,2.7835045976532433e-05
2,0.2,200,84,tis,3.2946795240100536e-05
2,0.2,200,84,uniform,0.00023914878280110845
2,0.2,200,85,complete_rollout,1.1767745377988397e-05
2,0.2,200,85,tis,3.136189831926054e-05
2,0.2,200,85,uniform,0.0004314887241734223
2,0.2,200,86,complete_rollout,1.2858277710240407e-05
2,0.2,200,86,tis,3.389146371119083e-05
2,0.2,200,86,uniform,0.00013600078115877755
2,0.2,200,87,complete_rollout,1.1830006908199709e-05
2,0.2,200,87,tis,5.0717507573130054e-05
2,0.2,200,87,uniform,0.0011473817081160231
2,0.2,200,88,complete_rollout,1.069696970814689e-05
2,0.2,200,88,tis,0.00012576928296148914
2,0.2,200,88,uniform,0.0021617368533774156
2,0.2,200,89,complete_rollout,1.0464955376176904e-05
2,0.2,200,89,tis,0.0001329271418100193
2,0.2,200,89,uniform,0.00018910209395121304
2,0.2,200,90,complete_rollout,9.226114964637732e-06
2,0.2,200,90,tis,5.583491433116095e-05
2,0.2,200,90,uniform,0.0004076687677921979
2,0.2,200,91,complete_rollout,9.94495916612291e-06
2,0.2,200,91,tis,0.00048675030249661845
2,0.2,200,91,uniform,0.0009740526736494319
2,0.2,200,92,complete_rollout,1.3847902938378497e-05
2,0.2,200,92,tis,7.325632605603652e-05
2,0.2,200,92,uniform,0.0005043981295835134
2,0.2,200,93,complete_rollout,1.4240219693528647e-05
2,0.2,200,93,tis,6.87176463451059e-05
2,0.2,200,93,uniform,0.0004195705651386542
2,0.2,200,94,complete_rollout,1.010120650408394e-05
2,0.2,200,94,tis,9.146746811297052e-05
2,0.2,200,94,uniform,0.0009013345661768053
2,0.2,200,95,complete_rollout,2.8532639903388674e-05
2,0.2,200,95,tis,0.0002075370603734838
2,0.2,200,95,uniform,0.002748666843290829
2,0.2,200,96,complete_rollout,2.1889255299485213e-05
2,0.2,200,96,tis,0.00025407393393654453
2,0.2,200,96,uniform,0.0004078927843730307
2,0.2,200,97,complete_rollout,1.0836616710776677e-05
2,0.2,200,97,tis,8.269459660762197e-05
2,0.2,200,97,uniform,0.0003125727480410452
2,0.2,200,98,complete_rollout,7.916548145906757e-06
2,0.2,200,98,tis,0.00016119480940176442
2,0.2,200,98,uniform,0.0005883952604662822
2,0.2,200,99,complete_rollout,1.2730258846822355e-05
2,0.2,200,99,tis,3.152532192627249e-05
2,0.2,200,99,uniform,0.0008231344210020053
2,0.2,200,100,complete_rollout,1.398136428102438e-05
2,0.2,200,100,tis,0.00015391451003482845
2,0.2,200,100,uniform,0.00030472833094731793
2,0.2,200,101,complete_rollout,2.189654627061309e-05
2,0.2,200,101,tis,0.0002103363975323594
2,0.2,200,101,uniform,0.00047375959273996554
2,0.2,200,102,complete_rollout,1.233837487049054e-05
2,0.2,200,102,tis,0.0007719278512042249
2,0.2,200,102,uniform,0.0002790503527833589
2,0.2,200,103,complete_rollout,1.6774969162635662e-05
2,0.2,200,103,tis,0.00018220520514534552
2,0.2,200,103,uniform,0.0007649953495098344
2,0.2,200,104,complete_rollout,1.4770807571064888e-05
2,0.2,200,104,tis,0.00035210274694891686
2,0.2,200,104,uniform,0.0009600450376178048
2,0.2,200,105,complete_rollout,1.313049398625356e-05
2,0.2,200,105,tis,0.0001183844925707214
2,0.2,200,105,uniform,0.0018655440575679784
2,0.2,200,106,complete_rollout,2.4072389233199094e-05
2,0.2,200,106,tis,6.310844523273316e-05
2,0.2,200,106,uniform,0.0006439084659130018
2,0.2,200,107,complete_rollout,1.2286538149453706e-05
2,0.2,200,107,tis,0.00011262292903113232
2,0.2,200,107,uniform,0.0009739102890043621
2,0.2,200,108,complete_rollout,7.2302017247664095e-06
2,0.2,200,108,tis,7.8517888274091e-05
2,0.2,200,108,uniform,0.0006754759531122887
2,0.2,200,109,complete_rollout,7.143428250397934e-06
2,0.2,200,109,tis,9.515510010792059e-05
2,0.2,200,109,uniform,0.0004735721660954586
2,0.2,200,110,complete_rollout,5.073145026557393e-06
2,0.2,200,110,tis,0.000131382496799163
2,0.2,200,110,uniform,0.0005231853671654476
2,0.2,200,111,complete_rollout,1.4158765927859616e-05
2,0.2,200,111,tis,6.118452624191815e-05
2,0.2,200,111,uniform,0.0004109875626887755
2,0.2,200,112,complete_rollout,5.783680062497185e-06
2,0.2,200,112,tis,0.00013207647388986755
2,0.2,200,112,uniform,0.0005024593190087574
2,0.2,200,113,complete_rollout,1.1151795433444035e-05
2,0.2,200,113,tis,5.2264166978261695e-05
2,0.2,200,113,uniform,0.0009392971569978475
2,0.2,200,114,complete_rollout,4.6798937711694136e-05
2,0.2,200,114,tis,6.63490765662762e-05
2,0.2,200,114,uniform,0.0007147610656580604
2,0.2,200,115,complete_rollout,9.16998776484128e-06
2,0.2,200,115,tis,0.00027935623972020915
2,0.2,200,115,uniform,0.0004754410077995192
2,0.2,200,116,complete_rollout,1.4227794144695899e-05
2,0.2,200,116,tis,0.00015291702381004055
2,0.2,200,116,uniform,0.00028371982382371957
2,0.2,200,117,complete_rollout,1.87984618489332e-05
2,0.2,200,117,tis,0.00021076985689905147
2,0.2,200,117,uniform,0.0008879353924304254
2,0.2,200,118,complete_rollout,1.2016240229841223e-05
2,0.2,200,118,tis,0.00012057075324251542
2,0.2,200,118,uniform,0.0008216830422813061
2,0.2,200,119,complete_rollout,4.703556626294747e-06
2,0.2,200,119,tis,0.00012918705268989632
2,0.2,200,119,uniform,0.0005656477097052196
2,0.2,200,120,complete_rollout,1.707439700379942e-05
2,0.2,200,120,tis,0.00023112074043430108
2,0.2,200,120,uniform,0.0004999429338507114
2,0.2,200,121,complete_rollout,1.0229276705119716e-05
2,0.2,200,121,tis,0.00011367137834283338
2,0.2,200,121,uniform,0.0005176768524790402
2,0.2,200,122,complete_rollout,1.7914442080647922e-05
2,0.2,200,122,tis,0.00011134156038317879
2,0.2,200,122,uniform,0.0011686695863405581
2,0.2,200,123,complete_rollout,1.2940914338369747e-05
2,0.2,200,123,tis,3.985821081221203e-05
2,0.2,200,123,uniform,0.002094147647547678
2,0.2,200,124,complete_rollout,1.2278357659629376e-05
2,0.2,200,124,tis,3.384181357808587e-05
2,0.2,200,124,uniform,0.00025813848962827205
2,0.2,200,125,complete_rollout,1.4096562373167372e-05
2,0.2,200,125,tis,3.0044479942143972e-05
2,0.2,200,125,uniform,0.0006021262671176863
2,0.2,200,126,complete_rollout,4.435381978254486e-05
2,0.2,200,126,tis,7.359934330500683e-05
2,0.2,200,126,uniform,0.000498286577131893
2,0.2,200,127,complete_rollout,1.1891752381136065e-05
2,0.2,200,127,tis,0.00014439388362689795
2,0.2,200,127,uniform,0.0004315930033316991
2,0.2,200,128,complete_rollout,6.088666933932838e-06
2,0.2,200,128,tis,7.140064677974749e-05
2,0.2,200,128,uniform,0.0008706121754279793
2,0.2,200,129,complete_rollout,6.000670824963239e-06
2,0.2,200,129,tis,0.0001553147803359336
2,0.2,200,129,uniform,0.0008357363105933188
2,0.2,200,130,complete_rollout,1.2288872930272835e-05
2,0.2,200,130,tis,8.356437778876501e-05
2,0.2,200,130,uniform,0.0003013204997266082
2,0.2,200,131,complete_rollout,1.3357612072128413e-05
2,0.2,200,131,tis,5.735886428251791e-05
2,0.2,200,131,uniform,0.0003925507637026459
2,0.2,200,132,complete_rollout,7.686645077808753e-06
2,0.2,200,132,tis,2.8808161377200268e-05
2,0.2,200,132,uniform,0.00035556653024150996
2,0.2,200,133,complete_rollout,8.078916408026183e-06
2,0.2,200,133,tis,5.8531604476015154e-05
2,0.2,200,133,uniform,0.0006814370604905553
2,0.2,200,134,complete_rollout,9.453482061389278e-06
2,0.2,200,134,tis,0.0004056320333471203
2,0.2,200,134,uniform,0.000358714329655034
2,0.2,200,135,complete_rollout,1.4192492995116427e-05
2,0.2,200,135,tis,0.00018358276562824803
2,0.2,200,135,uniform,0.0004338313291633178
2,0.2,200,136,complete_rollout,1.0381352906730436e-05
2,0.2,200,136,tis,7.037070257759015e-05
2,0.2,200,136,uniform,0.0003186775396030019
2,0.2,200,137,complete_rollout,3.0631142320439124e-05
2,0.2,200,137,tis,6.385096452486793e-05
2,0.2,200,137,uniform,0.0016056948519959234
2,0.2,200,138,complete_rollout,1.2309086330074798e-05
2,0.2,200,138,tis,0.00010889938124631624
2,0.2,200,138,uniform,0.0006649675733535848
2,0.2,200,139,complete_rollout,3.266904869394053e-05
2,0.2,200,139,tis,0.0003635862115132378
2,0.2,200,139,uniform,0.0007693530418296456
2,0.2,200,140,complete_rollout,1.3248783362565839e-05
2,0.2,200,140,tis,0.00017342291216892317
2,0.2,200,140,uniform,0.0005288971280025202
2,0.2,200,141,complete_rollout,1.3994843388244966e-05
2,0.2,200,141,tis,4.633566468657471e-05
2,0.2,200,141,uniform,0.00034704797468146256
2,0.2,200,142,complete_rollout,9.008822669799271e-06
2,0.2,200,142,tis,5.728306086284355e-05
2,0.2,200,142,uniform,0.0009002803306070007
2,0.2,200,143,complete_rollout,2.62366611653477e-05
2,0.2,200,143,tis,0.00015027968476832328
2,0.2,200,143,uniform,0.00031173861658343735
2,0.2,200,144,complete_rollout,1.4998762840834659e-05
2,0.2,200,144,tis,5.5058073288506794e-05
2,0.2,200,144,uniform,0.0009380622623568961
2,0.2,200,145,complete_rollout,7.764146289394766e-06
2,0.2,200,145,tis,6.0792056891894675e-05
2,0.2,200,145,uniform,0.0006249344430668055
2,0.2,200,146,complete_rollout,1.3112013643136885e-05
2,0.2,200,146,tis,0.00014599021767988486
2,0.2,200,146,uniform,0.000364276569874512
2,0.2,200,147,complete_rollout,1.1962661406640204e-05
2,0.2,200,147,tis,6.735281267811725e-05
2,0.2,200,147,uniform,0.0008676027513998763
2,0.2,200,148,complete_rollout,1.1316933417963675e-05
2,0.2,200,148,tis,7.69027144748488e-05
2,0.2,200,148,uniform,0.0002856113590879064
2,0.2,200,149,complete_rollout,7.155494473108821e-06
2,0.2,200,149,tis,0.0002665938364323046
2,0.2,200,149,uniform,0.0006288684600461595
2,0.2,200,150,complete_rollout,6.337708262307808e-06
2,0.2,200,150,tis,0.00012639215935192705
2,0.2,200,150,uniform,0.00047484055040807337
2,0.2,200,151,complete_rollout,1.337353784231668e-05
2,0.2,200,151,tis,0.00012659932573399037
2,0.2,200,151,uniform,0.0011084269662434353
2,0.2,200,152,complete_rollout,9.809841355913315e-06
2,0.2,200,152,tis,0.00020343354433478112
2,0.2,200,152,uniform,0.0009086387597720408
2,0.2,200,153,complete_rollout,8.435114577406836e-06
2,0.2,200,153,tis,0.00031824669201293714
2,0.2,200,153,uniform,0.0008171221123234923
2,0.2,200,154,complete_rollout,1.389220044758797e-05
2,0.2,200,154,tis,6.221941325622946e-05
2,0.2,200,154,uniform,0.0006553754161870733
2,0.2,200,155,complete_rollout,1.0316813278638555e-05
2,0.2,200,155,tis,4.7795623254447034e-05
2,0.2,200,155,uniform,0.0003208827689330372
2,0.2,200,156,complete_rollout,8.254231375390223e-06
2,0.2,200,156,tis,0.0002972661686570082
2,0.2,200,156,uniform,0.0004418970943891297
2,0.2,200,157,complete_rollout,8.652575034977088e-06
2,0.2,200,157,tis,0.00025998739411531877
2,0.2,200,157,uniform,0.0007437832572715244
2,0.2,200,158,complete_rollout,8.5370048600565e-06
2,0.2,200,158,tis,0.0006298264127849391
2,0.2,200,158,uniform,0.0003382994516567782
2,0.2,200,159,complete_rollout,2.8679154187422325e-05
2,0.2,200,159,tis,0.00022449589658805972
2,0.2,200,159,uniform,0.000803472556171348
2,0.2,200,160,complete_rollout,1.821778428745778e-05
2,0.2,200,160,tis,0.0004230651953559613
2,0.2,200,160,uniform,0.0007981560530902081
2,0.2,200,161,complete_rollout,1.8694161596028494e-05
2,0.2,200,161,tis,1.80203598484414e-05
2,0.2,200,161,uniform,0.0008062671957369789
2,0.2,200,162,complete_rollout,6.418840672226939e-06
2,0.2,200,162,tis,0.00020333201455828939
2,0.2,200,162,uniform,0.0002517292769026094
2,0.2,200,163,complete_rollout,8.39488251867588e-06
2,0.2,200,163,tis,0.00015402385719220793
2,0.2,200,163,uniform,0.0007290294946565089
2,0.2,200,164,complete_rollout,1.3607374138123845e-05
2,0.2,200,164,tis,5.349777551128037e-05
2,0.2,200,164,uniform,0.00045599061987654693
2,0.2,200,165,complete_rollout,3.219644752497053e-05
2,0.2,200,165,tis,6.730979480470708e-05
2,0.2,200,165,uniform,0.0011450951349948292
2,0.2,200,166,complete_rollout,6.005674917516115e-05
2,0.2,200,166,tis,0.00016182245055105973
2,0.2,200,166,uniform,0.0007930788453472945
2,0.2,200,167,complete_rollout,1.9710730193756797e-05
2,0.2,200,167,tis,0.00026708013267760935
2,0.2,200,167,uniform,0.0006408963103958446
2,0.2,200,168,complete_rollout,2.059053389387049e-05
2,0.2,200,168,tis,0.0001527102455852823
2,0.2,200,168,uniform,0.0004488797172176491
2,0.2,200,169,complete_rollout,1.5345134472474205e-05
2,0.2,200,169,tis,4.452778120315953e-05
2,0.2,200,169,uniform,0.00022880151610729323
2,0.2,200,170,complete_rollout,1.709255896710364e-05
2,0.2,200,170,tis,0.0006425968841712382
2,0.2,200,170,uniform,0.0012487221665772052
2,0.2,200,171,complete_rollout,5.583780566256178e-06
2,0.2,200,171,tis,0.0001595536045956438
2,0.2,200,171,uniform,0.0005059971527423137
2,0.2,200,172,complete_rollout,9.349804949723374e-06
2,0.2,200,172,tis,0.00019994904807150182
2,0.2,200,172,uniform,0.00024728189993480817
2,0.2,200,173,complete_rollout,9.860621274575685e-06
2,0.2,200,173,tis,4.325418842018711e-05
2,0.2,200,173,uniform,0.0004858158476191611
2,0.2,200,174,complete_rollout,2.359640763009584e-05
2,0.2,200,174,tis,0.00015625030252722056
2,0.2,200,174,uniform,0.000587134608463343
2,0.2,200,175,complete_rollout,2.8101856555164617e-05
2,0.2,200,175,tis,0.00013966460942530236
2,0.2,200,175,uniform,0.0009461802948188418
2,0.2,200,176,complete_rollout,1.2460825550473681e-05
2,0.2,200,176,tis,0.00011548068250941716
2,0.2,200,176,uniform,0.0004370434695670248
2,0.2,200,177,complete_rollout,5.303068567097769e-05
2,0.2,200,177,tis,4.99936991858667e-05
2,0.2,200,177,uniform,0.00021536293686659293
2,0.2,200,178,complete_rollout,1.317409774866534e-05
2,0.2,200,178,tis,9.693702986027998e-05
2,0.2,200,178,uniform,0.00042987868865341464
2,0.2,200,179,complete_rollout,7.547824046681996e-06
2,0.2,200,179,tis,7.848137715831732e-05
2,0.2,200,179,uniform,0.00043224382483700346
2,0.2,200,180,complete_rollout,9.602068273945066e-06
2,0.2,200,180,tis,5.2730452956196136e-05
2,0.2,200,180,uniform,0.001208316140017884
2,0.2,200,181,complete_rollout,2.067010950346414e-05
2,0.2,200,181,tis,0.0002578810786160184
2,0.2,200,181,uniform,0.000528534399291331
2,0.2,200,182,complete_rollout,1.7460152032832584e-05
2,0.2,200,182,tis,0.0002524347219351372
2,0.2,200,182,uniform,0.00034681423892616377
2,0.2,200,183,complete_rollout,2.2534356422419185e-05
2,0.2,200,183,tis,0.0003054580385842002
2,0.2,200,183,uniform,0.0003361299615835736
2,0.2,200,184,complete_rollout,1.3752398997021124e-05
2,0.2,200,184,tis,5.370315548909101e-05
2,0.2,200,184,uniform,0.00026894273296197306
2,0.2,200,185,complete_rollout,1.8276245263178723e-05
2,0.2,200,185,tis,8.654162109437394e-05
2,0.2,200,185,uniform,0.00044970058114318065
2,0.2,200,186,complete_rollout,9.650461725694399e-06
2,0.2,200,186,tis,3.1135292796788286e-05
2,0.2,200,186,uniform,0.0018606371999933206
2,0.2,200,187,complete_rollout,1.0865822165915328e-05
2,0.2,200,187,tis,0.00012431070725379194
2,0.2,200,187,uniform,0.0004970654953358228
2,0.2,200,188,complete_rollout,2.2643261844161564e-05
2,0.2,200,188,tis,0.00012447270006886517
2,0.2,200,188,uniform,0.00032270948819395034
2,0.2,200,189,complete_rollout,2.091878366734662e-05
2,0.2,200,189,tis,6.493306431033058e-05
2,0.2,200,189,uniform,0.0005974346675219972
2,0.2,200,190,complete_rollout,1.2017469025683403e-05
2,0.2,200,190,tis,2.9518019136834117e-05
2,0.2,200,190,uniform,0.000452633623844458
2,0.2,200,191,complete_rollout,1.1434229636967132e-05
2,0.2,200,191,tis,0.00017670207283868776
2,0.2,200,191,uniform,0.0007878372497313477
2,0.2,200,192,complete_rollout,2.0453813229466226e-05
2,0.2,200,192,tis,0.00022547969152879603
2,0.2,200,192,uniform,0.0012579558264611073
2,0.2,200,193,complete_rollout,2.0156214971310546e-05
2,0.2,200,193,tis,0.0005174815441003839
2,0.2,200,193,uniform,0.0005078754528732891
2,0.2,200,194,complete_rollout,2.019937752216571e-05
2,0.2,200,194,tis,0.0007620037747795228
2,0.2,200,194,uniform,0.00020821399251549067
2,0.2,200,195,complete_rollout,8.551800729071033e-06
2,0.2,200,195,tis,4.575739968345286e-05
2,0.2,200,195,uniform,0.0004819172598148719
2,0.2,200,196,complete_rollout,1.8500832317922123e-05
2,0.2,200,196,tis,8.479368028094999e-05
2,0.2,200,196,uniform,0.00069311164474521
2,0.2,200,197,complete_rollout,2.4403662576098157e-05
2,0.2,200,197,tis,5.579015605485502e-05
2,0.2,200,197,uniform,0.0004994812954929847
2,0.2,200,198,complete_rollout,2.679846278323245e-05
2,0.2,200,198,tis,0.00027827218563903776
2,0.2,200,198,uniform,0.00020622023844695076
2,0.2,200,199,complete_rollout,4.127149521436384e-05
2,0.2,200,199,tis,0.0002517098298560742
2,0.2,200,199,uniform,0.00027720733395797186
2,0.2,200,200,complete_rollout,8.035748208676134e-06
2,0.2,200,200,tis,0.0001487607704795123
2,0.2,200,200,uniform,0.00029305152741371736
2,0.2,200,201,complete_rollout,2.1441538665912768e-05
2,0.2,200,201,tis,9.13059970012212e-05
2,0.2,200,201,uniform,0.0013551979909199236
2,0.2,200,202,complete_rollout,2.4700008514592745e-05
2,0.2,200,202,tis,0.0002212947166745192
2,0.2,200,202,uniform,0.0008487342708601849
2,0.2,200,203,complete_rollout,6.753271280568753e-05
2,0.2,200,203,tis,5.325458619820578e-05
2,0.2,200,203,uniform,0.0008923624410264232
2,0.2,200,204,complete_rollout,7.607096158525325e-06
2,0.2,200,204,tis,0.00036043015848045127
2,0.2,200,204,uniform,0.000998669351233054
2,0.2,200,205,complete_rollout,3.450156778308126e-05
2,0.2,200,205,tis,0.0003206258247840504
2,0.2,200,205,uniform,0.00047270300905417315
2,0.2,200,206,complete_rollout,1.4518400168998377e-05
2,0.2,200,206,tis,5.180431573097608e-05
2,0.2,200,206,uniform,0.0007647130455634754
2,0.2,200,207,complete_rollout,8.561748919171687e-06
2,0.2,200,207,tis,3.348938185805871e-05
2,0.2,200,207,uniform,0.0006681034412668609
2,0.2,200,208,complete_rollout,1.4709067944741407e-05
2,0.2,200,208,tis,7.560698250687078e-05
2,0.2,200,208,uniform,0.00022723498833363044
2,0.2,200,209,complete_rollout,1.0722937207589664e-05
2,0.2,200,209,tis,0.0002123942103149222
2,0.2,200,209,uniform,0.0006139572200000255
2,0.2,200,210,complete_rollout,2.6397151675989387e-05
2,0.2,200,210,tis,0.00014723420126951065
2,0.2,200,210,uniform,0.00027563614925691347
2,0.2,200,211,complete_rollout,2.0084903374072497e-05
2,0.2,200,211,tis,0.00028072375301496194
2,0.2,200,211,uniform,0.0003779942991315286
2,0.2,200,212,complete_rollout,1.1135467714254299e-05
2,0.2,200,212,tis,5.5297303600337764e-05
2,0.2,200,212,uniform,0.0008298422797941671
2,0.2,200,213,complete_rollout,2.0279748021070622e-05
2,0.2,200,213,tis,0.00010771854257696594
2,0.2,200,213,uniform,0.00019012712971569406
2,0.2,200,214,complete_rollout,5.250474619384093e-06
2,0.2,200,214,tis,2.1732206013303304e-05
2,0.2,200,214,uniform,0.00031664041757746065
2,0.2,200,215,complete_rollout,7.372245054139193e-06
2,0.2,200,215,tis,0.0002614620038637354
2,0.2,200,215,uniform,0.0006543910124528969
2,0.2,200,216,complete_rollout,8.408142359680237e-06
2,0.2,200,216,tis,0.00033898408576417107
2,0.2,200,216,uniform,0.0009039126498545815
2,0.2,200,217,complete_rollout,8.993447812767879e-06
2,0.2,200,217,tis,0.00018962320327104793
2,0.2,200,217,uniform,0.0002339052741974759
2,0.2,200,218,complete_rollout,2.7165119189270803e-05
2,0.2,200,218,tis,6.131440640452897e-05
2,0.2,200,218,uniform,0.000419990296569873
2,0.2,200,219,complete_rollout,2.3246263947557828e-05
2,0.2,200,219,tis,0.0004445549865977935
2,0.2,200,219,uniform,0.001076613315662158
2,0.2,200,220,complete_rollout,2.0599792066883653e-05
2,0.2,200,220,tis,4.528141646443548e-05
2,0.2,200,220,uniform,0.0002932370639675086
2,0.2,200,221,complete_rollout,1.225311086576712e-05
2,0.2,200,221,tis,7.338461215096127e-05
2,0.2,200,221,uniform,0.0008114536245730804
2,0.2,200,222,complete_rollout,6.329580719919418e-06
2,0.2,200,222,tis,0.00016152339373748942
2,0.2,200,222,uniform,0.0005500950141739358
2,0.2,200,223,complete_rollout,1.034090589712714e-05
2,0.2,200,223,tis,4.820421295749346e-05
2,0.2,200,223,uniform,0.00017978190552087023
2,0.2,200,224,complete_rollout,1.0631811211329898e-05
2,0.2,200,224,tis,4.601797806666079e-05
2,0.2,200,224,uniform,0.0009401152953588911
2,0.2,200,225,complete_rollout,2.6970694578956553e-05
2,0.2,200,225,tis,8.654303625666342e-05
2,0.2,200,225,uniform,0.0004869026667829501
2,0.2,200,226,complete_rollout,1.686893942006398e-05
2,0.2,200,226,tis,0.00023311339907839307
2,0.2,200,226,uniform,0.000775865931684234
2,0.2,200,227,complete_rollout,1.3320957807321036e-05
2,0.2,200,227,tis,0.00014129394849403726
2,0.2,200,227,uniform,0.0002381971324264406
2,0.2,200,228,complete_rollout,1.748600634990452e-05
2,0.2,200,228,tis,0.00027180318968968105
2,0.2,200,228,uniform,0.001035686256255195
2,0.2,200,229,complete_rollout,1.2182436122512639e-05
2,0.2,200,229,tis,0.00013585175183017023
2,0.2,200,229,uniform,0.0007411412474720133
2,0.2,200,230,complete_rollout,3.0432560094743056e-05
2,0.2,200,230,tis,4.9739014000717326e-05
2,0.2,200,230,uniform,0.0009205574292855669
2,0.2,200,231,complete_rollout,1.2163910178050332e-05
2,0.2,200,231,tis,3.315478075053089e-05
2,0.2,200,231,uniform,0.00029857237321350897
2,0.2,200,232,complete_rollout,1.7875668881969873e-05
2,0.2,200,232,tis,3.975014230295409e-05
2,0.2,200,232,uniform,0.00033403170752714255
2,0.2,200,233,complete_rollout,1.0236789319380032e-05
2,0.2,200,233,tis,8.10549267424544e-05
2,0.2,200,233,uniform,0.00037050481941994077
2,0.2,200,234,complete_rollout,1.626459912664855e-05
2,0.2,200,234,tis,0.0003202084120520977
2,0.2,200,234,uniform,0.000450332392613607
2,0.2,200,235,complete_rollout,1.1878908089282256e-05
2,0.2,200,235,tis,3.487661541966715e-05
2,0.2,200,235,uniform,0.002670804134930304
2,0.2,200,236,complete_rollout,2.2130675108232142e-05
2,0.2,200,236,tis,9.868610740494954e-05
2,0.2,200,236,uniform,0.00032585362791804484
2,0.2,200,237,complete_rollout,1.629923232502403e-05
2,0.2,200,237,tis,4.102754688318594e-05
2,0.2,200,237,uniform,0.0005505677476236694
2,0.2,200,238,complete_rollout,1.1947877222765211e-05
2,0.2,200,238,tis,0.0003293466302631955
2,0.2,200,238,uniform,0.00032801395881273347
2,0.2,200,239,complete_rollout,2.489296753366438e-05
2,0.2,200,239,tis,3.61086533357113e-05
2,0.2,200,239,uniform,0.000750879594408024
2,0.2,200,240,complete_rollout,2.715086765296822e-05
2,0.2,200,240,tis,0.000193013434255717
2,0.2,200,240,uniform,0.0002502713654773189
2,0.2,200,241,complete_rollout,2.928050024206016e-05
2,0.2,200,241,tis,3.451034519726843e-05
2,0.2,200,241,uniform,0.00037319103031181175
2,0.2,200,242,complete_rollout,2.187624074076901e-05
2,0.2,200,242,tis,0.000147375025849155
2,0.2,200,242,uniform,0.00020243908136339435
2,0.2,200,243,complete_rollout,1.2281046979509214e-05
2,0.2,200,243,tis,0.00010098814908269503
2,0.2,200,243,uniform,0.00027804915157772476
2,0.2,200,244,complete_rollout,8.29726577722548e-06
2,0.2,200,244,tis,0.00019070097497370003
2,0.2,200,244,uniform,0.001783947881967807
2,0.2,200,245,complete_rollout,7.655064919100844e-06
2,0.2,200,245,tis,3.885970014016205e-05
2,0.2,200,245,uniform,0.0010253485369677785
2,0.2,200,246,complete_rollout,4.991146789215999e-05
2,0.2,200,246,tis,0.00020773331708648013
2,0.2,200,246,uniform,0.0013459899470027136
2,0.2,200,247,complete_rollout,1.3557278624577175e-05
2,0.2,200,247,tis,0.00021514390209728746
2,0.2,200,247,uniform,0.0007414809798207155
2,0.2,200,248,complete_rollout,1.1211781379885249e-05
2,0.2,200,248,tis,6.384866009748006e-05
2,0.2,200,248,uniform,0.00033494156417949187
2,0.2,200,249,complete_rollout,8.934283705925785e-06
2,0.2,200,249,tis,4.5228277051840225e-05
2,0.2,200,249,uniform,0.0007068227933812372
2,0.2,200,250,complete_rollout,3.0492275123612374e-05
2,0.2,200,250,tis,2.7990308771487706e-05
2,0.2,200,250,uniform,0.0001897415110485893
2,0.2,200,251,complete_rollout,9.918926610071947e-06
2,0.2,200,251,tis,2.9485218007000097e-05
2,0.2,200,251,uniform,0.0004524186599417196
2,0.2,200,252,complete_rollout,1.7614737150178945e-05
2,0.2,200,252,tis,5.926121410274889e-05
2,0.2,200,252,uniform,0.0005397054370088355
2,0.2,200,253,complete_rollout,4.8278780996062595e-05
2,0.2,200,253,tis,9.206659162418154e-05
2,0.2,200,253,uniform,0.0004757754886716256
2,0.2,200,254,complete_rollout,9.132990924198294e-06
2,0.2,200,254,tis,5.445659561498281e-05
2,0.2,200,254,uniform,0.0025183972882118215
2,0.2,200,255,complete_rollout,1.409025834012757e-05
2,0.2,200,255,tis,7.546113661144801e-05
2,0.2,200,255,uniform,0.000553560902849324
2,0.2,200,256,complete_rollout,1.0399048280380902e-05
2,0.2,200,256,tis,1.2545439556687653e-05
2,0.2,200,256,uniform,0.000729448205627828
2,0.2,200,257,complete_rollout,3.4100608662244726e-05
2,0.2,200,257,tis,4.24688145501635e-05
2,0.2,200,257,uniform,0.0017144148618654063
2,0.2,200,258,complete_rollout,3.229332751605678e-05
2,0.2,200,258,tis,0.0001422540705698843
2,0.2,200,258,uniform,0.0022896180165764366
2,0.2,200,259,complete_rollout,1.0895648150254676e-05
2,0.2,200,259,tis,0.00010420408451030356
2,0.2,200,259,uniform,0.00048436224424000155
2,0.2,200,260,complete_rollout,1.1553869605953326e-05
2,0.2,200,260,tis,8.730576172085884e-05
2,0.2,200,260,uniform,0.0009220032977797935
2,0.2,200,261,complete_rollout,1.0933988364644617e-05
2,0.2,200,261,tis,0.00020597798026763406
2,0.2,200,261,uniform,0.0005208117823171575
2,0.2,200,262,complete_rollout,1.3321410294950831e-05
2,0.2,200,262,tis,6.35328352906688e-05
2,0.2,200,262,uniform,0.00022184236016315942
2,0.2,200,263,complete_rollout,3.920330030545716e-05
2,0.2,200,263,tis,0.00023028892048630799
2,0.2,200,263,uniform,0.0005157509130221759
2,0.2,200,264,complete_rollout,1.709686363915999e-05
2,0.2,200,264,tis,0.0002139000748050681
2,0.2,200,264,uniform,0.0009502958332130276
2,0.2,200,265,complete_rollout,5.058526705365843e-06
2,0.2,200,265,tis,0.0002097157740613069
2,0.2,200,265,uniform,0.0009376258419932517
2,0.2,200,266,complete_rollout,9.384014517840201e-06
2,0.2,200,266,tis,0.0003248334213438875
2,0.2,200,266,uniform,0.0007446923503576511
2,0.2,200,267,complete_rollout,1.1731093429313135e-05
2,0.2,200,267,tis,9.694288173270991e-05
2,0.2,200,267,uniform,0.000309711559899077
2,0.2,200,268,complete_rollout,2.9489917475885316e-05
2,0.2,200,268,tis,6.806509673471704e-05
2,0.2,200,268,uniform,0.0010600371301809977
2,0.2,200,269,complete_rollout,9.363901780463298e-06
2,0.2,200,269,tis,4.9017099555503945e-05
2,0.2,200,269,uniform,0.0007055809809876379
2,0.2,200,270,complete_rollout,1.0785827737091797e-05
2,0.2,200,270,tis,0.00011459809393921395
2,0.2,200,270,uniform,0.00041245956940615217
2,0.2,200,271,complete_rollout,7.25649933579695e-05
2,0.2,200,271,tis,7.244248148630632e-05
2,0.2,200,271,uniform,0.0004171149813683626
2,0.2,200,272,complete_rollout,8.741273286253367e-06
2,0.2,200,272,tis,9.425456871545134e-05
2,0.2,200,272,uniform,0.0005087158123900792
2,0.2,200,273,complete_rollout,9.440358221954034e-06
2,0.2,200,273,tis,9.432268087415343e-05
2,0.2,200,273,uniform,0.0005430278463614932
2,0.2,200,274,complete_rollout,1.1890977847778025e-05
2,0.2,200,274,tis,0.0003038738940488791
2,0.2,200,274,uniform,0.00028896776579472017
2,0.2,200,275,complete_rollout,6.91089715598524e-06
2,0.2,200,275,tis,4.305725807568605e-05
2,0.2,200,275,uniform,0.002274814397759683
2,0.2,200,276,complete_rollout,2.128028682663634e-05
2,0.2,200,276,tis,0.0003184174321122237
2,0.2,200,276,uniform,0.0006507647864811449
2,0.2,200,277,complete_rollout,8.290828873563004e-06
2,0.2,200,277,tis,5.9158190206416195e-05
2,0.2,200,277,uniform,0.0007012411952518779
2,0.2,200,278,complete_rollout,7.055033750550546e-06
2,0.2,200,278,tis,0.00010356185096219243
2,0.2,200,278,uniform,0.00035000300366928963
2,0.2,200,279,complete_rollout,3.496912089053183e-05
2,0.2,200,279,tis,6.331255204563912e-05
2,0.2,200,279,uniform,0.0005173259771608687
2,0.2,200,280,complete_rollout,9.946437094891292e-06
2,0.2,200,280,tis,3.2342724568746924e-05
2,0.2,200,280,uniform,0.0006221674312188203
2,0.2,200,281,complete_rollout,5.463797431913829e-06
2,0.2,200,281,tis,0.0002401256870943872
2,0.2,200,281,uniform,0.0011385417344086867
2,0.2,200,282,complete_rollout,1.58100289596016e-05
2,0.2,200,282,tis,0.0001268900242749265
2,0.2,200,282,uniform,0.0007069466664158246
2,0.2,200,283,complete_rollout,1.1817425769643692e-05
2,0.2,200,283,tis,0.0001274893090772476
2,0.2,200,283,uniform,0.001625134217248461
2,0.2,200,284,complete_rollout,1.7928749914389414e-05
2,0.2,200,284,tis,3.969096558108572e-05
2,0.2,200,284,uniform,0.0006656530123261353
2,0.2,200,285,complete_rollout,1.1875466830149682e-05
2,0.2,200,285,tis,7.040511972258417e-05
2,0.2,200,285,uniform,0.0008296548918528277
2,0.2,200,286,complete_rollout,1.6666094277216004e-05
2,0.2,200,286,tis,2.7069432593927105e-05
2,0.2,200,286,uniform,0.00014477036406652967
2,0.2,200,287,complete_rollout,4.689354226512307e-06
2,0.2,200,287,tis,0.00012963402901996755
2,0.2,200,287,uniform,0.0006044414668692278
2,0.2,200,288,complete_rollout,1.2664313510640452e-05
2,0.2,200,288,tis,7.905006759082155e-05
2,0.2,200,288,uniform,0.0005780761764650369
2,0.2,200,289,complete_rollout,1.2799242788169266e-05
2,0.2,200,289,tis,0.00019462247501964616
2,0.2,200,289,uniform,0.0005890606804225912
2,0.2,200,290,complete_rollout,9.156948021639017e-06
2,0.2,200,290,tis,7.23235064048681e-05
2,0.2,200,290,uniform,0.0006182335478288645
2,0.2,200,291,complete_rollout,1.1907644414809378e-05
2,0.2,200,291,tis,7.444137079235506e-05
2,0.2,200,291,uniform,0.0004390204843755461
2,0.2,200,292,complete_rollout,1.1623077981675566e-05
2,0.2,200,292,tis,0.0002408573320223461
2,0.2,200,292,uniform,0.0008109270146903198
2,0.2,200,293,complete_rollout,7.393907100433136e-06
2,0.2,200,293,tis,0.0005819966646499733
2,0.2,200,293,uniform,0.000786542779020142
2,0.2,200,294,complete_rollout,1.1031422938894146e-05
2,0.2,200,294,tis,8.833109271409656e-05
2,0.2,200,294,uniform,0.0002280890557508286
2,0.2,200,295,complete_rollout,1.7070509084411736e-05
2,0.2,200,295,tis,0.0003455411989971093
2,0.2,200,295,uniform,0.000879619891019964
2,0.2,200,296,complete_rollout,1.572757627132984e-05
2,0.2,200,296,tis,3.121713150383695e-05
2,0.2,200,296,uniform,0.0005185165364790874
2,0.2,200,297,complete_rollout,1.0321981384905453e-05
2,0.2,200,297,tis,0.00027468137941648535
2,0.2,200,297,uniform,0.0006462167878210805
2,0.2,200,298,complete_rollout,3.570932991604864e-05
2,0.2,200,298,tis,6.198928299505879e-05
2,0.2,200,298,uniform,0.0003096942676320721
2,0.2,200,299,complete_rollout,1.277730639883006e-05
2,0.2,200,299,tis,0.0005240958804281379
2,0.2,200,299,uniform,0.0007423728945348992
2,0.2,400,0,complete_rollout,6.7742044526844085e-06
2,0.2,400,0,tis,1.0536010071021422e-05
2,0.2,400,0,uniform,0.00021082438475169537
2,0.2,400,1,complete_rollout,1.212307309390957e-05
2,0.2,400,1,tis,0.00011689063676918828
2,0.2,400,1,uniform,0.0001988117841569651
2,0.2,400,2,complete_rollout,3.4520365114981254e-06
2,0.2,400,2,tis,3.0002646503072456e-05
2,0.2,400,2,uniform,0.00027791090726569446
2,0.2,400,3,complete_rollout,2.9962946855420237e-06
2,0.2,400,3,tis,8.229982143493848e-05
2,0.2,400,3,uniform,0.00021315929651289305
2,0.2,400,4,complete_rollout,4.76336438950698e-06
2,0.2,400,4,tis,7.0545228930633e-05
2,0.2,400,4,uniform,0.00014502744134823792
2,0.2,400,5,complete_rollout,1.9359766598895896e-05
2,0.2,400,5,tis,3.0474700266040616e-05
2,0.2,400,5,uniform,0.0005057176158661144
2,0.2,400,6,complete_rollout,4.947802049784212e-06
2,0.2,400,6,tis,1.2931544579668058e-05
2,0.2,400,6,uniform,0.0003212178832711662
2,0.2,400,7,complete_rollout,1.8268630128073976e-05
2,0.2,400,7,tis,3.626514215729218e-05
2,0.2,400,7,uniform,0.00032182872459100137
2,0.2,400,8,complete_rollout,7.247741909855976e-06
2,0.2,400,8,tis,3.778594888390427e-05
2,0.2,400,8,uniform,0.0002487582066920547
2,0.2,400,9,complete_rollout,4.918043359479945e-06
2,0.2,400,9,tis,3.962789598878405e-05
2,0.2,400,9,uniform,0.00023755912845438098
2,0.2,400,10,complete_rollout,4.281869234271307e-06
2,0.2,400,10,tis,8.238071516050905e-05
2,0.2,400,10,uniform,0.0002677700845978528
2,0.2,400,11,complete_rollout,1.1836263026792575e-05
2,0.2,400,11,tis,0.00013939058288838587
2,0.2,400,11,uniform,0.00030202372397902745
2,0.2,400,12,complete_rollout,5.253106981701615e-06
2,0.2,400,12,tis,2.5817140543173874e-05
2,0.2,400,12,uniform,0.00037622244194170296
2,0.2,400,13,complete_rollout,2.0400835089442053e-05
2,0.2,400,13,tis,3.5625775343517083e-05
2,0.2,400,13,uniform,0.00023189716328639472
2,0.2,400,14,complete_rollout,3.4562880468527067e-06
2,0.2,400,14,tis,1.754750321645269e-05
2,0.2,400,14,uniform,0.0004459453417513534
2,0.2,400,15,complete_rollout,4.270105139427941e-06
2,0.2,400,15,tis,7.605734553672181e-05
2,0.2,400,15,uniform,0.0004185669915671312
2,0.2,400,16,complete_rollout,6.264354907622402e-06
2,0.2,400,16,tis,3.840763599833326e-05
2,0.2,400,16,uniform,0.00011924704949071612
2,0.2,400,17,complete_rollout,5.811937862716537e-06
2,0.2,400,17,tis,1.8772073178667433e-05
2,0.2,400,17,uniform,0.0005712279471371997
2,0.2,400,18,complete_rollout,7.1084113525117986e-06
2,0.2,400,18,tis,3.809538134097943e-05
2,0.2,400,18,uniform,0.00018746543156887563
2,0.2,400,19,complete_rollout,6.400472941029298e-06
2,0.2,400,19,tis,1.628066261708345e-05
2,0.2,400,19,uniform,0.00023337399350554887
2,0.2,400,20,complete_rollout,1.1997890064236062e-05
2,0.2,400,20,tis,3.459567203670507e-05
2,0.2,400,20,uniform,0.00017176832187728978
2,0.2,400,21,complete_rollout,8.333516602611734e-06
2,0.2,400,21,tis,1.4525996915334129e-05
2,0.2,400,21,uniform,0.000250808075906641
2,0.2,400,22,complete_rollout,4.04605958819591e-06
2,0.2,400,22,tis,0.00011403242399366283
2,0.2,400,22,uniform,0.0004920363357373038
2,0.2,400,23,complete_rollout,4.473282234662453e-06
2,0.2,400,23,tis,2.4552480450287385e-05
2,0.2,400,23,uniform,0.0010793263320743446
2,0.2,400,24,complete_rollout,3.7890432613061615e-06
2,0.2,400,24,tis,2.139574381107306e-05
2,0.2,400,24,uniform,0.0001234777031070506
2,0.2,400,25,complete_rollout,8.163327435185163e-06
2,0.2,400,25,tis,1.1557409593020865e-05
2,0.2,400,25,uniform,0.00023236218274669468
2,0.2,400,26,complete_rollout,4.086855253314808e-06
2,0.2,400,26,tis,4.5827404811604045e-05
2,0.2,400,26,uniform,0.0006519437427472661
2,0.2,400,27,complete_rollout,7.152414461793647e-06
2,0.2,400,27,tis,4.433483834139722e-05
2,0.2,400,27,uniform,0.0002464967092786968
2,0.2,400,28,complete_rollout,2.0435753231521077e-05
2,0.2,400,28,tis,4.007269121124389e-05
2,0.2,400,28,uniform,0.000264862182576002
2,0.2,400,29,complete_rollout,2.3655269964011118e-06
2,0.2,400,29,tis,4.372493949936877e-05
2,0.2,400,29,uniform,0.00018689068062948316
2,0.2,400,30,complete_rollout,9.663550785020522e-06
2,0.2,400,30,tis,5.785080231067606e-05
2,0.2,400,30,uniform,0.0001827309625682893
2,0.2,400,31,complete_rollout,6.768350980930431e-06
2,0.2,400,31,tis,5.880594873811013e-05
2,0.2,400,31,uniform,0.00017704743736813585
2,0.2,400,32,complete_rollout,5.150546324677248e-06
2,0.2,400,32,tis,5.070686555860855e-05
2,0.2,400,32,uniform,9.541976553325444e-05
2,0.2,400,33,complete_rollout,4.782923357651872e-06
2,0.2,400,33,tis,1.3231988066296925e-05
2,0.2,400,33,uniform,0.00015399470405396068
2,0.2,400,34,complete_rollout,2.4700477692145802e-05
2,0.2,400,34,tis,3.092331131682924e-05
2,0.2,400,34,uniform,0.0004635535002114167
2,0.2,400,35,complete_rollout,8.814545833588201e-06
2,0.2,400,35,tis,4.488546005449485e-05
2,0.2,400,35,uniform,0.00024404481663306156
2,0.2,400,36,complete_rollout,4.399862249414041e-06
2,0.2,400,36,tis,2.458148999946063e-05
2,0.2,400,36,uniform,0.00025931118808642406
2,0.2,400,37,complete_rollout,5.712327667225913e-06
2,0.2,400,37,tis,5.433105687878723e-05
2,0.2,400,37,uniform,0.0017715919745809985
2,0.2,400,38,complete_rollout,1.4793043044945104e-05
2,0.2,400,38,tis,8.743794443637565e-05
2,0.2,400,38,uniform,0.00013618396160704668
2,0.2,400,39,complete_rollout,5.169158290829494e-06
2,0.2,400,39,tis,0.00010327411268714923
2,0.2,400,39,uniform,0.0005518176990604266
2,0.2,400,40,complete_rollout,1.1900377718512404e-05
2,0.2,400,40,tis,7.806457187781557e-05
2,0.2,400,40,uniform,0.00021088136658586583
2,0.2,400,41,complete_rollout,2.6761591383854983e-05
2,0.2,400,41,tis,9.212798584747807e-05
2,0.2,400,41,uniform,0.00013454925571574378
2,0.2,400,42,complete_rollout,4.005570555171584e-06
2,0.2,400,42,tis,5.229846612201852e-06
2,0.2,400,42,uniform,0.0003556388180418374
2,0.2,400,43,complete_rollout,4.92297776409215e-06
2,0.2,400,43,tis,5.432227010487335e-05
2,0.2,400,43,uniform,0.0004942804979095478
2,0.2,400,44,complete_rollout,4.2544536811420395e-06
2,0.2,400,44,tis,2.7481610150324142e-05
2,0.2,400,44,uniform,0.00048672793067913375
2,0.2,400,45,complete_rollout,4.804152261658182e-06
2,0.2,400,45,tis,2.3479936874109877e-05
2,0.2,400,45,uniform,0.00037513808869740376
2,0.2,400,46,complete_rollout,2.9918186126349758e-06
2,0.2,400,46,tis,7.244853104646636e-05
2,0.2,400,46,uniform,0.0003104745161338988
2,0.2,400,47,complete_rollout,8.780569399071249e-06
2,0.2,400,47,tis,6.096208071338448e-05
2,0.2,400,47,uniform,0.00032170844534679707
2,0.2,400,48,complete_rollout,3.5758960611082673e-06
2,0.2,400,48,tis,7.139356208807056e-05
2,0.2,400,48,uniform,0.00014123445485862926
2,0.2,400,49,complete_rollout,7.942218242107747e-06
2,0.2,400,49,tis,2.1393174658213914e-05
2,0.2,400,49,uniform,0.0004428918326319888
2,0.2,400,50,complete_rollout,6.343458472080619e-06
2,0.2,400,50,tis,3.460555791079982e-05
2,0.2,400,50,uniform,0.0005793306812487248
2,0.2,400,51,complete_rollout,7.587469053061039e-06
2,0.2,400,51,tis,5.490885244718113e-05
2,0.2,400,51,uniform,0.00017388328721457282
2,0.2,400,52,complete_rollout,3.796899333894574e-05
2,0.2,400,52,tis,1.8746243469291328e-05
2,0.2,400,52,uniform,0.0009279623323495829
2,0.2,400,53,complete_rollout,1.0300852848701868e-05
2,0.2,400,53,tis,0.00014529499807730252
2,0.2,400,53,uniform,0.00016481225449324995
2,0.2,400,54,complete_rollout,4.027312865563466e-06
2,0.2,400,54,tis,4.256856185454669e-05
2,0.2,400,54,uniform,0.00020924408019575542
2,0.2,400,55,complete_rollout,1.4989127916577706e-05
2,0.2,400,55,tis,1.8056642476797642e-05
2,0.2,400,55,uniform,0.0005834677202795668
2,0.2,400,56,complete_rollout,5.3778325056966745e-06
2,0.2,400,56,tis,5.6190071009067416e-05
2,0.2,400,56,uniform,0.0003079820575359739
2,0.2,400,57,complete_rollout,4.918079897891106e-06
2,0.2,400,57,tis,1.5719878576123078e-05
2,0.2,400,57,uniform,0.0004401873452979184
2,0.2,400,58,complete_rollout,6.462246380559175e-06
2,0.2,400,58,tis,4.254173253818324e-05
2,0.2,400,58,uniform,0.0002170306403760145
2,0.2,400,59,complete_rollout,4.88301259398509e-06
2,0.2,400,59,tis,5.7799258055647726e-05
2,0.2,400,59,uniform,0.00017665331125235498
2,0.2,400,60,complete_rollout,4.192250171118473e-06
2,0.2,400,60,tis,1.109160258569313e-05
2,0.2,400,60,uniform,0.0002965897905084171
2,0.2,400,61,complete_rollout,6.327445146788148e-06
2,0.2,400,61,tis,1.0985883439049553e-05
2,0.2,400,61,uniform,8.944531013224311e-05
2,0.2,400,62,complete_rollout,4.0381178327471e-06
2,0.2,400,62,tis,5.613231484362342e-05
2,0.2,400,62,uniform,0.00021912161007557008
2,0.2,400,63,complete_rollout,8.967487091136426e-06
2,0.2,400,63,tis,2.5350823233336344e-05
2,0.2,400,63,uniform,0.00044003743820381926
2,0.2,400,64,complete_rollout,3.834258545422771e-06
2,0.2,400,64,tis,3.690155838863126e-05
2,0.2,400,64,uniform,0.00042603649664283116
2,0.2,400,65,complete_rollout,1.4166687641750202e-05
2,0.2,400,65,tis,4.939353620658882e-05
2,0.2,400,65,uniform,0.00038933045054794765
2,0.2,400,66,complete_rollout,9.833700136457115e-06
2,0.2,400,66,tis,2.9939189762343567e-05
2,0.2,400,66,uniform,0.00016258867189157967
2,0.2,400,67,complete_rollout,1.1730528448918184e-05
2,0.2,400,67,tis,3.060277901854476e-05
2,0.2,400,67,uniform,0.00037756627080099667
2,0.2,400,68,complete_rollout,1.2472815804357062e-05
2,0.2,400,68,tis,9.105714960982223e-06
2,0.2,400,68,uniform,0.00022224732874279654
2,0.2,400,69,complete_rollout,4.734063270529069e-06
2,0.2,400,69,tis,1.6461999768992325e-05
2,0.2,400,69,uniform,0.00021454458904934418
2,0.2,400,70,complete_rollout,7.345893333882766e-06
2,0.2,400,70,tis,1.0140928794707964e-05
2,0.2,400,70,uniform,0.0007778499905027052
2,0.2,400,71,complete_rollout,1.8152806905901944e-05
2,0.2,400,71,tis,1.6585533589593644e-05
2,0.2,400,71,uniform,0.00033986819296577726
2,0.2,400,72,complete_rollout,6.447072364491915e-06
2,0.2,400,72,tis,2.1935621618290332e-05
2,0.2,400,72,uniform,0.00017784071294669053
2,0.2,400,73,complete_rollout,4.458146359015774e-06
2,0.2,400,73,tis,6.924015754402329e-05
2,0.2,400,73,uniform,0.00030136442380586457
2,0.2,400,74,complete_rollout,1.2605588685010107e-05
2,0.2,400,74,tis,9.564193596907716e-05
2,0.2,400,74,uniform,0.00018917160200011154
2,0.2,400,75,complete_rollout,2.794075004682074e-06
2,0.2,400,75,tis,6.374144953102792e-05
2,0.2,400,75,uniform,0.00037453735376612364
2,0.2,400,76,complete_rollout,6.075736445029637e-06
2,0.2,400,76,tis,1.1346688742626328e-05
2,0.2,400,76,uniform,0.00013926710612362334
2,0.2,400,77,complete_rollout,1.9038386533128363e-05
2,0.2,400,77,tis,8.53677028799169e-06
2,0.2,400,77,uniform,0.0002361124429036034
2,0.2,400,78,complete_rollout,5.1937808730195424e-06
2,0.2,400,78,tis,2.571367864719544e-05
2,0.2,400,78,uniform,0.0006985101301229037
2,0.2,400,79,complete_rollout,5.151431815830719e-06
2,0.2,400,79,tis,5.067758679174395e-05
2,0.2,400,79,uniform,0.00029177334384838775
2,0.2,400,80,complete_rollout,1.7439336713579595e-06
2,0.2,400,80,tis,0.00015033589017397384
2,0.2,400,80,uniform,0.0003055712663061145
2,0.2,400,81,complete_rollout,4.579603530061991e-06
2,0.2,400,81,tis,8.512363631907964e-05
2,0.2,400,81,uniform,0.00019314209813874508
2,0.2,400,82,complete_rollout,1.2100434939532128e-05
2,0.2,400,82,tis,4.8158548352469635e-05
2,0.2,400,82,uniform,0.00022835148100826586
2,0.2,400,83,complete_rollout,1.8156953914193364e-05
2,0.2,400,83,tis,6.602846139271132e-05
2,0.2,400,83,uniform,0.0003794735521398968
2,0.2,400,84,complete_rollout,2.2897722284905264e-05
2,0.2,400,84,tis,8.412281962281797e-05
2,0.2,400,84,uniform,0.00037513821364810454
2,0.2,400,85,complete_rollout,9.392501375797397e-06
2,0.2,400,85,tis,1.6086527488900864e-05
2,0.2,400,85,uniform,0.0005663598181734982
2,0.2,400,86,complete_rollout,5.156943473667354e-06
2,0.2,400,86,tis,8.419957467788987e-05
2,0.2,400,86,uniform,0.0007542108140950267
2,0.2,400,87,complete_rollout,2.1453290333749476e-05
2,0.2,400,87,tis,2.5480957585132123e-05
2,0.2,400,87,uniform,0.0003960607568806216
2,0.2,400,88,complete_rollout,6.9313069931915975e-06
2,0.2,400,88,tis,5.2797849296139265e-05
2,0.2,400,88,uniform,0.00031701089675281887
2,0.2,400,89,complete_rollout,7.610823019946627e-06
2,0.2,400,89,tis,9.658035111229472e-06
2,0.2,400,89,uniform,0.00028636088999249565
2,0.2,400,90,complete_rollout,3.9997736866379546e-06
2,0.2,400,90,tis,0.00010938396929084941
2,0.2,400,90,uniform,0.00021811005942035366
2,0.2,400,91,complete_rollout,7.398069598656386e-06
2,0.2,400,91,tis,6.121833462242188e-05
2,0.2,400,91,uniform,0.0004078806881149581
2,0.2,400,92,complete_rollout,1.2749493145047167e-05
2,0.2,400,92,tis,5.574395812297638e-05
2,0.2,400,92,uniform,0.0005356833989503235
2,0.2,400,93,complete_rollout,6.042917054439578e-06
2,0.2,400,93,tis,0.00015712046725315374
2,0.2,400,93,uniform,0.0001681562278912178
2,0.2,400,94,complete_rollout,1.5866980591166443e-05
2,0.2,400,94,tis,4.452166000628485e-05
2,0.2,400,94,uniform,0.0002653000238629577
2,0.2,400,95,complete_rollout,4.00182546494773e-06
2,0.2,400,95,tis,1.8478050552046034e-05
2,0.2,400,95,uniform,8.492181264360659e-05
2,0.2,400,96,complete_rollout,2.1496901118200797e-06
2,0.2,400,96,tis,4.210129719957305e-05
2,0.2,400,96,uniform,0.0007581021124851503
2,0.2,400,97,complete_rollout,1.088338319937943e-05
2,0.2,400,97,tis,2.7569936100521357e-05
2,0.2,400,97,uniform,0.000147513029861254
2,0.2,400,98,complete_rollout,7.623852903968385e-06
2,0.2,400,98,tis,4.2154343319619685e-05
2,0.2,400,98,uniform,0.00018259248544950492
2,0.2,400,99,complete_rollout,2.9338209533740187e-06
2,0.2,400,99,tis,3.440476615028062e-05
2,0.2,400,99,uniform,0.0005763661050711607
2,0.2,400,100,complete_rollout,3.6762652317240057e-06
2,0.2,400,100,tis,1.5333893795236947e-05
2,0.2,400,100,uniform,0.00017711759294927837
2,0.2,400,101,complete_rollout,9.61885245404524e-06
2,0.2,400,101,tis,4.491696599687213e-05
2,0.2,400,101,uniform,0.00017569171574180817
2,0.2,400,102,complete_rollout,7.983279867081864e-06
2,0.2,400,102,tis,6.424757233279431e-05
2,0.2,400,102,uniform,8.279419900192377e-05
2,0.2,400,103,complete_rollout,5.937552751142873e-06
2,0.2,400,103,tis,1.5164012407948583e-05
2,0.2,400,103,uniform,0.00022447850033982964
2,0.2,400,104,complete_rollout,4.974050133473137e-06
2,0.2,400,104,tis,4.902813630957502e-05
2,0.2,400,104,uniform,0.00043286296106468183
2,0.2,400,105,complete_rollout,3.047483288064362e-06
2,0.2,400,105,tis,7.128855831269985e-05
2,0.2,400,105,uniform,0.0002084719762599921
2,0.2,400,106,complete_rollout,7.64632390948771e-06
2,0.2,400,106,tis,1.3248355945668837e-05
2,0.2,400,106,uniform,0.00013291893817072016
2,0.2,400,107,complete_rollout,8.259910257776306e-06
2,0.2,400,107,tis,4.6712742056149684e-05
2,0.2,400,107,uniform,0.00020282621166950408
2,0.2,400,108,complete_rollout,1.1170535774501358e-05
2,0.2,400,108,tis,6.197042212965423e-05
2,0.2,400,108,uniform,0.00028057649101829486
2,0.2,400,109,complete_rollout,1.5851649568494684e-05
2,0.2,400,109,tis,6.780169460565772e-05
2,0.2,400,109,uniform,0.00021710652092253268
2,0.2,400,110,complete_rollout,3.4585143245004523e-06
2,0.2,400,110,tis,4.399312627882996e-05
2,0.2,400,110,uniform,0.00019511681925302833
2,0.2,400,111,complete_rollout,6.88439854890978e-06
2,0.2,400,111,tis,1.568236726902303e-05
2,0.2,400,111,uniform,0.00014666467360311783
2,0.2,400,112,complete_rollout,6.330645555930067e-06
2,0.2,400,112,tis,3.429183406788028e-05
2,0.2,400,112,uniform,0.00018414210625654175
2,0.2,400,113,complete_rollout,3.3782475320994905e-06
2,0.2,400,113,tis,3.5444347006348055e-05
2,0.2,400,113,uniform,0.00030796775578323973
2,0.2,400,114,complete_rollout,1.0038948182233202e-05
2,0.2,400,114,tis,4.1931999993657686e-05
2,0.2,400,114,uniform,0.0002584153506497776
2,0.2,400,115,complete_rollout,1.287672545572102e-05
2,0.2,400,115,tis,2.597680528340566e-05
2,0.2,400,115,uniform,0.0005271901164157568
2,0.2,400,116,complete_rollout,1.2159958236393159e-05
2,0.2,400,116,tis,1.4362446055992207e-05
2,0.2,400,116,uniform,0.00030887848334869007
2,0.2,400,117,complete_rollout,9.623216410106052e-06
2,0.2,400,117,tis,3.065032111482955e-05
2,0.2,400,117,uniform,0.00027730784124688814
2,0.2,400,118,complete_rollout,9.214544229385241e-06
2,0.2,400,118,tis,0.00011100952841404865
2,0.2,400,118,uniform,0.0002139679972448476
2,0.2,400,119,complete_rollout,2.5740544450452998e-05
2,0.2,400,119,tis,0.00022969907069944384
2,0.2,400,119,uniform,0.0003532768697824426
2,0.2,400,120,complete_rollout,2.491169065278627e-05
2,0.2,400,120,tis,3.8818136615436e-05
2,0.2,400,120,uniform,0.00017927784983433776
2,0.2,400,121,complete_rollout,4.74205989353837e-06
2,0.2,400,121,tis,7.147649513499808e-05
2,0.2,400,121,uniform,0.0004957190016236396
2,0.2,400,122,complete_rollout,7.136021568993198e-06
2,0.2,400,122,tis,1.7821813130642464e-05
2,0.2,400,122,uniform,0.0001747693510881495
2,0.2,400,123,complete_rollout,7.586097011919546e-06
2,0.2,400,123,tis,8.016022186911226e-06
2,0.2,400,123,uniform,0.00016327998298068533
2,0.2,400,124,complete_rollout,4.261962055507629e-06
2,0.2,400,124,tis,3.327453807991377e-05
2,0.2,400,124,uniform,0.00020467828960180908
2,0.2,400,125,complete_rollout,1.2803604356604665e-05
2,0.2,400,125,tis,1.1707627967478003e-05
2,0.2,400,125,uniform,0.0002875994270780338
2,0.2,400,126,complete_rollout,8.986066913526877e-06
2,0.2,400,126,tis,2.983436611225947e-05
2,0.2,400,126,uniform,0.00014935729936007766
2,0.2,400,127,complete_rollout,4.042089831151235e-06
2,0.2,400,127,tis,0.00012466943719705587
2,0.2,400,127,uniform,0.00012417170839580508
2,0.2,400,128,complete_rollout,6.122937980384561e-06
2,0.2,400,128,tis,9.143540640660958e-06
2,0.2,400,128,uniform,0.0003157374096835798
2,0.2,400,129,complete_rollout,6.2174255018401e-06
2,0.2,400,129,tis,6.308051836619754e-05
2,0.2,400,129,uniform,0.0004038452949996579
2,0.2,400,130,complete_rollout,6.718647992494211e-06
2,0.2,400,130,tis,2.035502303471478e-05
2,0.2,400,130,uniform,0.0011378214548941274
2,0.2,400,131,complete_rollout,1.4499664562824744e-06
2,0.2,400,131,tis,2.236958055254008e-05
2,0.2,400,131,uniform,0.0010042940427568002
2,0.2,400,132,complete_rollout,2.3989984114033635e-06
2,0.2,400,132,tis,5.3975521965117474e-05
2,0.2,400,132,uniform,0.0007742432020787634
2,0.2,400,133,complete_rollout,8.51981278967227e-06
2,0.2,400,133,tis,3.6245474504285306e-05
2,0.2,400,133,uniform,0.00020332177087152922
2,0.2,400,134,complete_rollout,3.0465871588023024e-06
2,0.2,400,134,tis,5.292008786515525e-05
2,0.2,400,134,uniform,0.00015523175415374667
2,0.2,400,135,complete_rollout,3.787491682293846e-05
2,0.2,400,135,tis,9.13018007659414e-05
2,0.2,400,135,uniform,0.0002598280808953424
2,0.2,400,136,complete_rollout,5.057398052398812e-06
2,0.2,400,136,tis,9.279789285153466e-05
2,0.2,400,136,uniform,0.00026316477908263887
2,0.2,400,137,complete_rollout,7.321239411252927e-06
2,0.2,400,137,tis,3.1287677752055806e-05
2,0.2,400,137,uniform,0.0004041001100153668
2,0.2,400,138,complete_rollout,1.1240408787681639e-05
2,0.2,400,138,tis,5.033378373676843e-05
2,0.2,400,138,uniform,0.00020388841823539035
2,0.2,400,139,complete_rollout,3.338009005154937e-06
2,0.2,400,139,tis,5.401064451076083e-05
2,0.2,400,139,uniform,0.00021392932442531508
2,0.2,400,140,complete_rollout,4.497311044869667e-06
2,0.2,400,140,tis,2.3383187535666425e-05
2,0.2,400,140,uniform,0.00042749411449229
2,0.2,400,141,complete_rollout,1.527819347400868e-05
2,0.2,400,141,tis,3.9315422710945917e-05
2,0.2,400,141,uniform,0.0005974685810830016
2,0.2,400,142,complete_rollout,9.41389679876843e-06
2,0.2,400,142,tis,5.6049167971231845e-05
2,0.2,400,142,uniform,0.0008210679963572072
2,0.2,400,143,complete_rollout,5.7266506618982024e-06
2,0.2,400,143,tis,9.179931354159637e-06
2,0.2,400,143,uniform,0.0014517460284629634
2,0.2,400,144,complete_rollout,4.493076856263577e-06
2,0.2,400,144,tis,2.8230143329632348e-05
2,0.2,400,144,uniform,0.00018795974885977654
2,0.2,400,145,complete_rollout,5.405508656158138e-06
2,0.2,400,145,tis,5.83524866204818e-05
2,0.2,400,145,uniform,0.0005898415490697442
2,0.2,400,146,complete_rollout,3.9213478940633635e-06
2,0.2,400,146,tis,0.00017252752137459813
2,0.2,400,146,uniform,0.0004052406367475742
2,0.2,400,147,complete_rollout,3.921524685478321e-06
2,0.2,400,147,tis,1.7485378843000366e-05
2,0.2,400,147,uniform,0.0001812096170330885
2,0.2,400,148,complete_rollout,4.576822365482996e-06
2,0.2,400,148,tis,3.285831336146652e-05
2,0.2,400,148,uniform,0.00014811091798506412
2,0.2,400,149,complete_rollout,5.114842091801281e-06
2,0.2,400,149,tis,8.886945974809197e-05
2,0.2,400,149,uniform,0.00033141378114637357
2,0.2,400,150,complete_rollout,9.156096965429245e-06
2,0.2,400,150,tis,2.0735260441354034e-05
2,0.2,400,150,uniform,0.00027547016786841106
2,0.2,400,151,complete_rollout,6.829597165233571e-06
2,0.2,400,151,tis,3.419639936731093e-05
2,0.2,400,151,uniform,0.0005953618244321646
2,0.2,400,152,complete_rollout,7.033963125665019e-06
2,0.2,400,152,tis,1.7781514080886436e-05
2,0.2,400,152,uniform,0.0002261920597108933
2,0.2,400,153,complete_rollout,8.381837100622066e-06
2,0.2,400,153,tis,1.9091024053891502e-05
2,0.2,400,153,uniform,0.0004150990893370978
2,0.2,400,154,complete_rollout,7.426845660203309e-06
2,0.2,400,154,tis,0.00018181752853706798
2,0.2,400,154,uniform,0.00020012094350221787
2,0.2,400,155,complete_rollout,5.33068888188092e-06
2,0.2,400,155,tis,1.3691417632362868e-05
2,0.2,400,155,uniform,0.00018381486794289946
2,0.2,400,156,complete_rollout,2.4201575832832543e-06
2,0.2,400,156,tis,0.00034068247653085815
2,0.2,400,156,uniform,0.0008662649866698856
2,0.2,400,157,complete_rollout,1.3568811736365345e-05
2,0.2,400,157,tis,2.2507801298690296e-05
2,0.2,400,157,uniform,0.00027184652123694733
2,0.2,400,158,complete_rollout,5.393700580164095e-06
2,0.2,400,158,tis,2.416325374877246e-05
2,0.2,400,158,uniform,0.00014509851593072867
2,0.2,400,159,complete_rollout,9.212869238450454e-06
2,0.2,400,159,tis,0.00032001659173326515
2,0.2,400,159,uniform,0.0004619541393625042
2,0.2,400,160,complete_rollout,3.02411613386508e-06
2,0.2,400,160,tis,6.492651138118836e-06
2,0.2,400,160,uniform,0.0001892879410793394
2,0.2,400,161,complete_rollout,9.181479713956673e-06
2,0.2,400,161,tis,1.3657460499151611e-05
2,0.2,400,161,uniform,0.00026440950385152876
2,0.2,400,162,complete_rollout,5.124300019962189e-06
2,0.2,400,162,tis,0.0006466937393090717
2,0.2,400,162,uniform,0.0004117862183139497
2,0.2,400,163,complete_rollout,5.064138174995599e-06
2,0.2,400,163,tis,1.3431189469001836e-05
2,0.2,400,163,uniform,0.0003240928419739958
2,0.2,400,164,complete_rollout,1.4936222939460555e-05
2,0.2,400,164,tis,2.5091461883787884e-05
2,0.2,400,164,uniform,0.00019895518680222466
2,0.2,400,165,complete_rollout,7.0354278842490035e-06
2,0.2,400,165,tis,2.5109296310393746e-05
2,0.2,400,165,uniform,0.0006912287770548365
2,0.2,400,166,complete_rollout,2.828565987663126e-06
2,0.2,400,166,tis,3.613970772407858e-05
2,0.2,400,166,uniform,0.00030192323507733407
2,0.2,400,167,complete_rollout,4.670168257131494e-06
2,0.2,400,167,tis,6.626211960932121e-05
2,0.2,400,167,uniform,0.00026338079774253107
2,0.2,400,168,complete_rollout,4.01536004652694e-06
2,0.2,400,168,tis,0.00032554485038870155
2,0.2,400,168,uniform,0.0005971125443339502
2,0.2,400,169,complete_rollout,6.954754102538745e-06
2,0.2,400,169,tis,3.3034978594775996e-05
2,0.2,400,169,uniform,0.0006707104039907005
2,0.2,400,170,complete_rollout,4.605937329774137e-06
2,0.2,400,170,tis,1.8729076634459815e-05
2,0.2,400,170,uniform,0.0001593857310459454
2,0.2,400,171,complete_rollout,4.982765997243338e-06
2,0.2,400,171,tis,4.345011845171592e-05
2,0.2,400,171,uniform,0.0006896929842349517
2,0.2,400,172,complete_rollout,3.5779251356044866e-06
2,0.2,400,172,tis,7.68432186191672e-06
2,0.2,400,172,uniform,0.0002593428709384291
2,0.2,400,173,complete_rollout,3.917916297282923e-06
2,0.2,400,173,tis,1.8401453544588464e-05
2,0.2,400,173,uniform,0.0008170882353500131
2,0.2,400,174,complete_rollout,3.387487929235779e-06
2,0.2,400,174,tis,1.1760093892412646e-05
2,0.2,400,174,uniform,0.0002887456077845271
2,0.2,400,175,complete_rollout,4.750299405783019e-06
2,0.2,400,175,tis,9.047550401007769e-06
2,0.2,400,175,uniform,0.00016782865135868635
2,0.2,400,176,complete_rollout,1.6804893855730037e-05
2,0.2,400,176,tis,3.260843718933405e-05
2,0.2,400,176,uniform,0.0006208774353083204
2,0.2,400,177,complete_rollout,2.7793179233891573e-05
2,0.2,400,177,tis,0.00011294355089790308
2,0.2,400,177,uniform,0.00018400570189613914
2,0.2,400,178,complete_rollout,8.47548203135344e-06
2,0.2,400,178,tis,1.8480276153603903e-05
2,0.2,400,178,uniform,0.0007642512914036756
2,0.2,400,179,complete_rollout,2.57250998475824e-05
2,0.2,400,179,tis,4.068903043334416e-05
2,0.2,400,179,uniform,0.000307334186976464
2,0.2,400,180,complete_rollout,5.397587710195969e-06
2,0.2,400,180,tis,2.6031938899160813e-05
2,0.2,400,180,uniform,9.089051836940405e-05
2,0.2,400,181,complete_rollout,6.87736570304733e-06
2,0.2,400,181,tis,4.260462089060646e-05
2,0.2,400,181,uniform,0.00022347294019550956
2,0.2,400,182,complete_rollout,2.8722917249149354e-06
2,0.2,400,182,tis,2.8648140826121266e-05
2,0.2,400,182,uniform,0.0004376541882621797
2,0.2,400,183,complete_rollout,1.0937893638592843e-05
2,0.2,400,183,tis,3.585045116501271e-05
2,0.2,400,183,uniform,0.00021512174002504607
2,0.2,400,184,complete_rollout,2.597109867631509e-05
2,0.2,400,184,tis,1.4140523083937745e-05
2,0.2,400,184,uniform,0.00014321574804756218
2,0.2,400,185,complete_rollout,6.16824108794819e-06
2,0.2,400,185,tis,2.10832024211433e-05
2,0.2,400,185,uniform,0.00027747882372881135
2,0.2,400,186,complete_rollout,6.712225771164867e-06
2,0.2,400,186,tis,5.561025520402058e-05
2,0.2,400,186,uniform,0.00025864890079716526
2,0.2,400,187,complete_rollout,5.65385533875769e-06
2,0.2,400,187,tis,0.00010020170628980098
2,0.2,400,187,uniform,0.00026507593909974836
2,0.2,400,188,complete_rollout,8.553594869166439e-06
2,0.2,400,188,tis,1.0357871033095399e-05
2,0.2,400,188,uniform,0.00038208671082805534
2,0.2,400,189,complete_rollout,1.6941323421818555e-05
2,0.2,400,189,tis,0.0001319309555266009
2,0.2,400,189,uniform,0.0001446163771956348
2,0.2,400,190,complete_rollout,4.1989566703287955e-05
2,0.2,400,190,tis,4.05364904078555e-05
2,0.2,400,190,uniform,0.0002995859926716908
2,0.2,400,191,complete_rollout,5.233402734793606e-06
2,0.2,400,191,tis,2.369158735113874e-05
2,0.2,400,191,uniform,0.0005473881079776004
2,0.2,400,192,complete_rollout,1.1729881741511996e-05
2,0.2,400,192,tis,7.979257104437608e-06
2,0.2,400,192,uniform,0.00010292869403156914
2,0.2,400,193,complete_rollout,8.530424814975913e-06
2,0.2,400,193,tis,3.7005493867097414e-05
2,0.2,400,193,uniform,7.652012108973841e-05
2,0.2,400,194,complete_rollout,4.449071875148275e-06
2,0.2,400,194,tis,0.00011647975764762393
2,0.2,400,194,uniform,0.0002445770597239314
2,0.2,400,195,complete_rollout,6.103037624766526e-06
2,0.2,400,195,tis,3.8232457489821636e-05
2,0.2,400,195,uniform,0.00043267341087318325
2,0.2,400,196,complete_rollout,5.234877571274033e-06
2,0.2,400,196,tis,9.039524129485029e-05
2,0.2,400,196,uniform,0.00021248880429820805
2,0.2,400,197,complete_rollout,8.129715244362797e-06
2,0.2,400,197,tis,2.2923921397223548e-05
2,0.2,400,197,uniform,0.0003739188189678276
2,0.2,400,198,complete_rollout,3.4462826564074425e-06
2,0.2,400,198,tis,1.085905934066204e-05
2,0.2,400,198,uniform,0.00044539596898676703
2,0.2,400,199,complete_rollout,5.631793010020698e-06
2,0.2,400,199,tis,4.0418201128816704e-05
2,0.2,400,199,uniform,0.0001740112217977782
2,0.2,400,200,complete_rollout,4.88522499833792e-06
2,0.2,400,200,tis,4.513465613398456e-05
2,0.2,400,200,uniform,0.00016049749494939636
2,0.2,400,201,complete_rollout,7.559086948659464e-06
2,0.2,400,201,tis,7.700047004501741e-05
2,0.2,400,201,uniform,0.00014435608277323496
2,0.2,400,202,complete_rollout,1.96408925277783e-05
2,0.2,400,202,tis,1.6357250157252886e-05
2,0.2,400,202,uniform,0.0004302498423583502
2,0.2,400,203,complete_rollout,6.2890057868866325e-06
2,0.2,400,203,tis,1.135970926680286e-05
2,0.2,400,203,uniform,0.00045489948884414494
2,0.2,400,204,complete_rollout,1.2730223529788803e-05
2,0.2,400,204,tis,4.129291565731764e-05
2,0.2,400,204,uniform,0.0005326725206137534
2,0.2,400,205,complete_rollout,1.133268639257098e-05
2,0.2,400,205,tis,1.8991235447083872e-05
2,0.2,400,205,uniform,0.00016293102707297513
2,0.2,400,206,complete_rollout,4.577558769474373e-06
2,0.2,400,206,tis,1.5186595402730234e-05
2,0.2,400,206,uniform,0.0004469007303620239
2,0.2,400,207,complete_rollout,6.458226792679988e-06
2,0.2,400,207,tis,1.3474180540156967e-05
2,0.2,400,207,uniform,0.0003143678408830701
2,0.2,400,208,complete_rollout,9.208951636075496e-06
2,0.2,400,208,tis,5.612576083787415e-05
2,0.2,400,208,uniform,0.00036628474954069224
2,0.2,400,209,complete_rollout,5.026722523887007e-06
2,0.2,400,209,tis,6.049324203422166e-05
2,0.2,400,209,uniform,0.00013053275495348212
2,0.2,400,210,complete_rollout,1.2773042211635396e-05
2,0.2,400,210,tis,1.0331954328375217e-05
2,0.2,400,210,uniform,0.00050678337279598
2,0.2,400,211,complete_rollout,1.4528774288581597e-05
2,0.2,400,211,tis,1.1166635863215666e-05
2,0.2,400,211,uniform,0.0004402773605746393
2,0.2,400,212,complete_rollout,5.938048680059044e-06
2,0.2,400,212,tis,1.2465557832244164e-05
2,0.2,400,212,uniform,0.0002623867841823144
2,0.2,400,213,complete_rollout,2.473677853677237e-06
2,0.2,400,213,tis,0.0006178938046262757
2,0.2,400,213,uniform,0.00042922156999994983
2,0.2,400,214,complete_rollout,5.625355925343201e-06
2,0.2,400,214,tis,4.265632700035553e-05
2,0.2,400,214,uniform,0.0005776713972104939
2,0.2,400,215,complete_rollout,6.62203933661203e-06
2,0.2,400,215,tis,1.367885340876823e-05
2,0.2,400,215,uniform,0.00021351439680859083
2,0.2,400,216,complete_rollout,2.0058393605089646e-05
2,0.2,400,216,tis,2.8515516264345724e-05
2,0.2,400,216,uniform,0.0002188293414306221
2,0.2,400,217,complete_rollout,8.766229628525435e-06
2,0.2,400,217,tis,0.00010592281203814272
2,0.2,400,217,uniform,0.00015216378328077306
2,0.2,400,218,complete_rollout,1.718334102823659e-05
2,0.2,400,218,tis,5.303236502011212e-05
2,0.2,400,218,uniform,0.00016737046216232677
2,0.2,400,219,complete_rollout,6.588116202863063e-06
2,0.2,400,219,tis,0.00027497310007517566
2,0.2,400,219,uniform,0.0007652474218118157
2,0.2,400,220,complete_rollout,3.7962408897135932e-06
2,0.2,400,220,tis,0.0006547699765716505
2,0.2,400,220,uniform,0.00023909192246256812
2,0.2,400,221,complete_rollout,1.0511868416394173e-05
2,0.2,400,221,tis,0.00017929727175457525
2,0.2,400,221,uniform,0.00018354233773504314
2,0.2,400,222,complete_rollout,1.613212232182425e-05
2,0.2,400,222,tis,1.79364315111554e-05
2,0.2,400,222,uniform,0.0002098678276410054
2,0.2,400,223,complete_rollout,7.991253602434675e-06
2,0.2,400,223,tis,3.720573278459702e-05
2,0.2,400,223,uniform,0.00033199314510316754
2,0.2,400,224,complete_rollout,1.0744528101130203e-05
2,0.2,400,224,tis,6.742255072461109e-06
2,0.2,400,224,uniform,0.00018568088297973577
2,0.2,400,225,complete_rollout,5.5910501842614455e-06
2,0.2,400,225,tis,2.5353489120425822e-05
2,0.2,400,225,uniform,0.00010800887896421287
2,0.2,400,226,complete_rollout,6.704006339418948e-06
2,0.2,400,226,tis,4.279186231742253e-05
2,0.2,400,226,uniform,0.00021696202739968293
2,0.2,400,227,complete_rollout,2.0970164708010927e-05
2,0.2,400,227,tis,1.6575966654502743e-05
2,0.2,400,227,uniform,0.00015490588263166052
2,0.2,400,228,complete_rollout,9.859678455309206e-06
2,0.2,400,228,tis,1.2806217643070811e-05
2,0.2,400,228,uniform,0.00014758010924329827
2,0.2,400,229,complete_rollout,4.1815716264910615e-06
2,0.2,400,229,tis,4.351750192424157e-05
2,0.2,400,229,uniform,0.0001119132093117998
2,0.2,400,230,complete_rollout,3.050012221169072e-05
2,0.2,400,230,tis,2.4620526528221886e-05
2,0.2,400,230,uniform,0.0002473258387053618
2,0.2,400,231,complete_rollout,4.972209290004731e-06
2,0.2,400,231,tis,6.89675551278805e-05
2,0.2,400,231,uniform,0.0002062854874509878
2,0.2,400,232,complete_rollout,8.257890943952417e-06
2,0.2,400,232,tis,6.71992976057928e-05
2,0.2,400,232,uniform,0.00016330302022298074
2,0.2,400,233,complete_rollout,2.8316002495534357e-06
2,0.2,400,233,tis,2.485994192113625e-05
2,0.2,400,233,uniform,0.00012697589792386293
2,0.2,400,234,complete_rollout,3.5951044082918075e-06
2,0.2,400,234,tis,1.7956610575541785e-05
2,0.2,400,234,uniform,0.00011431415296185411
2,0.2,400,235,complete_rollout,8.000936743285977e-06
2,0.2,400,235,tis,6.458873752738335e-05
2,0.2,400,235,uniform,0.00014849512203170815
2,0.2,400,236,complete_rollout,9.600943716216795e-06
2,0.2,400,236,tis,1.9890913908895685e-05
2,0.2,400,236,uniform,0.0004998667188480304
2,0.2,400,237,complete_rollout,5.155551815245534e-06
2,0.2,400,237,tis,2.3681410015507283e-05
2,0.2,400,237,uniform,0.00017022131844412087
2,0.2,400,238,complete_rollout,6.530018729887328e-06
2,0.2,400,238,tis,3.0480493745136515e-05
2,0.2,400,238,uniform,0.0004735747377441286
2,0.2,400,239,complete_rollout,1.1556777825032808e-05
2,0.2,400,239,tis,0.0007715163933225473
2,0.2,400,239,uniform,0.00021616152360697536
2,0.2,400,240,complete_rollout,3.8742829723584855e-06
2,0.2,400,240,tis,0.00016007021101850313
2,0.2,400,240,uniform,0.0006883918604841949
2,0.2,400,241,complete_rollout,4.527794041719869e-06
2,0.2,400,241,tis,1.3795010862091443e-05
2,0.2,400,241,uniform,0.0005445070960342449
2,0.2,400,242,complete_rollout,1.0097882559788885e-05
2,0.2,400,242,tis,3.509992549598129e-05
2,0.2,400,242,uniform,0.00018689434049317852
2,0.2,400,243,complete_rollout,2.7773143637412535e-06
2,0.2,400,243,tis,3.3407321491644084e-05
2,0.2,400,243,uniform,0.0003360499450972193
2,0.2,400,244,complete_rollout,4.642629257178022e-06
2,0.2,400,244,tis,7.351840036854299e-05
2,0.2,400,244,uniform,0.00036237676141041787
2,0.2,400,245,complete_rollout,5.9346924260626995e-06
2,0.2,400,245,tis,0.0001370184665354045
2,0.2,400,245,uniform,0.0004138155276797814
2,0.2,400,246,complete_rollout,7.088613907198388e-06
2,0.2,400,246,tis,3.0041598559650523e-05
2,0.2,400,246,uniform,0.0005403310460475182
2,0.2,400,247,complete_rollout,8.680551930213418e-06
2,0.2,400,247,tis,8.119224956947928e-05
2,0.2,400,247,uniform,0.0004529180257874883
2,0.2,400,248,complete_rollout,1.3010301973045847e-05
2,0.2,400,248,tis,2.8243295914407622e-05
2,0.2,400,248,uniform,0.00027137822482451216
2,0.2,400,249,complete_rollout,7.297386614521869e-06
2,0.2,400,249,tis,1.4963164595868424e-05
2,0.2,400,249,uniform,0.0001630935367597071
2,0.2,400,250,complete_rollout,3.021925951753456e-05
2,0.2,400,250,tis,6.588125143165111e-05
2,0.2,400,250,uniform,0.0002894599851814161
2,0.2,400,251,complete_rollout,3.615551809232016e-05
2,0.2,400,251,tis,1.1562990231993092e-05
2,0.2,400,251,uniform,0.0005348550893689599
2,0.2,400,252,complete_rollout,8.685117234841303e-06
2,0.2,400,252,tis,3.4338665026901686e-05
2,0.2,400,252,uniform,0.00023997214356935337
2,0.2,400,253,complete_rollout,4.002657144234175e-06
2,0.2,400,253,tis,4.9037587291383356e-05
2,0.2,400,253,uniform,0.00017775016534362164
2,0.2,400,254,complete_rollout,3.637208764948671e-06
2,0.2,400,254,tis,1.979738555146648e-05
2,0.2,400,254,uniform,9.717599667887825e-05
2,0.2,400,255,complete_rollout,1.0780511314801407e-05
2,0.2,400,255,tis,0.0001371871016925292
2,0.2,400,255,uniform,0.0005017559339634267
2,0.2,400,256,complete_rollout,6.617543255866921e-06
2,0.2,400,256,tis,2.416569820834117e-05
2,0.2,400,256,uniform,0.0003029403045804082
2,0.2,400,257,complete_rollout,2.8686930662094217e-05
2,0.2,400,257,tis,0.00010140106481081383
2,0.2,400,257,uniform,8.964571035957806e-05
2,0.2,400,258,complete_rollout,9.386124606688682e-06
2,0.2,400,258,tis,0.00013862153072224955
2,0.2,400,258,uniform,0.00033729795131410065
2,0.2,400,259,complete_rollout,9.435390874141754e-06
2,0.2,400,259,tis,3.041228329395843e-05
2,0.2,400,259,uniform,0.00023288425763763878
2,0.2,400,260,complete_rollout,4.5360047829005875e-06
2,0.2,400,260,tis,1.344642135991503e-05
2,0.2,400,260,uniform,0.00017218271323170373
2,0.2,400,261,complete_rollout,6.241222676566787e-06
2,0.2,400,261,tis,1.095422624928491e-05
2,0.2,400,261,uniform,0.00017362244264784875
2,0.2,400,262,complete_rollout,5.812319799655251e-06
2,0.2,400,262,tis,0.00011639314106116865
2,0.2,400,262,uniform,0.00023952662541939875
2,0.2,400,263,complete_rollout,6.110733434307194e-06
2,0.2,400,263,tis,1.660530522243874e-05
2,0.2,400,263,uniform,0.00020473387022422877
2,0.2,400,264,complete_rollout,3.2755488489093013e-06
2,0.2,400,264,tis,0.00010281051766095307
2,0.2,400,264,uniform,0.00025684053348041863
2,0.2,400,265,complete_rollout,6.83796004243959e-06
2,0.2,400,265,tis,0.0002966365108267592
2,0.2,400,265,uniform,0.00013211502159217648
2,0.2,400,266,complete_rollout,6.606991521220259e-06
2,0.2,400,266,tis,1.4127584497882964e-05
2,0.2,400,266,uniform,0.0007213079639001226
2,0.2,400,267,complete_rollout,5.950779999388235e-06
2,0.2,400,267,tis,5.968032220587095e-05
2,0.2,400,267,uniform,0.00046065370246025397
2,0.2,400,268,complete_rollout,4.65607824877595e-06
2,0.2,400,268,tis,7.302014168285852e-05
2,0.2,400,268,uniform,0.0002874681087617507
2,0.2,400,269,complete_rollout,9.861109611458064e-06
2,0.2,400,269,tis,4.323945646877607e-05
2,0.2,400,269,uniform,0.0001826449695306675
2,0.2,400,270,complete_rollout,1.791427873273008e-05
2,0.2,400,270,tis,9.405325852262918e-05
2,0.2,400,270,uniform,0.00020147923880014647
2,0.2,400,271,complete_rollout,1.1967211551037907e-05
2,0.2,400,271,tis,1.8901742354033806e-05
2,0.2,400,271,uniform,0.00027240159479933627
2,0.2,400,272,complete_rollout,7.422927001572692e-06
2,0.2,400,272,tis,2.936827664252142e-05
2,0.2,400,272,uniform,0.00018548841291056876
2,0.2,400,273,complete_rollout,4.738858179974369e-06
2,0.2,400,273,tis,0.0002302772548857352
2,0.2,400,273,uniform,0.0009618630367959696
2,0.2,400,274,complete_rollout,1.1378970505860082e-05
2,0.2,400,274,tis,2.181370625303664e-05
2,0.2,400,274,uniform,0.0005755975012887115
2,0.2,400,275,complete_rollout,6.6900369631598206e-06
2,0.2,400,275,tis,5.400774973349009e-05
2,0.2,400,275,uniform,0.0003174972594567291
2,0.2,400,276,complete_rollout,5.431342508325413e-06
2,0.2,400,276,tis,2.5780380015599586e-05
2,0.2,400,276,uniform,0.0005914490310414843
2,0.2,400,277,complete_rollout,3.159559607689291e-06
2,0.2,400,277,tis,2.764745796732804e-05
2,0.2,400,277,uniform,0.00031337295131758734
2,0.2,400,278,complete_rollout,2.717739403789224e-06
2,0.2,400,278,tis,5.763164940937375e-05
2,0.2,400,278,uniform,0.000710035390319694
2,0.2,400,279,complete_rollout,5.329743904484198e-06
2,0.2,400,279,tis,0.00010232104205917428
2,0.2,400,279,uniform,0.0002004551254843336
2,0.2,400,280,complete_rollout,6.505482552274734e-06
2,0.2,400,280,tis,6.0174253015720805e-05
2,0.2,400,280,uniform,0.00021221785399312413
2,0.2,400,281,complete_rollout,1.4098583379915159e-05
2,0.2,400,281,tis,0.00010437785475415727
2,0.2,400,281,uniform,0.00013447847956097778
2,0.2,400,282,complete_rollout,7.50581668433654e-06
2,0.2,400,282,tis,3.727866519443328e-05
2,0.2,400,282,uniform,0.00025941208632239036
2,0.2,400,283,complete_rollout,2.464152663437089e-05
2,0.2,400,283,tis,2.0402749158827556e-05
2,0.2,400,283,uniform,0.0002781080856833655
2,0.2,400,284,complete_rollout,5.258938598135281e-06
2,0.2,400,284,tis,6.161243803658599e-05
2,0.2,400,284,uniform,0.000774191791197038
2,0.2,400,285,complete_rollout,5.293367629632776e-06
2,0.2,400,285,tis,5.7669945997294564e-05
2,0.2,400,285,uniform,0.00013251195690854782
2,0.2,400,286,complete_rollout,7.586421137848407e-06
2,0.2,400,286,tis,1.3573392926610325e-05
2,0.2,400,286,uniform,0.00023002486901849454
2,0.2,400,287,complete_rollout,6.184900753576242e-06
2,0.2,400,287,tis,5.384866284115777e-05
2,0.2,400,287,uniform,0.0003739281519143923
2,0.2,400,288,complete_rollout,4.621229189016912e-06
2,0.2,400,288,tis,1.4000420071230282e-05
2,0.2,400,288,uniform,9.697589591513242e-05
2,0.2,400,289,complete_rollout,2.6727764705444766e-06
2,0.2,400,289,tis,7.666469183976685e-05
2,0.2,400,289,uniform,0.0001003789672796515
2,0.2,400,290,complete_rollout,5.460532815189278e-06
2,0.2,400,290,tis,0.0012591770295517495
2,0.2,400,290,uniform,0.00031150811318619414
2,0.2,400,291,complete_rollout,6.927303392531779e-06
2,0.2,400,291,tis,4.5846636387373735e-05
2,0.2,400,291,uniform,0.00024061763796835934
2,0.2,400,292,complete_rollout,4.7772777515483465e-06
2,0.2,400,292,tis,2.7045059634040906e-05
2,0.2,400,292,uniform,0.0003415555095355544
2,0.2,400,293,complete_rollout,1.1600424126866795e-05
2,0.2,400,293,tis,7.168840903828386e-05
2,0.2,400,293,uniform,0.00037352263147521906
2,0.2,400,294,complete_rollout,8.44427267215813e-06
2,0.2,400,294,tis,0.00025876965203583695
2,0.2,400,294,uniform,0.0002371258070814935
2,0.2,400,295,complete_rollout,1.0507271383128144e-05
2,0.2,400,295,tis,5.8416305923879726e-05
2,0.2,400,295,uniform,9.378891305662498e-05
2,0.2,400,296,complete_rollout,5.892329569425115e-06
2,0.2,400,296,tis,2.9378057912567176e-05
2,0.2,400,296,uniform,0.00038328649995493123
2,0.2,400,297,complete_rollout,1.4170732366213528e-05
2,0.2,400,297,tis,2.4304960946576733e-05
2,0.2,400,297,uniform,0.00034663702090779704
2,0.2,400,298,complete_rollout,5.062646771439141e-06
2,0.2,400,298,tis,8.262348118289091e-05
2,0.2,400,298,uniform,0.00014105096428797723
2,0.2,400,299,complete_rollout,5.696336445914886e-06
2,0.2,400,299,tis,2.4283885922971798e-05
2,0.2,400,299,uniform,0.00024596821868027766
4,0.1,50,0,complete_rollout,0.00038001270962436675
4,0.1,50,0,tis,0.011090154935887473
4,0.1,50,0,uniform,0.004974795324182997
4,0.1,50,1,complete_rollout,0.00031420175574220965
4,0.1,50,1,tis,0.012330782188595532
4,0.1,50,1,uniform,0.0066901980317970134
4,0.1,50,2,complete_rollout,0.00026336640886541284
4,0.1,50,2,tis,0.007425447486468295
4,0.1,50,2,uniform,0.008917750798183388
4,0.1,50,3,complete_rollout,0.0003764575577770435
4,0.1,50,3,tis,0.00252518140872312
4,0.1,50,3,uniform,0.009441401645257946
4,0.1,50,4,complete_rollout,0.0004138456367761543
4,0.1,50,4,tis,0.0046364262938593135
4,0.1,50,4,uniform,0.002896750270352286
4,0.1,50,5,complete_rollout,0.0002653770971456486
4,0.1,50,5,tis,0.002958252255117702
4,0.1,50,5,uniform,0.005561243831577364
4,0.1,50,6,complete_rollout,0.00033107482158183386
4,0.1,50,6,tis,0.0027067470198478233
4,0.1,50,6,uniform,0.004565914220358454
4,0.1,50,7,complete_rollout,0.00040916725813305366
4,0.1,50,7,tis,0.0026994629277438
4,0.1,50,7,uniform,0.007451160038094496
4,0.1,50,8,complete_rollout,0.0009754597282089865
4,0.1,50,8,tis,0.022907406421091576
4,0.1,50,8,uniform,0.011859637011698593
4,0.1,50,9,complete_rollout,0.0006806251324968208
4,0.1,50,9,tis,0.009838562323526876
4,0.1,50,9,uniform,0.005444827600418917
4,0.1,50,10,complete_rollout,0.00026105295412624975
4,0.1,50,10,tis,0.0023648799504777775
4,0.1,50,10,uniform,0.0027790254737263577
4,0.1,50,11,complete_rollout,0.0003462445848464084
4,0.1,50,11,tis,0.005244498059355206
4,0.1,50,11,uniform,0.006783071508929466
4,0.1,50,12,complete_rollout,0.00023896225018002641
4,0.1,50,12,tis,0.008406988079180902
4,0.1,50,12,uniform,0.008309978651146766
4,0.1,50,13,complete_rollout,0.00033218996726627536
4,0.1,50,13,tis,0.003090354056410939
4,0.1,50,13,uniform,0.003917151503532362
4,0.1,50,14,complete_rollout,0.00047463196033441165
4,0.1,50,14,tis,0.00888668498073671
4,0.1,50,14,uniform,0.004071591287697825
4,0.1,50,15,complete_rollout,0.00045396396582442786
4,0.1,50,15,tis,0.009329909053585743
4,0.1,50,15,uniform,0.007805585201751124
4,0.1,50,16,complete_rollout,0.00018804321198483118
4,0.1,50,16,tis,0.005661372719816625
4,0.1,50,16,uniform,0.017020147986214294
4,0.1,50,17,complete_rollout,0.0004522909754914076
4,0.1,50,17,tis,0.007301197768963329
4,0.1,50,17,uniform,0.004850114287700102
4,0.1,50,18,complete_rollout,0.000268128986034367
4,0.1,50,18,tis,0.008827420557136754
4,0.1,50,18,uniform,0.013645502189213357
4,0.1,50,19,complete_rollout,0.0005070337969426684
4,0.1,50,19,tis,0.007508692748418202
4,0.1,50,19,uniform,0.0034468866671168953
4,0.1,50,20,complete_rollout,0.00036544222216708286
4,0.1,50,20,tis,0.007972572918365287
4,0.1,50,20,uniform,0.002783924186156403
4,0.1,50,21,complete_rollout,0.00037972401984116003
4,0.1,50,21,tis,0.008110776997541622
4,0.1,50,21,uniform,0.003321029219005651
4,0.1,50,22,complete_rollout,0.0003653465615999408
4,0.1,50,22,tis,0.007729003545658961
4,0.1,50,22,uniform,0.008384592320088877
4,0.1,50,23,complete_rollout,0.0002783192723893456
4,0.1,50,23,tis,0.005668433347586554
4,0.1,50,23,uniform,0.005431474881119265
4,0.1,50,24,complete_rollout,0.0004235190121383146
4,0.1,50,24,tis,0.005534550438175314
4,0.1,50,24,uniform,0.005434662090811456
4,0.1,50,25,complete_rollout,0.0003736368913415875
4,0.1,50,25,tis,0.021678760748153638
4,0.1,50,25,uniform,0.02329259413109524
4,0.1,50,26,complete_rollout,0.00028378988574995234
4,0.1,50,26,tis,0.004757352070292005
4,0.1,50,26,uniform,0.005926408209861729
4,0.1,50,27,complete_rollout,0.0003056267208630397
4,0.1,50,27,tis,0.0026521448479874025
4,0.1,50,27,uniform,0.0028827697588151508
4,0.1,50,28,complete_rollout,0.00041822625186992265
4,0.1,50,28,tis,0.002856086455337887
4,0.1,50,28,uniform,0.0032628628523064867
4,0.1,50,29,complete_rollout,0.00044938946548847943
4,0.1,50,29,tis,0.019382826668789595
4,0.1,50,29,uniform,0.012365545418446929
4,0.1,50,30,complete_rollout,0.0003101860451111117
4,0.1,50,30,tis,0.0028569984232760205
4,0.1,50,30,uniform,0.007729506557425658
4,0.1,50,31,complete_rollout,0.0003161305810339833
4,0.1,50,31,tis,0.014569465277601477
4,0.1,50,31,uniform,0.009995213775267164
4,0.1,50,32,complete_rollout,0.00028184551476970795
4,0.1,50,32,tis,0.016319704819718818
4,0.1,50,32,uniform,0.010912295009094346
4,0.1,50,33,complete_rollout,0.0005749424690206693
4,0.1,50,33,tis,0.0039693811311004995
4,0.1,50,33,uniform,0.010368724829913854
4,0.1,50,34,complete_rollout,0.0003889888274613848
4,0.1,50,34,tis,0.007109119786033486
4,0.1,50,34,uniform,0.004666519883627561
4,0.1,50,35,complete_rollout,0.0005201154341028247
4,0.1,50,35,tis,0.004809909482907379
4,0.1,50,35,uniform,0.005603307786476631
4,0.1,50,36,complete_rollout,0.0005468257277919199
4,0.1,50,36,tis,0.008960284985303858
4,0.1,50,36,uniform,0.013108786414787178
4,0.1,50,37,complete_rollout,0.0003759181624501434
4,0.1,50,37,tis,0.008405547520309422
4,0.1,50,37,uniform,0.0034152169978903762
4,0.1,50,38,complete_rollout,0.00047168436573702876
4,0.1,50,38,tis,0.0032527559913201045
4,0.1,50,38,uniform,0.006634806375654658
4,0.1,50,39,complete_rollout,0.0003991621354083632
4,0.1,50,39,tis,0.0037737925176898847
4,0.1,50,39,uniform,0.011633261469163046
4,0.1,50,40,complete_rollout,0.00021204818906562535
4,0.1,50,40,tis,0.005256267174443602
4,0.1,50,40,uniform,0.007130005252255405
4,0.1,50,41,complete_rollout,0.00026617053223414427
4,0.1,50,41,tis,0.017958987770309878
4,0.1,50,41,uniform,0.005485207032731631
4,0.1,50,42,complete_rollout,0.00039593254592742614
4,0.1,50,42,tis,0.019820685077021588
4,0.1,50,42,uniform,0.0078715888057078
4,0.1,50,43,complete_rollout,0.0006827681561823034
4,0.1,50,43,tis,0.013789300255499235
4,0.1,50,43,uniform,0.0066432668463819395
4,0.1,50,44,complete_rollout,0.0003560590770272746
4,0.1,50,44,tis,0.003044681286839033
4,0.1,50,44,uniform,0.005738792614111894
4,0.1,50,45,complete_rollout,0.0011290357048074986
4,0.1,50,45,tis,0.0020087658186722147
4,0.1,50,45,uniform,0.002151259585312742
4,0.1,50,46,complete_rollout,0.00027632418103624057
4,0.1,50,46,tis,0.005888506791515762
4,0.1,50,46,uniform,0.006377724424717493
4,0.1,50,47,complete_rollout,0.0003614363839090933
4,0.1,50,47,tis,0.002171586601044704
4,0.1,50,47,uniform,0.003285493642219272
4,0.1,50,48,complete_rollout,0.0006958642066435612
4,0.1,50,48,tis,0.003158461209055054
4,0.1,50,48,uniform,0.005737630243518416
4,0.1,50,49,complete_rollout,0.00030978725246592036
4,0.1,50,49,tis,0.005691690346269854
4,0.1,50,49,uniform,0.006226021683124884
4,0.1,50,50,complete_rollout,0.0004190790919304932
4,0.1,50,50,tis,0.0038423119819993145
4,0.1,50,50,uniform,0.009314146952461024
4,0.1,50,51,complete_rollout,0.0002151613171305323
4,0.1,50,51,tis,0.0024554390079740227
4,0.1,50,51,uniform,0.0027449853393188674
4,0.1,50,52,complete_rollout,0.0002122626283562723
4,0.1,50,52,tis,0.0034285080213409835
4,0.1,50,52,uniform,0.005165559342953316
4,0.1,50,53,complete_rollout,0.00034749455257948624
4,0.1,50,53,tis,0.005598068146555283
4,0.1,50,53,uniform,0.006271028448066556
4,0.1,50,54,complete_rollout,0.00033476959557740045
4,0.1,50,54,tis,0.00463005979750287
4,0.1,50,54,uniform,0.009025456243605066
4,0.1,50,55,complete_rollout,0.0004551498013024144
4,0.1,50,55,tis,0.005328497470655796
4,0.1,50,55,uniform,0.01629360030005224
4,0.1,50,56,complete_rollout,0.0006158310341536758
4,0.1,50,56,tis,0.004909259017565696
4,0.1,50,56,uniform,0.005479535673263786
4,0.1,50,57,complete_rollout,0.00030546770926184855
4,0.1,50,57,tis,0.01598851932105467
4,0.1,50,57,uniform,0.024521676010699715
4,0.1,50,58,complete_rollout,0.0005472882389364961
4,0.1,50,58,tis,0.0033860342515246336
4,0.1,50,58,uniform,0.005637712158433334
4,0.1,50,59,complete_rollout,0.0002876038677117158
4,0.1,50,59,tis,0.0025308145956929114
4,0.1,50,59,uniform,0.015617549653835163
4,0.1,50,60,complete_rollout,0.00046180728682052735
4,0.1,50,60,tis,0.00717042046373435
4,0.1,50,60,uniform,0.011436080066707426
4,0.1,50,61,complete_rollout,0.0004191523055617498
4,0.1,50,61,tis,0.003697064770039103
4,0.1,50,61,uniform,0.004881924208545775
4,0.1,50,62,complete_rollout,0.0003250173561731501
4,0.1,50,62,tis,0.01068405999176881
4,0.1,50,62,uniform,0.01519206496335057
4,0.1,50,63,complete_rollout,0.0003883596066347983
4,0.1,50,63,tis,0.0024788451621711215
4,0.1,50,63,uniform,0.007495934899996509
4,0.1,50,64,complete_rollout,0.00034996416422580117
4,0.1,50,64,tis,0.011948861332728046
4,0.1,50,64,uniform,0.011554582377202072
4,0.1,50,65,complete_rollout,0.0007790589502807289
4,0.1,50,65,tis,0.006543034908518672
4,0.1,50,65,uniform,0.0051620831947053495
4,0.1,50,66,complete_rollout,0.00030382409606047436
4,0.1,50,66,tis,0.006111810021610996
4,0.1,50,66,uniform,0.016999500332262288
4,0.1,50,67,complete_rollout,0.00023376475201280133
4,0.1,50,67,tis,0.004097399109156556
4,0.1,50,67,uniform,0.022137584091977483
4,0.1,50,68,complete_rollout,0.000368246247937243
4,0.1,50,68,tis,0.0035287562709313837
4,0.1,50,68,uniform,0.004912056907890056
4,0.1,50,69,complete_rollout,0.00032025917232784555
4,0.1,50,69,tis,0.020567738031666963
4,0.1,50,69,uniform,0.011033947320415433
4,0.1,50,70,complete_rollout,0.0004423993186854205
4,0.1,50,70,tis,0.00553758793796533
4,0.1,50,70,uniform,0.006778891942604456
4,0.1,50,71,complete_rollout,0.0004552372029162386
4,0.1,50,71,tis,0.007705351555041681
4,0.1,50,71,uniform,0.018297295241286225
4,0.1,50,72,complete_rollout,0.00042747901410090906
4,0.1,50,72,tis,0.01394610228498399
4,0.1,50,72,uniform,0.019113525589421844
4,0.1,50,73,complete_rollout,0.0002298923532174309
4,0.1,50,73,tis,0.01763761708989274
4,0.1,50,73,uniform,0.029661962006596033
4,0.1,50,74,complete_rollout,0.0003458352202535416
4,0.1,50,74,tis,0.0036373168728080327
4,0.1,50,74,uniform,0.0028076936112182483
4,0.1,50,75,complete_rollout,0.0002788042307420598
4,0.1,50,75,tis,0.006331744553027578
4,0.1,50,75,uniform,0.005403960064118787
4,0.1,50,76,complete_rollout,0.0003402355521791838
4,0.1,50,76,tis,0.003679382559730843
4,0.1,50,76,uniform,0.009341869845785562
4,0.1,50,77,complete_rollout,0.0006450683051178579
4,0.1,50,77,tis,0.004932084889964218
4,0.1,50,77,uniform,0.007983577808635678
4,0.1,50,78,complete_rollout,0.00026755018834328376
4,0.1,50,78,tis,0.0033903946107323468
4,0.1,50,78,uniform,0.003047373597434212
4,0.1,50,79,complete_rollout,0.00030554231865169873
4,0.1,50,79,tis,0.008068059255036442
4,0.1,50,79,uniform,0.004888502450240071
4,0.1,50,80,complete_rollout,0.0002388860034908707
4,0.1,50,80,tis,0.004368391117462197
4,0.1,50,80,uniform,0.004810296618720825
4,0.1,50,81,complete_rollout,0.0002890503734680398
4,0.1,50,81,tis,0.005348113481980606
4,0.1,50,81,uniform,0.0037830387526555215
4,0.1,50,82,complete_rollout,0.0008929553876917473
4,0.1,50,82,tis,0.001967604046933295
4,0.1,50,82,uniform,0.006378174735651885
4,0.1,50,83,complete_rollout,0.00032854421565054343
4,0.1,50,83,tis,0.0044461460697682535
4,0.1,50,83,uniform,0.029339324412309957
4,0.1,50,84,complete_rollout,0.00034666181170710724
4,0.1,50,84,tis,0.010256191081887842
4,0.1,50,84,uniform,0.018123491469230046
4,0.1,50,85,complete_rollout,0.0003454622337963449
4,0.1,50,85,tis,0.0141886680921217
4,0.1,50,85,uniform,0.00525655475984054
4,0.1,50,86,complete_rollout,0.0006393003911771405
4,0.1,50,86,tis,0.0109555756133823
4,0.1,50,86,uniform,0.012184745861586644
4,0.1,50,87,complete_rollout,0.0002935588485016722
4,0.1,50,87,tis,0.003980742535156464
4,0.1,50,87,uniform,0.0038567194137744893
4,0.1,50,88,complete_rollout,0.00038333679995773294
4,0.1,50,88,tis,0.004292304683620419
4,0.1,50,88,uniform,0.005268555038658314
4,0.1,50,89,complete_rollout,0.0006295631473477043
4,0.1,50,89,tis,0.00579601324051416
4,0.1,50,89,uniform,0.004942352711008681
4,0.1,50,90,complete_rollout,0.0006068015876928179
4,0.1,50,90,tis,0.004086431954319033
4,0.1,50,90,uniform,0.017315035176404113
4,0.1,50,91,complete_rollout,0.00025266730607277453
4,0.1,50,91,tis,0.018657959507814986
4,0.1,50,91,uniform,0.018649254572224237
4,0.1,50,92,complete_rollout,0.0003396042586081758
4,0.1,50,92,tis,0.011888458310301548
4,0.1,50,92,uniform,0.019048891632908207
4,0.1,50,93,complete_rollout,0.00036026558107110147
4,0.1,50,93,tis,0.014221569328574426
4,0.1,50,93,uniform,0.0033151924124414037
4,0.1,50,94,complete_rollout,0.0004857874276205832
4,0.1,50,94,tis,0.003675598923727628
4,0.1,50,94,uniform,0.006460313014981038
4,0.1,50,95,complete_rollout,0.0003777913471188203
4,0.1,50,95,tis,0.009889200404831103
4,0.1,50,95,uniform,0.016750798885180124
4,0.1,50,96,complete_rollout,0.0006674297977142566
4,0.1,50,96,tis,0.0045242649609865074
4,0.1,50,96,uniform,0.0058519150154924
4,0.1,50,97,complete_rollout,0.0003842136208157949
4,0.1,50,97,tis,0.007890775865751992
4,0.1,50,97,uniform,0.00772499075745199
4,0.1,50,98,complete_rollout,0.000642871540659251
4,0.1,50,98,tis,0.006486786091916896
4,0.1,50,98,uniform,0.007743655403148445
4,0.1,50,99,complete_rollout,0.0004526489983809694
4,0.1,50,99,tis,0.004463317609459687
4,0.1,50,99,uniform,0.004260857792461181
4,0.1,50,100,complete_rollout,0.00026394617709725075
4,0.1,50,100,tis,0.0009825224059730909
4,0.1,50,100,uniform,0.004390063809099103
4,0.1,50,101,complete_rollout,0.0003633917148928796
4,0.1,50,101,tis,0.007044005636164843
4,0.1,50,101,uniform,0.0074749727054306695
4,0.1,50,102,complete_rollout,0.0004621642997948006
4,0.1,50,102,tis,0.004631648963485274
4,0.1,50,102,uniform,0.0032851856010246054
4,0.1,50,103,complete_rollout,0.0003616630063614559
4,0.1,50,103,tis,0.0032005962615599104
4,0.1,50,103,uniform,0.007311905760732373
4,0.1,50,104,complete_rollout,0.0005150508815107797
4,0.1,50,104,tis,0.007213096671785352
4,0.1,50,104,uniform,0.006357701026320355
4,0.1,50,105,complete_rollout,0.00045365212454704523
4,0.1,50,105,tis,0.01683732352887843
4,0.1,50,105,uniform,0.011511221908237886
4,0.1,50,106,complete_rollout,0.0004540904093487291
4,0.1,50,106,tis,0.007215003029889951
4,0.1,50,106,uniform,0.007516691948978041
4,0.1,50,107,complete_rollout,0.0002489378544784693
4,0.1,50,107,tis,0.0039222995999957004
4,0.1,50,107,uniform,0.010412984622797201
4,0.1,50,108,complete_rollout,0.0001882921926330821
4,0.1,50,108,tis,0.003879826283299606
4,0.1,50,108,uniform,0.004109571047504544
4,0.1,50,109,complete_rollout,0.000527902781032472
4,0.1,50,109,tis,0.006983103120463575
4,0.1,50,109,uniform,0.009311277081777711
4,0.1,50,110,complete_rollout,0.0004731843340243669
4,0.1,50,110,tis,0.0021272480970699714
4,0.1,50,110,uniform,0.00663091105019185
4,0.1,50,111,complete_rollout,0.0004753132238398625
4,0.1,50,111,tis,0.0027197712179316603
4,0.1,50,111,uniform,0.0061434256861828155
4,0.1,50,112,complete_rollout,0.00027916127555657196
4,0.1,50,112,tis,0.002369592870746205
4,0.1,50,112,uniform,0.00326119604494913
4,0.1,50,113,complete_rollout,0.0007928250845809932
4,0.1,50,113,tis,0.009120753152756383
4,0.1,50,113,uniform,0.007983258260445764
4,0.1,50,114,complete_rollout,0.0004495650225359422
4,0.1,50,114,tis,0.01550784782221045
4,0.1,50,114,uniform,0.004059926347260582
4,0.1,50,115,complete_rollout,0.00030782801972525464
4,0.1,50,115,tis,0.007766992997937861
4,0.1,50,115,uniform,0.006483685086576281
4,0.1,50,116,complete_rollout,0.00041857287831826196
4,0.1,50,116,tis,0.006744021782582872
4,0.1,50,116,uniform,0.005228414445640107
4,0.1,50,117,complete_rollout,0.0004367789359091199
4,0.1,50,117,tis,0.00774783456707156
4,0.1,50,117,uniform,0.007107711436902413
4,0.1,50,118,complete_rollout,0.00028059276327407526
4,0.1,50,118,tis,0.005343058500902843
4,0.1,50,118,uniform,0.0021796471091194646
4,0.1,50,119,complete_rollout,0.0002421612564452354
4,0.1,50,119,tis,0.00267895233582028
4,0.1,50,119,uniform,0.004500851422950532
4,0.1,50,120,complete_rollout,0.00030391757821962746
4,0.1,50,120,tis,0.0028183638321805414
4,0.1,50,120,uniform,0.004816279884022104
4,0.1,50,121,complete_rollout,0.00046260864174256316
4,0.1,50,121,tis,0.008425223207051998
4,0.1,50,121,uniform,0.004452116736527327
4,0.1,50,122,complete_rollout,0.0010340758663942577
4,0.1,50,122,tis,0.01141632483401401
4,0.1,50,122,uniform,0.017532829736985393
4,0.1,50,123,complete_rollout,0.0004572321577468612
4,0.1,50,123,tis,0.008789356828889773
4,0.1,50,123,uniform,0.007282015069901451
4,0.1,50,124,complete_rollout,0.000366060307583669
4,0.1,50,124,tis,0.0029011315975266457
4,0.1,50,124,uniform,0.002864160685380252
4,0.1,50,125,complete_rollout,0.0006153256534949176
4,0.1,50,125,tis,0.03407933324351008
4,0.1,50,125,uniform,0.004970085238093159
4,0.1,50,126,complete_rollout,0.00043517525672840296
4,0.1,50,126,tis,0.0060604201726029
4,0.1,50,126,uniform,0.01716499337631712
4,0.1,50,127,complete_rollout,0.000530363722499484
4,0.1,50,127,tis,0.01904354479922762
4,0.1,50,127,uniform,0.013760749016835985
4,0.1,50,128,complete_rollout,0.0002884798921009566
4,0.1,50,128,tis,0.004482709587308976
4,0.1,50,128,uniform,0.004950579864599079
4,0.1,50,129,complete_rollout,0.00034140014532192876
4,0.1,50,129,tis,0.009924864574773536
4,0.1,50,129,uniform,0.0049361179570686
4,0.1,50,130,complete_rollout,0.0003432305642455935
4,0.1,50,130,tis,0.008312686135983977
4,0.1,50,130,uniform,0.005966377869965158
4,0.1,50,131,complete_rollout,0.0003900650457668612
4,0.1,50,131,tis,0.005181086191882102
4,0.1,50,131,uniform,0.005531659695929842
4,0.1,50,132,complete_rollout,0.0003693085021266422
4,0.1,50,132,tis,0.002435012063863014
4,0.1,50,132,uniform,0.00826599157842286
4,0.1,50,133,complete_rollout,0.000305820317931963
4,0.1,50,133,tis,0.008545096316222984
4,0.1,50,133,uniform,0.01017909376741787
4,0.1,50,134,complete_rollout,0.0006151194969358705
4,0.1,50,134,tis,0.0022443642356245286
4,0.1,50,134,uniform,0.011961587286381399
4,0.1,50,135,complete_rollout,0.000480892409524173
4,0.1,50,135,tis,0.006723466133788093
4,0.1,50,135,uniform,0.0028405055916726415
4,0.1,50,136,complete_rollout,0.0004076159758713967
4,0.1,50,136,tis,0.004780436730333519
4,0.1,50,136,uniform,0.022844580040227564
4,0.1,50,137,complete_rollout,0.0003501920553983896
4,0.1,50,137,tis,0.0062544443813356875
4,0.1,50,137,uniform,0.006110925833284841
4,0.1,50,138,complete_rollout,0.0004932252750189455
4,0.1,50,138,tis,0.009055454693642556
4,0.1,50,138,uniform,0.0068866183226054
4,0.1,50,139,complete_rollout,0.00018322954737052247
4,0.1,50,139,tis,0.0033677647231365225
4,0.1,50,139,uniform,0.008467229688056771
4,0.1,50,140,complete_rollout,0.00027536726872084884
4,0.1,50,140,tis,0.0067888834476333695
4,0.1,50,140,uniform,0.005937564934401169
4,0.1,50,141,complete_rollout,0.0004932065601714339
4,0.1,50,141,tis,0.002371195069969705
4,0.1,50,141,uniform,0.003951649464164427
4,0.1,50,142,complete_rollout,0.00017567693108966345
4,0.1,50,142,tis,0.01037918236559945
4,0.1,50,142,uniform,0.015134660736672112
4,0.1,50,143,complete_rollout,0.0004605916655822744
4,0.1,50,143,tis,0.004559904373758972
4,0.1,50,143,uniform,0.004588099754430718
4,0.1,50,144,complete_rollout,0.000449631057075963
4,0.1,50,144,tis,0.0024692725896943144
4,0.1,50,144,uniform,0.0033487831767138486
4,0.1,50,145,complete_rollout,0.00024835518586364383
4,0.1,50,145,tis,0.012065564489012021
4,0.1,50,145,uniform,0.013836849550530834
4,0.1,50,146,complete_rollout,0.0002683954296703662
4,0.1,50,146,tis,0.005662378290365728
4,0.1,50,146,uniform,0.009104516063846322
4,0.1,50,147,complete_rollout,0.00031408670879987365
4,0.1,50,147,tis,0.003770469253481086
4,0.1,50,147,uniform,0.0028477890942078007
4,0.1,50,148,complete_rollout,0.00027345012696128844
4,0.1,50,148,tis,0.00334166776326141
4,0.1,50,148,uniform,0.006026804689432259
4,0.1,50,149,complete_rollout,0.00017056354806672301
4,0.1,50,149,tis,0.0026054482910682496
4,0.1,50,149,uniform,0.0028709240703316324
4,0.1,50,150,complete_rollout,0.0006099026024585738
4,0.1,50,150,tis,0.0037972558229486648
4,0.1,50,150,uniform,0.0037059331899137174
4,0.1,50,151,complete_rollout,0.0004464323779994896
4,0.1,50,151,tis,0.0050117144602967725
4,0.1,50,151,uniform,0.004909918016410813
4,0.1,50,152,complete_rollout,0.0007451744948312165
4,0.1,50,152,tis,0.0035862461288864353
4,0.1,50,152,uniform,0.007013801375015156
4,0.1,50,153,complete_rollout,0.00033446869746551447
4,0.1,50,153,tis,0.0051708577386325345
4,0.1,50,153,uniform,0.008112298377671795
4,0.1,50,154,complete_rollout,0.00032036961471290247
4,0.1,50,154,tis,0.003643295942177097
4,0.1,50,154,uniform,0.004851443208182127
4,0.1,50,155,complete_rollout,0.0006040376017830844
4,0.1,50,155,tis,0.0022492104936849486
4,0.1,50,155,uniform,0.0024281026962562273
4,0.1,50,156,complete_rollout,0.00033408527404110033
4,0.1,50,156,tis,0.007868087426561372
4,0.1,50,156,uniform,0.0035610217699581386
4,0.1,50,157,complete_rollout,0.0002960057447747029
4,0.1,50,157,tis,0.0086396716642079
4,0.1,50,157,uniform,0.007444062291876993
4,0.1,50,158,complete_rollout,0.0003994964517753683
4,0.1,50,158,tis,0.004885947170159223
4,0.1,50,158,uniform,0.008183906349869928
4,0.1,50,159,complete_rollout,0.000587636975788698
4,0.1,50,159,tis,0.003522649450518828
4,0.1,50,159,uniform,0.0042989619555705095
4,0.1,50,160,complete_rollout,0.0004589740315089422
4,0.1,50,160,tis,0.004976769606700729
4,0.1,50,160,uniform,0.004826867572120546
4,0.1,50,161,complete_rollout,0.0002472093672820804
4,0.1,50,161,tis,0.0060862382585963465
4,0.1,50,161,uniform,0.003358526941923926
4,0.1,50,162,complete_rollout,0.0004444619449046059
4,0.1,50,162,tis,0.013975022727254236
4,0.1,50,162,uniform,0.00708318292204601
4,0.1,50,163,complete_rollout,0.00028490462401114836
4,0.1,50,163,tis,0.006118157865682441
4,0.1,50,163,uniform,0.007946063182044135
4,0.1,50,164,complete_rollout,0.0003404410067012086
4,0.1,50,164,tis,0.007072669902868899
4,0.1,50,164,uniform,0.006856038618389509
4,0.1,50,165,complete_rollout,0.0004166653972192488
4,0.1,50,165,tis,0.027012433073294463
4,0.1,50,165,uniform,0.048040075110448145
4,0.1,50,166,complete_rollout,0.00018010203268441796
4,0.1,50,166,tis,0.004638370931208605
4,0.1,50,166,uniform,0.0038813524435836948
4,0.1,50,167,complete_rollout,0.00016788328982874718
4,0.1,50,167,tis,0.002313807566939448
4,0.1,50,167,uniform,0.014465505724231385
4,0.1,50,168,complete_rollout,0.00029587344535807333
4,0.1,50,168,tis,0.025275328543523982
4,0.1,50,168,uniform,0.00871346941464418
4,0.1,50,169,complete_rollout,0.0004175389759933747
4,0.1,50,169,tis,0.003467008757626534
4,0.1,50,169,uniform,0.004239873462145645
4,0.1,50,170,complete_rollout,0.0002876305380409201
4,0.1,50,170,tis,0.00401348159245132
4,0.1,50,170,uniform,0.012644122283590983
4,0.1,50,171,complete_rollout,0.00026959496388108054
4,0.1,50,171,tis,0.003581308809118558
4,0.1,50,171,uniform,0.005661401534975159
4,0.1,50,172,complete_rollout,0.0003764391475437262
4,0.1,50,172,tis,0.0038774565669153797
4,0.1,50,172,uniform,0.010610212909485352
4,0.1,50,173,complete_rollout,0.0005262595538964855
4,0.1,50,173,tis,0.001745826786079258
4,0.1,50,173,uniform,0.015013705525297249
4,0.1,50,174,complete_rollout,0.00022916423903152032
4,0.1,50,174,tis,0.0035288159527414433
4,0.1,50,174,uniform,0.00835306115947754
4,0.1,50,175,complete_rollout,0.0004209376595384525
4,0.1,50,175,tis,0.015322047722528617
4,0.1,50,175,uniform,0.003530711900646065
4,0.1,50,176,complete_rollout,0.0004254704405513461
4,0.1,50,176,tis,0.0075251814906708995
4,0.1,50,176,uniform,0.004867425432621325
4,0.1,50,177,complete_rollout,0.0004866752148030517
4,0.1,50,177,tis,0.02336724641527534
4,0.1,50,177,uniform,0.007551962565650578
4,0.1,50,178,complete_rollout,0.00056088865891993
4,0.1,50,178,tis,0.004204894145890796
4,0.1,50,178,uniform,0.016884361037731284
4,0.1,50,179,complete_rollout,0.00038303808117580944
4,0.1,50,179,tis,0.004746214475353319
4,0.1,50,179,uniform,0.0059399487501668995
4,0.1,50,180,complete_rollout,0.0006034308810422679
4,0.1,50,180,tis,0.008113050308154176
4,0.1,50,180,uniform,0.005231456052586765
4,0.1,50,181,complete_rollout,0.0004683104610833038
4,0.1,50,181,tis,0.009697632273021268
4,0.1,50,181,uniform,0.006577401950668573
4,0.1,50,182,complete_rollout,0.000411487258002337
4,0.1,50,182,tis,0.009793765599230437
4,0.1,50,182,uniform,0.007846790998366862
4,0.1,50,183,complete_rollout,0.0009652758813636722
4,0.1,50,183,tis,0.0061232550173656065
4,0.1,50,183,uniform,0.005400911903982711
4,0.1,50,184,complete_rollout,0.0002609669863825907
4,0.1,50,184,tis,0.00601430570266626
4,0.1,50,184,uniform,0.006874789609337842
4,0.1,50,185,complete_rollout,0.00038099249939418434
4,0.1,50,185,tis,0.003971090452581093
4,0.1,50,185,uniform,0.004871366466291184
4,0.1,50,186,complete_rollout,0.00048700230847849513
4,0.1,50,186,tis,0.005052156925637513
4,0.1,50,186,uniform,0.004516985843408549
4,0.1,50,187,complete_rollout,0.0003786684697418789
4,0.1,50,187,tis,0.010066742815677007
4,0.1,50,187,uniform,0.01643964674390783
4,0.1,50,188,complete_rollout,0.0004726857705985766
4,0.1,50,188,tis,0.003022806368966715
4,0.1,50,188,uniform,0.006385199800123226
4,0.1,50,189,complete_rollout,0.0004173216279690144
4,0.1,50,189,tis,0.004289320413511231
4,0.1,50,189,uniform,0.010029223403406708
4,0.1,50,190,complete_rollout,0.00041836023371301064
4,0.1,50,190,tis,0.004392019427437388
4,0.1,50,190,uniform,0.020114568269991372
4,0.1,50,191,complete_rollout,0.00034413717202674506
4,0.1,50,191,tis,0.020006699682153496
4,0.1,50,191,uniform,0.02556479112793562
4,0.1,50,192,complete_rollout,0.00039092908058304527
4,0.1,50,192,tis,0.0053061348155957295
4,0.1,50,192,uniform,0.006426995271644759
4,0.1,50,193,complete_rollout,0.00022069301078407992
4,0.1,50,193,tis,0.009435890427046479
4,0.1,50,193,uniform,0.010338014134091782
4,0.1,50,194,complete_rollout,0.0002876833655357791
4,0.1,50,194,tis,0.006280870242649509
4,0.1,50,194,uniform,0.012463009237076113
4,0.1,50,195,complete_rollout,0.0001977283515359549
4,0.1,50,195,tis,0.004244028850476872
4,0.1,50,195,uniform,0.005063540634367527
4,0.1,50,196,complete_rollout,0.0005066504777326644
4,0.1,50,196,tis,0.006453772732483739
4,0.1,50,196,uniform,0.009524583503750477
4,0.1,50,197,complete_rollout,0.00017299822764817443
4,0.1,50,197,tis,0.005743739306458944
4,0.1,50,197,uniform,0.005120651470292776
4,0.1,50,198,complete_rollout,0.0003077132299663665
4,0.1,50,198,tis,0.0022793510444199935
4,0.1,50,198,uniform,0.004000100354895365
4,0.1,50,199,complete_rollout,0.00024231412776578136
4,0.1,50,199,tis,0.0036967992715866314
4,0.1,50,199,uniform,0.002726040368221178
4,0.1,50,200,complete_rollout,0.0005087407358059648
4,0.1,50,200,tis,0.003914393149251075
4,0.1,50,200,uniform,0.004506207693967284
4,0.1,50,201,complete_rollout,0.0006931633658900823
4,0.1,50,201,tis,0.005934059160788796
4,0.1,50,201,uniform,0.010806469478296558
4,0.1,50,202,complete_rollout,0.0012664880873481503
4,0.1,50,202,tis,0.006689836746583768
4,0.1,50,202,uniform,0.007194039947027779
4,0.1,50,203,complete_rollout,0.00023533738839630016
4,0.1,50,203,tis,0.0017989990828918654
4,0.1,50,203,uniform,0.0016896611564519853
4,0.1,50,204,complete_rollout,0.0003212816725886681
4,0.1,50,204,tis,0.0035850910343210463
4,0.1,50,204,uniform,0.005132689067177885
4,0.1,50,205,complete_rollout,0.0003811332965437843
4,0.1,50,205,tis,0.0016334615408576999
4,0.1,50,205,uniform,0.0051078535300535825
4,0.1,50,206,complete_rollout,0.0003495096155686159
4,0.1,50,206,tis,0.005577143364529194
4,0.1,50,206,uniform,0.009652693631114049
4,0.1,50,207,complete_rollout,0.00022020110694322617
4,0.1,50,207,tis,0.002554777194899799
4,0.1,50,207,uniform,0.006056555842512651
4,0.1,50,208,complete_rollout,0.00021169680395047638
4,0.1,50,208,tis,0.007640934318809221
4,0.1,50,208,uniform,0.008380890046685035
4,0.1,50,209,complete_rollout,0.0003836174263126441
4,0.1,50,209,tis,0.003457068881847677
4,0.1,50,209,uniform,0.009406059038462812
4,0.1,50,210,complete_rollout,0.00037369453972280154
4,0.1,50,210,tis,0.013036713191920141
4,0.1,50,210,uniform,0.013256644115918566
4,0.1,50,211,complete_rollout,0.0003353642278494937
4,0.1,50,211,tis,0.0031520383518406697
4,0.1,50,211,uniform,0.003988977312016312
4,0.1,50,212,complete_rollout,0.0011540620824189811
4,0.1,50,212,tis,0.010856783898533331
4,0.1,50,212,uniform,0.008239821227395765
4,0.1,50,213,complete_rollout,0.00030790968807169417
4,0.1,50,213,tis,0.017081559781845453
4,0.1,50,213,uniform,0.01617097274399471
4,0.1,50,214,complete_rollout,0.0002521024035428299
4,0.1,50,214,tis,0.006578671946761507
4,0.1,50,214,uniform,0.010725205464077292
4,0.1,50,215,complete_rollout,0.0005581576929171024
4,0.1,50,215,tis,0.003301331731626056
4,0.1,50,215,uniform,0.007018911629426368
4,0.1,50,216,complete_rollout,0.00036099430913646394
4,0.1,50,216,tis,0.0021576801041164714
4,0.1,50,216,uniform,0.0037682859809756303
4,0.1,50,217,complete_rollout,0.0003696764755278907
4,0.1,50,217,tis,0.00783181320993141
4,0.1,50,217,uniform,0.01053425968882252
4,0.1,50,218,complete_rollout,0.0003401296065271486
4,0.1,50,218,tis,0.003128283349521648
4,0.1,50,218,uniform,0.007442027768851339
4,0.1,50,219,complete_rollout,0.000311631573694478
4,0.1,50,219,tis,0.020400825303475985
4,0.1,50,219,uniform,0.01654789992211999
4,0.1,50,220,complete_rollout,0.0012998407067103645
4,0.1,50,220,tis,0.014088580122255362
4,0.1,50,220,uniform,0.0055236339264503
4,0.1,50,221,complete_rollout,0.0003773425346299825
4,0.1,50,221,tis,0.004377587364046364
4,0.1,50,221,uniform,0.007437633285883218
4,0.1,50,222,complete_rollout,0.0002575323450837823
4,0.1,50,222,tis,0.008387325962666064
4,0.1,50,222,uniform,0.0072943600112030625
4,0.1,50,223,complete_rollout,0.00041579121972618103
4,0.1,50,223,tis,0.008755850435798039
4,0.1,50,223,uniform,0.008283758364385793
4,0.1,50,224,complete_rollout,0.0003909404734863101
4,0.1,50,224,tis,0.008461975139571268
4,0.1,50,224,uniform,0.0043996947239898256
4,0.1,50,225,complete_rollout,0.0005329978436560307
4,0.1,50,225,tis,0.003193137056954256
4,0.1,50,225,uniform,0.003338884650282677
4,0.1,50,226,complete_rollout,0.00034841256745448627
4,0.1,50,226,tis,0.00715404621190888
4,0.1,50,226,uniform,0.00611829986960337
4,0.1,50,227,complete_rollout,0.00026239731370066716
4,0.1,50,227,tis,0.003760796830076771
4,0.1,50,227,uniform,0.007974214554687008
4,0.1,50,228,complete_rollout,0.0004331337456643364
4,0.1,50,228,tis,0.02592794080338741
4,0.1,50,228,uniform,0.010295867851158541
4,0.1,50,229,complete_rollout,0.00016566140388627173
4,0.1,50,229,tis,0.0020593473257060147
4,0.1,50,229,uniform,0.006665265475830904
4,0.1,50,230,complete_rollout,0.0004156295410566711
4,0.1,50,230,tis,0.005019723308664586
4,0.1,50,230,uniform,0.008317217915378525
4,0.1,50,231,complete_rollout,0.00034888757515288976
4,0.1,50,231,tis,0.010850334572910809
4,0.1,50,231,uniform,0.006125625645824698
4,0.1,50,232,complete_rollout,0.000376442937491152
4,0.1,50,232,tis,0.01822770892277233
4,0.1,50,232,uniform,0.0037040592299482046
4,0.1,50,233,complete_rollout,0.0005338160139647735
4,0.1,50,233,tis,0.0021565329982555954
4,0.1,50,233,uniform,0.00696871590241273
4,0.1,50,234,complete_rollout,0.00032977935944329483
4,0.1,50,234,tis,0.0035173316792642332
4,0.1,50,234,uniform,0.005306278777581889
4,0.1,50,235,complete_rollout,0.00027025687098034283
4,0.1,50,235,tis,0.015472449357962456
4,0.1,50,235,uniform,0.008674164037474856
4,0.1,50,236,complete_rollout,0.00033876401519033654
4,0.1,50,236,tis,0.004984696804169052
4,0.1,50,236,uniform,0.004455605148401871
4,0.1,50,237,complete_rollout,0.0006848145735248284
4,0.1,50,237,tis,0.01289534155305235
4,0.1,50,237,uniform,0.004924906667484875
4,0.1,50,238,complete_rollout,0.00028215709612813453
4,0.1,50,238,tis,0.004089573732598678
4,0.1,50,238,uniform,0.002604358939161432
4,0.1,50,239,complete_rollout,0.0002562152948680051
4,0.1,50,239,tis,0.007851737341739157
4,0.1,50,239,uniform,0.011088291948206305
4,0.1,50,240,complete_rollout,0.00041994724684026594
4,0.1,50,240,tis,0.0011114513672559297
4,0.1,50,240,uniform,0.005505814002671274
4,0.1,50,241,complete_rollout,0.0003953929870574047
4,0.1,50,241,tis,0.0045970066634593775
4,0.1,50,241,uniform,0.00835731962000335
4,0.1,50,242,complete_rollout,0.00023705451766885242
4,0.1,50,242,tis,0.0057560698561382575
4,0.1,50,242,uniform,0.005537906670339396
4,0.1,50,243,complete_rollout,0.0005874433772111092
4,0.1,50,243,tis,0.01123595962756993
4,0.1,50,243,uniform,0.00716280296661668
4,0.1,50,244,complete_rollout,0.00036500880462658666
4,0.1,50,244,tis,0.0077646160307743945
4,0.1,50,244,uniform,0.011417500107559377
4,0.1,50,245,complete_rollout,0.00028104565683418335
4,0.1,50,245,tis,0.006523236972963243
4,0.1,50,245,uniform,0.005403925399473695
4,0.1,50,246,complete_rollout,0.0003579098805467212
4,0.1,50,246,tis,0.003139364915277655
4,0.1,50,246,uniform,0.006646863154209614
4,0.1,50,247,complete_rollout,0.000565905812506622
4,0.1,50,247,tis,0.011593452331494461
4,0.1,50,247,uniform,0.006643611673592324
4,0.1,50,248,complete_rollout,0.0004885443212793414
4,0.1,50,248,tis,0.013755419269658438
4,0.1,50,248,uniform,0.0030907909095152053
4,0.1,50,249,complete_rollout,0.0003563954443351621
4,0.1,50,249,tis,0.020802579280754685
4,0.1,50,249,uniform,0.011713660429558457
4,0.1,50,250,complete_rollout,0.0006945538215630348
4,0.1,50,250,tis,0.0048622611410564665
4,0.1,50,250,uniform,0.0075093086586992715
4,0.1,50,251,complete_rollout,0.0003329257146912294
4,0.1,50,251,tis,0.0040629615608906945
4,0.1,50,251,uniform,0.012436042755411523
4,0.1,50,252,complete_rollout,0.00020781675568769392
4,0.1,50,252,tis,0.002641577245346252
4,0.1,50,252,uniform,0.008096535976075946
4,0.1,50,253,complete_rollout,0.0003199864756515216
4,0.1,50,253,tis,0.002863162003031767
4,0.1,50,253,uniform,0.014899802337066271
4,0.1,50,254,complete_rollout,0.00038842079520683343
4,0.1,50,254,tis,0.004247331499757645
4,0.1,50,254,uniform,0.008540310029614844
4,0.1,50,255,complete_rollout,0.0002526183538364603
4,0.1,50,255,tis,0.002509831813616557
4,0.1,50,255,uniform,0.008127612443684479
4,0.1,50,256,complete_rollout,0.0004371191183929989
4,0.1,50,256,tis,0.006639296296224313
4,0.1,50,256,uniform,0.005961659853981505
4,0.1,50,257,complete_rollout,0.0003110054469711321
4,0.1,50,257,tis,0.006489601877041933
4,0.1,50,257,uniform,0.011496741451079815
4,0.1,50,258,complete_rollout,0.00036364851108046126
4,0.1,50,258,tis,0.005419634825155105
4,0.1,50,258,uniform,0.00686549586895429
4,0.1,50,259,complete_rollout,0.0002868722890232012
4,0.1,50,259,tis,0.002427233463316668
4,0.1,50,259,uniform,0.0026107153368631433
4,0.1,50,260,complete_rollout,0.0005057418119520175
4,0.1,50,260,tis,0.009881349632310403
4,0.1,50,260,uniform,0.004641657383755989
4,0.1,50,261,complete_rollout,0.0003011058559595119
4,0.1,50,261,tis,0.0023085829533508895
4,0.1,50,261,uniform,0.0033331570497999743
4,0.1,50,262,complete_rollout,0.0005143632696710625
4,0.1,50,262,tis,0.008968825179374364
4,0.1,50,262,uniform,0.006592880966025309
4,0.1,50,263,complete_rollout,0.00028467917276277867
4,0.1,50,263,tis,0.0026566637977087416
4,0.1,50,263,uniform,0.005643531327309828
4,0.1,50,264,complete_rollout,0.00027277426317246563
4,0.1,50,264,tis,0.009615889445513216
4,0.1,50,264,uniform,0.0034450040580988666
4,0.1,50,265,complete_rollout,0.0003018442737324701
4,0.1,50,265,tis,0.004934770026355024
4,0.1,50,265,uniform,0.004281619778605214
4,0.1,50,266,complete_rollout,0.0002399908773003559
4,0.1,50,266,tis,0.007611966644879816
4,0.1,50,266,uniform,0.0043798896319957375
4,0.1,50,267,complete_rollout,0.00040815929483231785
4,0.1,50,267,tis,0.0030351055587783675
4,0.1,50,267,uniform,0.004091432902151897
4,0.1,50,268,complete_rollout,0.0003897573707610826
4,0.1,50,268,tis,0.00938155275935965
4,0.1,50,268,uniform,0.007620101291609175
4,0.1,50,269,complete_rollout,0.0004904750098062225
4,0.1,50,269,tis,0.0053645943818494265
4,0.1,50,269,uniform,0.006786506772105952
4,0.1,50,270,complete_rollout,0.0003136417308890423
4,0.1,50,270,tis,0.006086864623494628
4,0.1,50,270,uniform,0.004656162905829986
4,0.1,50,271,complete_rollout,0.00042550244699319833
4,0.1,50,271,tis,0.007503424096024086
4,0.1,50,271,uniform,0.004455090678457236
4,0.1,50,272,complete_rollout,0.0003253288968032555
4,0.1,50,272,tis,0.021112204387090442
4,0.1,50,272,uniform,0.017173791419257074
4,0.1,50,273,complete_rollout,0.0003581955902393325
4,0.1,50,273,tis,0.0032042719383181453
4,0.1,50,273,uniform,0.0031897839879699843
4,0.1,50,274,complete_rollout,0.0008979843079853446
4,0.1,50,274,tis,0.004715744057303637
4,0.1,50,274,uniform,0.0054830933270350974
4,0.1,50,275,complete_rollout,0.0003102950198699442
4,0.1,50,275,tis,0.0019140957703424428
4,0.1,50,275,uniform,0.004769432234819246
4,0.1,50,276,complete_rollout,0.00042236754240555465
4,0.1,50,276,tis,0.003219275074155626
4,0.1,50,276,uniform,0.016895507528520756
4,0.1,50,277,complete_rollout,0.0003419987926275341
4,0.1,50,277,tis,0.004771387635447156
4,0.1,50,277,uniform,0.006095734070342114
4,0.1,50,278,complete_rollout,0.000381545607025698
4,0.1,50,278,tis,0.004430528454468467
4,0.1,50,278,uniform,0.003922492283430699
4,0.1,50,279,complete_rollout,0.00042014777591090774
4,0.1,50,279,tis,0.0031310710918194284
4,0.1,50,279,uniform,0.007325516381677186
4,0.1,50,280,complete_rollout,0.00033114584713694206
4,0.1,50,280,tis,0.0030120050077370214
4,0.1,50,280,uniform,0.004371119762982066
4,0.1,50,281,complete_rollout,0.0001647952141114773
4,0.1,50,281,tis,0.0050628180607171155
4,0.1,50,281,uniform,0.004945458820691968
4,0.1,50,282,complete_rollout,0.0005441281717225098
4,0.1,50,282,tis,0.00958605339546974
4,0.1,50,282,uniform,0.00582428557104323
4,0.1,50,283,complete_rollout,0.00033799632834040946
4,0.1,50,283,tis,0.0406510584817381
4,0.1,50,283,uniform,0.005236326866303171
4,0.1,50,284,complete_rollout,0.00029489576027650656
4,0.1,50,284,tis,0.004727333936852433
4,0.1,50,284,uniform,0.004342987935697222
4,0.1,50,285,complete_rollout,0.0005594694412773947
4,0.1,50,285,tis,0.005000180559763886
4,0.1,50,285,uniform,0.007151890029496465
4,0.1,50,286,complete_rollout,0.0003251762362858001
4,0.1,50,286,tis,0.01144655243329756
4,0.1,50,286,uniform,0.004548874119071831
4,0.1,50,287,complete_rollout,0.000283780441548181
4,0.1,50,287,tis,0.00922520346738505
4,0.1,50,287,uniform,0.00895820622391657
4,0.1,50,288,complete_rollout,0.00023547887176254462
4,0.1,50,288,tis,0.0031818390074761106
4,0.1,50,288,uniform,0.01458586528220696
4,0.1,50,289,complete_rollout,0.00030041327694128894
4,0.1,50,289,tis,0.0063331267386632925
4,0.1,50,289,uniform,0.02648904850708519
4,0.1,50,290,complete_rollout,0.0003354004736226068
4,0.1,50,290,tis,0.0035170006332861468
4,0.1,50,290,uniform,0.02953087215824698
4,0.1,50,291,complete_rollout,0.00038902620922588564
4,0.1,50,291,tis,0.0034225996411070226
4,0.1,50,291,uniform,0.0036848069978149297
4,0.1,50,292,complete_rollout,0.00037078896336477477
4,0.1,50,292,tis,0.0018780998473779552
4,0.1,50,292,uniform,0.03164138095878869
4,0.1,50,293,complete_rollout,0.00020220782856492008
4,0.1,50,293,tis,0.010978690011582807
4,0.1,50,293,uniform,0.01484003571047513
4,0.1,50,294,complete_rollout,0.0005758398755769387
4,0.1,50,294,tis,0.008853932837054506
4,0.1,50,294,uniform,0.009130763998117448
4,0.1,50,295,complete_rollout,0.0005952081532773887
4,0.1,50,295,tis,0.007047318111374473
4,0.1,50,295,uniform,0.012969344120579452
4,0.1,50,296,complete_rollout,0.00031498590367934755
4,0.1,50,296,tis,0.004054501817170153
4,0.1,50,296,uniform,0.003691339043752066
4,0.1,50,297,complete_rollout,0.00023848502439614624
4,0.1,50,297,tis,0.011037691597066936
4,0.1,50,297,uniform,0.009459126556453895
4,0.1,50,298,complete_rollout,0.0004040182900004664
4,0.1,50,298,tis,0.006784949858473417
4,0.1,50,298,uniform,0.00837436692922976
4,0.1,50,299,complete_rollout,0.0006087313492718279
4,0.1,50,299,tis,0.0029710028598776373
4,0.1,50,299,uniform,0.003986119872691443
4,0.1,100,0,complete_rollout,0.00014400101295718333
4,0.1,100,0,tis,0.0036831598492089506
4,0.1,100,0,uniform,0.0025222484862263707
4,0.1,100,1,complete_rollout,0.0002731429797137257
4,0.1,100,1,tis,0.0015165563059551886
4,0.1,100,1,uniform,0.0020395187707405687
4,0.1,100,2,complete_rollout,0.00020437443521833593
4,0.1,100,2,tis,0.01917006036933998
4,0.1,100,2,uniform,0.003326833042048399
4,0.1,100,3,complete_rollout,0.00016447413277334173
4,0.1,100,3,tis,0.0012581896287604528
4,0.1,100,3,uniform,0.003001670097998289
4,0.1,100,4,complete_rollout,0.00015559150048205937
4,0.1,100,4,tis,0.0014450949415412025
4,0.1,100,4,uniform,0.0028909539872526754
4,0.1,100,5,complete_rollout,0.00022597061904764524
4,0.1,100,5,tis,0.0028668354974706054
4,0.1,100,5,uniform,0.0018268790586552584
4,0.1,100,6,complete_rollout,0.0001961097127256722
4,0.1,100,6,tis,0.001796359850624561
4,0.1,100,6,uniform,0.002592117784329616
4,0.1,100,7,complete_rollout,0.00022798316401557306
4,0.1,100,7,tis,0.0017846853761582181
4,0.1,100,7,uniform,0.00260872228548748
4,0.1,100,8,complete_rollout,0.00017416456043086592
4,0.1,100,8,tis,0.007684439993812373
4,0.1,100,8,uniform,0.0040670191428647745
4,0.1,100,9,complete_rollout,0.00030148383225169243
4,0.1,100,9,tis,0.001727963228324992
4,0.1,100,9,uniform,0.004235990342146599
4,0.1,100,10,complete_rollout,0.00020875524408889377
4,0.1,100,10,tis,0.0028067424108557952
4,0.1,100,10,uniform,0.003077942624545886
4,0.1,100,11,complete_rollout,0.00031419613782259544
4,0.1,100,11,tis,0.0064029822212037625
4,0.1,100,11,uniform,0.0020556367787926137
4,0.1,100,12,complete_rollout,0.00035783991186765364
4,0.1,100,12,tis,0.01313075889233196
4,0.1,100,12,uniform,0.0030517692610240177
4,0.1,100,13,complete_rollout,0.00013783430258404106
4,0.1,100,13,tis,0.03669060662922029
4,0.1,100,13,uniform,0.004099438045793213
4,0.1,100,14,complete_rollout,0.00012401631623943708
4,0.1,100,14,tis,0.000994898439334404
4,0.1,100,14,uniform,0.004569879922723315
4,0.1,100,15,complete_rollout,0.0001693209004783681
4,0.1,100,15,tis,0.0021811846342483375
4,0.1,100,15,uniform,0.003373040844525945
4,0.1,100,16,complete_rollout,0.0003026637448296111
4,0.1,100,16,tis,0.0018899896444805413
4,0.1,100,16,uniform,0.002629426689165709
4,0.1,100,17,complete_rollout,0.0002895960395167065
4,0.1,100,17,tis,0.002105513220064318
4,0.1,100,17,uniform,0.003812719682965941
4,0.1,100,18,complete_rollout,0.00031217821341914003
4,0.1,100,18,tis,0.0024461120367806053
4,0.1,100,18,uniform,0.0030187202458899554
4,0.1,100,19,complete_rollout,0.00019541282434825232
4,0.1,100,19,tis,0.0017945166846976602
4,0.1,100,19,uniform,0.0012393580186361368
4,0.1,100,20,complete_rollout,0.0001561135462763879
4,0.1,100,20,tis,0.0038155098652595644
4,0.1,100,20,uniform,0.0026281618909942423
4,0.1,100,21,complete_rollout,0.0002209282533060361
4,0.1,100,21,tis,0.007938665036963484
4,0.1,100,21,uniform,0.0028478558244317536
4,0.1,100,22,complete_rollout,0.0001663129497001845
4,0.1,100,22,tis,0.0035367104190608
4,0.1,100,22,uniform,0.004292364996970961
4,0.1,100,23,complete_rollout,8.033721976734167e-05
4,0.1,100,23,tis,0.0017189295796576163
4,0.1,100,23,uniform,0.0025456228660034087
4,0.1,100,24,complete_rollout,0.0001718611285095511
4,0.1,100,24,tis,0.001519068725017496
4,0.1,100,24,uniform,0.003956898996975982
4,0.1,100,25,complete_rollout,0.00025568640446775045
4,0.1,100,25,tis,0.001856238091769254
4,0.1,100,25,uniform,0.0023205514186804025
4,0.1,100,26,complete_rollout,0.00033295236100190157
4,0.1,100,26,tis,0.0020077165825910896
4,0.1,100,26,uniform,0.003481777888936906
4,0.1,100,27,complete_rollout,0.0002555776081527972
4,0.1,100,27,tis,0.013856706962775292
4,0.1,100,27,uniform,0.0037245749572966244
4,0.1,100,28,complete_rollout,0.0002647136779413495
4,0.1,100,28,tis,0.001974211254440392
4,0.1,100,28,uniform,0.0018649056000467168
4,0.1,100,29,complete_rollout,0.00018613384790087877
4,0.1,100,29,tis,0.0017376965325084813
4,0.1,100,29,uniform,0.0018556377526895592
4,0.1,100,30,complete_rollout,0.0001320617493816015
4,0.1,100,30,tis,0.0015579767274844997
4,0.1,100,30,uniform,0.002324899984053241
4,0.1,100,31,complete_rollout,0.00012499280631958715
4,0.1,100,31,tis,0.0017027323831013967
4,0.1,100,31,uniform,0.009633940306847763
4,0.1,100,32,complete_rollout,0.00029596763438888865
4,0.1,100,32,tis,0.0014443319237815797
4,0.1,100,32,uniform,0.004491896958541579
4,0.1,100,33,complete_rollout,0.00014788310336248122
4,0.1,100,33,tis,0.00273180395757044
4,0.1,100,33,uniform,0.0030231538557831572
4,0.1,100,34,complete_rollout,0.0001384855263553097
4,0.1,100,34,tis,0.004929996876841113
4,0.1,100,34,uniform,0.006796897553593047
4,0.1,100,35,complete_rollout,0.00016320111556257248
4,0.1,100,35,tis,0.0036326761794813183
4,0.1,100,35,uniform,0.0019416135190429321
4,0.1,100,36,complete_rollout,0.0002028073931330028
4,0.1,100,36,tis,0.0010652463243405834
4,0.1,100,36,uniform,0.002469833257983029
4,0.1,100,37,complete_rollout,0.00038408818958346176
4,0.1,100,37,tis,0.003581836848105398
4,0.1,100,37,uniform,0.0093420079908955
4,0.1,100,38,complete_rollout,0.0002337726119075044
4,0.1,100,38,tis,0.008083178809046743
4,0.1,100,38,uniform,0.006157980745288373
4,0.1,100,39,complete_rollout,9.427202550841326e-05
4,0.1,100,39,tis,0.0019533855964046993
4,0.1,100,39,uniform,0.004280548030114373
4,0.1,100,40,complete_rollout,0.00025065663014385
4,0.1,100,40,tis,0.0008965629832444927
4,0.1,100,40,uniform,0.003890248580842111
4,0.1,100,41,complete_rollout,0.0002490835208169116
4,0.1,100,41,tis,0.017602993347477478
4,0.1,100,41,uniform,0.0022364718245938397
4,0.1,100,42,complete_rollout,0.000518726798445731
4,0.1,100,42,tis,0.0019150818884308414
4,0.1,100,42,uniform,0.0031185799709498065
4,0.1,100,43,complete_rollout,0.00032710948041301787
4,0.1,100,43,tis,0.0015077729096253571
4,0.1,100,43,uniform,0.0036933466067960163
4,0.1,100,44,complete_rollout,0.000587493495763708
4,0.1,100,44,tis,0.0011386933321366173
4,0.1,100,44,uniform,0.0017168392955028778
4,0.1,100,45,complete_rollout,8.443499618231108e-05
4,0.1,100,45,tis,0.0028847910574075365
4,0.1,100,45,uniform,0.0031872907509972646
4,0.1,100,46,complete_rollout,0.00020078973531555762
4,0.1,100,46,tis,0.007771974316723104
4,0.1,100,46,uniform,0.009992291249295357
4,0.1,100,47,complete_rollout,0.00014780308416394955
4,0.1,100,47,tis,0.002089474493832165
4,0.1,100,47,uniform,0.0030776654431380395
4,0.1,100,48,complete_rollout,0.00021412655273608192
4,0.1,100,48,tis,0.006983213393045165
4,0.1,100,48,uniform,0.002992819832208293
4,0.1,100,49,complete_rollout,0.00032406262335938295
4,0.1,100,49,tis,0.005556657063791416
4,0.1,100,49,uniform,0.0026764977686336944
4,0.1,100,50,complete_rollout,0.00017707460342436217
4,0.1,100,50,tis,0.001370284426828404
4,0.1,100,50,uniform,0.002063330205374667
4,0.1,100,51,complete_rollout,0.00015244286021820827
4,0.1,100,51,tis,0.0062907801256129135
4,0.1,100,51,uniform,0.0011157193079356022
4,0.1,100,52,complete_rollout,0.0002521076762425406
4,0.1,100,52,tis,0.003352803401958249
4,0.1,100,52,uniform,0.008601367345160137
4,0.1,100,53,complete_rollout,0.0002293718312095153
4,0.1,100,53,tis,0.0013586210631903958
4,0.1,100,53,uniform,0.00421666702099083
4,0.1,100,54,complete_rollout,0.00014900749898370577
4,0.1,100,54,tis,0.007590781742489946
4,0.1,100,54,uniform,0.00368550451617733
4,0.1,100,55,complete_rollout,0.00018735254566737799
4,0.1,100,55,tis,0.006236586895046605
4,0.1,100,55,uniform,0.002331711867343896
4,0.1,100,56,complete_rollout,0.0001730025998522617
4,0.1,100,56,tis,0.006361965082383019
4,0.1,100,56,uniform,0.0024101275589699257
4,0.1,100,57,complete_rollout,0.00033381558536792276
4,0.1,100,57,tis,0.00609618434551047
4,0.1,100,57,uniform,0.0019573081858781684
4,0.1,100,58,complete_rollout,0.00011499032133526404
4,0.1,100,58,tis,0.0029166664877317556
4,0.1,100,58,uniform,0.004122708074029761
4,0.1,100,59,complete_rollout,0.00027758906091385785
4,0.1,100,59,tis,0.0018703106114700634
4,0.1,100,59,uniform,0.00584210816954623
4,0.1,100,60,complete_rollout,0.0001970456417321585
4,0.1,100,60,tis,0.0072972373175318635
4,0.1,100,60,uniform,0.0018449581816014622
4,0.1,100,61,complete_rollout,0.00023746820372875244
4,0.1,100,61,tis,0.00134281899226393
4,0.1,100,61,uniform,0.0027711783411172334
4,0.1,100,62,complete_rollout,0.0001612286725221558
4,0.1,100,62,tis,0.007706919436985408
4,0.1,100,62,uniform,0.0027792938870093865
4,0.1,100,63,complete_rollout,0.0002736598135362919
4,0.1,100,63,tis,0.0036771992049767716
4,0.1,100,63,uniform,0.004732037897969186
4,0.1,100,64,complete_rollout,0.00021910741250720468
4,0.1,100,64,tis,0.0028690085258581822
4,0.1,100,64,uniform,0.0020801639100787913
4,0.1,100,65,complete_rollout,0.00012153663543307756
4,0.1,100,65,tis,0.003654748210669914
4,0.1,100,65,uniform,0.0043945249556745
4,0.1,100,66,complete_rollout,0.00019219756257602644
4,0.1,100,66,tis,0.005025109321811349
4,0.1,100,66,uniform,0.003714575682442729
4,0.1,100,67,complete_rollout,0.0001517402521492235
4,0.1,100,67,tis,0.005210605743101793
4,0.1,100,67,uniform,0.0035350836570460058
4,0.1,100,68,complete_rollout,0.00022200740001498745
4,0.1,100,68,tis,0.0011537454261468076
4,0.1,100,68,uniform,0.0027724885278921137
4,0.1,100,69,complete_rollout,0.00024612192782511163
4,0.1,100,69,tis,0.009305610978217792
4,0.1,100,69,uniform,0.0018059896521635617
4,0.1,100,70,complete_rollout,0.00017740126411457428
4,0.1,100,70,tis,0.0028485205858319543
4,0.1,100,70,uniform,0.0012456147780629716
4,0.1,100,71,complete_rollout,0.0001759621790683746
4,0.1,100,71,tis,0.001588998126627011
4,0.1,100,71,uniform,0.001477882260315454
4,0.1,100,72,complete_rollout,0.00010285865738792845
4,0.1,100,72,tis,0.0022146226296777326
4,0.1,100,72,uniform,0.003930607655506647
4,0.1,100,73,complete_rollout,0.00018949541423152305
4,0.1,100,73,tis,0.001324339060547001
4,0.1,100,73,uniform,0.003045047286669092
4,0.1,100,74,complete_rollout,0.0002201054098564912
4,0.1,100,74,tis,0.003561681823274132
4,0.1,100,74,uniform,0.0036089928770834095
4,0.1,100,75,complete_rollout,0.00018165588192245593
4,0.1,100,75,tis,0.0018961723703602828
4,0.1,100,75,uniform,0.002637771008149363
4,0.1,100,76,complete_rollout,0.0003922934532194751
4,0.1,100,76,tis,0.0070944602184736475
4,0.1,100,76,uniform,0.0020603090314578964
4,0.1,100,77,complete_rollout,0.00033236533069030564
4,0.1,100,77,tis,0.003240572013263417
4,0.1,100,77,uniform,0.0063789070327686884
4,0.1,100,78,complete_rollout,0.0002707569020127405
4,0.1,100,78,tis,0.002461516127843198
4,0.1,100,78,uniform,0.00245663365867863
4,0.1,100,79,complete_rollout,0.00024763903722213826
4,0.1,100,79,tis,0.005223170751058872
4,0.1,100,79,uniform,0.0029396759814502775
4,0.1,100,80,complete_rollout,0.0002269531082926084
4,0.1,100,80,tis,0.002299074325150096
4,0.1,100,80,uniform,0.0035720615581586257
4,0.1,100,81,complete_rollout,0.0001964806635234801
4,0.1,100,81,tis,0.0017609718120092754
4,0.1,100,81,uniform,0.002670447104708011
4,0.1,100,82,complete_rollout,0.00011195951171251994
4,0.1,100,82,tis,0.0029435086662811063
4,0.1,100,82,uniform,0.0022712734577138597
4,0.1,100,83,complete_rollout,0.00014447579906150615
4,0.1,100,83,tis,0.002677540673204012
4,0.1,100,83,uniform,0.01587387301640221
4,0.1,100,84,complete_rollout,0.0002189260591596657
4,0.1,100,84,tis,0.007017266053402581
4,0.1,100,84,uniform,0.003709867919936788
4,0.1,100,85,complete_rollout,0.00021971297945531422
4,0.1,100,85,tis,0.007300278359111289
4,0.1,100,85,uniform,0.001798448108624905
4,0.1,100,86,complete_rollout,0.00024964594545568607
4,0.1,100,86,tis,0.0023354024237241364
4,0.1,100,86,uniform,0.002735015873065666
4,0.1,100,87,complete_rollout,7.552083457236487e-05
4,0.1,100,87,tis,0.010391211290382162
4,0.1,100,87,uniform,0.0023489460661007444
4,0.1,100,88,complete_rollout,0.0002471978578553812
4,0.1,100,88,tis,0.00122132313541083
4,0.1,100,88,uniform,0.003126793800160946
4,0.1,100,89,complete_rollout,0.00020584628244484167
4,0.1,100,89,tis,0.002503646810281853
4,0.1,100,89,uniform,0.003116784943600314
4,0.1,100,90,complete_rollout,0.0001441663496132224
4,0.1,100,90,tis,0.0008974148416589084
4,0.1,100,90,uniform,0.0028555157335630912
4,0.1,100,91,complete_rollout,0.0002694367810690595
4,0.1,100,91,tis,0.0013164071157386818
4,0.1,100,91,uniform,0.0027871441526443517
4,0.1,100,92,complete_rollout,0.0002675666158984151
4,0.1,100,92,tis,0.0015799132086723219
4,0.1,100,92,uniform,0.004208145938739648
4,0.1,100,93,complete_rollout,0.00016338581350492162
4,0.1,100,93,tis,0.0009907031267936668
4,0.1,100,93,uniform,0.0038385403515075437
4,0.1,100,94,complete_rollout,0.00013715281202366373
4,0.1,100,94,tis,0.008807882310057705
4,0.1,100,94,uniform,0.0043987167870465525
4,0.1,100,95,complete_rollout,0.00010238730195486982
4,0.1,100,95,tis,0.001917350556729999
4,0.1,100,95,uniform,0.003484774196390271
4,0.1,100,96,complete_rollout,0.0002536052795040719
4,0.1,100,96,tis,0.002340918092359518
4,0.1,100,96,uniform,0.003726844153362865
4,0.1,100,97,complete_rollout,0.0001769484500834197
4,0.1,100,97,tis,0.0032114186194836048
4,0.1,100,97,uniform,0.006154711342252621
4,0.1,100,98,complete_rollout,0.00020060884351677375
4,0.1,100,98,tis,0.005890219554192422
4,0.1,100,98,uniform,0.00794032591095149
4,0.1,100,99,complete_rollout,0.00016735255218815263
4,0.1,100,99,tis,0.0010456055613863157
4,0.1,100,99,uniform,0.0016908245499788709
4,0.1,100,100,complete_rollout,0.0001447664081788617
4,0.1,100,100,tis,0.001377800948147037
4,0.1,100,100,uniform,0.005042492026293857
4,0.1,100,101,complete_rollout,0.0001212216318289486
4,0.1,100,101,tis,0.001559871605079354
4,0.1,100,101,uniform,0.002992284016975568
4,0.1,100,102,complete_rollout,0.0001800618615554596
4,0.1,100,102,tis,0.0008812785704166704
4,0.1,100,102,uniform,0.0014746594104532908
4,0.1,100,103,complete_rollout,0.0002245042753839994
4,0.1,100,103,tis,0.006610176679514377
4,0.1,100,103,uniform,0.0026233052230632894
4,0.1,100,104,complete_rollout,0.000103583044798705
4,0.1,100,104,tis,0.004415993870675848
4,0.1,100,104,uniform,0.0033935794236228498
4,0.1,100,105,complete_rollout,0.00024573193030826495
4,0.1,100,105,tis,0.01311788937156018
4,0.1,100,105,uniform,0.003193296757805074
4,0.1,100,106,complete_rollout,0.00016555509845673147
4,0.1,100,106,tis,0.001611720851634165
4,0.1,100,106,uniform,0.0014180612175291706
4,0.1,100,107,complete_rollout,0.0002879851314756766
4,0.1,100,107,tis,0.0015360434905899588
4,0.1,100,107,uniform,0.0017533259670243998
4,0.1,100,108,complete_rollout,0.00010024919270038764
4,0.1,100,108,tis,0.0028304840705400125
4,0.1,100,108,uniform,0.00402775839139858
4,0.1,100,109,complete_rollout,0.00026149348298474303
4,0.1,100,109,tis,0.002543791918447988
4,0.1,100,109,uniform,0.004355292271220604
4,0.1,100,110,complete_rollout,0.00023388453660837203
4,0.1,100,110,tis,0.005243643208617013
4,0.1,100,110,uniform,0.00240353329078687
4,0.1,100,111,complete_rollout,0.00013800631275641428
4,0.1,100,111,tis,0.0037929156648604115
4,0.1,100,111,uniform,0.0018385684825181605
4,0.1,100,112,complete_rollout,0.0001540015514327576
4,0.1,100,112,tis,0.0017676982407554098
4,0.1,100,112,uniform,0.003637164041943821
4,0.1,100,113,complete_rollout,0.00023528868210488275
4,0.1,100,113,tis,0.0031386471022714635
4,0.1,100,113,uniform,0.00723055522066714
4,0.1,100,114,complete_rollout,8.353582559334805e-05
4,0.1,100,114,tis,0.0029740943431552052
4,0.1,100,114,uniform,0.003364512004303608
4,0.1,100,115,complete_rollout,0.0002416219637823063
4,0.1,100,115,tis,0.003568779506666166
4,0.1,100,115,uniform,0.002197965580468036
4,0.1,100,116,complete_rollout,0.0001647148041493048
4,0.1,100,116,tis,0.002431286224301945
4,0.1,100,116,uniform,0.004309672782978936
4,0.1,100,117,complete_rollout,0.0002211042051250497
4,0.1,100,117,tis,0.0018643232777079916
4,0.1,100,117,uniform,0.0024362929194967423
4,0.1,100,118,complete_rollout,0.00018344184742281812
4,0.1,100,118,tis,0.0017762968519752869
4,0.1,100,118,uniform,0.0020072995759403286
4,0.1,100,119,complete_rollout,0.0001419856418732067
4,0.1,100,119,tis,0.0021809733891327648
4,0.1,100,119,uniform,0.002237683077760179
4,0.1,100,120,complete_rollout,0.0001789962730183448
4,0.1,100,120,tis,0.0028618512437807468
4,0.1,100,120,uniform,0.0018296935829064953
4,0.1,100,121,complete_rollout,0.0002037524685951161
4,0.1,100,121,tis,0.011572036516171742
4,0.1,100,121,uniform,0.0027430299434720285
4,0.1,100,122,complete_rollout,0.00013138155489971336
4,0.1,100,122,tis,0.0031610254957091756
4,0.1,100,122,uniform,0.004506977539022961
4,0.1,100,123,complete_rollout,0.00031673974071990454
4,0.1,100,123,tis,0.0019820985427362096
4,0.1,100,123,uniform,0.003580197284123089
4,0.1,100,124,complete_rollout,0.0001272938185099667
4,0.1,100,124,tis,0.002757662105119656
4,0.1,100,124,uniform,0.004075176424680801
4,0.1,100,125,complete_rollout,0.00018138257981081802
4,0.1,100,125,tis,0.0011261300679054841
4,0.1,100,125,uniform,0.002837825466483856
4,0.1,100,126,complete_rollout,0.0001856622337598098
4,0.1,100,126,tis,0.0016950053314222723
4,0.1,100,126,uniform,0.0023287344383566668
4,0.1,100,127,complete_rollout,0.00023715487350894806
4,0.1,100,127,tis,0.002340400974696632
4,0.1,100,127,uniform,0.00815947811392692
4,0.1,100,128,complete_rollout,0.00020355801900128525
4,0.1,100,128,tis,0.0019830808216446654
4,0.1,100,128,uniform,0.003883132505116368
4,0.1,100,129,complete_rollout,0.0002478558451940151
4,0.1,100,129,tis,0.0018391742336961515
4,0.1,100,129,uniform,0.002366060094418586
4,0.1,100,130,complete_rollout,0.00020864747667741638
4,0.1,100,130,tis,0.0022284999109364913
4,0.1,100,130,uniform,0.0024123721612224784
4,0.1,100,131,complete_rollout,0.00014880290795810179
4,0.1,100,131,tis,0.0026063207097052872
4,0.1,100,131,uniform,0.005299358404765799
4,0.1,100,132,complete_rollout,0.00023363568407250182
4,0.1,100,132,tis,0.001080930827029343
4,0.1,100,132,uniform,0.002001533661211078
4,0.1,100,133,complete_rollout,0.00017884498179824592
4,0.1,100,133,tis,0.00208455622018094
4,0.1,100,133,uniform,0.002087978851987336
4,0.1,100,134,complete_rollout,0.0001855342314706372
4,0.1,100,134,tis,0.0019252535933288878
4,0.1,100,134,uniform,0.002268738050758619
4,0.1,100,135,complete_rollout,0.00010498923024686058
4,0.1,100,135,tis,0.002273211654106909
4,0.1,100,135,uniform,0.0018662146749839326
4,0.1,100,136,complete_rollout,9.7784463375949e-05
4,0.1,100,136,tis,0.004236043831406033
4,0.1,100,136,uniform,0.004270000491876629
4,0.1,100,137,complete_rollout,0.0002050118797932402
4,0.1,100,137,tis,0.0036994292327374393
4,0.1,100,137,uniform,0.0031761852932803564
4,0.1,100,138,complete_rollout,0.00020294319931697557
4,0.1,100,138,tis,0.0015820929096167658
4,0.1,100,138,uniform,0.007654062090963493
4,0.1,100,139,complete_rollout,0.00022126735565221502
4,0.1,100,139,tis,0.002193846883529705
4,0.1,100,139,uniform,0.004615151415550313
4,0.1,100,140,complete_rollout,0.00020051941457211115
4,0.1,100,140,tis,0.003905853623118395
4,0.1,100,140,uniform,0.003805255019754993
4,0.1,100,141,complete_rollout,0.00019914095651095401
4,0.1,100,141,tis,0.00633986167499196
4,0.1,100,141,uniform,0.003206060953903481
4,0.1,100,142,complete_rollout,0.00022376202251106725
4,0.1,100,142,tis,0.007084208894289661
4,0.1,100,142,uniform,0.0033923642583477114
4,0.1,100,143,complete_rollout,0.00019331219794116678
4,0.1,100,143,tis,0.0018601355172873642
4,0.1,100,143,uniform,0.004455829159629442
4,0.1,100,144,complete_rollout,0.0002454013250676058
4,0.1,100,144,tis,0.0014661820604110456
4,0.1,100,144,uniform,0.0017703266400702698
4,0.1,100,145,complete_rollout,0.00013579673558538493
4,0.1,100,145,tis,0.0012642067068955915
4,0.1,100,145,uniform,0.0035883354233572566
4,0.1,100,146,complete_rollout,0.00020409887166617722
4,0.1,100,146,tis,0.008400047754049707
4,0.1,100,146,uniform,0.004157025040414936
4,0.1,100,147,complete_rollout,0.00014132682349490047
4,0.1,100,147,tis,0.0019467299461311256
4,0.1,100,147,uniform,0.004366704522697082
4,0.1,100,148,complete_rollout,0.00013308529952330253
4,0.1,100,148,tis,0.0003990512649054459
4,0.1,100,148,uniform,0.0013729835667908457
4,0.1,100,149,complete_rollout,0.00018136484915923449
4,0.1,100,149,tis,0.002983941786033415
4,0.1,100,149,uniform,0.004196978423230292
4,0.1,100,150,complete_rollout,0.0001667128415403666
4,0.1,100,150,tis,0.0024438740072075197
4,0.1,100,150,uniform,0.0023758538758567914
4,0.1,100,151,complete_rollout,0.00035553281931586893
4,0.1,100,151,tis,0.00220327821762747
4,0.1,100,151,uniform,0.0025111795162825563
4,0.1,100,152,complete_rollout,0.000351094460722213
4,0.1,100,152,tis,0.001419037482386895
4,0.1,100,152,uniform,0.003078671860546352
4,0.1,100,153,complete_rollout,0.00019184568927963676
4,0.1,100,153,tis,0.0038592304845851922
4,0.1,100,153,uniform,0.006703895003162234
4,0.1,100,154,complete_rollout,0.00028455030981097115
4,0.1,100,154,tis,0.0009953547476837226
4,0.1,100,154,uniform,0.002210328402128328
4,0.1,100,155,complete_rollout,0.00019281930866961127
4,0.1,100,155,tis,0.0023986955594976155
4,0.1,100,155,uniform,0.0037569349829970167
4,0.1,100,156,complete_rollout,0.00010579696782833378
4,0.1,100,156,tis,0.0026471953925144088
4,0.1,100,156,uniform,0.0023230852723450284
4,0.1,100,157,complete_rollout,0.00011040359964646746
4,0.1,100,157,tis,0.0015164864748945636
4,0.1,100,157,uniform,0.004200069822210552
4,0.1,100,158,complete_rollout,0.00016230043456976867
4,0.1,100,158,tis,0.0025186520722966536
4,0.1,100,158,uniform,0.007068241128925528
4,0.1,100,159,complete_rollout,0.00014936043630754556
4,0.1,100,159,tis,0.0011350071291666335
4,0.1,100,159,uniform,0.0022124247541033667
4,0.1,100,160,complete_rollout,0.00015239321760799606
4,0.1,100,160,tis,0.00272398484476139
4,0.1,100,160,uniform,0.003519160049728178
4,0.1,100,161,complete_rollout,0.00020513655688399998
4,0.1,100,161,tis,0.002136934798110308
4,0.1,100,161,uniform,0.002582559009015197
4,0.1,100,162,complete_rollout,0.0005940301578611442
4,0.1,100,162,tis,0.0018197544562066617
4,0.1,100,162,uniform,0.0018323626571856715
4,0.1,100,163,complete_rollout,0.00024313040454293245
4,0.1,100,163,tis,0.0032405570526621253
4,0.1,100,163,uniform,0.0035773211370097014
4,0.1,100,164,complete_rollout,0.00023886499904547242
4,0.1,100,164,tis,0.0017629829320657165
4,0.1,100,164,uniform,0.0018793271591884427
4,0.1,100,165,complete_rollout,0.00010135873307223108
4,0.1,100,165,tis,0.010707125039827903
4,0.1,100,165,uniform,0.0031958050569965775
4,0.1,100,166,complete_rollout,0.0002125195723441124
4,0.1,100,166,tis,0.0018972024383458476
4,0.1,100,166,uniform,0.03426021972931255
4,0.1,100,167,complete_rollout,0.0002114149788263102
4,0.1,100,167,tis,0.003291295784390642
4,0.1,100,167,uniform,0.0025990957661488176
4,0.1,100,168,complete_rollout,0.00020671644933272323
4,0.1,100,168,tis,0.001788681990485258
4,0.1,100,168,uniform,0.0031823729276876465
4,0.1,100,169,complete_rollout,0.00010882963960771905
4,0.1,100,169,tis,0.012352264831475111
4,0.1,100,169,uniform,0.005324163817154851
4,0.1,100,170,complete_rollout,0.00011883126905537076
4,0.1,100,170,tis,0.0022837210238792443
4,0.1,100,170,uniform,0.001908920091516249
4,0.1,100,171,complete_rollout,0.00024130075865757907
4,0.1,100,171,tis,0.0017819985890035824
4,0.1,100,171,uniform,0.002134346070974277
4,0.1,100,172,complete_rollout,0.0003278319277554467
4,0.1,100,172,tis,0.0026796398869819815
4,0.1,100,172,uniform,0.0024216402575069516
4,0.1,100,173,complete_rollout,0.0002032856052347474
4,0.1,100,173,tis,0.0018498880713651127
4,0.1,100,173,uniform,0.003674245169941185
4,0.1,100,174,complete_rollout,0.00021380711324010078
4,0.1,100,174,tis,0.006646457286879249
4,0.1,100,174,uniform,0.004629206622612275
4,0.1,100,175,complete_rollout,0.0004716382712734539
4,0.1,100,175,tis,0.0038020681680641095
4,0.1,100,175,uniform,0.0024670151289861047
4,0.1,100,176,complete_rollout,7.894222942537674e-05
4,0.1,100,176,tis,0.0023133555648071976
4,0.1,100,176,uniform,0.00227190755251397
4,0.1,100,177,complete_rollout,0.00013527012649066492
4,0.1,100,177,tis,0.00444888007605276
4,0.1,100,177,uniform,0.003241281094547283
4,0.1,100,178,complete_rollout,0.00043330354361074253
4,0.1,100,178,tis,0.0023875751363667845
4,0.1,100,178,uniform,0.0037455385024474444
4,0.1,100,179,complete_rollout,0.00011861301250607313
4,0.1,100,179,tis,0.005049759605900015
4,0.1,100,179,uniform,0.002388385301917586
4,0.1,100,180,complete_rollout,0.0003565430923534867
4,0.1,100,180,tis,0.0014117416292743976
4,0.1,100,180,uniform,0.002715314990812949
4,0.1,100,181,complete_rollout,0.00016847116383667012
4,0.1,100,181,tis,0.002550316475941554
4,0.1,100,181,uniform,0.003267723809007857
4,0.1,100,182,complete_rollout,0.00011357018872194944
4,0.1,100,182,tis,0.00659949898918862
4,0.1,100,182,uniform,0.0024397999042492097
4,0.1,100,183,complete_rollout,0.00017326138779363747
4,0.1,100,183,tis,0.001556767561675319
4,0.1,100,183,uniform,0.0018691571987587364
4,0.1,100,184,complete_rollout,0.0002867391736369781
4,0.1,100,184,tis,0.006385624992241339
4,0.1,100,184,uniform,0.004560849321094545
4,0.1,100,185,complete_rollout,0.00019954975669798344
4,0.1,100,185,tis,0.0030926550260755433
4,0.1,100,185,uniform,0.006114569145393494
4,0.1,100,186,complete_rollout,0.0002139102260992825
4,0.1,100,186,tis,0.0030513095300743944
4,0.1,100,186,uniform,0.0028277634152374764
4,0.1,100,187,complete_rollout,0.000165942085767727
4,0.1,100,187,tis,0.012732285989382757
4,0.1,100,187,uniform,0.002545688774877307
4,0.1,100,188,complete_rollout,0.00011429024786037782
4,0.1,100,188,tis,0.0013264759805206832
4,0.1,100,188,uniform,0.0028864664013369605
4,0.1,100,189,complete_rollout,0.00021364277770825126
4,0.1,100,189,tis,0.0004186454161498542
4,0.1,100,189,uniform,0.003512039536258436
4,0.1,100,190,complete_rollout,0.00016619747266267312
4,0.1,100,190,tis,0.003535411725557531
4,0.1,100,190,uniform,0.004350213260599279
4,0.1,100,191,complete_rollout,0.0001468629979052828
4,0.1,100,191,tis,0.004092223876502616
4,0.1,100,191,uniform,0.0034008172476207637
4,0.1,100,192,complete_rollout,0.00023947845066613988
4,0.1,100,192,tis,0.0043715870310614404
4,0.1,100,192,uniform,0.004557340540311873
4,0.1,100,193,complete_rollout,0.00027215009580987645
4,0.1,100,193,tis,0.0027406823595879917
4,0.1,100,193,uniform,0.001768416065592655
4,0.1,100,194,complete_rollout,0.0002063290979126069
4,0.1,100,194,tis,0.00753560678723505
4,0.1,100,194,uniform,0.002688906769113309
4,0.1,100,195,complete_rollout,0.0003533071520587648
4,0.1,100,195,tis,0.0035380218186649476
4,0.1,100,195,uniform,0.005054894805740618
4,0.1,100,196,complete_rollout,0.00018223680454329674
4,0.1,100,196,tis,0.0038573305092955714
4,0.1,100,196,uniform,0.004018093849649985
4,0.1,100,197,complete_rollout,0.0002278126869689169
4,0.1,100,197,tis,0.0019272229309747963
4,0.1,100,197,uniform,0.00300933697561767
4,0.1,100,198,complete_rollout,0.00025569485710940683
4,0.1,100,198,tis,0.005217003853450675
4,0.1,100,198,uniform,0.011828722201814579
4,0.1,100,199,complete_rollout,0.00022452663910000104
4,0.1,100,199,tis,0.002921971833159888
4,0.1,100,199,uniform,0.004067699021062083
4,0.1,100,200,complete_rollout,0.00011620355371984648
4,0.1,100,200,tis,0.002137438828157943
4,0.1,100,200,uniform,0.002565313628805496
4,0.1,100,201,complete_rollout,0.00021666656191411836
4,0.1,100,201,tis,0.00305764667109814
4,0.1,100,201,uniform,0.002685796835116828
4,0.1,100,202,complete_rollout,0.00014941970637425501
4,0.1,100,202,tis,0.0014031460058203443
4,0.1,100,202,uniform,0.0018192230270579158
4,0.1,100,203,complete_rollout,0.00022379356723911865
4,0.1,100,203,tis,0.0019156309101649959
4,0.1,100,203,uniform,0.0026013135470454754
4,0.1,100,204,complete_rollout,0.0002718300188533614
4,0.1,100,204,tis,0.002989418105602688
4,0.1,100,204,uniform,0.0016916324166170666
4,0.1,100,205,complete_rollout,0.00010134106097309435
4,0.1,100,205,tis,0.00247847517371532
4,0.1,100,205,uniform,0.0025711568216926447
4,0.1,100,206,complete_rollout,0.00023160186971663953
4,0.1,100,206,tis,0.001651186077962384
4,0.1,100,206,uniform,0.007325321836203593
4,0.1,100,207,complete_rollout,0.00026051678895556106
4,0.1,100,207,tis,0.021810606159747736
4,0.1,100,207,uniform,0.006791518107802711
4,0.1,100,208,complete_rollout,0.00014509692412133387
4,0.1,100,208,tis,0.0017093352081514934
4,0.1,100,208,uniform,0.004194462214314952
4,0.1,100,209,complete_rollout,0.00013650872955221018
4,0.1,100,209,tis,0.0041447736323088425
4,0.1,100,209,uniform,0.00989640970898622
4,0.1,100,210,complete_rollout,0.00015063222783766168
4,0.1,100,210,tis,0.0027389858148623852
4,0.1,100,210,uniform,0.0035425418981092686
4,0.1,100,211,complete_rollout,0.00023782877765572677
4,0.1,100,211,tis,0.002148824936762951
4,0.1,100,211,uniform,0.0019565187572257348
4,0.1,100,212,complete_rollout,0.00012391979777428473
4,0.1,100,212,tis,0.0015207471860811462
4,0.1,100,212,uniform,0.004355912727201596
4,0.1,100,213,complete_rollout,0.0002620904438455348
4,0.1,100,213,tis,0.0034284149769175645
4,0.1,100,213,uniform,0.002580274859423761
4,0.1,100,214,complete_rollout,0.0002660007871782341
4,0.1,100,214,tis,0.0021498767674552424
4,0.1,100,214,uniform,0.002810467521035665
4,0.1,100,215,complete_rollout,0.0003594472851498288
4,0.1,100,215,tis,0.0017703520337276602
4,0.1,100,215,uniform,0.0026767220929987475
4,0.1,100,216,complete_rollout,0.00014241754606088373
4,0.1,100,216,tis,0.0026621566232608667
4,0.1,100,216,uniform,0.003698026436610064
4,0.1,100,217,complete_rollout,0.00016689298908669297
4,0.1,100,217,tis,0.0025125907591409063
4,0.1,100,217,uniform,0.0017563545531543152
4,0.1,100,218,complete_rollout,0.0002255935016352188
4,0.1,100,218,tis,0.000673737082411169
4,0.1,100,218,uniform,0.0022935632313137934
4,0.1,100,219,complete_rollout,0.00016453795355698728
4,0.1,100,219,tis,0.0027894912601583617
4,0.1,100,219,uniform,0.013825336099291315
4,0.1,100,220,complete_rollout,0.00022911419391608576
4,0.1,100,220,tis,0.0011698605723206724
4,0.1,100,220,uniform,0.0038878530299524382
4,0.1,100,221,complete_rollout,0.00012515851802026118
4,0.1,100,221,tis,0.003246733899926752
4,0.1,100,221,uniform,0.003734506573164039
4,0.1,100,222,complete_rollout,0.00011015704294504927
4,0.1,100,222,tis,0.006630309360104855
4,0.1,100,222,uniform,0.0042453764290727525
4,0.1,100,223,complete_rollout,0.00030606584758956223
4,0.1,100,223,tis,0.004811513832718108
4,0.1,100,223,uniform,0.004212317853981662
4,0.1,100,224,complete_rollout,0.0002497381028155665
4,0.1,100,224,tis,0.0019047926976520613
4,0.1,100,224,uniform,0.003066180598932811
4,0.1,100,225,complete_rollout,0.0002072711543383538
4,0.1,100,225,tis,0.0021573115332695213
4,0.1,100,225,uniform,0.004966121377805532
4,0.1,100,226,complete_rollout,0.00026499528871433187
4,0.1,100,226,tis,0.0025343412203433584
4,0.1,100,226,uniform,0.005607525298437885
4,0.1,100,227,complete_rollout,0.00011152032000235222
4,0.1,100,227,tis,0.006794190335419871
4,0.1,100,227,uniform,0.004770984697609625
4,0.1,100,228,complete_rollout,0.00019141875109634362
4,0.1,100,228,tis,0.0029437795720352483
4,0.1,100,228,uniform,0.006348950902123787
4,0.1,100,229,complete_rollout,0.00013837931171962645
4,0.1,100,229,tis,0.006612466687214373
4,0.1,100,229,uniform,0.0022974329807792598
4,0.1,100,230,complete_rollout,0.00013253489080061815
4,0.1,100,230,tis,0.001008004690188327
4,0.1,100,230,uniform,0.009927493850433606
4,0.1,100,231,complete_rollout,0.00023326291648752975
4,0.1,100,231,tis,0.0030356652319786354
4,0.1,100,231,uniform,0.002522839328506949
4,0.1,100,232,complete_rollout,0.00019225796429997975
4,0.1,100,232,tis,0.0019246961325848793
4,0.1,100,232,uniform,0.002920239860551116
4,0.1,100,233,complete_rollout,9.562196975410929e-05
4,0.1,100,233,tis,0.0028345176261572406
4,0.1,100,233,uniform,0.005467590434257698
4,0.1,100,234,complete_rollout,0.00020999413472359304
4,0.1,100,234,tis,0.002783463428861594
4,0.1,100,234,uniform,0.0027115621646501115
4,0.1,100,235,complete_rollout,0.0001967036619900592
4,0.1,100,235,tis,0.001526371633813726
4,0.1,100,235,uniform,0.0038622947713189406
4,0.1,100,236,complete_rollout,7.084122949915874e-05
4,0.1,100,236,tis,0.0040376460103359185
4,0.1,100,236,uniform,0.006247141321072166
4,0.1,100,237,complete_rollout,0.00017179444921458682
4,0.1,100,237,tis,0.0008631529409377943
4,0.1,100,237,uniform,0.0027780998424345774
4,0.1,100,238,complete_rollout,0.00023466452091156252
4,0.1,100,238,tis,0.003439169069411069
4,0.1,100,238,uniform,0.0023078800747093537
4,0.1,100,239,complete_rollout,0.00022009944434099672
4,0.1,100,239,tis,0.0024362739684341914
4,0.1,100,239,uniform,0.0033967923958039487
4,0.1,100,240,complete_rollout,0.00020157229316022202
4,0.1,100,240,tis,0.00405818365574055
4,0.1,100,240,uniform,0.005267530814657436
4,0.1,100,241,complete_rollout,0.00024675704979521055
4,0.1,100,241,tis,0.004152806162173623
4,0.1,100,241,uniform,0.008749072068221455
4,0.1,100,242,complete_rollout,0.00013693206978883412
4,0.1,100,242,tis,0.0018205859539950724
4,0.1,100,242,uniform,0.0038319147234869635
4,0.1,100,243,complete_rollout,0.0005035389201682367
4,0.1,100,243,tis,0.001742423190486474
4,0.1,100,243,uniform,0.0023417428874677668
4,0.1,100,244,complete_rollout,0.00012203019163915369
4,0.1,100,244,tis,0.00359709651703911
4,0.1,100,244,uniform,0.0030648600888579344
4,0.1,100,245,complete_rollout,0.0001813285114834243
4,0.1,100,245,tis,0.003704466694214034
4,0.1,100,245,uniform,0.0029302709873699068
4,0.1,100,246,complete_rollout,0.00015277879937306945
4,0.1,100,246,tis,0.003643933231261647
4,0.1,100,246,uniform,0.008310187823183338
4,0.1,100,247,complete_rollout,0.00028281732389072114
4,0.1,100,247,tis,0.0021533028044554824
4,0.1,100,247,uniform,0.0038768307486271546
4,0.1,100,248,complete_rollout,0.0003919631073990223
4,0.1,100,248,tis,0.001662692925144447
4,0.1,100,248,uniform,0.0028681094747185776
4,0.1,100,249,complete_rollout,0.0001279162635703261
4,0.1,100,249,tis,0.0011334224637808267
4,0.1,100,249,uniform,0.002318617798504884
4,0.1,100,250,complete_rollout,0.00019281395441426042
4,0.1,100,250,tis,0.002274657131934202
4,0.1,100,250,uniform,0.006090969631067623
4,0.1,100,251,complete_rollout,0.0001903161760677298
4,0.1,100,251,tis,0.0021394117995643634
4,0.1,100,251,uniform,0.00266775042538419
4,0.1,100,252,complete_rollout,0.0002561386689482183
4,0.1,100,252,tis,0.001290959983428352
4,0.1,100,252,uniform,0.0033569346493482507
4,0.1,100,253,complete_rollout,0.0004078889635986168
4,0.1,100,253,tis,0.002361038675583065
4,0.1,100,253,uniform,0.0024463874562534967
4,0.1,100,254,complete_rollout,0.0003020250534491883
4,0.1,100,254,tis,0.004746473828569977
4,0.1,100,254,uniform,0.004729330031095509
4,0.1,100,255,complete_rollout,0.0003747991476487827
4,0.1,100,255,tis,0.00940922184557775
4,0.1,100,255,uniform,0.005400063868345568
4,0.1,100,256,complete_rollout,0.00015693999392801634
4,0.1,100,256,tis,0.0015141070633750738
4,0.1,100,256,uniform,0.001937766854046622
4,0.1,100,257,complete_rollout,0.00021325114814032728
4,0.1,100,257,tis,0.002447537588205441
4,0.1,100,257,uniform,0.0028620074552731544
4,0.1,100,258,complete_rollout,0.00025519019504993473
4,0.1,100,258,tis,0.0017158466011344014
4,0.1,100,258,uniform,0.0018895401307655528
4,0.1,100,259,complete_rollout,0.00016429554732274543
4,0.1,100,259,tis,0.0015241207772235465
4,0.1,100,259,uniform,0.004170132164923318
4,0.1,100,260,complete_rollout,0.0001318525151734406
4,0.1,100,260,tis,0.0022357138761552784
4,0.1,100,260,uniform,0.005892161683279063
4,0.1,100,261,complete_rollout,0.00013148082169993732
4,0.1,100,261,tis,0.012583139348599835
4,0.1,100,261,uniform,0.002435130723736179
4,0.1,100,262,complete_rollout,9.817439720689654e-05
4,0.1,100,262,tis,0.00489497616747928
4,0.1,100,262,uniform,0.00274560401632293
4,0.1,100,263,complete_rollout,0.00014078841428580063
4,0.1,100,263,tis,0.0012642265372315264
4,0.1,100,263,uniform,0.003104199936928888
4,0.1,100,264,complete_rollout,0.00020818082789413606
4,0.1,100,264,tis,0.002459249522016321
4,0.1,100,264,uniform,0.009518719775760099
4,0.1,100,265,complete_rollout,0.00014866473371764563
4,0.1,100,265,tis,0.0036225639804486846
4,0.1,100,265,uniform,0.003366069924816251
4,0.1,100,266,complete_rollout,0.00016074397780079444
4,0.1,100,266,tis,0.007052231027083198
4,0.1,100,266,uniform,0.0015677270449512932
4,0.1,100,267,complete_rollout,0.00012410036954451753
4,0.1,100,267,tis,0.014655476323900662
4,0.1,100,267,uniform,0.0012613806240760793
4,0.1,100,268,complete_rollout,0.00016321172121375502
4,0.1,100,268,tis,0.0034125007737659634
4,0.1,100,268,uniform,0.0020008262520153568
4,0.1,100,269,complete_rollout,0.00027015353146434413
4,0.1,100,269,tis,0.003991214862075757
4,0.1,100,269,uniform,0.002861876414834267
4,0.1,100,270,complete_rollout,0.00016452964473613396
4,0.1,100,270,tis,0.009420918159248889
4,0.1,100,270,uniform,0.003033942278122514
4,0.1,100,271,complete_rollout,0.0008063043865074995
4,0.1,100,271,tis,0.00971343050048688
4,0.1,100,271,uniform,0.0034071899239150076
4,0.1,100,272,complete_rollout,0.0001850721353420121
4,0.1,100,272,tis,0.008982975852847621
4,0.1,100,272,uniform,0.0034614944502075183
4,0.1,100,273,complete_rollout,0.00033992993824276033
4,0.1,100,273,tis,0.0014298025477548877
4,0.1,100,273,uniform,0.004123410195357306
4,0.1,100,274,complete_rollout,0.00018774857858378538
4,0.1,100,274,tis,0.003510094282596475
4,0.1,100,274,uniform,0.0018246395082004354
4,0.1,100,275,complete_rollout,0.0001329844188073719
4,0.1,100,275,tis,0.004222649765175701
4,0.1,100,275,uniform,0.004142635919865329
4,0.1,100,276,complete_rollout,0.00026075006472366775
4,0.1,100,276,tis,0.0014961366076210489
4,0.1,100,276,uniform,0.0078115302053194165
4,0.1,100,277,complete_rollout,0.00016828850901303696
4,0.1,100,277,tis,0.002820966459196626
4,0.1,100,277,uniform,0.003530007966534597
4,0.1,100,278,complete_rollout,0.0001442017791962785
4,0.1,100,278,tis,0.0027045776734947427
4,0.1,100,278,uniform,0.001557345352150277
4,0.1,100,279,complete_rollout,0.00014304000582171698
4,0.1,100,279,tis,0.0017827740274245875
4,0.1,100,279,uniform,0.003156090393338318
4,0.1,100,280,complete_rollout,0.0002616072160717426
4,0.1,100,280,tis,0.002659898345690404
4,0.1,100,280,uniform,0.0038848498082621873
4,0.1,100,281,complete_rollout,0.0003269326354452166
4,0.1,100,281,tis,0.0035302413894555693
4,0.1,100,281,uniform,0.005530404758085278
4,0.1,100,282,complete_rollout,0.0001468423388517739
4,0.1,100,282,tis,0.0018934034199527298
4,0.1,100,282,uniform,0.002065027776774642
4,0.1,100,283,complete_rollout,0.00011805870383664415
4,0.1,100,283,tis,0.0015112749426114502
4,0.1,100,283,uniform,0.002373422175979241
4,0.1,100,284,complete_rollout,0.00015867825547936405
4,0.1,100,284,tis,0.0019817678331020437
4,0.1,100,284,uniform,0.002887210327095898
4,0.1,100,285,complete_rollout,0.0003098082604573097
4,0.1,100,285,tis,0.002763252169638037
4,0.1,100,285,uniform,0.0023831353229130576
4,0.1,100,286,complete_rollout,0.0005204234152218475
4,0.1,100,286,tis,0.01465242358818492
4,0.1,100,286,uniform,0.005134196794159219
4,0.1,100,287,complete_rollout,0.00013787138993518535
4,0.1,100,287,tis,0.004162818492463046
4,0.1,100,287,uniform,0.0018570091697155077
4,0.1,100,288,complete_rollout,0.00021792852181400874
4,0.1,100,288,tis,0.0015353226038722619
4,0.1,100,288,uniform,0.004464112251758417
4,0.1,100,289,complete_rollout,0.0002289482623396641
4,0.1,100,289,tis,0.0031948447229686165
4,0.1,100,289,uniform,0.00547822415173006
4,0.1,100,290,complete_rollout,0.00017876133002716704
4,0.1,100,290,tis,0.002548428079950254
4,0.1,100,290,uniform,0.003020847665575281
4,0.1,100,291,complete_rollout,0.00015827050630637927
4,0.1,100,291,tis,0.001845388562005335
4,0.1,100,291,uniform,0.0014560618749416086
4,0.1,100,292,complete_rollout,0.00024871859450127675
4,0.1,100,292,tis,0.003238881915102773
4,0.1,100,292,uniform,0.0031216927175942003
4,0.1,100,293,complete_rollout,0.0002075842068167315
4,0.1,100,293,tis,0.0020095919781169774
4,0.1,100,293,uniform,0.002477120115582711
4,0.1,100,294,complete_rollout,0.0003650703564980476
4,0.1,100,294,tis,0.0018490014570130197
4,0.1,100,294,uniform,0.0013699508292837293
4,0.1,100,295,complete_rollout,0.00037218539667030964
4,0.1,100,295,tis,0.0047537174462132055
4,0.1,100,295,uniform,0.002909498266002023
4,0.1,100,296,complete_rollout,0.00014515474717327853
4,0.1,100,296,tis,0.006549655088338626
4,0.1,100,296,uniform,0.0018683540390716088
4,0.1,100,297,complete_rollout,0.0003528281059847321
4,0.1,100,297,tis,0.0033936031176085716
4,0.1,100,297,uniform,0.0026106745549520157
4,0.1,100,298,complete_rollout,0.00021186405064412247
4,0.1,100,298,tis,0.0033253771836760444
4,0.1,100,298,uniform,0.003749537973627319
4,0.1,100,299,complete_rollout,0.00016914231601594106
4,0.1,100,299,tis,0.0018505011581514985
4,0.1,100,299,uniform,0.0019867797057318854
4,0.1,200,0,complete_rollout,5.3652419792982366e-05
4,0.1,200,0,tis,0.0003514256943188277
4,0.1,200,0,uniform,0.002106205384392378
4,0.1,200,1,complete_rollout,7.552512953017397e-05
4,0.1,200,1,tis,0.0027756959643220097
4,0.1,200,1,uniform,0.0009302083896284255
4,0.1,200,2,complete_rollout,0.00017319690451349698
4,0.1,200,2,tis,0.00115262353810245
4,0.1,200,2,uniform,0.0012438779849394974
4,0.1,200,3,complete_rollout,0.00017789074486083736
4,0.1,200,3,tis,0.0008572470727259412
4,0.1,200,3,uniform,0.0008813704134128545
4,0.1,200,4,complete_rollout,4.9732818474902495e-05
4,0.1,200,4,tis,0.0019324043065086424
4,0.1,200,4,uniform,0.0018381609748366
4,0.1,200,5,complete_rollout,9.96846005636072e-05
4,0.1,200,5,tis,0.0034668726178712773
4,0.1,200,5,uniform,0.001382547343909432
4,0.1,200,6,complete_rollout,6.86862238763062e-05
4,0.1,200,6,tis,0.002001178703298016
4,0.1,200,6,uniform,0.0011789040846374068
4,0.1,200,7,complete_rollout,0.00011375682298461889
4,0.1,200,7,tis,0.0029124076297991127
4,0.1,200,7,uniform,0.004490717403649105
4,0.1,200,8,complete_rollout,0.00013802143591984937
4,0.1,200,8,tis,0.0017452248715560156
4,0.1,200,8,uniform,0.0037077097733935692
4,0.1,200,9,complete_rollout,0.0001756118043260294
4,0.1,200,9,tis,0.0011123159813421623
4,0.1,200,9,uniform,0.0017611661571942446
4,0.1,200,10,complete_rollout,9.546817889409095e-05
4,0.1,200,10,tis,0.0029190816668486818
4,0.1,200,10,uniform,0.0011152451566244423
4,0.1,200,11,complete_rollout,8.421894866289157e-05
4,0.1,200,11,tis,0.0017146773839593218
4,0.1,200,11,uniform,0.0015993120808854716
4,0.1,200,12,complete_rollout,4.325785683452075e-05
4,0.1,200,12,tis,0.00146133084701731
4,0.1,200,12,uniform,0.0014321665520653072
4,0.1,200,13,complete_rollout,9.432908082318389e-05
4,0.1,200,13,tis,0.0023258571139956655
4,0.1,200,13,uniform,0.0016177551630430932
4,0.1,200,14,complete_rollout,7.315351016646532e-05
4,0.1,200,14,tis,0.000663954998552157
4,0.1,200,14,uniform,0.00166934652992271
4,0.1,200,15,complete_rollout,9.865431765553605e-05
4,0.1,200,15,tis,0.0015829385680061752
4,0.1,200,15,uniform,0.0019752219647422367
4,0.1,200,16,complete_rollout,8.556112350638287e-05
4,0.1,200,16,tis,0.00043865613871473983
4,0.1,200,16,uniform,0.0008730096926449897
4,0.1,200,17,complete_rollout,6.767530295734712e-05
4,0.1,200,17,tis,0.001156662392158176
4,0.1,200,17,uniform,0.0012289401795181995
4,0.1,200,18,complete_rollout,8.604660281738001e-05
4,0.1,200,18,tis,0.002915062278490701
4,0.1,200,18,uniform,0.0018508317306272272
4,0.1,200,19,complete_rollout,9.587188018367148e-05
4,0.1,200,19,tis,0.0018293854705957037
4,0.1,200,19,uniform,0.001336470097627802
4,0.1,200,20,complete_rollout,8.951925469083886e-05
4,0.1,200,20,tis,0.0007157350642536224
4,0.1,200,20,uniform,0.0010783814182697812
4,0.1,200,21,complete_rollout,0.00011846749341530411
4,0.1,200,21,tis,0.0005885278093319532
4,0.1,200,21,uniform,0.0013157720576593493
4,0.1,200,22,complete_rollout,8.316575700790113e-05
4,0.1,200,22,tis,0.002353958049604673
4,0.1,200,22,uniform,0.0008953190832798442
4,0.1,200,23,complete_rollout,5.204923651574349e-05
4,0.1,200,23,tis,0.00038277627851695915
4,0.1,200,23,uniform,0.0011835417220227085
4,0.1,200,24,complete_rollout,4.467639616281347e-05
4,0.1,200,24,tis,0.0009188316199537175
4,0.1,200,24,uniform,0.0015260801155056749
4,0.1,200,25,complete_rollout,0.00011264810148400955
4,0.1,200,25,tis,0.00030681453968235786
4,0.1,200,25,uniform,0.0020314714824935316
4,0.1,200,26,complete_rollout,6.82809934783175e-05
4,0.1,200,26,tis,0.0014505765737058952
4,0.1,200,26,uniform,0.002610073365592702
4,0.1,200,27,complete_rollout,0.00011495241687286342
4,0.1,200,27,tis,0.0016764199242332684
4,0.1,200,27,uniform,0.0016513596336044352
4,0.1,200,28,complete_rollout,0.00010509456183684545
4,0.1,200,28,tis,0.001787264190420112
4,0.1,200,28,uniform,0.004701927987459301
4,0.1,200,29,complete_rollout,5.707923850956586e-05
4,0.1,200,29,tis,0.002717018269722364
4,0.1,200,29,uniform,0.0013293087486045889
4,0.1,200,30,complete_rollout,6.795643979903923e-05
4,0.1,200,30,tis,0.0011972178509788703
4,0.1,200,30,uniform,0.0012238433253274257
4,0.1,200,31,complete_rollout,0.00015947658782594813
4,0.1,200,31,tis,0.001596860771449331
4,0.1,200,31,uniform,0.0011401279531897304
4,0.1,200,32,complete_rollout,0.00013024055789959254
4,0.1,200,32,tis,0.007107818107557922
4,0.1,200,32,uniform,0.0015689291171571253
4,0.1,200,33,complete_rollout,0.0001657936365587997
4,0.1,200,33,tis,0.00046448903150866336
4,0.1,200,33,uniform,0.002870687004056124
4,0.1,200,34,complete_rollout,0.0001034246435665054
4,0.1,200,34,tis,0.001227981407588422
4,0.1,200,34,uniform,0.0016685803607025885
4,0.1,200,35,complete_rollout,8.845268650374705e-05
4,0.1,200,35,tis,0.003515642066963853
4,0.1,200,35,uniform,0.0033224318655974633
4,0.1,200,36,complete_rollout,7.539857258747496e-05
4,0.1,200,36,tis,0.0025763663670543323
4,0.1,200,36,uniform,0.0011865028026883616
4,0.1,200,37,complete_rollout,0.0001028463345169101
4,0.1,200,37,tis,0.0009423032325541643
4,0.1,200,37,uniform,0.0009014503602535695
4,0.1,200,38,complete_rollout,0.00011657753181974543
4,0.1,200,38,tis,0.0027719703170920066
4,0.1,200,38,uniform,0.0012491345285248667
4,0.1,200,39,complete_rollout,7.822566680674397e-05
4,0.1,200,39,tis,0.0005773849536719939
4,0.1,200,39,uniform,0.0030245935250635325
4,0.1,200,40,complete_rollout,9.281877976416675e-05
4,0.1,200,40,tis,0.0006208527929155379
4,0.1,200,40,uniform,0.0021897526134750695
4,0.1,200,41,complete_rollout,7.24565673795351e-05
4,0.1,200,41,tis,0.0022056898395777205
4,0.1,200,41,uniform,0.001176700521970668
4,0.1,200,42,complete_rollout,0.00010552603828959214
4,0.1,200,42,tis,0.0008637979197039633
4,0.1,200,42,uniform,0.0007268156831328091
4,0.1,200,43,complete_rollout,0.00010458132025569214
4,0.1,200,43,tis,0.0006699848550585642
4,0.1,200,43,uniform,0.001331277631521014
4,0.1,200,44,complete_rollout,6.196160078987125e-05
4,0.1,200,44,tis,0.0017546003987973717
4,0.1,200,44,uniform,0.0010032243245763016
4,0.1,200,45,complete_rollout,9.497400671981927e-05
4,0.1,200,45,tis,0.0008589466346346691
4,0.1,200,45,uniform,0.00225282128015493
4,0.1,200,46,complete_rollout,0.00012583157397133245
4,0.1,200,46,tis,0.0016651570848162719
4,0.1,200,46,uniform,0.0016298933129388305
4,0.1,200,47,complete_rollout,5.548195406809842e-05
4,0.1,200,47,tis,0.003828416742497017
4,0.1,200,47,uniform,0.0010693307894384246
4,0.1,200,48,complete_rollout,9.546460738197319e-05
4,0.1,200,48,tis,0.009779513609169808
4,0.1,200,48,uniform,0.001861986072823021
4,0.1,200,49,complete_rollout,0.0001620551823579789
4,0.1,200,49,tis,0.0018617796501572876
4,0.1,200,49,uniform,0.0023963162950457494
4,0.1,200,50,complete_rollout,0.0001106186058869389
4,0.1,200,50,tis,0.0008042329608032267
4,0.1,200,50,uniform,0.0009559864476831269
4,0.1,200,51,complete_rollout,8.536200351701978e-05
4,0.1,200,51,tis,0.0007650427599042481
4,0.1,200,51,uniform,0.0009286425451434548
4,0.1,200,52,complete_rollout,0.00018524225562312964
4,0.1,200,52,tis,0.0002831944830230691
4,0.1,200,52,uniform,0.000687817076742266
4,0.1,200,53,complete_rollout,0.00011979966033622058
4,0.1,200,53,tis,0.000404777916788174
4,0.1,200,53,uniform,0.0019847250898501045
4,0.1,200,54,complete_rollout,0.000117839638157146
4,0.1,200,54,tis,0.008415912288106758
4,0.1,200,54,uniform,0.00151327154891773
4,0.1,200,55,complete_rollout,6.969568406253078e-05
4,0.1,200,55,tis,0.005534392360587736
4,0.1,200,55,uniform,0.0011814366605650101
4,0.1,200,56,complete_rollout,7.970207430683625e-05
4,0.1,200,56,tis,0.0007888130413593505
4,0.1,200,56,uniform,0.0013445932555476662
4,0.1,200,57,complete_rollout,8.196135691829705e-05
4,0.1,200,57,tis,0.0038674923790278405
4,0.1,200,57,uniform,0.0025841244879651125
4,0.1,200,58,complete_rollout,9.115094281088082e-05
4,0.1,200,58,tis,0.0008595398983499199
4,0.1,200,58,uniform,0.0009464369713806122
4,0.1,200,59,complete_rollout,0.00032251134045322485
4,0.1,200,59,tis,0.0021036287678355514
4,0.1,200,59,uniform,0.002108950048246119
4,0.1,200,60,complete_rollout,9.464985908179649e-05
4,0.1,200,60,tis,0.00179751647358398
4,0.1,200,60,uniform,0.0015534372706385096
4,0.1,200,61,complete_rollout,5.99186577346342e-05
4,0.1,200,61,tis,0.0005754629776660593
4,0.1,200,61,uniform,0.0014044610088263794
4,0.1,200,62,complete_rollout,8.157783689746976e-05
4,0.1,200,62,tis,0.0007214603987693824
4,0.1,200,62,uniform,0.0007141634820494511
4,0.1,200,63,complete_rollout,0.00010222451774509182
4,0.1,200,63,tis,0.0013119020026942777
4,0.1,200,63,uniform,0.0011317111092078959
4,0.1,200,64,complete_rollout,5.048305447426489e-05
4,0.1,200,64,tis,0.002525560618168196
4,0.1,200,64,uniform,0.0011725083704206593
4,0.1,200,65,complete_rollout,9.494283031219175e-05
4,0.1,200,65,tis,0.0008738694173507067
4,0.1,200,65,uniform,0.0017476972193191174
4,0.1,200,66,complete_rollout,0.00013320439605201952
4,0.1,200,66,tis,0.0015055848750104796
4,0.1,200,66,uniform,0.0014206076162589034
4,0.1,200,67,complete_rollout,7.974307570160296e-05
4,0.1,200,67,tis,0.0022705620246216566
4,0.1,200,67,uniform,0.0038937575070870103
4,0.1,200,68,complete_rollout,9.33379209909127e-05
4,0.1,200,68,tis,0.0006918523410916014
4,0.1,200,68,uniform,0.002271985710668048
4,0.1,200,69,complete_rollout,8.045855091322935e-05
4,0.1,200,69,tis,0.0072678835528018565
4,0.1,200,69,uniform,0.0019433551508015333
4,0.1,200,70,complete_rollout,6.106944202523073e-05
4,0.1,200,70,tis,0.0018847696774891816
4,0.1,200,70,uniform,0.0034500881968248984
4,0.1,200,71,complete_rollout,0.00013707034896712152
4,0.1,200,71,tis,0.005856748180934547
4,0.1,200,71,uniform,0.001334689102838095
4,0.1,200,72,complete_rollout,6.322129440127086e-05
4,0.1,200,72,tis,0.0014895730279230694
4,0.1,200,72,uniform,0.0019123891551981514
4,0.1,200,73,complete_rollout,0.00014871088930619604
4,0.1,200,73,tis,0.00043165783983102173
4,0.1,200,73,uniform,0.0027536224093604516
4,0.1,200,74,complete_rollout,0.00016997110095332934
4,0.1,200,74,tis,0.0013170749238679228
4,0.1,200,74,uniform,0.0013245595379775218
4,0.1,200,75,complete_rollout,9.788170555280592e-05
4,0.1,200,75,tis,0.002602296697232451
4,0.1,200,75,uniform,0.0019325804873983423
4,0.1,200,76,complete_rollout,0.00011639779167441965
4,0.1,200,76,tis,0.0025023795757415936
4,0.1,200,76,uniform,0.0026816298593039982
4,0.1,200,77,complete_rollout,0.00012960964108613742
4,0.1,200,77,tis,0.001214557893993124
4,0.1,200,77,uniform,0.0025789176903960585
4,0.1,200,78,complete_rollout,7.1048128230577e-05
4,0.1,200,78,tis,0.0009697327203318018
4,0.1,200,78,uniform,0.0016442639566307986
4,0.1,200,79,complete_rollout,0.00010540526898404004
4,0.1,200,79,tis,0.0012506498426698375
4,0.1,200,79,uniform,0.003910937894397332
4,0.1,200,80,complete_rollout,0.000124636899781797
4,0.1,200,80,tis,0.009071893168550393
4,0.1,200,80,uniform,0.0018825425575635564
4,0.1,200,81,complete_rollout,9.698132983630388e-05
4,0.1,200,81,tis,0.002581950470600567
4,0.1,200,81,uniform,0.002018239828960707
4,0.1,200,82,complete_rollout,7.608912620345702e-05
4,0.1,200,82,tis,0.001523397495084161
4,0.1,200,82,uniform,0.002237447909862314
4,0.1,200,83,complete_rollout,0.00021141109316728563
4,0.1,200,83,tis,0.0013140440956503645
4,0.1,200,83,uniform,0.0006580561848893634
4,0.1,200,84,complete_rollout,0.0001067642055827442
4,0.1,200,84,tis,0.00758748086578466
4,0.1,200,84,uniform,0.002479465387285798
4,0.1,200,85,complete_rollout,8.561501773857034e-05
4,0.1,200,85,tis,0.010885119278523038
4,0.1,200,85,uniform,0.0031085004572397107
4,0.1,200,86,complete_rollout,0.00011547901971547095
4,0.1,200,86,tis,0.0011860706465685994
4,0.1,200,86,uniform,0.0035499617156297893
4,0.1,200,87,complete_rollout,7.443945461748069e-05
4,0.1,200,87,tis,0.00035735281836547035
4,0.1,200,87,uniform,0.0010194809362949716
4,0.1,200,88,complete_rollout,0.00013905906419866388
4,0.1,200,88,tis,0.0009941340497095295
4,0.1,200,88,uniform,0.0021367517427595966
4,0.1,200,89,complete_rollout,8.672710100961614e-05
4,0.1,200,89,tis,0.0035151045407228643
4,0.1,200,89,uniform,0.0013189770853919436
4,0.1,200,90,complete_rollout,0.00018939726718530746
4,0.1,200,90,tis,0.0014237913127918946
4,0.1,200,90,uniform,0.001355360394736281
4,0.1,200,91,complete_rollout,3.596626830759258e-05
4,0.1,200,91,tis,0.0011162459351427745
4,0.1,200,91,uniform,0.0022274475096309546
4,0.1,200,92,complete_rollout,9.643830390510112e-05
4,0.1,200,92,tis,0.0007474341497455583
4,0.1,200,92,uniform,0.0013109680443020894
4,0.1,200,93,complete_rollout,6.822936642385672e-05
4,0.1,200,93,tis,0.0005730916016773695
4,0.1,200,93,uniform,0.0012277562858160772
4,0.1,200,94,complete_rollout,7.840583894311648e-05
4,0.1,200,94,tis,0.0013616828812322518
4,0.1,200,94,uniform,0.0010574417181565252
4,0.1,200,95,complete_rollout,5.624971976454847e-05
4,0.1,200,95,tis,0.0012858002187685976
4,0.1,200,95,uniform,0.0014959645331313449
4,0.1,200,96,complete_rollout,0.0001751199811207167
4,0.1,200,96,tis,0.0025683179608429457
4,0.1,200,96,uniform,0.0011888389852779406
4,0.1,200,97,complete_rollout,6.952739968924512e-05
4,0.1,200,97,tis,0.012060638819453214
4,0.1,200,97,uniform,0.001897470679565793
4,0.1,200,98,complete_rollout,0.00012833363856567918
4,0.1,200,98,tis,0.000612244034981237
4,0.1,200,98,uniform,0.0018684861213569242
4,0.1,200,99,complete_rollout,0.00010334102348164614
4,0.1,200,99,tis,0.0010800908234441014
4,0.1,200,99,uniform,0.004496558198520049
4,0.1,200,100,complete_rollout,8.416995406289803e-05
4,0.1,200,100,tis,0.0010167346243979737
4,0.1,200,100,uniform,0.0014620185999902212
4,0.1,200,101,complete_rollout,0.00016092710322271263
4,0.1,200,101,tis,0.0015904520583784995
4,0.1,200,101,uniform,0.0013906050904486393
4,0.1,200,102,complete_rollout,7.157593648335343e-05
4,0.1,200,102,tis,0.002491429355878442
4,0.1,200,102,uniform,0.002665310985637531
4,0.1,200,103,complete_rollout,7.399397924413396e-05
4,0.1,200,103,tis,0.001334675654448279
4,0.1,200,103,uniform,0.0015487226729047636
4,0.1,200,104,complete_rollout,0.00014069382468823917
4,0.1,200,104,tis,0.0016156680341985745
4,0.1,200,104,uniform,0.000924580931907229
4,0.1,200,105,complete_rollout,8.922026499123309e-05
4,0.1,200,105,tis,0.002794465644019423
4,0.1,200,105,uniform,0.00223123923766726
4,0.1,200,106,complete_rollout,0.00010104566532248446
4,0.1,200,106,tis,0.0010319734699861546
4,0.1,200,106,uniform,0.0017616603817292831
4,0.1,200,107,complete_rollout,9.240855954356942e-05
4,0.1,200,107,tis,0.0012377420757289331
4,0.1,200,107,uniform,0.0013083855123240487
4,0.1,200,108,complete_rollout,0.00011507799956596983
4,0.1,200,108,tis,0.0011553743386578368
4,0.1,200,108,uniform,0.001867195088732334
4,0.1,200,109,complete_rollout,8.184212970250109e-05
4,0.1,200,109,tis,0.007849580684532488
4,0.1,200,109,uniform,0.002945437590588556
4,0.1,200,110,complete_rollout,0.00010163534353240371
4,0.1,200,110,tis,0.002017233730823015
4,0.1,200,110,uniform,0.0014914507519318912
4,0.1,200,111,complete_rollout,0.00010622210460843448
4,0.1,200,111,tis,0.004535053612682911
4,0.1,200,111,uniform,0.004014232709147294
4,0.1,200,112,complete_rollout,0.0001100300330218498
4,0.1,200,112,tis,0.0006442754542077125
4,0.1,200,112,uniform,0.0011325231156136656
4,0.1,200,113,complete_rollout,0.00011847394371874757
4,0.1,200,113,tis,0.0007608380864293506
4,0.1,200,113,uniform,0.0017795194865972987
4,0.1,200,114,complete_rollout,7.158198133067708e-05
4,0.1,200,114,tis,0.001959317770571913
4,0.1,200,114,uniform,0.002220512624429655
4,0.1,200,115,complete_rollout,0.00010277620488054144
4,0.1,200,115,tis,0.0031378490307925324
4,0.1,200,115,uniform,0.0017616522965034737
4,0.1,200,116,complete_rollout,0.00011998783422979813
4,0.1,200,116,tis,0.0010307540154360177
4,0.1,200,116,uniform,0.0019808781436283845
4,0.1,200,117,complete_rollout,8.957845672228002e-05
4,0.1,200,117,tis,0.0012693251825908584
4,0.1,200,117,uniform,0.0015051041416956907
4,0.1,200,118,complete_rollout,6.44430884265572e-05
4,0.1,200,118,tis,0.0008831265074727434
4,0.1,200,118,uniform,0.004263788372267774
4,0.1,200,119,complete_rollout,6.941520401919128e-05
4,0.1,200,119,tis,0.001498645203331164
4,0.1,200,119,uniform,0.0014169778205010085
4,0.1,200,120,complete_rollout,8.089674350420321e-05
4,0.1,200,120,tis,0.002360228329770517
4,0.1,200,120,uniform,0.0009342573538843153
4,0.1,200,121,complete_rollout,9.033958402455733e-05
4,0.1,200,121,tis,0.004189661033031669
4,0.1,200,121,uniform,0.0036007480017312904
4,0.1,200,122,complete_rollout,0.00022508956821681733
4,0.1,200,122,tis,0.0010885486440379106
4,0.1,200,122,uniform,0.0028018835850601937
4,0.1,200,123,complete_rollout,8.841875725717956e-05
4,0.1,200,123,tis,0.002989754292379499
4,0.1,200,123,uniform,0.0013690635608232537
4,0.1,200,124,complete_rollout,0.00016370203172694236
4,0.1,200,124,tis,0.0010950010444536159
4,0.1,200,124,uniform,0.002812638052081648
4,0.1,200,125,complete_rollout,0.00011993399335764608
4,0.1,200,125,tis,0.0010229133840083543
4,0.1,200,125,uniform,0.0008657113870864328
4,0.1,200,126,complete_rollout,7.09096889765457e-05
4,0.1,200,126,tis,0.0021359394072401287
4,0.1,200,126,uniform,0.002665310632053439
4,0.1,200,127,complete_rollout,4.381138878325965e-05
4,0.1,200,127,tis,0.0011254480753520493
4,0.1,200,127,uniform,0.0035225324281979993
4,0.1,200,128,complete_rollout,9.878651996427162e-05
4,0.1,200,128,tis,0.0020735411782056563
4,0.1,200,128,uniform,0.001736915315556403
4,0.1,200,129,complete_rollout,0.00019148100180532083
4,0.1,200,129,tis,0.0019971888723104535
4,0.1,200,129,uniform,0.0019042574144457276
4,0.1,200,130,complete_rollout,8.989931159744122e-05
4,0.1,200,130,tis,0.0005266078643324768
4,0.1,200,130,uniform,0.0011287327053764247
4,0.1,200,131,complete_rollout,8.34971907872798e-05
4,0.1,200,131,tis,0.0004463308973919835
4,0.1,200,131,uniform,0.002411558064427547
4,0.1,200,132,complete_rollout,9.717453432333173e-05
4,0.1,200,132,tis,0.0037856435497232036
4,0.1,200,132,uniform,0.003187057285776203
4,0.1,200,133,complete_rollout,0.00010937924518375328
4,0.1,200,133,tis,0.006331042974958295
4,0.1,200,133,uniform,0.001695497585555673
4,0.1,200,134,complete_rollout,0.00012095824477228587
4,0.1,200,134,tis,0.0019184355928457285
4,0.1,200,134,uniform,0.0008568041708594049
4,0.1,200,135,complete_rollout,8.569994275028472e-05
4,0.1,200,135,tis,0.0012367115862742886
4,0.1,200,135,uniform,0.0012174545032022836
4,0.1,200,136,complete_rollout,0.00010847773184948173
4,0.1,200,136,tis,0.0006347857613146611
4,0.1,200,136,uniform,0.0006689688183491138
4,0.1,200,137,complete_rollout,0.00013141505096381868
4,0.1,200,137,tis,0.0031106746200644914
4,0.1,200,137,uniform,0.003190270739418355
4,0.1,200,138,complete_rollout,0.00010734867046867171
4,0.1,200,138,tis,0.00045039061438458596
4,0.1,200,138,uniform,0.000954992283123308
4,0.1,200,139,complete_rollout,9.461475859053654e-05
4,0.1,200,139,tis,0.00026141468862297685
4,0.1,200,139,uniform,0.0009603105323565748
4,0.1,200,140,complete_rollout,9.219189261315558e-05
4,0.1,200,140,tis,0.003718398949061353
4,0.1,200,140,uniform,0.0027946229457691363
4,0.1,200,141,complete_rollout,0.00012502845656043533
4,0.1,200,141,tis,0.0017762865515124882
4,0.1,200,141,uniform,0.0015962099067070613
4,0.1,200,142,complete_rollout,8.877406469093782e-05
4,0.1,200,142,tis,0.005069300783996858
4,0.1,200,142,uniform,0.0011474348489784732
4,0.1,200,143,complete_rollout,9.709139632910487e-05
4,0.1,200,143,tis,0.001428923476093664
4,0.1,200,143,uniform,0.0009449107385303326
4,0.1,200,144,complete_rollout,0.00011310932994936943
4,0.1,200,144,tis,0.0015165364383136718
4,0.1,200,144,uniform,0.002123421487751568
4,0.1,200,145,complete_rollout,9.23108199793535e-05
4,0.1,200,145,tis,0.0016208328138605853
4,0.1,200,145,uniform,0.0011383432098161631
4,0.1,200,146,complete_rollout,0.00017482711642571213
4,0.1,200,146,tis,0.003034591088870196
4,0.1,200,146,uniform,0.002748936712119133
4,0.1,200,147,complete_rollout,9.010756440192303e-05
4,0.1,200,147,tis,0.000765106959889967
4,0.1,200,147,uniform,0.0008465141010452093
4,0.1,200,148,complete_rollout,0.0001464878093413712
4,0.1,200,148,tis,0.0005198520170508535
4,0.1,200,148,uniform,0.0016912194309277857
4,0.1,200,149,complete_rollout,7.527898322177485e-05
4,0.1,200,149,tis,0.0012576957004778056
4,0.1,200,149,uniform,0.0007047479630520434
4,0.1,200,150,complete_rollout,4.0270453143218335e-05
4,0.1,200,150,tis,0.008295011010133097
4,0.1,200,150,uniform,0.0026760564907834885
4,0.1,200,151,complete_rollout,7.924129309998522e-05
4,0.1,200,151,tis,0.0005885434573538529
4,0.1,200,151,uniform,0.0011920957644655766
4,0.1,200,152,complete_rollout,0.00013476228352269024
4,0.1,200,152,tis,0.0003312981349857542
4,0.1,200,152,uniform,0.0014967678707196016
4,0.1,200,153,complete_rollout,7.355541352314204e-05
4,0.1,200,153,tis,0.003113981406821663
4,0.1,200,153,uniform,0.0019217194422228485
4,0.1,200,154,complete_rollout,0.00015745688303062685
4,0.1,200,154,tis,0.0020968770162845553
4,0.1,200,154,uniform,0.004806392954465964
4,0.1,200,155,complete_rollout,0.00012195979566193457
4,0.1,200,155,tis,0.0007884637566921444
4,0.1,200,155,uniform,0.0014867402665090694
4,0.1,200,156,complete_rollout,5.099811623880563e-05
4,0.1,200,156,tis,0.0011831783789101951
4,0.1,200,156,uniform,0.0037905799233356706
4,0.1,200,157,complete_rollout,0.00013682698839708235
4,0.1,200,157,tis,0.0010709852923218909
4,0.1,200,157,uniform,0.001686301267342151
4,0.1,200,158,complete_rollout,5.83910164944099e-05
4,0.1,200,158,tis,0.0018168138738610042
4,0.1,200,158,uniform,0.0034283694813144116
4,0.1,200,159,complete_rollout,8.117863378038885e-05
4,0.1,200,159,tis,0.002029646962674246
4,0.1,200,159,uniform,0.0015963993233472906
4,0.1,200,160,complete_rollout,0.00010092233290186885
4,0.1,200,160,tis,0.001503593225125165
4,0.1,200,160,uniform,0.0021807109682421876
4,0.1,200,161,complete_rollout,0.00010601887068157499
4,0.1,200,161,tis,0.0012323300018588113
4,0.1,200,161,uniform,0.004855414935059728
4,0.1,200,162,complete_rollout,8.037588210593105e-05
4,0.1,200,162,tis,0.0008691026047059827
4,0.1,200,162,uniform,0.0018404905792733057
4,0.1,200,163,complete_rollout,0.00010731544809708958
4,0.1,200,163,tis,0.0004070956227607692
4,0.1,200,163,uniform,0.00228425545110057
4,0.1,200,164,complete_rollout,0.00011888859307734806
4,0.1,200,164,tis,0.001958022974953022
4,0.1,200,164,uniform,0.0011102914553930638
4,0.1,200,165,complete_rollout,0.0001243393838414118
4,0.1,200,165,tis,0.0006600948939428558
4,0.1,200,165,uniform,0.0013790531051797587
4,0.1,200,166,complete_rollout,0.00013640233735843965
4,0.1,200,166,tis,0.0002450398221358688
4,0.1,200,166,uniform,0.0008416140981747306
4,0.1,200,167,complete_rollout,0.00013655302885577826
4,0.1,200,167,tis,0.00031157152815989827
4,0.1,200,167,uniform,0.0015157247128298678
4,0.1,200,168,complete_rollout,6.951779788603034e-05
4,0.1,200,168,tis,0.001419850970157175
4,0.1,200,168,uniform,0.0025594532936368407
4,0.1,200,169,complete_rollout,0.00012244481547353728
4,0.1,200,169,tis,0.001980197416492621
4,0.1,200,169,uniform,0.0026753935136741495
4,0.1,200,170,complete_rollout,0.00014145498350169876
4,0.1,200,170,tis,0.0008993691664588881
4,0.1,200,170,uniform,0.002775975510396441
4,0.1,200,171,complete_rollout,6.624849845312369e-05
4,0.1,200,171,tis,0.0013369332472022374
4,0.1,200,171,uniform,0.002239544158379883
4,0.1,200,172,complete_rollout,0.0001223290963353102
4,0.1,200,172,tis,0.0005093601271115326
4,0.1,200,172,uniform,0.0016653209646158831
4,0.1,200,173,complete_rollout,9.437020811205825e-05
4,0.1,200,173,tis,0.0011838864954715727
4,0.1,200,173,uniform,0.0009454139408065009
4,0.1,200,174,complete_rollout,0.00011217325167579975
4,0.1,200,174,tis,0.0005407182251043925
4,0.1,200,174,uniform,0.0010736606950736418
4,0.1,200,175,complete_rollout,8.380851536415526e-05
4,0.1,200,175,tis,0.0008253164955704949
4,0.1,200,175,uniform,0.0012733126731189527
4,0.1,200,176,complete_rollout,0.00012519581722703028
4,0.1,200,176,tis,0.0005150195873911942
4,0.1,200,176,uniform,0.001335391182683172
4,0.1,200,177,complete_rollout,0.00019895494094903588
4,0.1,200,177,tis,0.0030094037950107433
4,0.1,200,177,uniform,0.0019606559619933964
4,0.1,200,178,complete_rollout,9.369731916804534e-05
4,0.1,200,178,tis,0.0008266325589554727
4,0.1,200,178,uniform,0.0011639643139575288
4,0.1,200,179,complete_rollout,0.00010672128085157588
4,0.1,200,179,tis,0.0012861573331837118
4,0.1,200,179,uniform,0.0010723761794632595
4,0.1,200,180,complete_rollout,0.00011864456161316641
4,0.1,200,180,tis,0.01239303565868693
4,0.1,200,180,uniform,0.0013939131477736099
4,0.1,200,181,complete_rollout,0.0001129400043361319
4,0.1,200,181,tis,0.0013811301314259632
4,0.1,200,181,uniform,0.0012653683784075974
4,0.1,200,182,complete_rollout,9.518186714386712e-05
4,0.1,200,182,tis,0.0024807928708494645
4,0.1,200,182,uniform,0.00156889986336742
4,0.1,200,183,complete_rollout,0.000120922075361158
4,0.1,200,183,tis,0.0007843238243197408
4,0.1,200,183,uniform,0.0009473689887981372
4,0.1,200,184,complete_rollout,0.00015350163257040015
4,0.1,200,184,tis,0.0020750909260730407
4,0.1,200,184,uniform,0.0019516724187737626
4,0.1,200,185,complete_rollout,6.897326751173235e-05
4,0.1,200,185,tis,0.0008103283842784673
4,0.1,200,185,uniform,0.0016686974719966725
4,0.1,200,186,complete_rollout,8.599822378884138e-05
4,0.1,200,186,tis,0.0021107493145479037
4,0.1,200,186,uniform,0.0006901578157751043
4,0.1,200,187,complete_rollout,0.0001808396556923569
4,0.1,200,187,tis,0.00171617730934771
4,0.1,200,187,uniform,0.0012613314302211223
4,0.1,200,188,complete_rollout,5.279491653711079e-05
4,0.1,200,188,tis,0.010027136922740515
4,0.1,200,188,uniform,0.001582319211057993
4,0.1,200,189,complete_rollout,7.923518321565946e-05
4,0.1,200,189,tis,0.00030440530165662334
4,0.1,200,189,uniform,0.0011647259671185282
4,0.1,200,190,complete_rollout,0.0001107204642129398
4,0.1,200,190,tis,0.0011926492115866653
4,0.1,200,190,uniform,0.0012934095227159787
4,0.1,200,191,complete_rollout,0.00010502678640425047
4,0.1,200,191,tis,0.00218481044872806
4,0.1,200,191,uniform,0.0010563919692074622
4,0.1,200,192,complete_rollout,0.00014576367114115524
4,0.1,200,192,tis,0.0014850904048916154
4,0.1,200,192,uniform,0.0023550674224837747
4,0.1,200,193,complete_rollout,8.027114690291655e-05
4,0.1,200,193,tis,0.004593176194324399
4,0.1,200,193,uniform,0.0011460760039836131
4,0.1,200,194,complete_rollout,0.00010488768566919261
4,0.1,200,194,tis,0.0021938765707396205
4,0.1,200,194,uniform,0.001261526210939351
4,0.1,200,195,complete_rollout,6.794029105610785e-05
4,0.1,200,195,tis,0.0015776478312823714
4,0.1,200,195,uniform,0.0019219215623792008
4,0.1,200,196,complete_rollout,8.815480400288777e-05
4,0.1,200,196,tis,0.0007530294977680691
4,0.1,200,196,uniform,0.0009326226797831088
4,0.1,200,197,complete_rollout,8.077754944003938e-05
4,0.1,200,197,tis,0.0006658917857437503
4,0.1,200,197,uniform,0.0020828343067275396
4,0.1,200,198,complete_rollout,0.00010376431586352067
4,0.1,200,198,tis,0.0011017176740674719
4,0.1,200,198,uniform,0.0019090540882962912
4,0.1,200,199,complete_rollout,5.450765692624705e-05
4,0.1,200,199,tis,0.0037731937010155366
4,0.1,200,199,uniform,0.0016425796768955762
4,0.1,200,200,complete_rollout,0.00013477969967931887
4,0.1,200,200,tis,0.002593366343959003
4,0.1,200,200,uniform,0.002177373249968591
4,0.1,200,201,complete_rollout,0.0001427413952674128
4,0.1,200,201,tis,0.0005691264190332486
4,0.1,200,201,uniform,0.0013474135312523383
4,0.1,200,202,complete_rollout,6.888458164198288e-05
4,0.1,200,202,tis,0.0034961535128027917
4,0.1,200,202,uniform,0.0012498543024658743
4,0.1,200,203,complete_rollout,0.00014733225877238833
4,0.1,200,203,tis,0.003024152375923287
4,0.1,200,203,uniform,0.001676304820513315
4,0.1,200,204,complete_rollout,5.6325102633294564e-05
4,0.1,200,204,tis,0.0023705693087905564
4,0.1,200,204,uniform,0.001124492833985356
4,0.1,200,205,complete_rollout,0.0001342899576872281
4,0.1,200,205,tis,0.0017969385789402173
4,0.1,200,205,uniform,0.0021900876453434235
4,0.1,200,206,complete_rollout,9.562961238864262e-05
4,0.1,200,206,tis,0.0015839543190451703
4,0.1,200,206,uniform,0.002652720997891476
4,0.1,200,207,complete_rollout,9.455815546738662e-05
4,0.1,200,207,tis,0.0006107933960666171
4,0.1,200,207,uniform,0.0008437907219874001
4,0.1,200,208,complete_rollout,7.63803406397354e-05
4,0.1,200,208,tis,0.0017207227204407698
4,0.1,200,208,uniform,0.004264829012636129
4,0.1,200,209,complete_rollout,0.00010691800557445607
4,0.1,200,209,tis,0.0020172190666838427
4,0.1,200,209,uniform,0.0013223692161427162
4,0.1,200,210,complete_rollout,6.925091362029616e-05
4,0.1,200,210,tis,0.0004060215042771467
4,0.1,200,210,uniform,0.0009513770086133897
4,0.1,200,211,complete_rollout,0.00011189962386281512
4,0.1,200,211,tis,0.0009620158618468644
4,0.1,200,211,uniform,0.0013150732115073498
4,0.1,200,212,complete_rollout,6.841392775996697e-05
4,0.1,200,212,tis,0.005838336511185665
4,0.1,200,212,uniform,0.0013444760447070213
4,0.1,200,213,complete_rollout,5.450704557702875e-05
4,0.1,200,213,tis,0.0012001095613836017
4,0.1,200,213,uniform,0.0019394141128338503
4,0.1,200,214,complete_rollout,6.255910929707503e-05
4,0.1,200,214,tis,0.0023324411804397076
4,0.1,200,214,uniform,0.0008614468447356566
4,0.1,200,215,complete_rollout,9.374859732551816e-05
4,0.1,200,215,tis,0.0023467965635123587
4,0.1,200,215,uniform,0.0029153493300338533
4,0.1,200,216,complete_rollout,9.717448553556214e-05
4,0.1,200,216,tis,0.0004713141381120758
4,0.1,200,216,uniform,0.0005844906388895802
4,0.1,200,217,complete_rollout,8.928228434111622e-05
4,0.1,200,217,tis,0.0011358500575969542
4,0.1,200,217,uniform,0.001687143565670965
4,0.1,200,218,complete_rollout,8.112732008560236e-05
4,0.1,200,218,tis,0.0018126549774157678
4,0.1,200,218,uniform,0.002423636432585148
4,0.1,200,219,complete_rollout,0.00016301386503931524
4,0.1,200,219,tis,0.0008229340420510219
4,0.1,200,219,uniform,0.0010389560595920853
4,0.1,200,220,complete_rollout,0.00010493714217331766
4,0.1,200,220,tis,0.00093751076404063
4,0.1,200,220,uniform,0.0007301241118328494
4,0.1,200,221,complete_rollout,0.0001020480725487822
4,0.1,200,221,tis,0.002373195032097154
4,0.1,200,221,uniform,0.0021770254181324228
4,0.1,200,222,complete_rollout,7.475205579349774e-05
4,0.1,200,222,tis,0.002896791549823108
4,0.1,200,222,uniform,0.0031609747515218955
4,0.1,200,223,complete_rollout,0.0001979058037652389
4,0.1,200,223,tis,0.0013831980800453152
4,0.1,200,223,uniform,0.0017895309690167459
4,0.1,200,224,complete_rollout,0.00010504686896863718
4,0.1,200,224,tis,0.0028359787865531007
4,0.1,200,224,uniform,0.0032303227202902895
4,0.1,200,225,complete_rollout,7.354291783661309e-05
4,0.1,200,225,tis,0.0011178265302173433
4,0.1,200,225,uniform,0.0021878380088577844
4,0.1,200,226,complete_rollout,6.39185886461001e-05
4,0.1,200,226,tis,0.0010230783690071243
4,0.1,200,226,uniform,0.0019439383790942346
4,0.1,200,227,complete_rollout,0.00014030362095366407
4,0.1,200,227,tis,0.0004189469964487923
4,0.1,200,227,uniform,0.0009281568791505995
4,0.1,200,228,complete_rollout,8.859682716692307e-05
4,0.1,200,228,tis,0.0022150975334645257
4,0.1,200,228,uniform,0.0017506104375664985
4,0.1,200,229,complete_rollout,0.00015788243475947818
4,0.1,200,229,tis,0.0009851951658077776
4,0.1,200,229,uniform,0.0019343550204097384
4,0.1,200,230,complete_rollout,7.866541896908397e-05
4,0.1,200,230,tis,0.0018422787981705864
4,0.1,200,230,uniform,0.0013254164072781186
4,0.1,200,231,complete_rollout,0.00012383329161308275
4,0.1,200,231,tis,0.0033870884969158326
4,0.1,200,231,uniform,0.0012997839726662348
4,0.1,200,232,complete_rollout,5.891361639609366e-05
4,0.1,200,232,tis,0.00106921111051336
4,0.1,200,232,uniform,0.0014016632554108277
4,0.1,200,233,complete_rollout,7.83958614903147e-05
4,0.1,200,233,tis,0.007260819557618323
4,0.1,200,233,uniform,0.000706302708285892
4,0.1,200,234,complete_rollout,8.8069132765618e-05
4,0.1,200,234,tis,0.0016220424410930314
4,0.1,200,234,uniform,0.002064314374009529
4,0.1,200,235,complete_rollout,3.467704755564366e-05
4,0.1,200,235,tis,0.0022325549811641407
4,0.1,200,235,uniform,0.001091519363878314
4,0.1,200,236,complete_rollout,9.121491035404766e-05
4,0.1,200,236,tis,0.004280724059339824
4,0.1,200,236,uniform,0.0010178755163613125
4,0.1,200,237,complete_rollout,6.430546629452669e-05
4,0.1,200,237,tis,0.0007928162420376649
4,0.1,200,237,uniform,0.0011327519473217
4,0.1,200,238,complete_rollout,0.00011826783067832464
4,0.1,200,238,tis,0.0016529479608716332
4,0.1,200,238,uniform,0.0028269309500355984
4,0.1,200,239,complete_rollout,0.00011845232480179039
4,0.1,200,239,tis,0.0009343618863380527
4,0.1,200,239,uniform,0.0008762651867743989
4,0.1,200,240,complete_rollout,0.00020935161421640797
4,0.1,200,240,tis,0.0025929990625766985
4,0.1,200,240,uniform,0.0024148719496308764
4,0.1,200,241,complete_rollout,8.493569868053599e-05
4,0.1,200,241,tis,0.0006049834828992227
4,0.1,200,241,uniform,0.0011723072823756665
4,0.1,200,242,complete_rollout,0.00012747290320646578
4,0.1,200,242,tis,0.0030039211647541835
4,0.1,200,242,uniform,0.0009036640424321558
4,0.1,200,243,complete_rollout,0.00011810152506763547
4,0.1,200,243,tis,0.001972987895835267
4,0.1,200,243,uniform,0.0024535428579479397
4,0.1,200,244,complete_rollout,0.00012494628707337431
4,0.1,200,244,tis,0.002193525525737413
4,0.1,200,244,uniform,0.003276875487661069
4,0.1,200,245,complete_rollout,7.332459148481157e-05
4,0.1,200,245,tis,0.001207894686010528
4,0.1,200,245,uniform,0.0021345493223945042
4,0.1,200,246,complete_rollout,6.594816659434688e-05
4,0.1,200,246,tis,0.004163835021735503
4,0.1,200,246,uniform,0.001302124480894279
4,0.1,200,247,complete_rollout,0.00011492644018646468
4,0.1,200,247,tis,0.0018429207739784
4,0.1,200,247,uniform,0.0019400365441435779
4,0.1,200,248,complete_rollout,0.00012157621007703513
4,0.1,200,248,tis,0.0016544903993929755
4,0.1,200,248,uniform,0.0025517511602910214
4,0.1,200,249,complete_rollout,8.524579421172109e-05
4,0.1,200,249,tis,0.002813381851724175
4,0.1,200,249,uniform,0.0021135241555314517
4,0.1,200,250,complete_rollout,9.656401647900336e-05
4,0.1,200,250,tis,0.0019756043719989427
4,0.1,200,250,uniform,0.0011001817853960995
4,0.1,200,251,complete_rollout,7.46197363273054e-05
4,0.1,200,251,tis,0.0018596768825686887
4,0.1,200,251,uniform,0.0032094779023584268
4,0.1,200,252,complete_rollout,6.48619453655978e-05
4,0.1,200,252,tis,0.0018573479205958592
4,0.1,200,252,uniform,0.0030650964041792337
4,0.1,200,253,complete_rollout,0.00011679504283548663
4,0.1,200,253,tis,0.0025131830128809415
4,0.1,200,253,uniform,0.002343805096334301
4,0.1,200,254,complete_rollout,0.00021344338190671964
4,0.1,200,254,tis,0.0018870458745353432
4,0.1,200,254,uniform,0.0015033670255137663
4,0.1,200,255,complete_rollout,0.00012754487651749424
4,0.1,200,255,tis,0.0006572846659822572
4,0.1,200,255,uniform,0.0017557443555913748
4,0.1,200,256,complete_rollout,0.00020562043136719324
4,0.1,200,256,tis,0.003662444729666449
4,0.1,200,256,uniform,0.0012016591420247933
4,0.1,200,257,complete_rollout,0.00011663065432375603
4,0.1,200,257,tis,0.0030002330550169404
4,0.1,200,257,uniform,0.00242199694567341
4,0.1,200,258,complete_rollout,4.3670275801871914e-05
4,0.1,200,258,tis,0.001023741591928711
4,0.1,200,258,uniform,0.002238254507274487
4,0.1,200,259,complete_rollout,0.00018126946424599222
4,0.1,200,259,tis,0.0027057901572173242
4,0.1,200,259,uniform,0.0012498689480981457
4,0.1,200,260,complete_rollout,9.167427959325434e-05
4,0.1,200,260,tis,0.0017715667696615778
4,0.1,200,260,uniform,0.001750239033149632
4,0.1,200,261,complete_rollout,0.00010145755876497503
4,0.1,200,261,tis,0.0016850994583098191
4,0.1,200,261,uniform,0.0010251114998481616
4,0.1,200,262,complete_rollout,0.00014495687745055957
4,0.1,200,262,tis,0.0016549423096317622
4,0.1,200,262,uniform,0.0012660323276483146
4,0.1,200,263,complete_rollout,8.696943195439269e-05
4,0.1,200,263,tis,0.0008360780977615021
4,0.1,200,263,uniform,0.0015554576449919122
4,0.1,200,264,complete_rollout,7.901928700287562e-05
4,0.1,200,264,tis,0.0009051196921597546
4,0.1,200,264,uniform,0.000774977909125973
4,0.1,200,265,complete_rollout,8.402251792964794e-05
4,0.1,200,265,tis,0.0011912406425965772
4,0.1,200,265,uniform,0.001157714222770862
4,0.1,200,266,complete_rollout,0.00013274857179582634
4,0.1,200,266,tis,0.0008261958495465418
4,0.1,200,266,uniform,0.0016475235021721115
4,0.1,200,267,complete_rollout,0.0002052900746320086
4,0.1,200,267,tis,0.0010110222051124365
4,0.1,200,267,uniform,0.0020784393987132717
4,0.1,200,268,complete_rollout,0.00017307855268999282
4,0.1,200,268,tis,0.0036921701804783318
4,0.1,200,268,uniform,0.0011393848550217314
4,0.1,200,269,complete_rollout,0.00010374000217267139
4,0.1,200,269,tis,0.0009914125740421618
4,0.1,200,269,uniform,0.0017817380200539077
4,0.1,200,270,complete_rollout,0.0002145775380620611
4,0.1,200,270,tis,0.0042734521462105485
4,0.1,200,270,uniform,0.003005092496063916
4,0.1,200,271,complete_rollout,0.00013566469326210516
4,0.1,200,271,tis,0.003585758282505966
4,0.1,200,271,uniform,0.0007914042314087912
4,0.1,200,272,complete_rollout,0.00011378432887663054
4,0.1,200,272,tis,0.002636277431696467
4,0.1,200,272,uniform,0.0015402052810630804
4,0.1,200,273,complete_rollout,9.56090151577921e-05
4,0.1,200,273,tis,0.001359410968934368
4,0.1,200,273,uniform,0.0023322385570626377
4,0.1,200,274,complete_rollout,0.0001662461829110372
4,0.1,200,274,tis,0.0024122352887257915
4,0.1,200,274,uniform,0.001653128601379921
4,0.1,200,275,complete_rollout,9.799805181445748e-05
4,0.1,200,275,tis,0.0056117357076366425
4,0.1,200,275,uniform,0.0020550129391384755
4,0.1,200,276,complete_rollout,5.1800526167220605e-05
4,0.1,200,276,tis,0.0011994523143358214
4,0.1,200,276,uniform,0.0014693144470145577
4,0.1,200,277,complete_rollout,0.00010501023177406633
4,0.1,200,277,tis,0.0008622030486476426
4,0.1,200,277,uniform,0.005542597937419833
4,0.1,200,278,complete_rollout,9.29746611798449e-05
4,0.1,200,278,tis,0.0009598828574135925
4,0.1,200,278,uniform,0.002115550279274642
4,0.1,200,279,complete_rollout,9.549187887296172e-05
4,0.1,200,279,tis,0.0008432592654784236
4,0.1,200,279,uniform,0.0007762622546181282
4,0.1,200,280,complete_rollout,0.00012833660584895065
4,0.1,200,280,tis,0.0014085755620973004
4,0.1,200,280,uniform,0.0011885421289965878
4,0.1,200,281,complete_rollout,7.698984481453412e-05
4,0.1,200,281,tis,0.0007017106986738283
4,0.1,200,281,uniform,0.0009793384040393425
4,0.1,200,282,complete_rollout,5.9686482836071984e-05
4,0.1,200,282,tis,0.0009951932470343336
4,0.1,200,282,uniform,0.001473638838334232
4,0.1,200,283,complete_rollout,6.624784198210049e-05
4,0.1,200,283,tis,0.001164528718933766
4,0.1,200,283,uniform,0.0032088222222838476
4,0.1,200,284,complete_rollout,0.00012539282012469095
4,0.1,200,284,tis,0.00042382985544831117
4,0.1,200,284,uniform,0.001953218843224929
4,0.1,200,285,complete_rollout,8.772928690840086e-05
4,0.1,200,285,tis,0.0018971786886640978
4,0.1,200,285,uniform,0.002107084773300143
4,0.1,200,286,complete_rollout,6.247484583885654e-05
4,0.1,200,286,tis,0.0011558947107424078
4,0.1,200,286,uniform,0.004563386520432306
4,0.1,200,287,complete_rollout,0.00010866988350364538
4,0.1,200,287,tis,0.0011688493331706066
4,0.1,200,287,uniform,0.0018831012541767676
4,0.1,200,288,complete_rollout,0.00011290831480952821
4,0.1,200,288,tis,0.0017644218720825977
4,0.1,200,288,uniform,0.002027406900990721
4,0.1,200,289,complete_rollout,9.025303489774004e-05
4,0.1,200,289,tis,0.000877547677862602
4,0.1,200,289,uniform,0.0022004815833124233
4,0.1,200,290,complete_rollout,9.238121276394776e-05
4,0.1,200,290,tis,0.0017714965284581377
4,0.1,200,290,uniform,0.0011912260071096348
4,0.1,200,291,complete_rollout,9.755933701493738e-05
4,0.1,200,291,tis,0.0015178375074891772
4,0.1,200,291,uniform,0.001303755007130523
4,0.1,200,292,complete_rollout,5.750842001317779e-05
4,0.1,200,292,tis,0.00030350586223992223
4,0.1,200,292,uniform,0.0017944683038508518
4,0.1,200,293,complete_rollout,8.054966826920044e-05
4,0.1,200,293,tis,0.0016645795714215728
4,0.1,200,293,uniform,0.0014213495884238514
4,0.1,200,294,complete_rollout,8.228808244921444e-05
4,0.1,200,294,tis,0.001397639404180086
4,0.1,200,294,uniform,0.0015668083388372305
4,0.1,200,295,complete_rollout,0.0001138917279091777
4,0.1,200,295,tis,0.0005382107078626691
4,0.1,200,295,uniform,0.0010226019229944091
4,0.1,200,296,complete_rollout,0.00010525086986528254
4,0.1,200,296,tis,0.002983976094754935
4,0.1,200,296,uniform,0.0023244766730995147
4,0.1,200,297,complete_rollout,7.474948264837112e-05
4,0.1,200,297,tis,0.0010709260194391292
4,0.1,200,297,uniform,0.0008534417562023529
4,0.1,200,298,complete_rollout,0.00014091144357329986
4,0.1,200,298,tis,0.0011657234546283328
4,0.1,200,298,uniform,0.001574402144432614
4,0.1,200,299,complete_rollout,7.774815758695614e-05
4,0.1,200,299,tis,0.0011317692929521076
4,0.1,200,299,uniform,0.0016616121514683856
4,0.1,400,0,complete_rollout,8.441249523563885e-05
4,0.1,400,0,tis,0.0008363441871275238
4,0.1,400,0,uniform,0.0010409196328460585
4,0.1,400,1,complete_rollout,3.605635408650203e-05
4,0.1,400,1,tis,0.001207402802031645
4,0.1,400,1,uniform,0.0011445003782602516
4,0.1,400,2,complete_rollout,6.0712544964536914e-05
4,0.1,400,2,tis,0.00034175593668808073
4,0.1,400,2,uniform,0.00043805840476659536
4,0.1,400,3,complete_rollout,0.00010309670620448633
4,0.1,400,3,tis,0.0017618648654736092
4,0.1,400,3,uniform,0.0012502919252966789
4,0.1,400,4,complete_rollout,5.271775459840282e-05
4,0.1,400,4,tis,0.0009653775552163916
4,0.1,400,4,uniform,0.0006910668326058751
4,0.1,400,5,complete_rollout,6.639026732695993e-05
4,0.1,400,5,tis,0.0007883005482103054
4,0.1,400,5,uniform,0.0006697488865203216
4,0.1,400,6,complete_rollout,5.397633301040753e-05
4,0.1,400,6,tis,0.0010787425414549912
4,0.1,400,6,uniform,0.0011749222456895103
4,0.1,400,7,complete_rollout,2.3975987610422716e-05
4,0.1,400,7,tis,0.0015793163326597367
4,0.1,400,7,uniform,0.0016271329759517097
4,0.1,400,8,complete_rollout,4.175111846128655e-05
4,0.1,400,8,tis,0.0007789887048446004
4,0.1,400,8,uniform,0.000535031499079607
4,0.1,400,9,complete_rollout,5.953607683740842e-05
4,0.1,400,9,tis,0.0005047672366077671
4,0.1,400,9,uniform,0.00036111656743598966
4,0.1,400,10,complete_rollout,4.095780264604206e-05
4,0.1,400,10,tis,0.0008448126011885755
4,0.1,400,10,uniform,0.000471411327697605
4,0.1,400,11,complete_rollout,5.9687257236342625e-05
4,0.1,400,11,tis,0.0005789496045512881
4,0.1,400,11,uniform,0.0004808131303747697
4,0.1,400,12,complete_rollout,4.4229102280685365e-05
4,0.1,400,12,tis,0.003745444877733406
4,0.1,400,12,uniform,0.0007357737318290747
4,0.1,400,13,complete_rollout,5.470738565208845e-05
4,0.1,400,13,tis,0.00020384779363019707
4,0.1,400,13,uniform,0.0008210089319354348
4,0.1,400,14,complete_rollout,6.582419436478203e-05
4,0.1,400,14,tis,0.0009420687428702769
4,0.1,400,14,uniform,0.0004228595323382376
4,0.1,400,15,complete_rollout,3.3365700047340405e-05
4,0.1,400,15,tis,0.0006316788938567108
4,0.1,400,15,uniform,0.0012384444434942717
4,0.1,400,16,complete_rollout,9.724467041125163e-05
4,0.1,400,16,tis,0.0003423910702399771
4,0.1,400,16,uniform,0.00040727873135386393
4,0.1,400,17,complete_rollout,4.7153583389296304e-05
4,0.1,400,17,tis,0.00020007343722369943
4,0.1,400,17,uniform,0.0005702085645926647
4,0.1,400,18,complete_rollout,3.679294017777896e-05
4,0.1,400,18,tis,0.0011030467048914034
4,0.1,400,18,uniform,0.0014415462595986875
4,0.1,400,19,complete_rollout,5.041099932076197e-05
4,0.1,400,19,tis,0.00015305192678293763
4,0.1,400,19,uniform,0.0014653437088900712
4,0.1,400,20,complete_rollout,7.612037845300274e-05
4,0.1,400,20,tis,0.00030343926130379085
4,0.1,400,20,uniform,0.0006687983791908759
4,0.1,400,21,complete_rollout,5.1248700633435534e-05
4,0.1,400,21,tis,0.00015571984466407508
4,0.1,400,21,uniform,0.001025774251428058
4,0.1,400,22,complete_rollout,3.563595700129713e-05
4,0.1,400,22,tis,0.0011150188952917077
4,0.1,400,22,uniform,0.000489462511170479
4,0.1,400,23,complete_rollout,4.977256327717711e-05
4,0.1,400,23,tis,0.00412938714497174
4,0.1,400,23,uniform,0.00047590451505830387
4,0.1,400,24,complete_rollout,4.885942041609032e-05
4,0.1,400,24,tis,0.0009952593864427045
4,0.1,400,24,uniform,0.0009656546254612549
4,0.1,400,25,complete_rollout,4.3566489256095824e-05
4,0.1,400,25,tis,0.0003867114259180171
4,0.1,400,25,uniform,0.0006379612161138346
4,0.1,400,26,complete_rollout,0.00010024610748147888
4,0.1,400,26,tis,0.0003520937534249346
4,0.1,400,26,uniform,0.0008308872263294907
4,0.1,400,27,complete_rollout,9.658505384923414e-05
4,0.1,400,27,tis,0.0008724535697224329
4,0.1,400,27,uniform,0.001282398763978487
4,0.1,400,28,complete_rollout,5.5000375606512366e-05
4,0.1,400,28,tis,0.006518758523674361
4,0.1,400,28,uniform,0.001652398580688206
4,0.1,400,29,complete_rollout,5.477611484903546e-05
4,0.1,400,29,tis,0.0016149063449589723
4,0.1,400,29,uniform,0.000729192540356761
4,0.1,400,30,complete_rollout,1.7537936772861764e-05
4,0.1,400,30,tis,0.0010399500524391806
4,0.1,400,30,uniform,0.0007493315968138315
4,0.1,400,31,complete_rollout,3.177990142771787e-05
4,0.1,400,31,tis,0.00046225878838422206
4,0.1,400,31,uniform,0.0010180552600404847
4,0.1,400,32,complete_rollout,0.0001438827412123443
4,0.1,400,32,tis,0.0009147016544499552
4,0.1,400,32,uniform,0.0006778614940023745
4,0.1,400,33,complete_rollout,4.593841179502791e-05
4,0.1,400,33,tis,0.0009589146235462031
4,0.1,400,33,uniform,0.000699859567188758
4,0.1,400,34,complete_rollout,2.6057316196227318e-05
4,0.1,400,34,tis,0.0013375482110171042
4,0.1,400,34,uniform,0.0007915508115702782
4,0.1,400,35,complete_rollout,6.918829461855973e-05
4,0.1,400,35,tis,0.0005295326549449251
4,0.1,400,35,uniform,0.0007693120148239521
4,0.1,400,36,complete_rollout,3.086907261680691e-05
4,0.1,400,36,tis,0.0010844173084643032
4,0.1,400,36,uniform,0.0009823009990081331
4,0.1,400,37,complete_rollout,6.406771310685039e-05
4,0.1,400,37,tis,0.0008199532052179874
4,0.1,400,37,uniform,0.0010075688643687677
4,0.1,400,38,complete_rollout,6.892220029292531e-05
4,0.1,400,38,tis,0.0002562944831284184
4,0.1,400,38,uniform,0.0008225991548908392
4,0.1,400,39,complete_rollout,4.7190887823675546e-05
4,0.1,400,39,tis,0.0007180476158689787
4,0.1,400,39,uniform,0.0012495712520813238
4,0.1,400,40,complete_rollout,3.714590972763143e-05
4,0.1,400,40,tis,0.000709274092038956
4,0.1,400,40,uniform,0.0006223658428931075
4,0.1,400,41,complete_rollout,5.1447857391390847e-05
4,0.1,400,41,tis,0.0005047969970383704
4,0.1,400,41,uniform,0.00046504060556118866
4,0.1,400,42,complete_rollout,3.2723740284777636e-05
4,0.1,400,42,tis,0.0008830312429780025
4,0.1,400,42,uniform,0.0019562626682705932
4,0.1,400,43,complete_rollout,3.8584022437669556e-05
4,0.1,400,43,tis,0.0013718207948939564
4,0.1,400,43,uniform,0.0021517948870463906
4,0.1,400,44,complete_rollout,2.257745488277618e-05
4,0.1,400,44,tis,0.00045413749528266906
4,0.1,400,44,uniform,0.000706778379779829
4,0.1,400,45,complete_rollout,7.649747693183685e-05
4,0.1,400,45,tis,0.0006871576432680125
4,0.1,400,45,uniform,0.0006402948330541183
4,0.1,400,46,complete_rollout,5.7336169288089583e-05
4,0.1,400,46,tis,0.00556722877516731
4,0.1,400,46,uniform,0.0009064814216671141
4,0.1,400,47,complete_rollout,3.261774641305959e-05
4,0.1,400,47,tis,0.0002831813366617486
4,0.1,400,47,uniform,0.0005176995175698327
4,0.1,400,48,complete_rollout,8.948519028130715e-05
4,0.1,400,48,tis,0.0015400216124967971
4,0.1,400,48,uniform,0.001520280980450224
4,0.1,400,49,complete_rollout,3.6113196408026004e-05
4,0.1,400,49,tis,0.0009812178333227606
4,0.1,400,49,uniform,0.0008356270751698322
4,0.1,400,50,complete_rollout,4.4060453967692026e-05
4,0.1,400,50,tis,0.0003929280893059678
4,0.1,400,50,uniform,0.0008349833433408408
4,0.1,400,51,complete_rollout,4.476015235037503e-05
4,0.1,400,51,tis,0.0009823599209619499
4,0.1,400,51,uniform,0.00043448759838700027
4,0.1,400,52,complete_rollout,6.105448331430359e-05
4,0.1,400,52,tis,0.0033825510870289554
4,0.1,400,52,uniform,0.0014011385918751558
4,0.1,400,53,complete_rollout,4.276065169942199e-05
4,0.1,400,53,tis,0.0009934013619106645
4,0.1,400,53,uniform,0.001015844486750442
4,0.1,400,54,complete_rollout,5.9654672314399704e-05
4,0.1,400,54,tis,0.0007616957394531561
4,0.1,400,54,uniform,0.0004392043494263197
4,0.1,400,55,complete_rollout,2.881556737155419e-05
4,0.1,400,55,tis,0.0006170224317898775
4,0.1,400,55,uniform,0.0006191675665423659
4,0.1,400,56,complete_rollout,6.112779307415131e-05
4,0.1,400,56,tis,0.00012669673865542394
4,0.1,400,56,uniform,0.0004778484789510116
4,0.1,400,57,complete_rollout,4.4906663116394816e-05
4,0.1,400,57,tis,0.0011226796996348827
4,0.1,400,57,uniform,0.0005449556898074563
4,0.1,400,58,complete_rollout,4.223039368799878e-05
4,0.1,400,58,tis,0.0006382772946828652
4,0.1,400,58,uniform,0.0009238773658938336
4,0.1,400,59,complete_rollout,5.030548015874244e-05
4,0.1,400,59,tis,0.0005627417205719481
4,0.1,400,59,uniform,0.0011372432937426112
4,0.1,400,60,complete_rollout,3.1996788819973815e-05
4,0.1,400,60,tis,0.0006998553949933628
4,0.1,400,60,uniform,0.002236547858939588
4,0.1,400,61,complete_rollout,7.988023476120291e-05
4,0.1,400,61,tis,0.004577522691593531
4,0.1,400,61,uniform,0.0011469577391320408
4,0.1,400,62,complete_rollout,2.9852461546893706e-05
4,0.1,400,62,tis,0.00014048930494427072
4,0.1,400,62,uniform,0.0009961270053963154
4,0.1,400,63,complete_rollout,4.63543429346039e-05
4,0.1,400,63,tis,0.0008038430366910793
4,0.1,400,63,uniform,0.0010181403738023223
4,0.1,400,64,complete_rollout,7.209635243094533e-05
4,0.1,400,64,tis,0.0006937196136370503
4,0.1,400,64,uniform,0.00037181583564232287
4,0.1,400,65,complete_rollout,5.366485738987195e-05
4,0.1,400,65,tis,0.0021984568411342574
4,0.1,400,65,uniform,0.0020785135835241306
4,0.1,400,66,complete_rollout,4.566105315630585e-05
4,0.1,400,66,tis,0.00040379540074748417
4,0.1,400,66,uniform,0.0009085766636921821
4,0.1,400,67,complete_rollout,5.930923019702939e-05
4,0.1,400,67,tis,0.001436473271804804
4,0.1,400,67,uniform,0.0009342430134345721
4,0.1,400,68,complete_rollout,2.851620542593758e-05
4,0.1,400,68,tis,0.0007037443760900274
4,0.1,400,68,uniform,0.0013384881293388628
4,0.1,400,69,complete_rollout,4.7378005091323535e-05
4,0.1,400,69,tis,0.0008502645541410243
4,0.1,400,69,uniform,0.0008080721992030717
4,0.1,400,70,complete_rollout,5.4556309901329395e-05
4,0.1,400,70,tis,0.0007709186952150605
4,0.1,400,70,uniform,0.0006752362029812491
4,0.1,400,71,complete_rollout,4.6118566598865124e-05
4,0.1,400,71,tis,0.00019200336564700532
4,0.1,400,71,uniform,0.0007083470952838973
4,0.1,400,72,complete_rollout,4.780486520438195e-05
4,0.1,400,72,tis,0.0007081161361203597
4,0.1,400,72,uniform,0.001353649020377153
4,0.1,400,73,complete_rollout,3.2976934645932905e-05
4,0.1,400,73,tis,0.0008001106573008725
4,0.1,400,73,uniform,0.0009857571391468875
4,0.1,400,74,complete_rollout,3.367071257021169e-05
4,0.1,400,74,tis,0.0004538743298437407
4,0.1,400,74,uniform,0.001245360979162281
4,0.1,400,75,complete_rollout,4.52346265386561e-05
4,0.1,400,75,tis,0.0005946222251811062
4,0.1,400,75,uniform,0.0005034540369730351
4,0.1,400,76,complete_rollout,6.0471482554430446e-05
4,0.1,400,76,tis,0.0006695806884006824
4,0.1,400,76,uniform,0.0008031638150364501
4,0.1,400,77,complete_rollout,4.1961028172050434e-05
4,0.1,400,77,tis,0.00412694531412015
4,0.1,400,77,uniform,0.0013667476154849494
4,0.1,400,78,complete_rollout,8.291394298562861e-05
4,0.1,400,78,tis,0.0003152397901528393
4,0.1,400,78,uniform,0.0009804240422889117
4,0.1,400,79,complete_rollout,3.542694187114324e-05
4,0.1,400,79,tis,0.0008290690627794532
4,0.1,400,79,uniform,0.0005520274952903132
4,0.1,400,80,complete_rollout,5.426220068289771e-05
4,0.1,400,80,tis,0.0009465907775883768
4,0.1,400,80,uniform,0.0009853158482740101
4,0.1,400,81,complete_rollout,3.536072262604882e-05
4,0.1,400,81,tis,0.0004833976795479563
4,0.1,400,81,uniform,0.000500438471076625
4,0.1,400,82,complete_rollout,8.753066826893845e-05
4,0.1,400,82,tis,0.0008162393092384451
4,0.1,400,82,uniform,0.0013173178268152466
4,0.1,400,83,complete_rollout,6.779582868117953e-05
4,0.1,400,83,tis,0.0007654006830586659
4,0.1,400,83,uniform,0.0013678725188980348
4,0.1,400,84,complete_rollout,5.187977909527419e-05
4,0.1,400,84,tis,0.0006416677708122741
4,0.1,400,84,uniform,0.0007754449880673633
4,0.1,400,85,complete_rollout,7.547621263142228e-05
4,0.1,400,85,tis,0.0008903309376091636
4,0.1,400,85,uniform,0.0008585437734589439
4,0.1,400,86,complete_rollout,6.618431882406791e-05
4,0.1,400,86,tis,0.0005861668266638839
4,0.1,400,86,uniform,0.00040542884108402317
4,0.1,400,87,complete_rollout,4.457536010615402e-05
4,0.1,400,87,tis,0.001484000784895239
4,0.1,400,87,uniform,0.0010283573602051241
4,0.1,400,88,complete_rollout,5.737584799898225e-05
4,0.1,400,88,tis,0.0009050322729149206
4,0.1,400,88,uniform,0.0005075583333719345
4,0.1,400,89,complete_rollout,3.4889701260053455e-05
4,0.1,400,89,tis,0.0013329655811340202
4,0.1,400,89,uniform,0.0008931165179990475
4,0.1,400,90,complete_rollout,3.0572666077350595e-05
4,0.1,400,90,tis,0.0006173686292806503
4,0.1,400,90,uniform,0.0012041282246470645
4,0.1,400,91,complete_rollout,6.726457458982856e-05
4,0.1,400,91,tis,0.0006301065180745058
4,0.1,400,91,uniform,0.00042624956923065677
4,0.1,400,92,complete_rollout,8.877376187339743e-05
4,0.1,400,92,tis,0.0009632113378608881
4,0.1,400,92,uniform,0.0013917412374547147
4,0.1,400,93,complete_rollout,4.057786089794273e-05
4,0.1,400,93,tis,0.00017870955931225007
4,0.1,400,93,uniform,0.0007730563821213411
4,0.1,400,94,complete_rollout,0.0001010382460644316
4,0.1,400,94,tis,0.00031674761770749776
4,0.1,400,94,uniform,0.0009237264459787973
4,0.1,400,95,complete_rollout,6.314254945680941e-05
4,0.1,400,95,tis,0.0017814587822407792
4,0.1,400,95,uniform,0.0006056664603842506
4,0.1,400,96,complete_rollout,5.416846320722455e-05
4,0.1,400,96,tis,0.0009373871733568533
4,0.1,400,96,uniform,0.0017254974879263247
4,0.1,400,97,complete_rollout,4.774869935254684e-05
4,0.1,400,97,tis,0.00015737436658403746
4,0.1,400,97,uniform,0.0008943941456516078
4,0.1,400,98,complete_rollout,6.80610104874922e-05
4,0.1,400,98,tis,0.002918033437824795
4,0.1,400,98,uniform,0.0005375715892545642
4,0.1,400,99,complete_rollout,4.1049521639537697e-05
4,0.1,400,99,tis,0.0005107333533340287
4,0.1,400,99,uniform,0.0014390524478463153
4,0.1,400,100,complete_rollout,5.586642952629234e-05
4,0.1,400,100,tis,0.0005955811460940643
4,0.1,400,100,uniform,0.0007056227079006059
4,0.1,400,101,complete_rollout,6.018847433509014e-05
4,0.1,400,101,tis,0.0012722623002910818
4,0.1,400,101,uniform,0.0010170851386091715
4,0.1,400,102,complete_rollout,4.966202010148686e-05
4,0.1,400,102,tis,0.0009152867994095312
4,0.1,400,102,uniform,0.003597191650588605
4,0.1,400,103,complete_rollout,4.516737055307014e-05
4,0.1,400,103,tis,0.0011162910871289479
4,0.1,400,103,uniform,0.0008412917541101352
4,0.1,400,104,complete_rollout,3.246772027747849e-05
4,0.1,400,104,tis,0.0028570729475222954
4,0.1,400,104,uniform,0.0012800856763897635
4,0.1,400,105,complete_rollout,3.876892067028619e-05
4,0.1,400,105,tis,0.0008061867792047359
4,0.1,400,105,uniform,0.0009961578594288947
4,0.1,400,106,complete_rollout,4.53314935883676e-05
4,0.1,400,106,tis,0.000494079034388771
4,0.1,400,106,uniform,0.000765070833786143
4,0.1,400,107,complete_rollout,8.591224528058164e-05
4,0.1,400,107,tis,0.0011774302660523973
4,0.1,400,107,uniform,0.000667875424107253
4,0.1,400,108,complete_rollout,5.1848479652251215e-05
4,0.1,400,108,tis,0.0006814312804186727
4,0.1,400,108,uniform,0.0009316250453346653
4,0.1,400,109,complete_rollout,3.476996898362672e-05
4,0.1,400,109,tis,0.0001659254803400696
4,0.1,400,109,uniform,0.0005360475071930295
4,0.1,400,110,complete_rollout,5.320698009678074e-05
4,0.1,400,110,tis,0.0011959007609294223
4,0.1,400,110,uniform,0.0007932664746038032
4,0.1,400,111,complete_rollout,5.4867979793193175e-05
4,0.1,400,111,tis,0.0003793872737705583
4,0.1,400,111,uniform,0.0005308110407256455
4,0.1,400,112,complete_rollout,4.743332450372194e-05
4,0.1,400,112,tis,0.001375194609403684
4,0.1,400,112,uniform,0.0016610110365491927
4,0.1,400,113,complete_rollout,4.39635036367964e-05
4,0.1,400,113,tis,0.001115966826576358
4,0.1,400,113,uniform,0.0013447906297295977
4,0.1,400,114,complete_rollout,3.533259615449232e-05
4,0.1,400,114,tis,0.0001534740939368958
4,0.1,400,114,uniform,0.0010597601115942621
4,0.1,400,115,complete_rollout,5.50503524464508e-05
4,0.1,400,115,tis,0.0035300977455057438
4,0.1,400,115,uniform,0.0009889695546836323
4,0.1,400,116,complete_rollout,5.197453358018972e-05
4,0.1,400,116,tis,0.0003002698725299625
4,0.1,400,116,uniform,0.0006809114624729506
4,0.1,400,117,complete_rollout,5.9427606982267303e-05
4,0.1,400,117,tis,0.002633453267735392
4,0.1,400,117,uniform,0.002285322439402793
4,0.1,400,118,complete_rollout,2.7706031495592076e-05
4,0.1,400,118,tis,0.0008349776954050045
4,0.1,400,118,uniform,0.0011735002048550503
4,0.1,400,119,complete_rollout,5.2317393355004094e-05
4,0.1,400,119,tis,0.0005106916009631324
4,0.1,400,119,uniform,0.0008193928793089677
4,0.1,400,120,complete_rollout,5.668918853274936e-05
4,0.1,400,120,tis,0.0009579071624669262
4,0.1,400,120,uniform,0.000807967949271124
4,0.1,400,121,complete_rollout,5.765200518412407e-05
4,0.1,400,121,tis,0.0018772450828958309
4,0.1,400,121,uniform,0.0013095607703795707
4,0.1,400,122,complete_rollout,4.3290525348081424e-05
4,0.1,400,122,tis,0.0014010813516542302
4,0.1,400,122,uniform,0.0008889740857399446
4,0.1,400,123,complete_rollout,7.762777559187875e-05
4,0.1,400,123,tis,0.0006005822275075147
4,0.1,400,123,uniform,0.0005752508168712682
4,0.1,400,124,complete_rollout,7.869219058805742e-05
4,0.1,400,124,tis,0.0013970266926333055
4,0.1,400,124,uniform,0.0006737725827616576
4,0.1,400,125,complete_rollout,4.6437684133261485e-05
4,0.1,400,125,tis,0.00040064871776755023
4,0.1,400,125,uniform,0.0007136672865540358
4,0.1,400,126,complete_rollout,4.6105724769509904e-05
4,0.1,400,126,tis,0.0009888109959971087
4,0.1,400,126,uniform,0.0008894473494763153
4,0.1,400,127,complete_rollout,4.155893189172859e-05
4,0.1,400,127,tis,0.0006791756415215628
4,0.1,400,127,uniform,0.000903627376745342
4,0.1,400,128,complete_rollout,5.84528489455708e-05
4,0.1,400,128,tis,0.0005560012320354455
4,0.1,400,128,uniform,0.0007285651453407095
4,0.1,400,129,complete_rollout,3.5899826353712545e-05
4,0.1,400,129,tis,0.0013095767361227272
4,0.1,400,129,uniform,0.00033082590651307037
4,0.1,400,130,complete_rollout,5.0694802376462885e-05
4,0.1,400,130,tis,0.00011108181517504837
4,0.1,400,130,uniform,0.0010957106019707614
4,0.1,400,131,complete_rollout,3.777354867348795e-05
4,0.1,400,131,tis,0.001141618768502894
4,0.1,400,131,uniform,0.0008770103892557153
4,0.1,400,132,complete_rollout,5.7822768472264626e-05
4,0.1,400,132,tis,0.0008653266699440871
4,0.1,400,132,uniform,0.0016265356152449463
4,0.1,400,133,complete_rollout,5.026499815158085e-05
4,0.1,400,133,tis,0.00044963647677291385
4,0.1,400,133,uniform,0.0011304002913650579
4,0.1,400,134,complete_rollout,4.627658257338002e-05
4,0.1,400,134,tis,0.00027326101912657566
4,0.1,400,134,uniform,0.0008581295549188789
4,0.1,400,135,complete_rollout,3.828082418708741e-05
4,0.1,400,135,tis,0.0012191503499446063
4,0.1,400,135,uniform,0.0011150595824212664
4,0.1,400,136,complete_rollout,4.2880880847184366e-05
4,0.1,400,136,tis,0.0021220754753977313
4,0.1,400,136,uniform,0.0005357959444249158
4,0.1,400,137,complete_rollout,5.502774404001219e-05
4,0.1,400,137,tis,0.002629969741950527
4,0.1,400,137,uniform,0.0008184981463799717
4,0.1,400,138,complete_rollout,4.397163267722382e-05
4,0.1,400,138,tis,0.00033353529857815345
4,0.1,400,138,uniform,0.0013669325694437983
4,0.1,400,139,complete_rollout,5.377257571047905e-05
4,0.1,400,139,tis,0.0007572952582825351
4,0.1,400,139,uniform,0.00028245644929813824
4,0.1,400,140,complete_rollout,2.4381406409857115e-05
4,0.1,400,140,tis,0.0010412778534262786
4,0.1,400,140,uniform,0.0009158966864283978
4,0.1,400,141,complete_rollout,4.0425337402446274e-05
4,0.1,400,141,tis,0.00026196177724489107
4,0.1,400,141,uniform,0.0008840788749713256
4,0.1,400,142,complete_rollout,4.8180839324450405e-05
4,0.1,400,142,tis,0.0018713958841729598
4,0.1,400,142,uniform,0.0024571148124184197
4,0.1,400,143,complete_rollout,4.266636913301337e-05
4,0.1,400,143,tis,0.0005246152788107375
4,0.1,400,143,uniform,0.0014131657257571125
4,0.1,400,144,complete_rollout,5.925294101820807e-05
4,0.1,400,144,tis,0.0013949911334800859
4,0.1,400,144,uniform,0.002251881269752986
4,0.1,400,145,complete_rollout,3.802745396363412e-05
4,0.1,400,145,tis,0.0009813155630680837
4,0.1,400,145,uniform,0.0009846535467082653
4,0.1,400,146,complete_rollout,5.361442305246449e-05
4,0.1,400,146,tis,0.00026327205340389225
4,0.1,400,146,uniform,0.0005657336398844769
4,0.1,400,147,complete_rollout,5.9577991417905815e-05
4,0.1,400,147,tis,0.0015596377816320534
4,0.1,400,147,uniform,0.0006199463164966913
4,0.1,400,148,complete_rollout,4.618755735959163e-05
4,0.1,400,148,tis,0.0009731726788186433
4,0.1,400,148,uniform,0.000587748704257311
4,0.1,400,149,complete_rollout,3.676222059097517e-05
4,0.1,400,149,tis,0.003118050900898849
4,0.1,400,149,uniform,0.0005018465597743172
4,0.1,400,150,complete_rollout,2.6120751386003426e-05
4,0.1,400,150,tis,0.00030769279335931036
4,0.1,400,150,uniform,0.0010172036721574132
4,0.1,400,151,complete_rollout,3.186042995677978e-05
4,0.1,400,151,tis,0.0005437979397685487
4,0.1,400,151,uniform,0.0008480328296493752
4,0.1,400,152,complete_rollout,5.658316778654791e-05
4,0.1,400,152,tis,0.000506684713795326
4,0.1,400,152,uniform,0.0013049997024148121
4,0.1,400,153,complete_rollout,0.0001515989394125608
4,0.1,400,153,tis,0.0027708941155180165
4,0.1,400,153,uniform,0.0006451096369268133
4,0.1,400,154,complete_rollout,5.497255913850785e-05
4,0.1,400,154,tis,0.0007839666611506639
4,0.1,400,154,uniform,0.001449994602669951
4,0.1,400,155,complete_rollout,4.2580829187751375e-05
4,0.1,400,155,tis,0.00013873995109221977
4,0.1,400,155,uniform,0.0012117269886182398
4,0.1,400,156,complete_rollout,2.7098610406586046e-05
4,0.1,400,156,tis,0.00040088075068315084
4,0.1,400,156,uniform,0.0014835943850695173
4,0.1,400,157,complete_rollout,4.159939279191395e-05
4,0.1,400,157,tis,0.00039041277356726637
4,0.1,400,157,uniform,0.0008171659308187318
4,0.1,400,158,complete_rollout,3.14537389046728e-05
4,0.1,400,158,tis,0.006727221714097331
4,0.1,400,158,uniform,0.0007260581640982151
4,0.1,400,159,complete_rollout,4.3146079183344645e-05
4,0.1,400,159,tis,0.006487050395439772
4,0.1,400,159,uniform,0.0016203178712308032
4,0.1,400,160,complete_rollout,6.350962560735717e-05
4,0.1,400,160,tis,0.0007324864063915471
4,0.1,400,160,uniform,0.0006941623805663832
4,0.1,400,161,complete_rollout,3.0352265493457575e-05
4,0.1,400,161,tis,0.00016108088713482485
4,0.1,400,161,uniform,0.00038107733539183487
4,0.1,400,162,complete_rollout,5.4518267310420024e-05
4,0.1,400,162,tis,0.0003858280749777255
4,0.1,400,162,uniform,0.0008307958910756075
4,0.1,400,163,complete_rollout,6.637546993173873e-05
4,0.1,400,163,tis,5.263665175319503e-05
4,0.1,400,163,uniform,0.0006877092797317001
4,0.1,400,164,complete_rollout,7.876534202129507e-05
4,0.1,400,164,tis,0.00031833129165386933
4,0.1,400,164,uniform,0.0009955494735105017
4,0.1,400,165,complete_rollout,8.94010062662122e-05
4,0.1,400,165,tis,0.001293782632284714
4,0.1,400,165,uniform,0.0009250973425409427
4,0.1,400,166,complete_rollout,4.102056114067689e-05
4,0.1,400,166,tis,0.0007588685190317607
4,0.1,400,166,uniform,0.0012688356473475493
4,0.1,400,167,complete_rollout,7.955107732158736e-05
4,0.1,400,167,tis,0.0006947135520583933
4,0.1,400,167,uniform,0.0005919475744513999
4,0.1,400,168,complete_rollout,4.0841050968397645e-05
4,0.1,400,168,tis,0.001086653841623422
4,0.1,400,168,uniform,0.001129845215754592
4,0.1,400,169,complete_rollout,4.3458776682462576e-05
4,0.1,400,169,tis,0.0006403511825253511
4,0.1,400,169,uniform,0.001395468309670805
4,0.1,400,170,complete_rollout,3.744509438814246e-05
4,0.1,400,170,tis,0.00016681618153652883
4,0.1,400,170,uniform,0.00098650364257735
4,0.1,400,171,complete_rollout,3.792182284641952e-05
4,0.1,400,171,tis,0.0014947517459020098
4,0.1,400,171,uniform,0.0009937730215036909
4,0.1,400,172,complete_rollout,8.533636263288471e-05
4,0.1,400,172,tis,0.0002559250692256056
4,0.1,400,172,uniform,0.0005753909161104697
4,0.1,400,173,complete_rollout,4.853658477092889e-05
4,0.1,400,173,tis,0.0007825566575130691
4,0.1,400,173,uniform,0.0007418988784294268
4,0.1,400,174,complete_rollout,5.280579854367354e-05
4,0.1,400,174,tis,0.000671270917972458
4,0.1,400,174,uniform,0.000496222055991241
4,0.1,400,175,complete_rollout,5.4851475240666035e-05
4,0.1,400,175,tis,0.0028838799706046273
4,0.1,400,175,uniform,0.0004470422788456032
4,0.1,400,176,complete_rollout,4.716986465620221e-05
4,0.1,400,176,tis,0.00027662292895995114
4,0.1,400,176,uniform,0.001061979660982414
4,0.1,400,177,complete_rollout,8.386121186871097e-05
4,0.1,400,177,tis,0.00012347927246700928
4,0.1,400,177,uniform,0.0005140195008385488
4,0.1,400,178,complete_rollout,2.696514897150842e-05
4,0.1,400,178,tis,0.0007709775863538073
4,0.1,400,178,uniform,0.001090776792523443
4,0.1,400,179,complete_rollout,4.5626583897708565e-05
4,0.1,400,179,tis,0.0003229386673663227
4,0.1,400,179,uniform,0.0012168323802168928
4,0.1,400,180,complete_rollout,3.9089043569325595e-05
4,0.1,400,180,tis,0.0010075314165890815
4,0.1,400,180,uniform,0.0011554488907296102
4,0.1,400,181,complete_rollout,6.910455729841353e-05
4,0.1,400,181,tis,0.0005964046939085782
4,0.1,400,181,uniform,0.0006465652143078101
4,0.1,400,182,complete_rollout,3.848385497954922e-05
4,0.1,400,182,tis,0.005865308565496325
4,0.1,400,182,uniform,0.0005526082419689844
4,0.1,400,183,complete_rollout,6.607758374057284e-05
4,0.1,400,183,tis,0.0003334565311654254
4,0.1,400,183,uniform,0.0004872899551934352
4,0.1,400,184,complete_rollout,4.032169624498857e-05
4,0.1,400,184,tis,0.00013186187879309642
4,0.1,400,184,uniform,0.0002307323183015314
4,0.1,400,185,complete_rollout,3.588512498595034e-05
4,0.1,400,185,tis,0.0004293614552563937
4,0.1,400,185,uniform,0.0005413189650391414
4,0.1,400,186,complete_rollout,2.215062254487314e-05
4,0.1,400,186,tis,0.00045465374487725093
4,0.1,400,186,uniform,0.0010305107690212686
4,0.1,400,187,complete_rollout,5.0614336602290935e-05
4,0.1,400,187,tis,0.0015924540812615776
4,0.1,400,187,uniform,0.00038919664159780534
4,0.1,400,188,complete_rollout,5.9524393234619375e-05
4,0.1,400,188,tis,0.00025429099797210264
4,0.1,400,188,uniform,0.0006590534166615948
4,0.1,400,189,complete_rollout,5.614866186551061e-05
4,0.1,400,189,tis,0.00012548702050120954
4,0.1,400,189,uniform,0.0015621872054809274
4,0.1,400,190,complete_rollout,4.55818366515828e-05
4,0.1,400,190,tis,0.0006639056259203907
4,0.1,400,190,uniform,0.0010603592399338977
4,0.1,400,191,complete_rollout,0.0001064422018042475
4,0.1,400,191,tis,0.0007588811032272536
4,0.1,400,191,uniform,0.0005282850448197167
4,0.1,400,192,complete_rollout,6.035679398193495e-05
4,0.1,400,192,tis,0.00034405585294067595
4,0.1,400,192,uniform,0.0005160100745813499
4,0.1,400,193,complete_rollout,0.00011886736455923763
4,0.1,400,193,tis,0.0011836456853991633
4,0.1,400,193,uniform,0.000446801609321375
4,0.1,400,194,complete_rollout,5.937759073098879e-05
4,0.1,400,194,tis,0.0010051223493236867
4,0.1,400,194,uniform,0.000875192740009681
4,0.1,400,195,complete_rollout,4.764569664583462e-05
4,0.1,400,195,tis,0.00018050616896209384
4,0.1,400,195,uniform,0.001048903422738353
4,0.1,400,196,complete_rollout,3.032346915293738e-05
4,0.1,400,196,tis,0.0006095271248287709
4,0.1,400,196,uniform,0.0006441859368746876
4,0.1,400,197,complete_rollout,6.800617170774962e-05
4,0.1,400,197,tis,0.0006083329268506222
4,0.1,400,197,uniform,0.00349741835955016
4,0.1,400,198,complete_rollout,9.051122148160037e-05
4,0.1,400,198,tis,0.0004706395552083644
4,0.1,400,198,uniform,0.0006693182355447017
4,0.1,400,199,complete_rollout,5.8882037555939474e-05
4,0.1,400,199,tis,0.00014663035436333528
4,0.1,400,199,uniform,0.0005793571484137977
4,0.1,400,200,complete_rollout,5.6861688174451394e-05
4,0.1,400,200,tis,0.0003829293311622278
4,0.1,400,200,uniform,0.0006022647641584031
4,0.1,400,201,complete_rollout,5.838520742140934e-05
4,0.1,400,201,tis,0.00042679204353923727
4,0.1,400,201,uniform,0.000521637226274948
4,0.1,400,202,complete_rollout,4.52882431377824e-05
4,0.1,400,202,tis,0.0024707928224883863
4,0.1,400,202,uniform,0.0007780172795578937
4,0.1,400,203,complete_rollout,6.401584335837905e-05
4,0.1,400,203,tis,0.0007299723993624496
4,0.1,400,203,uniform,0.0007438933072167909
4,0.1,400,204,complete_rollout,5.0304879015125436e-05
4,0.1,400,204,tis,0.0017677075094084274
4,0.1,400,204,uniform,0.0008923630348356249
4,0.1,400,205,complete_rollout,4.18102955004319e-05
4,0.1,400,205,tis,0.0005389071908577892
4,0.1,400,205,uniform,0.0008610971767408108
4,0.1,400,206,complete_rollout,5.620498067674636e-05
4,0.1,400,206,tis,0.0005145920640357107
4,0.1,400,206,uniform,0.0007774940626914976
4,0.1,400,207,complete_rollout,2.0272431393780183e-05
4,0.1,400,207,tis,0.0011791243731993065
4,0.1,400,207,uniform,0.0007569639687207164
4,0.1,400,208,complete_rollout,4.125060544012484e-05
4,0.1,400,208,tis,0.0013679264972565179
4,0.1,400,208,uniform,0.0006191690048867783
4,0.1,400,209,complete_rollout,4.0630892573680706e-05
4,0.1,400,209,tis,0.0006348739235243864
4,0.1,400,209,uniform,0.0008037758237149964
4,0.1,400,210,complete_rollout,6.317336109027255e-05
4,0.1,400,210,tis,0.0014882752766703724
4,0.1,400,210,uniform,0.0010723494443123766
4,0.1,400,211,complete_rollout,2.4050228767201504e-05
4,0.1,400,211,tis,0.0006687888497565124
4,0.1,400,211,uniform,0.0005003101390098132
4,0.1,400,212,complete_rollout,3.01452731928386e-05
4,0.1,400,212,tis,0.0006715312617965743
4,0.1,400,212,uniform,0.0007633305288793707
4,0.1,400,213,complete_rollout,4.872482788138919e-05
4,0.1,400,213,tis,0.0019133002721498607
4,0.1,400,213,uniform,0.0008541200753764192
4,0.1,400,214,complete_rollout,3.6348238111120805e-05
4,0.1,400,214,tis,0.000458626354573243
4,0.1,400,214,uniform,0.0011666177897800341
4,0.1,400,215,complete_rollout,4.501463761034163e-05
4,0.1,400,215,tis,0.0009938549838665618
4,0.1,400,215,uniform,0.000609680021098766
4,0.1,400,216,complete_rollout,7.444540697624846e-05
4,0.1,400,216,tis,0.0008051205535777192
4,0.1,400,216,uniform,0.000658198085397781
4,0.1,400,217,complete_rollout,5.116074578643212e-05
4,0.1,400,217,tis,0.0005682876270603532
4,0.1,400,217,uniform,0.0009884860354191902
4,0.1,400,218,complete_rollout,3.6130995146781374e-05
4,0.1,400,218,tis,0.00020840296562105138
4,0.1,400,218,uniform,0.0010533576313648478
4,0.1,400,219,complete_rollout,0.00012739336205667512
4,0.1,400,219,tis,0.0005447326717493738
4,0.1,400,219,uniform,0.0010118009255625467
4,0.1,400,220,complete_rollout,2.8592041705431413e-05
4,0.1,400,220,tis,0.0012145686911352231
4,0.1,400,220,uniform,0.002400563284016562
4,0.1,400,221,complete_rollout,2.94865413113496e-05
4,0.1,400,221,tis,0.00034655369709208223
4,0.1,400,221,uniform,0.00075910941925492
4,0.1,400,222,complete_rollout,6.03925436578086e-05
4,0.1,400,222,tis,0.0012199492054272196
4,0.1,400,222,uniform,0.0016020047268423528
4,0.1,400,223,complete_rollout,8.407685908269512e-05
4,0.1,400,223,tis,0.002315468931817489
4,0.1,400,223,uniform,0.0008748726814892152
4,0.1,400,224,complete_rollout,6.486496923771759e-05
4,0.1,400,224,tis,0.0007368803186266167
4,0.1,400,224,uniform,0.0009606802258445023
4,0.1,400,225,complete_rollout,6.642746260025322e-05
4,0.1,400,225,tis,0.00036604123395500375
4,0.1,400,225,uniform,0.0006119939952228409
4,0.1,400,226,complete_rollout,4.917784249480174e-05
4,0.1,400,226,tis,0.0006264258193211309
4,0.1,400,226,uniform,0.001270885242103417
4,0.1,400,227,complete_rollout,4.755690929217409e-05
4,0.1,400,227,tis,0.0007452940015495054
4,0.1,400,227,uniform,0.0010771540148538203
4,0.1,400,228,complete_rollout,0.0001020260876581629
4,0.1,400,228,tis,0.0004267135528978612
4,0.1,400,228,uniform,0.00179300610327184
4,0.1,400,229,complete_rollout,9.371031270091161e-05
4,0.1,400,229,tis,0.0005479937951669001
4,0.1,400,229,uniform,0.0005800778883725682
4,0.1,400,230,complete_rollout,6.343456585428264e-05
4,0.1,400,230,tis,0.00038839275466250175
4,0.1,400,230,uniform,0.0005652376397109276
4,0.1,400,231,complete_rollout,2.9482394151160237e-05
4,0.1,400,231,tis,0.00037943164068334167
4,0.1,400,231,uniform,0.0011944825405559806
4,0.1,400,232,complete_rollout,2.819228230907663e-05
4,0.1,400,232,tis,0.0005604768948381085
4,0.1,400,232,uniform,0.0004883539821033104
4,0.1,400,233,complete_rollout,4.46597620618593e-05
4,0.1,400,233,tis,0.0011049433866624425
4,0.1,400,233,uniform,0.0009076825527403981
4,0.1,400,234,complete_rollout,9.628829132763442e-05
4,0.1,400,234,tis,0.00014192626279426368
4,0.1,400,234,uniform,0.000671373278273875
4,0.1,400,235,complete_rollout,4.549243993792749e-05
4,0.1,400,235,tis,0.00010318330672041266
4,0.1,400,235,uniform,0.0008012345943795386
4,0.1,400,236,complete_rollout,5.348864593953938e-05
4,0.1,400,236,tis,0.0027551828252839047
4,0.1,400,236,uniform,0.0004412015734948786
4,0.1,400,237,complete_rollout,7.889147632795513e-05
4,0.1,400,237,tis,0.00027217315394188074
4,0.1,400,237,uniform,0.0007561928433215303
4,0.1,400,238,complete_rollout,5.07127781790569e-05
4,0.1,400,238,tis,0.00020887120677623024
4,0.1,400,238,uniform,0.0007002867016902478
4,0.1,400,239,complete_rollout,7.164348488793208e-05
4,0.1,400,239,tis,0.00042763912089240373
4,0.1,400,239,uniform,0.0006710442396627406
4,0.1,400,240,complete_rollout,4.5375373167690276e-05
4,0.1,400,240,tis,0.00048418669551233517
4,0.1,400,240,uniform,0.0017277422948023917
4,0.1,400,241,complete_rollout,5.7729231688914814e-05
4,0.1,400,241,tis,0.0008414236895850494
4,0.1,400,241,uniform,0.0008321437645561222
4,0.1,400,242,complete_rollout,6.709661097130917e-05
4,0.1,400,242,tis,0.0005193205221631371
4,0.1,400,242,uniform,0.0008677434783595
4,0.1,400,243,complete_rollout,4.9902866089718014e-05
4,0.1,400,243,tis,0.002141727869742443
4,0.1,400,243,uniform,0.0011200453312315247
4,0.1,400,244,complete_rollout,3.9503399327848686e-05
4,0.1,400,244,tis,0.0009806857702233235
4,0.1,400,244,uniform,0.0010973203462351895
4,0.1,400,245,complete_rollout,4.7037891506614534e-05
4,0.1,400,245,tis,0.0037857390332546757
4,0.1,400,245,uniform,0.001615216420794388
4,0.1,400,246,complete_rollout,6.192268516217098e-05
4,0.1,400,246,tis,0.002198532653933684
4,0.1,400,246,uniform,0.0018567018653907492
4,0.1,400,247,complete_rollout,7.176713041613841e-05
4,0.1,400,247,tis,0.0007572155476252096
4,0.1,400,247,uniform,0.0007483788002446877
4,0.1,400,248,complete_rollout,5.842060221132225e-05
4,0.1,400,248,tis,0.00013351742121934853
4,0.1,400,248,uniform,0.0005313948454617203
4,0.1,400,249,complete_rollout,5.489921120934064e-05
4,0.1,400,249,tis,0.0002205548406081022
4,0.1,400,249,uniform,0.003063175886719344
4,0.1,400,250,complete_rollout,3.962140709042247e-05
4,0.1,400,250,tis,0.00031395541407327256
4,0.1,400,250,uniform,0.0011281587283329558
4,0.1,400,251,complete_rollout,5.1646567261084974e-05
4,0.1,400,251,tis,0.00023252616495672318
4,0.1,400,251,uniform,0.0006544445620907486
4,0.1,400,252,complete_rollout,4.342299877829612e-05
4,0.1,400,252,tis,0.00020667501323557767
4,0.1,400,252,uniform,0.0006541386847859101
4,0.1,400,253,complete_rollout,3.692285820120494e-05
4,0.1,400,253,tis,0.00013846319886283507
4,0.1,400,253,uniform,0.0006100361675149378
4,0.1,400,254,complete_rollout,0.0001180228948513244
4,0.1,400,254,tis,0.00021854365930913102
4,0.1,400,254,uniform,0.0006262263482929552
4,0.1,400,255,complete_rollout,4.84688083210981e-05
4,0.1,400,255,tis,0.0008083424243221412
4,0.1,400,255,uniform,0.0006479950382728751
4,0.1,400,256,complete_rollout,3.954686673435214e-05
4,0.1,400,256,tis,0.0005679979512247934
4,0.1,400,256,uniform,0.0007596448828611282
4,0.1,400,257,complete_rollout,4.142950419525792e-05
4,0.1,400,257,tis,0.0003087846521532398
4,0.1,400,257,uniform,0.000779746577238781
4,0.1,400,258,complete_rollout,2.5726090475742235e-05
4,0.1,400,258,tis,0.0006200559450781105
4,0.1,400,258,uniform,0.0004809619909982361
4,0.1,400,259,complete_rollout,4.689511511420735e-05
4,0.1,400,259,tis,0.0004310813219119162
4,0.1,400,259,uniform,0.000998055334391185
4,0.1,400,260,complete_rollout,3.1639593101676034e-05
4,0.1,400,260,tis,0.0006994261414747129
4,0.1,400,260,uniform,0.0009029803445942849
4,0.1,400,261,complete_rollout,4.610119334089074e-05
4,0.1,400,261,tis,0.0016665622047475179
4,0.1,400,261,uniform,0.0006559722932937577
4,0.1,400,262,complete_rollout,2.856514315235492e-05
4,0.1,400,262,tis,0.0016732166180939978
4,0.1,400,262,uniform,0.0028214767318495175
4,0.1,400,263,complete_rollout,5.910999506739256e-05
4,0.1,400,263,tis,0.0006434236742194663
4,0.1,400,263,uniform,0.0012852162606292955
4,0.1,400,264,complete_rollout,5.0684950083790895e-05
4,0.1,400,264,tis,0.00016255147580633572
4,0.1,400,264,uniform,0.0009488389414596668
4,0.1,400,265,complete_rollout,5.053850139713348e-05
4,0.1,400,265,tis,0.00038013489488382564
4,0.1,400,265,uniform,0.00114495310766494
4,0.1,400,266,complete_rollout,8.648342536265164e-05
4,0.1,400,266,tis,0.0010492681219770388
4,0.1,400,266,uniform,0.001610219556603759
4,0.1,400,267,complete_rollout,5.9375218744791235e-05
4,0.1,400,267,tis,0.0012510581702525744
4,0.1,400,267,uniform,0.0007104536066741672
4,0.1,400,268,complete_rollout,7.361267452981178e-05
4,0.1,400,268,tis,0.00013510346287706334
4,0.1,400,268,uniform,0.0009696021158929803
4,0.1,400,269,complete_rollout,0.0002580324011425731
4,0.1,400,269,tis,0.0005931633070179008
4,0.1,400,269,uniform,0.0006880334312387679
4,0.1,400,270,complete_rollout,0.00010665331744777488
4,0.1,400,270,tis,0.0004190854478376703
4,0.1,400,270,uniform,0.001924908787066867
4,0.1,400,271,complete_rollout,7.930839099813679e-05
4,0.1,400,271,tis,0.0022776054648503733
4,0.1,400,271,uniform,0.0007773754448024054
4,0.1,400,272,complete_rollout,6.182536530417963e-05
4,0.1,400,272,tis,0.0009138520504581683
4,0.1,400,272,uniform,0.0010719220772483309
4,0.1,400,273,complete_rollout,5.2635269783530246e-05
4,0.1,400,273,tis,0.0004823109121627353
4,0.1,400,273,uniform,0.00044888453093914007
4,0.1,400,274,complete_rollout,7.008315056053733e-05
4,0.1,400,274,tis,0.00011463800747959497
4,0.1,400,274,uniform,0.0005876686392538112
4,0.1,400,275,complete_rollout,7.108150501022187e-05
4,0.1,400,275,tis,0.001091203734188751
4,0.1,400,275,uniform,0.0017179480923265177
4,0.1,400,276,complete_rollout,2.7934632588638668e-05
4,0.1,400,276,tis,0.00098611983188906
4,0.1,400,276,uniform,0.0005726697582945399
4,0.1,400,277,complete_rollout,3.472767674979796e-05
4,0.1,400,277,tis,0.0007157943173476583
4,0.1,400,277,uniform,0.0010041894804878337
4,0.1,400,278,complete_rollout,5.4050916198614025e-05
4,0.1,400,278,tis,0.0005385153754349375
4,0.1,400,278,uniform,0.00045953097783230556
4,0.1,400,279,complete_rollout,4.1817761481967986e-05
4,0.1,400,279,tis,0.00040601875735080486
4,0.1,400,279,uniform,0.0006933313247407701
4,0.1,400,280,complete_rollout,4.102965457923016e-05
4,0.1,400,280,tis,0.002069642070779413
4,0.1,400,280,uniform,0.0004732226675730977
4,0.1,400,281,complete_rollout,7.675379010375224e-05
4,0.1,400,281,tis,0.001622616200116027
4,0.1,400,281,uniform,0.0009102987966953598
4,0.1,400,282,complete_rollout,3.738311439217851e-05
4,0.1,400,282,tis,0.0002529481164011486
4,0.1,400,282,uniform,0.0006291549804335632
4,0.1,400,283,complete_rollout,4.881665172585485e-05
4,0.1,400,283,tis,0.0014306247191010384
4,0.1,400,283,uniform,0.0005556902012782617
4,0.1,400,284,complete_rollout,3.18825884818207e-05
4,0.1,400,284,tis,0.00060367207872964
4,0.1,400,284,uniform,0.0009027835220588111
4,0.1,400,285,complete_rollout,4.079954063295687e-05
4,0.1,400,285,tis,0.0006578741391163576
4,0.1,400,285,uniform,0.0003818619886208623
4,0.1,400,286,complete_rollout,5.644581131380243e-05
4,0.1,400,286,tis,0.00032142683766608226
4,0.1,400,286,uniform,0.0007676102170745287
4,0.1,400,287,complete_rollout,6.505759455474109e-05
4,0.1,400,287,tis,0.0023117718008745904
4,0.1,400,287,uniform,0.000551847286289043
4,0.1,400,288,complete_rollout,5.7524070950349674e-05
4,0.1,400,288,tis,0.0006081577486110448
4,0.1,400,288,uniform,0.0012079773334147921
4,0.1,400,289,complete_rollout,4.162099010422503e-05
4,0.1,400,289,tis,0.00011601754645173222
4,0.1,400,289,uniform,0.0004017159538623938
4,0.1,400,290,complete_rollout,2.563066948245722e-05
4,0.1,400,290,tis,0.00023822316029312803
4,0.1,400,290,uniform,0.0011314122936129673
4,0.1,400,291,complete_rollout,5.283949078112294e-05
4,0.1,400,291,tis,0.00019526290093394366
4,0.1,400,291,uniform,0.0012793825674565335
4,0.1,400,292,complete_rollout,3.5223945112810284e-05
4,0.1,400,292,tis,0.0007289198550011511
4,0.1,400,292,uniform,0.002330743423298467
4,0.1,400,293,complete_rollout,4.4520825512375486e-05
4,0.1,400,293,tis,0.0004296997427157408
4,0.1,400,293,uniform,0.00036887559309028213
4,0.1,400,294,complete_rollout,6.902175018625893e-05
4,0.1,400,294,tis,0.000416948214927264
4,0.1,400,294,uniform,0.0007915411059614446
4,0.1,400,295,complete_rollout,5.313447534540114e-05
4,0.1,400,295,tis,0.0004821490373478126
4,0.1,400,295,uniform,0.0009795261372917616
4,0.1,400,296,complete_rollout,6.517893388907353e-05
4,0.1,400,296,tis,0.0008076010504567601
4,0.1,400,296,uniform,0.0008186558978814977
4,0.1,400,297,complete_rollout,7.743869115228392e-05
4,0.1,400,297,tis,0.0005975324790284684
4,0.1,400,297,uniform,0.0008437581059114641
4,0.1,400,298,complete_rollout,6.931868407352384e-05
4,0.1,400,298,tis,0.0005117413671397472
4,0.1,400,298,uniform,0.0013881815519430594
4,0.1,400,299,complete_rollout,4.6669914789585286e-05
4,0.1,400,299,tis,0.0006100251136627081
4,0.1,400,299,uniform,0.0005773316325354685
4,0.2,50,0,complete_rollout,0.0003678392672142968
4,0.2,50,0,tis,0.004825691976926479
4,0.2,50,0,uniform,0.007712086170106829
4,0.2,50,1,complete_rollout,0.00046009615588004304
4,0.2,50,1,tis,0.0037682287019888956
4,0.2,50,1,uniform,0.007212501145453022
4,0.2,50,2,complete_rollout,0.0002640140898935827
4,0.2,50,2,tis,0.0029132541525114047
4,0.2,50,2,uniform,0.0037913755306251294
4,0.2,50,3,complete_rollout,0.000345764582097123
4,0.2,50,3,tis,0.0018507318497126644
4,0.2,50,3,uniform,0.002766241690700121
4,0.2,50,4,complete_rollout,8.275148931103727e-05
4,0.2,50,4,tis,0.004540974406271909
4,0.2,50,4,uniform,0.002278677359593968
4,0.2,50,5,complete_rollout,0.0014958916341322667
4,0.2,50,5,tis,0.0055235289099512435
4,0.2,50,5,uniform,0.017606132826472207
4,0.2,50,6,complete_rollout,0.0001502223270594595
4,0.2,50,6,tis,0.004184532706040969
4,0.2,50,6,uniform,0.00463428164390158
4,0.2,50,7,complete_rollout,0.00041408396951265363
4,0.2,50,7,tis,0.007789052506038145
4,0.2,50,7,uniform,0.008439230184434623
4,0.2,50,8,complete_rollout,0.0002811457656292923
4,0.2,50,8,tis,0.002300175971509114
4,0.2,50,8,uniform,0.0055450298253612385
4,0.2,50,9,complete_rollout,0.0003579420175711314
4,0.2,50,9,tis,0.005057964246812373
4,0.2,50,9,uniform,0.007529435356427811
4,0.2,50,10,complete_rollout,0.00039976246356495065
4,0.2,50,10,tis,0.002912933795451388
4,0.2,50,10,uniform,0.00809516796310885
4,0.2,50,11,complete_rollout,9.35177888775576e-05
4,0.2,50,11,tis,0.004394514030554189
4,0.2,50,11,uniform,0.008764130662735969
4,0.2,50,12,complete_rollout,0.0005033610869017005
4,0.2,50,12,tis,0.0076100476513823075
4,0.2,50,12,uniform,0.017397593103027874
4,0.2,50,13,complete_rollout,0.0004530480162538873
4,0.2,50,13,tis,0.0019243402927756855
4,0.2,50,13,uniform,0.0026413961621249483
4,0.2,50,14,complete_rollout,0.0005992427704707828
4,0.2,50,14,tis,0.004819636597737205
4,0.2,50,14,uniform,0.00800514333936772
4,0.2,50,15,complete_rollout,0.0005074538009865667
4,0.2,50,15,tis,0.004167445706139042
4,0.2,50,15,uniform,0.002123685340811954
4,0.2,50,16,complete_rollout,0.00015850465510254414
4,0.2,50,16,tis,0.0012414796710276356
4,0.2,50,16,uniform,0.007048310085290422
4,0.2,50,17,complete_rollout,0.00012387094775515557
4,0.2,50,17,tis,0.0026260775669119064
4,0.2,50,17,uniform,0.016899199588406508
4,0.2,50,18,complete_rollout,0.0006923795567518408
4,0.2,50,18,tis,0.03004295821921364
4,0.2,50,18,uniform,0.016469587766015183
4,0.2,50,19,complete_rollout,0.00033948044354165183
4,0.2,50,19,tis,0.0031465697854013847
4,0.2,50,19,uniform,0.005440568682848141
4,0.2,50,20,complete_rollout,0.0008093232453086141
4,0.2,50,20,tis,0.005493226668085429
4,0.2,50,20,uniform,0.013684597488250797
4,0.2,50,21,complete_rollout,0.00019928655175315953
4,0.2,50,21,tis,0.002963985541078341
4,0.2,50,21,uniform,0.0017933549659637086
4,0.2,50,22,complete_rollout,0.0001846771452911384
4,0.2,50,22,tis,0.005916739615190992
4,0.2,50,22,uniform,0.006329944525930502
4,0.2,50,23,complete_rollout,0.0005141762689863967
4,0.2,50,23,tis,0.0010680291990260008
4,0.2,50,23,uniform,0.0019853083072546907
4,0.2,50,24,complete_rollout,0.0001679966232406886
4,0.2,50,24,tis,0.002805181159320749
4,0.2,50,24,uniform,0.003706077712732902
4,0.2,50,25,complete_rollout,0.0007079257285979989
4,0.2,50,25,tis,0.001963686947999046
4,0.2,50,25,uniform,0.007498355182899388
4,0.2,50,26,complete_rollout,0.00018542955695167513
4,0.2,50,26,tis,0.002859148767133059
4,0.2,50,26,uniform,0.004357598239943568
4,0.2,50,27,complete_rollout,0.0004912947106227324
4,0.2,50,27,tis,0.006240369974926248
4,0.2,50,27,uniform,0.006522216770479123
4,0.2,50,28,complete_rollout,0.0020135681561121587
4,0.2,50,28,tis,0.00796386221397243
4,0.2,50,28,uniform,0.009773104837055322
4,0.2,50,29,complete_rollout,0.0007166134287703913
4,0.2,50,29,tis,0.0037240847105020018
4,0.2,50,29,uniform,0.003767097716991516
4,0.2,50,30,complete_rollout,9.851879187865887e-05
4,0.2,50,30,tis,0.0043128323247583296
4,0.2,50,30,uniform,0.004799938047250394
4,0.2,50,31,complete_rollout,0.0001077191651848585
4,0.2,50,31,tis,0.007566374813287788
4,0.2,50,31,uniform,0.007522145666823356
4,0.2,50,32,complete_rollout,0.0002560291371173839
4,0.2,50,32,tis,0.005984874142307226
4,0.2,50,32,uniform,0.0026448911279437436
4,0.2,50,33,complete_rollout,0.00048423990086851707
4,0.2,50,33,tis,0.0030062923901988865
4,0.2,50,33,uniform,0.021468159161064693
4,0.2,50,34,complete_rollout,0.0006295109612260764
4,0.2,50,34,tis,0.00213171457682759
4,0.2,50,34,uniform,0.008447910429758463
4,0.2,50,35,complete_rollout,0.000149014089937956
4,0.2,50,35,tis,0.0032267530098262684
4,0.2,50,35,uniform,0.010561576335081792
4,0.2,50,36,complete_rollout,0.00037795148660780875
4,0.2,50,36,tis,0.005888212093734288
4,0.2,50,36,uniform,0.0017889648471409252
4,0.2,50,37,complete_rollout,0.0005705158562885543
4,0.2,50,37,tis,0.0031529682607150658
4,0.2,50,37,uniform,0.02853280729164486
4,0.2,50,38,complete_rollout,0.0008310543922632675
4,0.2,50,38,tis,0.001391329629040512
4,0.2,50,38,uniform,0.008115322102374773
4,0.2,50,39,complete_rollout,0.0005612419077851481
4,0.2,50,39,tis,0.009648543765761373
4,0.2,50,39,uniform,0.007823612652227894
4,0.2,50,40,complete_rollout,0.0007918034703533285
4,0.2,50,40,tis,0.005102299010067237
4,0.2,50,40,uniform,0.011577157381199184
4,0.2,50,41,complete_rollout,0.0005813027799643742
4,0.2,50,41,tis,0.005407119811265851
4,0.2,50,41,uniform,0.006394339643543826
4,0.2,50,42,complete_rollout,0.0004211598197946904
4,0.2,50,42,tis,0.00175358957628089
4,0.2,50,42,uniform,0.005515018091855873
4,0.2,50,43,complete_rollout,0.00040630290289015694
4,0.2,50,43,tis,0.003320590699272222
4,0.2,50,43,uniform,0.005300369362664324
4,0.2,50,44,complete_rollout,0.00010756220607869874
4,0.2,50,44,tis,0.0019382917301840508
4,0.2,50,44,uniform,0.010998250714212966
4,0.2,50,45,complete_rollout,0.00011403679458891472
4,0.2,50,45,tis,0.0010919094191279123
4,0.2,50,45,uniform,0.006681600807134655
4,0.2,50,46,complete_rollout,0.0002986078601912595
4,0.2,50,46,tis,0.008073229445664416
4,0.2,50,46,uniform,0.0051411630859506665
4,0.2,50,47,complete_rollout,0.0003239901059168988
4,0.2,50,47,tis,0.003003803269520958
4,0.2,50,47,uniform,0.014275633019634379
4,0.2,50,48,complete_rollout,0.00017531961070743176
4,0.2,50,48,tis,0.0029601489263226467
4,0.2,50,48,uniform,0.014013030988832583
4,0.2,50,49,complete_rollout,0.0003839206152299174
4,0.2,50,49,tis,0.007685931306188855
4,0.2,50,49,uniform,0.01557687812161639
4,0.2,50,50,complete_rollout,0.00016178917250655894
4,0.2,50,50,tis,0.0026956967855456294
4,0.2,50,50,uniform,0.004659234403807347
4,0.2,50,51,complete_rollout,0.00025041279753290684
4,0.2,50,51,tis,0.0033420019512914526
4,0.2,50,51,uniform,0.006102881020068233
4,0.2,50,52,complete_rollout,0.00036785469547293687
4,0.2,50,52,tis,0.001448229356588155
4,0.2,50,52,uniform,0.020441584144039557
4,0.2,50,53,complete_rollout,0.0005421643186792811
4,0.2,50,53,tis,0.0032599259599649572
4,0.2,50,53,uniform,0.0031803052835047345
4,0.2,50,54,complete_rollout,0.0005476227496770558
4,0.2,50,54,tis,0.003487958742000849
4,0.2,50,54,uniform,0.003957947929194469
4,0.2,50,55,complete_rollout,0.0004227480886459745
4,0.2,50,55,tis,0.007620491634762503
4,0.2,50,55,uniform,0.006556380999996305
4,0.2,50,56,complete_rollout,0.0010640740941618577
4,0.2,50,56,tis,0.007468180357641596
4,0.2,50,56,uniform,0.010639658279498533
4,0.2,50,57,complete_rollout,0.0003043114683585127
4,0.2,50,57,tis,0.002843713273825844
4,0.2,50,57,uniform,0.0040019856534764305
4,0.2,50,58,complete_rollout,0.0003731894751230984
4,0.2,50,58,tis,0.0009575356264872624
4,0.2,50,58,uniform,0.003658069597509779
4,0.2,50,59,complete_rollout,0.00024245706482997354
4,0.2,50,59,tis,0.002574221204141744
4,0.2,50,59,uniform,0.018003187277875303
4,0.2,50,60,complete_rollout,0.0006657166120614334
4,0.2,50,60,tis,0.005869905231410357
4,0.2,50,60,uniform,0.0061661241643472635
4,0.2,50,61,complete_rollout,0.0003427129524764793
4,0.2,50,61,tis,0.004703096627708577
4,0.2,50,61,uniform,0.012267495797998464
4,0.2,50,62,complete_rollout,0.000326249289365315
4,0.2,50,62,tis,0.0034909924116082445
4,0.2,50,62,uniform,0.003344205764474746
4,0.2,50,63,complete_rollout,0.0007590587810777083
4,0.2,50,63,tis,0.001588843552543106
4,0.2,50,63,uniform,0.0022843416828187803
4,0.2,50,64,complete_rollout,0.0002560366085899966
4,0.2,50,64,tis,0.003110662440958759
4,0.2,50,64,uniform,0.005706685118090766
4,0.2,50,65,complete_rollout,0.0002806403121998983
4,0.2,50,65,tis,0.0008878276847559565
4,0.2,50,65,uniform,0.006840890184454089
4,0.2,50,66,complete_rollout,0.00021886354422408447
4,0.2,50,66,tis,0.003186007003290898
4,0.2,50,66,uniform,0.0032660022243802224
4,0.2,50,67,complete_rollout,0.0001026101136673007
4,0.2,50,67,tis,0.002928497881762475
4,0.2,50,67,uniform,0.0028156229359442464
4,0.2,50,68,complete_rollout,0.0005015947442656084
4,0.2,50,68,tis,0.0017361929270085506
4,0.2,50,68,uniform,0.002458011802987388
4,0.2,50,69,complete_rollout,0.0003542041451896109
4,0.2,50,69,tis,0.006472586627904337
4,0.2,50,69,uniform,0.004346162540148832
4,0.2,50,70,complete_rollout,0.000974409144911988
4,0.2,50,70,tis,0.009698539142270928
4,0.2,50,70,uniform,0.00945806956197288
4,0.2,50,71,complete_rollout,0.00033160882031612373
4,0.2,50,71,tis,0.0011196128610768137
4,0.2,50,71,uniform,0.002063077700824528
4,0.2,50,72,complete_rollout,0.0005590311437870926
4,0.2,50,72,tis,0.0021941355355076736
4,0.2,50,72,uniform,0.0096803555409282
4,0.2,50,73,complete_rollout,0.0001067113546144781
4,0.2,50,73,tis,0.002934311253676422
4,0.2,50,73,uniform,0.007311125735639957
4,0.2,50,74,complete_rollout,0.0007058134805772385
4,0.2,50,74,tis,0.001772016585731066
4,0.2,50,74,uniform,0.013557229563084132
4,0.2,50,75,complete_rollout,0.0011418551953969133
4,0.2,50,75,tis,0.007196895405818299
4,0.2,50,75,uniform,0.0033720831282587
4,0.2,50,76,complete_rollout,0.0005257348886994179
4,0.2,50,76,tis,0.005143187508320316
4,0.2,50,76,uniform,0.008262805691900165
4,0.2,50,77,complete_rollout,0.0004264987048469036
4,0.2,50,77,tis,0.0020791884851192426
4,0.2,50,77,uniform,0.007203632357220242
4,0.2,50,78,complete_rollout,0.00034000254642977545
4,0.2,50,78,tis,0.004703342812580511
4,0.2,50,78,uniform,0.01499944701995266
4,0.2,50,79,complete_rollout,0.00034377391816684823
4,0.2,50,79,tis,0.0013703902724055985
4,0.2,50,79,uniform,0.004451704361557708
4,0.2,50,80,complete_rollout,0.00021460062258701074
4,0.2,50,80,tis,0.004783345566135866
4,0.2,50,80,uniform,0.00481630445052866
4,0.2,50,81,complete_rollout,0.00015112407245166466
4,0.2,50,81,tis,0.0020688716260960542
4,0.2,50,81,uniform,0.009659771669664426
4,0.2,50,82,complete_rollout,0.0001745835219061409
4,0.2,50,82,tis,0.0017492477621293759
4,0.2,50,82,uniform,0.002938302724495136
4,0.2,50,83,complete_rollout,0.00024282417663174847
4,0.2,50,83,tis,0.002057538247892026
4,0.2,50,83,uniform,0.0028617496157933874
4,0.2,50,84,complete_rollout,0.0010811821303748324
4,0.2,50,84,tis,0.0010444702594285084
4,0.2,50,84,uniform,0.0017187331134332665
4,0.2,50,85,complete_rollout,0.00013069290296398745
4,0.2,50,85,tis,0.0029870077601229575
4,0.2,50,85,uniform,0.002702502491680065
4,0.2,50,86,complete_rollout,0.0002198119911455443
4,0.2,50,86,tis,0.0016531606288559156
4,0.2,50,86,uniform,0.004302997326057388
4,0.2,50,87,complete_rollout,0.00017322000685123645
4,0.2,50,87,tis,0.003935405750596436
4,0.2,50,87,uniform,0.0046390128075587045
4,0.2,50,88,complete_rollout,0.0019045355295940086
4,0.2,50,88,tis,0.0015437839879578043
4,0.2,50,88,uniform,0.015206135471469442
4,0.2,50,89,complete_rollout,0.0003239416900202303
4,0.2,50,89,tis,0.0009859531124410247
4,0.2,50,89,uniform,0.0073036019989981705
4,0.2,50,90,complete_rollout,0.00031139248021400237
4,0.2,50,90,tis,0.0019028566885953926
4,0.2,50,90,uniform,0.008659827367571968
4,0.2,50,91,complete_rollout,0.000504431390876371
4,0.2,50,91,tis,0.0014877657973020426
4,0.2,50,91,uniform,0.004861605357396919
4,0.2,50,92,complete_rollout,0.0008699506637696383
4,0.2,50,92,tis,0.0018941854094154768
4,0.2,50,92,uniform,0.009025106462386837
4,0.2,50,93,complete_rollout,0.000547608223900989
4,0.2,50,93,tis,0.001941200245560596
4,0.2,50,93,uniform,0.012791502981251942
4,0.2,50,94,complete_rollout,0.00028770668592560374
4,0.2,50,94,tis,0.0013196458091943484
4,0.2,50,94,uniform,0.006064374458930124
4,0.2,50,95,complete_rollout,0.00039321328015150947
4,0.2,50,95,tis,0.00876571379537208
4,0.2,50,95,uniform,0.007225423399809836
4,0.2,50,96,complete_rollout,0.00021377494198443275
4,0.2,50,96,tis,0.001107090991375288
4,0.2,50,96,uniform,0.006857288695971605
4,0.2,50,97,complete_rollout,0.000442159614006997
4,0.2,50,97,tis,0.004208193486449492
4,0.2,50,97,uniform,0.016454090647198275
4,0.2,50,98,complete_rollout,0.0003416743448575433
4,0.2,50,98,tis,0.00330884607738304
4,0.2,50,98,uniform,0.00417541048108445
4,0.2,50,99,complete_rollout,0.0003440051928856099
4,0.2,50,99,tis,0.010281219529835893
4,0.2,50,99,uniform,0.004732833026847555
4,0.2,50,100,complete_rollout,0.00015361053108549637
4,0.2,50,100,tis,0.0012726575968211359
4,0.2,50,100,uniform,0.008274323107033242
4,0.2,50,101,complete_rollout,0.000144097438530903
4,0.2,50,101,tis,0.0038939618771908014
4,0.2,50,101,uniform,0.0021626352908053364
4,0.2,50,102,complete_rollout,0.0006062376930096613
4,0.2,50,102,tis,0.0017002387158722746
4,0.2,50,102,uniform,0.009057293007885209
4,0.2,50,103,complete_rollout,0.000294838471514888
4,0.2,50,103,tis,0.004386726078527126
4,0.2,50,103,uniform,0.020855466711106302
4,0.2,50,104,complete_rollout,0.00022107357030915807
4,0.2,50,104,tis,0.006109653414877113
4,0.2,50,104,uniform,0.0034865059975297294
4,0.2,50,105,complete_rollout,0.00023959892695331328
4,0.2,50,105,tis,0.002480593105271416
4,0.2,50,105,uniform,0.0035105529422215925
4,0.2,50,106,complete_rollout,0.0002681718797260814
4,0.2,50,106,tis,0.0017086680369678693
4,0.2,50,106,uniform,0.0044931393750421685
4,0.2,50,107,complete_rollout,0.0001678186411624051
4,0.2,50,107,tis,0.0007230208818511594
4,0.2,50,107,uniform,0.01836010200722904
4,0.2,50,108,complete_rollout,0.0008871067585708564
4,0.2,50,108,tis,0.0038906771465172024
4,0.2,50,108,uniform,0.007532706859369931
4,0.2,50,109,complete_rollout,0.00012025784070551459
4,0.2,50,109,tis,0.008062885185000226
4,0.2,50,109,uniform,0.009368630667370316
4,0.2,50,110,complete_rollout,0.00010038174066939021
4,0.2,50,110,tis,0.002530338203323935
4,0.2,50,110,uniform,0.0071943448484533875
4,0.2,50,111,complete_rollout,0.00012902421212614623
4,0.2,50,111,tis,0.0022775301574289395
4,0.2,50,111,uniform,0.007492523787797588
4,0.2,50,112,complete_rollout,0.00025173776971578013
4,0.2,50,112,tis,0.0019708695218926884
4,0.2,50,112,uniform,0.0030557617823270904
4,0.2,50,113,complete_rollout,0.00016436178120169073
4,0.2,50,113,tis,0.004933087925178651
4,0.2,50,113,uniform,0.004171103586259002
4,0.2,50,114,complete_rollout,0.0005644162479371702
4,0.2,50,114,tis,0.0033025472585090456
4,0.2,50,114,uniform,0.009644088692621969
4,0.2,50,115,complete_rollout,0.0002043667006789738
4,0.2,50,115,tis,0.0017811124917333624
4,0.2,50,115,uniform,0.005762104204368499
4,0.2,50,116,complete_rollout,0.0022078264096963944
4,0.2,50,116,tis,0.0019412716926685083
4,0.2,50,116,uniform,0.004643017007234696
4,0.2,50,117,complete_rollout,0.0005849623059492083
4,0.2,50,117,tis,0.002160364533474315
4,0.2,50,117,uniform,0.0028092381709158704
4,0.2,50,118,complete_rollout,0.00019495120606987247
4,0.2,50,118,tis,0.000887249648405361
4,0.2,50,118,uniform,0.0027772349931567035
4,0.2,50,119,complete_rollout,0.0007808044265127625
4,0.2,50,119,tis,0.0040925882657296
4,0.2,50,119,uniform,0.00471796169822394
4,0.2,50,120,complete_rollout,0.00022212444496582192
4,0.2,50,120,tis,0.01283518031074715
4,0.2,50,120,uniform,0.0025114231524273143
4,0.2,50,121,complete_rollout,0.00022468723303206286
4,0.2,50,121,tis,0.0017378737663178154
4,0.2,50,121,uniform,0.010865537045347784
4,0.2,50,122,complete_rollout,0.0005304640303959646
4,0.2,50,122,tis,0.0017227909904574685
4,0.2,50,122,uniform,0.007273029374995959
4,0.2,50,123,complete_rollout,0.0007559307305221159
4,0.2,50,123,tis,0.004117162559217583
4,0.2,50,123,uniform,0.0053575050372211665
4,0.2,50,124,complete_rollout,0.00016253150932308923
4,0.2,50,124,tis,0.0009474671819341343
4,0.2,50,124,uniform,0.002912508730221448
4,0.2,50,125,complete_rollout,0.0001628073298188215
4,0.2,50,125,tis,0.0019459669902232926
4,0.2,50,125,uniform,0.004152215937483665
4,0.2,50,126,complete_rollout,0.00039301209963883157
4,0.2,50,126,tis,0.0015142907127424939
4,0.2,50,126,uniform,0.0021307203455156114
4,0.2,50,127,complete_rollout,0.00037127598600513064
4,0.2,50,127,tis,0.003656493277221281
4,0.2,50,127,uniform,0.005329254409586305
4,0.2,50,128,complete_rollout,0.00014220786556382487
4,0.2,50,128,tis,0.0007246835296008957
4,0.2,50,128,uniform,0.006308814867887999
4,0.2,50,129,complete_rollout,0.0003298076734275376
4,0.2,50,129,tis,0.009084738342599792
4,0.2,50,129,uniform,0.008566861183867363
4,0.2,50,130,complete_rollout,0.00025301589895048267
4,0.2,50,130,tis,0.0020602076193374074
4,0.2,50,130,uniform,0.0047656415521438265
4,0.2,50,131,complete_rollout,0.000192129441746379
4,0.2,50,131,tis,0.003966378035713988
4,0.2,50,131,uniform,0.0030994367731372076
4,0.2,50,132,complete_rollout,0.00019455813121501837
4,0.2,50,132,tis,0.0017589519922802832
4,0.2,50,132,uniform,0.01640418520466727
4,0.2,50,133,complete_rollout,0.00018157806929015982
4,0.2,50,133,tis,0.0031689745096834267
4,0.2,50,133,uniform,0.03453951415452002
4,0.2,50,134,complete_rollout,0.000372562748927379
4,0.2,50,134,tis,0.000790406036248799
4,0.2,50,134,uniform,0.006251368571131447
4,0.2,50,135,complete_rollout,0.00029906025656600284
4,0.2,50,135,tis,0.003676406680245726
4,0.2,50,135,uniform,0.0028459032540061086
4,0.2,50,136,complete_rollout,0.00013784491685124643
4,0.2,50,136,tis,0.003931165775981638
4,0.2,50,136,uniform,0.0035086135464292593
4,0.2,50,137,complete_rollout,0.0004954140879733906
4,0.2,50,137,tis,0.00199808567787036
4,0.2,50,137,uniform,0.004447911476620942
4,0.2,50,138,complete_rollout,0.00022210181511721802
4,0.2,50,138,tis,0.004253629737266201
4,0.2,50,138,uniform,0.004066117425771821
4,0.2,50,139,complete_rollout,0.00025456649211789213
4,0.2,50,139,tis,0.005352870249081257
4,0.2,50,139,uniform,0.004615104226279409
4,0.2,50,140,complete_rollout,0.0005869027781468283
4,0.2,50,140,tis,0.001415124388255663
4,0.2,50,140,uniform,0.001849245693673172
4,0.2,50,141,complete_rollout,0.0002252313382818573
4,0.2,50,141,tis,0.006221805198863114
4,0.2,50,141,uniform,0.02317465958290695
4,0.2,50,142,complete_rollout,0.00043657283051687503
4,0.2,50,142,tis,0.004474118724860622
4,0.2,50,142,uniform,0.033673804864537284
4,0.2,50,143,complete_rollout,0.000720704882937018
4,0.2,50,143,tis,0.004012963635746255
4,0.2,50,143,uniform,0.006064676039174202
4,0.2,50,144,complete_rollout,0.00024188657307161799
4,0.2,50,144,tis,0.002632498704845498
4,0.2,50,144,uniform,0.008248993965344157
4,0.2,50,145,complete_rollout,0.00015002954173194528
4,0.2,50,145,tis,0.005467222878946488
4,0.2,50,145,uniform,0.028358231763167287
4,0.2,50,146,complete_rollout,0.0003068717523455081
4,0.2,50,146,tis,0.0081876523067288
4,0.2,50,146,uniform,0.0030137883153748463
4,0.2,50,147,complete_rollout,0.00017953299081022796
4,0.2,50,147,tis,0.004464693209315943
4,0.2,50,147,uniform,0.006851626946340187
4,0.2,50,148,complete_rollout,7.454458967595331e-05
4,0.2,50,148,tis,0.007705727962659016
4,0.2,50,148,uniform,0.007153704002642252
4,0.2,50,149,complete_rollout,9.273163416069887e-05
4,0.2,50,149,tis,0.004189600127753527
4,0.2,50,149,uniform,0.00930550129879204
4,0.2,50,150,complete_rollout,0.00014401018829266764
4,0.2,50,150,tis,0.013153302047867027
4,0.2,50,150,uniform,0.006179574713125206
4,0.2,50,151,complete_rollout,0.00018665887298266237
4,0.2,50,151,tis,0.0016869892618108485
4,0.2,50,151,uniform,0.0047860729852217095
4,0.2,50,152,complete_rollout,0.000918736918816834
4,0.2,50,152,tis,0.0015515428623453637
4,0.2,50,152,uniform,0.0068705905076701145
4,0.2,50,153,complete_rollout,0.0003372388104031672
4,0.2,50,153,tis,0.0010967959969680682
4,0.2,50,153,uniform,0.002592821678167028
4,0.2,50,154,complete_rollout,0.0001500447372655256
4,0.2,50,154,tis,0.014503386143425846
4,0.2,50,154,uniform,0.002681123846150326
4,0.2,50,155,complete_rollout,0.00037872702766886485
4,0.2,50,155,tis,0.0034059402632163503
4,0.2,50,155,uniform,0.010660513496253791
4,0.2,50,156,complete_rollout,0.00023626738920539797
4,0.2,50,156,tis,0.0021138504497609178
4,0.2,50,156,uniform,0.01093800170847915
4,0.2,50,157,complete_rollout,0.00017597347374698704
4,0.2,50,157,tis,0.0030935977797515537
4,0.2,50,157,uniform,0.0036225282369093995
4,0.2,50,158,complete_rollout,0.000245506387024807
4,0.2,50,158,tis,0.007198558636333885
4,0.2,50,158,uniform,0.009162582001013848
4,0.2,50,159,complete_rollout,0.0011740227724536985
4,0.2,50,159,tis,0.001938745851118842
4,0.2,50,159,uniform,0.006899375425796874
4,0.2,50,160,complete_rollout,0.00017196787570720703
4,0.2,50,160,tis,0.00685684556089265
4,0.2,50,160,uniform,0.011996598328548887
4,0.2,50,161,complete_rollout,0.0007464303245754568
4,0.2,50,161,tis,0.0032541900820148356
4,0.2,50,161,uniform,0.0028650183088218205
4,0.2,50,162,complete_rollout,0.0002731313542252395
4,0.2,50,162,tis,0.004799571891493014
4,0.2,50,162,uniform,0.0032712971038356417
4,0.2,50,163,complete_rollout,0.0005403670477876755
4,0.2,50,163,tis,0.0024140099778056693
4,0.2,50,163,uniform,0.0066046932250832914
4,0.2,50,164,complete_rollout,0.00029350672233876044
4,0.2,50,164,tis,0.002176021289378723
4,0.2,50,164,uniform,0.004819953879045327
4,0.2,50,165,complete_rollout,0.00022047593012605024
4,0.2,50,165,tis,0.0034444314915103866
4,0.2,50,165,uniform,0.0072978913684020414
4,0.2,50,166,complete_rollout,0.000240312228433539
4,0.2,50,166,tis,0.004428828937826724
4,0.2,50,166,uniform,0.0030337202468704483
4,0.2,50,167,complete_rollout,0.0003240206794995
4,0.2,50,167,tis,0.002458675416602387
4,0.2,50,167,uniform,0.007367413256345996
4,0.2,50,168,complete_rollout,0.0002306464827704807
4,0.2,50,168,tis,0.0065143237980717856
4,0.2,50,168,uniform,0.004699033815536553
4,0.2,50,169,complete_rollout,0.00048426096472132537
4,0.2,50,169,tis,0.002712019038108239
4,0.2,50,169,uniform,0.005176622269257796
4,0.2,50,170,complete_rollout,9.209256769181651e-05
4,0.2,50,170,tis,0.004135502118401667
4,0.2,50,170,uniform,0.011302231864198157
4,0.2,50,171,complete_rollout,0.00029951878788344075
4,0.2,50,171,tis,0.004903328358548243
4,0.2,50,171,uniform,0.008179366046901747
4,0.2,50,172,complete_rollout,0.0002656476787572925
4,0.2,50,172,tis,0.0010041341457525613
4,0.2,50,172,uniform,0.006562715840808512
4,0.2,50,173,complete_rollout,0.00040347926522895554
4,0.2,50,173,tis,0.006149312127787683
4,0.2,50,173,uniform,0.0037557547130698393
4,0.2,50,174,complete_rollout,0.00018631156340462277
4,0.2,50,174,tis,0.0034758106375626235
4,0.2,50,174,uniform,0.005896127579805505
4,0.2,50,175,complete_rollout,0.0001565907687083929
4,0.2,50,175,tis,0.002453389969369428
4,0.2,50,175,uniform,0.013223842187208032
4,0.2,50,176,complete_rollout,0.0003451208362828327
4,0.2,50,176,tis,0.015826537412927614
4,0.2,50,176,uniform,0.013172430289020345
4,0.2,50,177,complete_rollout,0.00028306277071135476
4,0.2,50,177,tis,0.005590132267783722
4,0.2,50,177,uniform,0.005799226443414678
4,0.2,50,178,complete_rollout,0.0002802476817041506
4,0.2,50,178,tis,0.002360606475480345
4,0.2,50,178,uniform,0.007693256915640738
4,0.2,50,179,complete_rollout,0.0006726303414290628
4,0.2,50,179,tis,0.003084671019362357
4,0.2,50,179,uniform,0.0032292537787850383
4,0.2,50,180,complete_rollout,0.00031748784095229817
4,0.2,50,180,tis,0.0017735013432171702
4,0.2,50,180,uniform,0.009752005979408222
4,0.2,50,181,complete_rollout,0.00016590448132626327
4,0.2,50,181,tis,0.00413005859831857
4,0.2,50,181,uniform,0.006584785170672219
4,0.2,50,182,complete_rollout,0.0001934571479110168
4,0.2,50,182,tis,0.0018929580918470668
4,0.2,50,182,uniform,0.002673024414096591
4,0.2,50,183,complete_rollout,0.0013533305351846458
4,0.2,50,183,tis,0.005437328122059522
4,0.2,50,183,uniform,0.003522070447801992
4,0.2,50,184,complete_rollout,0.0001395504488038188
4,0.2,50,184,tis,0.006450166588034081
4,0.2,50,184,uniform,0.0014932450440890326
4,0.2,50,185,complete_rollout,0.0004950760879579656
4,0.2,50,185,tis,0.0016048821358762475
4,0.2,50,185,uniform,0.0015334393994960976
4,0.2,50,186,complete_rollout,0.0005860855710128916
4,0.2,50,186,tis,0.0015927717101644897
4,0.2,50,186,uniform,0.007692128334060608
4,0.2,50,187,complete_rollout,0.0002728850936196998
4,0.2,50,187,tis,0.005154915465762526
4,0.2,50,187,uniform,0.026430804827472374
4,0.2,50,188,complete_rollout,0.0001450790947670786
4,0.2,50,188,tis,0.007623896475034478
4,0.2,50,188,uniform,0.004316408573599526
4,0.2,50,189,complete_rollout,0.0001332571012070049
4,0.2,50,189,tis,0.003885410070023239
4,0.2,50,189,uniform,0.0032048137272451555
4,0.2,50,190,complete_rollout,0.00043657451798124683
4,0.2,50,190,tis,0.0036956646272244486
4,0.2,50,190,uniform,0.0032179275858272532
4,0.2,50,191,complete_rollout,0.00023107490346163816
4,0.2,50,191,tis,0.004497723136677106
4,0.2,50,191,uniform,0.008623992176031051
4,0.2,50,192,complete_rollout,0.0002785392585520886
4,0.2,50,192,tis,0.00858868646559648
4,0.2,50,192,uniform,0.012474605387825624
4,0.2,50,193,complete_rollout,0.00025057303313716974
4,0.2,50,193,tis,0.0007984770846576043
4,0.2,50,193,uniform,0.00686399463068167
4,0.2,50,194,complete_rollout,0.0008694559649598932
4,0.2,50,194,tis,0.002333773130452586
4,0.2,50,194,uniform,0.009082564407771838
4,0.2,50,195,complete_rollout,0.00045499830669650307
4,0.2,50,195,tis,0.00174963551483806
4,0.2,50,195,uniform,0.008677802255309744
4,0.2,50,196,complete_rollout,0.00019554946306550006
4,0.2,50,196,tis,0.002561186397907432
4,0.2,50,196,uniform,0.004003227808621854
4,0.2,50,197,complete_rollout,0.00021822405291622185
4,0.2,50,197,tis,0.003563005470625309
4,0.2,50,197,uniform,0.01401041955354573
4,0.2,50,198,complete_rollout,0.0005310235330212426
4,0.2,50,198,tis,0.005332917790100525
4,0.2,50,198,uniform,0.006896882081797569
4,0.2,50,199,complete_rollout,0.0011258997209015967
4,0.2,50,199,tis,0.002298876664111301
4,0.2,50,199,uniform,0.003537580355166236
4,0.2,50,200,complete_rollout,0.0005884045212214786
4,0.2,50,200,tis,0.001794318940688955
4,0.2,50,200,uniform,0.003734496545062112
4,0.2,50,201,complete_rollout,0.0001409793544060039
4,0.2,50,201,tis,0.004378199391337147
4,0.2,50,201,uniform,0.006150981144998328
4,0.2,50,202,complete_rollout,0.0005832422073092136
4,0.2,50,202,tis,0.000812573029803068
4,0.2,50,202,uniform,0.01311053682117446
4,0.2,50,203,complete_rollout,0.0005357441679897797
4,0.2,50,203,tis,0.0007080608568656255
4,0.2,50,203,uniform,0.008720721842254352
4,0.2,50,204,complete_rollout,0.0007528803428434223
4,0.2,50,204,tis,0.002756253070915676
4,0.2,50,204,uniform,0.003581703413081149
4,0.2,50,205,complete_rollout,0.00018115112118610195
4,0.2,50,205,tis,0.006686048447922606
4,0.2,50,205,uniform,0.004047753028028735
4,0.2,50,206,complete_rollout,0.0001819622901452711
4,0.2,50,206,tis,0.007175688888017807
4,0.2,50,206,uniform,0.006143867590613412
4,0.2,50,207,complete_rollout,0.00016312400284492547
4,0.2,50,207,tis,0.0018372000324724223
4,0.2,50,207,uniform,0.034169687542030015
4,0.2,50,208,complete_rollout,0.00037773677376678875
4,0.2,50,208,tis,0.0015863034675460109
4,0.2,50,208,uniform,0.0033960007188788676
4,0.2,50,209,complete_rollout,0.0001710170387990591
4,0.2,50,209,tis,0.007422934825625498
4,0.2,50,209,uniform,0.005545459728849239
4,0.2,50,210,complete_rollout,0.000354710483846494
4,0.2,50,210,tis,0.002567768135597854
4,0.2,50,210,uniform,0.020706623530762927
4,0.2,50,211,complete_rollout,0.00035386723588839655
4,0.2,50,211,tis,0.0015511620208198684
4,0.2,50,211,uniform,0.002845439870957167
4,0.2,50,212,complete_rollout,0.0005855130722260406
4,0.2,50,212,tis,0.0038010859441137733
4,0.2,50,212,uniform,0.0021552818860226686
4,0.2,50,213,complete_rollout,0.0007948577523164831
4,0.2,50,213,tis,0.0075569492166329254
4,0.2,50,213,uniform,0.004196490811263314
4,0.2,50,214,complete_rollout,0.0003329782819437604
4,0.2,50,214,tis,0.00925707635498759
4,0.2,50,214,uniform,0.010596506826165551
4,0.2,50,215,complete_rollout,0.00030374140939046343
4,0.2,50,215,tis,0.0017836602741629205
4,0.2,50,215,uniform,0.006021963562586688
4,0.2,50,216,complete_rollout,0.0002266484066263915
4,0.2,50,216,tis,0.0021756982086208
4,0.2,50,216,uniform,0.0044014087167626855
4,0.2,50,217,complete_rollout,0.00010946067854838295
4,0.2,50,217,tis,0.0012802064761838268
4,0.2,50,217,uniform,0.006010583197290574
4,0.2,50,218,complete_rollout,0.0005151868182937872
4,0.2,50,218,tis,0.0025847145974352234
4,0.2,50,218,uniform,0.00490265474775792
4,0.2,50,219,complete_rollout,0.00010366512968218242
4,0.2,50,219,tis,0.001205593143235855
4,0.2,50,219,uniform,0.011410209862465213
4,0.2,50,220,complete_rollout,0.0004706537294108109
4,0.2,50,220,tis,0.00293852701744876
4,0.2,50,220,uniform,0.0016810321105473617
4,0.2,50,221,complete_rollout,0.00016637892468638013
4,0.2,50,221,tis,0.0019668335261618037
4,0.2,50,221,uniform,0.002379504071156509
4,0.2,50,222,complete_rollout,0.0006023685270508148
4,0.2,50,222,tis,0.001866429440086724
4,0.2,50,222,uniform,0.002533830813515499
4,0.2,50,223,complete_rollout,0.00013609596178033488
4,0.2,50,223,tis,0.002747256094002718
4,0.2,50,223,uniform,0.002256438233256406
4,0.2,50,224,complete_rollout,0.0006927459360479481
4,0.2,50,224,tis,0.0011251499669392147
4,0.2,50,224,uniform,0.011364687390913501
4,0.2,50,225,complete_rollout,0.001276907568959432
4,0.2,50,225,tis,0.006207957197386111
4,0.2,50,225,uniform,0.014624979643548319
4,0.2,50,226,complete_rollout,0.00015086103599337052
4,0.2,50,226,tis,0.0012648026318817602
4,0.2,50,226,uniform,0.008871506930986482
4,0.2,50,227,complete_rollout,0.00022115051994156458
4,0.2,50,227,tis,0.001532608381681301
4,0.2,50,227,uniform,0.0054704310318352545
4,0.2,50,228,complete_rollout,0.0002511280763624852
4,0.2,50,228,tis,0.003025449183451893
4,0.2,50,228,uniform,0.010475129750788377
4,0.2,50,229,complete_rollout,6.718678025391487e-05
4,0.2,50,229,tis,0.0013299243422028736
4,0.2,50,229,uniform,0.012267620835741604
4,0.2,50,230,complete_rollout,0.0002030663925258234
4,0.2,50,230,tis,0.003923599428335285
4,0.2,50,230,uniform,0.002614835440543395
4,0.2,50,231,complete_rollout,0.00019498165230752532
4,0.2,50,231,tis,0.0008523904439094772
4,0.2,50,231,uniform,0.0038721495490560334
4,0.2,50,232,complete_rollout,0.00015826622634163844
4,0.2,50,232,tis,0.004453199430493804
4,0.2,50,232,uniform,0.008406140143675741
4,0.2,50,233,complete_rollout,0.00015074963622331572
4,0.2,50,233,tis,0.01295224449115633
4,0.2,50,233,uniform,0.008316591611387432
4,0.2,50,234,complete_rollout,0.00025444453506370704
4,0.2,50,234,tis,0.0016742131848174232
4,0.2,50,234,uniform,0.0026299211490008532
4,0.2,50,235,complete_rollout,0.00024261720430825744
4,0.2,50,235,tis,0.0012635746181988256
4,0.2,50,235,uniform,0.006898615730613848
4,0.2,50,236,complete_rollout,0.0004204710546712944
4,0.2,50,236,tis,0.0060722409877203756
4,0.2,50,236,uniform,0.009410451579670786
4,0.2,50,237,complete_rollout,0.00025001790979080053
4,0.2,50,237,tis,0.005171436638110894
4,0.2,50,237,uniform,0.004946461811531504
4,0.2,50,238,complete_rollout,0.0005548712439953015
4,0.2,50,238,tis,0.0027227929877560487
4,0.2,50,238,uniform,0.005699786181351846
4,0.2,50,239,complete_rollout,0.00012570948537722433
4,0.2,50,239,tis,0.00363510077476532
4,0.2,50,239,uniform,0.006189397083948601
4,0.2,50,240,complete_rollout,0.000622740681491596
4,0.2,50,240,tis,0.005440886959197595
4,0.2,50,240,uniform,0.006679582060703176
4,0.2,50,241,complete_rollout,0.00011878172548761853
4,0.2,50,241,tis,0.004434088051523658
4,0.2,50,241,uniform,0.007112516764206767
4,0.2,50,242,complete_rollout,0.0002137204275588607
4,0.2,50,242,tis,0.0011571892623580674
4,0.2,50,242,uniform,0.0033895443275101544
4,0.2,50,243,complete_rollout,0.0006210276784714478
4,0.2,50,243,tis,0.0017411206674506142
4,0.2,50,243,uniform,0.011477517752077657
4,0.2,50,244,complete_rollout,0.0003184964773080153
4,0.2,50,244,tis,0.008439684238598037
4,0.2,50,244,uniform,0.007981494257150862
4,0.2,50,245,complete_rollout,0.001249364602484025
4,0.2,50,245,tis,0.002006140358293801
4,0.2,50,245,uniform,0.003288891020471183
4,0.2,50,246,complete_rollout,0.00046846065599527765
4,0.2,50,246,tis,0.004452787721756561
4,0.2,50,246,uniform,0.007080402615243404
4,0.2,50,247,complete_rollout,0.0007417469277928527
4,0.2,50,247,tis,0.0007805812206498374
4,0.2,50,247,uniform,0.00877964457978891
4,0.2,50,248,complete_rollout,0.0006649800698319539
4,0.2,50,248,tis,0.003258027804955716
4,0.2,50,248,uniform,0.00722607400122262
4,0.2,50,249,complete_rollout,0.00017308421784528182
4,0.2,50,249,tis,0.005480913901582924
4,0.2,50,249,uniform,0.01860023668283963
4,0.2,50,250,complete_rollout,0.00026072855134079805
4,0.2,50,250,tis,0.0012158571409882494
4,0.2,50,250,uniform,0.006664077115995735
4,0.2,50,251,complete_rollout,0.0003240160255644022
4,0.2,50,251,tis,0.00436867987133098
4,0.2,50,251,uniform,0.008873176215024325
4,0.2,50,252,complete_rollout,0.0011505715790982554
4,0.2,50,252,tis,0.0019491377588353154
4,0.2,50,252,uniform,0.009331301620390902
4,0.2,50,253,complete_rollout,0.00024046636921544364
4,0.2,50,253,tis,0.0021855433257707054
4,0.2,50,253,uniform,0.00325482639562909
4,0.2,50,254,complete_rollout,0.0002516871427591932
4,0.2,50,254,tis,0.009070808819707015
4,0.2,50,254,uniform,0.010248633043707682
4,0.2,50,255,complete_rollout,0.00012571238510094714
4,0.2,50,255,tis,0.002609911871964039
4,0.2,50,255,uniform,0.002334377544917149
4,0.2,50,256,complete_rollout,0.0002253496489237304
4,0.2,50,256,tis,0.002495470926835521
4,0.2,50,256,uniform,0.007642209125123518
4,0.2,50,257,complete_rollout,0.00034211773438213943
4,0.2,50,257,tis,0.003955898982701183
4,0.2,50,257,uniform,0.0043799065335964164
4,0.2,50,258,complete_rollout,0.00036747459588015827
4,0.2,50,258,tis,0.012670355101489835
4,0.2,50,258,uniform,0.007149624756762914
4,0.2,50,259,complete_rollout,0.00034689501553068276
4,0.2,50,259,tis,0.0038297727209726552
4,0.2,50,259,uniform,0.001605775895179782
4,0.2,50,260,complete_rollout,0.00047033225237230015
4,0.2,50,260,tis,0.0016930305665356668
4,0.2,50,260,uniform,0.0026059134724939637
4,0.2,50,261,complete_rollout,0.00019145827932747785
4,0.2,50,261,tis,0.0034549533831415174
4,0.2,50,261,uniform,0.006801195896312059
4,0.2,50,262,complete_rollout,0.0011810499372928978
4,0.2,50,262,tis,0.004723212905955267
4,0.2,50,262,uniform,0.003110154842641808
4,0.2,50,263,complete_rollout,0.00028138085756274496
4,0.2,50,263,tis,0.002838700823159787
4,0.2,50,263,uniform,0.001860305329647647
4,0.2,50,264,complete_rollout,0.00022749044424551142
4,0.2,50,264,tis,0.006563821462315177
4,0.2,50,264,uniform,0.0032702953607096344
4,0.2,50,265,complete_rollout,0.0024154785457701253
4,0.2,50,265,tis,0.0025436289850529863
4,0.2,50,265,uniform,0.0072424682504198
4,0.2,50,266,complete_rollout,0.00040399538063145575
4,0.2,50,266,tis,0.002118004215890211
4,0.2,50,266,uniform,0.022860526669308205
4,0.2,50,267,complete_rollout,0.0004512825454032187
4,0.2,50,267,tis,0.003459723441331049
4,0.2,50,267,uniform,0.004284636910023063
4,0.2,50,268,complete_rollout,0.0006794298778862927
4,0.2,50,268,tis,0.001571660153501467
4,0.2,50,268,uniform,0.0031196579935493366
4,0.2,50,269,complete_rollout,0.00024893712379391947
4,0.2,50,269,tis,0.003920982393103363
4,0.2,50,269,uniform,0.011202115995510941
4,0.2,50,270,complete_rollout,0.00015595756360981005
4,0.2,50,270,tis,0.004268049398126167
4,0.2,50,270,uniform,0.010717740344422525
4,0.2,50,271,complete_rollout,0.000303272823297849
4,0.2,50,271,tis,0.0019794911150445506
4,0.2,50,271,uniform,0.0030303141616391145
4,0.2,50,272,complete_rollout,0.00047613089097565454
4,0.2,50,272,tis,0.006213751835164588
4,0.2,50,272,uniform,0.004870423759298527
4,0.2,50,273,complete_rollout,0.00028960211928344876
4,0.2,50,273,tis,0.003274736812726058
4,0.2,50,273,uniform,0.005220722442374616
4,0.2,50,274,complete_rollout,0.00010381263970168683
4,0.2,50,274,tis,0.005437933107393709
4,0.2,50,274,uniform,0.00795544066132493
4,0.2,50,275,complete_rollout,0.0004438007771551768
4,0.2,50,275,tis,0.0014239720405639005
4,0.2,50,275,uniform,0.002089554089184297
4,0.2,50,276,complete_rollout,0.00013838667307506958
4,0.2,50,276,tis,0.027563322060371008
4,0.2,50,276,uniform,0.035519992190424496
4,0.2,50,277,complete_rollout,0.00023798988641609827
4,0.2,50,277,tis,0.004219579214231908
4,0.2,50,277,uniform,0.004496774604388661
4,0.2,50,278,complete_rollout,0.0002571910575823133
4,0.2,50,278,tis,0.0035084985369121494
4,0.2,50,278,uniform,0.004124360180848645
4,0.2,50,279,complete_rollout,9.720529387137494e-05
4,0.2,50,279,tis,0.0024943454112912344
4,0.2,50,279,uniform,0.01745783022548439
4,0.2,50,280,complete_rollout,0.00022309075394619558
4,0.2,50,280,tis,0.005300808392055072
4,0.2,50,280,uniform,0.006412881744761393
4,0.2,50,281,complete_rollout,0.0009667589083077492
4,0.2,50,281,tis,0.004536129783659872
4,0.2,50,281,uniform,0.005351151972748612
4,0.2,50,282,complete_rollout,0.00013946936163852246
4,0.2,50,282,tis,0.0023736180266109652
4,0.2,50,282,uniform,0.0019400271195939816
4,0.2,50,283,complete_rollout,0.00019027847908091187
4,0.2,50,283,tis,0.0013260547200592968
4,0.2,50,283,uniform,0.007915947712702102
4,0.2,50,284,complete_rollout,0.0002687203085496734
4,0.2,50,284,tis,0.0032173697833472715
4,0.2,50,284,uniform,0.004553426778371469
4,0.2,50,285,complete_rollout,0.0001387809595695281
4,0.2,50,285,tis,0.0011143761373499884
4,0.2,50,285,uniform,0.005026394598173494
4,0.2,50,286,complete_rollout,0.0002234670989862444
4,0.2,50,286,tis,0.007874750541693629
4,0.2,50,286,uniform,0.004889618979695068
4,0.2,50,287,complete_rollout,0.0002551331752585303
4,0.2,50,287,tis,0.0051031575394891535
4,0.2,50,287,uniform,0.004065720381699773
4,0.2,50,288,complete_rollout,0.0007284834615649069
4,0.2,50,288,tis,0.0023239302964347197
4,0.2,50,288,uniform,0.008493857209973981
4,0.2,50,289,complete_rollout,0.00033234029783678977
4,0.2,50,289,tis,0.006569689676115718
4,0.2,50,289,uniform,0.004427666033911298
4,0.2,50,290,complete_rollout,0.0005816766538894177
4,0.2,50,290,tis,0.009298493952174062
4,0.2,50,290,uniform,0.0103118675247846
4,0.2,50,291,complete_rollout,0.0003093277611910816
4,0.2,50,291,tis,0.0031222531614160352
4,0.2,50,291,uniform,0.00628568001879609
4,0.2,50,292,complete_rollout,0.0011384321702983824
4,0.2,50,292,tis,0.006098449416807279
4,0.2,50,292,uniform,0.00483959050658836
4,0.2,50,293,complete_rollout,0.0012193201459182496
4,0.2,50,293,tis,0.0007802329477567318
4,0.2,50,293,uniform,0.0029434071504705877
4,0.2,50,294,complete_rollout,0.0001677283896912175
4,0.2,50,294,tis,0.00092558735688306
4,0.2,50,294,uniform,0.010244551513737358
4,0.2,50,295,complete_rollout,0.0005303126058364749
4,0.2,50,295,tis,0.0016391661228672733
4,0.2,50,295,uniform,0.004827524232941048
4,0.2,50,296,complete_rollout,0.00011072589595382614
4,0.2,50,296,tis,0.0010208162704788506
4,0.2,50,296,uniform,0.036836409156361466
4,0.2,50,297,complete_rollout,0.00021034300033553657
4,0.2,50,297,tis,0.0037750047190415843
4,0.2,50,297,uniform,0.005356601027528506
4,0.2,50,298,complete_rollout,9.913252930986986e-05
4,0.2,50,298,tis,0.0033727762651638536
4,0.2,50,298,uniform,0.0026688649580202985
4,0.2,50,299,complete_rollout,0.0002806621034555609
4,0.2,50,299,tis,0.005597793677671064
4,0.2,50,299,uniform,0.002513925357787411
4,0.2,100,0,complete_rollout,8.463981898386904e-05
4,0.2,100,0,tis,0.00038099992424254396
4,0.2,100,0,uniform,0.002615017125323584
4,0.2,100,1,complete_rollout,6.031843580377754e-05
4,0.2,100,1,tis,0.0004959235373384666
4,0.2,100,1,uniform,0.005743089386878253
4,0.2,100,2,complete_rollout,8.790182405687485e-05
4,0.2,100,2,tis,0.0007242691475130056
4,0.2,100,2,uniform,0.0008989129335823667
4,0.2,100,3,complete_rollout,4.790038142725943e-05
4,0.2,100,3,tis,0.0005772994258080776
4,0.2,100,3,uniform,0.001133881585519532
4,0.2,100,4,complete_rollout,0.00016666650153231076
4,0.2,100,4,tis,0.001795656366598823
4,0.2,100,4,uniform,0.00533222016407956
4,0.2,100,5,complete_rollout,0.0004025403147785835
4,0.2,100,5,tis,0.0008661289382005788
4,0.2,100,5,uniform,0.0007878830392808036
4,0.2,100,6,complete_rollout,0.00012135147125741288
4,0.2,100,6,tis,0.0003204669798860011
4,0.2,100,6,uniform,0.0004607767714496612
4,0.2,100,7,complete_rollout,0.00028861273317501315
4,0.2,100,7,tis,0.0009137488785863777
4,0.2,100,7,uniform,0.0027466498418525984
4,0.2,100,8,complete_rollout,9.250386252284491e-05
4,0.2,100,8,tis,0.00046993042598126206
4,0.2,100,8,uniform,0.0035093412201053415
4,0.2,100,9,complete_rollout,9.493302515294687e-05
4,0.2,100,9,tis,0.0009884290256845089
4,0.2,100,9,uniform,0.005329221480778707
4,0.2,100,10,complete_rollout,0.00018192663584625635
4,0.2,100,10,tis,0.0024481692449932146
4,0.2,100,10,uniform,0.0030330261415954995
4,0.2,100,11,complete_rollout,0.0005280518494864998
4,0.2,100,11,tis,0.0012676249254440352
4,0.2,100,11,uniform,0.0023294539523283806
4,0.2,100,12,complete_rollout,8.958189831991435e-05
4,0.2,100,12,tis,0.001022239038525318
4,0.2,100,12,uniform,0.002499378997866266
4,0.2,100,13,complete_rollout,0.00011091931273500094
4,0.2,100,13,tis,0.0005367403277178237
4,0.2,100,13,uniform,0.0012338762174192088
4,0.2,100,14,complete_rollout,0.0001341853991950957
4,0.2,100,14,tis,0.0007043971071757177
4,0.2,100,14,uniform,0.007471753228896044
4,0.2,100,15,complete_rollout,0.0006276932991559196
4,0.2,100,15,tis,0.0019681332375570066
4,0.2,100,15,uniform,0.0013711591187359397
4,0.2,100,16,complete_rollout,0.00014252160107649402
4,0.2,100,16,tis,0.0015915008175971597
4,0.2,100,16,uniform,0.0032129524025248496
4,0.2,100,17,complete_rollout,0.00018727060681445964
4,0.2,100,17,tis,0.0011576701070854767
4,0.2,100,17,uniform,0.008920018414632322
4,0.2,100,18,complete_rollout,0.0007131964298019207
4,0.2,100,18,tis,0.0012482570802739134
4,0.2,100,18,uniform,0.002474643956940767
4,0.2,100,19,complete_rollout,9.180571492043166e-05
4,0.2,100,19,tis,0.001134827055052485
4,0.2,100,19,uniform,0.0014692819372168003
4,0.2,100,20,complete_rollout,7.547723680644393e-05
4,0.2,100,20,tis,0.0017063466675204498
4,0.2,100,20,uniform,0.0032805059458889626
4,0.2,100,21,complete_rollout,0.00030297562001348644
4,0.2,100,21,tis,0.0018164743483042598
4,0.2,100,21,uniform,0.00318897755088601
4,0.2,100,22,complete_rollout,0.00025950122640745163
4,0.2,100,22,tis,0.004528501395246309
4,0.2,100,22,uniform,0.002830404120183553
4,0.2,100,23,complete_rollout,0.0002778488782997238
4,0.2,100,23,tis,0.0007532918192067219
4,0.2,100,23,uniform,0.0024000822208874364
4,0.2,100,24,complete_rollout,0.0001062428190541085
4,0.2,100,24,tis,0.0010959746170168378
4,0.2,100,24,uniform,0.0018200674824233527
4,0.2,100,25,complete_rollout,0.00019830528427842555
4,0.2,100,25,tis,0.0009158214217339741
4,0.2,100,25,uniform,0.001694365865922073
4,0.2,100,26,complete_rollout,0.0001224534743565367
4,0.2,100,26,tis,0.0017068438075070885
4,0.2,100,26,uniform,0.006869128857230535
4,0.2,100,27,complete_rollout,0.00017234675007836789
4,0.2,100,27,tis,0.0006208278569304113
4,0.2,100,27,uniform,0.004539175042072385
4,0.2,100,28,complete_rollout,0.00013105606297464904
4,0.2,100,28,tis,0.0008206615771166727
4,0.2,100,28,uniform,0.0031142735152490195
4,0.2,100,29,complete_rollout,7.550053223551914e-05
4,0.2,100,29,tis,0.0006201039166248791
4,0.2,100,29,uniform,0.003912925436414941
4,0.2,100,30,complete_rollout,9.517934694648214e-05
4,0.2,100,30,tis,0.0007066355595368023
4,0.2,100,30,uniform,0.002331403202993853
4,0.2,100,31,complete_rollout,0.00013022018559771708
4,0.2,100,31,tis,0.0009827665315006256
4,0.2,100,31,uniform,0.004357021338212343
4,0.2,100,32,complete_rollout,9.171412481554104e-05
4,0.2,100,32,tis,0.0007727785710158491
4,0.2,100,32,uniform,0.0022079925347078208
4,0.2,100,33,complete_rollout,0.00042880011332647983
4,0.2,100,33,tis,0.0008486407409838048
4,0.2,100,33,uniform,0.0022322882664752904
4,0.2,100,34,complete_rollout,3.707519820883125e-05
4,0.2,100,34,tis,0.002697667335864486
4,0.2,100,34,uniform,0.0151310373599056
4,0.2,100,35,complete_rollout,0.00015576653382166087
4,0.2,100,35,tis,0.0014251873970130954
4,0.2,100,35,uniform,0.0039641531133402345
4,0.2,100,36,complete_rollout,0.0003011394288521365
4,0.2,100,36,tis,0.0009199069215269397
4,0.2,100,36,uniform,0.0030293990621019598
4,0.2,100,37,complete_rollout,4.643036109547697e-05
4,0.2,100,37,tis,0.0031416161541891097
4,0.2,100,37,uniform,0.002007114900244408
4,0.2,100,38,complete_rollout,0.00023862787201130013
4,0.2,100,38,tis,0.002255680924179898
4,0.2,100,38,uniform,0.0057477065776735696
4,0.2,100,39,complete_rollout,6.86467466732402e-05
4,0.2,100,39,tis,0.0016100504897589181
4,0.2,100,39,uniform,0.0019488166683420505
4,0.2,100,40,complete_rollout,9.521516286369039e-05
4,0.2,100,40,tis,0.001430069827972388
4,0.2,100,40,uniform,0.0012294386053905827
4,0.2,100,41,complete_rollout,7.81402320780162e-05
4,0.2,100,41,tis,0.00059606580134714
4,0.2,100,41,uniform,0.006241256414706542
4,0.2,100,42,complete_rollout,9.186587586783716e-05
4,0.2,100,42,tis,0.00918527667042058
4,0.2,100,42,uniform,0.003220270689785101
4,0.2,100,43,complete_rollout,0.0002643727022462943
4,0.2,100,43,tis,0.0048397029678701915
4,0.2,100,43,uniform,0.0042527225817005345
4,0.2,100,44,complete_rollout,0.00013087471426868744
4,0.2,100,44,tis,0.0011733273416996656
4,0.2,100,44,uniform,0.005744035968174048
4,0.2,100,45,complete_rollout,9.297894830423675e-05
4,0.2,100,45,tis,0.0002587224755929723
4,0.2,100,45,uniform,0.006446158160056488
4,0.2,100,46,complete_rollout,0.0001323023647741228
4,0.2,100,46,tis,0.0007426752951943509
4,0.2,100,46,uniform,0.002442535435708031
4,0.2,100,47,complete_rollout,0.00025509649638254483
4,0.2,100,47,tis,0.0007068600080920413
4,0.2,100,47,uniform,0.002175007998950611
4,0.2,100,48,complete_rollout,3.459983295185991e-05
4,0.2,100,48,tis,0.0015304307191086218
4,0.2,100,48,uniform,0.003613024506750182
4,0.2,100,49,complete_rollout,0.00026974739579351155
4,0.2,100,49,tis,0.003559512790884368
4,0.2,100,49,uniform,0.004363039650996866
4,0.2,100,50,complete_rollout,0.0001445972455509864
4,0.2,100,50,tis,0.0028479598466015998
4,0.2,100,50,uniform,0.0020462907839479513
4,0.2,100,51,complete_rollout,6.497785404374521e-05
4,0.2,100,51,tis,0.008710389261128765
4,0.2,100,51,uniform,0.0031805628136884123
4,0.2,100,52,complete_rollout,0.00016888636567500412
4,0.2,100,52,tis,0.0006071138341128798
4,0.2,100,52,uniform,0.0018610021894566902
4,0.2,100,53,complete_rollout,5.2809106495032155e-05
4,0.2,100,53,tis,0.0005888772756582328
4,0.2,100,53,uniform,0.0011412046681610688
4,0.2,100,54,complete_rollout,0.00031236596924649686
4,0.2,100,54,tis,0.0010680785666405763
4,0.2,100,54,uniform,0.001392650497595343
4,0.2,100,55,complete_rollout,0.00010075140153107812
4,0.2,100,55,tis,0.0025948762936712907
4,0.2,100,55,uniform,0.0011423933671981259
4,0.2,100,56,complete_rollout,0.00016756425137556843
4,0.2,100,56,tis,0.0008471002042187402
4,0.2,100,56,uniform,0.0019441140658663129
4,0.2,100,57,complete_rollout,0.0001028146109996425
4,0.2,100,57,tis,0.0005256797885621288
4,0.2,100,57,uniform,0.002445821255750296
4,0.2,100,58,complete_rollout,0.00029585987105418715
4,0.2,100,58,tis,0.0005041923497668108
4,0.2,100,58,uniform,0.002318741264884662
4,0.2,100,59,complete_rollout,0.00011700553299404736
4,0.2,100,59,tis,0.000736688799133383
4,0.2,100,59,uniform,0.0009074795783774453
4,0.2,100,60,complete_rollout,0.00019400788142898224
4,0.2,100,60,tis,0.001050498678170291
4,0.2,100,60,uniform,0.002819274122366848
4,0.2,100,61,complete_rollout,0.00011431637697460304
4,0.2,100,61,tis,0.0025640898535342384
4,0.2,100,61,uniform,0.0025196715102103998
4,0.2,100,62,complete_rollout,0.00020953042885170294
4,0.2,100,62,tis,0.000679365733371052
4,0.2,100,62,uniform,0.003150516887158742
4,0.2,100,63,complete_rollout,0.0005315441084744611
4,0.2,100,63,tis,0.0008093880654396863
4,0.2,100,63,uniform,0.0051985731106783135
4,0.2,100,64,complete_rollout,9.409306705063204e-05
4,0.2,100,64,tis,0.000529182524342206
4,0.2,100,64,uniform,0.0027873588625210908
4,0.2,100,65,complete_rollout,0.00013596802612859347
4,0.2,100,65,tis,0.0027705409067941386
4,0.2,100,65,uniform,0.002457495149333646
4,0.2,100,66,complete_rollout,0.00027177972479762886
4,0.2,100,66,tis,0.0007395150539885044
4,0.2,100,66,uniform,0.001313678272478483
4,0.2,100,67,complete_rollout,0.0006462615664390061
4,0.2,100,67,tis,0.0018633861823234765
4,0.2,100,67,uniform,0.0013755550604548517
4,0.2,100,68,complete_rollout,0.00018340910734905035
4,0.2,100,68,tis,0.0004027218678835528
4,0.2,100,68,uniform,0.0012100511269052226
4,0.2,100,69,complete_rollout,0.00014008181081913803
4,0.2,100,69,tis,0.0020242168715067553
4,0.2,100,69,uniform,0.0015895660661062597
4,0.2,100,70,complete_rollout,0.00046786709100731644
4,0.2,100,70,tis,0.0008835235353724062
4,0.2,100,70,uniform,0.0025075399366508867
4,0.2,100,71,complete_rollout,0.000159801908159714
4,0.2,100,71,tis,0.002046844015325669
4,0.2,100,71,uniform,0.0020701683236799303
4,0.2,100,72,complete_rollout,0.0002080130315143381
4,0.2,100,72,tis,0.008657691872694733
4,0.2,100,72,uniform,0.00431807382607588
4,0.2,100,73,complete_rollout,0.0004560597402244343
4,0.2,100,73,tis,0.0004899278846858173
4,0.2,100,73,uniform,0.00390359379342806
4,0.2,100,74,complete_rollout,0.00041353004153393054
4,0.2,100,74,tis,0.0015586187492575435
4,0.2,100,74,uniform,0.001828173730293142
4,0.2,100,75,complete_rollout,0.0001134998051707362
4,0.2,100,75,tis,0.0020216681907777438
4,0.2,100,75,uniform,0.001333425603156811
4,0.2,100,76,complete_rollout,3.220494629296791e-05
4,0.2,100,76,tis,0.009784377907033178
4,0.2,100,76,uniform,0.0021707693630178245
4,0.2,100,77,complete_rollout,0.0006522789602130006
4,0.2,100,77,tis,0.001076812537507943
4,0.2,100,77,uniform,0.001479548967124608
4,0.2,100,78,complete_rollout,9.002255271341411e-05
4,0.2,100,78,tis,0.00037572598953550577
4,0.2,100,78,uniform,0.0017430100539069238
4,0.2,100,79,complete_rollout,8.786690021996142e-05
4,0.2,100,79,tis,0.002174499415491757
4,0.2,100,79,uniform,0.003557722531966998
4,0.2,100,80,complete_rollout,0.0002979906999007407
4,0.2,100,80,tis,0.0007605825650405729
4,0.2,100,80,uniform,0.0013765222494106783
4,0.2,100,81,complete_rollout,8.195568495541994e-05
4,0.2,100,81,tis,0.002130279121049349
4,0.2,100,81,uniform,0.010758351099249617
4,0.2,100,82,complete_rollout,5.640140051038262e-05
4,0.2,100,82,tis,0.0004843777161458465
4,0.2,100,82,uniform,0.0009880204715331281
4,0.2,100,83,complete_rollout,7.367685575180476e-05
4,0.2,100,83,tis,0.002007419915132773
4,0.2,100,83,uniform,0.0019139599345329781
4,0.2,100,84,complete_rollout,6.685847477197833e-05
4,0.2,100,84,tis,0.0022199643025081223
4,0.2,100,84,uniform,0.0013486269534047264
4,0.2,100,85,complete_rollout,0.0007153717458108335
4,0.2,100,85,tis,0.0018129119999592226
4,0.2,100,85,uniform,0.0037169042557933817
4,0.2,100,86,complete_rollout,0.0001336045814254024
4,0.2,100,86,tis,0.000925519694791533
4,0.2,100,86,uniform,0.0022661996744570557
4,0.2,100,87,complete_rollout,0.00010858426526109624
4,0.2,100,87,tis,0.00039915052319237796
4,0.2,100,87,uniform,0.0012795422138886948
4,0.2,100,88,complete_rollout,0.0005358759177297626
4,0.2,100,88,tis,0.0053297105688546445
4,0.2,100,88,uniform,0.004056201231674424
4,0.2,100,89,complete_rollout,0.0002803649548072735
4,0.2,100,89,tis,0.0008668985798152062
4,0.2,100,89,uniform,0.002209538430925261
4,0.2,100,90,complete_rollout,9.213474577546391e-05
4,0.2,100,90,tis,0.000428627682931175
4,0.2,100,90,uniform,0.002172555109662965
4,0.2,100,91,complete_rollout,0.0006130142429042955
4,0.2,100,91,tis,0.0033096318448891503
4,0.2,100,91,uniform,0.006190945551582268
4,0.2,100,92,complete_rollout,0.00010994090361218591
4,0.2,100,92,tis,0.0011950342415231923
4,0.2,100,92,uniform,0.006464354640774111
4,0.2,100,93,complete_rollout,0.00026969962204951117
4,0.2,100,93,tis,0.0013073912479378835
4,0.2,100,93,uniform,0.005607781419432631
4,0.2,100,94,complete_rollout,0.00040492267413351425
4,0.2,100,94,tis,0.0006041296080736969
4,0.2,100,94,uniform,0.012671953064616964
4,0.2,100,95,complete_rollout,0.0002013586047961738
4,0.2,100,95,tis,0.005214373483374123
4,0.2,100,95,uniform,0.0023936562016764044
4,0.2,100,96,complete_rollout,0.0002401056575347247
4,0.2,100,96,tis,0.004207189495162721
4,0.2,100,96,uniform,0.004393179824038609
4,0.2,100,97,complete_rollout,0.00019067838878536478
4,0.2,100,97,tis,0.0007227424374771254
4,0.2,100,97,uniform,0.002192590883592735
4,0.2,100,98,complete_rollout,0.00012012486666514273
4,0.2,100,98,tis,0.0025537371404301
4,0.2,100,98,uniform,0.0011468610180692144
4,0.2,100,99,complete_rollout,0.00018819308952359675
4,0.2,100,99,tis,0.0029927974965164097
4,0.2,100,99,uniform,0.0012868819096573739
4,0.2,100,100,complete_rollout,0.00015745322007683268
4,0.2,100,100,tis,0.0013489073077464463
4,0.2,100,100,uniform,0.005200224438070858
4,0.2,100,101,complete_rollout,0.0001114546370328858
4,0.2,100,101,tis,0.0017240337444170922
4,0.2,100,101,uniform,0.0012012812907047506
4,0.2,100,102,complete_rollout,7.33427210589596e-05
4,0.2,100,102,tis,0.0036542027546905206
4,0.2,100,102,uniform,0.0061832288785016645
4,0.2,100,103,complete_rollout,0.00010531461194801234
4,0.2,100,103,tis,0.002390623047517171
4,0.2,100,103,uniform,0.00534818880073857
4,0.2,100,104,complete_rollout,8.728388385251174e-05
4,0.2,100,104,tis,0.0006115999494970606
4,0.2,100,104,uniform,0.004937878571582943
4,0.2,100,105,complete_rollout,0.00014248832033834815
4,0.2,100,105,tis,0.0023305462358741
4,0.2,100,105,uniform,0.0037900866164260662
4,0.2,100,106,complete_rollout,8.55777965933702e-05
4,0.2,100,106,tis,0.0020430893452919583
4,0.2,100,106,uniform,0.002378599001437993
4,0.2,100,107,complete_rollout,9.322127684851625e-05
4,0.2,100,107,tis,0.00248343278506019
4,0.2,100,107,uniform,0.0016005524722220625
4,0.2,100,108,complete_rollout,0.0006505020602441271
4,0.2,100,108,tis,0.0003995777332357635
4,0.2,100,108,uniform,0.002170463125366608
4,0.2,100,109,complete_rollout,8.348663494650154e-05
4,0.2,100,109,tis,0.0011719601440314728
4,0.2,100,109,uniform,0.0015270430988857395
4,0.2,100,110,complete_rollout,0.0001348766183500528
4,0.2,100,110,tis,0.0008841382798415342
4,0.2,100,110,uniform,0.003712275805390556
4,0.2,100,111,complete_rollout,9.497638090440468e-05
4,0.2,100,111,tis,0.0013404424264576505
4,0.2,100,111,uniform,0.002532239401183056
4,0.2,100,112,complete_rollout,0.00021891832464438838
4,0.2,100,112,tis,0.00029776246843349926
4,0.2,100,112,uniform,0.0021057086334139085
4,0.2,100,113,complete_rollout,0.00013092294372484415
4,0.2,100,113,tis,0.0025860207484922353
4,0.2,100,113,uniform,0.003282017658345853
4,0.2,100,114,complete_rollout,0.000538462580732569
4,0.2,100,114,tis,0.0012603658852435831
4,0.2,100,114,uniform,0.005581401491386989
4,0.2,100,115,complete_rollout,0.0006833408258115901
4,0.2,100,115,tis,0.0010879334692611368
4,0.2,100,115,uniform,0.0025294262749328746
4,0.2,100,116,complete_rollout,0.00023251249641241024
4,0.2,100,116,tis,0.002577232695418374
4,0.2,100,116,uniform,0.018546754445953776
4,0.2,100,117,complete_rollout,0.0001445631256075087
4,0.2,100,117,tis,0.002980964079456216
4,0.2,100,117,uniform,0.005638101909864106
4,0.2,100,118,complete_rollout,0.00014050276775835223
4,0.2,100,118,tis,0.0015828640378524092
4,0.2,100,118,uniform,0.004456163710469226
4,0.2,100,119,complete_rollout,0.00015894336637362758
4,0.2,100,119,tis,0.0006032029025599834
4,0.2,100,119,uniform,0.0045569393588905105
4,0.2,100,120,complete_rollout,4.365742881989067e-05
4,0.2,100,120,tis,0.0007307510740247871
4,0.2,100,120,uniform,0.0075251842441485485
4,0.2,100,121,complete_rollout,0.00017669806894462744
4,0.2,100,121,tis,0.003934401843257558
4,0.2,100,121,uniform,0.0025541782517345705
4,0.2,100,122,complete_rollout,0.00024516073526515406
4,0.2,100,122,tis,0.0014464467338962598
4,0.2,100,122,uniform,0.006343366365209987
4,0.2,100,123,complete_rollout,7.985836910093178e-05
4,0.2,100,123,tis,0.000610371284513705
4,0.2,100,123,uniform,0.0024013919931918496
4,0.2,100,124,complete_rollout,0.0002094054046024466
4,0.2,100,124,tis,0.0005732090777272032
4,0.2,100,124,uniform,0.0032464546587634546
4,0.2,100,125,complete_rollout,0.00015289476932903046
4,0.2,100,125,tis,0.0008237910796120839
4,0.2,100,125,uniform,0.0014178890470650666
4,0.2,100,126,complete_rollout,6.449965756841041e-05
4,0.2,100,126,tis,0.006871256851258487
4,0.2,100,126,uniform,0.002262011870652375
4,0.2,100,127,complete_rollout,9.496026243202462e-05
4,0.2,100,127,tis,0.0009583405896588977
4,0.2,100,127,uniform,0.002721612509989072
4,0.2,100,128,complete_rollout,0.0001217618770760641
4,0.2,100,128,tis,0.0010826867550650411
4,0.2,100,128,uniform,0.0014034044206033844
4,0.2,100,129,complete_rollout,0.0003584060584288061
4,0.2,100,129,tis,0.00251357262534575
4,0.2,100,129,uniform,0.001934965837952462
4,0.2,100,130,complete_rollout,0.00014684287292434834
4,0.2,100,130,tis,0.0009874926353880945
4,0.2,100,130,uniform,0.0029809818193587342
4,0.2,100,131,complete_rollout,0.0008872221851889112
4,0.2,100,131,tis,0.001015144345855757
4,0.2,100,131,uniform,0.004649458571656652
4,0.2,100,132,complete_rollout,0.00019677528207975352
4,0.2,100,132,tis,0.0006817812095892059
4,0.2,100,132,uniform,0.0020902251289443593
4,0.2,100,133,complete_rollout,0.001277471985317778
4,0.2,100,133,tis,0.0014641394668583035
4,0.2,100,133,uniform,0.0032279423062132003
4,0.2,100,134,complete_rollout,9.251130409706321e-05
4,0.2,100,134,tis,0.0008446920641491859
4,0.2,100,134,uniform,0.003286130765746194
4,0.2,100,135,complete_rollout,7.570599714343092e-05
4,0.2,100,135,tis,0.0007003938201294801
4,0.2,100,135,uniform,0.0025820247144689975
4,0.2,100,136,complete_rollout,0.0002049405646910835
4,0.2,100,136,tis,0.0028685686667955846
4,0.2,100,136,uniform,0.005030457586185408
4,0.2,100,137,complete_rollout,0.0001173756987967982
4,0.2,100,137,tis,0.0020827929130297425
4,0.2,100,137,uniform,0.0020160901810140305
4,0.2,100,138,complete_rollout,8.053561744968719e-05
4,0.2,100,138,tis,0.00327790340281311
4,0.2,100,138,uniform,0.012397644539507752
4,0.2,100,139,complete_rollout,0.00045955654073308636
4,0.2,100,139,tis,0.0012132260372870434
4,0.2,100,139,uniform,0.008246314085524866
4,0.2,100,140,complete_rollout,0.0004311609025550455
4,0.2,100,140,tis,0.0014126477488000096
4,0.2,100,140,uniform,0.0009797732378829245
4,0.2,100,141,complete_rollout,0.00023796271444749008
4,0.2,100,141,tis,0.009248800801383048
4,0.2,100,141,uniform,0.0036931355129791042
4,0.2,100,142,complete_rollout,7.964942636508043e-05
4,0.2,100,142,tis,0.0005936514234898524
4,0.2,100,142,uniform,0.011082876522149386
4,0.2,100,143,complete_rollout,0.0001251399433947491
4,0.2,100,143,tis,0.0006393291488620249
4,0.2,100,143,uniform,0.003383505218925225
4,0.2,100,144,complete_rollout,0.00010093271806826639
4,0.2,100,144,tis,0.0038450202342839115
4,0.2,100,144,uniform,0.0024094143563412654
4,0.2,100,145,complete_rollout,0.00021584573998067915
4,0.2,100,145,tis,0.00038070115515333294
4,0.2,100,145,uniform,0.006786897065350844
4,0.2,100,146,complete_rollout,0.00023165107917075105
4,0.2,100,146,tis,0.0014364511720997607
4,0.2,100,146,uniform,0.0016406394087035599
4,0.2,100,147,complete_rollout,0.00015195543161005862
4,0.2,100,147,tis,0.001787808538793974
4,0.2,100,147,uniform,0.0046904625063474495
4,0.2,100,148,complete_rollout,0.0001747162599516815
4,0.2,100,148,tis,0.002627033311818784
4,0.2,100,148,uniform,0.00207151209167721
4,0.2,100,149,complete_rollout,0.0005301449622220386
4,0.2,100,149,tis,0.0011726707109674726
4,0.2,100,149,uniform,0.0016771748745916502
4,0.2,100,150,complete_rollout,0.00032419882437315306
4,0.2,100,150,tis,0.0004849882739852982
4,0.2,100,150,uniform,0.005472405245746796
4,0.2,100,151,complete_rollout,0.00010072790010519513
4,0.2,100,151,tis,0.0006186259462637252
4,0.2,100,151,uniform,0.00215198986168447
4,0.2,100,152,complete_rollout,8.0404748343497e-05
4,0.2,100,152,tis,0.0024646386364010125
4,0.2,100,152,uniform,0.007639833695867872
4,0.2,100,153,complete_rollout,9.276275884294129e-05
4,0.2,100,153,tis,0.0008943272778456442
4,0.2,100,153,uniform,0.0076638820725913855
4,0.2,100,154,complete_rollout,0.0002945849341210997
4,0.2,100,154,tis,0.0005279509477502372
4,0.2,100,154,uniform,0.0030477561077380255
4,0.2,100,155,complete_rollout,0.00011185916796493981
4,0.2,100,155,tis,0.00035500545347945004
4,0.2,100,155,uniform,0.0016655494003298328
4,0.2,100,156,complete_rollout,0.00010922970287420625
4,0.2,100,156,tis,0.00064972705270774
4,0.2,100,156,uniform,0.0036448144346761225
4,0.2,100,157,complete_rollout,0.00024553682949663775
4,0.2,100,157,tis,0.0011758547620437597
4,0.2,100,157,uniform,0.0018877690383516305
4,0.2,100,158,complete_rollout,0.00020786430168469506
4,0.2,100,158,tis,0.0006603022647421414
4,0.2,100,158,uniform,0.004379096572732125
4,0.2,100,159,complete_rollout,0.00019421625523899347
4,0.2,100,159,tis,0.002657392415612408
4,0.2,100,159,uniform,0.0014679380713957667
4,0.2,100,160,complete_rollout,0.00010932847020430874
4,0.2,100,160,tis,0.0013694528783020534
4,0.2,100,160,uniform,0.0028355403877322683
4,0.2,100,161,complete_rollout,7.355234206226828e-05
4,0.2,100,161,tis,0.00044337091381181783
4,0.2,100,161,uniform,0.0038158287860086716
4,0.2,100,162,complete_rollout,0.0001245305466761998
4,0.2,100,162,tis,0.0006056447663757137
4,0.2,100,162,uniform,0.0019263724416264867
4,0.2,100,163,complete_rollout,0.00029106827709642156
4,0.2,100,163,tis,0.0022311636900761433
4,0.2,100,163,uniform,0.0013218426828858077
4,0.2,100,164,complete_rollout,6.399666908283704e-05
4,0.2,100,164,tis,0.0009294075056474905
4,0.2,100,164,uniform,0.0018751485526948832
4,0.2,100,165,complete_rollout,0.00021147386004475446
4,0.2,100,165,tis,0.0041463609790209025
4,0.2,100,165,uniform,0.0055897347083304445
4,0.2,100,166,complete_rollout,0.00011094758304074153
4,0.2,100,166,tis,0.0004027691576844429
4,0.2,100,166,uniform,0.006651725719917764
4,0.2,100,167,complete_rollout,0.00027312472073878747
4,0.2,100,167,tis,0.0007900089850028149
4,0.2,100,167,uniform,0.012729988953114606
4,0.2,100,168,complete_rollout,0.00020203446892168983
4,0.2,100,168,tis,0.0012798685130420522
4,0.2,100,168,uniform,0.006023366298319065
4,0.2,100,169,complete_rollout,0.00023448364493071664
4,0.2,100,169,tis,0.0007775662986504227
4,0.2,100,169,uniform,0.007316840717349182
4,0.2,100,170,complete_rollout,0.00010126544085329735
4,0.2,100,170,tis,0.005637126512923738
4,0.2,100,170,uniform,0.0040373258537685
4,0.2,100,171,complete_rollout,5.79220753534256e-05
4,0.2,100,171,tis,0.0003136064608013464
4,0.2,100,171,uniform,0.005924528166794701
4,0.2,100,172,complete_rollout,6.423166404307506e-05
4,0.2,100,172,tis,0.0007715136362318105
4,0.2,100,172,uniform,0.002202303544888742
4,0.2,100,173,complete_rollout,0.00012845624070178228
4,0.2,100,173,tis,0.003886917206966673
4,0.2,100,173,uniform,0.0039967570290799165
4,0.2,100,174,complete_rollout,0.0001535904725264209
4,0.2,100,174,tis,0.000363639168222799
4,0.2,100,174,uniform,0.002455880729419585
4,0.2,100,175,complete_rollout,0.00043063688683441187
4,0.2,100,175,tis,0.0004381897104916928
4,0.2,100,175,uniform,0.0038410216227062746
4,0.2,100,176,complete_rollout,0.00012731374085393277
4,0.2,100,176,tis,0.0018271012293693935
4,0.2,100,176,uniform,0.002409895461206992
4,0.2,100,177,complete_rollout,0.00017992822550757048
4,0.2,100,177,tis,0.012118482867850786
4,0.2,100,177,uniform,0.01326400889977779
4,0.2,100,178,complete_rollout,9.473663475829363e-05
4,0.2,100,178,tis,0.0006046660794812807
4,0.2,100,178,uniform,0.0009461267765589668
4,0.2,100,179,complete_rollout,8.11057427182786e-05
4,0.2,100,179,tis,0.0008914431510532053
4,0.2,100,179,uniform,0.00387204340393961
4,0.2,100,180,complete_rollout,0.00029082813824528856
4,0.2,100,180,tis,0.002617487284184092
4,0.2,100,180,uniform,0.006461044726019393
4,0.2,100,181,complete_rollout,7.158728034876785e-05
4,0.2,100,181,tis,0.002164081903045637
4,0.2,100,181,uniform,0.0011432600345344013
4,0.2,100,182,complete_rollout,0.00019148534237362842
4,0.2,100,182,tis,0.002568080643899564
4,0.2,100,182,uniform,0.0046464856236689035
4,0.2,100,183,complete_rollout,6.707417987950768e-05
4,0.2,100,183,tis,0.0022781052432854624
4,0.2,100,183,uniform,0.002139117932712554
4,0.2,100,184,complete_rollout,0.00013639728407512653
4,0.2,100,184,tis,0.0009748758878122762
4,0.2,100,184,uniform,0.003845529341253854
4,0.2,100,185,complete_rollout,0.00042789710617283214
4,0.2,100,185,tis,0.0020729425084657876
4,0.2,100,185,uniform,0.002199532072662026
4,0.2,100,186,complete_rollout,0.0002819539871676765
4,0.2,100,186,tis,0.0005312348074908992
4,0.2,100,186,uniform,0.014972021119705624
4,0.2,100,187,complete_rollout,9.638103825636959e-05
4,0.2,100,187,tis,0.0031478757423238734
4,0.2,100,187,uniform,0.0014007572581693718
4,0.2,100,188,complete_rollout,0.00011261698055256787
4,0.2,100,188,tis,0.00046909010517267886
4,0.2,100,188,uniform,0.016553515452841335
4,0.2,100,189,complete_rollout,0.0007590059774011174
4,0.2,100,189,tis,0.0017595950111679649
4,0.2,100,189,uniform,0.0017559105345373535
4,0.2,100,190,complete_rollout,0.00012559695260973047
4,0.2,100,190,tis,0.0013205176417195636
4,0.2,100,190,uniform,0.00296172940429987
4,0.2,100,191,complete_rollout,0.0001982169000950308
4,0.2,100,191,tis,0.0011311161824116133
4,0.2,100,191,uniform,0.0018897571264555083
4,0.2,100,192,complete_rollout,0.00013577062741405098
4,0.2,100,192,tis,0.0006191340529832069
4,0.2,100,192,uniform,0.00794939447761816
4,0.2,100,193,complete_rollout,0.00015240130854089876
4,0.2,100,193,tis,0.0006057931893777787
4,0.2,100,193,uniform,0.0017470695908596145
4,0.2,100,194,complete_rollout,9.258804822836006e-05
4,0.2,100,194,tis,0.0012772361614655716
4,0.2,100,194,uniform,0.00204662684691356
4,0.2,100,195,complete_rollout,8.831168429740864e-05
4,0.2,100,195,tis,0.001225266086919456
4,0.2,100,195,uniform,0.0026724521806514496
4,0.2,100,196,complete_rollout,0.0002661054226017395
4,0.2,100,196,tis,0.002074000856924807
4,0.2,100,196,uniform,0.0034601747704814884
4,0.2,100,197,complete_rollout,0.00017687125154395927
4,0.2,100,197,tis,0.0016460367756547646
4,0.2,100,197,uniform,0.005648895299943132
4,0.2,100,198,complete_rollout,0.00014632224619423985
4,0.2,100,198,tis,0.003884074054380577
4,0.2,100,198,uniform,0.026334143245745588
4,0.2,100,199,complete_rollout,0.00023796722268601406
4,0.2,100,199,tis,0.0008909205883156004
4,0.2,100,199,uniform,0.00161393221816108
4,0.2,100,200,complete_rollout,0.0004187776651061556
4,0.2,100,200,tis,0.0009110067944788347
4,0.2,100,200,uniform,0.002979028451913596
4,0.2,100,201,complete_rollout,0.0003368298947278086
4,0.2,100,201,tis,0.001021252042532649
4,0.2,100,201,uniform,0.0018198244087574028
4,0.2,100,202,complete_rollout,0.0007871074542227704
4,0.2,100,202,tis,0.0007742767773557879
4,0.2,100,202,uniform,0.0021155201780357065
4,0.2,100,203,complete_rollout,7.981573151734936e-05
4,0.2,100,203,tis,0.0024803203956945937
4,0.2,100,203,uniform,0.002152627116105008
4,0.2,100,204,complete_rollout,0.00022351639135647857
4,0.2,100,204,tis,0.001981558095312523
4,0.2,100,204,uniform,0.000998312431568318
4,0.2,100,205,complete_rollout,4.665111394462908e-05
4,0.2,100,205,tis,0.0006639324970152236
4,0.2,100,205,uniform,0.004168604519463656
4,0.2,100,206,complete_rollout,0.0008124977767925254
4,0.2,100,206,tis,0.0023799402837593594
4,0.2,100,206,uniform,0.004960982759853285
4,0.2,100,207,complete_rollout,0.00010079548479735356
4,0.2,100,207,tis,0.003003006424005477
4,0.2,100,207,uniform,0.0012322549976126209
4,0.2,100,208,complete_rollout,0.00014698339270868146
4,0.2,100,208,tis,0.00063717969263446
4,0.2,100,208,uniform,0.0027100736491626836
4,0.2,100,209,complete_rollout,0.00048714299644104706
4,0.2,100,209,tis,0.0012713354175038765
4,0.2,100,209,uniform,0.0040417255380180645
4,0.2,100,210,complete_rollout,0.00021530002139685694
4,0.2,100,210,tis,0.0013305415362568596
4,0.2,100,210,uniform,0.0034994720730261
4,0.2,100,211,complete_rollout,0.00021127886818898768
4,0.2,100,211,tis,0.0006114110879128983
4,0.2,100,211,uniform,0.0014093393359396822
4,0.2,100,212,complete_rollout,6.588133521741485e-05
4,0.2,100,212,tis,0.002567590742991827
4,0.2,100,212,uniform,0.0031611093324608614
4,0.2,100,213,complete_rollout,0.0003503087502995309
4,0.2,100,213,tis,0.001265293348535212
4,0.2,100,213,uniform,0.0023409930156603055
4,0.2,100,214,complete_rollout,0.0003017817931045073
4,0.2,100,214,tis,0.0004889359411397357
4,0.2,100,214,uniform,0.001456805333435879
4,0.2,100,215,complete_rollout,0.0001258601330413747
4,0.2,100,215,tis,0.0013845801067823183
4,0.2,100,215,uniform,0.0010843440225303687
4,0.2,100,216,complete_rollout,5.69068580397754e-05
4,0.2,100,216,tis,0.001976366473581736
4,0.2,100,216,uniform,0.012652884580941905
4,0.2,100,217,complete_rollout,0.00010700942121884563
4,0.2,100,217,tis,0.0009750734788663659
4,0.2,100,217,uniform,0.004956225365278085
4,0.2,100,218,complete_rollout,8.00253532700027e-05
4,0.2,100,218,tis,0.0019777360204635496
4,0.2,100,218,uniform,0.0022271356871979313
4,0.2,100,219,complete_rollout,0.00010439490372299633
4,0.2,100,219,tis,0.0029650855966934166
4,0.2,100,219,uniform,0.0025395318315022757
4,0.2,100,220,complete_rollout,0.00010066379737788123
4,0.2,100,220,tis,0.0005948075280069759
4,0.2,100,220,uniform,0.002466659822618942
4,0.2,100,221,complete_rollout,0.0008097972385828851
4,0.2,100,221,tis,0.003352432921734528
4,0.2,100,221,uniform,0.003097600321075152
4,0.2,100,222,complete_rollout,7.033932662568779e-05
4,0.2,100,222,tis,0.0005844706877842693
4,0.2,100,222,uniform,0.003271048370825813
4,0.2,100,223,complete_rollout,0.00023108407668200395
4,0.2,100,223,tis,0.0010458469500465527
4,0.2,100,223,uniform,0.0016615804560910323
4,0.2,100,224,complete_rollout,0.0003318448999538085
4,0.2,100,224,tis,0.0009509034269095266
4,0.2,100,224,uniform,0.0014065545647699079
4,0.2,100,225,complete_rollout,0.00011384057595122507
4,0.2,100,225,tis,0.0032135094418204706
4,0.2,100,225,uniform,0.01752674249226764
4,0.2,100,226,complete_rollout,0.00036583933197007813
4,0.2,100,226,tis,0.002486680661708991
4,0.2,100,226,uniform,0.007578511786894967
4,0.2,100,227,complete_rollout,3.2311355647154457e-05
4,0.2,100,227,tis,0.0015959825878620634
4,0.2,100,227,uniform,0.002010731620481056
4,0.2,100,228,complete_rollout,9.70322395739431e-05
4,0.2,100,228,tis,0.0005848264606997093
4,0.2,100,228,uniform,0.009591692240414644
4,0.2,100,229,complete_rollout,0.0001229601629354749
4,0.2,100,229,tis,0.00023205103448641656
4,0.2,100,229,uniform,0.0021118545886616995
4,0.2,100,230,complete_rollout,0.0003048450533438654
4,0.2,100,230,tis,0.0019268001612865028
4,0.2,100,230,uniform,0.0020132856631009804
4,0.2,100,231,complete_rollout,0.00043415529947886036
4,0.2,100,231,tis,0.0007491443003728364
4,0.2,100,231,uniform,0.004482327339448471
4,0.2,100,232,complete_rollout,0.0002882182953444625
4,0.2,100,232,tis,0.002302012554731136
4,0.2,100,232,uniform,0.0034398945761918215
4,0.2,100,233,complete_rollout,0.0002059862220905998
4,0.2,100,233,tis,0.0009641514705432704
4,0.2,100,233,uniform,0.0019657992648740093
4,0.2,100,234,complete_rollout,0.0003761180891521749
4,0.2,100,234,tis,0.0014007196724476207
4,0.2,100,234,uniform,0.0021941332169029912
4,0.2,100,235,complete_rollout,0.00042455914350565064
4,0.2,100,235,tis,0.0012494882384837171
4,0.2,100,235,uniform,0.001501105021927597
4,0.2,100,236,complete_rollout,0.00013070521413903062
4,0.2,100,236,tis,0.0009685685625726956
4,0.2,100,236,uniform,0.0016798078775444895
4,0.2,100,237,complete_rollout,0.00010863369558710615
4,0.2,100,237,tis,0.0006772318867160614
4,0.2,100,237,uniform,0.003545016789514663
4,0.2,100,238,complete_rollout,0.000168458105875218
4,0.2,100,238,tis,0.0035991335932770564
4,0.2,100,238,uniform,0.006032696393462135
4,0.2,100,239,complete_rollout,0.00016732545896591195
4,0.2,100,239,tis,0.002646007401385185
4,0.2,100,239,uniform,0.003223237768674941
4,0.2,100,240,complete_rollout,0.0001355499976632801
4,0.2,100,240,tis,0.0012207012320428945
4,0.2,100,240,uniform,0.004004965139265296
4,0.2,100,241,complete_rollout,0.000156536973629499
4,0.2,100,241,tis,0.002620429885507216
4,0.2,100,241,uniform,0.0022786421285507638
4,0.2,100,242,complete_rollout,6.844046519354165e-05
4,0.2,100,242,tis,0.00023565078774125456
4,0.2,100,242,uniform,0.0025395745047137757
4,0.2,100,243,complete_rollout,0.00010636023959411998
4,0.2,100,243,tis,0.003745873750235948
4,0.2,100,243,uniform,0.0014678272798617897
4,0.2,100,244,complete_rollout,0.00020281661893562473
4,0.2,100,244,tis,0.002213141620658859
4,0.2,100,244,uniform,0.0033314350810972645
4,0.2,100,245,complete_rollout,0.0002179138946580799
4,0.2,100,245,tis,0.0030607522420378896
4,0.2,100,245,uniform,0.012862981412618182
4,0.2,100,246,complete_rollout,0.00014482011252836254
4,0.2,100,246,tis,0.0036331007207782286
4,0.2,100,246,uniform,0.0017786907511095052
4,0.2,100,247,complete_rollout,5.130021216008042e-05
4,0.2,100,247,tis,0.002396027317217499
4,0.2,100,247,uniform,0.006912883267710023
4,0.2,100,248,complete_rollout,0.00010362379994008172
4,0.2,100,248,tis,0.000507988022944156
4,0.2,100,248,uniform,0.00253272679687778
4,0.2,100,249,complete_rollout,0.00021276574162457424
4,0.2,100,249,tis,0.0005042391661719942
4,0.2,100,249,uniform,0.00229902844036911
4,0.2,100,250,complete_rollout,0.0001026301219960579
4,0.2,100,250,tis,0.0016922550938058831
4,0.2,100,250,uniform,0.002435673629211912
4,0.2,100,251,complete_rollout,0.00015403537115777757
4,0.2,100,251,tis,0.002438622375357224
4,0.2,100,251,uniform,0.00464946271059984
4,0.2,100,252,complete_rollout,0.0005355256340296932
4,0.2,100,252,tis,0.0028502887108948433
4,0.2,100,252,uniform,0.007521052003177874
4,0.2,100,253,complete_rollout,0.00019111827143078984
4,0.2,100,253,tis,0.003635674489369305
4,0.2,100,253,uniform,0.010191288115825582
4,0.2,100,254,complete_rollout,0.00042852449442545897
4,0.2,100,254,tis,0.0012879546357767767
4,0.2,100,254,uniform,0.0020837862066416897
4,0.2,100,255,complete_rollout,4.877031881138756e-05
4,0.2,100,255,tis,0.0037933629823068194
4,0.2,100,255,uniform,0.009324374519105302
4,0.2,100,256,complete_rollout,8.791890792073816e-05
4,0.2,100,256,tis,0.0030544116310721845
4,0.2,100,256,uniform,0.001930263524968512
4,0.2,100,257,complete_rollout,9.843264263924901e-05
4,0.2,100,257,tis,0.0007324919372761596
4,0.2,100,257,uniform,0.0023311698698799694
4,0.2,100,258,complete_rollout,8.949380105601168e-05
4,0.2,100,258,tis,0.0007877666153605862
4,0.2,100,258,uniform,0.003933719086571468
4,0.2,100,259,complete_rollout,0.00021137278468155363
4,0.2,100,259,tis,0.0008466744387734025
4,0.2,100,259,uniform,0.002797222794353468
4,0.2,100,260,complete_rollout,9.474722340875347e-05
4,0.2,100,260,tis,0.0018159194345876164
4,0.2,100,260,uniform,0.006243321775302713
4,0.2,100,261,complete_rollout,0.0001842493215101327
4,0.2,100,261,tis,0.0004663125130526817
4,0.2,100,261,uniform,0.001111828625362411
4,0.2,100,262,complete_rollout,7.369322153952937e-05
4,0.2,100,262,tis,0.003915149072767662
4,0.2,100,262,uniform,0.0029754212088998594
4,0.2,100,263,complete_rollout,0.0009083228514783551
4,0.2,100,263,tis,0.0005765709480439321
4,0.2,100,263,uniform,0.003656680361715814
4,0.2,100,264,complete_rollout,0.0002414731574686126
4,0.2,100,264,tis,0.0010313444303456899
4,0.2,100,264,uniform,0.004657134699015926
4,0.2,100,265,complete_rollout,7.026589481802914e-05
4,0.2,100,265,tis,0.0013740847720646366
4,0.2,100,265,uniform,0.009128093807700702
4,0.2,100,266,complete_rollout,0.0001087279295782622
4,0.2,100,266,tis,0.00029704583562422185
4,0.2,100,266,uniform,0.00207733209004862
4,0.2,100,267,complete_rollout,0.00012038170868855842
4,0.2,100,267,tis,0.002226167526508831
4,0.2,100,267,uniform,0.0014615659800025105
4,0.2,100,268,complete_rollout,0.0002034593511776045
4,0.2,100,268,tis,0.0008566707669020716
4,0.2,100,268,uniform,0.001600483342551316
4,0.2,100,269,complete_rollout,0.000474094930955988
4,0.2,100,269,tis,0.002464974359404095
4,0.2,100,269,uniform,0.0010672770252285846
4,0.2,100,270,complete_rollout,0.00021870653624186614
4,0.2,100,270,tis,0.0022654426695059913
4,0.2,100,270,uniform,0.00239404549866051
4,0.2,100,271,complete_rollout,0.00030721274192387044
4,0.2,100,271,tis,0.0007156201817620626
4,0.2,100,271,uniform,0.005150090511623425
4,0.2,100,272,complete_rollout,0.00025850636603998395
4,0.2,100,272,tis,0.000936315201213402
4,0.2,100,272,uniform,0.003631359851104984
4,0.2,100,273,complete_rollout,0.00010301501582170018
4,0.2,100,273,tis,0.0003933934188975542
4,0.2,100,273,uniform,0.0010903061742282114
4,0.2,100,274,complete_rollout,8.297011372959875e-05
4,0.2,100,274,tis,0.002092657725083376
4,0.2,100,274,uniform,0.0017729750211072839
4,0.2,100,275,complete_rollout,0.00017686180966583804
4,0.2,100,275,tis,0.0014048572820304645
4,0.2,100,275,uniform,0.009799584549225044
4,0.2,100,276,complete_rollout,0.0004920460725893059
4,0.2,100,276,tis,0.0006463731560273047
4,0.2,100,276,uniform,0.005820896484268668
4,0.2,100,277,complete_rollout,0.0004073021451265679
4,0.2,100,277,tis,0.0002369893473145902
4,0.2,100,277,uniform,0.002923959032015981
4,0.2,100,278,complete_rollout,0.0007961476554559009
4,0.2,100,278,tis,0.0017342103754156826
4,0.2,100,278,uniform,0.002099429787755103
4,0.2,100,279,complete_rollout,0.0004906206362028916
4,0.2,100,279,tis,0.001470499218027777
4,0.2,100,279,uniform,0.002948851996594517
4,0.2,100,280,complete_rollout,0.0003496857227635243
4,0.2,100,280,tis,0.002206825968551763
4,0.2,100,280,uniform,0.006255893187562812
4,0.2,100,281,complete_rollout,0.0004629745958709365
4,0.2,100,281,tis,0.0015139234565794885
4,0.2,100,281,uniform,0.004686653125787521
4,0.2,100,282,complete_rollout,0.00013237383772814223
4,0.2,100,282,tis,0.0039010566969002606
4,0.2,100,282,uniform,0.002386442157168278
4,0.2,100,283,complete_rollout,9.061180947145195e-05
4,0.2,100,283,tis,0.00040485759050066757
4,0.2,100,283,uniform,0.0024618679066441026
4,0.2,100,284,complete_rollout,0.00010460138057586546
4,0.2,100,284,tis,0.00041429766623657166
4,0.2,100,284,uniform,0.001437197198675813
4,0.2,100,285,complete_rollout,0.0002115468165296372
4,0.2,100,285,tis,0.001216464335428745
4,0.2,100,285,uniform,0.003595811466855118
4,0.2,100,286,complete_rollout,0.0001407000562683002
4,0.2,100,286,tis,0.0012316223175801262
4,0.2,100,286,uniform,0.0018462712410196199
4,0.2,100,287,complete_rollout,8.581773606838339e-05
4,0.2,100,287,tis,0.0009886022897304947
4,0.2,100,287,uniform,0.0035169379677724953
4,0.2,100,288,complete_rollout,0.00011605268484221751
4,0.2,100,288,tis,0.0004968959666103859
4,0.2,100,288,uniform,0.004167212263579043
4,0.2,100,289,complete_rollout,0.0002504882890451465
4,0.2,100,289,tis,0.0025248947692437934
4,0.2,100,289,uniform,0.005846758733839687
4,0.2,100,290,complete_rollout,0.0002164162460928413
4,0.2,100,290,tis,0.0007981333240056765
4,0.2,100,290,uniform,0.002783589181879599
4,0.2,100,291,complete_rollout,0.0005503292845190536
4,0.2,100,291,tis,0.0007230062635140036
4,0.2,100,291,uniform,0.0013579253107075231
4,0.2,100,292,complete_rollout,0.0007949430232624527
4,0.2,100,292,tis,0.0009467524397640437
4,0.2,100,292,uniform,0.006215883594534919
4,0.2,100,293,complete_rollout,0.0007123885065299653
4,0.2,100,293,tis,0.011460378117600296
4,0.2,100,293,uniform,0.00908045643980298
4,0.2,100,294,complete_rollout,0.00012291931216050798
4,0.2,100,294,tis,0.0007891895645359402
4,0.2,100,294,uniform,0.0028889677382445515
4,0.2,100,295,complete_rollout,0.0002853819561619889
4,0.2,100,295,tis,0.0020341223542412494
4,0.2,100,295,uniform,0.004484616895841499
4,0.2,100,296,complete_rollout,6.732542372745301e-05
4,0.2,100,296,tis,0.009423378754142123
4,0.2,100,296,uniform,0.0013759155856039294
4,0.2,100,297,complete_rollout,0.00019163961982965425
4,0.2,100,297,tis,0.0008242431252156801
4,0.2,100,297,uniform,0.0050536679587442224
4,0.2,100,298,complete_rollout,0.00019946427326132573
4,0.2,100,298,tis,0.0003927933845059672
4,0.2,100,298,uniform,0.0020372928682920147
4,0.2,100,299,complete_rollout,0.00011645658871641772
4,0.2,100,299,tis,0.0022536757631498533
4,0.2,100,299,uniform,0.007716836779503394
4,0.2,200,0,complete_rollout,5.991206575640537e-05
4,0.2,200,0,tis,0.00036779337313345463
4,0.2,200,0,uniform,0.0027970103202411994
4,0.2,200,1,complete_rollout,9.953054852048773e-05
4,0.2,200,1,tis,0.0020503953120049956
4,0.2,200,1,uniform,0.003548271602674886
4,0.2,200,2,complete_rollout,9.998748650455552e-05
4,0.2,200,2,tis,0.001027516924921809
4,0.2,200,2,uniform,0.0011124524274489114
4,0.2,200,3,complete_rollout,0.00011548277363218825
4,0.2,200,3,tis,0.00039106270651458974
4,0.2,200,3,uniform,0.0028603877956973655
4,0.2,200,4,complete_rollout,9.556920239500648e-05
4,0.2,200,4,tis,0.0002958648209925997
4,0.2,200,4,uniform,0.0016640090459158294
4,0.2,200,5,complete_rollout,8.153109977257826e-05
4,0.2,200,5,tis,0.0005303586788024189
4,0.2,200,5,uniform,0.0004883572767652371
4,0.2,200,6,complete_rollout,0.00011592117475341144
4,0.2,200,6,tis,0.0009098154250140207
4,0.2,200,6,uniform,0.001044495211919169
4,0.2,200,7,complete_rollout,0.00011656273917170486
4,0.2,200,7,tis,0.0013353369156016953
4,0.2,200,7,uniform,0.00025943537248873135
4,0.2,200,8,complete_rollout,5.216579238207552e-05
4,0.2,200,8,tis,0.0015367020396399602
4,0.2,200,8,uniform,0.0023389784347483543
4,0.2,200,9,complete_rollout,2.806502459400053e-05
4,0.2,200,9,tis,0.0008422501775942799
4,0.2,200,9,uniform,0.0009683614263640985
4,0.2,200,10,complete_rollout,6.117712489774796e-05
4,0.2,200,10,tis,0.002951823100652044
4,0.2,200,10,uniform,0.0012782648867593544
4,0.2,200,11,complete_rollout,3.5926842785803366e-05
4,0.2,200,11,tis,0.0005023794050097895
4,0.2,200,11,uniform,0.0016413425028452553
4,0.2,200,12,complete_rollout,9.833239852540519e-05
4,0.2,200,12,tis,0.0010463104405742433
4,0.2,200,12,uniform,0.0037683483415478477
4,0.2,200,13,complete_rollout,0.00014071032420880092
4,0.2,200,13,tis,0.0005170490295641862
4,0.2,200,13,uniform,0.0021463030412792435
4,0.2,200,14,complete_rollout,0.00012536338260807315
4,0.2,200,14,tis,0.0007924851749678534
4,0.2,200,14,uniform,0.0021404177358168193
4,0.2,200,15,complete_rollout,4.226864006492264e-05
4,0.2,200,15,tis,0.00059016682380239
4,0.2,200,15,uniform,0.002016290796012394
4,0.2,200,16,complete_rollout,0.0002865572949217281
4,0.2,200,16,tis,0.00022302523702161562
4,0.2,200,16,uniform,0.003638014293364542
4,0.2,200,17,complete_rollout,3.36509184518237e-05
4,0.2,200,17,tis,0.00040942482270253986
4,0.2,200,17,uniform,0.0007876687235520508
4,0.2,200,18,complete_rollout,3.543220239109109e-05
4,0.2,200,18,tis,0.0007966794503534764
4,0.2,200,18,uniform,0.0014114134241830169
4,0.2,200,19,complete_rollout,6.948313934621183e-05
4,0.2,200,19,tis,0.00034864181064346144
4,0.2,200,19,uniform,0.0008561675785902997
4,0.2,200,20,complete_rollout,5.527898934231774e-05
4,0.2,200,20,tis,0.0001531363577557024
4,0.2,200,20,uniform,0.00041433742330220836
4,0.2,200,21,complete_rollout,7.838626451922761e-05
4,0.2,200,21,tis,0.00029945965462306547
4,0.2,200,21,uniform,0.0013274493553107676
4,0.2,200,22,complete_rollout,4.379981212090833e-05
4,0.2,200,22,tis,0.001793542893055844
4,0.2,200,22,uniform,0.002154448429748055
4,0.2,200,23,complete_rollout,9.493142762100598e-05
4,0.2,200,23,tis,0.00048629085562533546
4,0.2,200,23,uniform,0.0014862147166825282
4,0.2,200,24,complete_rollout,0.00020447503409007836
4,0.2,200,24,tis,0.00045078677658445907
4,0.2,200,24,uniform,0.0028418494282005935
4,0.2,200,25,complete_rollout,8.407786215897552e-05
4,0.2,200,25,tis,0.00014173512142847688
4,0.2,200,25,uniform,0.002107298100104898
4,0.2,200,26,complete_rollout,6.025111065618777e-05
4,0.2,200,26,tis,0.00027185576917549824
4,0.2,200,26,uniform,0.0015472640446140785
4,0.2,200,27,complete_rollout,9.141243585978057e-05
4,0.2,200,27,tis,0.00015155610232004763
4,0.2,200,27,uniform,0.0007470644390240957
4,0.2,200,28,complete_rollout,1.5500425050659048e-05
4,0.2,200,28,tis,0.002949026224861779
4,0.2,200,28,uniform,0.0011568188705807672
4,0.2,200,29,complete_rollout,0.0001270638433089068
4,0.2,200,29,tis,0.000607169213646965
4,0.2,200,29,uniform,0.002267394386652427
4,0.2,200,30,complete_rollout,8.081832055603942e-05
4,0.2,200,30,tis,0.00017449536340826186
4,0.2,200,30,uniform,0.003335337734681631
4,0.2,200,31,complete_rollout,7.586332851040753e-05
4,0.2,200,31,tis,0.00012367170120611878
4,0.2,200,31,uniform,0.004409802836966631
4,0.2,200,32,complete_rollout,3.684864272347211e-05
4,0.2,200,32,tis,0.00215988372880843
4,0.2,200,32,uniform,0.0024553397161793315
4,0.2,200,33,complete_rollout,6.538696434307946e-05
4,0.2,200,33,tis,0.0008631828170213042
4,0.2,200,33,uniform,0.003932596394900449
4,0.2,200,34,complete_rollout,7.039749510295524e-05
4,0.2,200,34,tis,0.0006310587872120052
4,0.2,200,34,uniform,0.001248163093241174
4,0.2,200,35,complete_rollout,0.00025467337597446854
4,0.2,200,35,tis,0.00015977235354422634
4,0.2,200,35,uniform,0.001095340572019284
4,0.2,200,36,complete_rollout,0.0001169265441371556
4,0.2,200,36,tis,0.0031825146869401137
4,0.2,200,36,uniform,0.0005831228872167943
4,0.2,200,37,complete_rollout,0.00012295346326114757
4,0.2,200,37,tis,0.0008035484895718454
4,0.2,200,37,uniform,0.0035941091835347103
4,0.2,200,38,complete_rollout,3.404587659883429e-05
4,0.2,200,38,tis,0.00015187487405167192
4,0.2,200,38,uniform,0.003579536268939797
4,0.2,200,39,complete_rollout,0.00010897947980996631
4,0.2,200,39,tis,0.0002206605973730709
4,0.2,200,39,uniform,0.003596102381879082
4,0.2,200,40,complete_rollout,0.00021968135311485197
4,0.2,200,40,tis,0.0004724547503024015
4,0.2,200,40,uniform,0.0010923251928452575
4,0.2,200,41,complete_rollout,7.317415887231395e-05
4,0.2,200,41,tis,0.0007571891186369967
4,0.2,200,41,uniform,0.002057720061323529
4,0.2,200,42,complete_rollout,7.22832765698733e-05
4,0.2,200,42,tis,0.00010224476827036236
4,0.2,200,42,uniform,0.0006849869019220639
4,0.2,200,43,complete_rollout,8.783046566127772e-05
4,0.2,200,43,tis,0.0003154841438342357
4,0.2,200,43,uniform,0.0038038784147828735
4,0.2,200,44,complete_rollout,9.43583575325238e-05
4,0.2,200,44,tis,0.0004024996179309978
4,0.2,200,44,uniform,0.0007781814534036269
4,0.2,200,45,complete_rollout,5.505335880046381e-05
4,0.2,200,45,tis,0.0003127477800052313
4,0.2,200,45,uniform,0.0007283388907568169
4,0.2,200,46,complete_rollout,0.00015331416387584574
4,0.2,200,46,tis,0.0009334553269600386
4,0.2,200,46,uniform,0.0028673445487225474
4,0.2,200,47,complete_rollout,8.368141137044647e-05
4,0.2,200,47,tis,0.0006413413859316353
4,0.2,200,47,uniform,0.002525508903738961
4,0.2,200,48,complete_rollout,9.297015628617415e-05
4,0.2,200,48,tis,0.0004901121800892145
4,0.2,200,48,uniform,0.003338386748956753
4,0.2,200,49,complete_rollout,5.074853318364726e-05
4,0.2,200,49,tis,0.0010026559270580539
4,0.2,200,49,uniform,0.0013978375163426413
4,0.2,200,50,complete_rollout,4.554684899571563e-05
4,0.2,200,50,tis,0.00017270801252600255
4,0.2,200,50,uniform,0.0006022071954266864
4,0.2,200,51,complete_rollout,8.241664997327162e-05
4,0.2,200,51,tis,0.0004894769718280783
4,0.2,200,51,uniform,0.0028202110808111633
4,0.2,200,52,complete_rollout,0.00010487098148823941
4,0.2,200,52,tis,0.00018902504586442145
4,0.2,200,52,uniform,0.0012689320134991206
4,0.2,200,53,complete_rollout,5.690061535247176e-05
4,0.2,200,53,tis,0.00024833847608771577
4,0.2,200,53,uniform,0.000682605437872021
4,0.2,200,54,complete_rollout,0.00012233321182950491
4,0.2,200,54,tis,0.0005371737904949061
4,0.2,200,54,uniform,0.0007375275118215818
4,0.2,200,55,complete_rollout,8.294401802097852e-05
4,0.2,200,55,tis,0.00019883249358006
4,0.2,200,55,uniform,0.003294246085311874
4,0.2,200,56,complete_rollout,4.3342043110858544e-05
4,0.2,200,56,tis,0.000325826839844403
4,0.2,200,56,uniform,0.003572606482090888
4,0.2,200,57,complete_rollout,0.0001319273037299479
4,0.2,200,57,tis,0.0004862339985659585
4,0.2,200,57,uniform,0.0015593690151549135
4,0.2,200,58,complete_rollout,0.00011261165593299088
4,0.2,200,58,tis,0.00031718891358332947
4,0.2,200,58,uniform,0.0007625492539474394
4,0.2,200,59,complete_rollout,0.00010024649008162914
4,0.2,200,59,tis,0.0003151193479146592
4,0.2,200,59,uniform,0.001817909141244812
4,0.2,200,60,complete_rollout,4.017162343061605e-05
4,0.2,200,60,tis,0.002845883081252747
4,0.2,200,60,uniform,0.0008538924076042706
4,0.2,200,61,complete_rollout,9.993870864316663e-05
4,0.2,200,61,tis,0.0009699728821066574
4,0.2,200,61,uniform,0.0021520824255398066
4,0.2,200,62,complete_rollout,5.661207575140221e-05
4,0.2,200,62,tis,0.0007761068031010155
4,0.2,200,62,uniform,0.0008870125924161895
4,0.2,200,63,complete_rollout,0.00013710012308646753
4,0.2,200,63,tis,0.0009709228168148488
4,0.2,200,63,uniform,0.0006238547184677622
4,0.2,200,64,complete_rollout,0.00015314147412613246
4,0.2,200,64,tis,0.0003296399293569081
4,0.2,200,64,uniform,0.003707015026925154
4,0.2,200,65,complete_rollout,0.00016464041149473225
4,0.2,200,65,tis,0.0003462616479868607
4,0.2,200,65,uniform,0.004542177346573922
4,0.2,200,66,complete_rollout,3.553946478614553e-05
4,0.2,200,66,tis,0.0016900602111895907
4,0.2,200,66,uniform,0.0011605621060933285
4,0.2,200,67,complete_rollout,8.0574982364279e-05
4,0.2,200,67,tis,0.0007187641332877774
4,0.2,200,67,uniform,0.0016261831106112084
4,0.2,200,68,complete_rollout,2.0008352032806435e-05
4,0.2,200,68,tis,0.0005391098856247627
4,0.2,200,68,uniform,0.0009909564020377415
4,0.2,200,69,complete_rollout,0.0003746418253769683
4,0.2,200,69,tis,0.0036559848762885093
4,0.2,200,69,uniform,0.0007153123335681034
4,0.2,200,70,complete_rollout,5.773759602955725e-05
4,0.2,200,70,tis,0.0014129372113070103
4,0.2,200,70,uniform,0.0016376453916459738
4,0.2,200,71,complete_rollout,0.00016256690331333345
4,0.2,200,71,tis,0.00024070444714892848
4,0.2,200,71,uniform,0.0017954954986624393
4,0.2,200,72,complete_rollout,0.00014172614590121573
4,0.2,200,72,tis,0.0010210773479506208
4,0.2,200,72,uniform,0.0008995231277872386
4,0.2,200,73,complete_rollout,5.08657313845898e-05
4,0.2,200,73,tis,0.00040513729695763634
4,0.2,200,73,uniform,0.0011634612382844267
4,0.2,200,74,complete_rollout,3.965152112548446e-05
4,0.2,200,74,tis,0.00030053665106042444
4,0.2,200,74,uniform,0.003178240224658843
4,0.2,200,75,complete_rollout,0.00040860468937245736
4,0.2,200,75,tis,0.0017792799115322563
4,0.2,200,75,uniform,0.0028244410477890553
4,0.2,200,76,complete_rollout,9.278294104151607e-05
4,0.2,200,76,tis,0.0009251580560233519
4,0.2,200,76,uniform,0.004071158871842693
4,0.2,200,77,complete_rollout,0.0002237411208957092
4,0.2,200,77,tis,0.00037977817890435747
4,0.2,200,77,uniform,0.0011280262708039798
4,0.2,200,78,complete_rollout,7.536397429853557e-05
4,0.2,200,78,tis,0.0017937036184533836
4,0.2,200,78,uniform,0.002177750126093272
4,0.2,200,79,complete_rollout,0.00014652095736989143
4,0.2,200,79,tis,0.002443680359904173
4,0.2,200,79,uniform,0.0013013480430443122
4,0.2,200,80,complete_rollout,0.0003985078332985721
4,0.2,200,80,tis,0.001251532927902983
4,0.2,200,80,uniform,0.0038826597661207607
4,0.2,200,81,complete_rollout,5.5032001305418966e-05
4,0.2,200,81,tis,0.003549423097293731
4,0.2,200,81,uniform,0.0016539528856074656
4,0.2,200,82,complete_rollout,0.00011804787186758521
4,0.2,200,82,tis,0.0013184427482288695
4,0.2,200,82,uniform,0.00159431686039581
4,0.2,200,83,complete_rollout,0.0001901958521268805
4,0.2,200,83,tis,0.00019760884108261395
4,0.2,200,83,uniform,0.0042075788314265535
4,0.2,200,84,complete_rollout,0.00011214521187247545
4,0.2,200,84,tis,0.0009257969430814393
4,0.2,200,84,uniform,0.0017231763520984243
4,0.2,200,85,complete_rollout,0.00011244303016984814
4,0.2,200,85,tis,0.0004285189254303874
4,0.2,200,85,uniform,0.0010991134542503362
4,0.2,200,86,complete_rollout,0.0001325573415387965
4,0.2,200,86,tis,0.0005319100434482229
4,0.2,200,86,uniform,0.000630207418273616
4,0.2,200,87,complete_rollout,0.00010224120511363755
4,0.2,200,87,tis,0.00027778485599163033
4,0.2,200,87,uniform,0.001098480459544968
4,0.2,200,88,complete_rollout,0.0001241614929959563
4,0.2,200,88,tis,0.001025807027057949
4,0.2,200,88,uniform,0.004145183863869606
4,0.2,200,89,complete_rollout,7.134654710715299e-05
4,0.2,200,89,tis,0.0001851755595547626
4,0.2,200,89,uniform,0.0023259291379925592
4,0.2,200,90,complete_rollout,3.740777720600998e-05
4,0.2,200,90,tis,0.0004571040985837334
4,0.2,200,90,uniform,0.0018609079196200797
4,0.2,200,91,complete_rollout,0.0002588288349225653
4,0.2,200,91,tis,0.0005702457366349678
4,0.2,200,91,uniform,0.0025060411124237926
4,0.2,200,92,complete_rollout,9.567795793158419e-05
4,0.2,200,92,tis,0.0005469146284666209
4,0.2,200,92,uniform,0.0007367054720715947
4,0.2,200,93,complete_rollout,6.620624422684832e-05
4,0.2,200,93,tis,0.0004760081692922945
4,0.2,200,93,uniform,0.0015278761755083377
4,0.2,200,94,complete_rollout,3.5047700178370895e-05
4,0.2,200,94,tis,0.0008881587026571144
4,0.2,200,94,uniform,0.0012011203919526563
4,0.2,200,95,complete_rollout,0.00020125060709523374
4,0.2,200,95,tis,0.00022065246061938888
4,0.2,200,95,uniform,0.0012621754458031675
4,0.2,200,96,complete_rollout,6.57021088797055e-05
4,0.2,200,96,tis,0.00043256980020286507
4,0.2,200,96,uniform,0.0011002413461051656
4,0.2,200,97,complete_rollout,0.0001574114592687592
4,0.2,200,97,tis,0.0003009039260560872
4,0.2,200,97,uniform,0.0015627261627268378
4,0.2,200,98,complete_rollout,8.352139328650228e-05
4,0.2,200,98,tis,0.0016830322311280166
4,0.2,200,98,uniform,0.0011085510397948882
4,0.2,200,99,complete_rollout,0.0001622438647417169
4,0.2,200,99,tis,0.0009603052296819231
4,0.2,200,99,uniform,0.0012281439580743374
4,0.2,200,100,complete_rollout,3.2927493160368226e-05
4,0.2,200,100,tis,0.0009695903108443414
4,0.2,200,100,uniform,0.0013694568611396084
4,0.2,200,101,complete_rollout,0.00010536004112389534
4,0.2,200,101,tis,0.000305432439722752
4,0.2,200,101,uniform,0.0008691419229286837
4,0.2,200,102,complete_rollout,5.3359290721493213e-05
4,0.2,200,102,tis,0.0002646516382560766
4,0.2,200,102,uniform,0.0006859658775826674
4,0.2,200,103,complete_rollout,4.844192375130178e-05
4,0.2,200,103,tis,0.00021278705639556577
4,0.2,200,103,uniform,0.00046809498967775203
4,0.2,200,104,complete_rollout,0.00011869399687751365
4,0.2,200,104,tis,0.00023217912754256988
4,0.2,200,104,uniform,0.0011556655870874446
4,0.2,200,105,complete_rollout,5.603253731389032e-05
4,0.2,200,105,tis,0.0006171949430681565
4,0.2,200,105,uniform,0.004432059927951428
4,0.2,200,106,complete_rollout,0.00028417427907723094
4,0.2,200,106,tis,0.00025635492162050423
4,0.2,200,106,uniform,0.004312574946910108
4,0.2,200,107,complete_rollout,0.0003481149414507517
4,0.2,200,107,tis,0.00020645229751646945
4,0.2,200,107,uniform,0.0013780727385643823
4,0.2,200,108,complete_rollout,2.0071712178192644e-05
4,0.2,200,108,tis,0.001073217084537167
4,0.2,200,108,uniform,0.0022614926764791075
4,0.2,200,109,complete_rollout,7.483988203892636e-05
4,0.2,200,109,tis,0.001428036912698269
4,0.2,200,109,uniform,0.0010012243374163852
4,0.2,200,110,complete_rollout,4.488515830051349e-05
4,0.2,200,110,tis,0.0003671438650405062
4,0.2,200,110,uniform,0.0010902900288438952
4,0.2,200,111,complete_rollout,3.0214885643669498e-05
4,0.2,200,111,tis,0.00026343099990145053
4,0.2,200,111,uniform,0.006616547934091774
4,0.2,200,112,complete_rollout,0.00033301885676757163
4,0.2,200,112,tis,0.00042256126066282255
4,0.2,200,112,uniform,0.0016586421414978396
4,0.2,200,113,complete_rollout,0.00023782753118590624
4,0.2,200,113,tis,0.00028057668204872733
4,0.2,200,113,uniform,0.0009440097676251343
4,0.2,200,114,complete_rollout,7.273156038566028e-05
4,0.2,200,114,tis,0.00017957176175120284
4,0.2,200,114,uniform,0.0007466769672039987
4,0.2,200,115,complete_rollout,6.713031977592432e-05
4,0.2,200,115,tis,0.002089283375102194
4,0.2,200,115,uniform,0.009457772774333115
4,0.2,200,116,complete_rollout,0.00012968266815920962
4,0.2,200,116,tis,0.0005207577564450409
4,0.2,200,116,uniform,0.0009928258544193707
4,0.2,200,117,complete_rollout,4.3415325336619796e-05
4,0.2,200,117,tis,0.0005104039683327447
4,0.2,200,117,uniform,0.002217795157365735
4,0.2,200,118,complete_rollout,0.00013583752301934865
4,0.2,200,118,tis,0.0003903754754018831
4,0.2,200,118,uniform,0.001975251144848582
4,0.2,200,119,complete_rollout,6.77637338316296e-05
4,0.2,200,119,tis,0.0003512937100380241
4,0.2,200,119,uniform,0.010669415755495112
4,0.2,200,120,complete_rollout,4.674515785655021e-05
4,0.2,200,120,tis,0.001307735956257704
4,0.2,200,120,uniform,0.0012819596666303371
4,0.2,200,121,complete_rollout,5.8534496824120824e-05
4,0.2,200,121,tis,0.0005599429196491499
4,0.2,200,121,uniform,0.002051168426173359
4,0.2,200,122,complete_rollout,0.0002053249078955959
4,0.2,200,122,tis,0.00011848325961782463
4,0.2,200,122,uniform,0.0010110885901759587
4,0.2,200,123,complete_rollout,0.00017803614670797575
4,0.2,200,123,tis,0.0007217493325512518
4,0.2,200,123,uniform,0.0018049690945890979
4,0.2,200,124,complete_rollout,6.099807123105527e-05
4,0.2,200,124,tis,0.003251785587449587
4,0.2,200,124,uniform,0.0015167935496136927
4,0.2,200,125,complete_rollout,0.00014521759381072696
4,0.2,200,125,tis,0.00012561895446340534
4,0.2,200,125,uniform,0.000969736502998337
4,0.2,200,126,complete_rollout,0.00010726306698112005
4,0.2,200,126,tis,0.003379592281848292
4,0.2,200,126,uniform,0.0033992871276523466
4,0.2,200,127,complete_rollout,3.7830523658172226e-05
4,0.2,200,127,tis,0.0003189198246345083
4,0.2,200,127,uniform,0.0017847611891430113
4,0.2,200,128,complete_rollout,3.4457751926567606e-05
4,0.2,200,128,tis,0.00011859404086500222
4,0.2,200,128,uniform,0.0015481644575605464
4,0.2,200,129,complete_rollout,0.0002631746879352323
4,0.2,200,129,tis,0.0002848438410767755
4,0.2,200,129,uniform,0.0023338347599954363
4,0.2,200,130,complete_rollout,0.00011517133405680624
4,0.2,200,130,tis,0.0014200889374456733
4,0.2,200,130,uniform,0.005770299633071329
4,0.2,200,131,complete_rollout,7.996567841276662e-05
4,0.2,200,131,tis,0.0005339051144436761
4,0.2,200,131,uniform,0.004717858217910757
4,0.2,200,132,complete_rollout,5.969224489270123e-05
4,0.2,200,132,tis,0.0006923276171686908
4,0.2,200,132,uniform,0.00042491434547152935
4,0.2,200,133,complete_rollout,9.104315480769142e-05
4,0.2,200,133,tis,0.00029985820869484793
4,0.2,200,133,uniform,0.003930013161615926
4,0.2,200,134,complete_rollout,7.272177424302162e-05
4,0.2,200,134,tis,0.0012438607074473057
4,0.2,200,134,uniform,0.003430985072835114
4,0.2,200,135,complete_rollout,3.0315156613447e-05
4,0.2,200,135,tis,0.0029263387905567855
4,0.2,200,135,uniform,0.0005729599880141183
4,0.2,200,136,complete_rollout,2.313028444470337e-05
4,0.2,200,136,tis,0.0004503788871249471
4,0.2,200,136,uniform,0.0018090675775370671
4,0.2,200,137,complete_rollout,5.5290563629629386e-05
4,0.2,200,137,tis,0.00020178885289437774
4,0.2,200,137,uniform,0.004717000858414618
4,0.2,200,138,complete_rollout,0.00014004983229624633
4,0.2,200,138,tis,0.0007844199615427533
4,0.2,200,138,uniform,0.0033235367698871924
4,0.2,200,139,complete_rollout,4.856207564502342e-05
4,0.2,200,139,tis,0.00035886368305452544
4,0.2,200,139,uniform,0.002863696938855514
4,0.2,200,140,complete_rollout,7.526128609253353e-05
4,0.2,200,140,tis,0.0018599023430881988
4,0.2,200,140,uniform,0.001529372151204613
4,0.2,200,141,complete_rollout,0.00012716417171048552
4,0.2,200,141,tis,0.0019066856884058375
4,0.2,200,141,uniform,0.0015862728214106512
4,0.2,200,142,complete_rollout,5.858083458568253e-05
4,0.2,200,142,tis,0.0006199170904723115
4,0.2,200,142,uniform,0.005752877867536134
4,0.2,200,143,complete_rollout,6.649694142382463e-05
4,0.2,200,143,tis,0.0002686333227898736
4,0.2,200,143,uniform,0.0028358716602193477
4,0.2,200,144,complete_rollout,5.549386212413057e-05
4,0.2,200,144,tis,0.00018312216400026324
4,0.2,200,144,uniform,0.002609042345351848
4,0.2,200,145,complete_rollout,5.588687247163019e-05
4,0.2,200,145,tis,0.000670026361863262
4,0.2,200,145,uniform,0.002534144451995675
4,0.2,200,146,complete_rollout,3.824024525536842e-05
4,0.2,200,146,tis,0.0007379726992702889
4,0.2,200,146,uniform,0.001008094724623077
4,0.2,200,147,complete_rollout,1.9862774337489115e-05
4,0.2,200,147,tis,0.000849026771471703
4,0.2,200,147,uniform,0.00038737984428034386
4,0.2,200,148,complete_rollout,0.00020336087944242522
4,0.2,200,148,tis,0.0009180436733650211
4,0.2,200,148,uniform,0.0026497588377597317
4,0.2,200,149,complete_rollout,6.177313862677382e-05
4,0.2,200,149,tis,0.004015142091401684
4,0.2,200,149,uniform,0.008491907158223672
4,0.2,200,150,complete_rollout,4.194211147803762e-05
4,0.2,200,150,tis,0.0005534200739363952
4,0.2,200,150,uniform,0.001790582865967857
4,0.2,200,151,complete_rollout,9.434033527679151e-05
4,0.2,200,151,tis,0.001140055079777846
4,0.2,200,151,uniform,0.0010489962577392227
4,0.2,200,152,complete_rollout,0.00012834434398229422
4,0.2,200,152,tis,0.00017369566180730294
4,0.2,200,152,uniform,0.0039607919837299785
4,0.2,200,153,complete_rollout,0.00020291624969009218
4,0.2,200,153,tis,0.0017706641290335995
4,0.2,200,153,uniform,0.0020945139736448805
4,0.2,200,154,complete_rollout,6.334335448210432e-05
4,0.2,200,154,tis,0.0005753982142768167
4,0.2,200,154,uniform,0.002049554970007182
4,0.2,200,155,complete_rollout,4.710934721106649e-05
4,0.2,200,155,tis,9.422949701943332e-05
4,0.2,200,155,uniform,0.0007970308165009364
4,0.2,200,156,complete_rollout,3.193813967832999e-05
4,0.2,200,156,tis,0.00019937419693271942
4,0.2,200,156,uniform,0.006802556532013477
4,0.2,200,157,complete_rollout,4.036845716167671e-05
4,0.2,200,157,tis,0.00033253162087674976
4,0.2,200,157,uniform,0.0033669956240690827
4,0.2,200,158,complete_rollout,2.8851321326417743e-05
4,0.2,200,158,tis,0.0004016944318281215
4,0.2,200,158,uniform,0.0031248167269753873
4,0.2,200,159,complete_rollout,0.00038735612920678513
4,0.2,200,159,tis,0.0005818982252047557
4,0.2,200,159,uniform,0.0018543616395989414
4,0.2,200,160,complete_rollout,3.8759064364165323e-05
4,0.2,200,160,tis,0.0011824433419469456
4,0.2,200,160,uniform,0.0034487680507933874
4,0.2,200,161,complete_rollout,0.00015445064851764113
4,0.2,200,161,tis,0.0012672893565282774
4,0.2,200,161,uniform,0.0007985748243000397
4,0.2,200,162,complete_rollout,0.00027652290670644286
4,0.2,200,162,tis,0.00041678619958915905
4,0.2,200,162,uniform,0.003994933355768061
4,0.2,200,163,complete_rollout,0.0006089628919888095
4,0.2,200,163,tis,0.001094182078251855
4,0.2,200,163,uniform,0.0017144700734415968
4,0.2,200,164,complete_rollout,0.00021673901761088814
4,0.2,200,164,tis,0.0011483871945427455
4,0.2,200,164,uniform,0.0023468746669662167
4,0.2,200,165,complete_rollout,3.871868056849998e-05
4,0.2,200,165,tis,0.0010471741079126579
4,0.2,200,165,uniform,0.0020284783972185725
4,0.2,200,166,complete_rollout,0.00016953401373069184
4,0.2,200,166,tis,0.0003369401797100059
4,0.2,200,166,uniform,0.001291022129150561
4,0.2,200,167,complete_rollout,0.00017912127387278035
4,0.2,200,167,tis,0.00026944623390767904
4,0.2,200,167,uniform,0.0021478457851381296
4,0.2,200,168,complete_rollout,4.344036626644287e-05
4,0.2,200,168,tis,0.0024422852940356845
4,0.2,200,168,uniform,0.002991249327715715
4,0.2,200,169,complete_rollout,0.00010645073035009904
4,0.2,200,169,tis,0.0004920963984688325
4,0.2,200,169,uniform,0.0008385577661075897
4,0.2,200,170,complete_rollout,4.7770904680899765e-05
4,0.2,200,170,tis,0.0008396534470436393
4,0.2,200,170,uniform,0.003570064384289178
4,0.2,200,171,complete_rollout,2.759237879116721e-05
4,0.2,200,171,tis,0.0014834873092032918
4,0.2,200,171,uniform,0.002354156204776758
4,0.2,200,172,complete_rollout,3.629415008336589e-05
4,0.2,200,172,tis,0.0006927339180278265
4,0.2,200,172,uniform,0.003544926136083479
4,0.2,200,173,complete_rollout,5.4531735683082924e-05
4,0.2,200,173,tis,0.0006091211248700633
4,0.2,200,173,uniform,0.0005324791326623364
4,0.2,200,174,complete_rollout,0.00015155542171514154
4,0.2,200,174,tis,0.0004228657237757746
4,0.2,200,174,uniform,0.0005882391938136224
4,0.2,200,175,complete_rollout,0.0002674210772663034
4,0.2,200,175,tis,0.0004987862873150313
4,0.2,200,175,uniform,0.0016993288398307682
4,0.2,200,176,complete_rollout,0.00012911340730484315
4,0.2,200,176,tis,0.0006992213935068948
4,0.2,200,176,uniform,0.0012121459920156276
4,0.2,200,177,complete_rollout,6.511007822496915e-05
4,0.2,200,177,tis,0.0014998926465407717
4,0.2,200,177,uniform,0.001804044182153139
4,0.2,200,178,complete_rollout,0.00010403565915371502
4,0.2,200,178,tis,0.0004454178101157362
4,0.2,200,178,uniform,0.0024856419266565664
4,0.2,200,179,complete_rollout,4.102662843451467e-05
4,0.2,200,179,tis,0.00023908002577440542
4,0.2,200,179,uniform,0.004019736365978111
4,0.2,200,180,complete_rollout,6.38464796500969e-05
4,0.2,200,180,tis,0.0004008642604100289
4,0.2,200,180,uniform,0.0026839871439078445
4,0.2,200,181,complete_rollout,4.42888046906038e-05
4,0.2,200,181,tis,0.001807250136187367
4,0.2,200,181,uniform,0.001586899997014799
4,0.2,200,182,complete_rollout,2.8207656010774917e-05
4,0.2,200,182,tis,0.0003673423021936778
4,0.2,200,182,uniform,0.0012740034500414075
4,0.2,200,183,complete_rollout,0.00046912364008284795
4,0.2,200,183,tis,0.0001772440548762675
4,0.2,200,183,uniform,0.0011711702874772495
4,0.2,200,184,complete_rollout,0.00014233669441359538
4,0.2,200,184,tis,0.0002809324908281945
4,0.2,200,184,uniform,0.0032149833842979843
4,0.2,200,185,complete_rollout,6.705352912523294e-05
4,0.2,200,185,tis,0.0010767613005172008
4,0.2,200,185,uniform,0.0036383868312094957
4,0.2,200,186,complete_rollout,0.00019155638507795464
4,0.2,200,186,tis,0.00345970748005281
4,0.2,200,186,uniform,0.0007766113413713262
4,0.2,200,187,complete_rollout,0.00013363589449908445
4,0.2,200,187,tis,0.00016556720853804527
4,0.2,200,187,uniform,0.002162285371644847
4,0.2,200,188,complete_rollout,6.936767103842464e-05
4,0.2,200,188,tis,0.0015319754108098099
4,0.2,200,188,uniform,0.0013174622389192166
4,0.2,200,189,complete_rollout,9.623728502683661e-05
4,0.2,200,189,tis,0.002290590183762689
4,0.2,200,189,uniform,0.000438489283364741
4,0.2,200,190,complete_rollout,7.362726770257588e-05
4,0.2,200,190,tis,0.00035295054567986684
4,0.2,200,190,uniform,0.0020249689636939994
4,0.2,200,191,complete_rollout,4.736605328245001e-05
4,0.2,200,191,tis,0.0003617860345035386
4,0.2,200,191,uniform,0.0016154757944165652
4,0.2,200,192,complete_rollout,0.00015815259524393633
4,0.2,200,192,tis,0.000778215420835798
4,0.2,200,192,uniform,0.0010819990779764746
4,0.2,200,193,complete_rollout,4.449942420568679e-05
4,0.2,200,193,tis,0.0003797681224423379
4,0.2,200,193,uniform,0.0014336821960257754
4,0.2,200,194,complete_rollout,7.594903038734611e-05
4,0.2,200,194,tis,0.0006390895143950027
4,0.2,200,194,uniform,0.0010346961212061349
4,0.2,200,195,complete_rollout,0.0002867870402901779
4,0.2,200,195,tis,0.0003898505850549454
4,0.2,200,195,uniform,0.001062173802444931
4,0.2,200,196,complete_rollout,3.796552024972784e-05
4,0.2,200,196,tis,0.001868892220044414
4,0.2,200,196,uniform,0.003161773038449044
4,0.2,200,197,complete_rollout,9.347047882070704e-05
4,0.2,200,197,tis,0.0033747902038771963
4,0.2,200,197,uniform,0.0030673678618319145
4,0.2,200,198,complete_rollout,5.089278791854824e-05
4,0.2,200,198,tis,0.000662105299417142
4,0.2,200,198,uniform,0.0022367003063081393
4,0.2,200,199,complete_rollout,6.608384214934532e-05
4,0.2,200,199,tis,0.0005253631239162933
4,0.2,200,199,uniform,0.0022622083746192657
4,0.2,200,200,complete_rollout,5.6903625912950864e-05
4,0.2,200,200,tis,0.0006869025215484459
4,0.2,200,200,uniform,0.001117002891472966
4,0.2,200,201,complete_rollout,4.406489338849979e-05
4,0.2,200,201,tis,0.0006349728615287389
4,0.2,200,201,uniform,0.0015556500955065866
4,0.2,200,202,complete_rollout,0.0002602680283140049
4,0.2,200,202,tis,0.0006287527914093683
4,0.2,200,202,uniform,0.0013467533415771112
4,0.2,200,203,complete_rollout,4.9651308439651935e-05
4,0.2,200,203,tis,0.0006389659212307384
4,0.2,200,203,uniform,0.0021131654095957646
4,0.2,200,204,complete_rollout,0.00010422987004731445
4,0.2,200,204,tis,0.00013208924775856058
4,0.2,200,204,uniform,0.006915591148255334
4,0.2,200,205,complete_rollout,3.686012156216362e-05
4,0.2,200,205,tis,0.0003449933225949391
4,0.2,200,205,uniform,0.0019393150353236364
4,0.2,200,206,complete_rollout,4.6411285844538204e-05
4,0.2,200,206,tis,0.0007905206598310295
4,0.2,200,206,uniform,0.002189826235065062
4,0.2,200,207,complete_rollout,6.0776569463346286e-05
4,0.2,200,207,tis,0.00011222476185170985
4,0.2,200,207,uniform,0.0012104090525099428
4,0.2,200,208,complete_rollout,0.0005487021739040049
4,0.2,200,208,tis,0.00036268070530272626
4,0.2,200,208,uniform,0.002942777741671549
4,0.2,200,209,complete_rollout,0.0001595623244569544
4,0.2,200,209,tis,0.0007417738018382042
4,0.2,200,209,uniform,0.005326241316693202
4,0.2,200,210,complete_rollout,0.00017967067635256753
4,0.2,200,210,tis,0.00048331897122238403
4,0.2,200,210,uniform,0.001494195060825935
4,0.2,200,211,complete_rollout,0.00015482488185406424
4,0.2,200,211,tis,0.0019402356754532205
4,0.2,200,211,uniform,0.0017498997978266703
4,0.2,200,212,complete_rollout,0.00011554423367181932
4,0.2,200,212,tis,0.003273217994274711
4,0.2,200,212,uniform,0.0020517865777170937
4,0.2,200,213,complete_rollout,6.200473608053033e-05
4,0.2,200,213,tis,0.00021471505515530934
4,0.2,200,213,uniform,0.005503182674093366
4,0.2,200,214,complete_rollout,8.209945132808848e-05
4,0.2,200,214,tis,0.00261452564799674
4,0.2,200,214,uniform,0.003453290705424052
4,0.2,200,215,complete_rollout,8.254117963049872e-05
4,0.2,200,215,tis,0.0005954974356613653
4,0.2,200,215,uniform,0.004554914704211238
4,0.2,200,216,complete_rollout,7.14526261617051e-05
4,0.2,200,216,tis,0.0003373215219189071
4,0.2,200,216,uniform,0.0010139063628252566
4,0.2,200,217,complete_rollout,0.00018231311200255033
4,0.2,200,217,tis,0.0004760953876718907
4,0.2,200,217,uniform,0.002792923165027494
4,0.2,200,218,complete_rollout,0.00016650689829965492
4,0.2,200,218,tis,0.0005682963099783272
4,0.2,200,218,uniform,0.0014121658136120212
4,0.2,200,219,complete_rollout,4.553682703747574e-05
4,0.2,200,219,tis,0.00040947895305831213
4,0.2,200,219,uniform,0.0015394573370476285
4,0.2,200,220,complete_rollout,6.233813865139882e-05
4,0.2,200,220,tis,0.00038150487960876876
4,0.2,200,220,uniform,0.003659626633470371
4,0.2,200,221,complete_rollout,3.510794319680782e-05
4,0.2,200,221,tis,0.0003612960645371093
4,0.2,200,221,uniform,0.002529953946973307
4,0.2,200,222,complete_rollout,8.289953285186664e-05
4,0.2,200,222,tis,0.0010608527053370287
4,0.2,200,222,uniform,0.0012498264811445926
4,0.2,200,223,complete_rollout,8.37155731114661e-05
4,0.2,200,223,tis,0.001414893322153356
4,0.2,200,223,uniform,0.0024172658881120887
4,0.2,200,224,complete_rollout,0.00013899594726876827
4,0.2,200,224,tis,0.0009728453012329755
4,0.2,200,224,uniform,0.0012103288611340999
4,0.2,200,225,complete_rollout,2.9028748302393337e-05
4,0.2,200,225,tis,0.0006673703169932262
4,0.2,200,225,uniform,0.0005869318388761312
4,0.2,200,226,complete_rollout,4.87112578277758e-05
4,0.2,200,226,tis,0.003150272807246286
4,0.2,200,226,uniform,0.001008836931282022
4,0.2,200,227,complete_rollout,6.455795772865997e-05
4,0.2,200,227,tis,0.0002538118100608686
4,0.2,200,227,uniform,0.0016406811272768904
4,0.2,200,228,complete_rollout,6.375826695376946e-05
4,0.2,200,228,tis,0.00029776741615826654
4,0.2,200,228,uniform,0.0034353640912011822
4,0.2,200,229,complete_rollout,2.3635562300821617e-05
4,0.2,200,229,tis,0.0005839871646284569
4,0.2,200,229,uniform,0.0009912672514724036
4,0.2,200,230,complete_rollout,9.705054708367799e-05
4,0.2,200,230,tis,0.007010179184293479
4,0.2,200,230,uniform,0.0011907307970021256
4,0.2,200,231,complete_rollout,3.439344120401295e-05
4,0.2,200,231,tis,0.00021506885768335477
4,0.2,200,231,uniform,0.003964597830010296
4,0.2,200,232,complete_rollout,0.0003497975919639859
4,0.2,200,232,tis,0.00031303053986907756
4,0.2,200,232,uniform,0.0007512601100186428
4,0.2,200,233,complete_rollout,8.522144725410478e-05
4,0.2,200,233,tis,0.0010855103662276177
4,0.2,200,233,uniform,0.003891007110089076
4,0.2,200,234,complete_rollout,0.00013007778050535767
4,0.2,200,234,tis,0.0011099666029191098
4,0.2,200,234,uniform,0.0004725255625919282
4,0.2,200,235,complete_rollout,0.00015026346720589244
4,0.2,200,235,tis,0.00038296401842305785
4,0.2,200,235,uniform,0.0016718245587581467
4,0.2,200,236,complete_rollout,0.00011043151102048183
4,0.2,200,236,tis,0.0003746601550295656
4,0.2,200,236,uniform,0.002317480371756859
4,0.2,200,237,complete_rollout,0.0001037716121633389
4,0.2,200,237,tis,0.0005014942677739264
4,0.2,200,237,uniform,0.0035144142387209826
4,0.2,200,238,complete_rollout,6.98294035763736e-05
4,0.2,200,238,tis,0.00029402613854334235
4,0.2,200,238,uniform,0.0010812035840615652
4,0.2,200,239,complete_rollout,0.00013148825921378225
4,0.2,200,239,tis,0.0005018156750334778
4,0.2,200,239,uniform,0.0009675400853117134
4,0.2,200,240,complete_rollout,2.6084567918256676e-05
4,0.2,200,240,tis,0.00171120205152826
4,0.2,200,240,uniform,0.0032101198509838272
4,0.2,200,241,complete_rollout,0.00024196698141705104
4,0.2,200,241,tis,0.0004239313062856839
4,0.2,200,241,uniform,0.0008349546447646883
4,0.2,200,242,complete_rollout,9.278982621852312e-05
4,0.2,200,242,tis,0.009016568719071414
4,0.2,200,242,uniform,0.007415542827137615
4,0.2,200,243,complete_rollout,0.0001634612364834556
4,0.2,200,243,tis,0.0008501579545391951
4,0.2,200,243,uniform,0.0009079453201702957
4,0.2,200,244,complete_rollout,0.00010268262079984838
4,0.2,200,244,tis,0.000669868874788123
4,0.2,200,244,uniform,0.0009301021620055725
4,0.2,200,245,complete_rollout,4.846898658625518e-05
4,0.2,200,245,tis,0.00014184922291112846
4,0.2,200,245,uniform,0.0008953418898844575
4,0.2,200,246,complete_rollout,9.69703915228822e-05
4,0.2,200,246,tis,0.0005669260348886197
4,0.2,200,246,uniform,0.003868345760394615
4,0.2,200,247,complete_rollout,0.00013297193473111305
4,0.2,200,247,tis,0.001864692643485062
4,0.2,200,247,uniform,0.0029897322673606654
4,0.2,200,248,complete_rollout,5.182960304959157e-05
4,0.2,200,248,tis,0.0011340892986296878
4,0.2,200,248,uniform,0.005080699498265706
4,0.2,200,249,complete_rollout,8.844840727667231e-05
4,0.2,200,249,tis,0.0006857602774911207
4,0.2,200,249,uniform,0.00044988324309167254
4,0.2,200,250,complete_rollout,0.00016918977149700477
4,0.2,200,250,tis,0.0012686283997566696
4,0.2,200,250,uniform,0.0025339180189240342
4,0.2,200,251,complete_rollout,5.678667940745243e-05
4,0.2,200,251,tis,0.0031371723525111233
4,0.2,200,251,uniform,0.0023325818625716103
4,0.2,200,252,complete_rollout,0.0001463345271027935
4,0.2,200,252,tis,0.00044307026502575844
4,0.2,200,252,uniform,0.0022990062189892284
4,0.2,200,253,complete_rollout,7.239340468954374e-05
4,0.2,200,253,tis,0.0009517195468426399
4,0.2,200,253,uniform,0.0012163591712560946
4,0.2,200,254,complete_rollout,0.00021681324236722907
4,0.2,200,254,tis,0.0002743545080523655
4,0.2,200,254,uniform,0.004588928652075951
4,0.2,200,255,complete_rollout,0.00017672700988017378
4,0.2,200,255,tis,0.00039492914143575745
4,0.2,200,255,uniform,0.0023458780305539773
4,0.2,200,256,complete_rollout,0.000117713323295697
4,0.2,200,256,tis,9.508476902440098e-05
4,0.2,200,256,uniform,0.003604335509369456
4,0.2,200,257,complete_rollout,0.0001660410233570454
4,0.2,200,257,tis,0.0003599573286886205
4,0.2,200,257,uniform,0.004742138171577057
4,0.2,200,258,complete_rollout,7.132718358257765e-05
4,0.2,200,258,tis,0.003554398378536667
4,0.2,200,258,uniform,0.0027878163966711523
4,0.2,200,259,complete_rollout,0.00013067374706261732
4,0.2,200,259,tis,0.0002649066505548412
4,0.2,200,259,uniform,0.00046925899521010726
4,0.2,200,260,complete_rollout,9.688013639257286e-05
4,0.2,200,260,tis,0.00020780275753894367
4,0.2,200,260,uniform,0.0012462660463291883
4,0.2,200,261,complete_rollout,0.00013932247451394272
4,0.2,200,261,tis,0.0006686217072424225
4,0.2,200,261,uniform,0.0006034207389489623
4,0.2,200,262,complete_rollout,5.0189706182463455e-05
4,0.2,200,262,tis,0.00039933799801084187
4,0.2,200,262,uniform,0.0015533901467057647
4,0.2,200,263,complete_rollout,7.459267767180559e-05
4,0.2,200,263,tis,0.0011475215563137343
4,0.2,200,263,uniform,0.0013497760705347742
4,0.2,200,264,complete_rollout,6.519015160883408e-05
4,0.2,200,264,tis,0.0005034628840201905
4,0.2,200,264,uniform,0.0023466181861231243
4,0.2,200,265,complete_rollout,0.000665482858590385
4,0.2,200,265,tis,0.00048215189010992636
4,0.2,200,265,uniform,0.0009535862441072635
4,0.2,200,266,complete_rollout,9.218565365623832e-05
4,0.2,200,266,tis,0.0011350110255966064
4,0.2,200,266,uniform,0.004562930609319728
4,0.2,200,267,complete_rollout,7.189664231958083e-05
4,0.2,200,267,tis,0.0003736230478437559
4,0.2,200,267,uniform,0.005221177197578922
4,0.2,200,268,complete_rollout,0.00011368063189575814
4,0.2,200,268,tis,0.0028358828174991526
4,0.2,200,268,uniform,0.0007962548532132746
4,0.2,200,269,complete_rollout,0.000156719039440769
4,0.2,200,269,tis,0.0006490166234563327
4,0.2,200,269,uniform,0.0018576314579742152
4,0.2,200,270,complete_rollout,4.0808231266960775e-05
4,0.2,200,270,tis,0.0014326765736179053
4,0.2,200,270,uniform,0.0007151345604186091
4,0.2,200,271,complete_rollout,5.70458802400436e-05
4,0.2,200,271,tis,0.0037852608750771704
4,0.2,200,271,uniform,0.008883927215227237
4,0.2,200,272,complete_rollout,3.319535700794598e-05
4,0.2,200,272,tis,0.002754966605333011
4,0.2,200,272,uniform,0.0033703302897595848
4,0.2,200,273,complete_rollout,4.2091296326105906e-05
4,0.2,200,273,tis,0.0003293771978362768
4,0.2,200,273,uniform,0.0016557625210982206
4,0.2,200,274,complete_rollout,0.00021122938407089602
4,0.2,200,274,tis,0.001203941440440892
4,0.2,200,274,uniform,0.0012750425017258877
4,0.2,200,275,complete_rollout,0.00024202944154150304
4,0.2,200,275,tis,0.00031642349646026664
4,0.2,200,275,uniform,0.002100944366306739
4,0.2,200,276,complete_rollout,4.542233290933086e-05
4,0.2,200,276,tis,0.0003234369155905004
4,0.2,200,276,uniform,0.0005855045103978676
4,0.2,200,277,complete_rollout,0.00013403034156933015
4,0.2,200,277,tis,0.0006251997914053611
4,0.2,200,277,uniform,0.0011525994039017675
4,0.2,200,278,complete_rollout,3.299314041464724e-05
4,0.2,200,278,tis,0.00018205887675093108
4,0.2,200,278,uniform,0.0031500495805549516
4,0.2,200,279,complete_rollout,8.802614423582597e-05
4,0.2,200,279,tis,0.00027803511345720315
4,0.2,200,279,uniform,0.0028019720469532267
4,0.2,200,280,complete_rollout,0.00013079948804374265
4,0.2,200,280,tis,8.051028017501345e-05
4,0.2,200,280,uniform,0.001521534580021907
4,0.2,200,281,complete_rollout,0.00010784945454319473
4,0.2,200,281,tis,0.0001144491050723371
4,0.2,200,281,uniform,0.0009641953068367948
4,0.2,200,282,complete_rollout,0.00013224689117199702
4,0.2,200,282,tis,0.0004995091144178199
4,0.2,200,282,uniform,0.0014049394525184865
4,0.2,200,283,complete_rollout,0.0001123307214207808
4,0.2,200,283,tis,0.000418559385959361
4,0.2,200,283,uniform,0.0007483530534141852
4,0.2,200,284,complete_rollout,5.291840401009367e-05
4,0.2,200,284,tis,0.000562666662075647
4,0.2,200,284,uniform,0.006303700747426882
4,0.2,200,285,complete_rollout,0.00013789670801387578
4,0.2,200,285,tis,0.0002003536305430484
4,0.2,200,285,uniform,0.0007284177532182024
4,0.2,200,286,complete_rollout,0.00012100527558856187
4,0.2,200,286,tis,0.001142081122094371
4,0.2,200,286,uniform,0.0044413258520052045
4,0.2,200,287,complete_rollout,0.00018780630964910177
4,0.2,200,287,tis,0.00015930930502929132
4,0.2,200,287,uniform,0.0056573874594452785
4,0.2,200,288,complete_rollout,7.666579961683975e-05
4,0.2,200,288,tis,0.00019592266830972642
4,0.2,200,288,uniform,0.002426532774080593
4,0.2,200,289,complete_rollout,0.00013369109070996156
4,0.2,200,289,tis,0.0004105246173671497
4,0.2,200,289,uniform,0.007647503236990365
4,0.2,200,290,complete_rollout,9.983175819621507e-05
4,0.2,200,290,tis,0.0002508833949730049
4,0.2,200,290,uniform,0.005721026361818289
4,0.2,200,291,complete_rollout,5.320512860005888e-05
4,0.2,200,291,tis,0.0011207692881878817
4,0.2,200,291,uniform,0.0041752237132784385
4,0.2,200,292,complete_rollout,8.26107654238527e-05
4,0.2,200,292,tis,0.00018817741227526637
4,0.2,200,292,uniform,0.0036052331622218768
4,0.2,200,293,complete_rollout,4.0975393368114706e-05
4,0.2,200,293,tis,0.00038447249983015433
4,0.2,200,293,uniform,0.0008647415641400707
4,0.2,200,294,complete_rollout,0.0002100146448696931
4,0.2,200,294,tis,0.0007609377077795901
4,0.2,200,294,uniform,0.003927184252836016
4,0.2,200,295,complete_rollout,6.987454403701607e-05
4,0.2,200,295,tis,0.0003015629728680154
4,0.2,200,295,uniform,0.004412945567496652
4,0.2,200,296,complete_rollout,5.288084666545387e-05
4,0.2,200,296,tis,0.00015701212944688924
4,0.2,200,296,uniform,0.001261320071366306
4,0.2,200,297,complete_rollout,8.361416770127472e-05
4,0.2,200,297,tis,0.003141557489873829
4,0.2,200,297,uniform,0.0029094433105750737
4,0.2,200,298,complete_rollout,0.0003111016843197996
4,0.2,200,298,tis,0.0002048335248315669
4,0.2,200,298,uniform,0.001819764815877851
4,0.2,200,299,complete_rollout,4.804404207520017e-05
4,0.2,200,299,tis,0.00030161959638887154
4,0.2,200,299,uniform,0.007497645211614453
4,0.2,400,0,complete_rollout,2.227025531498402e-05
4,0.2,400,0,tis,0.0002532818434936816
4,0.2,400,0,uniform,0.0018725831475062532
4,0.2,400,1,complete_rollout,4.720174400352547e-05
4,0.2,400,1,tis,0.00026481005660783195
4,0.2,400,1,uniform,0.000648090791258777
4,0.2,400,2,complete_rollout,3.066891929819141e-05
4,0.2,400,2,tis,0.00022673892708995996
4,0.2,400,2,uniform,0.00038075308077862674
4,0.2,400,3,complete_rollout,1.2158517638236085e-05
4,0.2,400,3,tis,3.7518319160024475e-05
4,0.2,400,3,uniform,0.000616879044303195
4,0.2,400,4,complete_rollout,2.4705482925886185e-05
4,0.2,400,4,tis,0.0008393258261020864
4,0.2,400,4,uniform,0.0003549267508867468
4,0.2,400,5,complete_rollout,2.5948175885337886e-05
4,0.2,400,5,tis,0.00014688481031530784
4,0.2,400,5,uniform,0.0007750924587315266
4,0.2,400,6,complete_rollout,3.1264492222241e-05
4,0.2,400,6,tis,0.00021377707307165721
4,0.2,400,6,uniform,0.0006741809511111833
4,0.2,400,7,complete_rollout,8.19190327183464e-05
4,0.2,400,7,tis,0.0006995563342972695
4,0.2,400,7,uniform,0.0009407354151391997
4,0.2,400,8,complete_rollout,1.0591343375770882e-05
4,0.2,400,8,tis,6.108835488655144e-05
4,0.2,400,8,uniform,0.0003871274087068826
4,0.2,400,9,complete_rollout,4.6196935103867334e-05
4,0.2,400,9,tis,0.000784672368476335
4,0.2,400,9,uniform,0.0009956335192943797
4,0.2,400,10,complete_rollout,3.488964414756679e-05
4,0.2,400,10,tis,0.0003333871893890946
4,0.2,400,10,uniform,0.0009245710005740501
4,0.2,400,11,complete_rollout,4.125933921140861e-05
4,0.2,400,11,tis,9.200453877599614e-05
4,0.2,400,11,uniform,0.001001687672951623
4,0.2,400,12,complete_rollout,3.915732304022379e-05
4,0.2,400,12,tis,0.0003947568414942769
4,0.2,400,12,uniform,0.0025897261562277136
4,0.2,400,13,complete_rollout,3.922060781361722e-05
4,0.2,400,13,tis,0.00034251897206642577
4,0.2,400,13,uniform,0.0005643903712355905
4,0.2,400,14,complete_rollout,1.4136672770853765e-05
4,0.2,400,14,tis,0.00011607776647014182
4,0.2,400,14,uniform,0.0009335467685435793
4,0.2,400,15,complete_rollout,5.51293608923382e-05
4,0.2,400,15,tis,0.0004338657910174801
4,0.2,400,15,uniform,0.0013536027239084078
4,0.2,400,16,complete_rollout,2.29189379811413e-05
4,0.2,400,16,tis,0.0002334902326609804
4,0.2,400,16,uniform,0.0004773417149292432
4,0.2,400,17,complete_rollout,5.8155138817763424e-05
4,0.2,400,17,tis,5.796529604959574e-05
4,0.2,400,17,uniform,0.0013075296954369487
4,0.2,400,18,complete_rollout,3.471743301242046e-05
4,0.2,400,18,tis,9.16160629977657e-05
4,0.2,400,18,uniform,0.00046583360492645845
4,0.2,400,19,complete_rollout,4.1092467375009244e-05
4,0.2,400,19,tis,0.00022902968012180805
4,0.2,400,19,uniform,0.0004739791761519388
4,0.2,400,20,complete_rollout,5.066468149112927e-05
4,0.2,400,20,tis,0.0014258666471632167
4,0.2,400,20,uniform,0.00025170246491482026
4,0.2,400,21,complete_rollout,1.8885939368192623e-05
4,0.2,400,21,tis,0.00042531595539332587
4,0.2,400,21,uniform,0.0003515956127800916
4,0.2,400,22,complete_rollout,2.8516945675053862e-05
4,0.2,400,22,tis,8.487006806813132e-05
4,0.2,400,22,uniform,0.00045999611434650753
4,0.2,400,23,complete_rollout,2.390267498398978e-05
4,0.2,400,23,tis,0.00016003349313433156
4,0.2,400,23,uniform,0.0002148678703619812
4,0.2,400,24,complete_rollout,3.1518829344269216e-05
4,0.2,400,24,tis,0.00018612771235787033
4,0.2,400,24,uniform,0.0005032006651608109
4,0.2,400,25,complete_rollout,2.7131304102428147e-05
4,0.2,400,25,tis,0.000778614845194615
4,0.2,400,25,uniform,0.000828807653427245
4,0.2,400,26,complete_rollout,6.317201118611086e-05
4,0.2,400,26,tis,0.00015011481516010627
4,0.2,400,26,uniform,0.0005100823029771853
4,0.2,400,27,complete_rollout,1.4334656845676451e-05
4,0.2,400,27,tis,0.00018978144582970034
4,0.2,400,27,uniform,0.0014166162541534547
4,0.2,400,28,complete_rollout,9.34095100120292e-05
4,0.2,400,28,tis,0.00010465118581784462
4,0.2,400,28,uniform,0.0007415489243977959
4,0.2,400,29,complete_rollout,5.450378874985257e-05
4,0.2,400,29,tis,0.00047926706387529976
4,0.2,400,29,uniform,0.00035237629208303625
4,0.2,400,30,complete_rollout,7.615515375385438e-05
4,0.2,400,30,tis,4.6378682170835325e-05
4,0.2,400,30,uniform,0.002278044584935825
4,0.2,400,31,complete_rollout,0.00013878881846595897
4,0.2,400,31,tis,4.8057066866618603e-05
4,0.2,400,31,uniform,0.0007802945475831716
4,0.2,400,32,complete_rollout,0.0001425809888178845
4,0.2,400,32,tis,0.00017156994355479934
4,0.2,400,32,uniform,0.0006328083623919671
4,0.2,400,33,complete_rollout,3.679422625514773e-05
4,0.2,400,33,tis,0.00015292922407493233
4,0.2,400,33,uniform,0.0004705508861393224
4,0.2,400,34,complete_rollout,4.3894451723002676e-05
4,0.2,400,34,tis,0.00015190101160013738
4,0.2,400,34,uniform,0.00027311155617591634
4,0.2,400,35,complete_rollout,3.958027590435169e-05
4,0.2,400,35,tis,0.0002952145474460687
4,0.2,400,35,uniform,0.002782313344942346
4,0.2,400,36,complete_rollout,6.328537022776614e-05
4,0.2,400,36,tis,0.0001841160107797711
4,0.2,400,36,uniform,0.00036460751948863497
4,0.2,400,37,complete_rollout,4.6884865737329455e-05
4,0.2,400,37,tis,0.00022939071961353694
4,0.2,400,37,uniform,0.000698274326118749
4,0.2,400,38,complete_rollout,2.7273139240710106e-05
4,0.2,400,38,tis,0.0013145726580516216
4,0.2,400,38,uniform,0.0028403380794722747
4,0.2,400,39,complete_rollout,2.477780609036543e-05
4,0.2,400,39,tis,5.821010873475787e-05
4,0.2,400,39,uniform,0.002667910604172303
4,0.2,400,40,complete_rollout,2.447088834831648e-05
4,0.2,400,40,tis,0.00015292402678142048
4,0.2,400,40,uniform,0.0004566026119425536
4,0.2,400,41,complete_rollout,2.168823117410399e-05
4,0.2,400,41,tis,0.0007237003900733517
4,0.2,400,41,uniform,0.0008205343013017421
4,0.2,400,42,complete_rollout,0.0002633156143841193
4,0.2,400,42,tis,4.690996199830895e-05
4,0.2,400,42,uniform,0.000836558518891895
4,0.2,400,43,complete_rollout,0.00016190369796797825
4,0.2,400,43,tis,0.00011254463380928251
4,0.2,400,43,uniform,0.00022485698229675875
4,0.2,400,44,complete_rollout,2.753395112417238e-05
4,0.2,400,44,tis,0.0013048004910224118
4,0.2,400,44,uniform,0.0009183903858735292
4,0.2,400,45,complete_rollout,4.210137980452918e-05
4,0.2,400,45,tis,6.97864895773019e-05
4,0.2,400,45,uniform,0.000605686568709654
4,0.2,400,46,complete_rollout,2.717461795597659e-05
4,0.2,400,46,tis,0.0006467413378064109
4,0.2,400,46,uniform,0.00043430888996404604
4,0.2,400,47,complete_rollout,1.926476823502641e-05
4,0.2,400,47,tis,0.0021494384099256026
4,0.2,400,47,uniform,0.0011936231329314866
4,0.2,400,48,complete_rollout,4.136602387996028e-05
4,0.2,400,48,tis,0.00012076912947997044
4,0.2,400,48,uniform,0.004140157569483783
4,0.2,400,49,complete_rollout,1.99687728828396e-05
4,0.2,400,49,tis,0.00014304615332688393
4,0.2,400,49,uniform,0.000771389195191144
4,0.2,400,50,complete_rollout,8.605188903751066e-05
4,0.2,400,50,tis,0.00042286171913356695
4,0.2,400,50,uniform,0.0006887654853041954
4,0.2,400,51,complete_rollout,7.135369662403316e-05
4,0.2,400,51,tis,0.00016475060073718286
4,0.2,400,51,uniform,0.000535418093052962
4,0.2,400,52,complete_rollout,6.304668759580487e-05
4,0.2,400,52,tis,0.0013491102156254222
4,0.2,400,52,uniform,0.005528972231558636
4,0.2,400,53,complete_rollout,2.020553566758803e-05
4,0.2,400,53,tis,0.0002049989689973586
4,0.2,400,53,uniform,0.0006332270606444983
4,0.2,400,54,complete_rollout,5.156590648231909e-05
4,0.2,400,54,tis,0.00035731569982715134
4,0.2,400,54,uniform,0.0008591563925752324
4,0.2,400,55,complete_rollout,5.251493733030782e-05
4,0.2,400,55,tis,0.0014123249109626245
4,0.2,400,55,uniform,0.001900756609226606
4,0.2,400,56,complete_rollout,0.0001292815363148442
4,0.2,400,56,tis,7.326735415189245e-05
4,0.2,400,56,uniform,0.0022102824571534428
4,0.2,400,57,complete_rollout,0.00021440760666548858
4,0.2,400,57,tis,0.0005102211843378818
4,0.2,400,57,uniform,0.001272231456181763
4,0.2,400,58,complete_rollout,1.9820881914242725e-05
4,0.2,400,58,tis,3.904734987260266e-05
4,0.2,400,58,uniform,0.0017857995983818905
4,0.2,400,59,complete_rollout,1.9176824825566345e-05
4,0.2,400,59,tis,0.00011064164087631729
4,0.2,400,59,uniform,0.000383707259055807
4,0.2,400,60,complete_rollout,2.4338968877465226e-05
4,0.2,400,60,tis,0.00043169408271604646
4,0.2,400,60,uniform,0.0005502372697125987
4,0.2,400,61,complete_rollout,2.4074009925439428e-05
4,0.2,400,61,tis,0.00022788290021507962
4,0.2,400,61,uniform,0.000841552807498938
4,0.2,400,62,complete_rollout,9.66329478234731e-05
4,0.2,400,62,tis,6.382909872651457e-05
4,0.2,400,62,uniform,0.0011416941734839108
4,0.2,400,63,complete_rollout,9.64269879264325e-05
4,0.2,400,63,tis,4.657905498759786e-05
4,0.2,400,63,uniform,0.0010987411084375012
4,0.2,400,64,complete_rollout,3.4826527861604906e-05
4,0.2,400,64,tis,0.00013198867693594944
4,0.2,400,64,uniform,0.0004721299465742064
4,0.2,400,65,complete_rollout,4.998256982565472e-05
4,0.2,400,65,tis,8.269789258374113e-05
4,0.2,400,65,uniform,0.00048399852769158327
4,0.2,400,66,complete_rollout,2.9025854109590922e-05
4,0.2,400,66,tis,0.00019913617939525967
4,0.2,400,66,uniform,0.0003875754017711418
4,0.2,400,67,complete_rollout,1.9946985462548907e-05
4,0.2,400,67,tis,0.00014911710599705625
4,0.2,400,67,uniform,0.001232642619657555
4,0.2,400,68,complete_rollout,1.551918446598311e-05
4,0.2,400,68,tis,8.639550360740342e-05
4,0.2,400,68,uniform,0.00029426896533893225
4,0.2,400,69,complete_rollout,0.00017311174577468814
4,0.2,400,69,tis,0.00025101824016037736
4,0.2,400,69,uniform,0.000860953720765718
4,0.2,400,70,complete_rollout,3.448496145985756e-05
4,0.2,400,70,tis,0.00027694948078735244
4,0.2,400,70,uniform,0.001536766338846297
4,0.2,400,71,complete_rollout,3.1987814174358206e-05
4,0.2,400,71,tis,0.0012764413572947926
4,0.2,400,71,uniform,0.0004489742335777187
4,0.2,400,72,complete_rollout,4.543936823696114e-05
4,0.2,400,72,tis,0.00013475732689165055
4,0.2,400,72,uniform,0.0008951975414217579
4,0.2,400,73,complete_rollout,6.344265605217078e-05
4,0.2,400,73,tis,0.0007274272259445973
4,0.2,400,73,uniform,0.0005356030159243097
4,0.2,400,74,complete_rollout,4.253629509825941e-05
4,0.2,400,74,tis,6.558636230629928e-05
4,0.2,400,74,uniform,0.0007059290521678708
4,0.2,400,75,complete_rollout,9.979739629130967e-05
4,0.2,400,75,tis,0.0003003348943518013
4,0.2,400,75,uniform,0.0015548809936000915
4,0.2,400,76,complete_rollout,4.168369562776493e-05
4,0.2,400,76,tis,0.0005923754381711332
4,0.2,400,76,uniform,0.0003774089151948729
4,0.2,400,77,complete_rollout,0.0002689642587231587
4,0.2,400,77,tis,3.141217708632673e-05
4,0.2,400,77,uniform,0.0006572409061493059
4,0.2,400,78,complete_rollout,3.9436003414782786e-05
4,0.2,400,78,tis,0.0001585317478619755
4,0.2,400,78,uniform,0.0006006665487921638
4,0.2,400,79,complete_rollout,2.26981360771261e-05
4,0.2,400,79,tis,9.984781479993314e-05
4,0.2,400,79,uniform,0.0011392567453779136
4,0.2,400,80,complete_rollout,2.335988089218536e-05
4,0.2,400,80,tis,8.572000174494184e-05
4,0.2,400,80,uniform,0.0002611834653555059
4,0.2,400,81,complete_rollout,2.7531245198922938e-05
4,0.2,400,81,tis,5.4222642438898666e-05
4,0.2,400,81,uniform,0.0016631742615776319
4,0.2,400,82,complete_rollout,4.9566299463151426e-05
4,0.2,400,82,tis,0.0002576449234393633
4,0.2,400,82,uniform,0.0008661621985953021
4,0.2,400,83,complete_rollout,0.00019941102934846325
4,0.2,400,83,tis,0.0003372526654330592
4,0.2,400,83,uniform,0.0008709439218193196
4,0.2,400,84,complete_rollout,4.1096353361545985e-05
4,0.2,400,84,tis,0.0014456412607681628
4,0.2,400,84,uniform,0.0032330986758599407
4,0.2,400,85,complete_rollout,1.3793114224709601e-05
4,0.2,400,85,tis,0.0013831576347404812
4,0.2,400,85,uniform,0.001865605308249537
4,0.2,400,86,complete_rollout,5.0277082271792453e-05
4,0.2,400,86,tis,5.733406877530872e-05
4,0.2,400,86,uniform,0.000961441545552373
4,0.2,400,87,complete_rollout,4.605089009039833e-05
4,0.2,400,87,tis,8.408585104269466e-05
4,0.2,400,87,uniform,0.0029086490720916167
4,0.2,400,88,complete_rollout,0.00021806598522823852
4,0.2,400,88,tis,0.000328584784425799
4,0.2,400,88,uniform,0.0005835465437696609
4,0.2,400,89,complete_rollout,2.706726240916302e-05
4,0.2,400,89,tis,0.000149049710695295
4,0.2,400,89,uniform,0.00038881884570017556
4,0.2,400,90,complete_rollout,9.692253058395656e-05
4,0.2,400,90,tis,0.00011264175959222376
4,0.2,400,90,uniform,0.001256370020384083
4,0.2,400,91,complete_rollout,2.9750493979752155e-05
4,0.2,400,91,tis,0.0004482466029278303
4,0.2,400,91,uniform,0.0041114280532246516
4,0.2,400,92,complete_rollout,0.00012996663029455423
4,0.2,400,92,tis,0.0001327074009080089
4,0.2,400,92,uniform,0.0007115059918703896
4,0.2,400,93,complete_rollout,3.125095365848563e-05
4,0.2,400,93,tis,0.0003692273293178362
4,0.2,400,93,uniform,0.00031907697062887557
4,0.2,400,94,complete_rollout,5.3659551291180094e-05
4,0.2,400,94,tis,0.00015563501379719697
4,0.2,400,94,uniform,0.000566928957403154
4,0.2,400,95,complete_rollout,3.784570653923568e-05
4,0.2,400,95,tis,2.665982415092153e-05
4,0.2,400,95,uniform,0.0004878836506175588
4,0.2,400,96,complete_rollout,4.101529112506638e-05
4,0.2,400,96,tis,7.654925267718204e-05
4,0.2,400,96,uniform,0.002207250817489789
4,0.2,400,97,complete_rollout,0.00012288090028914978
4,0.2,400,97,tis,0.00031922852875724135
4,0.2,400,97,uniform,0.0014746419409723027
4,0.2,400,98,complete_rollout,3.1680377974410195e-05
4,0.2,400,98,tis,0.0007826412615509767
4,0.2,400,98,uniform,0.00040332958138383464
4,0.2,400,99,complete_rollout,5.0579569223195134e-05
4,0.2,400,99,tis,0.000255028870889231
4,0.2,400,99,uniform,0.0012479795814810486
4,0.2,400,100,complete_rollout,3.9720393673355287e-05
4,0.2,400,100,tis,3.464277418016144e-05
4,0.2,400,100,uniform,0.0007963252331167715
4,0.2,400,101,complete_rollout,2.11406888987257e-05
4,0.2,400,101,tis,0.0002715752489178485
4,0.2,400,101,uniform,0.0029835120906671966
4,0.2,400,102,complete_rollout,6.471410319493588e-05
4,0.2,400,102,tis,0.0010289597986510304
4,0.2,400,102,uniform,0.0013361300214999048
4,0.2,400,103,complete_rollout,3.0175777235234362e-05
4,0.2,400,103,tis,0.00018722400857649883
4,0.2,400,103,uniform,0.0025164444048894233
4,0.2,400,104,complete_rollout,0.00011774495776505966
4,0.2,400,104,tis,9.483545175692989e-05
4,0.2,400,104,uniform,0.000545738056455764
4,0.2,400,105,complete_rollout,2.796558854074143e-05
4,0.2,400,105,tis,0.00016578767051767063
4,0.2,400,105,uniform,0.0018423219839531538
4,0.2,400,106,complete_rollout,3.115210530150777e-05
4,0.2,400,106,tis,0.00012110005538178153
4,0.2,400,106,uniform,0.0008215143282941205
4,0.2,400,107,complete_rollout,6.071543969201828e-05
4,0.2,400,107,tis,0.0002589002247014667
4,0.2,400,107,uniform,0.003033397645519304
4,0.2,400,108,complete_rollout,0.00010089968751104196
4,0.2,400,108,tis,5.8414523328145305e-05
4,0.2,400,108,uniform,0.0008143883689917743
4,0.2,400,109,complete_rollout,5.9305289726039034e-05
4,0.2,400,109,tis,7.405126760143846e-05
4,0.2,400,109,uniform,0.00040219010756643885
4,0.2,400,110,complete_rollout,3.3853973727804574e-05
4,0.2,400,110,tis,0.00016810527374867793
4,0.2,400,110,uniform,0.0005701105744945675
4,0.2,400,111,complete_rollout,2.0674589090153213e-05
4,0.2,400,111,tis,0.00016218058365350798
4,0.2,400,111,uniform,0.0027098807372778052
4,0.2,400,112,complete_rollout,4.7924785342869814e-05
4,0.2,400,112,tis,0.0011283207386701515
4,0.2,400,112,uniform,0.00044528143006314873
4,0.2,400,113,complete_rollout,7.049874668652942e-05
4,0.2,400,113,tis,0.00020999381915190785
4,0.2,400,113,uniform,0.00041852802140382716
4,0.2,400,114,complete_rollout,7.779993733281341e-05
4,0.2,400,114,tis,0.00012979859336213878
4,0.2,400,114,uniform,0.0035899028894606356
4,0.2,400,115,complete_rollout,2.8130966976767227e-05
4,0.2,400,115,tis,0.0003084235546103165
4,0.2,400,115,uniform,0.004528253921368947
4,0.2,400,116,complete_rollout,5.1680576233868354e-05
4,0.2,400,116,tis,0.0004018237395552145
4,0.2,400,116,uniform,0.0005391388655164248
4,0.2,400,117,complete_rollout,3.721247131709425e-05
4,0.2,400,117,tis,0.0001238364991954751
4,0.2,400,117,uniform,0.0014228600194565824
4,0.2,400,118,complete_rollout,2.1701279103240822e-05
4,0.2,400,118,tis,8.633380579885988e-05
4,0.2,400,118,uniform,0.0012124899958857829
4,0.2,400,119,complete_rollout,3.0478495570871234e-05
4,0.2,400,119,tis,0.0008732633620932884
4,0.2,400,119,uniform,0.00023101535621483576
4,0.2,400,120,complete_rollout,4.9060618463671885e-05
4,0.2,400,120,tis,0.00013758614401197266
4,0.2,400,120,uniform,0.0005778751370491425
4,0.2,400,121,complete_rollout,6.418651913124946e-05
4,0.2,400,121,tis,0.0003586671166427494
4,0.2,400,121,uniform,0.0007446775148500313
4,0.2,400,122,complete_rollout,5.795486311483698e-05
4,0.2,400,122,tis,5.381062460682473e-05
4,0.2,400,122,uniform,0.0028456276753639665
4,0.2,400,123,complete_rollout,0.00011944930352553661
4,0.2,400,123,tis,0.00016384783126070302
4,0.2,400,123,uniform,0.00033821578637839686
4,0.2,400,124,complete_rollout,0.00010157512568583455
4,0.2,400,124,tis,6.998497040702916e-05
4,0.2,400,124,uniform,0.0005076569826117523
4,0.2,400,125,complete_rollout,6.091075494716592e-05
4,0.2,400,125,tis,9.642861958534961e-05
4,0.2,400,125,uniform,0.0006061157595375072
4,0.2,400,126,complete_rollout,3.23166773467306e-05
4,0.2,400,126,tis,0.000274010628284433
4,0.2,400,126,uniform,0.00029782420800557124
4,0.2,400,127,complete_rollout,2.810131354189005e-05
4,0.2,400,127,tis,6.350247915639791e-05
4,0.2,400,127,uniform,0.0003317283006146216
4,0.2,400,128,complete_rollout,2.7275167536992992e-05
4,0.2,400,128,tis,0.0008053491160116157
4,0.2,400,128,uniform,0.0017914758731693997
4,0.2,400,129,complete_rollout,4.9328598564060986e-05
4,0.2,400,129,tis,0.00011947153240340795
4,0.2,400,129,uniform,0.0004260661308501238
4,0.2,400,130,complete_rollout,1.0350484503551685e-05
4,0.2,400,130,tis,0.00024098377842736527
4,0.2,400,130,uniform,0.0013252688770434545
4,0.2,400,131,complete_rollout,5.294614737928366e-05
4,0.2,400,131,tis,6.905683955737261e-05
4,0.2,400,131,uniform,0.0005005711068033641
4,0.2,400,132,complete_rollout,2.8595014714135353e-05
4,0.2,400,132,tis,0.00015824672097257482
4,0.2,400,132,uniform,0.0004892196482007616
4,0.2,400,133,complete_rollout,3.875283400846599e-05
4,0.2,400,133,tis,0.0006292951963153872
4,0.2,400,133,uniform,0.0003974416950522003
4,0.2,400,134,complete_rollout,2.4367523254925953e-05
4,0.2,400,134,tis,6.0951409211113135e-05
4,0.2,400,134,uniform,0.0010611500274354732
4,0.2,400,135,complete_rollout,2.8111785760522914e-05
4,0.2,400,135,tis,0.00028641039220951505
4,0.2,400,135,uniform,0.0009327057475375476
4,0.2,400,136,complete_rollout,9.163071157749509e-05
4,0.2,400,136,tis,0.00026494967642246643
4,0.2,400,136,uniform,0.0013695255322413306
4,0.2,400,137,complete_rollout,1.4553585448204753e-05
4,0.2,400,137,tis,0.0001871320735931511
4,0.2,400,137,uniform,0.002362309384771423
4,0.2,400,138,complete_rollout,7.205375651990343e-05
4,0.2,400,138,tis,0.00014511418248049895
4,0.2,400,138,uniform,0.0006034537452260914
4,0.2,400,139,complete_rollout,7.759028276952408e-05
4,0.2,400,139,tis,0.00047513725825233454
4,0.2,400,139,uniform,0.001129655906463108
4,0.2,400,140,complete_rollout,4.2557773003098535e-05
4,0.2,400,140,tis,0.00024079083043581511
4,0.2,400,140,uniform,0.0007903747135062937
4,0.2,400,141,complete_rollout,1.753215171327353e-05
4,0.2,400,141,tis,4.921454840701006e-05
4,0.2,400,141,uniform,0.0008545651292162272
4,0.2,400,142,complete_rollout,2.1968725416024434e-05
4,0.2,400,142,tis,0.00019429195559549453
4,0.2,400,142,uniform,0.0037213166650531477
4,0.2,400,143,complete_rollout,3.733634928799561e-05
4,0.2,400,143,tis,0.0007414942292029573
4,0.2,400,143,uniform,0.002766239366678496
4,0.2,400,144,complete_rollout,0.00010495790510309304
4,0.2,400,144,tis,3.0756493833672836e-05
4,0.2,400,144,uniform,0.0012376171085391235
4,0.2,400,145,complete_rollout,1.4582371397405462e-05
4,0.2,400,145,tis,0.0004587952426089215
4,0.2,400,145,uniform,0.000950657847143056
4,0.2,400,146,complete_rollout,3.127132371139384e-05
4,0.2,400,146,tis,0.0002025187710541706
4,0.2,400,146,uniform,0.001350832098456026
4,0.2,400,147,complete_rollout,5.8888339598602693e-05
4,0.2,400,147,tis,0.0006340466206604795
4,0.2,400,147,uniform,0.0012039305120593675
4,0.2,400,148,complete_rollout,0.00012645856107819866
4,0.2,400,148,tis,0.0001306771873955967
4,0.2,400,148,uniform,0.0008311345842576235
4,0.2,400,149,complete_rollout,2.9155295711373853e-05
4,0.2,400,149,tis,0.00012019520729332986
4,0.2,400,149,uniform,0.0002731058965575217
4,0.2,400,150,complete_rollout,1.7701606658910446e-05
4,0.2,400,150,tis,0.00010120902434335466
4,0.2,400,150,uniform,0.00031256278019217747
4,0.2,400,151,complete_rollout,5.685619514411139e-05
4,0.2,400,151,tis,0.0004576518833217095
4,0.2,400,151,uniform,0.0015202331329977601
4,0.2,400,152,complete_rollout,9.632683201363667e-05
4,0.2,400,152,tis,7.150002765616431e-05
4,0.2,400,152,uniform,0.000614258614001522
4,0.2,400,153,complete_rollout,2.6936329152221606e-05
4,0.2,400,153,tis,0.0002482056620512643
4,0.2,400,153,uniform,0.0009997603226722677
4,0.2,400,154,complete_rollout,6.324908839917957e-05
4,0.2,400,154,tis,0.00014340596941074313
4,0.2,400,154,uniform,0.002624116849291002
4,0.2,400,155,complete_rollout,4.009930842988273e-05
4,0.2,400,155,tis,0.0006978953495132265
4,0.2,400,155,uniform,0.0006198523905892294
4,0.2,400,156,complete_rollout,4.7867262422362304e-05
4,0.2,400,156,tis,0.000387854909179587
4,0.2,400,156,uniform,0.0014336554479350964
4,0.2,400,157,complete_rollout,4.824109871656988e-05
4,0.2,400,157,tis,4.1126993553613906e-05
4,0.2,400,157,uniform,0.0003887840378017796
4,0.2,400,158,complete_rollout,0.0001848803093539676
4,0.2,400,158,tis,0.00273621687964054
4,0.2,400,158,uniform,0.002803129126029032
4,0.2,400,159,complete_rollout,1.528134484594347e-05
4,0.2,400,159,tis,0.0002524235475095538
4,0.2,400,159,uniform,0.0018135609676995011
4,0.2,400,160,complete_rollout,4.800608800641397e-05
4,0.2,400,160,tis,0.00022596015398891977
4,0.2,400,160,uniform,0.0019958054750490164
4,0.2,400,161,complete_rollout,0.00024687815648075643
4,0.2,400,161,tis,6.317295813768407e-05
4,0.2,400,161,uniform,0.00033917109181556246
4,0.2,400,162,complete_rollout,8.555728938876917e-05
4,0.2,400,162,tis,0.0001288009643258358
4,0.2,400,162,uniform,0.00017204198219503958
4,0.2,400,163,complete_rollout,3.3635265138303056e-05
4,0.2,400,163,tis,0.00020961064427115945
4,0.2,400,163,uniform,0.0013717155896003843
4,0.2,400,164,complete_rollout,7.248358917743235e-05
4,0.2,400,164,tis,0.0003776107984003652
4,0.2,400,164,uniform,0.0007224230657050667
4,0.2,400,165,complete_rollout,2.0278903742411146e-05
4,0.2,400,165,tis,0.00016697927261867206
4,0.2,400,165,uniform,0.0002931827387066472
4,0.2,400,166,complete_rollout,1.4271035356338867e-05
4,0.2,400,166,tis,0.00038465324722323157
4,0.2,400,166,uniform,0.0003812990068190545
4,0.2,400,167,complete_rollout,3.4562493023601496e-05
4,0.2,400,167,tis,0.0003185904130524532
4,0.2,400,167,uniform,0.002122187456241355
4,0.2,400,168,complete_rollout,2.8159395216226806e-05
4,0.2,400,168,tis,0.0009375112977434314
4,0.2,400,168,uniform,0.0011401184900224767
4,0.2,400,169,complete_rollout,1.4607786582745032e-05
4,0.2,400,169,tis,0.0013756508205706468
4,0.2,400,169,uniform,0.00047849790236415067
4,0.2,400,170,complete_rollout,3.5694901518890485e-05
4,0.2,400,170,tis,0.00022293429852831127
4,0.2,400,170,uniform,0.00027302440442241366
4,0.2,400,171,complete_rollout,7.762248082908093e-05
4,0.2,400,171,tis,0.0001374748340920182
4,0.2,400,171,uniform,0.0005670823157592756
4,0.2,400,172,complete_rollout,2.5626180786847625e-05
4,0.2,400,172,tis,3.7960144476306755e-05
4,0.2,400,172,uniform,0.00044968077545080236
4,0.2,400,173,complete_rollout,6.009942152760393e-05
4,0.2,400,173,tis,3.865550353393629e-05
4,0.2,400,173,uniform,0.0001642102249808204
4,0.2,400,174,complete_rollout,0.00011591336405098136
4,0.2,400,174,tis,0.0001104419034392249
4,0.2,400,174,uniform,0.001020975906526224
4,0.2,400,175,complete_rollout,4.3565739246179306e-05
4,0.2,400,175,tis,0.00047562060020535954
4,0.2,400,175,uniform,0.0007806152773402251
4,0.2,400,176,complete_rollout,7.339348148089074e-05
4,0.2,400,176,tis,0.00017597603066496522
4,0.2,400,176,uniform,0.0006415777657450573
4,0.2,400,177,complete_rollout,1.978403007401741e-05
4,0.2,400,177,tis,0.0003067148837873627
4,0.2,400,177,uniform,0.00037445535914978255
4,0.2,400,178,complete_rollout,6.188456115734616e-05
4,0.2,400,178,tis,0.0001243959754606878
4,0.2,400,178,uniform,0.000619269474529515
4,0.2,400,179,complete_rollout,1.3426897370599392e-05
4,0.2,400,179,tis,0.00023746220207008665
4,0.2,400,179,uniform,0.0017609418166937467
4,0.2,400,180,complete_rollout,8.756686570865074e-05
4,0.2,400,180,tis,0.000308729123605135
4,0.2,400,180,uniform,0.0039653818552813904
4,0.2,400,181,complete_rollout,4.272165282533327e-05
4,0.2,400,181,tis,0.00011638123517900494
4,0.2,400,181,uniform,0.0005674815337179599
4,0.2,400,182,complete_rollout,0.0002082504713792035
4,0.2,400,182,tis,0.0005077092047929081
4,0.2,400,182,uniform,0.0003558320960670004
4,0.2,400,183,complete_rollout,3.8869425476154685e-05
4,0.2,400,183,tis,0.0001155269305591623
4,0.2,400,183,uniform,0.0006281637680417331
4,0.2,400,184,complete_rollout,3.35941939925427e-05
4,0.2,400,184,tis,0.00011094594505401942
4,0.2,400,184,uniform,0.00039473716580586197
4,0.2,400,185,complete_rollout,4.663992140595498e-05
4,0.2,400,185,tis,0.00026779514471708655
4,0.2,400,185,uniform,0.0019516081321472648
4,0.2,400,186,complete_rollout,2.307833949539947e-05
4,0.2,400,186,tis,0.00017821795804321146
4,0.2,400,186,uniform,0.0026627937735749733
4,0.2,400,187,complete_rollout,2.138601038889815e-05
4,0.2,400,187,tis,0.00014876041909663197
4,0.2,400,187,uniform,0.000580611480220668
4,0.2,400,188,complete_rollout,4.1971194916626935e-05
4,0.2,400,188,tis,5.105093255268589e-05
4,0.2,400,188,uniform,0.0014546167054777738
4,0.2,400,189,complete_rollout,9.030093791826938e-05
4,0.2,400,189,tis,0.0002571239443040323
4,0.2,400,189,uniform,0.0008937094120171643
4,0.2,400,190,complete_rollout,4.4637619859990355e-05
4,0.2,400,190,tis,0.0001628029220885788
4,0.2,400,190,uniform,0.003206948355508926
4,0.2,400,191,complete_rollout,1.426026626953308e-05
4,0.2,400,191,tis,0.00041584882609603063
4,0.2,400,191,uniform,0.00030457684699789807
4,0.2,400,192,complete_rollout,6.53943669724562e-05
4,0.2,400,192,tis,3.5916681584673805e-05
4,0.2,400,192,uniform,0.0009445008641541536
4,0.2,400,193,complete_rollout,5.562848415807637e-05
4,0.2,400,193,tis,0.00039570803085839937
4,0.2,400,193,uniform,0.0004632616122991285
4,0.2,400,194,complete_rollout,2.2297821479756513e-05
4,0.2,400,194,tis,0.00010678057129135742
4,0.2,400,194,uniform,0.0008455767246380323
4,0.2,400,195,complete_rollout,0.00012189452244257376
4,0.2,400,195,tis,0.00014431856788844636
4,0.2,400,195,uniform,0.0023710364669612275
4,0.2,400,196,complete_rollout,5.2145896947517395e-05
4,0.2,400,196,tis,0.0003276257796033888
4,0.2,400,196,uniform,0.0006415522382421279
4,0.2,400,197,complete_rollout,2.077963972027944e-05
4,0.2,400,197,tis,0.00016832262462668796
4,0.2,400,197,uniform,0.0007106924518820906
4,0.2,400,198,complete_rollout,3.514324328872053e-05
4,0.2,400,198,tis,0.00024710949790465085
4,0.2,400,198,uniform,0.00029903501696579304
4,0.2,400,199,complete_rollout,7.266855454924928e-05
4,0.2,400,199,tis,0.00032018173515326845
4,0.2,400,199,uniform,0.00034634359404140996
4,0.2,400,200,complete_rollout,6.095321863190267e-05
4,0.2,400,200,tis,5.8833066916677004e-05
4,0.2,400,200,uniform,0.0005056182278638129
4,0.2,400,201,complete_rollout,4.8334203772311994e-05
4,0.2,400,201,tis,0.0003062994841360807
4,0.2,400,201,uniform,0.0011073945863816132
4,0.2,400,202,complete_rollout,2.459600935528134e-05
4,0.2,400,202,tis,0.000348865154615595
4,0.2,400,202,uniform,0.0002578771031953069
4,0.2,400,203,complete_rollout,2.8366834145326463e-05
4,0.2,400,203,tis,0.00025256728690921496
4,0.2,400,203,uniform,0.004109417934976466
4,0.2,400,204,complete_rollout,2.387456741886388e-05
4,0.2,400,204,tis,0.0021712591760579486
4,0.2,400,204,uniform,0.0007349974878430377
4,0.2,400,205,complete_rollout,8.706658889334737e-05
4,0.2,400,205,tis,0.000126054946201941
4,0.2,400,205,uniform,0.00022474842167887252
4,0.2,400,206,complete_rollout,4.9845083629426404e-05
4,0.2,400,206,tis,0.00026111116652286013
4,0.2,400,206,uniform,0.0008446449974233138
4,0.2,400,207,complete_rollout,0.00011999616004061228
4,0.2,400,207,tis,0.00017358953990573035
4,0.2,400,207,uniform,0.000457569129699123
4,0.2,400,208,complete_rollout,2.1662791589560147e-05
4,0.2,400,208,tis,0.0003420369956955024
4,0.2,400,208,uniform,0.0005419166161711164
4,0.2,400,209,complete_rollout,3.397179722340112e-05
4,0.2,400,209,tis,0.00037151001480474567
4,0.2,400,209,uniform,0.0002970964087907196
4,0.2,400,210,complete_rollout,2.8750396392636218e-05
4,0.2,400,210,tis,0.00023280135642788372
4,0.2,400,210,uniform,0.0005858970763596551
4,0.2,400,211,complete_rollout,1.9136865119030813e-05
4,0.2,400,211,tis,2.6733818676566083e-05
4,0.2,400,211,uniform,0.0004428992445445423
4,0.2,400,212,complete_rollout,3.9369412847810506e-05
4,0.2,400,212,tis,0.00016522121276059366
4,0.2,400,212,uniform,0.0014890114126399625
4,0.2,400,213,complete_rollout,3.2494288797762605e-05
4,0.2,400,213,tis,2.7541210653999923e-05
4,0.2,400,213,uniform,0.000838854816737567
4,0.2,400,214,complete_rollout,7.797402303683085e-05
4,0.2,400,214,tis,9.739152605825939e-05
4,0.2,400,214,uniform,0.0015908988053394645
4,0.2,400,215,complete_rollout,2.114021507813344e-05
4,0.2,400,215,tis,4.749135593770025e-05
4,0.2,400,215,uniform,0.000898877038349273
4,0.2,400,216,complete_rollout,0.00012251970732611017
4,0.2,400,216,tis,0.0002471722109393507
4,0.2,400,216,uniform,0.0010085057865120786
4,0.2,400,217,complete_rollout,4.892602006977651e-05
4,0.2,400,217,tis,0.0002300106091897791
4,0.2,400,217,uniform,0.0007786807700134264
4,0.2,400,218,complete_rollout,5.35895681514738e-05
4,0.2,400,218,tis,6.560007693212457e-05
4,0.2,400,218,uniform,0.0005242921421176707
4,0.2,400,219,complete_rollout,5.972976253056581e-05
4,0.2,400,219,tis,0.0003964887824776562
4,0.2,400,219,uniform,0.0007674083185747129
4,0.2,400,220,complete_rollout,6.655272726317236e-05
4,0.2,400,220,tis,0.0002942546923394546
4,0.2,400,220,uniform,0.002321686425909842
4,0.2,400,221,complete_rollout,3.38513224599132e-05
4,0.2,400,221,tis,0.00010553899867072831
4,0.2,400,221,uniform,0.0010649515672712746
4,0.2,400,222,complete_rollout,2.8901974272991706e-05
4,0.2,400,222,tis,0.00031273574447064986
4,0.2,400,222,uniform,0.0007287856917210155
4,0.2,400,223,complete_rollout,0.00042411010964292083
4,0.2,400,223,tis,4.159017108589422e-05
4,0.2,400,223,uniform,0.0008733575424815336
4,0.2,400,224,complete_rollout,5.821236012568405e-05
4,0.2,400,224,tis,0.00016604681506627244
4,0.2,400,224,uniform,0.0010812326691514043
4,0.2,400,225,complete_rollout,2.414872757167241e-05
4,0.2,400,225,tis,0.0001626166459138935
4,0.2,400,225,uniform,0.0006947108433649368
4,0.2,400,226,complete_rollout,4.067317574236555e-05
4,0.2,400,226,tis,0.00014799554768007305
4,0.2,400,226,uniform,0.0012252681460157692
4,0.2,400,227,complete_rollout,9.10003158879132e-05
4,0.2,400,227,tis,0.00016854942615694577
4,0.2,400,227,uniform,0.0008022805123214333
4,0.2,400,228,complete_rollout,2.8498820685631592e-05
4,0.2,400,228,tis,0.00041594153108522996
4,0.2,400,228,uniform,0.00020801747253731923
4,0.2,400,229,complete_rollout,2.5967769616928333e-05
4,0.2,400,229,tis,0.0002158283493918008
4,0.2,400,229,uniform,0.0005374652364923946
4,0.2,400,230,complete_rollout,3.64088935915574e-05
4,0.2,400,230,tis,0.00016796650051762656
4,0.2,400,230,uniform,0.004764527320157109
4,0.2,400,231,complete_rollout,5.062485426803878e-05
4,0.2,400,231,tis,6.740054125160985e-05
4,0.2,400,231,uniform,0.0004503078730650057
4,0.2,400,232,complete_rollout,0.00011316383816582391
4,0.2,400,232,tis,0.00020518896853499692
4,0.2,400,232,uniform,0.00024802717299292896
4,0.2,400,233,complete_rollout,5.8820222684642105e-05
4,0.2,400,233,tis,2.6712557775910953e-05
4,0.2,400,233,uniform,0.0031198952758191277
4,0.2,400,234,complete_rollout,2.8296639681983407e-05
4,0.2,400,234,tis,5.052811832401272e-05
4,0.2,400,234,uniform,0.0006695516932699943
4,0.2,400,235,complete_rollout,4.237113713518874e-05
4,0.2,400,235,tis,0.0003181794927367768
4,0.2,400,235,uniform,0.0015104271784119976
4,0.2,400,236,complete_rollout,3.320131822383417e-05
4,0.2,400,236,tis,0.00014073924622839536
4,0.2,400,236,uniform,0.0012267412022991613
4,0.2,400,237,complete_rollout,2.1713655767643905e-05
4,0.2,400,237,tis,0.00021527433150430952
4,0.2,400,237,uniform,0.0011852751580569004
4,0.2,400,238,complete_rollout,4.921195668274438e-05
4,0.2,400,238,tis,0.00017206968334989713
4,0.2,400,238,uniform,0.0002747283311563597
4,0.2,400,239,complete_rollout,4.250005928380675e-05
4,0.2,400,239,tis,0.0002926703632934397
4,0.2,400,239,uniform,0.0016850308071611484
4,0.2,400,240,complete_rollout,1.7263083390816364e-05
4,0.2,400,240,tis,0.00011992108690636046
4,0.2,400,240,uniform,0.0006063939990316922
4,0.2,400,241,complete_rollout,3.6082425127093574e-05
4,0.2,400,241,tis,4.148268871864971e-05
4,0.2,400,241,uniform,0.00038636145989381687
4,0.2,400,242,complete_rollout,2.2455368521924857e-05
4,0.2,400,242,tis,3.335718633133678e-05
4,0.2,400,242,uniform,0.0005174820384495142
4,0.2,400,243,complete_rollout,6.246394387652535e-05
4,0.2,400,243,tis,0.00010373352057368429
4,0.2,400,243,uniform,0.001710940317411417
4,0.2,400,244,complete_rollout,2.7421309691007993e-05
4,0.2,400,244,tis,0.0019135568694240888
4,0.2,400,244,uniform,0.00264526186696024
4,0.2,400,245,complete_rollout,6.050584571384212e-05
4,0.2,400,245,tis,0.00021397661928573597
4,0.2,400,245,uniform,0.0012657739459174702
4,0.2,400,246,complete_rollout,6.568496040698014e-05
4,0.2,400,246,tis,8.436722199401624e-05
4,0.2,400,246,uniform,0.0002879812840728093
4,0.2,400,247,complete_rollout,4.005599219611164e-05
4,0.2,400,247,tis,0.0009221394973641789
4,0.2,400,247,uniform,0.0007615070639092176
4,0.2,400,248,complete_rollout,2.209261527038492e-05
4,0.2,400,248,tis,0.0002977824955134003
4,0.2,400,248,uniform,0.0025306276391521497
4,0.2,400,249,complete_rollout,2.475902327695265e-05
4,0.2,400,249,tis,0.0006518717747666209
4,0.2,400,249,uniform,0.002965162742113677
4,0.2,400,250,complete_rollout,0.00014353235173711758
4,0.2,400,250,tis,7.170572045728906e-05
4,0.2,400,250,uniform,0.0005464511302234313
4,0.2,400,251,complete_rollout,1.644659006501143e-05
4,0.2,400,251,tis,0.00026302117396113884
4,0.2,400,251,uniform,0.0008957910204125856
4,0.2,400,252,complete_rollout,4.653594736263908e-05
4,0.2,400,252,tis,0.00028093047617215594
4,0.2,400,252,uniform,0.000940609700137972
4,0.2,400,253,complete_rollout,2.5763089902207597e-05
4,0.2,400,253,tis,0.00028700339475509805
4,0.2,400,253,uniform,0.0005429658024436166
4,0.2,400,254,complete_rollout,5.9458383884565065e-05
4,0.2,400,254,tis,0.001452525233174892
4,0.2,400,254,uniform,0.0025060127854600396
4,0.2,400,255,complete_rollout,4.4616562351846324e-05
4,0.2,400,255,tis,4.915179103648804e-05
4,0.2,400,255,uniform,0.0007675395198478153
4,0.2,400,256,complete_rollout,1.6567443663943233e-05
4,0.2,400,256,tis,5.2201582884732164e-05
4,0.2,400,256,uniform,0.0006595307808707312
4,0.2,400,257,complete_rollout,2.499846687667445e-05
4,0.2,400,257,tis,0.0002144567522347088
4,0.2,400,257,uniform,0.0008270040470302153
4,0.2,400,258,complete_rollout,3.717117201469718e-05
4,0.2,400,258,tis,0.0001404641337546092
4,0.2,400,258,uniform,0.0005640702673125028
4,0.2,400,259,complete_rollout,3.984367946534959e-05
4,0.2,400,259,tis,0.00022622103205828599
4,0.2,400,259,uniform,0.0007572239337861905
4,0.2,400,260,complete_rollout,6.771466190398568e-05
4,0.2,400,260,tis,0.00033740553683291117
4,0.2,400,260,uniform,0.0004128576485855349
4,0.2,400,261,complete_rollout,1.3264948138109142e-05
4,0.2,400,261,tis,0.00016393964235733525
4,0.2,400,261,uniform,0.00042924156069410233
4,0.2,400,262,complete_rollout,2.1805464720224256e-05
4,0.2,400,262,tis,0.0001686332629559438
4,0.2,400,262,uniform,0.0013466269137507188
4,0.2,400,263,complete_rollout,0.00017148076784651654
4,0.2,400,263,tis,0.00014798105142179788
4,0.2,400,263,uniform,0.0002424936118294626
4,0.2,400,264,complete_rollout,0.00011183978764421736
4,0.2,400,264,tis,0.00028406126887051803
4,0.2,400,264,uniform,0.0004903685145750166
4,0.2,400,265,complete_rollout,7.198330335362972e-05
4,0.2,400,265,tis,9.995044032813474e-05
4,0.2,400,265,uniform,0.0014040229155441784
4,0.2,400,266,complete_rollout,2.6770872038630965e-05
4,0.2,400,266,tis,3.6586962711027696e-05
4,0.2,400,266,uniform,0.0003642738081270471
4,0.2,400,267,complete_rollout,0.0001299574603501913
4,0.2,400,267,tis,0.00010319104947921339
4,0.2,400,267,uniform,0.0005950218534436672
4,0.2,400,268,complete_rollout,2.3909108313148358e-05
4,0.2,400,268,tis,7.9188262418697e-05
4,0.2,400,268,uniform,0.0014596514515938003
4,0.2,400,269,complete_rollout,5.7197946357062825e-05
4,0.2,400,269,tis,0.000177261618884287
4,0.2,400,269,uniform,0.001478611247457068
4,0.2,400,270,complete_rollout,6.436765612483936e-05
4,0.2,400,270,tis,0.0001048982875771338
4,0.2,400,270,uniform,0.0010430415371358586
4,0.2,400,271,complete_rollout,2.8539144131874776e-05
4,0.2,400,271,tis,0.00016126825615317582
4,0.2,400,271,uniform,0.0006291792028388641
4,0.2,400,272,complete_rollout,3.2176192361478185e-05
4,0.2,400,272,tis,0.00039279471639589147
4,0.2,400,272,uniform,0.0006154120695319019
4,0.2,400,273,complete_rollout,6.609353888766816e-05
4,0.2,400,273,tis,0.0003195627019133458
4,0.2,400,273,uniform,0.0009115529310317204
4,0.2,400,274,complete_rollout,4.309040814853936e-05
4,0.2,400,274,tis,5.692026710321643e-05
4,0.2,400,274,uniform,0.0006779258302681693
4,0.2,400,275,complete_rollout,1.3993248173373155e-05
4,0.2,400,275,tis,0.0009256662067429277
4,0.2,400,275,uniform,0.002811011917407035
4,0.2,400,276,complete_rollout,0.00013277048323794092
4,0.2,400,276,tis,8.365807982408773e-05
4,0.2,400,276,uniform,0.001699408786460147
4,0.2,400,277,complete_rollout,3.110855510178978e-05
4,0.2,400,277,tis,0.0002122831069429489
4,0.2,400,277,uniform,0.0012258012883421601
4,0.2,400,278,complete_rollout,3.527101040679781e-05
4,0.2,400,278,tis,5.766594007393567e-05
4,0.2,400,278,uniform,0.00043095119838590303
4,0.2,400,279,complete_rollout,3.854280457024629e-05
4,0.2,400,279,tis,4.005907434327046e-05
4,0.2,400,279,uniform,0.0017136401982001713
4,0.2,400,280,complete_rollout,0.00012576545418240882
4,0.2,400,280,tis,0.0012064849060264746
4,0.2,400,280,uniform,0.0023715314256769386
4,0.2,400,281,complete_rollout,2.856298770984307e-05
4,0.2,400,281,tis,0.0002516532824437844
4,0.2,400,281,uniform,0.0010999893539511251
4,0.2,400,282,complete_rollout,8.595771946822044e-05
4,0.2,400,282,tis,0.001484644917089007
4,0.2,400,282,uniform,0.00041883772086753795
4,0.2,400,283,complete_rollout,2.4550066419449446e-05
4,0.2,400,283,tis,0.00010813819527445778
4,0.2,400,283,uniform,0.00048823611356594947
4,0.2,400,284,complete_rollout,3.32499578710756e-05
4,0.2,400,284,tis,0.0003804036106987409
4,0.2,400,284,uniform,0.001990440490979792
4,0.2,400,285,complete_rollout,4.463106309091379e-05
4,0.2,400,285,tis,0.00021624578957988287
4,0.2,400,285,uniform,0.0014239150175829373
4,0.2,400,286,complete_rollout,3.20358684102397e-05
4,0.2,400,286,tis,0.0002839519961885006
4,0.2,400,286,uniform,0.0004904090492656619
4,0.2,400,287,complete_rollout,3.857360709493563e-05
4,0.2,400,287,tis,0.0014183047698522434
4,0.2,400,287,uniform,0.0007455795718133125
4,0.2,400,288,complete_rollout,2.2445284961352603e-05
4,0.2,400,288,tis,0.00039858374642664227
4,0.2,400,288,uniform,0.0011786670566486033
4,0.2,400,289,complete_rollout,7.897840024426034e-05
4,0.2,400,289,tis,0.0001096405255843818
4,0.2,400,289,uniform,0.0003567255367105023
4,0.2,400,290,complete_rollout,4.7606535317225956e-05
4,0.2,400,290,tis,0.0002153188932796112
4,0.2,400,290,uniform,0.0001704402204426763
4,0.2,400,291,complete_rollout,8.678373170739275e-05
4,0.2,400,291,tis,2.8454592058710854e-05
4,0.2,400,291,uniform,0.0004143635690276398
4,0.2,400,292,complete_rollout,4.700082442873285e-05
4,0.2,400,292,tis,0.00016752030992662695
4,0.2,400,292,uniform,0.00044948537690380614
4,0.2,400,293,complete_rollout,3.2879197855440095e-05
4,0.2,400,293,tis,0.00017711859303752982
4,0.2,400,293,uniform,0.00047004611574137434
4,0.2,400,294,complete_rollout,7.24439402643811e-05
4,0.2,400,294,tis,4.9897551328895325e-05
4,0.2,400,294,uniform,0.0012571458070021358
4,0.2,400,295,complete_rollout,3.5357312548888674e-05
4,0.2,400,295,tis,0.00028954180054492986
4,0.2,400,295,uniform,0.000390418506312446
4,0.2,400,296,complete_rollout,0.00010215915907868071
4,0.2,400,296,tis,0.0003664480478769947
4,0.2,400,296,uniform,0.0005206232005096584
4,0.2,400,297,complete_rollout,2.0079191704616627e-05
4,0.2,400,297,tis,9.077583942359815e-05
4,0.2,400,297,uniform,0.0004445200009537353
4,0.2,400,298,complete_rollout,0.00010653027156593406
4,0.2,400,298,tis,0.0012999624136845243
4,0.2,400,298,uniform,0.00046332350322013225
4,0.2,400,299,complete_rollout,1.843655769115591e-05
4,0.2,400,299,tis,0.00019262873172369666
4,0.2,400,299,uniform,0.00037798204381179454
6,0.1,50,0,complete_rollout,0.0005337452317663639
6,0.1,50,0,tis,0.007933219665064505
6,0.1,50,0,uniform,0.011137718957241657
6,0.1,50,1,complete_rollout,0.0006180404886288073
6,0.1,50,1,tis,0.01014177360148372
6,0.1,50,1,uniform,0.020730669047070202
6,0.1,50,2,complete_rollout,0.0015481109533325066
6,0.1,50,2,tis,0.008481424644928745
6,0.1,50,2,uniform,0.011121717163547774
6,0.1,50,3,complete_rollout,0.0006672256622264122
6,0.1,50,3,tis,0.02786995333973043
6,0.1,50,3,uniform,0.005274223138004032
6,0.1,50,4,complete_rollout,0.0006162236253683202
6,0.1,50,4,tis,0.03259202562413803
6,0.1,50,4,uniform,0.03838827028555139
6,0.1,50,5,complete_rollout,0.001463070660334853
6,0.1,50,5,tis,0.015409978596214161
6,0.1,50,5,uniform,0.004354645246968689
6,0.1,50,6,complete_rollout,0.0011892493409055066
6,0.1,50,6,tis,0.006776487900526713
6,0.1,50,6,uniform,0.007770081214732401
6,0.1,50,7,complete_rollout,0.0011166252853244993
6,0.1,50,7,tis,0.018464184450367734
6,0.1,50,7,uniform,0.012418681749012773
6,0.1,50,8,complete_rollout,0.0010711395800074085
6,0.1,50,8,tis,0.009553682797691938
6,0.1,50,8,uniform,0.017959723496448893
6,0.1,50,9,complete_rollout,0.0011835597604999142
6,0.1,50,9,tis,0.016109502620138102
6,0.1,50,9,uniform,0.01340678879400957
6,0.1,50,10,complete_rollout,0.0008253848384857458
6,0.1,50,10,tis,0.006855303252331225
6,0.1,50,10,uniform,0.02398809884688133
6,0.1,50,11,complete_rollout,0.000862539596478341
6,0.1,50,11,tis,0.014604904914567472
6,0.1,50,11,uniform,0.013657695456132305
6,0.1,50,12,complete_rollout,0.000816192209203299
6,0.1,50,12,tis,0.013546498193665754
6,0.1,50,12,uniform,0.008169285883152216
6,0.1,50,13,complete_rollout,0.0011212130480586075
6,0.1,50,13,tis,0.007225608513208129
6,0.1,50,13,uniform,0.005617897462985342
6,0.1,50,14,complete_rollout,0.001237647994719015
6,0.1,50,14,tis,0.014348095992877641
6,0.1,50,14,uniform,0.015852901698652284
6,0.1,50,15,complete_rollout,0.0016042049077665279
6,0.1,50,15,tis,0.04998478713845004
6,0.1,50,15,uniform,0.01597139969909826
6,0.1,50,16,complete_rollout,0.0015135847874923436
6,0.1,50,16,tis,0.018009073217300314
6,0.1,50,16,uniform,0.018388648454501146
6,0.1,50,17,complete_rollout,0.0008081139800873968
6,0.1,50,17,tis,0.014967430625300964
6,0.1,50,17,uniform,0.027771251689706265
6,0.1,50,18,complete_rollout,0.0007833089144094468
6,0.1,50,18,tis,0.016868259226087888
6,0.1,50,18,uniform,0.013982656098169326
6,0.1,50,19,complete_rollout,0.0013956300200462254
6,0.1,50,19,tis,0.02895166386828881
6,0.1,50,19,uniform,0.005258014371277428
6,0.1,50,20,complete_rollout,0.0010561475272601406
6,0.1,50,20,tis,0.00489043825843807
6,0.1,50,20,uniform,0.005579234590656477
6,0.1,50,21,complete_rollout,0.0009834705458919414
6,0.1,50,21,tis,0.03810709575927418
6,0.1,50,21,uniform,0.037549424057631356
6,0.1,50,22,complete_rollout,0.0016397521816652143
6,0.1,50,22,tis,0.008376702871237759
6,0.1,50,22,uniform,0.024884599684263896
6,0.1,50,23,complete_rollout,0.0015531682856294831
6,0.1,50,23,tis,0.00588348159138543
6,0.1,50,23,uniform,0.009445609980473899
6,0.1,50,24,complete_rollout,0.002508543813207338
6,0.1,50,24,tis,0.056722742442166046
6,0.1,50,24,uniform,0.010572069297707114
6,0.1,50,25,complete_rollout,0.0018169851545280758
6,0.1,50,25,tis,0.019869536730419222
6,0.1,50,25,uniform,0.01839469434634465
6,0.1,50,26,complete_rollout,0.0006643114214244479
6,0.1,50,26,tis,0.005336332901303023
6,0.1,50,26,uniform,0.02677543325118322
6,0.1,50,27,complete_rollout,0.001598249679612487
6,0.1,50,27,tis,0.03542373813112882
6,0.1,50,27,uniform,0.01461797305318705
6,0.1,50,28,complete_rollout,0.0016308883450797604
6,0.1,50,28,tis,0.016407006927053297
6,0.1,50,28,uniform,0.02169757202971072
6,0.1,50,29,complete_rollout,0.0010315625679330894
6,0.1,50,29,tis,0.012911651620576265
6,0.1,50,29,uniform,0.011103346587256669
6,0.1,50,30,complete_rollout,0.0006799232607251329
6,0.1,50,30,tis,0.012114893539912856
6,0.1,50,30,uniform,0.01649646921563323
6,0.1,50,31,complete_rollout,0.00119250509840341
6,0.1,50,31,tis,0.013849162044284833
6,0.1,50,31,uniform,0.023699778094288217
6,0.1,50,32,complete_rollout,0.001264836223874723
6,0.1,50,32,tis,0.009402590870374532
6,0.1,50,32,uniform,0.003521442599439664
6,0.1,50,33,complete_rollout,0.000815747026651141
6,0.1,50,33,tis,0.013564694185354248
6,0.1,50,33,uniform,0.04183094217835996
6,0.1,50,34,complete_rollout,0.001132820923051376
6,0.1,50,34,tis,0.01572092311222284
6,0.1,50,34,uniform,0.01826216434918822
6,0.1,50,35,complete_rollout,0.0012234351998792945
6,0.1,50,35,tis,0.019178088753815988
6,0.1,50,35,uniform,0.015175669744448844
6,0.1,50,36,complete_rollout,0.0017389019219544507
6,0.1,50,36,tis,0.0077346899052204085
6,0.1,50,36,uniform,0.007572505095095765
6,0.1,50,37,complete_rollout,0.0012187522297611923
6,0.1,50,37,tis,0.017785494738715706
6,0.1,50,37,uniform,0.02352975840533469
6,0.1,50,38,complete_rollout,0.0012179421097877742
6,0.1,50,38,tis,0.018276429294133954
6,0.1,50,38,uniform,0.014535696476337782
6,0.1,50,39,complete_rollout,0.0016083274510901913
6,0.1,50,39,tis,0.005626521105530415
6,0.1,50,39,uniform,0.02573623395952277
6,0.1,50,40,complete_rollout,0.0010274160902607448
6,0.1,50,40,tis,0.0317294938167284
6,0.1,50,40,uniform,0.01485682285796706
6,0.1,50,41,complete_rollout,0.0006444988671048054
6,0.1,50,41,tis,0.0093512974654902
6,0.1,50,41,uniform,0.009404002605134966
6,0.1,50,42,complete_rollout,0.0024009421606117987
6,0.1,50,42,tis,0.0034445979457319153
6,0.1,50,42,uniform,0.005708253161953816
6,0.1,50,43,complete_rollout,0.001082702622140027
6,0.1,50,43,tis,0.0069941329006947325
6,0.1,50,43,uniform,0.012233380494841111
6,0.1,50,44,complete_rollout,0.0006700020999186016
6,0.1,50,44,tis,0.01848656824527508
6,0.1,50,44,uniform,0.019690243837100094
6,0.1,50,45,complete_rollout,0.0009205034060747278
6,0.1,50,45,tis,0.022734544926327864
6,0.1,50,45,uniform,0.015224106185769923
6,0.1,50,46,complete_rollout,0.002128753743063687
6,0.1,50,46,tis,0.005055132362563609
6,0.1,50,46,uniform,0.009763723865126719
6,0.1,50,47,complete_rollout,0.0015046590553987973
6,0.1,50,47,tis,0.005780551288650742
6,0.1,50,47,uniform,0.014751272052004846
6,0.1,50,48,complete_rollout,0.001014324344435015
6,0.1,50,48,tis,0.021457457312256893
6,0.1,50,48,uniform,0.015037082769193728
6,0.1,50,49,complete_rollout,0.0007636155567435476
6,0.1,50,49,tis,0.008581988419704251
6,0.1,50,49,uniform,0.008694900020307693
6,0.1,50,50,complete_rollout,0.0009577985138480646
6,0.1,50,50,tis,0.006056582977574947
6,0.1,50,50,uniform,0.024080588723404003
6,0.1,50,51,complete_rollout,0.0007454042897064908
6,0.1,50,51,tis,0.04477948311131678
6,0.1,50,51,uniform,0.008594162166748217
6,0.1,50,52,complete_rollout,0.0010774327194415414
6,0.1,50,52,tis,0.00348947881245986
6,0.1,50,52,uniform,0.021822734167396524
6,0.1,50,53,complete_rollout,0.0009002318176827657
6,0.1,50,53,tis,0.01049433719358584
6,0.1,50,53,uniform,0.08139689675818253
6,0.1,50,54,complete_rollout,0.001365970010335155
6,0.1,50,54,tis,0.020305227843392733
6,0.1,50,54,uniform,0.017279830452846343
6,0.1,50,55,complete_rollout,0.0009740629213349956
6,0.1,50,55,tis,0.0025352678236992584
6,0.1,50,55,uniform,0.0059601169142464985
6,0.1,50,56,complete_rollout,0.001164980150080926
6,0.1,50,56,tis,0.01013005857128435
6,0.1,50,56,uniform,0.011610474225715166
6,0.1,50,57,complete_rollout,0.0016561600327418466
6,0.1,50,57,tis,0.017872839445148572
6,0.1,50,57,uniform,0.04328917106451032
6,0.1,50,58,complete_rollout,0.0012482846833634003
6,0.1,50,58,tis,0.008182070302863014
6,0.1,50,58,uniform,0.014249240001045514
6,0.1,50,59,complete_rollout,0.0007712581650129959
6,0.1,50,59,tis,0.007201096626871689
6,0.1,50,59,uniform,0.06554570510812391
6,0.1,50,60,complete_rollout,0.0012107122821621505
6,0.1,50,60,tis,0.009704229112711795
6,0.1,50,60,uniform,0.02387531823548246
6,0.1,50,61,complete_rollout,0.0006498154270221846
6,0.1,50,61,tis,0.010458794207741075
6,0.1,50,61,uniform,0.04264422007336871
6,0.1,50,62,complete_rollout,0.0015976983994294503
6,0.1,50,62,tis,0.014178558082147288
6,0.1,50,62,uniform,0.00686816868798933
6,0.1,50,63,complete_rollout,0.0006735869448420343
6,0.1,50,63,tis,0.014027901227516949
6,0.1,50,63,uniform,0.011887745494149081
6,0.1,50,64,complete_rollout,0.0009760008333402635
6,0.1,50,64,tis,0.009212620516242085
6,0.1,50,64,uniform,0.009421762035919445
6,0.1,50,65,complete_rollout,0.0014338064190076313
6,0.1,50,65,tis,0.04089620042902614
6,0.1,50,65,uniform,0.009179309433987495
6,0.1,50,66,complete_rollout,0.001043374393336396
6,0.1,50,66,tis,0.01578851694259484
6,0.1,50,66,uniform,0.021632067687797123
6,0.1,50,67,complete_rollout,0.001478318737854493
6,0.1,50,67,tis,0.0035141944053267015
6,0.1,50,67,uniform,0.012189134137957459
6,0.1,50,68,complete_rollout,0.0007193970058054984
6,0.1,50,68,tis,0.01444772369042255
6,0.1,50,68,uniform,0.010109963088834962
6,0.1,50,69,complete_rollout,0.0009499878197516687
6,0.1,50,69,tis,0.007963640505950276
6,0.1,50,69,uniform,0.008376832104017268
6,0.1,50,70,complete_rollout,0.0013181693721629776
6,0.1,50,70,tis,0.026381314400837897
6,0.1,50,70,uniform,0.02710594669516408
6,0.1,50,71,complete_rollout,0.0013070989903481848
6,0.1,50,71,tis,0.014325078660861199
6,0.1,50,71,uniform,0.010846326359186783
6,0.1,50,72,complete_rollout,0.000738516199601184
6,0.1,50,72,tis,0.015170387344185451
6,0.1,50,72,uniform,0.03387558732179941
6,0.1,50,73,complete_rollout,0.0013535294897647223
6,0.1,50,73,tis,0.0381579900247832
6,0.1,50,73,uniform,0.008810664906740503
6,0.1,50,74,complete_rollout,0.0007946535509962538
6,0.1,50,74,tis,0.009088078087370693
6,0.1,50,74,uniform,0.008517197210424439
6,0.1,50,75,complete_rollout,0.0019881684881404046
6,0.1,50,75,tis,0.005811528841817251
6,0.1,50,75,uniform,0.017614177572500184
6,0.1,50,76,complete_rollout,0.0008154768309548876
6,0.1,50,76,tis,0.028618430333003694
6,0.1,50,76,uniform,0.010609206476854338
6,0.1,50,77,complete_rollout,0.0008048908623709944
6,0.1,50,77,tis,0.03634764648483821
6,0.1,50,77,uniform,0.030925674468209808
6,0.1,50,78,complete_rollout,0.0011863868761545545
6,0.1,50,78,tis,0.00829557630868347
6,0.1,50,78,uniform,0.007762485408187362
6,0.1,50,79,complete_rollout,0.0018297363180774442
6,0.1,50,79,tis,0.012643454418317268
6,0.1,50,79,uniform,0.013203145594572877
6,0.1,50,80,complete_rollout,0.0027298835762096093
6,0.1,50,80,tis,0.02050634829196753
6,0.1,50,80,uniform,0.012839806393123486
6,0.1,50,81,complete_rollout,0.000849769894758595
6,0.1,50,81,tis,0.009067431428733301
6,0.1,50,81,uniform,0.04299978258617358
6,0.1,50,82,complete_rollout,0.0011585965858644444
6,0.1,50,82,tis,0.008957670355985702
6,0.1,50,82,uniform,0.038011912027336316
6,0.1,50,83,complete_rollout,0.0017178237589682047
6,0.1,50,83,tis,0.010512064007667408
6,0.1,50,83,uniform,0.043894092529319084
6,0.1,50,84,complete_rollout,0.0013314893601015087
6,0.1,50,84,tis,0.017567713633610125
6,0.1,50,84,uniform,0.04800630022969768
6,0.1,50,85,complete_rollout,0.0010111996631555387
6,0.1,50,85,tis,0.029348453580047847
6,0.1,50,85,uniform,0.008323059666768651
6,0.1,50,86,complete_rollout,0.0010470590949853223
6,0.1,50,86,tis,0.0034079317880290707
6,0.1,50,86,uniform,0.07220959318643051
6,0.1,50,87,complete_rollout,0.0007736445091106549
6,0.1,50,87,tis,0.011243876679583544
6,0.1,50,87,uniform,0.024430757955513815
6,0.1,50,88,complete_rollout,0.0016707461457229373
6,0.1,50,88,tis,0.005126922684635467
6,0.1,50,88,uniform,0.05971114298044517
6,0.1,50,89,complete_rollout,0.001236250905916447
6,0.1,50,89,tis,0.021518640542028934
6,0.1,50,89,uniform,0.009364238716836707
6,0.1,50,90,complete_rollout,0.0009174837286167199
6,0.1,50,90,tis,0.009277258257101278
6,0.1,50,90,uniform,0.011458738120981556
6,0.1,50,91,complete_rollout,0.0015999667781544935
6,0.1,50,91,tis,0.03151074262990817
6,0.1,50,91,uniform,0.022659015928920473
6,0.1,50,92,complete_rollout,0.002963271864442294
6,0.1,50,92,tis,0.008119182378865513
6,0.1,50,92,uniform,0.007835426343065813
6,0.1,50,93,complete_rollout,0.0011987553586894544
6,0.1,50,93,tis,0.01951545652574777
6,0.1,50,93,uniform,0.05331481926231304
6,0.1,50,94,complete_rollout,0.0008054108283508818
6,0.1,50,94,tis,0.01851222021045676
6,0.1,50,94,uniform,0.013474737376525641
6,0.1,50,95,complete_rollout,0.001796517487427775
6,0.1,50,95,tis,0.010365312432358815
6,0.1,50,95,uniform,0.014264350501565977
6,0.1,50,96,complete_rollout,0.0011656600845452098
6,0.1,50,96,tis,0.010002436306561998
6,0.1,50,96,uniform,0.016671107055686044
6,0.1,50,97,complete_rollout,0.0008214417357593102
6,0.1,50,97,tis,0.015641767978043026
6,0.1,50,97,uniform,0.050112690767260326
6,0.1,50,98,complete_rollout,0.0016553349776824572
6,0.1,50,98,tis,0.04402713110396177
6,0.1,50,98,uniform,0.04945414776383146
6,0.1,50,99,complete_rollout,0.0004993798933047519
6,0.1,50,99,tis,0.008624943815081066
6,0.1,50,99,uniform,0.011593214579680093
6,0.1,50,100,complete_rollout,0.000885308886472424
6,0.1,50,100,tis,0.013671534409852847
6,0.1,50,100,uniform,0.025124067415115584
6,0.1,50,101,complete_rollout,0.0009799116780454694
6,0.1,50,101,tis,0.05098122933446383
6,0.1,50,101,uniform,0.01327340388251022
6,0.1,50,102,complete_rollout,0.0012177659488370692
6,0.1,50,102,tis,0.01965325089800862
6,0.1,50,102,uniform,0.024636235254568234
6,0.1,50,103,complete_rollout,0.0005898756873131259
6,0.1,50,103,tis,0.008838790670194288
6,0.1,50,103,uniform,0.013164415769344453
6,0.1,50,104,complete_rollout,0.0016992583603296404
6,0.1,50,104,tis,0.017597849857401517
6,0.1,50,104,uniform,0.016390150880174745
6,0.1,50,105,complete_rollout,0.001436848846434624
6,0.1,50,105,tis,0.009018619670256516
6,0.1,50,105,uniform,0.011797934631319338
6,0.1,50,106,complete_rollout,0.0010720271272400277
6,0.1,50,106,tis,0.009303137661511739
6,0.1,50,106,uniform,0.01619880153252418
6,0.1,50,107,complete_rollout,0.0026772329949222395
6,0.1,50,107,tis,0.009613077250278167
6,0.1,50,107,uniform,0.007197420765276832
6,0.1,50,108,complete_rollout,0.0016479398239168394
6,0.1,50,108,tis,0.008811681724718213
6,0.1,50,108,uniform,0.035119716529064975
6,0.1,50,109,complete_rollout,0.0016540850257801294
6,0.1,50,109,tis,0.007733485239229535
6,0.1,50,109,uniform,0.014161021902833837
6,0.1,50,110,complete_rollout,0.00121608709607484
6,0.1,50,110,tis,0.0201179017326252
6,0.1,50,110,uniform,0.01937760254416378
6,0.1,50,111,complete_rollout,0.0018679762207128286
6,0.1,50,111,tis,0.006282750802829045
6,0.1,50,111,uniform,0.012184693459324327
6,0.1,50,112,complete_rollout,0.0005188118387509469
6,0.1,50,112,tis,0.007457233556568467
6,0.1,50,112,uniform,0.0064109271862034705
6,0.1,50,113,complete_rollout,0.001290744656300908
6,0.1,50,113,tis,0.0068932171171818876
6,0.1,50,113,uniform,0.007390224352440352
6,0.1,50,114,complete_rollout,0.0005949747265923316
6,0.1,50,114,tis,0.010017195049279781
6,0.1,50,114,uniform,0.0172079282419711
6,0.1,50,115,complete_rollout,0.0010640022380636917
6,0.1,50,115,tis,0.0071767032757423565
6,0.1,50,115,uniform,0.016684879176265748
6,0.1,50,116,complete_rollout,0.0008909728471027589
6,0.1,50,116,tis,0.01639916786072113
6,0.1,50,116,uniform,0.02219268149821089
6,0.1,50,117,complete_rollout,0.0010395314082036564
6,0.1,50,117,tis,0.009062625714858165
6,0.1,50,117,uniform,0.017356149155420882
6,0.1,50,118,complete_rollout,0.0010395461255009934
6,0.1,50,118,tis,0.006024273539219296
6,0.1,50,118,uniform,0.010735498800567126
6,0.1,50,119,complete_rollout,0.0030210578993842495
6,0.1,50,119,tis,0.009094920835714365
6,0.1,50,119,uniform,0.027025174241696887
6,0.1,50,120,complete_rollout,0.0006427136844547208
6,0.1,50,120,tis,0.04528477499966818
6,0.1,50,120,uniform,0.01431480220201028
6,0.1,50,121,complete_rollout,0.0003377944123519292
6,0.1,50,121,tis,0.004783215427922933
6,0.1,50,121,uniform,0.006149026178171077
6,0.1,50,122,complete_rollout,0.0008062173555414337
6,0.1,50,122,tis,0.02150183071860234
6,0.1,50,122,uniform,0.006278902418008418
6,0.1,50,123,complete_rollout,0.0009355199807029155
6,0.1,50,123,tis,0.01720857930402928
6,0.1,50,123,uniform,0.01065093306541412
6,0.1,50,124,complete_rollout,0.000561259326102462
6,0.1,50,124,tis,0.008721023705869465
6,0.1,50,124,uniform,0.025870905116720244
6,0.1,50,125,complete_rollout,0.0005771775234348342
6,0.1,50,125,tis,0.037394849444283604
6,0.1,50,125,uniform,0.006554145055667186
6,0.1,50,126,complete_rollout,0.0006923074811997298
6,0.1,50,126,tis,0.014433962386407205
6,0.1,50,126,uniform,0.018352008116347383
6,0.1,50,127,complete_rollout,0.0009689090023428473
6,0.1,50,127,tis,0.01311858944228328
6,0.1,50,127,uniform,0.030037075604757057
6,0.1,50,128,complete_rollout,0.0009087746586706096
6,0.1,50,128,tis,0.00806724579856299
6,0.1,50,128,uniform,0.008344581014338211
6,0.1,50,129,complete_rollout,0.0019369960669300226
6,0.1,50,129,tis,0.010103474206510426
6,0.1,50,129,uniform,0.005427020690077847
6,0.1,50,130,complete_rollout,0.0020422439926088927
6,0.1,50,130,tis,0.01644851865836716
6,0.1,50,130,uniform,0.025673575487975674
6,0.1,50,131,complete_rollout,0.00115525864426608
6,0.1,50,131,tis,0.014078319056184781
6,0.1,50,131,uniform,0.02981970240896182
6,0.1,50,132,complete_rollout,0.0006552663278187493
6,0.1,50,132,tis,0.021629108543915386
6,0.1,50,132,uniform,0.015008770927346584
6,0.1,50,133,complete_rollout,0.001014152513504966
6,0.1,50,133,tis,0.01086537240708393
6,0.1,50,133,uniform,0.007115534810231128
6,0.1,50,134,complete_rollout,0.0017818116577334904
6,0.1,50,134,tis,0.04229399418901092
6,0.1,50,134,uniform,0.07888670849889397
6,0.1,50,135,complete_rollout,0.001160507633936306
6,0.1,50,135,tis,0.0203064178550012
6,0.1,50,135,uniform,0.006373251410865222
6,0.1,50,136,complete_rollout,0.0008484172918734772
6,0.1,50,136,tis,0.009259695687794386
6,0.1,50,136,uniform,0.007048791238166819
6,0.1,50,137,complete_rollout,0.0005145336042385002
6,0.1,50,137,tis,0.008169187320178585
6,0.1,50,137,uniform,0.015199910709847313
6,0.1,50,138,complete_rollout,0.001625889196485221
6,0.1,50,138,tis,0.018721872747548243
6,0.1,50,138,uniform,0.01806700761527879
6,0.1,50,139,complete_rollout,0.0007482338961820805
6,0.1,50,139,tis,0.008719049356430062
6,0.1,50,139,uniform,0.010263276777374698
6,0.1,50,140,complete_rollout,0.0007515580263244508
6,0.1,50,140,tis,0.013294261727812466
6,0.1,50,140,uniform,0.01786079520119667
6,0.1,50,141,complete_rollout,0.0013214397714228776
6,0.1,50,141,tis,0.031175773512667614
6,0.1,50,141,uniform,0.05473482472663105
6,0.1,50,142,complete_rollout,0.0015782073566365641
6,0.1,50,142,tis,0.012874408804196538
6,0.1,50,142,uniform,0.012008374759515493
6,0.1,50,143,complete_rollout,0.001068771657005099
6,0.1,50,143,tis,0.00968729052547202
6,0.1,50,143,uniform,0.005436104344611968
6,0.1,50,144,complete_rollout,0.000531585857434381
6,0.1,50,144,tis,0.03781785865051108
6,0.1,50,144,uniform,0.011163664534288428
6,0.1,50,145,complete_rollout,0.0012307654352418692
6,0.1,50,145,tis,0.0074234301806879515
6,0.1,50,145,uniform,0.013955441406317612
6,0.1,50,146,complete_rollout,0.0009412078447032928
6,0.1,50,146,tis,0.012543732778500771
6,0.1,50,146,uniform,0.025046502139079007
6,0.1,50,147,complete_rollout,0.0018005068527885866
6,0.1,50,147,tis,0.021831846232896503
6,0.1,50,147,uniform,0.009001543877190122
6,0.1,50,148,complete_rollout,0.001137576130502288
6,0.1,50,148,tis,0.007277262673972485
6,0.1,50,148,uniform,0.008888373943173211
6,0.1,50,149,complete_rollout,0.0005876801229498903
6,0.1,50,149,tis,0.015820383191340992
6,0.1,50,149,uniform,0.007962846954340479
6,0.1,50,150,complete_rollout,0.0007617975591317222
6,0.1,50,150,tis,0.03158779085978735
6,0.1,50,150,uniform,0.015905242420938444
6,0.1,50,151,complete_rollout,0.0011511286759366775
6,0.1,50,151,tis,0.007358919846125363
6,0.1,50,151,uniform,0.024674981658136245
6,0.1,50,152,complete_rollout,0.0008490020096245973
6,0.1,50,152,tis,0.01725629760917201
6,0.1,50,152,uniform,0.022737482954887187
6,0.1,50,153,complete_rollout,0.000551197611091764
6,0.1,50,153,tis,0.009973460848649373
6,0.1,50,153,uniform,0.017995847448755195
6,0.1,50,154,complete_rollout,0.0014565194609143873
6,0.1,50,154,tis,0.03564110967032659
6,0.1,50,154,uniform,0.05326373895797047
6,0.1,50,155,complete_rollout,0.000868811613888982
6,0.1,50,155,tis,0.014270889128780334
6,0.1,50,155,uniform,0.05281064684486248
6,0.1,50,156,complete_rollout,0.0006640869887666309
6,0.1,50,156,tis,0.028856660197888035
6,0.1,50,156,uniform,0.07431547734482699
6,0.1,50,157,complete_rollout,0.0014458738855510928
6,0.1,50,157,tis,0.00825566843714839
6,0.1,50,157,uniform,0.008271188834449227
6,0.1,50,158,complete_rollout,0.00124394142553865
6,0.1,50,158,tis,0.01652047253540515
6,0.1,50,158,uniform,0.016400873350451785
6,0.1,50,159,complete_rollout,0.0007523325719394541
6,0.1,50,159,tis,0.019923615281589993
6,0.1,50,159,uniform,0.02116517526552743
6,0.1,50,160,complete_rollout,0.0009324302560950122
6,0.1,50,160,tis,0.025738532451714174
6,0.1,50,160,uniform,0.012812507297278659
6,0.1,50,161,complete_rollout,0.0008881459708166481
6,0.1,50,161,tis,0.015990976009288647
6,0.1,50,161,uniform,0.01930806662987554
6,0.1,50,162,complete_rollout,0.0012479214198613876
6,0.1,50,162,tis,0.007913211484500266
6,0.1,50,162,uniform,0.011411357877984682
6,0.1,50,163,complete_rollout,0.0009266252589036581
6,0.1,50,163,tis,0.047212420595888094
6,0.1,50,163,uniform,0.015152994271691757
6,0.1,50,164,complete_rollout,0.0015347116980503294
6,0.1,50,164,tis,0.014304666368435873
6,0.1,50,164,uniform,0.005224287690421959
6,0.1,50,165,complete_rollout,0.0008330158834583089
6,0.1,50,165,tis,0.0033695922768041385
6,0.1,50,165,uniform,0.00922920716100534
6,0.1,50,166,complete_rollout,0.0006477212025998714
6,0.1,50,166,tis,0.007807558384174586
6,0.1,50,166,uniform,0.028799477906739965
6,0.1,50,167,complete_rollout,0.0009050941344232224
6,0.1,50,167,tis,0.01336048764784645
6,0.1,50,167,uniform,0.037248242073093504
6,0.1,50,168,complete_rollout,0.001377860813914108
6,0.1,50,168,tis,0.00739051429586516
6,0.1,50,168,uniform,0.015088387150079917
6,0.1,50,169,complete_rollout,0.0012263698886316396
6,0.1,50,169,tis,0.02116439656444396
6,0.1,50,169,uniform,0.021037965012456205
6,0.1,50,170,complete_rollout,0.0006782045047970596
6,0.1,50,170,tis,0.0065995588667594396
6,0.1,50,170,uniform,0.005420317935893742
6,0.1,50,171,complete_rollout,0.0010873158766121671
6,0.1,50,171,tis,0.006963070623891336
6,0.1,50,171,uniform,0.05849515111787793
6,0.1,50,172,complete_rollout,0.0019419461585676544
6,0.1,50,172,tis,0.007366656233366189
6,0.1,50,172,uniform,0.00817769082731279
6,0.1,50,173,complete_rollout,0.0016203404081204004
6,0.1,50,173,tis,0.009494064146990106
6,0.1,50,173,uniform,0.01916234215517495
6,0.1,50,174,complete_rollout,0.0008188109347216615
6,0.1,50,174,tis,0.025217466524774912
6,0.1,50,174,uniform,0.03076163835935504
6,0.1,50,175,complete_rollout,0.0008495888199860352
6,0.1,50,175,tis,0.026416706278134396
6,0.1,50,175,uniform,0.033545450245238334
6,0.1,50,176,complete_rollout,0.0008955285020300271
6,0.1,50,176,tis,0.057193128792456735
6,0.1,50,176,uniform,0.026181200037443085
6,0.1,50,177,complete_rollout,0.0013846942845769504
6,0.1,50,177,tis,0.016834238171365878
6,0.1,50,177,uniform,0.010772372222125636
6,0.1,50,178,complete_rollout,0.001027085523803965
6,0.1,50,178,tis,0.010923089351355159
6,0.1,50,178,uniform,0.013309293817484455
6,0.1,50,179,complete_rollout,0.0011156257635961215
6,0.1,50,179,tis,0.03594470828710736
6,0.1,50,179,uniform,0.03649811979120632
6,0.1,50,180,complete_rollout,0.0012922932587204365
6,0.1,50,180,tis,0.02135248721257279
6,0.1,50,180,uniform,0.009463610754337794
6,0.1,50,181,complete_rollout,0.0013920537985301121
6,0.1,50,181,tis,0.0073602469380719265
6,0.1,50,181,uniform,0.007068513063435711
6,0.1,50,182,complete_rollout,0.001144979700044707
6,0.1,50,182,tis,0.027969647512443012
6,0.1,50,182,uniform,0.014962516591273074
6,0.1,50,183,complete_rollout,0.0009055397918954478
6,0.1,50,183,tis,0.010049630670767988
6,0.1,50,183,uniform,0.014047531235827679
6,0.1,50,184,complete_rollout,0.0012780366718117277
6,0.1,50,184,tis,0.014825936158253589
6,0.1,50,184,uniform,0.014640797188479477
6,0.1,50,185,complete_rollout,0.0008184385789985105
6,0.1,50,185,tis,0.014021025380637207
6,0.1,50,185,uniform,0.030850150011644335
6,0.1,50,186,complete_rollout,0.0018581466165153208
6,0.1,50,186,tis,0.008869602945775676
6,0.1,50,186,uniform,0.00787301593498102
6,0.1,50,187,complete_rollout,0.0009611935379952732
6,0.1,50,187,tis,0.033073407631869826
6,0.1,50,187,uniform,0.016932614272229238
6,0.1,50,188,complete_rollout,0.000990116118173058
6,0.1,50,188,tis,0.007673838765325705
6,0.1,50,188,uniform,0.007692547177019541
6,0.1,50,189,complete_rollout,0.0009206306124760201
6,0.1,50,189,tis,0.03571539195746284
6,0.1,50,189,uniform,0.013568788736080186
6,0.1,50,190,complete_rollout,0.002098231779280325
6,0.1,50,190,tis,0.004525932637136429
6,0.1,50,190,uniform,0.008915123094692218
6,0.1,50,191,complete_rollout,0.001370594618729631
6,0.1,50,191,tis,0.03711860961715271
6,0.1,50,191,uniform,0.011340554063992267
6,0.1,50,192,complete_rollout,0.00088687257970612
6,0.1,50,192,tis,0.00878906924824825
6,0.1,50,192,uniform,0.0175253221171437
6,0.1,50,193,complete_rollout,0.0006268270240958483
6,0.1,50,193,tis,0.010038371788974104
6,0.1,50,193,uniform,0.013418139272857399
6,0.1,50,194,complete_rollout,0.0012911174281295189
6,0.1,50,194,tis,0.01369056247634988
6,0.1,50,194,uniform,0.008749068374804454
6,0.1,50,195,complete_rollout,0.001471300376840846
6,0.1,50,195,tis,0.006301897151815881
6,0.1,50,195,uniform,0.009659360185373528
6,0.1,50,196,complete_rollout,0.0008943602574827133
6,0.1,50,196,tis,0.019047270614439196
6,0.1,50,196,uniform,0.017668399422651096
6,0.1,50,197,complete_rollout,0.0019181678203849981
6,0.1,50,197,tis,0.00463165555506042
6,0.1,50,197,uniform,0.004013261957966837
6,0.1,50,198,complete_rollout,0.0012580122384563933
6,0.1,50,198,tis,0.014488824039320423
6,0.1,50,198,uniform,0.01657622105981885
6,0.1,50,199,complete_rollout,0.0010671831920086388
6,0.1,50,199,tis,0.009379866418520021
6,0.1,50,199,uniform,0.005667772982847652
6,0.1,50,200,complete_rollout,0.0009241367587472627
6,0.1,50,200,tis,0.015054674047594798
6,0.1,50,200,uniform,0.039747601141113025
6,0.1,50,201,complete_rollout,0.0009927408583998534
6,0.1,50,201,tis,0.004509607071489347
6,0.1,50,201,uniform,0.012818609254156375
6,0.1,50,202,complete_rollout,0.0011658461968612288
6,0.1,50,202,tis,0.006891781345471104
6,0.1,50,202,uniform,0.005709975062167454
6,0.1,50,203,complete_rollout,0.0018744396630210039
6,0.1,50,203,tis,0.01093015401427531
6,0.1,50,203,uniform,0.010609704800276532
6,0.1,50,204,complete_rollout,0.0007367825551576546
6,0.1,50,204,tis,0.015653057671680064
6,0.1,50,204,uniform,0.024273182409972387
6,0.1,50,205,complete_rollout,0.0010535711193219754
6,0.1,50,205,tis,0.02709172865835051
6,0.1,50,205,uniform,0.020943064193050153
6,0.1,50,206,complete_rollout,0.0007504352192245172
6,0.1,50,206,tis,0.07341437560441158
6,0.1,50,206,uniform,0.01850643196052607
6,0.1,50,207,complete_rollout,0.000877609192117278
6,0.1,50,207,tis,0.005169621856771385
6,0.1,50,207,uniform,0.006134988036927553
6,0.1,50,208,complete_rollout,0.00159013620847559
6,0.1,50,208,tis,0.008270314343935853
6,0.1,50,208,uniform,0.016830349384215727
6,0.1,50,209,complete_rollout,0.0013020613255274726
6,0.1,50,209,tis,0.016851737387048597
6,0.1,50,209,uniform,0.01840560205775449
6,0.1,50,210,complete_rollout,0.001106480768034519
6,0.1,50,210,tis,0.006378758008713734
6,0.1,50,210,uniform,0.005036334758550553
6,0.1,50,211,complete_rollout,0.0010819424191990537
6,0.1,50,211,tis,0.013973237280368239
6,0.1,50,211,uniform,0.015795740708488472
6,0.1,50,212,complete_rollout,0.0007948733288014341
6,0.1,50,212,tis,0.005360545756453859
6,0.1,50,212,uniform,0.012579912137906045
6,0.1,50,213,complete_rollout,0.0012120650647151848
6,0.1,50,213,tis,0.03708914512061128
6,0.1,50,213,uniform,0.027704571868272077
6,0.1,50,214,complete_rollout,0.0013613591557822737
6,0.1,50,214,tis,0.013248644111070294
6,0.1,50,214,uniform,0.01842321345855993
6,0.1,50,215,complete_rollout,0.0010341190499828863
6,0.1,50,215,tis,0.004629999973826439
6,0.1,50,215,uniform,0.006311835972505405
6,0.1,50,216,complete_rollout,0.0009431481581731524
6,0.1,50,216,tis,0.004376112996625024
6,0.1,50,216,uniform,0.0470897670299989
6,0.1,50,217,complete_rollout,0.0014968109820835123
6,0.1,50,217,tis,0.004538539419389102
6,0.1,50,217,uniform,0.009162333533968753
6,0.1,50,218,complete_rollout,0.0016323603435799534
6,0.1,50,218,tis,0.013976450620179747
6,0.1,50,218,uniform,0.011869567944831273
6,0.1,50,219,complete_rollout,0.0008563387124009224
6,0.1,50,219,tis,0.05617529923997585
6,0.1,50,219,uniform,0.006125158130534606
6,0.1,50,220,complete_rollout,0.0027174600537065163
6,0.1,50,220,tis,0.006863863896585424
6,0.1,50,220,uniform,0.02949693425597934
6,0.1,50,221,complete_rollout,0.0009093134008112755
6,0.1,50,221,tis,0.01134092024261176
6,0.1,50,221,uniform,0.00997580828422189
6,0.1,50,222,complete_rollout,0.0015776981266761591
6,0.1,50,222,tis,0.005850589420755534
6,0.1,50,222,uniform,0.010134074673741932
6,0.1,50,223,complete_rollout,0.0008556552638098818
6,0.1,50,223,tis,0.02147006333295937
6,0.1,50,223,uniform,0.03039259016126942
6,0.1,50,224,complete_rollout,0.001051478896443348
6,0.1,50,224,tis,0.012119331747137209
6,0.1,50,224,uniform,0.013753165771336172
6,0.1,50,225,complete_rollout,0.0013233840974372117
6,0.1,50,225,tis,0.00775348485661599
6,0.1,50,225,uniform,0.021064371657138016
6,0.1,50,226,complete_rollout,0.0011979266580110465
6,0.1,50,226,tis,0.008800817821612354
6,0.1,50,226,uniform,0.012285062133462093
6,0.1,50,227,complete_rollout,0.0011776494251788715
6,0.1,50,227,tis,0.03321853307427165
6,0.1,50,227,uniform,0.024195356569984738
6,0.1,50,228,complete_rollout,0.0016402580175631683
6,0.1,50,228,tis,0.004124676708679439
6,0.1,50,228,uniform,0.01536220276791498
6,0.1,50,229,complete_rollout,0.0007031564084525344
6,0.1,50,229,tis,0.007476680418795839
6,0.1,50,229,uniform,0.01458166428110489
6,0.1,50,230,complete_rollout,0.0010188775845190886
6,0.1,50,230,tis,0.006538929111693715
6,0.1,50,230,uniform,0.010281300769747896
6,0.1,50,231,complete_rollout,0.0012951936733981689
6,0.1,50,231,tis,0.03642008516209456
6,0.1,50,231,uniform,0.01460531095540641
6,0.1,50,232,complete_rollout,0.0017913221307963455
6,0.1,50,232,tis,0.00933248597486659
6,0.1,50,232,uniform,0.013686966990906754
6,0.1,50,233,complete_rollout,0.0007620114276598375
6,0.1,50,233,tis,0.007285909368563392
6,0.1,50,233,uniform,0.00943110359542789
6,0.1,50,234,complete_rollout,0.0011872463229862537
6,0.1,50,234,tis,0.009463839710630289
6,0.1,50,234,uniform,0.012081586555509588
6,0.1,50,235,complete_rollout,0.0012552421456805748
6,0.1,50,235,tis,0.03430902890676815
6,0.1,50,235,uniform,0.04589170550349017
6,0.1,50,236,complete_rollout,0.0005955740276622708
6,0.1,50,236,tis,0.012692906683290055
6,0.1,50,236,uniform,0.010382080230349491
6,0.1,50,237,complete_rollout,0.0007628172646594903
6,0.1,50,237,tis,0.008305482472791618
6,0.1,50,237,uniform,0.008241320918326448
6,0.1,50,238,complete_rollout,0.0007879580759409985
6,0.1,50,238,tis,0.009768473801330745
6,0.1,50,238,uniform,0.011755046134802537
6,0.1,50,239,complete_rollout,0.0009933083860487535
6,0.1,50,239,tis,0.005355680173235979
6,0.1,50,239,uniform,0.04992108342987751
6,0.1,50,240,complete_rollout,0.0014623158164204068
6,0.1,50,240,tis,0.01936390990897069
6,0.1,50,240,uniform,0.06697236575547007
6,0.1,50,241,complete_rollout,0.001507068202261876
6,0.1,50,241,tis,0.0074294426556389456
6,0.1,50,241,uniform,0.009490971473398613
6,0.1,50,242,complete_rollout,0.0008296596433454952
6,0.1,50,242,tis,0.03309319914187556
6,0.1,50,242,uniform,0.04091929672124576
6,0.1,50,243,complete_rollout,0.0012583168091218604
6,0.1,50,243,tis,0.00459711578348859
6,0.1,50,243,uniform,0.0069597253122810855
6,0.1,50,244,complete_rollout,0.000879412439484974
6,0.1,50,244,tis,0.0092105269014413
6,0.1,50,244,uniform,0.010127070963721877
6,0.1,50,245,complete_rollout,0.0010561843943420353
6,0.1,50,245,tis,0.01578351873094857
6,0.1,50,245,uniform,0.012070648080214118
6,0.1,50,246,complete_rollout,0.0008623825923197702
6,0.1,50,246,tis,0.004371718819885248
6,0.1,50,246,uniform,0.0075905514513742505
6,0.1,50,247,complete_rollout,0.0015461713322379317
6,0.1,50,247,tis,0.0062456255107674165
6,0.1,50,247,uniform,0.00999527301753532
6,0.1,50,248,complete_rollout,0.001971599987256576
6,0.1,50,248,tis,0.04400344750388865
6,0.1,50,248,uniform,0.017245436288343907
6,0.1,50,249,complete_rollout,0.0012499001925883049
6,0.1,50,249,tis,0.012026725987438829
6,0.1,50,249,uniform,0.009992195411381759
6,0.1,50,250,complete_rollout,0.0010317837360437033
6,0.1,50,250,tis,0.009995528548227526
6,0.1,50,250,uniform,0.012208569113865388
6,0.1,50,251,complete_rollout,0.0008620101867004607
6,0.1,50,251,tis,0.022911368609856004
6,0.1,50,251,uniform,0.045666999451375916
6,0.1,50,252,complete_rollout,0.000850995766146188
6,0.1,50,252,tis,0.006162054019297182
6,0.1,50,252,uniform,0.008329858117328405
6,0.1,50,253,complete_rollout,0.001677169809735873
6,0.1,50,253,tis,0.018810155707704262
6,0.1,50,253,uniform,0.008613047691055241
6,0.1,50,254,complete_rollout,0.0008249951393474676
6,0.1,50,254,tis,0.011938735777381719
6,0.1,50,254,uniform,0.014623783629358799
6,0.1,50,255,complete_rollout,0.0007687853619188901
6,0.1,50,255,tis,0.01156143286513287
6,0.1,50,255,uniform,0.007982972530686784
6,0.1,50,256,complete_rollout,0.0015061405676958094
6,0.1,50,256,tis,0.008228927528496561
6,0.1,50,256,uniform,0.007969555220018664
6,0.1,50,257,complete_rollout,0.0013748761168999254
6,0.1,50,257,tis,0.009902349520325473
6,0.1,50,257,uniform,0.01963069502729753
6,0.1,50,258,complete_rollout,0.0018853531485891202
6,0.1,50,258,tis,0.005124567124750175
6,0.1,50,258,uniform,0.006915882644503119
6,0.1,50,259,complete_rollout,0.0012310419615249486
6,0.1,50,259,tis,0.010617174591413543
6,0.1,50,259,uniform,0.01806070764177955
6,0.1,50,260,complete_rollout,0.0008412038099999224
6,0.1,50,260,tis,0.02185075413734444
6,0.1,50,260,uniform,0.022504506021012075
6,0.1,50,261,complete_rollout,0.0012843958955265453
6,0.1,50,261,tis,0.010516420516570752
6,0.1,50,261,uniform,0.008381526213238203
6,0.1,50,262,complete_rollout,0.001824782859618769
6,0.1,50,262,tis,0.010360821773296343
6,0.1,50,262,uniform,0.030883814720044898
6,0.1,50,263,complete_rollout,0.0011023969778576747
6,0.1,50,263,tis,0.018292955458791563
6,0.1,50,263,uniform,0.017907284265861766
6,0.1,50,264,complete_rollout,0.0008193974554744786
6,0.1,50,264,tis,0.039576119587104365
6,0.1,50,264,uniform,0.02093831983357319
6,0.1,50,265,complete_rollout,0.0016523061743991929
6,0.1,50,265,tis,0.013810227243992178
6,0.1,50,265,uniform,0.006880762968109606
6,0.1,50,266,complete_rollout,0.0008617224517784096
6,0.1,50,266,tis,0.02874464966424396
6,0.1,50,266,uniform,0.06320932285005788
6,0.1,50,267,complete_rollout,0.0011402821858508387
6,0.1,50,267,tis,0.008223194412617906
6,0.1,50,267,uniform,0.011348168131252894
6,0.1,50,268,complete_rollout,0.001151501578832734
6,0.1,50,268,tis,0.008936289448161437
6,0.1,50,268,uniform,0.012558607073843724
6,0.1,50,269,complete_rollout,0.0014094422827294988
6,0.1,50,269,tis,0.019250039749870527
6,0.1,50,269,uniform,0.05667583844743398
6,0.1,50,270,complete_rollout,0.000510308077425874
6,0.1,50,270,tis,0.0681169731320495
6,0.1,50,270,uniform,0.03922278190033657
6,0.1,50,271,complete_rollout,0.0008312070909114139
6,0.1,50,271,tis,0.0031518452047465417
6,0.1,50,271,uniform,0.02727684211818748
6,0.1,50,272,complete_rollout,0.0008669455134112441
6,0.1,50,272,tis,0.0038677807855674647
6,0.1,50,272,uniform,0.014561998456861933
6,0.1,50,273,complete_rollout,0.001006496067380683
6,0.1,50,273,tis,0.022737035399581995
6,0.1,50,273,uniform,0.01690602801049431
6,0.1,50,274,complete_rollout,0.002167825707527392
6,0.1,50,274,tis,0.010606733273634851
6,0.1,50,274,uniform,0.010116414095485157
6,0.1,50,275,complete_rollout,0.0014665932942287126
6,0.1,50,275,tis,0.006970925698146961
6,0.1,50,275,uniform,0.007170486313745929
6,0.1,50,276,complete_rollout,0.0013216777923713877
6,0.1,50,276,tis,0.01439607838714882
6,0.1,50,276,uniform,0.03339285466574888
6,0.1,50,277,complete_rollout,0.0014842282112998914
6,0.1,50,277,tis,0.016916508637201556
6,0.1,50,277,uniform,0.025315414161583852
6,0.1,50,278,complete_rollout,0.0010800074377079404
6,0.1,50,278,tis,0.009671186902242312
6,0.1,50,278,uniform,0.012897265131357855
6,0.1,50,279,complete_rollout,0.0006276627489371408
6,0.1,50,279,tis,0.015590217343955893
6,0.1,50,279,uniform,0.03853902964509271
6,0.1,50,280,complete_rollout,0.0007227968602965469
6,0.1,50,280,tis,0.008876644487721484
6,0.1,50,280,uniform,0.009965283707195273
6,0.1,50,281,complete_rollout,0.0008967366239337049
6,0.1,50,281,tis,0.013793745068175357
6,0.1,50,281,uniform,0.011478636630185373
6,0.1,50,282,complete_rollout,0.0022399523192653064
6,0.1,50,282,tis,0.005431566540581255
6,0.1,50,282,uniform,0.023847333157194908
6,0.1,50,283,complete_rollout,0.0010312370826469123
6,0.1,50,283,tis,0.008409950128053727
6,0.1,50,283,uniform,0.00514774154041367
6,0.1,50,284,complete_rollout,0.0008963030999245906
6,0.1,50,284,tis,0.01152630379661949
6,0.1,50,284,uniform,0.011692386014594965
6,0.1,50,285,complete_rollout,0.001394641823734494
6,0.1,50,285,tis,0.009212682497998706
6,0.1,50,285,uniform,0.03919872105734807
6,0.1,50,286,complete_rollout,0.0006315931973756496
6,0.1,50,286,tis,0.009104028315648577
6,0.1,50,286,uniform,0.01583812039145058
6,0.1,50,287,complete_rollout,0.0009567364335958573
6,0.1,50,287,tis,0.017760294581773424
6,0.1,50,287,uniform,0.014238562417606815
6,0.1,50,288,complete_rollout,0.0006219375230139474
6,0.1,50,288,tis,0.012749000935696673
6,0.1,50,288,uniform,0.008447762028713952
6,0.1,50,289,complete_rollout,0.0006380302576255968
6,0.1,50,289,tis,0.00611190622655701
6,0.1,50,289,uniform,0.008724805542548003
6,0.1,50,290,complete_rollout,0.00065620395401633
6,0.1,50,290,tis,0.008448708852887924
6,0.1,50,290,uniform,0.010001231418049737
6,0.1,50,291,complete_rollout,0.0008615199538893755
6,0.1,50,291,tis,0.019272305564801893
6,0.1,50,291,uniform,0.007925546579407588
6,0.1,50,292,complete_rollout,0.0008607663537257165
6,0.1,50,292,tis,0.0036687547467503783
6,0.1,50,292,uniform,0.07426698716952043
6,0.1,50,293,complete_rollout,0.000872813628759681
6,0.1,50,293,tis,0.015276720515648592
6,0.1,50,293,uniform,0.014930241409392161
6,0.1,50,294,complete_rollout,0.0006314051759250688
6,0.1,50,294,tis,0.011690685890323573
6,0.1,50,294,uniform,0.011757903422575511
6,0.1,50,295,complete_rollout,0.0008602908547293283
6,0.1,50,295,tis,0.009059135636748157
6,0.1,50,295,uniform,0.010122009423378523
6,0.1,50,296,complete_rollout,0.0003064387072356707
6,0.1,50,296,tis,0.004924976880124129
6,0.1,50,296,uniform,0.010474759680331618
6,0.1,50,297,complete_rollout,0.0011465807728367158
6,0.1,50,297,tis,0.016770190072855205
6,0.1,50,297,uniform,0.01053818376640279
6,0.1,50,298,complete_rollout,0.0011859463571369095
6,0.1,50,298,tis,0.008555907092147947
6,0.1,50,298,uniform,0.026113417046225832
6,0.1,50,299,complete_rollout,0.0010042513304414
6,0.1,50,299,tis,0.005740904336025528
6,0.1,50,299,uniform,0.0078026607331007115
6,0.1,100,0,complete_rollout,0.0005764200030354983
6,0.1,100,0,tis,0.0288264114119597
6,0.1,100,0,uniform,0.01447288022689456
6,0.1,100,1,complete_rollout,0.0005011918128597834
6,0.1,100,1,tis,0.004956587083770612
6,0.1,100,1,uniform,0.008939451227932013
6,0.1,100,2,complete_rollout,0.00044134597643966843
6,0.1,100,2,tis,0.002825912702708824
6,0.1,100,2,uniform,0.005414520073810294
6,0.1,100,3,complete_rollout,0.0005341577036899341
6,0.1,100,3,tis,0.00685291244237285
6,0.1,100,3,uniform,0.004009039731808258
6,0.1,100,4,complete_rollout,0.0005357873980684787
6,0.1,100,4,tis,0.011447318261707945
6,0.1,100,4,uniform,0.0033546542164754824
6,0.1,100,5,complete_rollout,0.00032327621467723253
6,0.1,100,5,tis,0.004132113032963415
6,0.1,100,5,uniform,0.008281757757333178
6,0.1,100,6,complete_rollout,0.0005399592954248764
6,0.1,100,6,tis,0.0038829693705927045
6,0.1,100,6,uniform,0.007506205268492656
6,0.1,100,7,complete_rollout,0.0005640527783893113
6,0.1,100,7,tis,0.005734586111698097
6,0.1,100,7,uniform,0.005114858713762675
6,0.1,100,8,complete_rollout,0.00039628723107850713
6,0.1,100,8,tis,0.0027921014267090287
6,0.1,100,8,uniform,0.0065328549229969396
6,0.1,100,9,complete_rollout,0.0005531292871956376
6,0.1,100,9,tis,0.005606009586847864
6,0.1,100,9,uniform,0.005784584219246659
6,0.1,100,10,complete_rollout,0.0003875911124627276
6,0.1,100,10,tis,0.0054655580100345874
6,0.1,100,10,uniform,0.008408443511020004
6,0.1,100,11,complete_rollout,0.0003035820563485244
6,0.1,100,11,tis,0.0040923498713912425
6,0.1,100,11,uniform,0.004540011686967656
6,0.1,100,12,complete_rollout,0.0007890203353957294
6,0.1,100,12,tis,0.02878138206360289
6,0.1,100,12,uniform,0.005064587168737466
6,0.1,100,13,complete_rollout,0.0004957563358044945
6,0.1,100,13,tis,0.00764969174341081
6,0.1,100,13,uniform,0.015065502773954381
6,0.1,100,14,complete_rollout,0.00043593178514592085
6,0.1,100,14,tis,0.004726178108259126
6,0.1,100,14,uniform,0.02206727977889037
6,0.1,100,15,complete_rollout,0.0005471372721799878
6,0.1,100,15,tis,0.007301818156661278
6,0.1,100,15,uniform,0.004333463292893947
6,0.1,100,16,complete_rollout,0.00039002412104327376
6,0.1,100,16,tis,0.011904593679520445
6,0.1,100,16,uniform,0.009925192905714782
6,0.1,100,17,complete_rollout,0.00026879833839078745
6,0.1,100,17,tis,0.013472879713494583
6,0.1,100,17,uniform,0.005113488754173546
6,0.1,100,18,complete_rollout,0.0004598292849721784
6,0.1,100,18,tis,0.0038493467451034984
6,0.1,100,18,uniform,0.003887722537143838
6,0.1,100,19,complete_rollout,0.0007483080625266872
6,0.1,100,19,tis,0.004490420361505427
6,0.1,100,19,uniform,0.004863074752983856
6,0.1,100,20,complete_rollout,0.0009302114947682601
6,0.1,100,20,tis,0.015464404717464793
6,0.1,100,20,uniform,0.016877667749845105
6,0.1,100,21,complete_rollout,0.0012841776669834171
6,0.1,100,21,tis,0.004124168017923429
6,0.1,100,21,uniform,0.005524888662072664
6,0.1,100,22,complete_rollout,0.0005427077299496508
6,0.1,100,22,tis,0.009232032068088624
6,0.1,100,22,uniform,0.013539284581905195
6,0.1,100,23,complete_rollout,0.0004505142177089052
6,0.1,100,23,tis,0.0036551166897691584
6,0.1,100,23,uniform,0.0051243234587596415
6,0.1,100,24,complete_rollout,0.000994870189417763
6,0.1,100,24,tis,0.004528908888156363
6,0.1,100,24,uniform,0.005788537875338311
6,0.1,100,25,complete_rollout,0.0007419752733590528
6,0.1,100,25,tis,0.005469439068446729
6,0.1,100,25,uniform,0.00992868664123807
6,0.1,100,26,complete_rollout,0.0004391668243845603
6,0.1,100,26,tis,0.011971391278530454
6,0.1,100,26,uniform,0.006949433112613915
6,0.1,100,27,complete_rollout,0.0009614751714013352
6,0.1,100,27,tis,0.005280548631727812
6,0.1,100,27,uniform,0.0047322225168784674
6,0.1,100,28,complete_rollout,0.0004664639010798467
6,0.1,100,28,tis,0.006351161992760744
6,0.1,100,28,uniform,0.003703783858744735
6,0.1,100,29,complete_rollout,0.0005660998567333845
6,0.1,100,29,tis,0.0029656327472937557
6,0.1,100,29,uniform,0.008355183941314263
6,0.1,100,30,complete_rollout,0.001199807014607226
6,0.1,100,30,tis,0.016039000525585597
6,0.1,100,30,uniform,0.005199506334741528
6,0.1,100,31,complete_rollout,0.0005386280953312921
6,0.1,100,31,tis,0.005083932413205011
6,0.1,100,31,uniform,0.01567881898954504
6,0.1,100,32,complete_rollout,0.0004746043599633499
6,0.1,100,32,tis,0.007686954029026045
6,0.1,100,32,uniform,0.004112172782811439
6,0.1,100,33,complete_rollout,0.0004472626121544971
6,0.1,100,33,tis,0.003799875400056121
6,0.1,100,33,uniform,0.002187822358642231
6,0.1,100,34,complete_rollout,0.0003757909026934136
6,0.1,100,34,tis,0.003981951448828744
6,0.1,100,34,uniform,0.007090228233604984
6,0.1,100,35,complete_rollout,0.00035608786306435663
6,0.1,100,35,tis,0.005144653566433078
6,0.1,100,35,uniform,0.004965269665211905
6,0.1,100,36,complete_rollout,0.0005055189749174417
6,0.1,100,36,tis,0.008302468525531008
6,0.1,100,36,uniform,0.006087719194919703
6,0.1,100,37,complete_rollout,0.0006966893929028356
6,0.1,100,37,tis,0.0034700838998095577
6,0.1,100,37,uniform,0.004792733574840704
6,0.1,100,38,complete_rollout,0.000741553962037281
6,0.1,100,38,tis,0.0033028011004165897
6,0.1,100,38,uniform,0.009339676505571591
6,0.1,100,39,complete_rollout,0.00034637400586223386
6,0.1,100,39,tis,0.006436023111677331
6,0.1,100,39,uniform,0.01468549743448758
6,0.1,100,40,complete_rollout,0.000888232897442678
6,0.1,100,40,tis,0.013283646263927303
6,0.1,100,40,uniform,0.005862770457945149
6,0.1,100,41,complete_rollout,0.0006211463086100281
6,0.1,100,41,tis,0.009522774758662351
6,0.1,100,41,uniform,0.0075707540152182
6,0.1,100,42,complete_rollout,0.0009769566414015193
6,0.1,100,42,tis,0.006357771906306238
6,0.1,100,42,uniform,0.010749522093071853
6,0.1,100,43,complete_rollout,0.0003831409082290974
6,0.1,100,43,tis,0.0031096603667885793
6,0.1,100,43,uniform,0.005789855649761481
6,0.1,100,44,complete_rollout,0.00022439378194279288
6,0.1,100,44,tis,0.0064991132320294225
6,0.1,100,44,uniform,0.006950358489765384
6,0.1,100,45,complete_rollout,0.0004174136287975871
6,0.1,100,45,tis,0.0069240860433801375
6,0.1,100,45,uniform,0.0047254676614505555
6,0.1,100,46,complete_rollout,0.0006902596490964588
6,0.1,100,46,tis,0.004307530549296805
6,0.1,100,46,uniform,0.03480898525506909
6,0.1,100,47,complete_rollout,0.00043002871324758686
6,0.1,100,47,tis,0.006473185942639633
6,0.1,100,47,uniform,0.0031937078183328993
6,0.1,100,48,complete_rollout,0.0006729646671062663
6,0.1,100,48,tis,0.00850577160054994
6,0.1,100,48,uniform,0.007883217560562107
6,0.1,100,49,complete_rollout,0.0006910274687181931
6,0.1,100,49,tis,0.0038889112865415293
6,0.1,100,49,uniform,0.00308529184428169
6,0.1,100,50,complete_rollout,0.0007676549061841106
6,0.1,100,50,tis,0.019420326135067723
6,0.1,100,50,uniform,0.0042439141844174515
6,0.1,100,51,complete_rollout,0.00048780762000835546
6,0.1,100,51,tis,0.004944046109767073
6,0.1,100,51,uniform,0.01090742583799038
6,0.1,100,52,complete_rollout,0.00019826384107747273
6,0.1,100,52,tis,0.004650209495541997
6,0.1,100,52,uniform,0.0035042206810869106
6,0.1,100,53,complete_rollout,0.0013213201614312943
6,0.1,100,53,tis,0.007202429296151581
6,0.1,100,53,uniform,0.0075231823602676705
6,0.1,100,54,complete_rollout,0.0003709252736046366
6,0.1,100,54,tis,0.00972851874171564
6,0.1,100,54,uniform,0.005215975889806607
6,0.1,100,55,complete_rollout,0.00044586468044132603
6,0.1,100,55,tis,0.0032971393467910834
6,0.1,100,55,uniform,0.013043093879347838
6,0.1,100,56,complete_rollout,0.00044826314271963484
6,0.1,100,56,tis,0.003650533109806898
6,0.1,100,56,uniform,0.0051217126865354765
6,0.1,100,57,complete_rollout,0.000404394048258697
6,0.1,100,57,tis,0.010161936918109717
6,0.1,100,57,uniform,0.008133878036417304
6,0.1,100,58,complete_rollout,0.00028699035347653427
6,0.1,100,58,tis,0.008150165715520758
6,0.1,100,58,uniform,0.003129799919068578
6,0.1,100,59,complete_rollout,0.00045092737114567035
6,0.1,100,59,tis,0.004237440406667046
6,0.1,100,59,uniform,0.013380514322638225
6,0.1,100,60,complete_rollout,0.0009558257039197712
6,0.1,100,60,tis,0.004103537830056776
6,0.1,100,60,uniform,0.005702403650992446
6,0.1,100,61,complete_rollout,0.0009116559142652286
6,0.1,100,61,tis,0.0031327055491460216
6,0.1,100,61,uniform,0.0054351002713058675
6,0.1,100,62,complete_rollout,0.0006084258409513747
6,0.1,100,62,tis,0.0057022610075766035
6,0.1,100,62,uniform,0.005965910868143218
6,0.1,100,63,complete_rollout,0.0007253092849791758
6,0.1,100,63,tis,0.007267328972582169
6,0.1,100,63,uniform,0.010063956193656255
6,0.1,100,64,complete_rollout,0.0003579095640789135
6,0.1,100,64,tis,0.01070719810676263
6,0.1,100,64,uniform,0.0044581323608493
6,0.1,100,65,complete_rollout,0.0007096624576759641
6,0.1,100,65,tis,0.0067489541883832315
6,0.1,100,65,uniform,0.013264085738719756
6,0.1,100,66,complete_rollout,0.00034224650092541415
6,0.1,100,66,tis,0.005165990047858435
6,0.1,100,66,uniform,0.005243836389871244
6,0.1,100,67,complete_rollout,0.0007962238576004395
6,0.1,100,67,tis,0.004319866365079384
6,0.1,100,67,uniform,0.004575199791791719
6,0.1,100,68,complete_rollout,0.00027064894232073404
6,0.1,100,68,tis,0.008067934611107944
6,0.1,100,68,uniform,0.0076747330563462736
6,0.1,100,69,complete_rollout,0.0004915466478178764
6,0.1,100,69,tis,0.0504587901081643
6,0.1,100,69,uniform,0.020347433464649324
6,0.1,100,70,complete_rollout,0.0004193756954488925
6,0.1,100,70,tis,0.009749823343895559
6,0.1,100,70,uniform,0.007436683756948684
6,0.1,100,71,complete_rollout,0.0004946996297402122
6,0.1,100,71,tis,0.014785723991074579
6,0.1,100,71,uniform,0.024232123132081094
6,0.1,100,72,complete_rollout,0.0013857838740592926
6,0.1,100,72,tis,0.005829760486318738
6,0.1,100,72,uniform,0.005767260673177261
6,0.1,100,73,complete_rollout,0.0003586756583902044
6,0.1,100,73,tis,0.006302925477935208
6,0.1,100,73,uniform,0.013803075403699176
6,0.1,100,74,complete_rollout,0.0007845509390682548
6,0.1,100,74,tis,0.006072089772588363
6,0.1,100,74,uniform,0.012277304821422941
6,0.1,100,75,complete_rollout,0.0008175182154060203
6,0.1,100,75,tis,0.0014744900979493008
6,0.1,100,75,uniform,0.010075116514196302
6,0.1,100,76,complete_rollout,0.00048552177384038266
6,0.1,100,76,tis,0.005156947562711506
6,0.1,100,76,uniform,0.008345881918861927
6,0.1,100,77,complete_rollout,0.00017361314271526434
6,0.1,100,77,tis,0.012184942956170265
6,0.1,100,77,uniform,0.010510464034205804
6,0.1,100,78,complete_rollout,0.0004823711618514758
6,0.1,100,78,tis,0.0043079342628063125
6,0.1,100,78,uniform,0.004489678614496142
6,0.1,100,79,complete_rollout,0.00043044704450721766
6,0.1,100,79,tis,0.0060748146040712795
6,0.1,100,79,uniform,0.005036178202686823
6,0.1,100,80,complete_rollout,0.0005461978371016892
6,0.1,100,80,tis,0.008909189168817068
6,0.1,100,80,uniform,0.011743059364187023
6,0.1,100,81,complete_rollout,0.0005115508552664249
6,0.1,100,81,tis,0.00492094133976048
6,0.1,100,81,uniform,0.0029493744219168836
6,0.1,100,82,complete_rollout,0.0005727739467115281
6,0.1,100,82,tis,0.004609335429294268
6,0.1,100,82,uniform,0.004167681713495051
6,0.1,100,83,complete_rollout,0.00037289610821442007
6,0.1,100,83,tis,0.011717347615515123
6,0.1,100,83,uniform,0.016734620748624557
6,0.1,100,84,complete_rollout,0.0006743357372554424
6,0.1,100,84,tis,0.0200897495903174
6,0.1,100,84,uniform,0.02404184197862529
6,0.1,100,85,complete_rollout,0.0007306703440420818
6,0.1,100,85,tis,0.015301371794212783
6,0.1,100,85,uniform,0.005212375579166219
6,0.1,100,86,complete_rollout,0.0006633219669839631
6,0.1,100,86,tis,0.004403918529035393
6,0.1,100,86,uniform,0.014585610349245067
6,0.1,100,87,complete_rollout,0.0004476264519539915
6,0.1,100,87,tis,0.007797856549947539
6,0.1,100,87,uniform,0.006051705089285043
6,0.1,100,88,complete_rollout,0.0003802009395253912
6,0.1,100,88,tis,0.013516880881147279
6,0.1,100,88,uniform,0.008912894531799274
6,0.1,100,89,complete_rollout,0.0008872355072895505
6,0.1,100,89,tis,0.005346334591712419
6,0.1,100,89,uniform,0.01510050915565306
6,0.1,100,90,complete_rollout,0.0013497782805791322
6,0.1,100,90,tis,0.006628891484087162
6,0.1,100,90,uniform,0.009461705802172708
6,0.1,100,91,complete_rollout,0.0006722592692244908
6,0.1,100,91,tis,0.013092770405880206
6,0.1,100,91,uniform,0.011206326263307939
6,0.1,100,92,complete_rollout,0.0004726387255387366
6,0.1,100,92,tis,0.006625503945513758
6,0.1,100,92,uniform,0.005612139553690184
6,0.1,100,93,complete_rollout,0.0006335186488458946
6,0.1,100,93,tis,0.004318185442331531
6,0.1,100,93,uniform,0.011265648899704423
6,0.1,100,94,complete_rollout,0.0009534901773785516
6,0.1,100,94,tis,0.0033048524712422844
6,0.1,100,94,uniform,0.00665448511444035
6,0.1,100,95,complete_rollout,0.0002744659421539317
6,0.1,100,95,tis,0.002151554671404401
6,0.1,100,95,uniform,0.0028720416659707808
6,0.1,100,96,complete_rollout,0.0005861503712358764
6,0.1,100,96,tis,0.008296778325931412
6,0.1,100,96,uniform,0.009913381666465486
6,0.1,100,97,complete_rollout,0.0009642372572705624
6,0.1,100,97,tis,0.010186927181626386
6,0.1,100,97,uniform,0.008339826606634787
6,0.1,100,98,complete_rollout,0.0005274355610239273
6,0.1,100,98,tis,0.02161382643169445
6,0.1,100,98,uniform,0.013877733986716621
6,0.1,100,99,complete_rollout,0.0005505355040046222
6,0.1,100,99,tis,0.006379252922587602
6,0.1,100,99,uniform,0.007476823583279634
6,0.1,100,100,complete_rollout,0.0007267452814323077
6,0.1,100,100,tis,0.004339367672825083
6,0.1,100,100,uniform,0.008054223974051462
6,0.1,100,101,complete_rollout,0.00039412152006289964
6,0.1,100,101,tis,0.03268704187837566
6,0.1,100,101,uniform,0.00891986521437139
6,0.1,100,102,complete_rollout,0.0003608291534818641
6,0.1,100,102,tis,0.010497867927320163
6,0.1,100,102,uniform,0.008540732251175243
6,0.1,100,103,complete_rollout,0.0007760483651840171
6,0.1,100,103,tis,0.009311444242605554
6,0.1,100,103,uniform,0.005038290557811026
6,0.1,100,104,complete_rollout,0.00025508530769545885
6,0.1,100,104,tis,0.013717745529308439
6,0.1,100,104,uniform,0.0187316175597006
6,0.1,100,105,complete_rollout,0.0005415364900377313
6,0.1,100,105,tis,0.018480468672801103
6,0.1,100,105,uniform,0.01296555747877706
6,0.1,100,106,complete_rollout,0.000778699173722654
6,0.1,100,106,tis,0.005925966353294277
6,0.1,100,106,uniform,0.013399225608022298
6,0.1,100,107,complete_rollout,0.0008170387616223994
6,0.1,100,107,tis,0.01016760139717382
6,0.1,100,107,uniform,0.004835423568749979
6,0.1,100,108,complete_rollout,0.00101955620684981
6,0.1,100,108,tis,0.005322982169059972
6,0.1,100,108,uniform,0.005372698374018403
6,0.1,100,109,complete_rollout,0.0005103157042219609
6,0.1,100,109,tis,0.0037604051041267494
6,0.1,100,109,uniform,0.005213743367878558
6,0.1,100,110,complete_rollout,0.0005851222300224218
6,0.1,100,110,tis,0.0014848626237960031
6,0.1,100,110,uniform,0.004806693787708888
6,0.1,100,111,complete_rollout,0.0006431946134092694
6,0.1,100,111,tis,0.011231137189356907
6,0.1,100,111,uniform,0.003356024867788525
6,0.1,100,112,complete_rollout,0.00038888817860873245
6,0.1,100,112,tis,0.006394742564919686
6,0.1,100,112,uniform,0.008212991194568971
6,0.1,100,113,complete_rollout,0.0007308766047174826
6,0.1,100,113,tis,0.036963640182455466
6,0.1,100,113,uniform,0.041306345273626026
6,0.1,100,114,complete_rollout,0.0005564092516573783
6,0.1,100,114,tis,0.004104768733074233
6,0.1,100,114,uniform,0.005595396339157336
6,0.1,100,115,complete_rollout,0.0007889997068829764
6,0.1,100,115,tis,0.005290305527030614
6,0.1,100,115,uniform,0.01581049223664762
6,0.1,100,116,complete_rollout,0.0007494152951805419
6,0.1,100,116,tis,0.012934692519535888
6,0.1,100,116,uniform,0.007218681631250049
6,0.1,100,117,complete_rollout,0.0005512565024596258
6,0.1,100,117,tis,0.00767998246484702
6,0.1,100,117,uniform,0.007846850225429181
6,0.1,100,118,complete_rollout,0.0009064634605417748
6,0.1,100,118,tis,0.004953078652273131
6,0.1,100,118,uniform,0.06817872578966895
6,0.1,100,119,complete_rollout,0.00023731946455681275
6,0.1,100,119,tis,0.011190319861703695
6,0.1,100,119,uniform,0.003899274134048692
6,0.1,100,120,complete_rollout,0.00032326758623119723
6,0.1,100,120,tis,0.002242289598613291
6,0.1,100,120,uniform,0.005671666374720363
6,0.1,100,121,complete_rollout,0.0008776421619046872
6,0.1,100,121,tis,0.009154307933472303
6,0.1,100,121,uniform,0.021483311256803684
6,0.1,100,122,complete_rollout,0.0006586739749536055
6,0.1,100,122,tis,0.0058392066965031585
6,0.1,100,122,uniform,0.015537656369717618
6,0.1,100,123,complete_rollout,0.0007979606203535992
6,0.1,100,123,tis,0.006279673867810941
6,0.1,100,123,uniform,0.005053338679589372
6,0.1,100,124,complete_rollout,0.000821657984391112
6,0.1,100,124,tis,0.002868981422157419
6,0.1,100,124,uniform,0.006982032880470629
6,0.1,100,125,complete_rollout,0.0003823545380466748
6,0.1,100,125,tis,0.01357311533898166
6,0.1,100,125,uniform,0.004063117232994141
6,0.1,100,126,complete_rollout,0.0006830364399692842
6,0.1,100,126,tis,0.006491648971051737
6,0.1,100,126,uniform,0.004676321760034887
6,0.1,100,127,complete_rollout,0.0004174828923471195
6,0.1,100,127,tis,0.07316630156557397
6,0.1,100,127,uniform,0.005292261272460945
6,0.1,100,128,complete_rollout,0.0007008238813792325
6,0.1,100,128,tis,0.00916453287242771
6,0.1,100,128,uniform,0.009781054262700593
6,0.1,100,129,complete_rollout,0.00027829652389051667
6,0.1,100,129,tis,0.0193051775128578
6,0.1,100,129,uniform,0.006683272164687397
6,0.1,100,130,complete_rollout,0.0001927648840224425
6,0.1,100,130,tis,0.006938466208669198
6,0.1,100,130,uniform,0.0056123248185106275
6,0.1,100,131,complete_rollout,0.00037149259015337155
6,0.1,100,131,tis,0.006301058252273883
6,0.1,100,131,uniform,0.006285663847567606
6,0.1,100,132,complete_rollout,0.0006160671694548504
6,0.1,100,132,tis,0.0016310770085534569
6,0.1,100,132,uniform,0.0035201441831604653
6,0.1,100,133,complete_rollout,0.0003776616579325828
6,0.1,100,133,tis,0.006702352015801278
6,0.1,100,133,uniform,0.012401861740992613
6,0.1,100,134,complete_rollout,0.0004969801793440126
6,0.1,100,134,tis,0.004351191641604398
6,0.1,100,134,uniform,0.004479649929964595
6,0.1,100,135,complete_rollout,0.0005568890335082706
6,0.1,100,135,tis,0.004402487227473314
6,0.1,100,135,uniform,0.006872539912424661
6,0.1,100,136,complete_rollout,0.0003468009154442076
6,0.1,100,136,tis,0.0073786000942788026
6,0.1,100,136,uniform,0.0035278172096854976
6,0.1,100,137,complete_rollout,0.00034645909001319067
6,0.1,100,137,tis,0.0050531119467694535
6,0.1,100,137,uniform,0.009394274897217414
6,0.1,100,138,complete_rollout,0.000462443573293036
6,0.1,100,138,tis,0.003652294075628824
6,0.1,100,138,uniform,0.009258661248939565
6,0.1,100,139,complete_rollout,0.000567068805662925
6,0.1,100,139,tis,0.013019016918317956
6,0.1,100,139,uniform,0.00719174734722257
6,0.1,100,140,complete_rollout,0.0003032769355253578
6,0.1,100,140,tis,0.005759966370833916
6,0.1,100,140,uniform,0.013341660845721389
6,0.1,100,141,complete_rollout,0.0007409573256399725
6,0.1,100,141,tis,0.007309759240490447
6,0.1,100,141,uniform,0.004540434282282539
6,0.1,100,142,complete_rollout,0.0009534603456698052
6,0.1,100,142,tis,0.0081123412015118
6,0.1,100,142,uniform,0.010750607144348143
6,0.1,100,143,complete_rollout,0.0003804743612437917
6,0.1,100,143,tis,0.011612098082982157
6,0.1,100,143,uniform,0.07090727024974278
6,0.1,100,144,complete_rollout,0.0006897831125458478
6,0.1,100,144,tis,0.0027268882924338708
6,0.1,100,144,uniform,0.008602104102973315
6,0.1,100,145,complete_rollout,0.0005142005362441275
6,0.1,100,145,tis,0.0023040353238156165
6,0.1,100,145,uniform,0.0029768509231047854
6,0.1,100,146,complete_rollout,0.0004772001425950332
6,0.1,100,146,tis,0.006393559431832057
6,0.1,100,146,uniform,0.009215362654771374
6,0.1,100,147,complete_rollout,0.0008530592401932548
6,0.1,100,147,tis,0.010018357465951123
6,0.1,100,147,uniform,0.022144283080130313
6,0.1,100,148,complete_rollout,0.0008217111320615323
6,0.1,100,148,tis,0.007208351210645321
6,0.1,100,148,uniform,0.007574526131386563
6,0.1,100,149,complete_rollout,0.00021003931692167906
6,0.1,100,149,tis,0.00631105384744168
6,0.1,100,149,uniform,0.013002043060984084
6,0.1,100,150,complete_rollout,0.0003411463830537256
6,0.1,100,150,tis,0.007201758900463562
6,0.1,100,150,uniform,0.008312518045845967
6,0.1,100,151,complete_rollout,0.0007819538948052579
6,0.1,100,151,tis,0.003238189033510744
6,0.1,100,151,uniform,0.00945810187413652
6,0.1,100,152,complete_rollout,0.0005081331444960548
6,0.1,100,152,tis,0.0042910337741868245
6,0.1,100,152,uniform,0.004977308324353091
6,0.1,100,153,complete_rollout,0.0007428818445766152
6,0.1,100,153,tis,0.0046454814929572045
6,0.1,100,153,uniform,0.008055012460075426
6,0.1,100,154,complete_rollout,0.0012942520772771652
6,0.1,100,154,tis,0.004674131348934561
6,0.1,100,154,uniform,0.02322643857900679
6,0.1,100,155,complete_rollout,0.0005675213072157113
6,0.1,100,155,tis,0.0104203269705077
6,0.1,100,155,uniform,0.0037816454850927174
6,0.1,100,156,complete_rollout,0.0003246161709235724
6,0.1,100,156,tis,0.005565722491473885
6,0.1,100,156,uniform,0.0052575018123565105
6,0.1,100,157,complete_rollout,0.000502966626113959
6,0.1,100,157,tis,0.0035718328039735943
6,0.1,100,157,uniform,0.008124799216497851
6,0.1,100,158,complete_rollout,0.00037949892188599574
6,0.1,100,158,tis,0.0035021806860977976
6,0.1,100,158,uniform,0.015907199016128533
6,0.1,100,159,complete_rollout,0.0008427472899312107
6,0.1,100,159,tis,0.02462912783161851
6,0.1,100,159,uniform,0.004456482350385341
6,0.1,100,160,complete_rollout,0.00028049606797652104
6,0.1,100,160,tis,0.006441666111473347
6,0.1,100,160,uniform,0.0036247377577680842
6,0.1,100,161,complete_rollout,0.000510070370107691
6,0.1,100,161,tis,0.005072839127706005
6,0.1,100,161,uniform,0.005352942305165193
6,0.1,100,162,complete_rollout,0.0005399785639918219
6,0.1,100,162,tis,0.015137242280055996
6,0.1,100,162,uniform,0.007715955400381153
6,0.1,100,163,complete_rollout,0.000504097032729204
6,0.1,100,163,tis,0.0019708330452885034
6,0.1,100,163,uniform,0.005011657694013138
6,0.1,100,164,complete_rollout,0.00033825349024863385
6,0.1,100,164,tis,0.006341527596479619
6,0.1,100,164,uniform,0.004900440218643283
6,0.1,100,165,complete_rollout,0.0005520318538932939
6,0.1,100,165,tis,0.006079961433758326
6,0.1,100,165,uniform,0.015059784072282274
6,0.1,100,166,complete_rollout,0.00036885976059753946
6,0.1,100,166,tis,0.002504626027969734
6,0.1,100,166,uniform,0.004829444813043352
6,0.1,100,167,complete_rollout,0.0007206444907250555
6,0.1,100,167,tis,0.029758183807068142
6,0.1,100,167,uniform,0.018710933426674337
6,0.1,100,168,complete_rollout,0.0004464191157203206
6,0.1,100,168,tis,0.006802998291543702
6,0.1,100,168,uniform,0.00966242714953498
6,0.1,100,169,complete_rollout,0.0007350847693390617
6,0.1,100,169,tis,0.003987035423404004
6,0.1,100,169,uniform,0.011927239992241958
6,0.1,100,170,complete_rollout,0.00039965807713933816
6,0.1,100,170,tis,0.004558603504237497
6,0.1,100,170,uniform,0.028811172208197386
6,0.1,100,171,complete_rollout,0.0005708725140704659
6,0.1,100,171,tis,0.0024619403886337325
6,0.1,100,171,uniform,0.0033338626802300163
6,0.1,100,172,complete_rollout,0.0010251783837952537
6,0.1,100,172,tis,0.003426008810087087
6,0.1,100,172,uniform,0.004834259696329211
6,0.1,100,173,complete_rollout,0.0011602260646159965
6,0.1,100,173,tis,0.006964845763187578
6,0.1,100,173,uniform,0.006739932045288217
6,0.1,100,174,complete_rollout,0.001007775306789697
6,0.1,100,174,tis,0.0036436483130236905
6,0.1,100,174,uniform,0.00395710178335652
6,0.1,100,175,complete_rollout,0.0006565043384912421
6,0.1,100,175,tis,0.006978377566112984
6,0.1,100,175,uniform,0.0100415188358375
6,0.1,100,176,complete_rollout,0.000705167231845266
6,0.1,100,176,tis,0.004053443325261461
6,0.1,100,176,uniform,0.002919450835642765
6,0.1,100,177,complete_rollout,0.0004041782458346404
6,0.1,100,177,tis,0.003787073446083826
6,0.1,100,177,uniform,0.006525653542574586
6,0.1,100,178,complete_rollout,0.0004451784200301243
6,0.1,100,178,tis,0.0047463852911818405
6,0.1,100,178,uniform,0.008252822538256854
6,0.1,100,179,complete_rollout,0.00036843249331958557
6,0.1,100,179,tis,0.00601236969249454
6,0.1,100,179,uniform,0.007855054828592393
6,0.1,100,180,complete_rollout,0.0007290893455302365
6,0.1,100,180,tis,0.00913855083072627
6,0.1,100,180,uniform,0.005792652135506343
6,0.1,100,181,complete_rollout,0.0004480132340881295
6,0.1,100,181,tis,0.004322142879264396
6,0.1,100,181,uniform,0.004382052210259637
6,0.1,100,182,complete_rollout,0.0010965392207510569
6,0.1,100,182,tis,0.009548131938705632
6,0.1,100,182,uniform,0.010912973210038516
6,0.1,100,183,complete_rollout,0.0005573810162054631
6,0.1,100,183,tis,0.005193079068065926
6,0.1,100,183,uniform,0.004296327768283489
6,0.1,100,184,complete_rollout,0.0008184973844195721
6,0.1,100,184,tis,0.006289293711021358
6,0.1,100,184,uniform,0.0052023677567837705
6,0.1,100,185,complete_rollout,0.0005293583653398214
6,0.1,100,185,tis,0.02134995681708137
6,0.1,100,185,uniform,0.009513984917053778
6,0.1,100,186,complete_rollout,0.0004063571001697528
6,0.1,100,186,tis,0.004381792631752055
6,0.1,100,186,uniform,0.023995140265720045
6,0.1,100,187,complete_rollout,0.0006118628136675435
6,0.1,100,187,tis,0.005374612937840841
6,0.1,100,187,uniform,0.004491994383370706
6,0.1,100,188,complete_rollout,0.0005925558210892823
6,0.1,100,188,tis,0.006691332850795594
6,0.1,100,188,uniform,0.0034194138265171035
6,0.1,100,189,complete_rollout,0.0005058980128708674
6,0.1,100,189,tis,0.002896030545565711
6,0.1,100,189,uniform,0.010615307374131131
6,0.1,100,190,complete_rollout,0.0012632196459849028
6,0.1,100,190,tis,0.015920501557555637
6,0.1,100,190,uniform,0.008042987644179666
6,0.1,100,191,complete_rollout,0.0005383523405851654
6,0.1,100,191,tis,0.0040793389559671414
6,0.1,100,191,uniform,0.007586936518581408
6,0.1,100,192,complete_rollout,0.0005822740512867161
6,0.1,100,192,tis,0.002865266471759655
6,0.1,100,192,uniform,0.008474355722063521
6,0.1,100,193,complete_rollout,0.0005183491896707704
6,0.1,100,193,tis,0.005896955204241313
6,0.1,100,193,uniform,0.004644906401965338
6,0.1,100,194,complete_rollout,0.000579717032886871
6,0.1,100,194,tis,0.005108781487637086
6,0.1,100,194,uniform,0.006097677410209579
6,0.1,100,195,complete_rollout,0.00025516049570804405
6,0.1,100,195,tis,0.005361085729862076
6,0.1,100,195,uniform,0.009280771103930626
6,0.1,100,196,complete_rollout,0.0008435446461117065
6,0.1,100,196,tis,0.002758205920186106
6,0.1,100,196,uniform,0.0036614561106649286
6,0.1,100,197,complete_rollout,0.0003519812297682078
6,0.1,100,197,tis,0.005838475764529577
6,0.1,100,197,uniform,0.0049602110832048735
6,0.1,100,198,complete_rollout,0.000780601815252606
6,0.1,100,198,tis,0.008010838006285098
6,0.1,100,198,uniform,0.004959917030508103
6,0.1,100,199,complete_rollout,0.0004817154973237118
6,0.1,100,199,tis,0.001914501058825777
6,0.1,100,199,uniform,0.006765752145594729
6,0.1,100,200,complete_rollout,0.0006511485600132242
6,0.1,100,200,tis,0.004890179130698273
6,0.1,100,200,uniform,0.01029800424069756
6,0.1,100,201,complete_rollout,0.000667690071302602
6,0.1,100,201,tis,0.006571182575389317
6,0.1,100,201,uniform,0.007671177674702544
6,0.1,100,202,complete_rollout,0.0007547624537146735
6,0.1,100,202,tis,0.004386649902450862
6,0.1,100,202,uniform,0.010314530871882874
6,0.1,100,203,complete_rollout,0.0005423036567504027
6,0.1,100,203,tis,0.004524974130322893
6,0.1,100,203,uniform,0.00407370820931648
6,0.1,100,204,complete_rollout,0.0008183419651910435
6,0.1,100,204,tis,0.0028762694262637004
6,0.1,100,204,uniform,0.003924216757676241
6,0.1,100,205,complete_rollout,0.0005428694474708077
6,0.1,100,205,tis,0.01904226365376761
6,0.1,100,205,uniform,0.03068306991971338
6,0.1,100,206,complete_rollout,0.0005154155475530365
6,0.1,100,206,tis,0.00927928215343653
6,0.1,100,206,uniform,0.014188637652971396
6,0.1,100,207,complete_rollout,0.0003279561099285063
6,0.1,100,207,tis,0.014113643083327071
6,0.1,100,207,uniform,0.0037171717429139
6,0.1,100,208,complete_rollout,0.0007972839712554212
6,0.1,100,208,tis,0.005647088169073197
6,0.1,100,208,uniform,0.004920239676443537
6,0.1,100,209,complete_rollout,0.00046315458334892653
6,0.1,100,209,tis,0.0041161099278414
6,0.1,100,209,uniform,0.025556231831455386
6,0.1,100,210,complete_rollout,0.0004353849282182285
6,0.1,100,210,tis,0.004804782520534993
6,0.1,100,210,uniform,0.007325789422708369
6,0.1,100,211,complete_rollout,0.00033722983963156244
6,0.1,100,211,tis,0.009445697645295133
6,0.1,100,211,uniform,0.006813651119763244
6,0.1,100,212,complete_rollout,0.0009766402326771605
6,0.1,100,212,tis,0.011589882945760036
6,0.1,100,212,uniform,0.00551833806966529
6,0.1,100,213,complete_rollout,0.0006513018238651135
6,0.1,100,213,tis,0.004272529128076848
6,0.1,100,213,uniform,0.005542762291599565
6,0.1,100,214,complete_rollout,0.0011243913962125144
6,0.1,100,214,tis,0.013955356789948116
6,0.1,100,214,uniform,0.0057567069422464895
6,0.1,100,215,complete_rollout,0.0006816730361676452
6,0.1,100,215,tis,0.01944744691933415
6,0.1,100,215,uniform,0.008148118583883458
6,0.1,100,216,complete_rollout,0.00033254396428946553
6,0.1,100,216,tis,0.006886711140660542
6,0.1,100,216,uniform,0.037860579997740895
6,0.1,100,217,complete_rollout,0.0003456293583046858
6,0.1,100,217,tis,0.0066453509438944265
6,0.1,100,217,uniform,0.015426253751790514
6,0.1,100,218,complete_rollout,0.0012509349142167546
6,0.1,100,218,tis,0.004002716460181746
6,0.1,100,218,uniform,0.028519243065557757
6,0.1,100,219,complete_rollout,0.0004008834718109221
6,0.1,100,219,tis,0.0031635779303521455
6,0.1,100,219,uniform,0.011187901663708668
6,0.1,100,220,complete_rollout,0.0002644612533734503
6,0.1,100,220,tis,0.006436695567655719
6,0.1,100,220,uniform,0.03151042492024303
6,0.1,100,221,complete_rollout,0.00037416111405969043
6,0.1,100,221,tis,0.004537080479893928
6,0.1,100,221,uniform,0.005223071185988221
6,0.1,100,222,complete_rollout,0.00023861704798920858
6,0.1,100,222,tis,0.00568904398413518
6,0.1,100,222,uniform,0.007091236594186298
6,0.1,100,223,complete_rollout,0.0006409379835498849
6,0.1,100,223,tis,0.004219831765448304
6,0.1,100,223,uniform,0.0072613717064429935
6,0.1,100,224,complete_rollout,0.0002272804008046085
6,0.1,100,224,tis,0.0012922194090006704
6,0.1,100,224,uniform,0.00243830153992729
6,0.1,100,225,complete_rollout,0.00029326750394064176
6,0.1,100,225,tis,0.006006155385599424
6,0.1,100,225,uniform,0.00776061981153463
6,0.1,100,226,complete_rollout,0.0007964721862987425
6,0.1,100,226,tis,0.013592587893992664
6,0.1,100,226,uniform,0.01430425982512063
6,0.1,100,227,complete_rollout,0.0004138886381828381
6,0.1,100,227,tis,0.004110711160685162
6,0.1,100,227,uniform,0.0033469013256587237
6,0.1,100,228,complete_rollout,0.0005963259225113033
6,0.1,100,228,tis,0.04278991695225048
6,0.1,100,228,uniform,0.011174822758387166
6,0.1,100,229,complete_rollout,0.0009220744157175765
6,0.1,100,229,tis,0.0017754110444022358
6,0.1,100,229,uniform,0.015027862561923426
6,0.1,100,230,complete_rollout,0.0006862009795725431
6,0.1,100,230,tis,0.004752751827113558
6,0.1,100,230,uniform,0.010860061068014692
6,0.1,100,231,complete_rollout,0.0003111437911431917
6,0.1,100,231,tis,0.004081135149471613
6,0.1,100,231,uniform,0.0190810885810217
6,0.1,100,232,complete_rollout,0.0004279635446208908
6,0.1,100,232,tis,0.003912704169527136
6,0.1,100,232,uniform,0.0029956717048658403
6,0.1,100,233,complete_rollout,0.0007113997053359356
6,0.1,100,233,tis,0.011063686466491699
6,0.1,100,233,uniform,0.01161890120894774
6,0.1,100,234,complete_rollout,0.0007202292292547817
6,0.1,100,234,tis,0.011136330473117921
6,0.1,100,234,uniform,0.005191901908233951
6,0.1,100,235,complete_rollout,0.00036244079644135314
6,0.1,100,235,tis,0.03435423763681411
6,0.1,100,235,uniform,0.024722598068130375
6,0.1,100,236,complete_rollout,0.0006530465828708703
6,0.1,100,236,tis,0.003559854898129233
6,0.1,100,236,uniform,0.006073514115253159
6,0.1,100,237,complete_rollout,0.0005619336179242352
6,0.1,100,237,tis,0.00450244429703757
6,0.1,100,237,uniform,0.0031567734885755453
6,0.1,100,238,complete_rollout,0.0006739854318142612
6,0.1,100,238,tis,0.00301483684982164
6,0.1,100,238,uniform,0.006242601966595317
6,0.1,100,239,complete_rollout,0.0005167275907916542
6,0.1,100,239,tis,0.012752733991932714
6,0.1,100,239,uniform,0.008441037173971608
6,0.1,100,240,complete_rollout,0.0007002130174865116
6,0.1,100,240,tis,0.01265893525112131
6,0.1,100,240,uniform,0.01210914040352077
6,0.1,100,241,complete_rollout,0.0008177746200951553
6,0.1,100,241,tis,0.007749620455669278
6,0.1,100,241,uniform,0.005432532303386993
6,0.1,100,242,complete_rollout,0.0003423183299554859
6,0.1,100,242,tis,0.008778726370642158
6,0.1,100,242,uniform,0.021851158519842147
6,0.1,100,243,complete_rollout,0.0005979008940998914
6,0.1,100,243,tis,0.006677557929380581
6,0.1,100,243,uniform,0.009080860671273668
6,0.1,100,244,complete_rollout,0.00027467231495412707
6,0.1,100,244,tis,0.007110897343591351
6,0.1,100,244,uniform,0.004328978237300418
6,0.1,100,245,complete_rollout,0.0005702916440420918
6,0.1,100,245,tis,0.0025236318323678805
6,0.1,100,245,uniform,0.005769602357440512
6,0.1,100,246,complete_rollout,0.0006871655267213331
6,0.1,100,246,tis,0.006239687800460641
6,0.1,100,246,uniform,0.01538679040270559
6,0.1,100,247,complete_rollout,0.0007815391710345086
6,0.1,100,247,tis,0.004689069845780012
6,0.1,100,247,uniform,0.007845438153122289
6,0.1,100,248,complete_rollout,0.001255741989194286
6,0.1,100,248,tis,0.012120120182404994
6,0.1,100,248,uniform,0.006338254096481939
6,0.1,100,249,complete_rollout,0.0005881526929392084
6,0.1,100,249,tis,0.0033324072276530825
6,0.1,100,249,uniform,0.006513090660148634
6,0.1,100,250,complete_rollout,0.0007394794456004304
6,0.1,100,250,tis,0.0055274901085948696
6,0.1,100,250,uniform,0.00842852818783222
6,0.1,100,251,complete_rollout,0.0005361291595769509
6,0.1,100,251,tis,0.003470854858807903
6,0.1,100,251,uniform,0.007157369338681884
6,0.1,100,252,complete_rollout,0.0009666727223013774
6,0.1,100,252,tis,0.009194555436305032
6,0.1,100,252,uniform,0.014692212895372488
6,0.1,100,253,complete_rollout,0.0005133185758528671
6,0.1,100,253,tis,0.0036747667806372327
6,0.1,100,253,uniform,0.004174384194231776
6,0.1,100,254,complete_rollout,0.0005594271296905382
6,0.1,100,254,tis,0.002668483263419664
6,0.1,100,254,uniform,0.005313660494008423
6,0.1,100,255,complete_rollout,0.0008782467300743814
6,0.1,100,255,tis,0.004715951191777819
6,0.1,100,255,uniform,0.0047167482099580785
6,0.1,100,256,complete_rollout,0.0010790209315884552
6,0.1,100,256,tis,0.011873461699470839
6,0.1,100,256,uniform,0.01539803593113847
6,0.1,100,257,complete_rollout,0.000311898714745403
6,0.1,100,257,tis,0.00340326436621848
6,0.1,100,257,uniform,0.005471745669321774
6,0.1,100,258,complete_rollout,0.0006117646980747936
6,0.1,100,258,tis,0.011994449715209516
6,0.1,100,258,uniform,0.00816125802913185
6,0.1,100,259,complete_rollout,0.0005445058127745892
6,0.1,100,259,tis,0.004655687035397004
6,0.1,100,259,uniform,0.007562044731078073
6,0.1,100,260,complete_rollout,0.000483922799218154
6,0.1,100,260,tis,0.0043657572087932835
6,0.1,100,260,uniform,0.00603164931811587
6,0.1,100,261,complete_rollout,0.0004962139180720919
6,0.1,100,261,tis,0.0038023269905913763
6,0.1,100,261,uniform,0.010868718146032505
6,0.1,100,262,complete_rollout,0.0008262800011731668
6,0.1,100,262,tis,0.006925660439303248
6,0.1,100,262,uniform,0.011639568511942793
6,0.1,100,263,complete_rollout,0.0001801713725009484
6,0.1,100,263,tis,0.010656221758471087
6,0.1,100,263,uniform,0.004918003964483718
6,0.1,100,264,complete_rollout,0.0006988274667956963
6,0.1,100,264,tis,0.014887429760669976
6,0.1,100,264,uniform,0.004792482718993166
6,0.1,100,265,complete_rollout,0.0009030026527117934
6,0.1,100,265,tis,0.00588175977172179
6,0.1,100,265,uniform,0.004214039465923651
6,0.1,100,266,complete_rollout,0.0011202902397653165
6,0.1,100,266,tis,0.005048383348022452
6,0.1,100,266,uniform,0.0023748992453969113
6,0.1,100,267,complete_rollout,0.0007116639210790335
6,0.1,100,267,tis,0.016947835522784567
6,0.1,100,267,uniform,0.00676274539838661
6,0.1,100,268,complete_rollout,0.0009421743099156281
6,0.1,100,268,tis,0.004681145000303138
6,0.1,100,268,uniform,0.009866377863117776
6,0.1,100,269,complete_rollout,0.001056086828784455
6,0.1,100,269,tis,0.005795243334642845
6,0.1,100,269,uniform,0.00897556395526381
6,0.1,100,270,complete_rollout,0.0005241865695745603
6,0.1,100,270,tis,0.011108946935058803
6,0.1,100,270,uniform,0.0069544508037149575
6,0.1,100,271,complete_rollout,0.0002661047140798728
6,0.1,100,271,tis,0.005606683544771226
6,0.1,100,271,uniform,0.004190963262808386
6,0.1,100,272,complete_rollout,0.00038071843348719904
6,0.1,100,272,tis,0.0068036388305413335
6,0.1,100,272,uniform,0.00641538841795233
6,0.1,100,273,complete_rollout,0.0009044196983873424
6,0.1,100,273,tis,0.028246272198768782
6,0.1,100,273,uniform,0.00839215381310221
6,0.1,100,274,complete_rollout,0.0008353454313103736
6,0.1,100,274,tis,0.004657455564829041
6,0.1,100,274,uniform,0.004717445412569384
6,0.1,100,275,complete_rollout,0.0005932697434042277
6,0.1,100,275,tis,0.003453566580383894
6,0.1,100,275,uniform,0.004493972925697449
6,0.1,100,276,complete_rollout,0.000918118865838004
6,0.1,100,276,tis,0.019566888933693172
6,0.1,100,276,uniform,0.007617867105086615
6,0.1,100,277,complete_rollout,0.0004755199659907231
6,0.1,100,277,tis,0.005269013373218401
6,0.1,100,277,uniform,0.010950645988074794
6,0.1,100,278,complete_rollout,0.00040777928448133767
6,0.1,100,278,tis,0.00961266058081368
6,0.1,100,278,uniform,0.007810471645199627
6,0.1,100,279,complete_rollout,0.0005857572289128905
6,0.1,100,279,tis,0.02529116014771603
6,0.1,100,279,uniform,0.028816785370884248
6,0.1,100,280,complete_rollout,0.00037751891748883347
6,0.1,100,280,tis,0.003196542210886128
6,0.1,100,280,uniform,0.003033118691561728
6,0.1,100,281,complete_rollout,0.0006142024185101628
6,0.1,100,281,tis,0.004953028658058535
6,0.1,100,281,uniform,0.007383333461349151
6,0.1,100,282,complete_rollout,0.0006281805056320046
6,0.1,100,282,tis,0.006093180262308087
6,0.1,100,282,uniform,0.00601953702662072
6,0.1,100,283,complete_rollout,0.0008470353070528027
6,0.1,100,283,tis,0.008915852522284263
6,0.1,100,283,uniform,0.015116454186012061
6,0.1,100,284,complete_rollout,0.0008516893498615122
6,0.1,100,284,tis,0.008044174612841801
6,0.1,100,284,uniform,0.007390047342262314
6,0.1,100,285,complete_rollout,0.0006397946874855307
6,0.1,100,285,tis,0.002999423406477292
6,0.1,100,285,uniform,0.009330998540265848
6,0.1,100,286,complete_rollout,0.0004168115571042229
6,0.1,100,286,tis,0.005940262147373871
6,0.1,100,286,uniform,0.0043028178411721775
6,0.1,100,287,complete_rollout,0.0003570062211650131
6,0.1,100,287,tis,0.013377415261486404
6,0.1,100,287,uniform,0.09998437242242003
6,0.1,100,288,complete_rollout,0.0006762672534925382
6,0.1,100,288,tis,0.006261315759484362
6,0.1,100,288,uniform,0.010315157124182149
6,0.1,100,289,complete_rollout,0.0008631882918174108
6,0.1,100,289,tis,0.007604712127801105
6,0.1,100,289,uniform,0.010700003965060791
6,0.1,100,290,complete_rollout,0.0004914902376761854
6,0.1,100,290,tis,0.007180163067747599
6,0.1,100,290,uniform,0.00900560557375637
6,0.1,100,291,complete_rollout,0.0005603650227074348
6,0.1,100,291,tis,0.019866284070115123
6,0.1,100,291,uniform,0.0091660735129646
6,0.1,100,292,complete_rollout,0.00033000892750665266
6,0.1,100,292,tis,0.0024648516252595925
6,0.1,100,292,uniform,0.007588772049223445
6,0.1,100,293,complete_rollout,0.0003700698935631371
6,0.1,100,293,tis,0.013370011974189038
6,0.1,100,293,uniform,0.010389665868818378
6,0.1,100,294,complete_rollout,0.00021051625305840908
6,0.1,100,294,tis,0.007506920492222798
6,0.1,100,294,uniform,0.0023756833506447827
6,0.1,100,295,complete_rollout,0.0005997086992122143
6,0.1,100,295,tis,0.00678992124876329
6,0.1,100,295,uniform,0.0086763324601546
6,0.1,100,296,complete_rollout,0.0005168853713068737
6,0.1,100,296,tis,0.0024420301090415215
6,0.1,100,296,uniform,0.015223263880711598
6,0.1,100,297,complete_rollout,0.0004281853713491816
6,0.1,100,297,tis,0.0049211336586422235
6,0.1,100,297,uniform,0.0035728395229531478
6,0.1,100,298,complete_rollout,0.00031217316215339353
6,0.1,100,298,tis,0.005313633440392705
6,0.1,100,298,uniform,0.004391246684822135
6,0.1,100,299,complete_rollout,0.0008070001887036285
6,0.1,100,299,tis,0.002786793038425438
6,0.1,100,299,uniform,0.004011472888328033
6,0.1,200,0,complete_rollout,0.0004794513947076184
6,0.1,200,0,tis,0.0040335915942423676
6,0.1,200,0,uniform,0.0035902524438096504
6,0.1,200,1,complete_rollout,0.00018381822388535763
6,0.1,200,1,tis,0.002589725791712035
6,0.1,200,1,uniform,0.003767868014442305
6,0.1,200,2,complete_rollout,0.0003443838104821873
6,0.1,200,2,tis,0.0015939066393094634
6,0.1,200,2,uniform,0.003365630683183073
6,0.1,200,3,complete_rollout,0.00021909350578364753
6,0.1,200,3,tis,0.008105437378564246
6,0.1,200,3,uniform,0.003650370137882394
6,0.1,200,4,complete_rollout,0.0002207769646024109
6,0.1,200,4,tis,0.00479534420353767
6,0.1,200,4,uniform,0.0034126903796625383
6,0.1,200,5,complete_rollout,0.0006143529918630827
6,0.1,200,5,tis,0.004273285546730931
6,0.1,200,5,uniform,0.003510160324772836
6,0.1,200,6,complete_rollout,0.0002478972576649419
6,0.1,200,6,tis,0.026843423486234988
6,0.1,200,6,uniform,0.0032994070073523035
6,0.1,200,7,complete_rollout,0.0001854940079694597
6,0.1,200,7,tis,0.004088034810643222
6,0.1,200,7,uniform,0.0038479941999893185
6,0.1,200,8,complete_rollout,0.00024174049294565408
6,0.1,200,8,tis,0.0039046577078523602
6,0.1,200,8,uniform,0.004630498131656761
6,0.1,200,9,complete_rollout,0.00028046897105383356
6,0.1,200,9,tis,0.0034447817686638683
6,0.1,200,9,uniform,0.0031102075840444975
6,0.1,200,10,complete_rollout,0.0003464724363540405
6,0.1,200,10,tis,0.0052617812110850055
6,0.1,200,10,uniform,0.002883801897514391
6,0.1,200,11,complete_rollout,0.0004047300569002493
6,0.1,200,11,tis,0.004187965163321063
6,0.1,200,11,uniform,0.0033955511388635146
6,0.1,200,12,complete_rollout,0.0002737898963127668
6,0.1,200,12,tis,0.0020837942516925482
6,0.1,200,12,uniform,0.0015020538664643824
6,0.1,200,13,complete_rollout,0.0003509738401980564
6,0.1,200,13,tis,0.006108317531849375
6,0.1,200,13,uniform,0.004450020446542357
6,0.1,200,14,complete_rollout,0.00019370499021764787
6,0.1,200,14,tis,0.00770554225065362
6,0.1,200,14,uniform,0.0022555974910062684
6,0.1,200,15,complete_rollout,0.00030818620281682714
6,0.1,200,15,tis,0.0058306212146387315
6,0.1,200,15,uniform,0.007492390818025828
6,0.1,200,16,complete_rollout,0.00019458802310511742
6,0.1,200,16,tis,0.0043695800929871645
6,0.1,200,16,uniform,0.0025791222787363453
6,0.1,200,17,complete_rollout,0.00043640679822481597
6,0.1,200,17,tis,0.00740735636204421
6,0.1,200,17,uniform,0.003667856296687932
6,0.1,200,18,complete_rollout,0.00022828867240909107
6,0.1,200,18,tis,0.002411289624614283
6,0.1,200,18,uniform,0.0020651877408309175
6,0.1,200,19,complete_rollout,0.0003500983671511005
6,0.1,200,19,tis,0.003259447684369586
6,0.1,200,19,uniform,0.0022369822026640867
6,0.1,200,20,complete_rollout,0.00043309811967422445
6,0.1,200,20,tis,0.003991204467944091
6,0.1,200,20,uniform,0.005795530507887347
6,0.1,200,21,complete_rollout,0.00019107358625777447
6,0.1,200,21,tis,0.004987622819685758
6,0.1,200,21,uniform,0.0036965556575200035
6,0.1,200,22,complete_rollout,0.00020439331267511595
6,0.1,200,22,tis,0.002499675606805718
6,0.1,200,22,uniform,0.004448611710597912
6,0.1,200,23,complete_rollout,0.00042858992911206213
6,0.1,200,23,tis,0.00452278441973104
6,0.1,200,23,uniform,0.003228759384915598
6,0.1,200,24,complete_rollout,0.00017181691240221542
6,0.1,200,24,tis,0.005029025974163356
6,0.1,200,24,uniform,0.0022790848582038446
6,0.1,200,25,complete_rollout,0.00020117184542186472
6,0.1,200,25,tis,0.007278867859354133
6,0.1,200,25,uniform,0.0034392771730828065
6,0.1,200,26,complete_rollout,0.0003080170929839405
6,0.1,200,26,tis,0.0009402290213815575
6,0.1,200,26,uniform,0.002490849605624989
6,0.1,200,27,complete_rollout,0.00013400357560065207
6,0.1,200,27,tis,0.01200514592417024
6,0.1,200,27,uniform,0.0026451365419854554
6,0.1,200,28,complete_rollout,0.0003068408791525537
6,0.1,200,28,tis,0.0013133537640133653
6,0.1,200,28,uniform,0.002949337114094369
6,0.1,200,29,complete_rollout,0.00026107010472669256
6,0.1,200,29,tis,0.0011339146688280624
6,0.1,200,29,uniform,0.004145026199212592
6,0.1,200,30,complete_rollout,0.00019208012611276738
6,0.1,200,30,tis,0.003016819789721682
6,0.1,200,30,uniform,0.0047201619932416795
6,0.1,200,31,complete_rollout,0.00021375113703829242
6,0.1,200,31,tis,0.01193328306489809
6,0.1,200,31,uniform,0.002574193827664706
6,0.1,200,32,complete_rollout,0.00026818230089658293
6,0.1,200,32,tis,0.0027454078325793853
6,0.1,200,32,uniform,0.014042848013594525
6,0.1,200,33,complete_rollout,0.00034149707688709577
6,0.1,200,33,tis,0.009228354605107571
6,0.1,200,33,uniform,0.004990356337872365
6,0.1,200,34,complete_rollout,0.00029653371605150105
6,0.1,200,34,tis,0.005404647409724154
6,0.1,200,34,uniform,0.0010686718718986542
6,0.1,200,35,complete_rollout,0.00018455703332541097
6,0.1,200,35,tis,0.004328893060686932
6,0.1,200,35,uniform,0.0028471090526372006
6,0.1,200,36,complete_rollout,7.970004745386205e-05
6,0.1,200,36,tis,0.006638880908623876
6,0.1,200,36,uniform,0.004143786654758645
6,0.1,200,37,complete_rollout,0.00050417889711654
6,0.1,200,37,tis,0.002670681751569314
6,0.1,200,37,uniform,0.00557071678348977
6,0.1,200,38,complete_rollout,0.0002116678603217315
6,0.1,200,38,tis,0.001987233997202397
6,0.1,200,38,uniform,0.0019380156432674785
6,0.1,200,39,complete_rollout,0.00012900106780535102
6,0.1,200,39,tis,0.0027598048989507236
6,0.1,200,39,uniform,0.0035435158722910147
6,0.1,200,40,complete_rollout,0.0002135086014174869
6,0.1,200,40,tis,0.0031728591748394607
6,0.1,200,40,uniform,0.0020756940232795435
6,0.1,200,41,complete_rollout,0.0005824125593793162
6,0.1,200,41,tis,0.002066937727726532
6,0.1,200,41,uniform,0.003687893285831511
6,0.1,200,42,complete_rollout,0.0003237833289903771
6,0.1,200,42,tis,0.0027818231437933723
6,0.1,200,42,uniform,0.0022339204614186263
6,0.1,200,43,complete_rollout,0.000446677791195008
6,0.1,200,43,tis,0.0025504664275971876
6,0.1,200,43,uniform,0.007785027097816416
6,0.1,200,44,complete_rollout,0.0001935105581537341
6,0.1,200,44,tis,0.0032602864244250366
6,0.1,200,44,uniform,0.004245080459355274
6,0.1,200,45,complete_rollout,0.0002502703115983621
6,0.1,200,45,tis,0.0024068720532124123
6,0.1,200,45,uniform,0.0009737289446506728
6,0.1,200,46,complete_rollout,0.00030652824345460986
6,0.1,200,46,tis,0.00850485785908263
6,0.1,200,46,uniform,0.0026609260670686272
6,0.1,200,47,complete_rollout,0.00026563385436299147
6,0.1,200,47,tis,0.04320496171184188
6,0.1,200,47,uniform,0.006522343817365324
6,0.1,200,48,complete_rollout,0.00027040131660826486
6,0.1,200,48,tis,0.0011784613433811196
6,0.1,200,48,uniform,0.004170543260669117
6,0.1,200,49,complete_rollout,0.0003462690553554211
6,0.1,200,49,tis,0.00515928467412954
6,0.1,200,49,uniform,0.004582927816708635
6,0.1,200,50,complete_rollout,0.0004815608339094182
6,0.1,200,50,tis,0.003430312226623971
6,0.1,200,50,uniform,0.009259652638788005
6,0.1,200,51,complete_rollout,0.0003508380571193244
6,0.1,200,51,tis,0.007917100286294582
6,0.1,200,51,uniform,0.0029325637380575656
6,0.1,200,52,complete_rollout,0.00016900193588224936
6,0.1,200,52,tis,0.0010382398771069399
6,0.1,200,52,uniform,0.0022669315849140202
6,0.1,200,53,complete_rollout,0.000322584033923697
6,0.1,200,53,tis,0.020295486140152287
6,0.1,200,53,uniform,0.012125209033384538
6,0.1,200,54,complete_rollout,0.00026973658091279554
6,0.1,200,54,tis,0.002265108674664324
6,0.1,200,54,uniform,0.0025075012645733316
6,0.1,200,55,complete_rollout,0.00023049607410403916
6,0.1,200,55,tis,0.005465253317620653
6,0.1,200,55,uniform,0.0028668027964660414
6,0.1,200,56,complete_rollout,0.00033699188619950107
6,0.1,200,56,tis,0.0020152045287826948
6,0.1,200,56,uniform,0.003002602700000904
6,0.1,200,57,complete_rollout,0.0003089402542807172
6,0.1,200,57,tis,0.004582265351718095
6,0.1,200,57,uniform,0.003104256139993572
6,0.1,200,58,complete_rollout,0.00017793829825936
6,0.1,200,58,tis,0.003795568086338286
6,0.1,200,58,uniform,0.0031768196117958787
6,0.1,200,59,complete_rollout,0.00022120623929460317
6,0.1,200,59,tis,0.005944815819748016
6,0.1,200,59,uniform,0.005212070119986551
6,0.1,200,60,complete_rollout,0.00024284049280957911
6,0.1,200,60,tis,0.014946896700097327
6,0.1,200,60,uniform,0.005053417136145285
6,0.1,200,61,complete_rollout,0.00022744003754522052
6,0.1,200,61,tis,0.0026324708647226676
6,0.1,200,61,uniform,0.014006575817465632
6,0.1,200,62,complete_rollout,0.0004292860268932933
6,0.1,200,62,tis,0.0024358859281274794
6,0.1,200,62,uniform,0.002250117835402107
6,0.1,200,63,complete_rollout,0.00022976976549529487
6,0.1,200,63,tis,0.0036803686022582735
6,0.1,200,63,uniform,0.0029510093759534373
6,0.1,200,64,complete_rollout,0.00045350912250540946
6,0.1,200,64,tis,0.002143841758889608
6,0.1,200,64,uniform,0.0023437902096747096
6,0.1,200,65,complete_rollout,0.0003778973388181404
6,0.1,200,65,tis,0.003300880830260112
6,0.1,200,65,uniform,0.0017151875555015835
6,0.1,200,66,complete_rollout,0.0003355234357293145
6,0.1,200,66,tis,0.004634378120150035
6,0.1,200,66,uniform,0.002615935578276117
6,0.1,200,67,complete_rollout,0.00031261288803483564
6,0.1,200,67,tis,0.0024694122151160177
6,0.1,200,67,uniform,0.0041145058132255495
6,0.1,200,68,complete_rollout,0.00060115805338052
6,0.1,200,68,tis,0.0033367112287349685
6,0.1,200,68,uniform,0.0022423654080370612
6,0.1,200,69,complete_rollout,0.00024229078570085292
6,0.1,200,69,tis,0.0012957610978014955
6,0.1,200,69,uniform,0.003224884960460007
6,0.1,200,70,complete_rollout,0.00027636231762044784
6,0.1,200,70,tis,0.003163486156541446
6,0.1,200,70,uniform,0.0040894406833246275
6,0.1,200,71,complete_rollout,0.0002930268024570103
6,0.1,200,71,tis,0.003931622373068683
6,0.1,200,71,uniform,0.0025615889998719553
6,0.1,200,72,complete_rollout,0.00034688980512854155
6,0.1,200,72,tis,0.0070749848985258565
6,0.1,200,72,uniform,0.006932096732486057
6,0.1,200,73,complete_rollout,0.0004649269707742455
6,0.1,200,73,tis,0.0006870449175758684
6,0.1,200,73,uniform,0.0034130567968003863
6,0.1,200,74,complete_rollout,0.0002936989527636107
6,0.1,200,74,tis,0.004172404068190811
6,0.1,200,74,uniform,0.00626493930261195
6,0.1,200,75,complete_rollout,0.0002457393146385209
6,0.1,200,75,tis,0.0013116900115438125
6,0.1,200,75,uniform,0.00508510764769218
6,0.1,200,76,complete_rollout,0.00031316776285529114
6,0.1,200,76,tis,0.0024278979182777278
6,0.1,200,76,uniform,0.0025641955000689936
6,0.1,200,77,complete_rollout,0.00019639701376643212
6,0.1,200,77,tis,0.005505969182195347
6,0.1,200,77,uniform,0.0018880135247863576
6,0.1,200,78,complete_rollout,0.0003287258552467467
6,0.1,200,78,tis,0.003152134427531461
6,0.1,200,78,uniform,0.0026421618269617687
6,0.1,200,79,complete_rollout,0.0004449250969479732
6,0.1,200,79,tis,0.0017933958853972574
6,0.1,200,79,uniform,0.003899879538670609
6,0.1,200,80,complete_rollout,0.00025553312709824985
6,0.1,200,80,tis,0.00293968433124797
6,0.1,200,80,uniform,0.0017765252134889944
6,0.1,200,81,complete_rollout,0.0003380820983782789
6,0.1,200,81,tis,0.001906435934390192
6,0.1,200,81,uniform,0.011633870673719621
6,0.1,200,82,complete_rollout,0.0003112661945785871
6,0.1,200,82,tis,0.0043483971353743996
6,0.1,200,82,uniform,0.005006122089720151
6,0.1,200,83,complete_rollout,0.00016513921784994858
6,0.1,200,83,tis,0.001710152128560374
6,0.1,200,83,uniform,0.0029822073142461766
6,0.1,200,84,complete_rollout,0.00014098095961495948
6,0.1,200,84,tis,0.0039011789073073147
6,0.1,200,84,uniform,0.006328040427617158
6,0.1,200,85,complete_rollout,0.00039537589823418983
6,0.1,200,85,tis,0.0007974768327455519
6,0.1,200,85,uniform,0.0034982303698094987
6,0.1,200,86,complete_rollout,0.00027896742667384375
6,0.1,200,86,tis,0.021859414518613368
6,0.1,200,86,uniform,0.0209982983500981
6,0.1,200,87,complete_rollout,0.00025382164149232404
6,0.1,200,87,tis,0.0038392625960590775
6,0.1,200,87,uniform,0.0038201119598979677
6,0.1,200,88,complete_rollout,0.0005572530249470701
6,0.1,200,88,tis,0.04423773484499763
6,0.1,200,88,uniform,0.005679371240093804
6,0.1,200,89,complete_rollout,0.0001187148768862827
6,0.1,200,89,tis,0.0007671043274585719
6,0.1,200,89,uniform,0.005095318500524263
6,0.1,200,90,complete_rollout,0.0004003296980424454
6,0.1,200,90,tis,0.022562199014178386
6,0.1,200,90,uniform,0.00287298093228984
6,0.1,200,91,complete_rollout,0.0003559578155875362
6,0.1,200,91,tis,0.002561541784909718
6,0.1,200,91,uniform,0.004270787703121265
6,0.1,200,92,complete_rollout,0.0003403518729958121
6,0.1,200,92,tis,0.0031457505347819606
6,0.1,200,92,uniform,0.004854208359623208
6,0.1,200,93,complete_rollout,0.0002897437813776767
6,0.1,200,93,tis,0.0034339185128992446
6,0.1,200,93,uniform,0.0022162027427232145
6,0.1,200,94,complete_rollout,0.00015657981703556196
6,0.1,200,94,tis,0.0006786407968514265
6,0.1,200,94,uniform,0.0021673753840544627
6,0.1,200,95,complete_rollout,0.00020738849437824375
6,0.1,200,95,tis,0.003261867447681033
6,0.1,200,95,uniform,0.0030265108652190393
6,0.1,200,96,complete_rollout,0.0003517895218699485
6,0.1,200,96,tis,0.0012912683782390993
6,0.1,200,96,uniform,0.00401356536468795
6,0.1,200,97,complete_rollout,0.00026843053658359196
6,0.1,200,97,tis,0.0018999354870392676
6,0.1,200,97,uniform,0.0030014623390803136
6,0.1,200,98,complete_rollout,0.00031596263301742156
6,0.1,200,98,tis,0.0006344650642735999
6,0.1,200,98,uniform,0.004013267210735387
6,0.1,200,99,complete_rollout,0.00019502525802433707
6,0.1,200,99,tis,0.0010513414899722233
6,0.1,200,99,uniform,0.0029943633123882462
6,0.1,200,100,complete_rollout,0.00045220138829686943
6,0.1,200,100,tis,0.006817088540606179
6,0.1,200,100,uniform,0.00275580601889377
6,0.1,200,101,complete_rollout,0.0003274717417337957
6,0.1,200,101,tis,0.0013810488446307765
6,0.1,200,101,uniform,0.003298748295395136
6,0.1,200,102,complete_rollout,0.0002369940338510652
6,0.1,200,102,tis,0.004233429619919755
6,0.1,200,102,uniform,0.004489429080432065
6,0.1,200,103,complete_rollout,0.00023620271984229986
6,0.1,200,103,tis,0.005902834278721854
6,0.1,200,103,uniform,0.0044713539788897114
6,0.1,200,104,complete_rollout,0.00031606492769380666
6,0.1,200,104,tis,0.0054650808248525445
6,0.1,200,104,uniform,0.00465653156176054
6,0.1,200,105,complete_rollout,0.0002870833613867607
6,0.1,200,105,tis,0.003563635469675799
6,0.1,200,105,uniform,0.002873976226483387
6,0.1,200,106,complete_rollout,0.00023295060928660657
6,0.1,200,106,tis,0.004223098075786087
6,0.1,200,106,uniform,0.002536032593787276
6,0.1,200,107,complete_rollout,0.0002717709098587801
6,0.1,200,107,tis,0.007765282781021557
6,0.1,200,107,uniform,0.004151086194842323
6,0.1,200,108,complete_rollout,0.00021664885612488196
6,0.1,200,108,tis,0.0052650769696829325
6,0.1,200,108,uniform,0.002279843834247065
6,0.1,200,109,complete_rollout,0.0003180712594639942
6,0.1,200,109,tis,0.008238690820526638
6,0.1,200,109,uniform,0.0038822692251103607
6,0.1,200,110,complete_rollout,0.00026677739417836296
6,0.1,200,110,tis,0.0035131398090395274
6,0.1,200,110,uniform,0.00448426040360093
6,0.1,200,111,complete_rollout,0.0003561327855304545
6,0.1,200,111,tis,0.005891358493272072
6,0.1,200,111,uniform,0.0025426350620933263
6,0.1,200,112,complete_rollout,0.0002073035042326424
6,0.1,200,112,tis,0.0031833812101351353
6,0.1,200,112,uniform,0.0032005583536146402
6,0.1,200,113,complete_rollout,0.00019418009307457378
6,0.1,200,113,tis,0.028253097014141287
6,0.1,200,113,uniform,0.0027385221218295436
6,0.1,200,114,complete_rollout,0.0002939808371175511
6,0.1,200,114,tis,0.0038040091176516143
6,0.1,200,114,uniform,0.0026796690462751725
6,0.1,200,115,complete_rollout,0.0001599235187594569
6,0.1,200,115,tis,0.006483282628156115
6,0.1,200,115,uniform,0.011788968086857655
6,0.1,200,116,complete_rollout,0.0002636841176718864
6,0.1,200,116,tis,0.008141329730957065
6,0.1,200,116,uniform,0.005990584168657649
6,0.1,200,117,complete_rollout,0.00027435744293732774
6,0.1,200,117,tis,0.0008787410377426053
6,0.1,200,117,uniform,0.0021080548457804104
6,0.1,200,118,complete_rollout,0.0002411751141300718
6,0.1,200,118,tis,0.0010697723749616692
6,0.1,200,118,uniform,0.004102397580956398
6,0.1,200,119,complete_rollout,0.00043434039054127235
6,0.1,200,119,tis,0.006555512972990313
6,0.1,200,119,uniform,0.002175761321687593
6,0.1,200,120,complete_rollout,0.00020354741483695607
6,0.1,200,120,tis,0.004282830854017664
6,0.1,200,120,uniform,0.003195886700457486
6,0.1,200,121,complete_rollout,0.00040182006010307665
6,0.1,200,121,tis,0.005399129817695492
6,0.1,200,121,uniform,0.004564202992771223
6,0.1,200,122,complete_rollout,0.00015829251275598612
6,0.1,200,122,tis,0.006267037470071947
6,0.1,200,122,uniform,0.0025326526657325466
6,0.1,200,123,complete_rollout,0.00019175810339614239
6,0.1,200,123,tis,0.002464997855657124
6,0.1,200,123,uniform,0.0042331164342004415
6,0.1,200,124,complete_rollout,0.00015119860809088603
6,0.1,200,124,tis,0.0017390214739561815
6,0.1,200,124,uniform,0.005590108715213944
6,0.1,200,125,complete_rollout,0.00018911344029783715
6,0.1,200,125,tis,0.0041855412021881205
6,0.1,200,125,uniform,0.011471126504651182
6,0.1,200,126,complete_rollout,0.00018273116365392046
6,0.1,200,126,tis,0.008330696544632053
6,0.1,200,126,uniform,0.005100909298825247
6,0.1,200,127,complete_rollout,0.00015592449785083165
6,0.1,200,127,tis,0.006167251663548605
6,0.1,200,127,uniform,0.004232548157280398
6,0.1,200,128,complete_rollout,0.00026817349658042866
6,0.1,200,128,tis,0.008542562184856287
6,0.1,200,128,uniform,0.0033301162398066504
6,0.1,200,129,complete_rollout,0.00023472305515979293
6,0.1,200,129,tis,0.01080539369163647
6,0.1,200,129,uniform,0.003189546453217062
6,0.1,200,130,complete_rollout,0.0005805834256266922
6,0.1,200,130,tis,0.012225858640978648
6,0.1,200,130,uniform,0.004246301590351245
6,0.1,200,131,complete_rollout,0.00015971194652619994
6,0.1,200,131,tis,0.0041119379241838765
6,0.1,200,131,uniform,0.003197262058510508
6,0.1,200,132,complete_rollout,0.00034961907519478043
6,0.1,200,132,tis,0.008719972408056362
6,0.1,200,132,uniform,0.00588847654877081
6,0.1,200,133,complete_rollout,0.00037833522841074414
6,0.1,200,133,tis,0.002976884079663687
6,0.1,200,133,uniform,0.0018836379206935011
6,0.1,200,134,complete_rollout,7.250828192761446e-05
6,0.1,200,134,tis,0.002221020584596295
6,0.1,200,134,uniform,0.0028947818346178426
6,0.1,200,135,complete_rollout,0.00010643959881129356
6,0.1,200,135,tis,0.014011737791750611
6,0.1,200,135,uniform,0.001610893553672907
6,0.1,200,136,complete_rollout,0.0002396378369338063
6,0.1,200,136,tis,0.003277016175978708
6,0.1,200,136,uniform,0.006411558320340403
6,0.1,200,137,complete_rollout,0.00035643242728806615
6,0.1,200,137,tis,0.0016710799079335066
6,0.1,200,137,uniform,0.0013423170696276775
6,0.1,200,138,complete_rollout,0.00047027997650182107
6,0.1,200,138,tis,0.003413796074342376
6,0.1,200,138,uniform,0.003216909011760186
6,0.1,200,139,complete_rollout,0.0007572382139361217
6,0.1,200,139,tis,0.003228106788662225
6,0.1,200,139,uniform,0.0051861083702461775
6,0.1,200,140,complete_rollout,0.00041113907733013956
6,0.1,200,140,tis,0.003289859038512116
6,0.1,200,140,uniform,0.003716762120121854
6,0.1,200,141,complete_rollout,0.00014991256451209246
6,0.1,200,141,tis,0.002498341203010288
6,0.1,200,141,uniform,0.004027091139517904
6,0.1,200,142,complete_rollout,0.0002574588834411397
6,0.1,200,142,tis,0.008847367205747976
6,0.1,200,142,uniform,0.0038043848538869573
6,0.1,200,143,complete_rollout,0.0001781075945098441
6,0.1,200,143,tis,0.0025214188317503185
6,0.1,200,143,uniform,0.011507593311689839
6,0.1,200,144,complete_rollout,0.0002640509535664713
6,0.1,200,144,tis,0.0024087510194541143
6,0.1,200,144,uniform,0.002119722511607429
6,0.1,200,145,complete_rollout,0.00036033146889901654
6,0.1,200,145,tis,0.004827386615806695
6,0.1,200,145,uniform,0.0026314553412333645
6,0.1,200,146,complete_rollout,0.00017960753607310426
6,0.1,200,146,tis,0.004105280894650819
6,0.1,200,146,uniform,0.00437353860424067
6,0.1,200,147,complete_rollout,0.0002759375236985769
6,0.1,200,147,tis,0.004680965659313878
6,0.1,200,147,uniform,0.0040256390035148274
6,0.1,200,148,complete_rollout,0.0001907946300914865
6,0.1,200,148,tis,0.0013853082169524163
6,0.1,200,148,uniform,0.0035407861303090003
6,0.1,200,149,complete_rollout,0.0002519049165562009
6,0.1,200,149,tis,0.0026744005843540065
6,0.1,200,149,uniform,0.0012944150879103712
6,0.1,200,150,complete_rollout,0.00041456624063721794
6,0.1,200,150,tis,0.0039850139990764725
6,0.1,200,150,uniform,0.0028774479285915092
6,0.1,200,151,complete_rollout,0.0004493689102957942
6,0.1,200,151,tis,0.0018687270361911286
6,0.1,200,151,uniform,0.0031378736843378752
6,0.1,200,152,complete_rollout,0.00036045884178402364
6,0.1,200,152,tis,0.002972662384873597
6,0.1,200,152,uniform,0.005919328732457031
6,0.1,200,153,complete_rollout,0.00017558372908227
6,0.1,200,153,tis,0.020146179351356604
6,0.1,200,153,uniform,0.004115208902927665
6,0.1,200,154,complete_rollout,0.0003329291158259547
6,0.1,200,154,tis,0.004097795561703865
6,0.1,200,154,uniform,0.003563081691940251
6,0.1,200,155,complete_rollout,0.00016196958097191484
6,0.1,200,155,tis,0.0028012740011594084
6,0.1,200,155,uniform,0.004608584269704822
6,0.1,200,156,complete_rollout,0.0004146683847146043
6,0.1,200,156,tis,0.0044280925703936444
6,0.1,200,156,uniform,0.0018846293885999954
6,0.1,200,157,complete_rollout,0.0002997146266425177
6,0.1,200,157,tis,0.007244577729094715
6,0.1,200,157,uniform,0.0030253860077738125
6,0.1,200,158,complete_rollout,0.00030199845892459656
6,0.1,200,158,tis,0.002520530557856228
6,0.1,200,158,uniform,0.0031893643641360235
6,0.1,200,159,complete_rollout,0.0002496839474322593
6,0.1,200,159,tis,0.003026318290734499
6,0.1,200,159,uniform,0.004463982783522973
6,0.1,200,160,complete_rollout,0.00028115087480620743
6,0.1,200,160,tis,0.00302580345804067
6,0.1,200,160,uniform,0.006965243140460205
6,0.1,200,161,complete_rollout,0.00020755684887326288
6,0.1,200,161,tis,0.011060427103238877
6,0.1,200,161,uniform,0.010795312062248421
6,0.1,200,162,complete_rollout,0.00042844505347837213
6,0.1,200,162,tis,0.004230328435059651
6,0.1,200,162,uniform,0.002702332221318847
6,0.1,200,163,complete_rollout,0.00018612369205086958
6,0.1,200,163,tis,0.003450108408528191
6,0.1,200,163,uniform,0.0015867607363467464
6,0.1,200,164,complete_rollout,0.0006781944878330508
6,0.1,200,164,tis,0.0018957904169090887
6,0.1,200,164,uniform,0.0028632939570818554
6,0.1,200,165,complete_rollout,0.0004441184379499087
6,0.1,200,165,tis,0.0031683751529724565
6,0.1,200,165,uniform,0.0036832466877489757
6,0.1,200,166,complete_rollout,0.0001805600928458902
6,0.1,200,166,tis,0.004800664322594058
6,0.1,200,166,uniform,0.004720206570739167
6,0.1,200,167,complete_rollout,0.0002598896945197737
6,0.1,200,167,tis,0.004587939113449839
6,0.1,200,167,uniform,0.0020822378819604953
6,0.1,200,168,complete_rollout,0.0002624676078614341
6,0.1,200,168,tis,0.003569892665381962
6,0.1,200,168,uniform,0.0038485050286375276
6,0.1,200,169,complete_rollout,0.0003432328330566202
6,0.1,200,169,tis,0.0015565172997147648
6,0.1,200,169,uniform,0.0023275364916086902
6,0.1,200,170,complete_rollout,0.00018979465310053605
6,0.1,200,170,tis,0.00409858304133912
6,0.1,200,170,uniform,0.0028227493549122288
6,0.1,200,171,complete_rollout,0.0003614846022306894
6,0.1,200,171,tis,0.002510142678360791
6,0.1,200,171,uniform,0.003519456047494433
6,0.1,200,172,complete_rollout,0.0002873837095675084
6,0.1,200,172,tis,0.004955645842715668
6,0.1,200,172,uniform,0.0029805600175306017
6,0.1,200,173,complete_rollout,0.00059169145747405
6,0.1,200,173,tis,0.0010041654157480005
6,0.1,200,173,uniform,0.003016092251945793
6,0.1,200,174,complete_rollout,0.00027584110198033735
6,0.1,200,174,tis,0.006267497504586286
6,0.1,200,174,uniform,0.004351649241431466
6,0.1,200,175,complete_rollout,0.00026242591402786733
6,0.1,200,175,tis,0.0016361846206512023
6,0.1,200,175,uniform,0.002314963196621311
6,0.1,200,176,complete_rollout,0.0005314287152159911
6,0.1,200,176,tis,0.0010219121429928732
6,0.1,200,176,uniform,0.0014532217906190038
6,0.1,200,177,complete_rollout,0.0003035420926447243
6,0.1,200,177,tis,0.004096248945882299
6,0.1,200,177,uniform,0.00820411767411769
6,0.1,200,178,complete_rollout,0.0001377272103775424
6,0.1,200,178,tis,0.004394188793937912
6,0.1,200,178,uniform,0.0036026068198754067
6,0.1,200,179,complete_rollout,0.0005925342189463246
6,0.1,200,179,tis,0.0013468116172426889
6,0.1,200,179,uniform,0.0028009888982188508
6,0.1,200,180,complete_rollout,0.00016783520896301063
6,0.1,200,180,tis,0.0017455223019505464
6,0.1,200,180,uniform,0.006384851199349793
6,0.1,200,181,complete_rollout,0.0002612701333397469
6,0.1,200,181,tis,0.0034212053869657117
6,0.1,200,181,uniform,0.0028177665517022128
6,0.1,200,182,complete_rollout,0.00036224509192240027
6,0.1,200,182,tis,0.008059721138069508
6,0.1,200,182,uniform,0.007602242992997496
6,0.1,200,183,complete_rollout,0.00023546670989733215
6,0.1,200,183,tis,0.0006352184561493316
6,0.1,200,183,uniform,0.004467077257993051
6,0.1,200,184,complete_rollout,0.0003411447458270203
6,0.1,200,184,tis,0.005099199473141873
6,0.1,200,184,uniform,0.0030748162900271062
6,0.1,200,185,complete_rollout,0.000492621377231842
6,0.1,200,185,tis,0.005419061781223904
6,0.1,200,185,uniform,0.0022782446968590596
6,0.1,200,186,complete_rollout,0.00024862067980810365
6,0.1,200,186,tis,0.007072600905930748
6,0.1,200,186,uniform,0.0015435190638013708
6,0.1,200,187,complete_rollout,0.0003425830758824411
6,0.1,200,187,tis,0.0024371130068315994
6,0.1,200,187,uniform,0.00258650453758403
6,0.1,200,188,complete_rollout,0.00027911138594357573
6,0.1,200,188,tis,0.003547124908986441
6,0.1,200,188,uniform,0.0021018364282185745
6,0.1,200,189,complete_rollout,0.00027345637643654154
6,0.1,200,189,tis,0.009309835330357645
6,0.1,200,189,uniform,0.005058315748127143
6,0.1,200,190,complete_rollout,0.0002725662798763402
6,0.1,200,190,tis,0.005640514949865377
6,0.1,200,190,uniform,0.0013054727226251464
6,0.1,200,191,complete_rollout,0.00031678202771885975
6,0.1,200,191,tis,0.001808718190659485
6,0.1,200,191,uniform,0.0024418976901312045
6,0.1,200,192,complete_rollout,0.0004244437922243296
6,0.1,200,192,tis,0.004911515535580027
6,0.1,200,192,uniform,0.009531021121468248
6,0.1,200,193,complete_rollout,0.000425144926930397
6,0.1,200,193,tis,0.0031766297870165737
6,0.1,200,193,uniform,0.0027717569748386033
6,0.1,200,194,complete_rollout,0.0002831933527710973
6,0.1,200,194,tis,0.002053239128786449
6,0.1,200,194,uniform,0.0022979221880590514
6,0.1,200,195,complete_rollout,0.0003018125461818729
6,0.1,200,195,tis,0.00401939255254003
6,0.1,200,195,uniform,0.0030132844497376167
6,0.1,200,196,complete_rollout,0.00021690278743137173
6,0.1,200,196,tis,0.010349413925902353
6,0.1,200,196,uniform,0.002216351035835753
6,0.1,200,197,complete_rollout,0.0002727381699085681
6,0.1,200,197,tis,0.005656935988708564
6,0.1,200,197,uniform,0.0032353957428745608
6,0.1,200,198,complete_rollout,0.00034371669516381295
6,0.1,200,198,tis,0.001411884373706445
6,0.1,200,198,uniform,0.003378307105024603
6,0.1,200,199,complete_rollout,0.0002762927181086023
6,0.1,200,199,tis,0.0057425595607272445
6,0.1,200,199,uniform,0.0023300662054580776
6,0.1,200,200,complete_rollout,0.00029021416990721174
6,0.1,200,200,tis,0.006803516822941592
6,0.1,200,200,uniform,0.003157710592119423
6,0.1,200,201,complete_rollout,0.00027435904530747463
6,0.1,200,201,tis,0.003578261833823977
6,0.1,200,201,uniform,0.005372985020270181
6,0.1,200,202,complete_rollout,0.0003524331157501111
6,0.1,200,202,tis,0.04450069485301199
6,0.1,200,202,uniform,0.0026610998460227632
6,0.1,200,203,complete_rollout,0.00026738751584186234
6,0.1,200,203,tis,0.0016147889296086932
6,0.1,200,203,uniform,0.007139972120604517
6,0.1,200,204,complete_rollout,0.0002326521853461297
6,0.1,200,204,tis,0.005991434343916606
6,0.1,200,204,uniform,0.004247648128224421
6,0.1,200,205,complete_rollout,0.00032137566459963107
6,0.1,200,205,tis,0.0026121734780435624
6,0.1,200,205,uniform,0.003273048138261855
6,0.1,200,206,complete_rollout,0.00031042642989286484
6,0.1,200,206,tis,0.006008318998083528
6,0.1,200,206,uniform,0.006074207124356569
6,0.1,200,207,complete_rollout,0.00027822746922590783
6,0.1,200,207,tis,0.004004763680380452
6,0.1,200,207,uniform,0.006243597636260232
6,0.1,200,208,complete_rollout,0.00026868729758222344
6,0.1,200,208,tis,0.003317255813164317
6,0.1,200,208,uniform,0.005672885995194632
6,0.1,200,209,complete_rollout,0.0003076179833849661
6,0.1,200,209,tis,0.004421106357717867
6,0.1,200,209,uniform,0.004840763105201023
6,0.1,200,210,complete_rollout,0.0002226644346128862
6,0.1,200,210,tis,0.0024893185978407486
6,0.1,200,210,uniform,0.008264688798592181
6,0.1,200,211,complete_rollout,0.00020452821046722347
6,0.1,200,211,tis,0.0018924521139581526
6,0.1,200,211,uniform,0.0022332612241411872
6,0.1,200,212,complete_rollout,0.0002317084490978807
6,0.1,200,212,tis,0.002902440586134277
6,0.1,200,212,uniform,0.008497356381577177
6,0.1,200,213,complete_rollout,0.00040204038353891525
6,0.1,200,213,tis,0.00199110637283202
6,0.1,200,213,uniform,0.0032319642784271476
6,0.1,200,214,complete_rollout,0.0002308732207860361
6,0.1,200,214,tis,0.002614137220752115
6,0.1,200,214,uniform,0.0020967472741394927
6,0.1,200,215,complete_rollout,0.00016117732538665163
6,0.1,200,215,tis,0.0036632579508035176
6,0.1,200,215,uniform,0.0036520523144045573
6,0.1,200,216,complete_rollout,0.0004651982524121475
6,0.1,200,216,tis,0.007573698092200076
6,0.1,200,216,uniform,0.002500157788282349
6,0.1,200,217,complete_rollout,0.0001899780576038519
6,0.1,200,217,tis,0.0037893683298426545
6,0.1,200,217,uniform,0.005348937942196238
6,0.1,200,218,complete_rollout,0.00031519844848856414
6,0.1,200,218,tis,0.001580981515332299
6,0.1,200,218,uniform,0.019964366727338877
6,0.1,200,219,complete_rollout,0.00022706246195623486
6,0.1,200,219,tis,0.008646599016305875
6,0.1,200,219,uniform,0.007340277606854122
6,0.1,200,220,complete_rollout,0.00022849526159586772
6,0.1,200,220,tis,0.004813029325999916
6,0.1,200,220,uniform,0.0027989997444316677
6,0.1,200,221,complete_rollout,0.00029106623186283956
6,0.1,200,221,tis,0.0031943247182009173
6,0.1,200,221,uniform,0.007952117783207074
6,0.1,200,222,complete_rollout,0.00019289123060764118
6,0.1,200,222,tis,0.0056380226840312
6,0.1,200,222,uniform,0.00204394617142506
6,0.1,200,223,complete_rollout,0.00030499605864020893
6,0.1,200,223,tis,0.0022978578088898435
6,0.1,200,223,uniform,0.0038619660026881692
6,0.1,200,224,complete_rollout,0.00034016096003290435
6,0.1,200,224,tis,0.0025316683598007273
6,0.1,200,224,uniform,0.0018527627178230044
6,0.1,200,225,complete_rollout,0.00025499271624129273
6,0.1,200,225,tis,0.001410463154923203
6,0.1,200,225,uniform,0.004130403508220389
6,0.1,200,226,complete_rollout,0.0002934281320347492
6,0.1,200,226,tis,0.0030972398876183897
6,0.1,200,226,uniform,0.0033266291537329697
6,0.1,200,227,complete_rollout,0.00027085242570540666
6,0.1,200,227,tis,0.005624051538512082
6,0.1,200,227,uniform,0.005160358204345299
6,0.1,200,228,complete_rollout,0.00023221446779914868
6,0.1,200,228,tis,0.0059136543651504
6,0.1,200,228,uniform,0.0033100273079321
6,0.1,200,229,complete_rollout,0.0001522298087591713
6,0.1,200,229,tis,0.002490167324228837
6,0.1,200,229,uniform,0.002284694426298322
6,0.1,200,230,complete_rollout,0.0002669914067415802
6,0.1,200,230,tis,0.003348329707782737
6,0.1,200,230,uniform,0.0030601089274919797
6,0.1,200,231,complete_rollout,0.00028239706838458027
6,0.1,200,231,tis,0.0030316575036747275
6,0.1,200,231,uniform,0.0025724271404471773
6,0.1,200,232,complete_rollout,0.00019120216697815224
6,0.1,200,232,tis,0.006610081392891317
6,0.1,200,232,uniform,0.001823956837618714
6,0.1,200,233,complete_rollout,0.000915488971683233
6,0.1,200,233,tis,0.0014699475482243692
6,0.1,200,233,uniform,0.001966171509120273
6,0.1,200,234,complete_rollout,0.0003313276492740595
6,0.1,200,234,tis,0.0007113585228516255
6,0.1,200,234,uniform,0.002582447486440257
6,0.1,200,235,complete_rollout,0.0003112919239879122
6,0.1,200,235,tis,0.01499588730766216
6,0.1,200,235,uniform,0.007434186147110432
6,0.1,200,236,complete_rollout,0.00023169827452230456
6,0.1,200,236,tis,0.0052344881435660824
6,0.1,200,236,uniform,0.002484453989382373
6,0.1,200,237,complete_rollout,0.0005350005250752218
6,0.1,200,237,tis,0.0010621626056752818
6,0.1,200,237,uniform,0.0022053099222650407
6,0.1,200,238,complete_rollout,0.00010867210840702407
6,0.1,200,238,tis,0.0026803601765036985
6,0.1,200,238,uniform,0.002703021319068273
6,0.1,200,239,complete_rollout,0.0003042220161528663
6,0.1,200,239,tis,0.0033784225405205587
6,0.1,200,239,uniform,0.0023008181147181482
6,0.1,200,240,complete_rollout,0.00031465235566189735
6,0.1,200,240,tis,0.0040988936392128035
6,0.1,200,240,uniform,0.0031038751051316645
6,0.1,200,241,complete_rollout,0.0002529419103351273
6,0.1,200,241,tis,0.003375311540480176
6,0.1,200,241,uniform,0.004068667643926593
6,0.1,200,242,complete_rollout,0.0003450631442997981
6,0.1,200,242,tis,0.002708994132191932
6,0.1,200,242,uniform,0.011028006046559045
6,0.1,200,243,complete_rollout,0.00021490533601530647
6,0.1,200,243,tis,0.0012093778008326393
6,0.1,200,243,uniform,0.002132165686030731
6,0.1,200,244,complete_rollout,0.0002938233718482596
6,0.1,200,244,tis,0.008194131066542048
6,0.1,200,244,uniform,0.0026028294071869127
6,0.1,200,245,complete_rollout,0.0002838416614810111
6,0.1,200,245,tis,0.0021387851932012235
6,0.1,200,245,uniform,0.0011374909194731449
6,0.1,200,246,complete_rollout,0.00016501306385119713
6,0.1,200,246,tis,0.003928656044163383
6,0.1,200,246,uniform,0.002216455884798547
6,0.1,200,247,complete_rollout,0.00016642690504075654
6,0.1,200,247,tis,0.004103364081840883
6,0.1,200,247,uniform,0.00494513140699249
6,0.1,200,248,complete_rollout,0.0002686499545525927
6,0.1,200,248,tis,0.008523225162052672
6,0.1,200,248,uniform,0.00239804327889567
6,0.1,200,249,complete_rollout,0.00036273441501811636
6,0.1,200,249,tis,0.012047968470542422
6,0.1,200,249,uniform,0.003773367201947656
6,0.1,200,250,complete_rollout,0.00027663957505354045
6,0.1,200,250,tis,0.017934024360472606
6,0.1,200,250,uniform,0.0033546574884605173
6,0.1,200,251,complete_rollout,0.00035834892496548884
6,0.1,200,251,tis,0.005379800078046636
6,0.1,200,251,uniform,0.008782823194492525
6,0.1,200,252,complete_rollout,0.00029096689133226535
6,0.1,200,252,tis,0.004243656153312101
6,0.1,200,252,uniform,0.003105264214420416
6,0.1,200,253,complete_rollout,0.0003378427156807561
6,0.1,200,253,tis,0.001692875995258343
6,0.1,200,253,uniform,0.0027148166062416403
6,0.1,200,254,complete_rollout,0.0002284852817939119
6,0.1,200,254,tis,0.004039519240058771
6,0.1,200,254,uniform,0.001564981763425591
6,0.1,200,255,complete_rollout,0.00032494621177845523
6,0.1,200,255,tis,0.002962954120165667
6,0.1,200,255,uniform,0.004133651540482486
6,0.1,200,256,complete_rollout,0.00045680480011234443
6,0.1,200,256,tis,0.0031740815157315465
6,0.1,200,256,uniform,0.002703128300993929
6,0.1,200,257,complete_rollout,0.00018629104005971636
6,0.1,200,257,tis,0.0031169844372381985
6,0.1,200,257,uniform,0.00404912632524704
6,0.1,200,258,complete_rollout,0.00031405397006337637
6,0.1,200,258,tis,0.001849795430567852
6,0.1,200,258,uniform,0.003209278427411136
6,0.1,200,259,complete_rollout,0.0003138034273345546
6,0.1,200,259,tis,0.0023676419184016713
6,0.1,200,259,uniform,0.002121519925599216
6,0.1,200,260,complete_rollout,0.00015742797127758705
6,0.1,200,260,tis,0.004325003457982718
6,0.1,200,260,uniform,0.0018931569644858124
6,0.1,200,261,complete_rollout,0.0004655613513150437
6,0.1,200,261,tis,0.004048746982722946
6,0.1,200,261,uniform,0.0038077075624400004
6,0.1,200,262,complete_rollout,0.0003235060924548404
6,0.1,200,262,tis,0.001989068433664287
6,0.1,200,262,uniform,0.0014472490718574075
6,0.1,200,263,complete_rollout,0.00018526262762714543
6,0.1,200,263,tis,0.0025011901563127027
6,0.1,200,263,uniform,0.006435779759190381
6,0.1,200,264,complete_rollout,0.00030955432221534086
6,0.1,200,264,tis,0.003523482759303935
6,0.1,200,264,uniform,0.005560471318886789
6,0.1,200,265,complete_rollout,0.0002912063189463163
6,0.1,200,265,tis,0.003755793442466797
6,0.1,200,265,uniform,0.0029600309292537336
6,0.1,200,266,complete_rollout,0.00041199130103084506
6,0.1,200,266,tis,0.0019675635207655343
6,0.1,200,266,uniform,0.0019750562720633434
6,0.1,200,267,complete_rollout,0.00038464259494696505
6,0.1,200,267,tis,0.007282081296993847
6,0.1,200,267,uniform,0.008867812099736964
6,0.1,200,268,complete_rollout,0.00010175762676897707
6,0.1,200,268,tis,0.0008482339285335015
6,0.1,200,268,uniform,0.0034158131570938806
6,0.1,200,269,complete_rollout,9.51312755609803e-05
6,0.1,200,269,tis,0.001186861966404042
6,0.1,200,269,uniform,0.009088053955994681
6,0.1,200,270,complete_rollout,0.00020222021778786608
6,0.1,200,270,tis,0.012374283176981882
6,0.1,200,270,uniform,0.0043112483271183135
6,0.1,200,271,complete_rollout,0.00024120423445245391
6,0.1,200,271,tis,0.003007137447449801
6,0.1,200,271,uniform,0.005402214823872118
6,0.1,200,272,complete_rollout,0.0001448832258168094
6,0.1,200,272,tis,0.005204416982727673
6,0.1,200,272,uniform,0.003001329797792665
6,0.1,200,273,complete_rollout,0.0002231949295045792
6,0.1,200,273,tis,0.002534801562666733
6,0.1,200,273,uniform,0.002296756972499914
6,0.1,200,274,complete_rollout,0.00025767117390876944
6,0.1,200,274,tis,0.0013197482488577572
6,0.1,200,274,uniform,0.004563466603217375
6,0.1,200,275,complete_rollout,0.00027700500605016686
6,0.1,200,275,tis,0.0012514310677770107
6,0.1,200,275,uniform,0.01041219679897103
6,0.1,200,276,complete_rollout,0.0004402278956466094
6,0.1,200,276,tis,0.00315717219979157
6,0.1,200,276,uniform,0.007813840155789944
6,0.1,200,277,complete_rollout,0.0002669199931042135
6,0.1,200,277,tis,0.002796827709072005
6,0.1,200,277,uniform,0.0034121136951857237
6,0.1,200,278,complete_rollout,0.00038784184844850095
6,0.1,200,278,tis,0.0032678184691669124
6,0.1,200,278,uniform,0.0026006421278654667
6,0.1,200,279,complete_rollout,0.00021974782520344364
6,0.1,200,279,tis,0.00934793065550086
6,0.1,200,279,uniform,0.0021979850787996846
6,0.1,200,280,complete_rollout,0.00031125975726963706
6,0.1,200,280,tis,0.0013633957253827943
6,0.1,200,280,uniform,0.003480047152037186
6,0.1,200,281,complete_rollout,0.00024512298158349045
6,0.1,200,281,tis,0.0013227165454909322
6,0.1,200,281,uniform,0.0027635949878374922
6,0.1,200,282,complete_rollout,0.00034705620619460316
6,0.1,200,282,tis,0.0004367048233733086
6,0.1,200,282,uniform,0.002943790409097267
6,0.1,200,283,complete_rollout,0.00028410871094923756
6,0.1,200,283,tis,0.010338168009828782
6,0.1,200,283,uniform,0.0025032037532349443
6,0.1,200,284,complete_rollout,0.00020645728820237912
6,0.1,200,284,tis,0.0040433845843816305
6,0.1,200,284,uniform,0.0032835152937928805
6,0.1,200,285,complete_rollout,0.0002723686224086499
6,0.1,200,285,tis,0.006118364305079352
6,0.1,200,285,uniform,0.005000249087093267
6,0.1,200,286,complete_rollout,0.00039687382550463704
6,0.1,200,286,tis,0.004557953449913376
6,0.1,200,286,uniform,0.0024404039123805434
6,0.1,200,287,complete_rollout,0.00018992095620578984
6,0.1,200,287,tis,0.0023765002158977902
6,0.1,200,287,uniform,0.00254419372723905
6,0.1,200,288,complete_rollout,0.00025797128695127585
6,0.1,200,288,tis,0.003933434280036649
6,0.1,200,288,uniform,0.0031488792976666086
6,0.1,200,289,complete_rollout,0.0003416699702807524
6,0.1,200,289,tis,0.0018923965557602943
6,0.1,200,289,uniform,0.006294582633054449
6,0.1,200,290,complete_rollout,0.00031039932907950106
6,0.1,200,290,tis,0.0011911530027445749
6,0.1,200,290,uniform,0.003416084352542549
6,0.1,200,291,complete_rollout,0.00040965437874347345
6,0.1,200,291,tis,0.004706205060221048
6,0.1,200,291,uniform,0.007564930211279946
6,0.1,200,292,complete_rollout,0.00035541414502374304
6,0.1,200,292,tis,0.0029139557330687045
6,0.1,200,292,uniform,0.004642732150125876
6,0.1,200,293,complete_rollout,0.00022863457439904964
6,0.1,200,293,tis,0.0038484696310674806
6,0.1,200,293,uniform,0.002575862590400451
6,0.1,200,294,complete_rollout,0.00029571085592815835
6,0.1,200,294,tis,0.015836880518538998
6,0.1,200,294,uniform,0.0030732410161699204
6,0.1,200,295,complete_rollout,0.0002805769859398327
6,0.1,200,295,tis,0.004487545816624193
6,0.1,200,295,uniform,0.003543305015967731
6,0.1,200,296,complete_rollout,0.00022366286695601554
6,0.1,200,296,tis,0.001968838377968303
6,0.1,200,296,uniform,0.002169417692863047
6,0.1,200,297,complete_rollout,0.00036648041472057117
6,0.1,200,297,tis,0.0008625306158121461
6,0.1,200,297,uniform,0.007430646713641395
6,0.1,200,298,complete_rollout,0.00019794516056691473
6,0.1,200,298,tis,0.004777222692994435
6,0.1,200,298,uniform,0.003805135142273467
6,0.1,200,299,complete_rollout,0.0002392180873125337
6,0.1,200,299,tis,0.0019225691115157754
6,0.1,200,299,uniform,0.0015094326614710815
6,0.1,400,0,complete_rollout,0.00013331319142935485
6,0.1,400,0,tis,0.0027276082006333436
6,0.1,400,0,uniform,0.0011317468989410738
6,0.1,400,1,complete_rollout,0.0001788792334417356
6,0.1,400,1,tis,0.0014309567771632658
6,0.1,400,1,uniform,0.0015118258418708279
6,0.1,400,2,complete_rollout,0.00020720905247651405
6,0.1,400,2,tis,0.0029001540444696925
6,0.1,400,2,uniform,0.0011590884409317602
6,0.1,400,3,complete_rollout,9.073429918886536e-05
6,0.1,400,3,tis,0.0019936758217672275
6,0.1,400,3,uniform,0.0016654316883691303
6,0.1,400,4,complete_rollout,0.00016925541340398023
6,0.1,400,4,tis,0.00024781590608659787
6,0.1,400,4,uniform,0.0013209054122806986
6,0.1,400,5,complete_rollout,9.09311486510757e-05
6,0.1,400,5,tis,0.0017135358674458937
6,0.1,400,5,uniform,0.003030739563564918
6,0.1,400,6,complete_rollout,8.463098259418566e-05
6,0.1,400,6,tis,0.0005615222679074639
6,0.1,400,6,uniform,0.002312748734556276
6,0.1,400,7,complete_rollout,0.00012454091589667753
6,0.1,400,7,tis,0.005287947029143837
6,0.1,400,7,uniform,0.0014383813300242855
6,0.1,400,8,complete_rollout,9.992894339500382e-05
6,0.1,400,8,tis,0.01004008709703867
6,0.1,400,8,uniform,0.0015994295819358258
6,0.1,400,9,complete_rollout,8.577957453807102e-05
6,0.1,400,9,tis,0.003515631099958863
6,0.1,400,9,uniform,0.0015325230818065163
6,0.1,400,10,complete_rollout,0.00016469217293716042
6,0.1,400,10,tis,0.0024708739250935167
6,0.1,400,10,uniform,0.0012972696555418235
6,0.1,400,11,complete_rollout,0.00013712113691831222
6,0.1,400,11,tis,0.001924806513521485
6,0.1,400,11,uniform,0.0015577911612312783
6,0.1,400,12,complete_rollout,0.00013635381615833308
6,0.1,400,12,tis,0.0009562171492140719
6,0.1,400,12,uniform,0.0067100336824307116
6,0.1,400,13,complete_rollout,8.429297251423434e-05
6,0.1,400,13,tis,0.004284894343484539
6,0.1,400,13,uniform,0.0017909949578421398
6,0.1,400,14,complete_rollout,0.0001229513473305111
6,0.1,400,14,tis,0.00477220839067715
6,0.1,400,14,uniform,0.0014964562833061227
6,0.1,400,15,complete_rollout,0.00018991807555005544
6,0.1,400,15,tis,0.0024298109035734952
6,0.1,400,15,uniform,0.001905512909815686
6,0.1,400,16,complete_rollout,0.00015358585463809166
6,0.1,400,16,tis,0.0028995241062673475
6,0.1,400,16,uniform,0.0018193752355649864
6,0.1,400,17,complete_rollout,0.00014436829945055452
6,0.1,400,17,tis,0.0019248831972689545
6,0.1,400,17,uniform,0.0029427253301044383
6,0.1,400,18,complete_rollout,0.00011636720555744797
6,0.1,400,18,tis,0.003441883110513584
6,0.1,400,18,uniform,0.0024201143598743015
6,0.1,400,19,complete_rollout,0.00013746096468266624
6,0.1,400,19,tis,0.003609433055406469
6,0.1,400,19,uniform,0.0018865251233524732
6,0.1,400,20,complete_rollout,6.052236562045208e-05
6,0.1,400,20,tis,0.00041400935533946327
6,0.1,400,20,uniform,0.001402867282131583
6,0.1,400,21,complete_rollout,9.628133079101445e-05
6,0.1,400,21,tis,0.0014406239912455564
6,0.1,400,21,uniform,0.0021244586665275012
6,0.1,400,22,complete_rollout,0.00011783275018791956
6,0.1,400,22,tis,0.0004390331180717571
6,0.1,400,22,uniform,0.0020233672312717607
6,0.1,400,23,complete_rollout,0.00012885635447131927
6,0.1,400,23,tis,0.0040506437524447676
6,0.1,400,23,uniform,0.0017017192979720548
6,0.1,400,24,complete_rollout,0.0001261072758141117
6,0.1,400,24,tis,0.0029701474103885927
6,0.1,400,24,uniform,0.0015079077959247234
6,0.1,400,25,complete_rollout,0.00018784322190994537
6,0.1,400,25,tis,0.0004769569253678848
6,0.1,400,25,uniform,0.0010697913151634987
6,0.1,400,26,complete_rollout,0.0001785955388590551
6,0.1,400,26,tis,0.003948390164183682
6,0.1,400,26,uniform,0.00206313909346417
6,0.1,400,27,complete_rollout,0.00019274536779346062
6,0.1,400,27,tis,0.0027674313446624504
6,0.1,400,27,uniform,0.0019014516423894172
6,0.1,400,28,complete_rollout,0.0001979023457731901
6,0.1,400,28,tis,0.0020449064507596683
6,0.1,400,28,uniform,0.0010042368854608584
6,0.1,400,29,complete_rollout,0.0003125903979951399
6,0.1,400,29,tis,0.001109929568574414
6,0.1,400,29,uniform,0.0018431927482521614
6,0.1,400,30,complete_rollout,0.00019806371217352946
6,0.1,400,30,tis,0.0012838032836925378
6,0.1,400,30,uniform,0.0011158604691726033
6,0.1,400,31,complete_rollout,9.376167426487897e-05
6,0.1,400,31,tis,0.0038654361960803463
6,0.1,400,31,uniform,0.0009634097144862085
6,0.1,400,32,complete_rollout,6.533045042487056e-05
6,0.1,400,32,tis,0.0016395476116619766
6,0.1,400,32,uniform,0.002217140059309664
6,0.1,400,33,complete_rollout,0.00018680467287498107
6,0.1,400,33,tis,0.0012285761839413826
6,0.1,400,33,uniform,0.001487488409207332
6,0.1,400,34,complete_rollout,0.0001399566896292858
6,0.1,400,34,tis,0.0044353765507134804
6,0.1,400,34,uniform,0.001720226697937955
6,0.1,400,35,complete_rollout,0.0001298883036145817
6,0.1,400,35,tis,0.0031864177596416412
6,0.1,400,35,uniform,0.0012188501441561055
6,0.1,400,36,complete_rollout,0.000117324429320066
6,0.1,400,36,tis,0.001833895838244425
6,0.1,400,36,uniform,0.0016522729362699064
6,0.1,400,37,complete_rollout,9.420701920633227e-05
6,0.1,400,37,tis,0.001669963775785766
6,0.1,400,37,uniform,0.0014009826543128114
6,0.1,400,38,complete_rollout,0.00011824839338171621
6,0.1,400,38,tis,0.000379212540309212
6,0.1,400,38,uniform,0.001863139022729264
6,0.1,400,39,complete_rollout,0.00016371738151889278
6,0.1,400,39,tis,0.00406509568107662
6,0.1,400,39,uniform,0.0009940925162975499
6,0.1,400,40,complete_rollout,8.797168071675456e-05
6,0.1,400,40,tis,0.000349268142352589
6,0.1,400,40,uniform,0.0013470034449157575
6,0.1,400,41,complete_rollout,0.00011809821915049047
6,0.1,400,41,tis,0.0010512354446270229
6,0.1,400,41,uniform,0.0011447878315907515
6,0.1,400,42,complete_rollout,9.164821302308515e-05
6,0.1,400,42,tis,0.0019339331486055741
6,0.1,400,42,uniform,0.005953785181162598
6,0.1,400,43,complete_rollout,0.00022759270410681407
6,0.1,400,43,tis,0.025379762311349807
6,0.1,400,43,uniform,0.0036210403249629292
6,0.1,400,44,complete_rollout,8.197423018015785e-05
6,0.1,400,44,tis,0.00421195998769033
6,0.1,400,44,uniform,0.0011893211699735805
6,0.1,400,45,complete_rollout,0.00013555038692394995
6,0.1,400,45,tis,0.002951567751801534
6,0.1,400,45,uniform,0.0021646410153419162
6,0.1,400,46,complete_rollout,0.0001174902135731727
6,0.1,400,46,tis,0.00034093531524409054
6,0.1,400,46,uniform,0.0019500527251829277
6,0.1,400,47,complete_rollout,0.0001370420833392827
6,0.1,400,47,tis,0.00047817245591888204
6,0.1,400,47,uniform,0.0025068732850369387
6,0.1,400,48,complete_rollout,0.0001359322135008156
6,0.1,400,48,tis,0.0021466186845336558
6,0.1,400,48,uniform,0.0014799237903080297
6,0.1,400,49,complete_rollout,0.000160803390458463
6,0.1,400,49,tis,0.00020462176414461273
6,0.1,400,49,uniform,0.0013101811654791242
6,0.1,400,50,complete_rollout,6.735370031351287e-05
6,0.1,400,50,tis,0.0006818939056882365
6,0.1,400,50,uniform,0.002789582420717002
6,0.1,400,51,complete_rollout,0.00014972058086893184
6,0.1,400,51,tis,0.004256595372680263
6,0.1,400,51,uniform,0.0019663704980528904
6,0.1,400,52,complete_rollout,0.00016388898639032898
6,0.1,400,52,tis,0.011569626310160583
6,0.1,400,52,uniform,0.0021018237479557096
6,0.1,400,53,complete_rollout,0.00010577856269452546
6,0.1,400,53,tis,0.0012116757528469594
6,0.1,400,53,uniform,0.0030576045356145894
6,0.1,400,54,complete_rollout,0.00020785667772733288
6,0.1,400,54,tis,0.007819715310034656
6,0.1,400,54,uniform,0.001448822072313024
6,0.1,400,55,complete_rollout,9.273728655631254e-05
6,0.1,400,55,tis,0.003455249991174523
6,0.1,400,55,uniform,0.002583076740472732
6,0.1,400,56,complete_rollout,0.00011153958173690324
6,0.1,400,56,tis,0.004757914724978116
6,0.1,400,56,uniform,0.0028401636153030274
6,0.1,400,57,complete_rollout,0.0002611075124485538
6,0.1,400,57,tis,0.0025163236348542104
6,0.1,400,57,uniform,0.0015295330919455014
6,0.1,400,58,complete_rollout,0.0001744932494509745
6,0.1,400,58,tis,0.00023672304966802036
6,0.1,400,58,uniform,0.0013440200678896306
6,0.1,400,59,complete_rollout,0.00011949600749788283
6,0.1,400,59,tis,0.001789863858751219
6,0.1,400,59,uniform,0.0018046312407849216
6,0.1,400,60,complete_rollout,0.00033903487726330984
6,0.1,400,60,tis,0.00046174037558567913
6,0.1,400,60,uniform,0.0013577245286258595
6,0.1,400,61,complete_rollout,0.0001241422945585753
6,0.1,400,61,tis,0.0037223564750626385
6,0.1,400,61,uniform,0.002996072794957168
6,0.1,400,62,complete_rollout,0.00016490441750943637
6,0.1,400,62,tis,0.00022405364912876378
6,0.1,400,62,uniform,0.001271711856083148
6,0.1,400,63,complete_rollout,0.00012402355568156165
6,0.1,400,63,tis,0.0029717854432466714
6,0.1,400,63,uniform,0.0023352233988838127
6,0.1,400,64,complete_rollout,0.00010116863217391973
6,0.1,400,64,tis,0.0003870614609954271
6,0.1,400,64,uniform,0.0011280887512186571
6,0.1,400,65,complete_rollout,8.542051518682401e-05
6,0.1,400,65,tis,0.002455350775524789
6,0.1,400,65,uniform,0.0026825714416993268
6,0.1,400,66,complete_rollout,0.0001118759806231465
6,0.1,400,66,tis,0.0022136291587259746
6,0.1,400,66,uniform,0.0013580778087936608
6,0.1,400,67,complete_rollout,0.0001327420472213325
6,0.1,400,67,tis,0.0017729928967583136
6,0.1,400,67,uniform,0.00078041138719565
6,0.1,400,68,complete_rollout,0.00025114376158086733
6,0.1,400,68,tis,0.0025100555637691652
6,0.1,400,68,uniform,0.0019063875082239797
6,0.1,400,69,complete_rollout,0.00020878190593401672
6,0.1,400,69,tis,0.00321068726023471
6,0.1,400,69,uniform,0.003961193630616472
6,0.1,400,70,complete_rollout,7.515760762860868e-05
6,0.1,400,70,tis,0.0005600568063181495
6,0.1,400,70,uniform,0.003103186384108613
6,0.1,400,71,complete_rollout,0.00013413631210707036
6,0.1,400,71,tis,0.0016362594886514374
6,0.1,400,71,uniform,0.0008497509247962397
6,0.1,400,72,complete_rollout,4.455028082413529e-05
6,0.1,400,72,tis,0.0020374652700940695
6,0.1,400,72,uniform,0.0015838126818709505
6,0.1,400,73,complete_rollout,0.00014419511449120695
6,0.1,400,73,tis,0.004297874968727192
6,0.1,400,73,uniform,0.0019718132563623938
6,0.1,400,74,complete_rollout,0.0003070112088682265
6,0.1,400,74,tis,0.0016020005988476777
6,0.1,400,74,uniform,0.0016853495447733606
6,0.1,400,75,complete_rollout,0.00013248064301888768
6,0.1,400,75,tis,0.0003503210184462743
6,0.1,400,75,uniform,0.0012497084678459115
6,0.1,400,76,complete_rollout,0.00015020187969601935
6,0.1,400,76,tis,0.002963652852850934
6,0.1,400,76,uniform,0.0013077635003704543
6,0.1,400,77,complete_rollout,0.00013644036522086417
6,0.1,400,77,tis,0.0010564260261348144
6,0.1,400,77,uniform,0.0011753231430608952
6,0.1,400,78,complete_rollout,0.0001331824507005087
6,0.1,400,78,tis,0.0003427420523391664
6,0.1,400,78,uniform,0.0015995381842370388
6,0.1,400,79,complete_rollout,9.58937980128501e-05
6,0.1,400,79,tis,0.002631850933954818
6,0.1,400,79,uniform,0.002194994365191871
6,0.1,400,80,complete_rollout,0.00013875007899694352
6,0.1,400,80,tis,0.0030959385183785206
6,0.1,400,80,uniform,0.000984712758154884
6,0.1,400,81,complete_rollout,7.652462296021084e-05
6,0.1,400,81,tis,0.0034318114977130005
6,0.1,400,81,uniform,0.0021092728756771724
6,0.1,400,82,complete_rollout,0.0002479619422646718
6,0.1,400,82,tis,0.002103045580653413
6,0.1,400,82,uniform,0.0014212582342938776
6,0.1,400,83,complete_rollout,0.0001767435154402245
6,0.1,400,83,tis,0.002174200586733025
6,0.1,400,83,uniform,0.0020404098279085086
6,0.1,400,84,complete_rollout,9.850665621093616e-05
6,0.1,400,84,tis,0.00033133860207834614
6,0.1,400,84,uniform,0.005986625706276357
6,0.1,400,85,complete_rollout,0.0001315805899731964
6,0.1,400,85,tis,0.00035861269988987366
6,0.1,400,85,uniform,0.004464891049927091
6,0.1,400,86,complete_rollout,0.000167895836475407
6,0.1,400,86,tis,0.004684853357904454
6,0.1,400,86,uniform,0.0016239784729466503
6,0.1,400,87,complete_rollout,7.92228899235063e-05
6,0.1,400,87,tis,0.0039646084692217505
6,0.1,400,87,uniform,0.0028583225756016106
6,0.1,400,88,complete_rollout,0.00013710108750394692
6,0.1,400,88,tis,0.0006705391312428476
6,0.1,400,88,uniform,0.0009236258806382993
6,0.1,400,89,complete_rollout,9.604360156499991e-05
6,0.1,400,89,tis,0.0022716096913536895
6,0.1,400,89,uniform,0.0017357566275687368
6,0.1,400,90,complete_rollout,0.00010788102472428267
6,0.1,400,90,tis,0.0012857615013681884
6,0.1,400,90,uniform,0.0019072291706938806
6,0.1,400,91,complete_rollout,0.0001290676577350986
6,0.1,400,91,tis,0.0004513350486562267
6,0.1,400,91,uniform,0.0013588210669459387
6,0.1,400,92,complete_rollout,0.000136896091574396
6,0.1,400,92,tis,0.003864441090296721
6,0.1,400,92,uniform,0.0010234165542004716
6,0.1,400,93,complete_rollout,0.00016093091391296822
6,0.1,400,93,tis,0.003029924769995985
6,0.1,400,93,uniform,0.0030649974085928825
6,0.1,400,94,complete_rollout,0.0001609928570369937
6,0.1,400,94,tis,0.003090061209816143
6,0.1,400,94,uniform,0.0006619386691114437
6,0.1,400,95,complete_rollout,8.932128574899954e-05
6,0.1,400,95,tis,0.0030271413205584046
6,0.1,400,95,uniform,0.0018071425067906599
6,0.1,400,96,complete_rollout,0.00020500992669412278
6,0.1,400,96,tis,0.0027625604859037433
6,0.1,400,96,uniform,0.0015807909634156885
6,0.1,400,97,complete_rollout,0.0001004296540581028
6,0.1,400,97,tis,0.0006645314218754872
6,0.1,400,97,uniform,0.001674057070988817
6,0.1,400,98,complete_rollout,7.693190115594418e-05
6,0.1,400,98,tis,0.0006860015225551653
6,0.1,400,98,uniform,0.0020185696806346047
6,0.1,400,99,complete_rollout,0.0001180476580435277
6,0.1,400,99,tis,0.0005785020076214548
6,0.1,400,99,uniform,0.0009883061996328643
6,0.1,400,100,complete_rollout,0.00024515736670403473
6,0.1,400,100,tis,0.0021505717542813353
6,0.1,400,100,uniform,0.0019826523973428133
6,0.1,400,101,complete_rollout,0.00012346954706115657
6,0.1,400,101,tis,0.002311884308996559
6,0.1,400,101,uniform,0.0016422113192704497
6,0.1,400,102,complete_rollout,0.0001238186990300654
6,0.1,400,102,tis,0.002645196518472776
6,0.1,400,102,uniform,0.001870674620799685
6,0.1,400,103,complete_rollout,0.0001012107776161467
6,0.1,400,103,tis,0.0024115200572866224
6,0.1,400,103,uniform,0.0010208246452616829
6,0.1,400,104,complete_rollout,0.00012346166993260782
6,0.1,400,104,tis,0.0005117896586923423
6,0.1,400,104,uniform,0.0011890197248728253
6,0.1,400,105,complete_rollout,9.803090769226718e-05
6,0.1,400,105,tis,0.003087926460864751
6,0.1,400,105,uniform,0.0019081653838294438
6,0.1,400,106,complete_rollout,0.0001907846275080462
6,0.1,400,106,tis,0.00036151516041577953
6,0.1,400,106,uniform,0.001418833738481728
6,0.1,400,107,complete_rollout,0.0003189289232621875
6,0.1,400,107,tis,0.030810184293552145
6,0.1,400,107,uniform,0.0015728144168824973
6,0.1,400,108,complete_rollout,0.00011354762143867659
6,0.1,400,108,tis,0.005453656782496001
6,0.1,400,108,uniform,0.0020609601380826062
6,0.1,400,109,complete_rollout,0.00011080201101161745
6,0.1,400,109,tis,0.0017174055531074502
6,0.1,400,109,uniform,0.0007870105027457244
6,0.1,400,110,complete_rollout,0.00010033946864627686
6,0.1,400,110,tis,0.0025927701636258046
6,0.1,400,110,uniform,0.00103601933008303
6,0.1,400,111,complete_rollout,0.00015168358592870852
6,0.1,400,111,tis,0.0003924996964132292
6,0.1,400,111,uniform,0.000974422243041656
6,0.1,400,112,complete_rollout,7.3712889260892e-05
6,0.1,400,112,tis,0.0014494354014334989
6,0.1,400,112,uniform,0.001072313284895039
6,0.1,400,113,complete_rollout,8.64366239957573e-05
6,0.1,400,113,tis,0.0026370185405884443
6,0.1,400,113,uniform,0.0008384763946789455
6,0.1,400,114,complete_rollout,0.00011053857478591554
6,0.1,400,114,tis,0.0010241284859899597
6,0.1,400,114,uniform,0.0075360642580076815
6,0.1,400,115,complete_rollout,0.0001965188466028136
6,0.1,400,115,tis,0.00394159783950794
6,0.1,400,115,uniform,0.002216623260827994
6,0.1,400,116,complete_rollout,0.00017993795651976137
6,0.1,400,116,tis,0.0024682037570116847
6,0.1,400,116,uniform,0.001544563531704586
6,0.1,400,117,complete_rollout,0.000183313411952127
6,0.1,400,117,tis,0.0011207920797077907
6,0.1,400,117,uniform,0.003160669989377195
6,0.1,400,118,complete_rollout,0.00018115038114350338
6,0.1,400,118,tis,0.0008112574233208758
6,0.1,400,118,uniform,0.0038744375502109446
6,0.1,400,119,complete_rollout,0.00012890026747374356
6,0.1,400,119,tis,0.0017981545960874452
6,0.1,400,119,uniform,0.0009689924281432305
6,0.1,400,120,complete_rollout,0.0001482462106691487
6,0.1,400,120,tis,0.001658651000967963
6,0.1,400,120,uniform,0.001941411923412289
6,0.1,400,121,complete_rollout,0.0001427949178638458
6,0.1,400,121,tis,0.005204104302292569
6,0.1,400,121,uniform,0.0014779634914622048
6,0.1,400,122,complete_rollout,0.00010149042103377362
6,0.1,400,122,tis,0.0028632652538128772
6,0.1,400,122,uniform,0.004300002048643175
6,0.1,400,123,complete_rollout,0.00027148765546462127
6,0.1,400,123,tis,0.0015269591649087696
6,0.1,400,123,uniform,0.003028264499137626
6,0.1,400,124,complete_rollout,0.0001481814407855375
6,0.1,400,124,tis,0.003073953503579059
6,0.1,400,124,uniform,0.002538125700312728
6,0.1,400,125,complete_rollout,0.00011486536813567706
6,0.1,400,125,tis,0.0035200698882765008
6,0.1,400,125,uniform,0.0014225172816903938
6,0.1,400,126,complete_rollout,0.00012504659381557882
6,0.1,400,126,tis,0.0005353505126168566
6,0.1,400,126,uniform,0.00219194393128897
6,0.1,400,127,complete_rollout,0.00024915692182152075
6,0.1,400,127,tis,0.0068233415492319855
6,0.1,400,127,uniform,0.001540662538374815
6,0.1,400,128,complete_rollout,0.0002720034753574358
6,0.1,400,128,tis,0.006991724428624855
6,0.1,400,128,uniform,0.0012921841811303265
6,0.1,400,129,complete_rollout,0.00021771807222810963
6,0.1,400,129,tis,0.011849244783029888
6,0.1,400,129,uniform,0.0018193231513372865
6,0.1,400,130,complete_rollout,9.469994393571182e-05
6,0.1,400,130,tis,0.001855099975300152
6,0.1,400,130,uniform,0.001496779474038301
6,0.1,400,131,complete_rollout,0.0001858587775598369
6,0.1,400,131,tis,0.0018173125673025927
6,0.1,400,131,uniform,0.0012718478638072104
6,0.1,400,132,complete_rollout,0.00012020033164107855
6,0.1,400,132,tis,0.0038621559364369687
6,0.1,400,132,uniform,0.002047415924394298
6,0.1,400,133,complete_rollout,0.0001221369050052551
6,0.1,400,133,tis,0.016741661958065014
6,0.1,400,133,uniform,0.0014899087241308448
6,0.1,400,134,complete_rollout,0.0001080864016608146
6,0.1,400,134,tis,0.0025151347730789433
6,0.1,400,134,uniform,0.001908907384758513
6,0.1,400,135,complete_rollout,0.00013809705598362917
6,0.1,400,135,tis,0.000912013922860591
6,0.1,400,135,uniform,0.002143479226550744
6,0.1,400,136,complete_rollout,0.00010992633396890783
6,0.1,400,136,tis,0.0008289206406014801
6,0.1,400,136,uniform,0.0020048590546395237
6,0.1,400,137,complete_rollout,0.00011714714405049486
6,0.1,400,137,tis,0.0009659908497320552
6,0.1,400,137,uniform,0.0024859017364908934
6,0.1,400,138,complete_rollout,0.00014141879363993833
6,0.1,400,138,tis,0.0014173537872114058
6,0.1,400,138,uniform,0.00157778530717293
6,0.1,400,139,complete_rollout,0.00017371580979264528
6,0.1,400,139,tis,0.004857698606129953
6,0.1,400,139,uniform,0.0020025388576254354
6,0.1,400,140,complete_rollout,0.00016670193191168514
6,0.1,400,140,tis,0.029647721292217398
6,0.1,400,140,uniform,0.0020702256073283814
6,0.1,400,141,complete_rollout,8.919849376568431e-05
6,0.1,400,141,tis,0.0003375046271305066
6,0.1,400,141,uniform,0.0011759904848353342
6,0.1,400,142,complete_rollout,0.00011523831364615577
6,0.1,400,142,tis,0.0028997861145585824
6,0.1,400,142,uniform,0.002488312176821996
6,0.1,400,143,complete_rollout,0.00018643316365651855
6,0.1,400,143,tis,0.003335706568023305
6,0.1,400,143,uniform,0.004256018072318701
6,0.1,400,144,complete_rollout,0.0001499160313249158
6,0.1,400,144,tis,0.0022216945349442514
6,0.1,400,144,uniform,0.0020785736298336035
6,0.1,400,145,complete_rollout,0.0001140965009861054
6,0.1,400,145,tis,0.00321169199429857
6,0.1,400,145,uniform,0.0014806578868453639
6,0.1,400,146,complete_rollout,0.00029311043713286855
6,0.1,400,146,tis,0.00035295518558370374
6,0.1,400,146,uniform,0.0013505707484264143
6,0.1,400,147,complete_rollout,7.892735075399663e-05
6,0.1,400,147,tis,0.004020389666107897
6,0.1,400,147,uniform,0.001447697288028722
6,0.1,400,148,complete_rollout,0.00017095390362697766
6,0.1,400,148,tis,0.0017804280673500634
6,0.1,400,148,uniform,0.0018929373432198162
6,0.1,400,149,complete_rollout,0.00013138076044085217
6,0.1,400,149,tis,0.002117620449415552
6,0.1,400,149,uniform,0.0014360097885445342
6,0.1,400,150,complete_rollout,0.00012092217028455866
6,0.1,400,150,tis,0.000859573017243967
6,0.1,400,150,uniform,0.0016355091614120181
6,0.1,400,151,complete_rollout,0.00010501171856926328
6,0.1,400,151,tis,0.002961034670066239
6,0.1,400,151,uniform,0.0014258084113888273
6,0.1,400,152,complete_rollout,0.0001988064470708143
6,0.1,400,152,tis,0.0010072104204785497
6,0.1,400,152,uniform,0.0012105926524902768
6,0.1,400,153,complete_rollout,0.00023864897399877372
6,0.1,400,153,tis,0.0005413938957624763
6,0.1,400,153,uniform,0.0015751051704995978
6,0.1,400,154,complete_rollout,0.00024641326321798047
6,0.1,400,154,tis,0.002383563692943313
6,0.1,400,154,uniform,0.003257891354824762
6,0.1,400,155,complete_rollout,0.0002719386592949345
6,0.1,400,155,tis,0.004014968971420335
6,0.1,400,155,uniform,0.0018776996922935756
6,0.1,400,156,complete_rollout,0.00018527824616195788
6,0.1,400,156,tis,0.009074090442062704
6,0.1,400,156,uniform,0.003100852850720023
6,0.1,400,157,complete_rollout,0.00017202465229448202
6,0.1,400,157,tis,0.0064269216724836325
6,0.1,400,157,uniform,0.0014336187884661288
6,0.1,400,158,complete_rollout,0.00021779123675923887
6,0.1,400,158,tis,0.003170869914921746
6,0.1,400,158,uniform,0.0013285591358479616
6,0.1,400,159,complete_rollout,8.022295496304436e-05
6,0.1,400,159,tis,0.001642969135543876
6,0.1,400,159,uniform,0.0019912240616649117
6,0.1,400,160,complete_rollout,0.00010009266883163967
6,0.1,400,160,tis,0.0017171532032223722
6,0.1,400,160,uniform,0.0009405745219047232
6,0.1,400,161,complete_rollout,0.00010877309794101341
6,0.1,400,161,tis,0.00025496348833346295
6,0.1,400,161,uniform,0.0011856033149651513
6,0.1,400,162,complete_rollout,0.00011661659659037889
6,0.1,400,162,tis,0.00020308509468699185
6,0.1,400,162,uniform,0.0014296877409588106
6,0.1,400,163,complete_rollout,0.00021567383612302086
6,0.1,400,163,tis,0.0008368726436213656
6,0.1,400,163,uniform,0.0016933490077401898
6,0.1,400,164,complete_rollout,0.00010266848487085393
6,0.1,400,164,tis,0.005187558330267437
6,0.1,400,164,uniform,0.000966442565490362
6,0.1,400,165,complete_rollout,8.493748669772261e-05
6,0.1,400,165,tis,0.0023312753426099416
6,0.1,400,165,uniform,0.0011637391945609427
6,0.1,400,166,complete_rollout,8.265538473574854e-05
6,0.1,400,166,tis,0.0015769384758129873
6,0.1,400,166,uniform,0.0018229061219583855
6,0.1,400,167,complete_rollout,0.00013677410898859803
6,0.1,400,167,tis,0.0010265638075208747
6,0.1,400,167,uniform,0.001741351905017329
6,0.1,400,168,complete_rollout,9.372218653725465e-05
6,0.1,400,168,tis,0.0004402534477210162
6,0.1,400,168,uniform,0.0017865807643174256
6,0.1,400,169,complete_rollout,0.00018877091197881898
6,0.1,400,169,tis,0.0035539913737160297
6,0.1,400,169,uniform,0.0030646771507280395
6,0.1,400,170,complete_rollout,7.371004861428904e-05
6,0.1,400,170,tis,0.0002438136669826977
6,0.1,400,170,uniform,0.00200095892721872
6,0.1,400,171,complete_rollout,0.0001495010100513837
6,0.1,400,171,tis,0.00033642270093581667
6,0.1,400,171,uniform,0.0015321603319250726
6,0.1,400,172,complete_rollout,0.0002724314015022923
6,0.1,400,172,tis,0.0029864535776193664
6,0.1,400,172,uniform,0.0026029749279792643
6,0.1,400,173,complete_rollout,0.00010275394695441856
6,0.1,400,173,tis,0.0021897218944325605
6,0.1,400,173,uniform,0.001367090089687258
6,0.1,400,174,complete_rollout,0.00014308743448874944
6,0.1,400,174,tis,0.002873449989457164
6,0.1,400,174,uniform,0.0023257224420162033
6,0.1,400,175,complete_rollout,0.00019740253191483358
6,0.1,400,175,tis,0.003663205088320804
6,0.1,400,175,uniform,0.0009683130055613354
6,0.1,400,176,complete_rollout,8.779064886258862e-05
6,0.1,400,176,tis,0.00020694075993548446
6,0.1,400,176,uniform,0.001684941843495947
6,0.1,400,177,complete_rollout,0.00014437281899063194
6,0.1,400,177,tis,0.00022867706833288435
6,0.1,400,177,uniform,0.0013762637337358346
6,0.1,400,178,complete_rollout,5.907049570663799e-05
6,0.1,400,178,tis,0.0030448876824545543
6,0.1,400,178,uniform,0.0022764668207779755
6,0.1,400,179,complete_rollout,0.0001412749930338812
6,0.1,400,179,tis,0.0021179402940691813
6,0.1,400,179,uniform,0.0027683061999748885
6,0.1,400,180,complete_rollout,7.977882720434243e-05
6,0.1,400,180,tis,0.00023179792624762857
6,0.1,400,180,uniform,0.0010292287915775295
6,0.1,400,181,complete_rollout,0.00011032346288082573
6,0.1,400,181,tis,0.0011708199249213568
6,0.1,400,181,uniform,0.0013203865188546576
6,0.1,400,182,complete_rollout,8.288583746334092e-05
6,0.1,400,182,tis,0.001997129452426459
6,0.1,400,182,uniform,0.0018414877503864946
6,0.1,400,183,complete_rollout,7.35449636887203e-05
6,0.1,400,183,tis,0.01036864530516934
6,0.1,400,183,uniform,0.00202235324233642
6,0.1,400,184,complete_rollout,0.00014831003173041443
6,0.1,400,184,tis,0.004624000027994993
6,0.1,400,184,uniform,0.0017120166173623865
6,0.1,400,185,complete_rollout,0.0001537480563710066
6,0.1,400,185,tis,0.0007917810840150673
6,0.1,400,185,uniform,0.0016858083107029298
6,0.1,400,186,complete_rollout,9.169612856019512e-05
6,0.1,400,186,tis,0.0023113945505377495
6,0.1,400,186,uniform,0.002103197645178646
6,0.1,400,187,complete_rollout,0.00012111246272309998
6,0.1,400,187,tis,0.00033545555682780513
6,0.1,400,187,uniform,0.0014477016670172993
6,0.1,400,188,complete_rollout,8.706074696881235e-05
6,0.1,400,188,tis,0.0017293515608393557
6,0.1,400,188,uniform,0.002649552142982098
6,0.1,400,189,complete_rollout,5.048750572798719e-05
6,0.1,400,189,tis,0.0015945931335858623
6,0.1,400,189,uniform,0.002026210440138941
6,0.1,400,190,complete_rollout,0.00023077929314278622
6,0.1,400,190,tis,0.0003106446965828458
6,0.1,400,190,uniform,0.0018282457438828612
6,0.1,400,191,complete_rollout,0.0001609044851146056
6,0.1,400,191,tis,0.002404085983437765
6,0.1,400,191,uniform,0.0007924696810179605
6,0.1,400,192,complete_rollout,0.00015179741678229738
6,0.1,400,192,tis,0.0029831625081232914
6,0.1,400,192,uniform,0.0009525422971402817
6,0.1,400,193,complete_rollout,0.0001524013407129299
6,0.1,400,193,tis,0.0035032602106482113
6,0.1,400,193,uniform,0.002284879589177043
6,0.1,400,194,complete_rollout,0.00010818733017440615
6,0.1,400,194,tis,0.002705121768655656
6,0.1,400,194,uniform,0.004512475259050314
6,0.1,400,195,complete_rollout,0.00011341233072264933
6,0.1,400,195,tis,0.0021428416409115655
6,0.1,400,195,uniform,0.0011182671730205216
6,0.1,400,196,complete_rollout,0.00011925809182963812
6,0.1,400,196,tis,0.003386045866444967
6,0.1,400,196,uniform,0.0031155275410749963
6,0.1,400,197,complete_rollout,0.0001378741040163608
6,0.1,400,197,tis,0.0025943944616204796
6,0.1,400,197,uniform,0.0014354260053597565
6,0.1,400,198,complete_rollout,0.00021426765865625755
6,0.1,400,198,tis,0.0004361522895226741
6,0.1,400,198,uniform,0.0037934723406335474
6,0.1,400,199,complete_rollout,0.00015297899630996854
6,0.1,400,199,tis,0.0006226410967065182
6,0.1,400,199,uniform,0.001244809783378959
6,0.1,400,200,complete_rollout,0.00019135744977940097
6,0.1,400,200,tis,0.0005595615420371246
6,0.1,400,200,uniform,0.0026875631111863162
6,0.1,400,201,complete_rollout,0.00011007758887713001
6,0.1,400,201,tis,0.0029291685351355316
6,0.1,400,201,uniform,0.0027825368102057865
6,0.1,400,202,complete_rollout,0.0001053156462215082
6,0.1,400,202,tis,0.000243946446780347
6,0.1,400,202,uniform,0.0017833190696297369
6,0.1,400,203,complete_rollout,0.00018189232175129261
6,0.1,400,203,tis,0.0023389454436428428
6,0.1,400,203,uniform,0.002873011759207165
6,0.1,400,204,complete_rollout,0.0001271076012000264
6,0.1,400,204,tis,0.0041093196335473805
6,0.1,400,204,uniform,0.0016219262216826658
6,0.1,400,205,complete_rollout,9.915308065736779e-05
6,0.1,400,205,tis,0.0011915384271945983
6,0.1,400,205,uniform,0.0013458491642578804
6,0.1,400,206,complete_rollout,0.0002943843453080539
6,0.1,400,206,tis,0.002660267764287526
6,0.1,400,206,uniform,0.0024301578043147737
6,0.1,400,207,complete_rollout,0.00020266381892863536
6,0.1,400,207,tis,0.0024658237567859974
6,0.1,400,207,uniform,0.0010526258857901124
6,0.1,400,208,complete_rollout,0.0002019653659554422
6,0.1,400,208,tis,0.0032016782908909046
6,0.1,400,208,uniform,0.00279067518509284
6,0.1,400,209,complete_rollout,0.0001282861101550091
6,0.1,400,209,tis,0.002001371646070166
6,0.1,400,209,uniform,0.0011598753653503152
6,0.1,400,210,complete_rollout,0.00021721637220445603
6,0.1,400,210,tis,0.0021411812565411644
6,0.1,400,210,uniform,0.0016879875377474847
6,0.1,400,211,complete_rollout,0.00015790494831790123
6,0.1,400,211,tis,0.000689086192085274
6,0.1,400,211,uniform,0.0015302773127722183
6,0.1,400,212,complete_rollout,0.00016536083153641107
6,0.1,400,212,tis,0.0029954358742818473
6,0.1,400,212,uniform,0.001338807087481215
6,0.1,400,213,complete_rollout,0.00012200875905710069
6,0.1,400,213,tis,0.0026911407743833594
6,0.1,400,213,uniform,0.001294295837514596
6,0.1,400,214,complete_rollout,0.0002237770012152875
6,0.1,400,214,tis,0.002394835430761992
6,0.1,400,214,uniform,0.001501526546219954
6,0.1,400,215,complete_rollout,0.00015173914336901582
6,0.1,400,215,tis,0.005404938898083618
6,0.1,400,215,uniform,0.0013020178370941908
6,0.1,400,216,complete_rollout,9.823665738743473e-05
6,0.1,400,216,tis,0.0011065071183811708
6,0.1,400,216,uniform,0.0026863337110272787
6,0.1,400,217,complete_rollout,0.00011832919418474729
6,0.1,400,217,tis,0.0055295947194938695
6,0.1,400,217,uniform,0.0016050024822188984
6,0.1,400,218,complete_rollout,0.00014353520961090584
6,0.1,400,218,tis,0.0005817083995072481
6,0.1,400,218,uniform,0.001198183547381991
6,0.1,400,219,complete_rollout,9.941824028222144e-05
6,0.1,400,219,tis,0.0005408984012236285
6,0.1,400,219,uniform,0.003108794526983711
6,0.1,400,220,complete_rollout,0.00014340000502826916
6,0.1,400,220,tis,0.0009163946964699424
6,0.1,400,220,uniform,0.008038377498720715
6,0.1,400,221,complete_rollout,0.00012255431386929986
6,0.1,400,221,tis,0.010450464464248395
6,0.1,400,221,uniform,0.0015043230007153255
6,0.1,400,222,complete_rollout,0.00012528218914374526
6,0.1,400,222,tis,0.0008969969440768936
6,0.1,400,222,uniform,0.0021809762886069433
6,0.1,400,223,complete_rollout,0.0001226923653975621
6,0.1,400,223,tis,0.0017146185958124575
6,0.1,400,223,uniform,0.004323851515189721
6,0.1,400,224,complete_rollout,9.470912836319241e-05
6,0.1,400,224,tis,0.0027527190255932574
6,0.1,400,224,uniform,0.003252503743105296
6,0.1,400,225,complete_rollout,0.00012291242289055727
6,0.1,400,225,tis,0.0006808784170425543
6,0.1,400,225,uniform,0.0014932797709194129
6,0.1,400,226,complete_rollout,0.0001471501145699104
6,0.1,400,226,tis,0.00038932733785476854
6,0.1,400,226,uniform,0.0009968797073487193
6,0.1,400,227,complete_rollout,0.00019064076560803994
6,0.1,400,227,tis,0.0026440476569574685
6,0.1,400,227,uniform,0.0017987480334553626
6,0.1,400,228,complete_rollout,0.00015514401727012702
6,0.1,400,228,tis,0.0008707511298263439
6,0.1,400,228,uniform,0.0014904472970780165
6,0.1,400,229,complete_rollout,0.000198121892966412
6,0.1,400,229,tis,0.003366811261197402
6,0.1,400,229,uniform,0.0010340192535762706
6,0.1,400,230,complete_rollout,0.00010946437049444637
6,0.1,400,230,tis,0.002829693105320649
6,0.1,400,230,uniform,0.001400120437610325
6,0.1,400,231,complete_rollout,0.00020277898429066037
6,0.1,400,231,tis,0.0055565944770078705
6,0.1,400,231,uniform,0.00187074911440257
6,0.1,400,232,complete_rollout,0.00011850589910668412
6,0.1,400,232,tis,0.004005775427094064
6,0.1,400,232,uniform,0.0021406646787917433
6,0.1,400,233,complete_rollout,0.00012862319474092425
6,0.1,400,233,tis,0.0006912811836866202
6,0.1,400,233,uniform,0.0015400021772233414
6,0.1,400,234,complete_rollout,0.00012917150065041674
6,0.1,400,234,tis,0.0004384492696328753
6,0.1,400,234,uniform,0.0014117858341841146
6,0.1,400,235,complete_rollout,0.00010810738505165008
6,0.1,400,235,tis,0.00244410647219366
6,0.1,400,235,uniform,0.0017918243812756805
6,0.1,400,236,complete_rollout,0.00015564752687077864
6,0.1,400,236,tis,0.0022437397900393068
6,0.1,400,236,uniform,0.0016361063824260754
6,0.1,400,237,complete_rollout,7.626665787024746e-05
6,0.1,400,237,tis,0.0037501163987665015
6,0.1,400,237,uniform,0.0013978005325839232
6,0.1,400,238,complete_rollout,0.0001369107948768273
6,0.1,400,238,tis,0.002100996961874829
6,0.1,400,238,uniform,0.002275097004118644
6,0.1,400,239,complete_rollout,0.0002411728771748574
6,0.1,400,239,tis,0.0003167214204452453
6,0.1,400,239,uniform,0.0007447226274714228
6,0.1,400,240,complete_rollout,0.000132404421189496
6,0.1,400,240,tis,0.00042491304849711357
6,0.1,400,240,uniform,0.002287002446286857
6,0.1,400,241,complete_rollout,0.00019795123004197907
6,0.1,400,241,tis,0.0022028268372236933
6,0.1,400,241,uniform,0.0009352532436680685
6,0.1,400,242,complete_rollout,9.190364610120592e-05
6,0.1,400,242,tis,0.0025754888220951475
6,0.1,400,242,uniform,0.0023585426512631458
6,0.1,400,243,complete_rollout,9.498794756881273e-05
6,0.1,400,243,tis,0.003249478213386459
6,0.1,400,243,uniform,0.0008574738439122018
6,0.1,400,244,complete_rollout,5.8241317984971017e-05
6,0.1,400,244,tis,0.0022623665403320257
6,0.1,400,244,uniform,0.0021377023465429935
6,0.1,400,245,complete_rollout,9.930058650451688e-05
6,0.1,400,245,tis,0.0007880884857981165
6,0.1,400,245,uniform,0.002268900112069057
6,0.1,400,246,complete_rollout,0.00020016145681878847
6,0.1,400,246,tis,0.001637652875680046
6,0.1,400,246,uniform,0.0018461021194527943
6,0.1,400,247,complete_rollout,0.00018284417114126304
6,0.1,400,247,tis,0.002325814874982402
6,0.1,400,247,uniform,0.0028374903495394324
6,0.1,400,248,complete_rollout,0.0002524181895705937
6,0.1,400,248,tis,0.00350105915228855
6,0.1,400,248,uniform,0.0014560074300920777
6,0.1,400,249,complete_rollout,7.612886857777825e-05
6,0.1,400,249,tis,0.0006110795027950225
6,0.1,400,249,uniform,0.0018863761098635975
6,0.1,400,250,complete_rollout,8.530937659828335e-05
6,0.1,400,250,tis,0.007425109834256141
6,0.1,400,250,uniform,0.0015767504012017483
6,0.1,400,251,complete_rollout,6.730972211480174e-05
6,0.1,400,251,tis,0.00859295017692062
6,0.1,400,251,uniform,0.0011625428665305458
6,0.1,400,252,complete_rollout,0.00022923084885887238
6,0.1,400,252,tis,0.0004533027561725228
6,0.1,400,252,uniform,0.0023998313568365758
6,0.1,400,253,complete_rollout,0.0001444984218483863
6,0.1,400,253,tis,0.0005927185512638538
6,0.1,400,253,uniform,0.0011363841708154124
6,0.1,400,254,complete_rollout,0.00020796673150587323
6,0.1,400,254,tis,0.004393645611137944
6,0.1,400,254,uniform,0.0006932660936522518
6,0.1,400,255,complete_rollout,0.00016484243742400373
6,0.1,400,255,tis,0.0008535795601172789
6,0.1,400,255,uniform,0.002114377064792615
6,0.1,400,256,complete_rollout,0.00018299157146379745
6,0.1,400,256,tis,0.002160303294287252
6,0.1,400,256,uniform,0.001216848788380944
6,0.1,400,257,complete_rollout,0.00024352850005688375
6,0.1,400,257,tis,0.0042785595106000305
6,0.1,400,257,uniform,0.0011690647659299402
6,0.1,400,258,complete_rollout,0.00015679515395422726
6,0.1,400,258,tis,0.008435979767048856
6,0.1,400,258,uniform,0.0010738737176032623
6,0.1,400,259,complete_rollout,0.0002167807443646314
6,0.1,400,259,tis,0.0004098791777891632
6,0.1,400,259,uniform,0.0015433981462155957
6,0.1,400,260,complete_rollout,0.00014038779845923496
6,0.1,400,260,tis,0.0023586604337496922
6,0.1,400,260,uniform,0.0019269199413681018
6,0.1,400,261,complete_rollout,0.00012134051058332304
6,0.1,400,261,tis,0.0006576618690761832
6,0.1,400,261,uniform,0.0018726608391412757
6,0.1,400,262,complete_rollout,0.0001610935614457774
6,0.1,400,262,tis,0.0007915022043985984
6,0.1,400,262,uniform,0.0014857843397206396
6,0.1,400,263,complete_rollout,0.00022304430091077938
6,0.1,400,263,tis,0.0018815299058866477
6,0.1,400,263,uniform,0.0009112555785101198
6,0.1,400,264,complete_rollout,0.00011013276056154764
6,0.1,400,264,tis,0.0023503140774917496
6,0.1,400,264,uniform,0.0010312627253995584
6,0.1,400,265,complete_rollout,0.0001428781090833225
6,0.1,400,265,tis,0.0009319871576313036
6,0.1,400,265,uniform,0.002165505967430618
6,0.1,400,266,complete_rollout,7.547882274725232e-05
6,0.1,400,266,tis,0.0017144783159417783
6,0.1,400,266,uniform,0.0017141657147619397
6,0.1,400,267,complete_rollout,0.00010200375540362834
6,0.1,400,267,tis,0.0008831186580291236
6,0.1,400,267,uniform,0.005884874573182589
6,0.1,400,268,complete_rollout,8.652312930398783e-05
6,0.1,400,268,tis,0.0017521436907971303
6,0.1,400,268,uniform,0.0010094384804184735
6,0.1,400,269,complete_rollout,9.213131296957994e-05
6,0.1,400,269,tis,0.0028451080360877646
6,0.1,400,269,uniform,0.0014125757053119505
6,0.1,400,270,complete_rollout,0.0001388532969043208
6,0.1,400,270,tis,0.0010583905117142732
6,0.1,400,270,uniform,0.005286700538912737
6,0.1,400,271,complete_rollout,0.00021808608400235858
6,0.1,400,271,tis,0.0033569255892717874
6,0.1,400,271,uniform,0.0015041051678646449
6,0.1,400,272,complete_rollout,0.00011739377959338956
6,0.1,400,272,tis,0.0028530736505640165
6,0.1,400,272,uniform,0.001968010088368544
6,0.1,400,273,complete_rollout,0.00015278938806935748
6,0.1,400,273,tis,0.005055723075340232
6,0.1,400,273,uniform,0.0007680929078004765
6,0.1,400,274,complete_rollout,0.00015672253486998436
6,0.1,400,274,tis,0.00032584185002666814
6,0.1,400,274,uniform,0.0009193530121439956
6,0.1,400,275,complete_rollout,0.00020569030549293774
6,0.1,400,275,tis,0.0031667917646094413
6,0.1,400,275,uniform,0.0026819215337822123
6,0.1,400,276,complete_rollout,0.00010633739698622031
6,0.1,400,276,tis,0.0006625777890562767
6,0.1,400,276,uniform,0.0015964230049128028
6,0.1,400,277,complete_rollout,0.00014332541618554905
6,0.1,400,277,tis,0.0005003127005950922
6,0.1,400,277,uniform,0.0014665741129615572
6,0.1,400,278,complete_rollout,0.00013209949655911766
6,0.1,400,278,tis,0.005717493173986453
6,0.1,400,278,uniform,0.0019077085007486744
6,0.1,400,279,complete_rollout,0.00015580620816277378
6,0.1,400,279,tis,0.0012905449732460764
6,0.1,400,279,uniform,0.0013785052315605872
6,0.1,400,280,complete_rollout,0.00010542639421831041
6,0.1,400,280,tis,0.001770893663951788
6,0.1,400,280,uniform,0.0018029439553608568
6,0.1,400,281,complete_rollout,0.00017109967720001817
6,0.1,400,281,tis,0.002341476117737888
6,0.1,400,281,uniform,0.0017252181951409153
6,0.1,400,282,complete_rollout,0.00010860109217624729
6,0.1,400,282,tis,0.005094261046840053
6,0.1,400,282,uniform,0.0014848486057625063
6,0.1,400,283,complete_rollout,9.095861104032062e-05
6,0.1,400,283,tis,0.0023154611923936583
6,0.1,400,283,uniform,0.004521611618937988
6,0.1,400,284,complete_rollout,8.658903536500019e-05
6,0.1,400,284,tis,0.0010510293017346845
6,0.1,400,284,uniform,0.001978324267241739
6,0.1,400,285,complete_rollout,8.415232127524678e-05
6,0.1,400,285,tis,0.0001892253469295728
6,0.1,400,285,uniform,0.0011942862810721145
6,0.1,400,286,complete_rollout,9.578556203143431e-05
6,0.1,400,286,tis,0.004951069676564783
6,0.1,400,286,uniform,0.005677012057688681
6,0.1,400,287,complete_rollout,0.0002030554045148657
6,0.1,400,287,tis,0.0028180906731085104
6,0.1,400,287,uniform,0.0034306466745483433
6,0.1,400,288,complete_rollout,0.00013088785817134423
6,0.1,400,288,tis,0.0028073115287085976
6,0.1,400,288,uniform,0.002524879100133475
6,0.1,400,289,complete_rollout,0.00018176850513222566
6,0.1,400,289,tis,0.0005894865955177155
6,0.1,400,289,uniform,0.003294990529423275
6,0.1,400,290,complete_rollout,0.00019033295555698432
6,0.1,400,290,tis,0.0013359695960581375
6,0.1,400,290,uniform,0.0028062584644077317
6,0.1,400,291,complete_rollout,0.00010077106610019624
6,0.1,400,291,tis,0.0008577028708923224
6,0.1,400,291,uniform,0.0008318884075654175
6,0.1,400,292,complete_rollout,0.00013590428762378994
6,0.1,400,292,tis,0.0005286257803421016
6,0.1,400,292,uniform,0.0011352610440054339
6,0.1,400,293,complete_rollout,8.831098760574881e-05
6,0.1,400,293,tis,0.00030617162799705534
6,0.1,400,293,uniform,0.0012395143433536983
6,0.1,400,294,complete_rollout,0.0001281729295051688
6,0.1,400,294,tis,0.0023652664760923188
6,0.1,400,294,uniform,0.003086240141621196
6,0.1,400,295,complete_rollout,8.584781532080326e-05
6,0.1,400,295,tis,0.0014094038699759821
6,0.1,400,295,uniform,0.0018017221073912723
6,0.1,400,296,complete_rollout,0.00022668610090309578
6,0.1,400,296,tis,0.0019036177218660522
6,0.1,400,296,uniform,0.0010472815756452061
6,0.1,400,297,complete_rollout,7.352852900621113e-05
6,0.1,400,297,tis,0.0035135867763955828
6,0.1,400,297,uniform,0.002731165423403151
6,0.1,400,298,complete_rollout,0.0002490688290882097
6,0.1,400,298,tis,0.001498392225573864
6,0.1,400,298,uniform,0.0022863582417731025
6,0.1,400,299,complete_rollout,0.0001613712179596606
6,0.1,400,299,tis,0.0005042994969187516
6,0.1,400,299,uniform,0.0011136914732179004
6,0.2,50,0,complete_rollout,0.0003833242801020872
6,0.2,50,0,tis,0.01151281081745869
6,0.2,50,0,uniform,0.018306137060831288
6,0.2,50,1,complete_rollout,0.0006243192240998375
6,0.2,50,1,tis,0.013370155185826408
6,0.2,50,1,uniform,0.017199366365857435
6,0.2,50,2,complete_rollout,0.0011032715359806202
6,0.2,50,2,tis,0.008880561048883033
6,0.2,50,2,uniform,0.006566855777633948
6,0.2,50,3,complete_rollout,0.0012759186233031936
6,0.2,50,3,tis,0.004777370153362834
6,0.2,50,3,uniform,0.014064538751621346
6,0.2,50,4,complete_rollout,0.0006441561053250385
6,0.2,50,4,tis,0.01472896839682942
6,0.2,50,4,uniform,0.014494166143663367
6,0.2,50,5,complete_rollout,0.001084190843543059
6,0.2,50,5,tis,0.009592964887248728
6,0.2,50,5,uniform,0.016369460876718714
6,0.2,50,6,complete_rollout,0.0012810813956029578
6,0.2,50,6,tis,0.00845069729605395
6,0.2,50,6,uniform,0.009378031841277076
6,0.2,50,7,complete_rollout,0.002409881331730498
6,0.2,50,7,tis,0.010892333626253699
6,0.2,50,7,uniform,0.015338259246081795
6,0.2,50,8,complete_rollout,0.00032978347186028023
6,0.2,50,8,tis,0.004303450227583892
6,0.2,50,8,uniform,0.005151473579609413
6,0.2,50,9,complete_rollout,0.0005409826792884203
6,0.2,50,9,tis,0.01102452058027538
6,0.2,50,9,uniform,0.009353631391774806
6,0.2,50,10,complete_rollout,0.0008270676329888193
6,0.2,50,10,tis,0.013479038459737993
6,0.2,50,10,uniform,0.014525091543208359
6,0.2,50,11,complete_rollout,0.00046270147192481914
6,0.2,50,11,tis,0.005626523174313872
6,0.2,50,11,uniform,0.0230883206011884
6,0.2,50,12,complete_rollout,0.0005739155936440715
6,0.2,50,12,tis,0.004922641402688611
6,0.2,50,12,uniform,0.03301180137391101
6,0.2,50,13,complete_rollout,0.0004484971489167474
6,0.2,50,13,tis,0.004342670076254518
6,0.2,50,13,uniform,0.01322946495540668
6,0.2,50,14,complete_rollout,0.0008037240009848531
6,0.2,50,14,tis,0.0233716811373502
6,0.2,50,14,uniform,0.008425824596268835
6,0.2,50,15,complete_rollout,0.0007412697259563713
6,0.2,50,15,tis,0.006721538296535087
6,0.2,50,15,uniform,0.006079298425876308
6,0.2,50,16,complete_rollout,0.00041709983837116696
6,0.2,50,16,tis,0.005889801114118792
6,0.2,50,16,uniform,0.015586781397214181
6,0.2,50,17,complete_rollout,0.0025206272023455116
6,0.2,50,17,tis,0.013082212556259036
6,0.2,50,17,uniform,0.07297991419194068
6,0.2,50,18,complete_rollout,0.0029138390840485226
6,0.2,50,18,tis,0.007458764075034782
6,0.2,50,18,uniform,0.010303861689007399
6,0.2,50,19,complete_rollout,0.0006443352650519128
6,0.2,50,19,tis,0.006761561644841652
6,0.2,50,19,uniform,0.005297259440787538
6,0.2,50,20,complete_rollout,0.00039295997610950894
6,0.2,50,20,tis,0.009762376942331969
6,0.2,50,20,uniform,0.009774442888143777
6,0.2,50,21,complete_rollout,0.0006523428218987144
6,0.2,50,21,tis,0.004267510163611308
6,0.2,50,21,uniform,0.05308726936623008
6,0.2,50,22,complete_rollout,0.00045447658791572196
6,0.2,50,22,tis,0.0033204922927312203
6,0.2,50,22,uniform,0.00752269536376959
6,0.2,50,23,complete_rollout,0.0011923926460405741
6,0.2,50,23,tis,0.004613414310674797
6,0.2,50,23,uniform,0.015000181389192237
6,0.2,50,24,complete_rollout,0.0010410182845505996
6,0.2,50,24,tis,0.00599329366581117
6,0.2,50,24,uniform,0.011308412260009316
6,0.2,50,25,complete_rollout,0.0016502157135078847
6,0.2,50,25,tis,0.006108594974869063
6,0.2,50,25,uniform,0.008424455847725743
6,0.2,50,26,complete_rollout,0.000491264323002784
6,0.2,50,26,tis,0.007156665418240379
6,0.2,50,26,uniform,0.027648220166380882
6,0.2,50,27,complete_rollout,0.003824069409513493
6,0.2,50,27,tis,0.00704473084242704
6,0.2,50,27,uniform,0.018537040659026182
6,0.2,50,28,complete_rollout,0.0023306197895811643
6,0.2,50,28,tis,0.00474096865752411
6,0.2,50,28,uniform,0.014281186016372535
6,0.2,50,29,complete_rollout,0.0021229037811267603
6,0.2,50,29,tis,0.008167861198088716
6,0.2,50,29,uniform,0.03631562428202835
6,0.2,50,30,complete_rollout,0.0006865154880363899
6,0.2,50,30,tis,0.005668631807483963
6,0.2,50,30,uniform,0.006323180794488284
6,0.2,50,31,complete_rollout,0.0006112119387355236
6,0.2,50,31,tis,0.007354385979208891
6,0.2,50,31,uniform,0.014861363652464028
6,0.2,50,32,complete_rollout,0.0004028822838489591
6,0.2,50,32,tis,0.0036064263722453897
6,0.2,50,32,uniform,0.00437083213146686
6,0.2,50,33,complete_rollout,0.0011806891441932966
6,0.2,50,33,tis,0.006367894458296717
6,0.2,50,33,uniform,0.011268466150919688
6,0.2,50,34,complete_rollout,0.0011157057310642873
6,0.2,50,34,tis,0.009971602241802012
6,0.2,50,34,uniform,0.012017665141225316
6,0.2,50,35,complete_rollout,0.0006694493209430123
6,0.2,50,35,tis,0.0038439208202772457
6,0.2,50,35,uniform,0.02416561131625786
6,0.2,50,36,complete_rollout,0.0006047333417399116
6,0.2,50,36,tis,0.014127881199399273
6,0.2,50,36,uniform,0.018432137697310433
6,0.2,50,37,complete_rollout,0.0009649535420746593
6,0.2,50,37,tis,0.016524277816276644
6,0.2,50,37,uniform,0.00605705736665376
6,0.2,50,38,complete_rollout,0.0009319407488541414
6,0.2,50,38,tis,0.002923134714190068
6,0.2,50,38,uniform,0.029178608789813522
6,0.2,50,39,complete_rollout,0.002770506753693052
6,0.2,50,39,tis,0.0033775198287207086
6,0.2,50,39,uniform,0.00918493000461505
6,0.2,50,40,complete_rollout,0.001897991445472998
6,0.2,50,40,tis,0.010876720343491466
6,0.2,50,40,uniform,0.008032371284991876
6,0.2,50,41,complete_rollout,0.0012329159285140374
6,0.2,50,41,tis,0.004145423277076124
6,0.2,50,41,uniform,0.0058638350879567135
6,0.2,50,42,complete_rollout,0.0008528063829315297
6,0.2,50,42,tis,0.0048900736321978305
6,0.2,50,42,uniform,0.07070440815631938
6,0.2,50,43,complete_rollout,0.0006892704090924478
6,0.2,50,43,tis,0.004621147837510315
6,0.2,50,43,uniform,0.009493040085819197
6,0.2,50,44,complete_rollout,0.0010549614819225209
6,0.2,50,44,tis,0.009888497583566984
6,0.2,50,44,uniform,0.01244188287175912
6,0.2,50,45,complete_rollout,0.0002841568733647371
6,0.2,50,45,tis,0.010631238873252513
6,0.2,50,45,uniform,0.014214982095849343
6,0.2,50,46,complete_rollout,0.001410493652466215
6,0.2,50,46,tis,0.003189764405026511
6,0.2,50,46,uniform,0.007691506455759274
6,0.2,50,47,complete_rollout,0.001009883325656827
6,0.2,50,47,tis,0.006169448109329106
6,0.2,50,47,uniform,0.012182018853938298
6,0.2,50,48,complete_rollout,0.0006577514263217603
6,0.2,50,48,tis,0.008965721443247254
6,0.2,50,48,uniform,0.018405707391733396
6,0.2,50,49,complete_rollout,0.000846901619551201
6,0.2,50,49,tis,0.016062821915871252
6,0.2,50,49,uniform,0.026467479913984824
6,0.2,50,50,complete_rollout,0.0004633866021001528
6,0.2,50,50,tis,0.008927863484939099
6,0.2,50,50,uniform,0.01614303079825236
6,0.2,50,51,complete_rollout,0.0012733706898150285
6,0.2,50,51,tis,0.012311781760926935
6,0.2,50,51,uniform,0.015563217366042725
6,0.2,50,52,complete_rollout,0.0014543377114178112
6,0.2,50,52,tis,0.012507406365168868
6,0.2,50,52,uniform,0.0064569354642061046
6,0.2,50,53,complete_rollout,0.003241411315872887
6,0.2,50,53,tis,0.015039380661632509
6,0.2,50,53,uniform,0.0470686037460902
6,0.2,50,54,complete_rollout,0.0010867504433672156
6,0.2,50,54,tis,0.007689668618371267
6,0.2,50,54,uniform,0.008598934078143104
6,0.2,50,55,complete_rollout,0.003508917107963451
6,0.2,50,55,tis,0.011442151797276557
6,0.2,50,55,uniform,0.013173237111235562
6,0.2,50,56,complete_rollout,0.0005409707676857936
6,0.2,50,56,tis,0.012438711774619589
6,0.2,50,56,uniform,0.009780013122113438
6,0.2,50,57,complete_rollout,0.00039183540930890946
6,0.2,50,57,tis,0.0108314975678441
6,0.2,50,57,uniform,0.005019809431567644
6,0.2,50,58,complete_rollout,0.000646322351077272
6,0.2,50,58,tis,0.0032292745636514357
6,0.2,50,58,uniform,0.0129130103587133
6,0.2,50,59,complete_rollout,0.0014735127275645999
6,0.2,50,59,tis,0.013200339972421317
6,0.2,50,59,uniform,0.006102732067302676
6,0.2,50,60,complete_rollout,0.0009968408404892797
6,0.2,50,60,tis,0.0043462729328009935
6,0.2,50,60,uniform,0.0437023691452115
6,0.2,50,61,complete_rollout,0.0014707419435056786
6,0.2,50,61,tis,0.006998900216513656
6,0.2,50,61,uniform,0.0049214494978550224
6,0.2,50,62,complete_rollout,0.0015354759320294195
6,0.2,50,62,tis,0.00429353484331382
6,0.2,50,62,uniform,0.014623508526641139
6,0.2,50,63,complete_rollout,0.0004486876140226791
6,0.2,50,63,tis,0.003654296621503965
6,0.2,50,63,uniform,0.012891933944498179
6,0.2,50,64,complete_rollout,0.0028120929457653965
6,0.2,50,64,tis,0.003954907754653649
6,0.2,50,64,uniform,0.006922733310099334
6,0.2,50,65,complete_rollout,0.0007354985309491689
6,0.2,50,65,tis,0.0035151938815268296
6,0.2,50,65,uniform,0.007654540497736579
6,0.2,50,66,complete_rollout,0.0011395289303861296
6,0.2,50,66,tis,0.00838221844040319
6,0.2,50,66,uniform,0.004149012425531473
6,0.2,50,67,complete_rollout,0.001443905954878119
6,0.2,50,67,tis,0.02079693920476351
6,0.2,50,67,uniform,0.013032640595633443
6,0.2,50,68,complete_rollout,0.0010306276976782451
6,0.2,50,68,tis,0.007242066026328329
6,0.2,50,68,uniform,0.011236869730868189
6,0.2,50,69,complete_rollout,0.001159070332057241
6,0.2,50,69,tis,0.01041619953853225
6,0.2,50,69,uniform,0.012503178587210699
6,0.2,50,70,complete_rollout,0.0004458906689153515
6,0.2,50,70,tis,0.012662304516403797
6,0.2,50,70,uniform,0.00774549146861522
6,0.2,50,71,complete_rollout,0.0010603492538349016
6,0.2,50,71,tis,0.010259900800805044
6,0.2,50,71,uniform,0.031753682740536984
6,0.2,50,72,complete_rollout,0.0011745809137868133
6,0.2,50,72,tis,0.004028141973650175
6,0.2,50,72,uniform,0.047707766647333325
6,0.2,50,73,complete_rollout,0.0011506844071971268
6,0.2,50,73,tis,0.008607571381855693
6,0.2,50,73,uniform,0.030731484165615674
6,0.2,50,74,complete_rollout,0.0029915369806175736
6,0.2,50,74,tis,0.008339665681215648
6,0.2,50,74,uniform,0.002749490603734921
6,0.2,50,75,complete_rollout,0.0005563480226625616
6,0.2,50,75,tis,0.008347786400848073
6,0.2,50,75,uniform,0.027256334789246904
6,0.2,50,76,complete_rollout,0.0020612331486808346
6,0.2,50,76,tis,0.004069479024438304
6,0.2,50,76,uniform,0.02502598453114092
6,0.2,50,77,complete_rollout,0.0014027825299186586
6,0.2,50,77,tis,0.005995019877208919
6,0.2,50,77,uniform,0.023322728263088014
6,0.2,50,78,complete_rollout,0.0014706512822343198
6,0.2,50,78,tis,0.0043800860191878736
6,0.2,50,78,uniform,0.004708801225371169
6,0.2,50,79,complete_rollout,0.0015825272888589927
6,0.2,50,79,tis,0.019025016277452553
6,0.2,50,79,uniform,0.024568633687973723
6,0.2,50,80,complete_rollout,0.0013792893750904694
6,0.2,50,80,tis,0.00396774121210116
6,0.2,50,80,uniform,0.005258886685438018
6,0.2,50,81,complete_rollout,0.0008315262102174144
6,0.2,50,81,tis,0.012376604862554295
6,0.2,50,81,uniform,0.022385842462170957
6,0.2,50,82,complete_rollout,0.0019777911344929506
6,0.2,50,82,tis,0.004391778401313217
6,0.2,50,82,uniform,0.03133365685794168
6,0.2,50,83,complete_rollout,0.0017015766945456413
6,0.2,50,83,tis,0.010197668686734681
6,0.2,50,83,uniform,0.012282542265810104
6,0.2,50,84,complete_rollout,0.00216389969212696
6,0.2,50,84,tis,0.018366438276923996
6,0.2,50,84,uniform,0.05708698498984739
6,0.2,50,85,complete_rollout,0.0005739265615469959
6,0.2,50,85,tis,0.010791273675839128
6,0.2,50,85,uniform,0.02141269073915405
6,0.2,50,86,complete_rollout,0.0004572677233252626
6,0.2,50,86,tis,0.003208913013015594
6,0.2,50,86,uniform,0.011733129518519524
6,0.2,50,87,complete_rollout,0.001438958958285724
6,0.2,50,87,tis,0.00585728982742111
6,0.2,50,87,uniform,0.0036810324181976253
6,0.2,50,88,complete_rollout,0.0008464626500528538
6,0.2,50,88,tis,0.047845418028076674
6,0.2,50,88,uniform,0.03333453752700862
6,0.2,50,89,complete_rollout,0.0007192227760193456
6,0.2,50,89,tis,0.004705849681125695
6,0.2,50,89,uniform,0.029167569318097063
6,0.2,50,90,complete_rollout,0.0014036285399869513
6,0.2,50,90,tis,0.005996063629666729
6,0.2,50,90,uniform,0.02749391321536565
6,0.2,50,91,complete_rollout,0.001524548910194149
6,0.2,50,91,tis,0.004163625923576888
6,0.2,50,91,uniform,0.008010753957839263
6,0.2,50,92,complete_rollout,0.0011907172921939518
6,0.2,50,92,tis,0.012017039256824215
6,0.2,50,92,uniform,0.016614519416974474
6,0.2,50,93,complete_rollout,0.0011838490904319573
6,0.2,50,93,tis,0.009789060066507187
6,0.2,50,93,uniform,0.009245459968965648
6,0.2,50,94,complete_rollout,0.0020375696430383113
6,0.2,50,94,tis,0.0024546800295538167
6,0.2,50,94,uniform,0.01497418074094522
6,0.2,50,95,complete_rollout,0.0011090545408326189
6,0.2,50,95,tis,0.017781551712611463
6,0.2,50,95,uniform,0.018991731762654125
6,0.2,50,96,complete_rollout,0.0019509214896103184
6,0.2,50,96,tis,0.014323299597582063
6,0.2,50,96,uniform,0.006368245025940965
6,0.2,50,97,complete_rollout,0.001539176731319593
6,0.2,50,97,tis,0.012078174452582033
6,0.2,50,97,uniform,0.013183240635033556
6,0.2,50,98,complete_rollout,0.001288228142298558
6,0.2,50,98,tis,0.004648192948616316
6,0.2,50,98,uniform,0.0120204568977387
6,0.2,50,99,complete_rollout,0.0005193505008420351
6,0.2,50,99,tis,0.0033858564099429034
6,0.2,50,99,uniform,0.012300342151143279
6,0.2,50,100,complete_rollout,0.0005513956225191258
6,0.2,50,100,tis,0.017536637867315512
6,0.2,50,100,uniform,0.012129898058418043
6,0.2,50,101,complete_rollout,0.0029807101015488064
6,0.2,50,101,tis,0.013447064644664405
6,0.2,50,101,uniform,0.011573061445704694
6,0.2,50,102,complete_rollout,0.005574349071109183
6,0.2,50,102,tis,0.005058193894100261
6,0.2,50,102,uniform,0.019225564392028334
6,0.2,50,103,complete_rollout,0.000657544725400464
6,0.2,50,103,tis,0.0020850347389244953
6,0.2,50,103,uniform,0.020878933952475514
6,0.2,50,104,complete_rollout,0.0014170076959790175
6,0.2,50,104,tis,0.018936252419174106
6,0.2,50,104,uniform,0.02787376535564911
6,0.2,50,105,complete_rollout,0.002042887746778281
6,0.2,50,105,tis,0.0037732188697920726
6,0.2,50,105,uniform,0.0037009762265193813
6,0.2,50,106,complete_rollout,0.0008349441835246459
6,0.2,50,106,tis,0.00238866707959511
6,0.2,50,106,uniform,0.004980879240740304
6,0.2,50,107,complete_rollout,0.0017483353043288644
6,0.2,50,107,tis,0.005840296282918118
6,0.2,50,107,uniform,0.011058718632199559
6,0.2,50,108,complete_rollout,0.0025079290477429076
6,0.2,50,108,tis,0.046346678161102176
6,0.2,50,108,uniform,0.007741346390506527
6,0.2,50,109,complete_rollout,0.0008159450482721929
6,0.2,50,109,tis,0.0029014943815278502
6,0.2,50,109,uniform,0.010675938749032433
6,0.2,50,110,complete_rollout,0.0015375360424580231
6,0.2,50,110,tis,0.007527180809575949
6,0.2,50,110,uniform,0.007736441430108814
6,0.2,50,111,complete_rollout,0.0007762837399988166
6,0.2,50,111,tis,0.02318073963837051
6,0.2,50,111,uniform,0.024693533314394004
6,0.2,50,112,complete_rollout,0.0005289997984524151
6,0.2,50,112,tis,0.012403292327726412
6,0.2,50,112,uniform,0.011948442681816303
6,0.2,50,113,complete_rollout,0.0009857106327596059
6,0.2,50,113,tis,0.013787837270453759
6,0.2,50,113,uniform,0.014279603052264873
6,0.2,50,114,complete_rollout,0.002442869800546392
6,0.2,50,114,tis,0.004828413307958444
6,0.2,50,114,uniform,0.009252460754231206
6,0.2,50,115,complete_rollout,0.00259967260558892
6,0.2,50,115,tis,0.031841050076477875
6,0.2,50,115,uniform,0.016923633508392412
6,0.2,50,116,complete_rollout,0.001950495330259713
6,0.2,50,116,tis,0.016865535164976183
6,0.2,50,116,uniform,0.013944714456845482
6,0.2,50,117,complete_rollout,0.0028406766370715777
6,0.2,50,117,tis,0.010995299594536928
6,0.2,50,117,uniform,0.019191245977344333
6,0.2,50,118,complete_rollout,0.0007855136927854017
6,0.2,50,118,tis,0.004929155156453042
6,0.2,50,118,uniform,0.01623325916246226
6,0.2,50,119,complete_rollout,0.000674784050055019
6,0.2,50,119,tis,0.004284400470871387
6,0.2,50,119,uniform,0.01525113344305925
6,0.2,50,120,complete_rollout,0.00046375851113383067
6,0.2,50,120,tis,0.0032463923624839732
6,0.2,50,120,uniform,0.015284000867733039
6,0.2,50,121,complete_rollout,0.00027715546751397546
6,0.2,50,121,tis,0.009986779829816335
6,0.2,50,121,uniform,0.013449695053861378
6,0.2,50,122,complete_rollout,0.0014308841839955374
6,0.2,50,122,tis,0.01139628969754909
6,0.2,50,122,uniform,0.012921274079643014
6,0.2,50,123,complete_rollout,0.0003591093666550541
6,0.2,50,123,tis,0.019810521498187843
6,0.2,50,123,uniform,0.02670690315793866
6,0.2,50,124,complete_rollout,0.0002946805601290171
6,0.2,50,124,tis,0.007012453217174553
6,0.2,50,124,uniform,0.027470634361139338
6,0.2,50,125,complete_rollout,0.0006271660375124125
6,0.2,50,125,tis,0.016166897765124394
6,0.2,50,125,uniform,0.021306408572067535
6,0.2,50,126,complete_rollout,0.0014393528340186086
6,0.2,50,126,tis,0.006345880776123917
6,0.2,50,126,uniform,0.008097498945784579
6,0.2,50,127,complete_rollout,0.0009728225392917239
6,0.2,50,127,tis,0.010678713873497041
6,0.2,50,127,uniform,0.01528921569200406
6,0.2,50,128,complete_rollout,0.0004311708568285653
6,0.2,50,128,tis,0.00355897909015888
6,0.2,50,128,uniform,0.012430563694284694
6,0.2,50,129,complete_rollout,0.0010182875660891095
6,0.2,50,129,tis,0.004460794954927067
6,0.2,50,129,uniform,0.0095208954063989
6,0.2,50,130,complete_rollout,0.0014403178621054486
6,0.2,50,130,tis,0.01700102181266701
6,0.2,50,130,uniform,0.009014405789956527
6,0.2,50,131,complete_rollout,0.0004619628871700047
6,0.2,50,131,tis,0.019565920720604122
6,0.2,50,131,uniform,0.015637364340365664
6,0.2,50,132,complete_rollout,0.0009852452724263975
6,0.2,50,132,tis,0.004933109251916503
6,0.2,50,132,uniform,0.015444216702569834
6,0.2,50,133,complete_rollout,0.0014626322039580396
6,0.2,50,133,tis,0.0045936100598677285
6,0.2,50,133,uniform,0.005638094322900698
6,0.2,50,134,complete_rollout,0.001530171764294424
6,0.2,50,134,tis,0.005642664838406036
6,0.2,50,134,uniform,0.017331977958833636
6,0.2,50,135,complete_rollout,0.0023796210130513085
6,0.2,50,135,tis,0.011575849264014195
6,0.2,50,135,uniform,0.009955926233429542
6,0.2,50,136,complete_rollout,0.000392702765680059
6,0.2,50,136,tis,0.0095035235411576
6,0.2,50,136,uniform,0.01328343837186892
6,0.2,50,137,complete_rollout,0.0009677944060441745
6,0.2,50,137,tis,0.01567462547361204
6,0.2,50,137,uniform,0.016033795686451604
6,0.2,50,138,complete_rollout,0.0005527329775109938
6,0.2,50,138,tis,0.016968295641241294
6,0.2,50,138,uniform,0.011151935062563867
6,0.2,50,139,complete_rollout,0.0005056430812273045
6,0.2,50,139,tis,0.005489117500244465
6,0.2,50,139,uniform,0.009966708508946648
6,0.2,50,140,complete_rollout,0.0007317721025002846
6,0.2,50,140,tis,0.011613678659912176
6,0.2,50,140,uniform,0.031188262247138273
6,0.2,50,141,complete_rollout,0.0006361156758173302
6,0.2,50,141,tis,0.0033326903989777472
6,0.2,50,141,uniform,0.005520711752661297
6,0.2,50,142,complete_rollout,0.0005186221467414986
6,0.2,50,142,tis,0.01165039547355906
6,0.2,50,142,uniform,0.0716663900056288
6,0.2,50,143,complete_rollout,0.0015652203704593507
6,0.2,50,143,tis,0.022492751339970994
6,0.2,50,143,uniform,0.00795569078179272
6,0.2,50,144,complete_rollout,0.0006591645958788756
6,0.2,50,144,tis,0.013087036443421905
6,0.2,50,144,uniform,0.016024495943534882
6,0.2,50,145,complete_rollout,0.0014448287090489723
6,0.2,50,145,tis,0.003180103491874219
6,0.2,50,145,uniform,0.016624774448479453
6,0.2,50,146,complete_rollout,0.002459060516561795
6,0.2,50,146,tis,0.015159685073713647
6,0.2,50,146,uniform,0.03158109061917499
6,0.2,50,147,complete_rollout,0.0013487254841681197
6,0.2,50,147,tis,0.0034518469825508234
6,0.2,50,147,uniform,0.005831577005672875
6,0.2,50,148,complete_rollout,0.0003984715645008537
6,0.2,50,148,tis,0.01179646819068376
6,0.2,50,148,uniform,0.006434740678143141
6,0.2,50,149,complete_rollout,0.0010367296336257035
6,0.2,50,149,tis,0.010242549052271057
6,0.2,50,149,uniform,0.00964644583058265
6,0.2,50,150,complete_rollout,0.0018689301821349883
6,0.2,50,150,tis,0.0069872588546778455
6,0.2,50,150,uniform,0.01184801922098194
6,0.2,50,151,complete_rollout,0.0009284242303476368
6,0.2,50,151,tis,0.012832175604648896
6,0.2,50,151,uniform,0.014190977289527874
6,0.2,50,152,complete_rollout,0.000949925905350039
6,0.2,50,152,tis,0.009373319331103564
6,0.2,50,152,uniform,0.021554090641618253
6,0.2,50,153,complete_rollout,0.0006251406852408385
6,0.2,50,153,tis,0.007886817046308446
6,0.2,50,153,uniform,0.017614304203842728
6,0.2,50,154,complete_rollout,0.002454235679909713
6,0.2,50,154,tis,0.0052058065750376515
6,0.2,50,154,uniform,0.008518512581090954
6,0.2,50,155,complete_rollout,0.0012140317610681692
6,0.2,50,155,tis,0.0029702928512461333
6,0.2,50,155,uniform,0.009920715623919952
6,0.2,50,156,complete_rollout,0.0007991081974083994
6,0.2,50,156,tis,0.020108436487228425
6,0.2,50,156,uniform,0.005981948163959778
6,0.2,50,157,complete_rollout,0.0022044247245541406
6,0.2,50,157,tis,0.003019196858313291
6,0.2,50,157,uniform,0.016654993691552676
6,0.2,50,158,complete_rollout,0.0019326149148601044
6,0.2,50,158,tis,0.003694177698376684
6,0.2,50,158,uniform,0.027280861420291035
6,0.2,50,159,complete_rollout,0.0026866958859624052
6,0.2,50,159,tis,0.010840965823976681
6,0.2,50,159,uniform,0.009933100450447109
6,0.2,50,160,complete_rollout,0.0008469126526034792
6,0.2,50,160,tis,0.011349411698099231
6,0.2,50,160,uniform,0.015592814705149007
6,0.2,50,161,complete_rollout,0.0010529339675796295
6,0.2,50,161,tis,0.0061344314446746305
6,0.2,50,161,uniform,0.014553881166761219
6,0.2,50,162,complete_rollout,0.0005854649836624858
6,0.2,50,162,tis,0.005524586572683448
6,0.2,50,162,uniform,0.022048087509202657
6,0.2,50,163,complete_rollout,0.001101513142871535
6,0.2,50,163,tis,0.022806544941768474
6,0.2,50,163,uniform,0.013526826420734439
6,0.2,50,164,complete_rollout,0.0012141344843871731
6,0.2,50,164,tis,0.02205846438948411
6,0.2,50,164,uniform,0.01465435156908822
6,0.2,50,165,complete_rollout,0.001257614558596983
6,0.2,50,165,tis,0.005615281068903028
6,0.2,50,165,uniform,0.022030877404336305
6,0.2,50,166,complete_rollout,0.0002782400265206375
6,0.2,50,166,tis,0.0027828333813841185
6,0.2,50,166,uniform,0.020719734804309185
6,0.2,50,167,complete_rollout,0.00036014242389744187
6,0.2,50,167,tis,0.008510344282375125
6,0.2,50,167,uniform,0.013034212404331924
6,0.2,50,168,complete_rollout,0.000994001568325028
6,0.2,50,168,tis,0.019463479288550536
6,0.2,50,168,uniform,0.01549571097802084
6,0.2,50,169,complete_rollout,0.0005585580937174769
6,0.2,50,169,tis,0.016171490783117227
6,0.2,50,169,uniform,0.010408667620814152
6,0.2,50,170,complete_rollout,0.0014826007316149727
6,0.2,50,170,tis,0.007691376827105225
6,0.2,50,170,uniform,0.012671502428854172
6,0.2,50,171,complete_rollout,0.0011986203158735327
6,0.2,50,171,tis,0.004225428733638695
6,0.2,50,171,uniform,0.005078939805635004
6,0.2,50,172,complete_rollout,0.0004926819329719327
6,0.2,50,172,tis,0.013261862651035891
6,0.2,50,172,uniform,0.01692562345078255
6,0.2,50,173,complete_rollout,0.0019038386956873776
6,0.2,50,173,tis,0.0037849238896227465
6,0.2,50,173,uniform,0.008458391503830074
6,0.2,50,174,complete_rollout,0.0020445509404400106
6,0.2,50,174,tis,0.0026756604377442695
6,0.2,50,174,uniform,0.01361738564527414
6,0.2,50,175,complete_rollout,0.0005520833434887675
6,0.2,50,175,tis,0.00870551478718266
6,0.2,50,175,uniform,0.03579377347005007
6,0.2,50,176,complete_rollout,0.0018265882369346228
6,0.2,50,176,tis,0.007307137540337031
6,0.2,50,176,uniform,0.008507458640818817
6,0.2,50,177,complete_rollout,0.0007736678452185974
6,0.2,50,177,tis,0.029444259396189443
6,0.2,50,177,uniform,0.023062492174046854
6,0.2,50,178,complete_rollout,0.0011060130117087955
6,0.2,50,178,tis,0.011521552826450345
6,0.2,50,178,uniform,0.01792941166124507
6,0.2,50,179,complete_rollout,0.00197210420799308
6,0.2,50,179,tis,0.012866661817975276
6,0.2,50,179,uniform,0.02214569979400233
6,0.2,50,180,complete_rollout,0.0004627785608909879
6,0.2,50,180,tis,0.005108814031365525
6,0.2,50,180,uniform,0.02413554972907343
6,0.2,50,181,complete_rollout,0.00112860255729991
6,0.2,50,181,tis,0.007875433274963005
6,0.2,50,181,uniform,0.011250138389519847
6,0.2,50,182,complete_rollout,0.0002975670878128098
6,0.2,50,182,tis,0.02704503272091369
6,0.2,50,182,uniform,0.013513228514851776
6,0.2,50,183,complete_rollout,0.0013353040239390938
6,0.2,50,183,tis,0.00194404805264529
6,0.2,50,183,uniform,0.02133326005231411
6,0.2,50,184,complete_rollout,0.0005352178211291554
6,0.2,50,184,tis,0.003924482528843838
6,0.2,50,184,uniform,0.01651777084578025
6,0.2,50,185,complete_rollout,0.000668081321060912
6,0.2,50,185,tis,0.0028650928856310425
6,0.2,50,185,uniform,0.0038582708183949577
6,0.2,50,186,complete_rollout,0.0007109843650675254
6,0.2,50,186,tis,0.0035486068611430086
6,0.2,50,186,uniform,0.006283062372408736
6,0.2,50,187,complete_rollout,0.0006645329045917835
6,0.2,50,187,tis,0.006797390466754522
6,0.2,50,187,uniform,0.02248472940459426
6,0.2,50,188,complete_rollout,0.0005260851083891742
6,0.2,50,188,tis,0.0185123621281925
6,0.2,50,188,uniform,0.024298469953649687
6,0.2,50,189,complete_rollout,0.0002907911998121047
6,0.2,50,189,tis,0.008702721384335968
6,0.2,50,189,uniform,0.016736784002701507
6,0.2,50,190,complete_rollout,0.0009441327608635223
6,0.2,50,190,tis,0.0046865859844912065
6,0.2,50,190,uniform,0.007482420430692464
6,0.2,50,191,complete_rollout,0.002924607741025726
6,0.2,50,191,tis,0.01660154044017052
6,0.2,50,191,uniform,0.017873271205300977
6,0.2,50,192,complete_rollout,0.0004017470360728211
6,0.2,50,192,tis,0.005911782586054423
6,0.2,50,192,uniform,0.04798256502609409
6,0.2,50,193,complete_rollout,0.00039244807016394333
6,0.2,50,193,tis,0.0036809973011300455
6,0.2,50,193,uniform,0.006466197639082161
6,0.2,50,194,complete_rollout,0.001650997941699248
6,0.2,50,194,tis,0.013646058357405106
6,0.2,50,194,uniform,0.013177941541866845
6,0.2,50,195,complete_rollout,0.000622846267221399
6,0.2,50,195,tis,0.006910834959082625
6,0.2,50,195,uniform,0.015281834075072241
6,0.2,50,196,complete_rollout,0.0009706787767573364
6,0.2,50,196,tis,0.01171755667345883
6,0.2,50,196,uniform,0.02178511015581643
6,0.2,50,197,complete_rollout,0.0021652358065311884
6,0.2,50,197,tis,0.0046638086256652125
6,0.2,50,197,uniform,0.02245323402440904
6,0.2,50,198,complete_rollout,0.0004322011594295637
6,0.2,50,198,tis,0.0033050757973435737
6,0.2,50,198,uniform,0.01843799405706712
6,0.2,50,199,complete_rollout,0.0006089157009716265
6,0.2,50,199,tis,0.0035756043885103997
6,0.2,50,199,uniform,0.003950639867279784
6,0.2,50,200,complete_rollout,0.0013906939190026998
6,0.2,50,200,tis,0.01749043779631691
6,0.2,50,200,uniform,0.021277677025595618
6,0.2,50,201,complete_rollout,0.0005909890931786395
6,0.2,50,201,tis,0.004233421229325692
6,0.2,50,201,uniform,0.010911693913183921
6,0.2,50,202,complete_rollout,0.0016930963998655552
6,0.2,50,202,tis,0.005440923735551647
6,0.2,50,202,uniform,0.006518332071211164
6,0.2,50,203,complete_rollout,0.004467112086846772
6,0.2,50,203,tis,0.009521759372749058
6,0.2,50,203,uniform,0.014137066947307974
6,0.2,50,204,complete_rollout,0.00526706492021666
6,0.2,50,204,tis,0.021220487219432083
6,0.2,50,204,uniform,0.012057553848689163
6,0.2,50,205,complete_rollout,0.0005163838841219004
6,0.2,50,205,tis,0.01474512719590064
6,0.2,50,205,uniform,0.02490330087431806
6,0.2,50,206,complete_rollout,0.0004721254686518404
6,0.2,50,206,tis,0.0022097940093442287
6,0.2,50,206,uniform,0.013176395803093915
6,0.2,50,207,complete_rollout,0.0023545389547562786
6,0.2,50,207,tis,0.013674446557463716
6,0.2,50,207,uniform,0.005538705054643049
6,0.2,50,208,complete_rollout,0.0032601428033705248
6,0.2,50,208,tis,0.009636317665427302
6,0.2,50,208,uniform,0.011302100152420365
6,0.2,50,209,complete_rollout,0.0010987286847500286
6,0.2,50,209,tis,0.013938818354412
6,0.2,50,209,uniform,0.018445522001761486
6,0.2,50,210,complete_rollout,0.001171431885888731
6,0.2,50,210,tis,0.003332216847941056
6,0.2,50,210,uniform,0.01507569705101059
6,0.2,50,211,complete_rollout,0.0011380266049420922
6,0.2,50,211,tis,0.00552386931325868
6,0.2,50,211,uniform,0.009728774976552194
6,0.2,50,212,complete_rollout,0.0016614484676074485
6,0.2,50,212,tis,0.004078363644218305
6,0.2,50,212,uniform,0.010434755989737489
6,0.2,50,213,complete_rollout,0.0005661530273752821
6,0.2,50,213,tis,0.02011090254876464
6,0.2,50,213,uniform,0.017060488913041544
6,0.2,50,214,complete_rollout,0.0007129928662592188
6,0.2,50,214,tis,0.002980711658140192
6,0.2,50,214,uniform,0.0024450426510401694
6,0.2,50,215,complete_rollout,0.000472241951692368
6,0.2,50,215,tis,0.0037599848934778196
6,0.2,50,215,uniform,0.012739730129930236
6,0.2,50,216,complete_rollout,0.0015288053616344362
6,0.2,50,216,tis,0.043861713601687634
6,0.2,50,216,uniform,0.012348273289594727
6,0.2,50,217,complete_rollout,0.001415990732491805
6,0.2,50,217,tis,0.012778547166945053
6,0.2,50,217,uniform,0.007149918098834113
6,0.2,50,218,complete_rollout,0.002428231607056642
6,0.2,50,218,tis,0.0071915982948479295
6,0.2,50,218,uniform,0.015489542231888247
6,0.2,50,219,complete_rollout,0.00047830656669982575
6,0.2,50,219,tis,0.002027424823505657
6,0.2,50,219,uniform,0.01838770537971974
6,0.2,50,220,complete_rollout,0.002630668712798961
6,0.2,50,220,tis,0.005515268586233794
6,0.2,50,220,uniform,0.029897470114478634
6,0.2,50,221,complete_rollout,0.0007218468815662592
6,0.2,50,221,tis,0.02374972319849731
6,0.2,50,221,uniform,0.005496859670476728
6,0.2,50,222,complete_rollout,0.0008014010656790939
6,0.2,50,222,tis,0.013031833769994021
6,0.2,50,222,uniform,0.022454534511941043
6,0.2,50,223,complete_rollout,0.0019831163780120583
6,0.2,50,223,tis,0.020369210655464074
6,0.2,50,223,uniform,0.01749726553262508
6,0.2,50,224,complete_rollout,0.001482725391458798
6,0.2,50,224,tis,0.01039414728492847
6,0.2,50,224,uniform,0.01500819526822675
6,0.2,50,225,complete_rollout,0.001079255636465386
6,0.2,50,225,tis,0.0047835569502002176
6,0.2,50,225,uniform,0.012180299968454178
6,0.2,50,226,complete_rollout,0.004260293159645816
6,0.2,50,226,tis,0.0034675053326946254
6,0.2,50,226,uniform,0.010677002211046168
6,0.2,50,227,complete_rollout,0.0015630004496954297
6,0.2,50,227,tis,0.004479689327119672
6,0.2,50,227,uniform,0.01964099270171377
6,0.2,50,228,complete_rollout,0.004553340996404279
6,0.2,50,228,tis,0.01974495398272915
6,0.2,50,228,uniform,0.039495701726931724
6,0.2,50,229,complete_rollout,0.0005143453445707461
6,0.2,50,229,tis,0.012623761572912312
6,0.2,50,229,uniform,0.019343098159285477
6,0.2,50,230,complete_rollout,0.0015676057116512754
6,0.2,50,230,tis,0.003943649020128401
6,0.2,50,230,uniform,0.01102509902889205
6,0.2,50,231,complete_rollout,0.000288674167631761
6,0.2,50,231,tis,0.00808352463435396
6,0.2,50,231,uniform,0.013682496483260682
6,0.2,50,232,complete_rollout,0.0019772618907560185
6,0.2,50,232,tis,0.01587198117499293
6,0.2,50,232,uniform,0.013157768861202287
6,0.2,50,233,complete_rollout,0.0024382131693274998
6,0.2,50,233,tis,0.005903186086213064
6,0.2,50,233,uniform,0.01459046856311442
6,0.2,50,234,complete_rollout,0.002066806808796927
6,0.2,50,234,tis,0.015281738386891983
6,0.2,50,234,uniform,0.023462970659590944
6,0.2,50,235,complete_rollout,0.001769763247444406
6,0.2,50,235,tis,0.004131024591913465
6,0.2,50,235,uniform,0.01843205145819431
6,0.2,50,236,complete_rollout,0.000565114334116591
6,0.2,50,236,tis,0.023397991103325844
6,0.2,50,236,uniform,0.017500753343491104
6,0.2,50,237,complete_rollout,0.0017878287957180305
6,0.2,50,237,tis,0.009366004233938087
6,0.2,50,237,uniform,0.003596323622233473
6,0.2,50,238,complete_rollout,0.0009923737111697435
6,0.2,50,238,tis,0.007284726053239517
6,0.2,50,238,uniform,0.007626002283003793
6,0.2,50,239,complete_rollout,0.0008005599139344855
6,0.2,50,239,tis,0.011734846291532066
6,0.2,50,239,uniform,0.019139501669730354
6,0.2,50,240,complete_rollout,0.0006754648652486262
6,0.2,50,240,tis,0.010993157053296692
6,0.2,50,240,uniform,0.009086622022841917
6,0.2,50,241,complete_rollout,0.00028704126576539854
6,0.2,50,241,tis,0.007008863872116683
6,0.2,50,241,uniform,0.014182433640740408
6,0.2,50,242,complete_rollout,0.0008426599965819722
6,0.2,50,242,tis,0.02527461052600121
6,0.2,50,242,uniform,0.028658539510116605
6,0.2,50,243,complete_rollout,0.001806489353604528
6,0.2,50,243,tis,0.04119736515158083
6,0.2,50,243,uniform,0.012163966833631405
6,0.2,50,244,complete_rollout,0.0006744527105836569
6,0.2,50,244,tis,0.01569248126596912
6,0.2,50,244,uniform,0.006541838968567455
6,0.2,50,245,complete_rollout,0.0034633051012551426
6,0.2,50,245,tis,0.0031881152390342703
6,0.2,50,245,uniform,0.008498349142705747
6,0.2,50,246,complete_rollout,0.00050482002211232
6,0.2,50,246,tis,0.005048002783296655
6,0.2,50,246,uniform,0.008309371480297824
6,0.2,50,247,complete_rollout,0.000909709553659937
6,0.2,50,247,tis,0.005034257146145595
6,0.2,50,247,uniform,0.006012793722161059
6,0.2,50,248,complete_rollout,0.0022817683612193283
6,0.2,50,248,tis,0.00506194611233816
6,0.2,50,248,uniform,0.00559098407604949
6,0.2,50,249,complete_rollout,0.0006142949556799034
6,0.2,50,249,tis,0.00874969052366359
6,0.2,50,249,uniform,0.005743837513169186
6,0.2,50,250,complete_rollout,0.0011777713483759418
6,0.2,50,250,tis,0.007304162564878347
6,0.2,50,250,uniform,0.007108686548228917
6,0.2,50,251,complete_rollout,0.0015781481201307963
6,0.2,50,251,tis,0.004721484172796259
6,0.2,50,251,uniform,0.005770635510232145
6,0.2,50,252,complete_rollout,0.0009835128647044198
6,0.2,50,252,tis,0.013521538735142481
6,0.2,50,252,uniform,0.004633416069789959
6,0.2,50,253,complete_rollout,0.002088973767744299
6,0.2,50,253,tis,0.002421107779695322
6,0.2,50,253,uniform,0.008104395525052831
6,0.2,50,254,complete_rollout,0.0015063971493559439
6,0.2,50,254,tis,0.014133300287821976
6,0.2,50,254,uniform,0.01657576492713484
6,0.2,50,255,complete_rollout,0.0007434343814663658
6,0.2,50,255,tis,0.003181473868744959
6,0.2,50,255,uniform,0.02509303177835177
6,0.2,50,256,complete_rollout,0.0030183555782414043
6,0.2,50,256,tis,0.02309773928953836
6,0.2,50,256,uniform,0.012252137961084292
6,0.2,50,257,complete_rollout,0.0013898056160813767
6,0.2,50,257,tis,0.020071181671016937
6,0.2,50,257,uniform,0.012642112990696959
6,0.2,50,258,complete_rollout,0.001722034664166038
6,0.2,50,258,tis,0.013755667636333329
6,0.2,50,258,uniform,0.012186601209401439
6,0.2,50,259,complete_rollout,0.0011190996588596501
6,0.2,50,259,tis,0.010449068130366748
6,0.2,50,259,uniform,0.016494173233421994
6,0.2,50,260,complete_rollout,0.0005565392806281788
6,0.2,50,260,tis,0.032194808515576295
6,0.2,50,260,uniform,0.015487948102434607
6,0.2,50,261,complete_rollout,0.0007323012291009297
6,0.2,50,261,tis,0.006036211306347262
6,0.2,50,261,uniform,0.012544980553865197
6,0.2,50,262,complete_rollout,0.001486157851516282
6,0.2,50,262,tis,0.007106585848715191
6,0.2,50,262,uniform,0.006529000360848174
6,0.2,50,263,complete_rollout,0.0010004143749666136
6,0.2,50,263,tis,0.007986266212573949
6,0.2,50,263,uniform,0.02338004734063962
6,0.2,50,264,complete_rollout,0.0006110238859664738
6,0.2,50,264,tis,0.0036017072766083677
6,0.2,50,264,uniform,0.023782784104300014
6,0.2,50,265,complete_rollout,0.0005690856539220384
6,0.2,50,265,tis,0.004955588194208981
6,0.2,50,265,uniform,0.005785928712209317
6,0.2,50,266,complete_rollout,0.0007209370716769183
6,0.2,50,266,tis,0.005886986394105484
6,0.2,50,266,uniform,0.0047329586388824
6,0.2,50,267,complete_rollout,0.0006015389151317235
6,0.2,50,267,tis,0.004066863434751501
6,0.2,50,267,uniform,0.015438001235917263
6,0.2,50,268,complete_rollout,0.0017650859250180693
6,0.2,50,268,tis,0.005862917771215203
6,0.2,50,268,uniform,0.01699611915774643
6,0.2,50,269,complete_rollout,0.0020559592399973458
6,0.2,50,269,tis,0.005169253259645919
6,0.2,50,269,uniform,0.023412635498454067
6,0.2,50,270,complete_rollout,0.001622060384425338
6,0.2,50,270,tis,0.013369109525084223
6,0.2,50,270,uniform,0.007157972100487961
6,0.2,50,271,complete_rollout,0.0007620783232039442
6,0.2,50,271,tis,0.014899345608497807
6,0.2,50,271,uniform,0.006865163394640829
6,0.2,50,272,complete_rollout,0.0016638784282033685
6,0.2,50,272,tis,0.017279546046948487
6,0.2,50,272,uniform,0.01536902801489744
6,0.2,50,273,complete_rollout,0.0027997430483068593
6,0.2,50,273,tis,0.011243967790796852
6,0.2,50,273,uniform,0.006301941983967038
6,0.2,50,274,complete_rollout,0.001185821408759479
6,0.2,50,274,tis,0.003761695722450869
6,0.2,50,274,uniform,0.035055934669483334
6,0.2,50,275,complete_rollout,0.0038238258068038714
6,0.2,50,275,tis,0.015986821087171053
6,0.2,50,275,uniform,0.002548798349761715
6,0.2,50,276,complete_rollout,0.003582400101822837
6,0.2,50,276,tis,0.007674117114902599
6,0.2,50,276,uniform,0.008533777327157089
6,0.2,50,277,complete_rollout,0.0015076660008784958
6,0.2,50,277,tis,0.01351181063712718
6,0.2,50,277,uniform,0.012503263306988205
6,0.2,50,278,complete_rollout,0.003293900391281009
6,0.2,50,278,tis,0.007841992199660483
6,0.2,50,278,uniform,0.022692869500152875
6,0.2,50,279,complete_rollout,0.0006940302257205802
6,0.2,50,279,tis,0.0026802527967404984
6,0.2,50,279,uniform,0.007243843985291975
6,0.2,50,280,complete_rollout,0.0007598356972248144
6,0.2,50,280,tis,0.01691235739321019
6,0.2,50,280,uniform,0.013469548657553
6,0.2,50,281,complete_rollout,0.0023010554285275296
6,0.2,50,281,tis,0.0051106834447310805
6,0.2,50,281,uniform,0.011330260377327726
6,0.2,50,282,complete_rollout,0.0016896013936730078
6,0.2,50,282,tis,0.011514387841627014
6,0.2,50,282,uniform,0.019274146967412715
6,0.2,50,283,complete_rollout,0.0005341489695533554
6,0.2,50,283,tis,0.004880515458033194
6,0.2,50,283,uniform,0.026692295307141494
6,0.2,50,284,complete_rollout,0.0004516338236317144
6,0.2,50,284,tis,0.022151270692587415
6,0.2,50,284,uniform,0.020223184089494108
6,0.2,50,285,complete_rollout,0.0007858964870881922
6,0.2,50,285,tis,0.004617170488000936
6,0.2,50,285,uniform,0.005645183721929091
6,0.2,50,286,complete_rollout,0.0007384860891710376
6,0.2,50,286,tis,0.050951124508355934
6,0.2,50,286,uniform,0.006960013332665537
6,0.2,50,287,complete_rollout,0.0011233868951852199
6,0.2,50,287,tis,0.010149626735188004
6,0.2,50,287,uniform,0.024645574673747332
6,0.2,50,288,complete_rollout,0.0005518465866605555
6,0.2,50,288,tis,0.01514361238616145
6,0.2,50,288,uniform,0.007222695570128373
6,0.2,50,289,complete_rollout,0.0008404173702334294
6,0.2,50,289,tis,0.007281612533263858
6,0.2,50,289,uniform,0.0032975455809847653
6,0.2,50,290,complete_rollout,0.0007031436992457181
6,0.2,50,290,tis,0.007324163386187624
6,0.2,50,290,uniform,0.01388377640588155
6,0.2,50,291,complete_rollout,0.00028228574482462663
6,0.2,50,291,tis,0.00335235052841844
6,0.2,50,291,uniform,0.01639810225445713
6,0.2,50,292,complete_rollout,0.0010074606031520977
6,0.2,50,292,tis,0.0077674838020045265
6,0.2,50,292,uniform,0.011460924675648012
6,0.2,50,293,complete_rollout,0.002455979084803538
6,0.2,50,293,tis,0.010921596302346953
6,0.2,50,293,uniform,0.011894239784406456
6,0.2,50,294,complete_rollout,0.0005342421457849071
6,0.2,50,294,tis,0.008570309697661264
6,0.2,50,294,uniform,0.01273394850256169
6,0.2,50,295,complete_rollout,0.0008404985448631656
6,0.2,50,295,tis,0.006261437789344295
6,0.2,50,295,uniform,0.03131162069141301
6,0.2,50,296,complete_rollout,0.00042071068979910496
6,0.2,50,296,tis,0.00621799580684109
6,0.2,50,296,uniform,0.01231219622150724
6,0.2,50,297,complete_rollout,0.0015480237258080846
6,0.2,50,297,tis,0.05800818673144557
6,0.2,50,297,uniform,0.010045917699020851
6,0.2,50,298,complete_rollout,0.000509186109951298
6,0.2,50,298,tis,0.013360069334948807
6,0.2,50,298,uniform,0.008190093341290014
6,0.2,50,299,complete_rollout,0.0011772886188230285
6,0.2,50,299,tis,0.0030347673277192483
6,0.2,50,299,uniform,0.01458027306311429
6,0.2,100,0,complete_rollout,0.0006591909709105074
6,0.2,100,0,tis,0.0024234630634174794
6,0.2,100,0,uniform,0.006181541111651623
6,0.2,100,1,complete_rollout,0.000537503871422365
6,0.2,100,1,tis,0.0026624331834487393
6,0.2,100,1,uniform,0.006185999171525987
6,0.2,100,2,complete_rollout,0.001652309509850027
6,0.2,100,2,tis,0.004325712128672744
6,0.2,100,2,uniform,0.003104724816862481
6,0.2,100,3,complete_rollout,0.0014449017041358668
6,0.2,100,3,tis,0.010935476093037643
6,0.2,100,3,uniform,0.0032772250184477645
6,0.2,100,4,complete_rollout,0.0005338110049812437
6,0.2,100,4,tis,0.0015325059114032853
6,0.2,100,4,uniform,0.00873242028363402
6,0.2,100,5,complete_rollout,0.0003315097141494273
6,0.2,100,5,tis,0.008076037278837277
6,0.2,100,5,uniform,0.004523113414951098
6,0.2,100,6,complete_rollout,0.0005792647630021242
6,0.2,100,6,tis,0.0014206807135898826
6,0.2,100,6,uniform,0.014669866217111815
6,0.2,100,7,complete_rollout,0.00026245476639799023
6,0.2,100,7,tis,0.004070239112131925
6,0.2,100,7,uniform,0.0025996532392188933
6,0.2,100,8,complete_rollout,0.000518371218492974
6,0.2,100,8,tis,0.0033405399615005354
6,0.2,100,8,uniform,0.00903126557370156
6,0.2,100,9,complete_rollout,0.0013125837903506573
6,0.2,100,9,tis,0.0005200530383407106
6,0.2,100,9,uniform,0.005043299882358912
6,0.2,100,10,complete_rollout,0.0001948538572150583
6,0.2,100,10,tis,0.0026759709592822163
6,0.2,100,10,uniform,0.006523420832951539
6,0.2,100,11,complete_rollout,0.0010945034667394946
6,0.2,100,11,tis,0.0028509921820205173
6,0.2,100,11,uniform,0.005068312698974943
6,0.2,100,12,complete_rollout,0.000799070924101879
6,0.2,100,12,tis,0.008720289327863973
6,0.2,100,12,uniform,0.006770131446582921
6,0.2,100,13,complete_rollout,0.0009407944519017615
6,0.2,100,13,tis,0.003273572218589434
6,0.2,100,13,uniform,0.010450532501673873
6,0.2,100,14,complete_rollout,0.0002758694207310327
6,0.2,100,14,tis,0.004821442334699048
6,0.2,100,14,uniform,0.012448990789080006
6,0.2,100,15,complete_rollout,0.0005466718335802894
6,0.2,100,15,tis,0.011417009712638081
6,0.2,100,15,uniform,0.021407429321582953
6,0.2,100,16,complete_rollout,0.0004926475987600047
6,0.2,100,16,tis,0.014234311016859316
6,0.2,100,16,uniform,0.007966793490996795
6,0.2,100,17,complete_rollout,0.0004919427565381299
6,0.2,100,17,tis,0.002278670362893699
6,0.2,100,17,uniform,0.013907772814717154
6,0.2,100,18,complete_rollout,0.00033009817224772587
6,0.2,100,18,tis,0.0014151528240767023
6,0.2,100,18,uniform,0.01265229342461149
6,0.2,100,19,complete_rollout,0.0003707876288628143
6,0.2,100,19,tis,0.004117438341448167
6,0.2,100,19,uniform,0.004155800129736794
6,0.2,100,20,complete_rollout,0.000894794097441273
6,0.2,100,20,tis,0.0010785584834465123
6,0.2,100,20,uniform,0.0021337137510037993
6,0.2,100,21,complete_rollout,0.0002827147996301474
6,0.2,100,21,tis,0.0031239251298902076
6,0.2,100,21,uniform,0.009176233933803853
6,0.2,100,22,complete_rollout,0.0003222746498456888
6,0.2,100,22,tis,0.0038466646517100037
6,0.2,100,22,uniform,0.007430651924005004
6,0.2,100,23,complete_rollout,0.0014421213326972796
6,0.2,100,23,tis,0.009152176340816321
6,0.2,100,23,uniform,0.011745805943699561
6,0.2,100,24,complete_rollout,0.0018274273500319834
6,0.2,100,24,tis,0.003531790693912844
6,0.2,100,24,uniform,0.0057162002892524825
6,0.2,100,25,complete_rollout,0.0002767190019803933
6,0.2,100,25,tis,0.0028643439429878377
6,0.2,100,25,uniform,0.016671094544936576
6,0.2,100,26,complete_rollout,0.000157033863885192
6,0.2,100,26,tis,0.0021909721948142006
6,0.2,100,26,uniform,0.012131245158729091
6,0.2,100,27,complete_rollout,0.000665896438195777
6,0.2,100,27,tis,0.004866954180206426
6,0.2,100,27,uniform,0.012621782985809783
6,0.2,100,28,complete_rollout,0.00018179171169673775
6,0.2,100,28,tis,0.0028200044000568246
6,0.2,100,28,uniform,0.0028746129811106553
6,0.2,100,29,complete_rollout,0.0008953823138123738
6,0.2,100,29,tis,0.009661159798918304
6,0.2,100,29,uniform,0.011633667868739008
6,0.2,100,30,complete_rollout,0.0010245724432467718
6,0.2,100,30,tis,0.0024861576400140844
6,0.2,100,30,uniform,0.009957894974264215
6,0.2,100,31,complete_rollout,0.0013753979768703398
6,0.2,100,31,tis,0.00305155040496585
6,0.2,100,31,uniform,0.01649034236083431
6,0.2,100,32,complete_rollout,0.000648420636633486
6,0.2,100,32,tis,0.0041877985700858765
6,0.2,100,32,uniform,0.002222249762880529
6,0.2,100,33,complete_rollout,0.00021969872868649534
6,0.2,100,33,tis,0.002227373519210088
6,0.2,100,33,uniform,0.019595487478657258
6,0.2,100,34,complete_rollout,0.0015967121767935047
6,0.2,100,34,tis,0.009204230981679447
6,0.2,100,34,uniform,0.010447404887582577
6,0.2,100,35,complete_rollout,0.0003786736211927287
6,0.2,100,35,tis,0.0007151344586737505
6,0.2,100,35,uniform,0.007078061841928611
6,0.2,100,36,complete_rollout,0.0012765082294442236
6,0.2,100,36,tis,0.0030375441235969206
6,0.2,100,36,uniform,0.01607503853308992
6,0.2,100,37,complete_rollout,0.00024299003822671948
6,0.2,100,37,tis,0.0014581902960071956
6,0.2,100,37,uniform,0.00528777661502527
6,0.2,100,38,complete_rollout,0.0006035139915653453
6,0.2,100,38,tis,0.006111000068139068
6,0.2,100,38,uniform,0.011084639697409176
6,0.2,100,39,complete_rollout,0.00061813954038218
6,0.2,100,39,tis,0.0033601041963451394
6,0.2,100,39,uniform,0.0015607661812014166
6,0.2,100,40,complete_rollout,0.001785299642716703
6,0.2,100,40,tis,0.004485652897076668
6,0.2,100,40,uniform,0.00607251135747056
6,0.2,100,41,complete_rollout,0.0003290778598875048
6,0.2,100,41,tis,0.0032824401967216027
6,0.2,100,41,uniform,0.0041019131987160016
6,0.2,100,42,complete_rollout,0.0014410355080147867
6,0.2,100,42,tis,0.0031600335516442173
6,0.2,100,42,uniform,0.001672801005048118
6,0.2,100,43,complete_rollout,0.0008776546125330005
6,0.2,100,43,tis,0.002846135683975825
6,0.2,100,43,uniform,0.00986736867656832
6,0.2,100,44,complete_rollout,0.000609968255625929
6,0.2,100,44,tis,0.005808252454980806
6,0.2,100,44,uniform,0.0028307700068205704
6,0.2,100,45,complete_rollout,0.000744827245545027
6,0.2,100,45,tis,0.0019742554864571674
6,0.2,100,45,uniform,0.004786664169149694
6,0.2,100,46,complete_rollout,0.0017664640869908988
6,0.2,100,46,tis,0.005233752196555472
6,0.2,100,46,uniform,0.0071358708953258194
6,0.2,100,47,complete_rollout,0.0003199741334913139
6,0.2,100,47,tis,0.002186796637375227
6,0.2,100,47,uniform,0.01051833689041306
6,0.2,100,48,complete_rollout,0.0003143822840732757
6,0.2,100,48,tis,0.0014840729190439374
6,0.2,100,48,uniform,0.0222223087022406
6,0.2,100,49,complete_rollout,0.00037488478431209565
6,0.2,100,49,tis,0.0055166882518267206
6,0.2,100,49,uniform,0.004554460016104803
6,0.2,100,50,complete_rollout,0.0003460406883273957
6,0.2,100,50,tis,0.0036896315598049117
6,0.2,100,50,uniform,0.015404461987742512
6,0.2,100,51,complete_rollout,0.00032832596757947615
6,0.2,100,51,tis,0.009645567951724937
6,0.2,100,51,uniform,0.004049801153625336
6,0.2,100,52,complete_rollout,0.0017476549929044665
6,0.2,100,52,tis,0.005199734411933806
6,0.2,100,52,uniform,0.013803733972071873
6,0.2,100,53,complete_rollout,0.0003734221621798617
6,0.2,100,53,tis,0.008852294011910483
6,0.2,100,53,uniform,0.01586096204208036
6,0.2,100,54,complete_rollout,0.0004876714639070075
6,0.2,100,54,tis,0.0022369506681702393
6,0.2,100,54,uniform,0.020173680998512727
6,0.2,100,55,complete_rollout,0.00018506644986558563
6,0.2,100,55,tis,0.007679830128372841
6,0.2,100,55,uniform,0.011876834823335004
6,0.2,100,56,complete_rollout,0.0005078730058912819
6,0.2,100,56,tis,0.004539560036216583
6,0.2,100,56,uniform,0.005448166654806648
6,0.2,100,57,complete_rollout,0.0003700344524752005
6,0.2,100,57,tis,0.0030078338227641005
6,0.2,100,57,uniform,0.003322570210069355
6,0.2,100,58,complete_rollout,0.0011237751668747823
6,0.2,100,58,tis,0.001651266365965596
6,0.2,100,58,uniform,0.015012444261459474
6,0.2,100,59,complete_rollout,0.0009479860759258788
6,0.2,100,59,tis,0.0014383398899707356
6,0.2,100,59,uniform,0.002542373676875144
6,0.2,100,60,complete_rollout,0.0009357417112146768
6,0.2,100,60,tis,0.010652918211701815
6,0.2,100,60,uniform,0.009007597286639782
6,0.2,100,61,complete_rollout,0.0004821335195551456
6,0.2,100,61,tis,0.0021090218479308627
6,0.2,100,61,uniform,0.014958462077004783
6,0.2,100,62,complete_rollout,0.002835070207404887
6,0.2,100,62,tis,0.004201402081073125
6,0.2,100,62,uniform,0.030041915182734785
6,0.2,100,63,complete_rollout,0.0009719504875106417
6,0.2,100,63,tis,0.0009387852512730956
6,0.2,100,63,uniform,0.0131075786249271
6,0.2,100,64,complete_rollout,0.00035660633123269555
6,0.2,100,64,tis,0.001385875135610532
6,0.2,100,64,uniform,0.009616796214762448
6,0.2,100,65,complete_rollout,0.0006544326166704282
6,0.2,100,65,tis,0.008810051885919266
6,0.2,100,65,uniform,0.008952409269512037
6,0.2,100,66,complete_rollout,0.00041309593801525975
6,0.2,100,66,tis,0.001161275796049
6,0.2,100,66,uniform,0.0050944653751357665
6,0.2,100,67,complete_rollout,0.0005231712057438534
6,0.2,100,67,tis,0.0010086624460237349
6,0.2,100,67,uniform,0.008248849768296068
6,0.2,100,68,complete_rollout,0.00019239531248998223
6,0.2,100,68,tis,0.011587463025967276
6,0.2,100,68,uniform,0.011500449485959952
6,0.2,100,69,complete_rollout,0.0006701392664363704
6,0.2,100,69,tis,0.007118214329365468
6,0.2,100,69,uniform,0.01918812369349074
6,0.2,100,70,complete_rollout,0.0017527897038559618
6,0.2,100,70,tis,0.005360991637689255
6,0.2,100,70,uniform,0.004082043931275259
6,0.2,100,71,complete_rollout,0.00025068454980261786
6,0.2,100,71,tis,0.0027523596675633854
6,0.2,100,71,uniform,0.01227722151759191
6,0.2,100,72,complete_rollout,0.00022100218862501918
6,0.2,100,72,tis,0.0017427513252562758
6,0.2,100,72,uniform,0.005462891254240488
6,0.2,100,73,complete_rollout,0.0008868935116728892
6,0.2,100,73,tis,0.0016821666878343987
6,0.2,100,73,uniform,0.002413702562335786
6,0.2,100,74,complete_rollout,0.00037140845861736744
6,0.2,100,74,tis,0.00165852395167275
6,0.2,100,74,uniform,0.004816169105333531
6,0.2,100,75,complete_rollout,0.00017889398901199332
6,0.2,100,75,tis,0.0030597548033009982
6,0.2,100,75,uniform,0.0197369299834818
6,0.2,100,76,complete_rollout,0.0004792108767208569
6,0.2,100,76,tis,0.01040946792805865
6,0.2,100,76,uniform,0.0058245533638050335
6,0.2,100,77,complete_rollout,0.001662066136630503
6,0.2,100,77,tis,0.004112622663479785
6,0.2,100,77,uniform,0.010028541430551078
6,0.2,100,78,complete_rollout,0.0009156110554070517
6,0.2,100,78,tis,0.0029234720224542783
6,0.2,100,78,uniform,0.00791271482200344
6,0.2,100,79,complete_rollout,0.0006655043429335887
6,0.2,100,79,tis,0.0015369165219966028
6,0.2,100,79,uniform,0.004197649555203589
6,0.2,100,80,complete_rollout,0.00019255192747977723
6,0.2,100,80,tis,0.0027041188369511305
6,0.2,100,80,uniform,0.002443801834169915
6,0.2,100,81,complete_rollout,0.0014582413684470093
6,0.2,100,81,tis,0.0031313072647418576
6,0.2,100,81,uniform,0.002872042229325399
6,0.2,100,82,complete_rollout,0.0007200231532318398
6,0.2,100,82,tis,0.00264810030748944
6,0.2,100,82,uniform,0.008284780011756119
6,0.2,100,83,complete_rollout,0.0016782346481978947
6,0.2,100,83,tis,0.008471614512929562
6,0.2,100,83,uniform,0.00857303128928295
6,0.2,100,84,complete_rollout,0.0005481572319326312
6,0.2,100,84,tis,0.004194936659693415
6,0.2,100,84,uniform,0.012906261118928779
6,0.2,100,85,complete_rollout,0.0003538924870647117
6,0.2,100,85,tis,0.002995238894836938
6,0.2,100,85,uniform,0.014895068536121008
6,0.2,100,86,complete_rollout,0.0032732540993877153
6,0.2,100,86,tis,0.009804021003643491
6,0.2,100,86,uniform,0.02657863067001453
6,0.2,100,87,complete_rollout,0.0005674103217549253
6,0.2,100,87,tis,0.002119042464526804
6,0.2,100,87,uniform,0.020517106340250377
6,0.2,100,88,complete_rollout,0.0017567955729753603
6,0.2,100,88,tis,0.0033503762862375458
6,0.2,100,88,uniform,0.005618697803311198
6,0.2,100,89,complete_rollout,0.0008934472984149631
6,0.2,100,89,tis,0.0021417124220296335
6,0.2,100,89,uniform,0.015834065570526454
6,0.2,100,90,complete_rollout,0.0012936701601117583
6,0.2,100,90,tis,0.0033308276412591007
6,0.2,100,90,uniform,0.002623885878003318
6,0.2,100,91,complete_rollout,0.0005614060838899144
6,0.2,100,91,tis,0.009348116397493996
6,0.2,100,91,uniform,0.006172831638841637
6,0.2,100,92,complete_rollout,0.0008233651000006657
6,0.2,100,92,tis,0.0021045520420234502
6,0.2,100,92,uniform,0.0012270310884087132
6,0.2,100,93,complete_rollout,0.00023632809164682875
6,0.2,100,93,tis,0.006584893829261412
6,0.2,100,93,uniform,0.007287052145784226
6,0.2,100,94,complete_rollout,0.00010820748762865907
6,0.2,100,94,tis,0.0011811965425062982
6,0.2,100,94,uniform,0.002163880069802032
6,0.2,100,95,complete_rollout,0.00028868115022213914
6,0.2,100,95,tis,0.00400724800294411
6,0.2,100,95,uniform,0.017413758878592613
6,0.2,100,96,complete_rollout,0.001319394717490842
6,0.2,100,96,tis,0.014818826262765043
6,0.2,100,96,uniform,0.0026145935235955403
6,0.2,100,97,complete_rollout,0.001358523674030144
6,0.2,100,97,tis,0.0012612955626445706
6,0.2,100,97,uniform,0.008092346413258343
6,0.2,100,98,complete_rollout,0.000999853903765948
6,0.2,100,98,tis,0.004864975681376738
6,0.2,100,98,uniform,0.014528030352219865
6,0.2,100,99,complete_rollout,0.0004969765495348073
6,0.2,100,99,tis,0.003885153048088155
6,0.2,100,99,uniform,0.010274674053459628
6,0.2,100,100,complete_rollout,0.00042462466292952407
6,0.2,100,100,tis,0.00724507707249559
6,0.2,100,100,uniform,0.004802812930616635
6,0.2,100,101,complete_rollout,0.0003459919435656181
6,0.2,100,101,tis,0.010986743726533754
6,0.2,100,101,uniform,0.028103079266940268
6,0.2,100,102,complete_rollout,0.0009865589076041563
6,0.2,100,102,tis,0.006864366817338887
6,0.2,100,102,uniform,0.0024299206220024052
6,0.2,100,103,complete_rollout,0.00040316260378553555
6,0.2,100,103,tis,0.0022069603705016094
6,0.2,100,103,uniform,0.018807970509168145
6,0.2,100,104,complete_rollout,0.0010641677093333989
6,0.2,100,104,tis,0.003229988164576213
6,0.2,100,104,uniform,0.010640594936468843
6,0.2,100,105,complete_rollout,0.0007821467057341232
6,0.2,100,105,tis,0.00952318623150047
6,0.2,100,105,uniform,0.002765673765731559
6,0.2,100,106,complete_rollout,0.0020087535940105806
6,0.2,100,106,tis,0.0036696369383980116
6,0.2,100,106,uniform,0.001317893630492617
6,0.2,100,107,complete_rollout,0.0003123459484254088
6,0.2,100,107,tis,0.01015879173357803
6,0.2,100,107,uniform,0.01411042314380442
6,0.2,100,108,complete_rollout,0.0008120035039796814
6,0.2,100,108,tis,0.0015617273805738083
6,0.2,100,108,uniform,0.003191144310051461
6,0.2,100,109,complete_rollout,0.0003383073499025948
6,0.2,100,109,tis,0.0020555735791635086
6,0.2,100,109,uniform,0.0036246038528954406
6,0.2,100,110,complete_rollout,0.000200428470737417
6,0.2,100,110,tis,0.0018363985757585367
6,0.2,100,110,uniform,0.0038880379930267216
6,0.2,100,111,complete_rollout,0.0003489498576850347
6,0.2,100,111,tis,0.002524678144139037
6,0.2,100,111,uniform,0.0042132528277304074
6,0.2,100,112,complete_rollout,0.0011145446051293304
6,0.2,100,112,tis,0.0025241566586759476
6,0.2,100,112,uniform,0.002847316888057488
6,0.2,100,113,complete_rollout,0.002045977261958536
6,0.2,100,113,tis,0.008012600421053912
6,0.2,100,113,uniform,0.006268999955922101
6,0.2,100,114,complete_rollout,0.0003471340628729662
6,0.2,100,114,tis,0.0032264865598783977
6,0.2,100,114,uniform,0.0017854574055911855
6,0.2,100,115,complete_rollout,0.0008368662628846679
6,0.2,100,115,tis,0.002134171894771399
6,0.2,100,115,uniform,0.024414361424750747
6,0.2,100,116,complete_rollout,0.0004072600292695676
6,0.2,100,116,tis,0.001823818450595494
6,0.2,100,116,uniform,0.004826200133212284
6,0.2,100,117,complete_rollout,0.001047896590516883
6,0.2,100,117,tis,0.007912490969904087
6,0.2,100,117,uniform,0.01587678667075593
6,0.2,100,118,complete_rollout,0.0011949224114000002
6,0.2,100,118,tis,0.01944238578241668
6,0.2,100,118,uniform,0.00926849745177654
6,0.2,100,119,complete_rollout,0.0008267108998177397
6,0.2,100,119,tis,0.0030332046979032958
6,0.2,100,119,uniform,0.007099938926684348
6,0.2,100,120,complete_rollout,0.001634657311608874
6,0.2,100,120,tis,0.004720192529015259
6,0.2,100,120,uniform,0.008742918357139046
6,0.2,100,121,complete_rollout,0.00021928023927413195
6,0.2,100,121,tis,0.002244952389373338
6,0.2,100,121,uniform,0.00227454366822832
6,0.2,100,122,complete_rollout,0.0007829182359049355
6,0.2,100,122,tis,0.002737266635792074
6,0.2,100,122,uniform,0.0075520800997895534
6,0.2,100,123,complete_rollout,0.0005931596475244946
6,0.2,100,123,tis,0.0012176147677460253
6,0.2,100,123,uniform,0.005263086982399841
6,0.2,100,124,complete_rollout,0.0010812397293427666
6,0.2,100,124,tis,0.002385326173870228
6,0.2,100,124,uniform,0.011561715846147591
6,0.2,100,125,complete_rollout,0.0003786806358699681
6,0.2,100,125,tis,0.0018712182293929632
6,0.2,100,125,uniform,0.00508268633049211
6,0.2,100,126,complete_rollout,0.0013448653927979578
6,0.2,100,126,tis,0.0023092432317382335
6,0.2,100,126,uniform,0.009660979726243302
6,0.2,100,127,complete_rollout,0.00027676236872573484
6,0.2,100,127,tis,0.007923587583204472
6,0.2,100,127,uniform,0.009034376207191856
6,0.2,100,128,complete_rollout,0.00012654744688123326
6,0.2,100,128,tis,0.004225446482124208
6,0.2,100,128,uniform,0.006511232052789005
6,0.2,100,129,complete_rollout,0.0014038346259102052
6,0.2,100,129,tis,0.008780301610488293
6,0.2,100,129,uniform,0.003109775006270967
6,0.2,100,130,complete_rollout,0.00032232634780280474
6,0.2,100,130,tis,0.0013473828329119693
6,0.2,100,130,uniform,0.0015890820633030615
6,0.2,100,131,complete_rollout,0.0013919544694770806
6,0.2,100,131,tis,0.004385678543253259
6,0.2,100,131,uniform,0.004012365865378837
6,0.2,100,132,complete_rollout,0.0008774563219557426
6,0.2,100,132,tis,0.001638729892931508
6,0.2,100,132,uniform,0.013744363935078895
6,0.2,100,133,complete_rollout,0.00049533132197919
6,0.2,100,133,tis,0.003764269579870669
6,0.2,100,133,uniform,0.002357102375354165
6,0.2,100,134,complete_rollout,0.0009600254379922858
6,0.2,100,134,tis,0.013707186779578998
6,0.2,100,134,uniform,0.0036940481024543086
6,0.2,100,135,complete_rollout,0.00029392301318235454
6,0.2,100,135,tis,0.002973282344925919
6,0.2,100,135,uniform,0.010622906361415238
6,0.2,100,136,complete_rollout,0.000577244676507423
6,0.2,100,136,tis,0.002960477293220598
6,0.2,100,136,uniform,0.0020859508026600322
6,0.2,100,137,complete_rollout,0.0005143862420374245
6,0.2,100,137,tis,0.0035623965929338017
6,0.2,100,137,uniform,0.00894457347351546
6,0.2,100,138,complete_rollout,0.0005401470788401923
6,0.2,100,138,tis,0.002024865332804059
6,0.2,100,138,uniform,0.010134256018186067
6,0.2,100,139,complete_rollout,0.0003575425283116186
6,0.2,100,139,tis,0.0014988172291098615
6,0.2,100,139,uniform,0.00342652040300676
6,0.2,100,140,complete_rollout,0.0007908995375958812
6,0.2,100,140,tis,0.0019411299100048534
6,0.2,100,140,uniform,0.010742232166749549
6,0.2,100,141,complete_rollout,0.00028861729210325507
6,0.2,100,141,tis,0.003975277203727763
6,0.2,100,141,uniform,0.014964501430953441
6,0.2,100,142,complete_rollout,0.0003072711401832459
6,0.2,100,142,tis,0.0037182870727189626
6,0.2,100,142,uniform,0.003485398169576059
6,0.2,100,143,complete_rollout,0.0002591445706509458
6,0.2,100,143,tis,0.0024340289031518536
6,0.2,100,143,uniform,0.007322022542603852
6,0.2,100,144,complete_rollout,0.00029367307079864336
6,0.2,100,144,tis,0.002507446066778129
6,0.2,100,144,uniform,0.00890134062958877
6,0.2,100,145,complete_rollout,0.00029477455070153367
6,0.2,100,145,tis,0.0021427657139479676
6,0.2,100,145,uniform,0.004742753937167953
6,0.2,100,146,complete_rollout,0.0003770641163222682
6,0.2,100,146,tis,0.0008042919048429787
6,0.2,100,146,uniform,0.00825879962334741
6,0.2,100,147,complete_rollout,0.0008587549862372944
6,0.2,100,147,tis,0.021885388054581352
6,0.2,100,147,uniform,0.016068602039790863
6,0.2,100,148,complete_rollout,0.0006562081333864024
6,0.2,100,148,tis,0.009095847337687887
6,0.2,100,148,uniform,0.0036602802723304825
6,0.2,100,149,complete_rollout,0.0004182404383623427
6,0.2,100,149,tis,0.004043419430268354
6,0.2,100,149,uniform,0.002995973363591823
6,0.2,100,150,complete_rollout,0.0005922452696695861
6,0.2,100,150,tis,0.003953171367105308
6,0.2,100,150,uniform,0.008017914268902249
6,0.2,100,151,complete_rollout,0.0004419925737473022
6,0.2,100,151,tis,0.013353321887963485
6,0.2,100,151,uniform,0.009001098522997325
6,0.2,100,152,complete_rollout,0.0005926181253186171
6,0.2,100,152,tis,0.0037556804190575716
6,0.2,100,152,uniform,0.012666295402192572
6,0.2,100,153,complete_rollout,0.00039428011401709665
6,0.2,100,153,tis,0.003091971825401196
6,0.2,100,153,uniform,0.004696976377544254
6,0.2,100,154,complete_rollout,0.001531470380636608
6,0.2,100,154,tis,0.0028884824533295848
6,0.2,100,154,uniform,0.018160049916304544
6,0.2,100,155,complete_rollout,0.00019697963512004812
6,0.2,100,155,tis,0.0022057802555204816
6,0.2,100,155,uniform,0.006827032249069963
6,0.2,100,156,complete_rollout,0.00018312918510480868
6,0.2,100,156,tis,0.006227360730482517
6,0.2,100,156,uniform,0.002653761047372513
6,0.2,100,157,complete_rollout,0.0013826025861833784
6,0.2,100,157,tis,0.018786449401645897
6,0.2,100,157,uniform,0.0024752963865414066
6,0.2,100,158,complete_rollout,0.000512417251435594
6,0.2,100,158,tis,0.008923435984459478
6,0.2,100,158,uniform,0.003942757352985427
6,0.2,100,159,complete_rollout,0.0006601441719466774
6,0.2,100,159,tis,0.003039533930049567
6,0.2,100,159,uniform,0.013075370423761825
6,0.2,100,160,complete_rollout,0.0007224862201320947
6,0.2,100,160,tis,0.0010335512668082055
6,0.2,100,160,uniform,0.014319504636793018
6,0.2,100,161,complete_rollout,0.0001803774105815004
6,0.2,100,161,tis,0.007654052653195671
6,0.2,100,161,uniform,0.011439124613692871
6,0.2,100,162,complete_rollout,0.0001563852973988909
6,0.2,100,162,tis,0.02757595987772741
6,0.2,100,162,uniform,0.015093833302275648
6,0.2,100,163,complete_rollout,0.0005808391847252956
6,0.2,100,163,tis,0.0071354401252405565
6,0.2,100,163,uniform,0.0088997491891129
6,0.2,100,164,complete_rollout,0.000607566621957627
6,0.2,100,164,tis,0.011636755293865073
6,0.2,100,164,uniform,0.0028339374800699763
6,0.2,100,165,complete_rollout,0.001642086576659543
6,0.2,100,165,tis,0.0018802415211869319
6,0.2,100,165,uniform,0.007645660682597481
6,0.2,100,166,complete_rollout,0.0004582272639739023
6,0.2,100,166,tis,0.0020804766297021883
6,0.2,100,166,uniform,0.006036276837377393
6,0.2,100,167,complete_rollout,0.001261730848919913
6,0.2,100,167,tis,0.001473503077782778
6,0.2,100,167,uniform,0.0055782820585581145
6,0.2,100,168,complete_rollout,0.000327372643710419
6,0.2,100,168,tis,0.006830537419979479
6,0.2,100,168,uniform,0.005527791611695437
6,0.2,100,169,complete_rollout,0.0004979401586327511
6,0.2,100,169,tis,0.0030058977165695975
6,0.2,100,169,uniform,0.0036105392750065053
6,0.2,100,170,complete_rollout,0.0004526299678793296
6,0.2,100,170,tis,0.007039744682262392
6,0.2,100,170,uniform,0.02049282141778488
6,0.2,100,171,complete_rollout,0.0003740108343763355
6,0.2,100,171,tis,0.0038368712915712974
6,0.2,100,171,uniform,0.006530053097245312
6,0.2,100,172,complete_rollout,0.0007555128737872572
6,0.2,100,172,tis,0.0076622572503130685
6,0.2,100,172,uniform,0.0063384106999010556
6,0.2,100,173,complete_rollout,0.0004714014282704674
6,0.2,100,173,tis,0.007259412684339809
6,0.2,100,173,uniform,0.01075459877308474
6,0.2,100,174,complete_rollout,0.00033909049187861673
6,0.2,100,174,tis,0.005161219787973053
6,0.2,100,174,uniform,0.011985740187522393
6,0.2,100,175,complete_rollout,0.0010800189623747217
6,0.2,100,175,tis,0.0020651260073633743
6,0.2,100,175,uniform,0.00822699609275945
6,0.2,100,176,complete_rollout,0.0011491394491665945
6,0.2,100,176,tis,0.001079949276130878
6,0.2,100,176,uniform,0.0032539605958298557
6,0.2,100,177,complete_rollout,0.0015350790180797434
6,0.2,100,177,tis,0.0028882003387236113
6,0.2,100,177,uniform,0.0030039521282154147
6,0.2,100,178,complete_rollout,0.00014713925410224517
6,0.2,100,178,tis,0.010415714297746414
6,0.2,100,178,uniform,0.0073846542366066475
6,0.2,100,179,complete_rollout,0.0002867776733374273
6,0.2,100,179,tis,0.003734606284685235
6,0.2,100,179,uniform,0.0027665059177751023
6,0.2,100,180,complete_rollout,0.00037285713913094546
6,0.2,100,180,tis,0.0029548366105629897
6,0.2,100,180,uniform,0.005365013438016786
6,0.2,100,181,complete_rollout,0.001224400641598732
6,0.2,100,181,tis,0.023149173295503405
6,0.2,100,181,uniform,0.009158550800858105
6,0.2,100,182,complete_rollout,0.0007776547963014225
6,0.2,100,182,tis,0.001798786810646964
6,0.2,100,182,uniform,0.008827089581146122
6,0.2,100,183,complete_rollout,0.00037758012728240947
6,0.2,100,183,tis,0.0026547621661320462
6,0.2,100,183,uniform,0.002348033775549942
6,0.2,100,184,complete_rollout,0.0012544791147579353
6,0.2,100,184,tis,0.0009478629392638909
6,0.2,100,184,uniform,0.0034870385920309347
6,0.2,100,185,complete_rollout,0.00048524983257502134
6,0.2,100,185,tis,0.002222031938874845
6,0.2,100,185,uniform,0.006364142502251589
6,0.2,100,186,complete_rollout,0.002590059260891915
6,0.2,100,186,tis,0.008122613378426815
6,0.2,100,186,uniform,0.008390506774714725
6,0.2,100,187,complete_rollout,0.00030940344060899415
6,0.2,100,187,tis,0.005464325382218726
6,0.2,100,187,uniform,0.0022630999740020476
6,0.2,100,188,complete_rollout,0.002700595188268605
6,0.2,100,188,tis,0.0023110262606279484
6,0.2,100,188,uniform,0.013438745904859136
6,0.2,100,189,complete_rollout,0.0005958410507475129
6,0.2,100,189,tis,0.0008384685072490926
6,0.2,100,189,uniform,0.004706832386071538
6,0.2,100,190,complete_rollout,0.00026262163675357233
6,0.2,100,190,tis,0.0011659961612987394
6,0.2,100,190,uniform,0.004768678946627895
6,0.2,100,191,complete_rollout,0.0004891422465666749
6,0.2,100,191,tis,0.008434846386744157
6,0.2,100,191,uniform,0.0032629036753223347
6,0.2,100,192,complete_rollout,0.0009746044919967822
6,0.2,100,192,tis,0.004967429952302788
6,0.2,100,192,uniform,0.0066972409740324755
6,0.2,100,193,complete_rollout,0.00045380935386585275
6,0.2,100,193,tis,0.0024671410680282774
6,0.2,100,193,uniform,0.005142021510583712
6,0.2,100,194,complete_rollout,0.0004518869037138025
6,0.2,100,194,tis,0.0027230664863320555
6,0.2,100,194,uniform,0.005800925665045735
6,0.2,100,195,complete_rollout,0.00072634187436763
6,0.2,100,195,tis,0.022926694905538402
6,0.2,100,195,uniform,0.009882222142982847
6,0.2,100,196,complete_rollout,0.0005099888385867385
6,0.2,100,196,tis,0.002560407972549439
6,0.2,100,196,uniform,0.008446115700523036
6,0.2,100,197,complete_rollout,0.00024508970586817975
6,0.2,100,197,tis,0.00720300663594373
6,0.2,100,197,uniform,0.004411616998528482
6,0.2,100,198,complete_rollout,0.000293214786990479
6,0.2,100,198,tis,0.006560422281236545
6,0.2,100,198,uniform,0.008287110940143434
6,0.2,100,199,complete_rollout,0.0001842644000530827
6,0.2,100,199,tis,0.000742498452814032
6,0.2,100,199,uniform,0.014190988545906528
6,0.2,100,200,complete_rollout,0.0005910925461551031
6,0.2,100,200,tis,0.002108052892771552
6,0.2,100,200,uniform,0.00425273834801446
6,0.2,100,201,complete_rollout,0.001993815186272076
6,0.2,100,201,tis,0.0044451580012264
6,0.2,100,201,uniform,0.0026711497140667114
6,0.2,100,202,complete_rollout,0.0025163070087893583
6,0.2,100,202,tis,0.002594785014291446
6,0.2,100,202,uniform,0.00236376419079715
6,0.2,100,203,complete_rollout,0.0013004830151264837
6,0.2,100,203,tis,0.0020787557478315613
6,0.2,100,203,uniform,0.008489481120195833
6,0.2,100,204,complete_rollout,0.0003024550421221195
6,0.2,100,204,tis,0.009748862422727843
6,0.2,100,204,uniform,0.009262225493116002
6,0.2,100,205,complete_rollout,0.000806139138228849
6,0.2,100,205,tis,0.002989064834448001
6,0.2,100,205,uniform,0.0043043653973414775
6,0.2,100,206,complete_rollout,0.00027640114237876114
6,0.2,100,206,tis,0.005130201932904458
6,0.2,100,206,uniform,0.004213181198996437
6,0.2,100,207,complete_rollout,0.0013096120041403297
6,0.2,100,207,tis,0.0023579350044365924
6,0.2,100,207,uniform,0.010364742424788166
6,0.2,100,208,complete_rollout,0.0031396716670442377
6,0.2,100,208,tis,0.0052962973778749875
6,0.2,100,208,uniform,0.008333066626817997
6,0.2,100,209,complete_rollout,0.0011738515610455115
6,0.2,100,209,tis,0.01312488310743017
6,0.2,100,209,uniform,0.008561067844937915
6,0.2,100,210,complete_rollout,0.0008207099206535869
6,0.2,100,210,tis,0.0020297883599120913
6,0.2,100,210,uniform,0.004610195088355287
6,0.2,100,211,complete_rollout,0.0012956189862302428
6,0.2,100,211,tis,0.002378762751653058
6,0.2,100,211,uniform,0.0016485493446294166
6,0.2,100,212,complete_rollout,0.001622482738021853
6,0.2,100,212,tis,0.011931281089714986
6,0.2,100,212,uniform,0.006593254488012844
6,0.2,100,213,complete_rollout,0.0006804509055726125
6,0.2,100,213,tis,0.00216889298006645
6,0.2,100,213,uniform,0.002401922308752008
6,0.2,100,214,complete_rollout,0.0005500837815362873
6,0.2,100,214,tis,0.002044327077364963
6,0.2,100,214,uniform,0.0036315695701082886
6,0.2,100,215,complete_rollout,0.00048121825720068355
6,0.2,100,215,tis,0.0017535245278169178
6,0.2,100,215,uniform,0.0067613907024099825
6,0.2,100,216,complete_rollout,0.0008184905091570971
6,0.2,100,216,tis,0.004492431317574511
6,0.2,100,216,uniform,0.0023149174277252785
6,0.2,100,217,complete_rollout,0.0011182296773380193
6,0.2,100,217,tis,0.006796143500141064
6,0.2,100,217,uniform,0.009351158786496202
6,0.2,100,218,complete_rollout,0.0016992894766256115
6,0.2,100,218,tis,0.0005419078587482857
6,0.2,100,218,uniform,0.00615151119415042
6,0.2,100,219,complete_rollout,0.00026353865213487026
6,0.2,100,219,tis,0.0020292769281605007
6,0.2,100,219,uniform,0.008622981545891662
6,0.2,100,220,complete_rollout,0.00021778099198860383
6,0.2,100,220,tis,0.008679821798044359
6,0.2,100,220,uniform,0.010237916328257721
6,0.2,100,221,complete_rollout,0.0005254867308254799
6,0.2,100,221,tis,0.008304938840921889
6,0.2,100,221,uniform,0.0014077310891099444
6,0.2,100,222,complete_rollout,0.001677318336207429
6,0.2,100,222,tis,0.0011203864818652982
6,0.2,100,222,uniform,0.016295247695799472
6,0.2,100,223,complete_rollout,0.0004625029608866621
6,0.2,100,223,tis,0.006106682081421307
6,0.2,100,223,uniform,0.005744154346527415
6,0.2,100,224,complete_rollout,0.0007036643137104219
6,0.2,100,224,tis,0.003403696118287219
6,0.2,100,224,uniform,0.004126507198632443
6,0.2,100,225,complete_rollout,0.001070817724508364
6,0.2,100,225,tis,0.002337758012550698
6,0.2,100,225,uniform,0.01585401753062965
6,0.2,100,226,complete_rollout,0.00019062482523831534
6,0.2,100,226,tis,0.0041760067616741165
6,0.2,100,226,uniform,0.011229182271323029
6,0.2,100,227,complete_rollout,0.0001550093308880583
6,0.2,100,227,tis,0.0043791376639203275
6,0.2,100,227,uniform,0.028773567974474248
6,0.2,100,228,complete_rollout,0.0016720303984986624
6,0.2,100,228,tis,0.001954488741745175
6,0.2,100,228,uniform,0.004756008018531542
6,0.2,100,229,complete_rollout,0.0005845637320225599
6,0.2,100,229,tis,0.004156683645729936
6,0.2,100,229,uniform,0.002172470144842782
6,0.2,100,230,complete_rollout,0.00018030820379285229
6,0.2,100,230,tis,0.0021745986938736207
6,0.2,100,230,uniform,0.01211995774269996
6,0.2,100,231,complete_rollout,0.0002034402068162862
6,0.2,100,231,tis,0.003201545127645227
6,0.2,100,231,uniform,0.0056755473969696164
6,0.2,100,232,complete_rollout,0.0004726397733081676
6,0.2,100,232,tis,0.0018814445898862398
6,0.2,100,232,uniform,0.0040582979206000725
6,0.2,100,233,complete_rollout,0.00025466249437709846
6,0.2,100,233,tis,0.0034454500489420293
6,0.2,100,233,uniform,0.002275083266526625
6,0.2,100,234,complete_rollout,0.0004884609318417074
6,0.2,100,234,tis,0.0023642521189005685
6,0.2,100,234,uniform,0.01520295111920073
6,0.2,100,235,complete_rollout,0.0002410633480377116
6,0.2,100,235,tis,0.003789889273246375
6,0.2,100,235,uniform,0.0040519457115577116
6,0.2,100,236,complete_rollout,0.0002312615036061497
6,0.2,100,236,tis,0.0017319914539400732
6,0.2,100,236,uniform,0.010072103761279358
6,0.2,100,237,complete_rollout,0.00271432029311906
6,0.2,100,237,tis,0.006477033259337943
6,0.2,100,237,uniform,0.034966980313364565
6,0.2,100,238,complete_rollout,0.0007502251661525637
6,0.2,100,238,tis,0.002087809020954708
6,0.2,100,238,uniform,0.021220415919864725
6,0.2,100,239,complete_rollout,0.0010375300169294624
6,0.2,100,239,tis,0.0014671252981502828
6,0.2,100,239,uniform,0.00908878571683943
6,0.2,100,240,complete_rollout,0.0004363287691224947
6,0.2,100,240,tis,0.007688413555329442
6,0.2,100,240,uniform,0.007294334194784839
6,0.2,100,241,complete_rollout,0.0009283499258738053
6,0.2,100,241,tis,0.003320138808553403
6,0.2,100,241,uniform,0.0088295792976733
6,0.2,100,242,complete_rollout,0.0003728424329838369
6,0.2,100,242,tis,0.001482042465565099
6,0.2,100,242,uniform,0.006078466861444501
6,0.2,100,243,complete_rollout,0.0007974871029678069
6,0.2,100,243,tis,0.00550823521451789
6,0.2,100,243,uniform,0.004559935710166418
6,0.2,100,244,complete_rollout,0.0003306800982185452
6,0.2,100,244,tis,0.005664621112585237
6,0.2,100,244,uniform,0.0035234126840807383
6,0.2,100,245,complete_rollout,0.0006376039644896226
6,0.2,100,245,tis,0.0019366013082589212
6,0.2,100,245,uniform,0.011061354639267459
6,0.2,100,246,complete_rollout,0.0005527751157813483
6,0.2,100,246,tis,0.009477842309699048
6,0.2,100,246,uniform,0.00306259834174233
6,0.2,100,247,complete_rollout,0.0011530828628333269
6,0.2,100,247,tis,0.0032068724153006723
6,0.2,100,247,uniform,0.009278466462676138
6,0.2,100,248,complete_rollout,0.0024313797050647392
6,0.2,100,248,tis,0.0021367478215791715
6,0.2,100,248,uniform,0.002536475618823574
6,0.2,100,249,complete_rollout,0.0006371265644968216
6,0.2,100,249,tis,0.003617242692323302
6,0.2,100,249,uniform,0.010351122049584984
6,0.2,100,250,complete_rollout,0.0005993994256273666
6,0.2,100,250,tis,0.00848429776657612
6,0.2,100,250,uniform,0.00563753440786807
6,0.2,100,251,complete_rollout,0.0004134840360684698
6,0.2,100,251,tis,0.001690230482559174
6,0.2,100,251,uniform,0.015605220491280705
6,0.2,100,252,complete_rollout,0.0009532351247444969
6,0.2,100,252,tis,0.001358722665647474
6,0.2,100,252,uniform,0.006293551436545559
6,0.2,100,253,complete_rollout,0.0003315956771451965
6,0.2,100,253,tis,0.004013060840376174
6,0.2,100,253,uniform,0.01085398439080229
6,0.2,100,254,complete_rollout,0.0005736746418551121
6,0.2,100,254,tis,0.0037176500667496708
6,0.2,100,254,uniform,0.010283381981165083
6,0.2,100,255,complete_rollout,0.00015502936613455868
6,0.2,100,255,tis,0.001607122337294882
6,0.2,100,255,uniform,0.01814444517936095
6,0.2,100,256,complete_rollout,0.0006854799207694444
6,0.2,100,256,tis,0.003196748983887976
6,0.2,100,256,uniform,0.012909904179833809
6,0.2,100,257,complete_rollout,0.000905986050211102
6,0.2,100,257,tis,0.0037655288821926
6,0.2,100,257,uniform,0.00478969655410397
6,0.2,100,258,complete_rollout,0.0005105888174205471
6,0.2,100,258,tis,0.0017931340284857407
6,0.2,100,258,uniform,0.015825524480584684
6,0.2,100,259,complete_rollout,0.0006973120157606371
6,0.2,100,259,tis,0.0016886273749898565
6,0.2,100,259,uniform,0.0026258466309334615
6,0.2,100,260,complete_rollout,0.0004549008988031292
6,0.2,100,260,tis,0.0033376693993267662
6,0.2,100,260,uniform,0.010606560693211328
6,0.2,100,261,complete_rollout,0.00031595950291830123
6,0.2,100,261,tis,0.00646350828871531
6,0.2,100,261,uniform,0.007898513928698008
6,0.2,100,262,complete_rollout,0.00026855029097719546
6,0.2,100,262,tis,0.00246555929872573
6,0.2,100,262,uniform,0.006044555427181628
6,0.2,100,263,complete_rollout,0.0014656961168653718
6,0.2,100,263,tis,0.007279994621630227
6,0.2,100,263,uniform,0.00871404494775154
6,0.2,100,264,complete_rollout,0.0011589110367722214
6,0.2,100,264,tis,0.0026957028125445463
6,0.2,100,264,uniform,0.0034309701053432816
6,0.2,100,265,complete_rollout,0.0008829010659912044
6,0.2,100,265,tis,0.0018602861037787138
6,0.2,100,265,uniform,0.015050869376927994
6,0.2,100,266,complete_rollout,0.0007360635934162595
6,0.2,100,266,tis,0.0013307043937752676
6,0.2,100,266,uniform,0.002967933789126572
6,0.2,100,267,complete_rollout,0.000447675783445149
6,0.2,100,267,tis,0.0014834887813400964
6,0.2,100,267,uniform,0.0023378751065628715
6,0.2,100,268,complete_rollout,0.0015111257191609802
6,0.2,100,268,tis,0.018330351145966775
6,0.2,100,268,uniform,0.003928363314447032
6,0.2,100,269,complete_rollout,0.00031437139903693243
6,0.2,100,269,tis,0.0030896966204744703
6,0.2,100,269,uniform,0.009991273960146199
6,0.2,100,270,complete_rollout,0.0009016141100383531
6,0.2,100,270,tis,0.0026351725120192975
6,0.2,100,270,uniform,0.004935755352739639
6,0.2,100,271,complete_rollout,0.0009196267135850477
6,0.2,100,271,tis,0.007956771108947653
6,0.2,100,271,uniform,0.005559351510704169
6,0.2,100,272,complete_rollout,0.0011808916254076054
6,0.2,100,272,tis,0.00885391726092781
6,0.2,100,272,uniform,0.007100085064697678
6,0.2,100,273,complete_rollout,0.0008306709847108015
6,0.2,100,273,tis,0.0025640367360749215
6,0.2,100,273,uniform,0.006198452871543936
6,0.2,100,274,complete_rollout,0.00047916860254320324
6,0.2,100,274,tis,0.0013183814424913784
6,0.2,100,274,uniform,0.0036393306511536896
6,0.2,100,275,complete_rollout,0.00012000421477999201
6,0.2,100,275,tis,0.0026568381891766486
6,0.2,100,275,uniform,0.004946299975015116
6,0.2,100,276,complete_rollout,0.0008023405690778532
6,0.2,100,276,tis,0.002991198278899264
6,0.2,100,276,uniform,0.008280455863886298
6,0.2,100,277,complete_rollout,0.0010052348704000153
6,0.2,100,277,tis,0.0035754427627964812
6,0.2,100,277,uniform,0.02857583318997684
6,0.2,100,278,complete_rollout,0.0004542315448744271
6,0.2,100,278,tis,0.0010320663341217885
6,0.2,100,278,uniform,0.012509301713969814
6,0.2,100,279,complete_rollout,0.0003207714168072242
6,0.2,100,279,tis,0.012301889708148377
6,0.2,100,279,uniform,0.006823892020164347
6,0.2,100,280,complete_rollout,0.0010679371429785777
6,0.2,100,280,tis,0.005803817890482427
6,0.2,100,280,uniform,0.0062263328789060384
6,0.2,100,281,complete_rollout,0.0015364999950611886
6,0.2,100,281,tis,0.00725485177309388
6,0.2,100,281,uniform,0.002201728850577554
6,0.2,100,282,complete_rollout,0.0005097759042538835
6,0.2,100,282,tis,0.002811480731769447
6,0.2,100,282,uniform,0.010935444904894622
6,0.2,100,283,complete_rollout,0.0021012330475037267
6,0.2,100,283,tis,0.012836349731341751
6,0.2,100,283,uniform,0.01623241654223656
6,0.2,100,284,complete_rollout,0.0006123944280265451
6,0.2,100,284,tis,0.008911461902971422
6,0.2,100,284,uniform,0.01942295004614368
6,0.2,100,285,complete_rollout,0.00022234952289961962
6,0.2,100,285,tis,0.021269467711912106
6,0.2,100,285,uniform,0.01824952815819646
6,0.2,100,286,complete_rollout,0.0011000791379256745
6,0.2,100,286,tis,0.002295783558125997
6,0.2,100,286,uniform,0.0036701760643661485
6,0.2,100,287,complete_rollout,0.00035866342504267624
6,0.2,100,287,tis,0.0033011008367362722
6,0.2,100,287,uniform,0.013214046557552721
6,0.2,100,288,complete_rollout,0.0008614971148309047
6,0.2,100,288,tis,0.003596737000196015
6,0.2,100,288,uniform,0.002467159272468997
6,0.2,100,289,complete_rollout,0.0007726330418320257
6,0.2,100,289,tis,0.003576655997422193
6,0.2,100,289,uniform,0.010213230956168363
6,0.2,100,290,complete_rollout,0.0005583205142029493
6,0.2,100,290,tis,0.003091784146148831
6,0.2,100,290,uniform,0.00825626364436793
6,0.2,100,291,complete_rollout,0.0024142005087717153
6,0.2,100,291,tis,0.0027451410646269323
6,0.2,100,291,uniform,0.020623240607742413
6,0.2,100,292,complete_rollout,0.0001874003735134568
6,0.2,100,292,tis,0.008655337240510472
6,0.2,100,292,uniform,0.007029937362378179
6,0.2,100,293,complete_rollout,0.0005534912844162121
6,0.2,100,293,tis,0.006800128326003857
6,0.2,100,293,uniform,0.0074614352052112965
6,0.2,100,294,complete_rollout,0.00032963415914768357
6,0.2,100,294,tis,0.002259103377166628
6,0.2,100,294,uniform,0.007760404735169225
6,0.2,100,295,complete_rollout,0.0008961786985278509
6,0.2,100,295,tis,0.00432439805791281
6,0.2,100,295,uniform,0.008263181798822229
6,0.2,100,296,complete_rollout,0.00041500549515171567
6,0.2,100,296,tis,0.01337363287924435
6,0.2,100,296,uniform,0.011867092044277504
6,0.2,100,297,complete_rollout,0.0008630977832320137
6,0.2,100,297,tis,0.0026620846588759953
6,0.2,100,297,uniform,0.005411594818395965
6,0.2,100,298,complete_rollout,0.0042046140039816715
6,0.2,100,298,tis,0.004472695441788208
6,0.2,100,298,uniform,0.011822980366762452
6,0.2,100,299,complete_rollout,0.00018016543406119316
6,0.2,100,299,tis,0.0034439988110424803
6,0.2,100,299,uniform,0.00396649837837423
6,0.2,200,0,complete_rollout,0.0002508553835418787
6,0.2,200,0,tis,0.0013916562576536465
6,0.2,200,0,uniform,0.0039163445019840286
6,0.2,200,1,complete_rollout,0.00011290752211302214
6,0.2,200,1,tis,0.006515400313144631
6,0.2,200,1,uniform,0.00509151164100493
6,0.2,200,2,complete_rollout,0.00021219679752100434
6,0.2,200,2,tis,0.006073105489263497
6,0.2,200,2,uniform,0.011067530751485751
6,0.2,200,3,complete_rollout,0.00032088672376157546
6,0.2,200,3,tis,0.0018848802600095014
6,0.2,200,3,uniform,0.0043195903672990765
6,0.2,200,4,complete_rollout,0.0005597140091449229
6,0.2,200,4,tis,0.0010478969489607884
6,0.2,200,4,uniform,0.003256889093953233
6,0.2,200,5,complete_rollout,0.00016194402212326412
6,0.2,200,5,tis,0.004349774575542632
6,0.2,200,5,uniform,0.008387074784928245
6,0.2,200,6,complete_rollout,0.0005812710122178204
6,0.2,200,6,tis,0.001991729056152627
6,0.2,200,6,uniform,0.009327257660063789
6,0.2,200,7,complete_rollout,0.0003920525330122223
6,0.2,200,7,tis,0.001653891873788675
6,0.2,200,7,uniform,0.005747211930718689
6,0.2,200,8,complete_rollout,0.0002237163179942361
6,0.2,200,8,tis,0.0020489083604071237
6,0.2,200,8,uniform,0.0066263307325972855
6,0.2,200,9,complete_rollout,0.00024416441493366523
6,0.2,200,9,tis,0.002626743324433348
6,0.2,200,9,uniform,0.00438824512075843
6,0.2,200,10,complete_rollout,0.00016874371232249096
6,0.2,200,10,tis,0.0020027871276598642
6,0.2,200,10,uniform,0.0042914343385774545
6,0.2,200,11,complete_rollout,0.0002655593900392904
6,0.2,200,11,tis,0.0052577970464880745
6,0.2,200,11,uniform,0.0037682018783839477
6,0.2,200,12,complete_rollout,9.419072176696765e-05
6,0.2,200,12,tis,0.002301964856693618
6,0.2,200,12,uniform,0.007600882467824751
6,0.2,200,13,complete_rollout,0.00016114570968320225
6,0.2,200,13,tis,0.0005713535607718847
6,0.2,200,13,uniform,0.011295380007369822
6,0.2,200,14,complete_rollout,0.00016321761022236193
6,0.2,200,14,tis,0.0007000409640709123
6,0.2,200,14,uniform,0.004922871390986401
6,0.2,200,15,complete_rollout,0.0003273090581098683
6,0.2,200,15,tis,0.0023493582462580215
6,0.2,200,15,uniform,0.0023863004399121185
6,0.2,200,16,complete_rollout,0.000425669895440154
6,0.2,200,16,tis,0.00189554100900079
6,0.2,200,16,uniform,0.0026473041669738194
6,0.2,200,17,complete_rollout,0.00048101530853516286
6,0.2,200,17,tis,0.0007485289089395853
6,0.2,200,17,uniform,0.006906791668456505
6,0.2,200,18,complete_rollout,0.00016610298145422364
6,0.2,200,18,tis,0.0012301336319948612
6,0.2,200,18,uniform,0.0028260995980753894
6,0.2,200,19,complete_rollout,0.00041883834365956407
6,0.2,200,19,tis,0.029172576076804284
6,0.2,200,19,uniform,0.0037362636905121926
6,0.2,200,20,complete_rollout,0.00015155478518766741
6,0.2,200,20,tis,0.00242235332820368
6,0.2,200,20,uniform,0.0014083074262302149
6,0.2,200,21,complete_rollout,0.000162481575703243
6,0.2,200,21,tis,0.0016819146553795614
6,0.2,200,21,uniform,0.003106976758481653
6,0.2,200,22,complete_rollout,0.00017725350494480842
6,0.2,200,22,tis,0.0016237791484828763
6,0.2,200,22,uniform,0.002612055691552774
6,0.2,200,23,complete_rollout,0.00011881488236552509
6,0.2,200,23,tis,0.0016323954085383239
6,0.2,200,23,uniform,0.0009861530462022868
6,0.2,200,24,complete_rollout,0.0008325003718193524
6,0.2,200,24,tis,0.008610504879997849
6,0.2,200,24,uniform,0.0030570805635719085
6,0.2,200,25,complete_rollout,0.0014739856521518888
6,0.2,200,25,tis,0.009553849606023292
6,0.2,200,25,uniform,0.0024569721758882983
6,0.2,200,26,complete_rollout,0.0007896111578656095
6,0.2,200,26,tis,0.002063692436351416
6,0.2,200,26,uniform,0.0024594030275831625
6,0.2,200,27,complete_rollout,0.00019711239717667414
6,0.2,200,27,tis,0.0018816119220292711
6,0.2,200,27,uniform,0.003909178188395922
6,0.2,200,28,complete_rollout,0.00013070379834984123
6,0.2,200,28,tis,0.0026229774533128754
6,0.2,200,28,uniform,0.003476623951574242
6,0.2,200,29,complete_rollout,0.00027763824465375665
6,0.2,200,29,tis,0.00035314160003060757
6,0.2,200,29,uniform,0.0018079368393430987
6,0.2,200,30,complete_rollout,0.0010126957866519962
6,0.2,200,30,tis,0.0005501683097532046
6,0.2,200,30,uniform,0.007571343116055203
6,0.2,200,31,complete_rollout,0.0003359985186775114
6,0.2,200,31,tis,0.00657399439160684
6,0.2,200,31,uniform,0.0036147105386524496
6,0.2,200,32,complete_rollout,0.00021682510897321703
6,0.2,200,32,tis,0.001497607436732026
6,0.2,200,32,uniform,0.00961324019217702
6,0.2,200,33,complete_rollout,0.00010280180852242634
6,0.2,200,33,tis,0.0006443578882549482
6,0.2,200,33,uniform,0.00821594078840199
6,0.2,200,34,complete_rollout,0.00036207862960162707
6,0.2,200,34,tis,0.00021541229015277123
6,0.2,200,34,uniform,0.001884341646878891
6,0.2,200,35,complete_rollout,0.0009064361398412558
6,0.2,200,35,tis,0.004276875648542092
6,0.2,200,35,uniform,0.0022814842832166262
6,0.2,200,36,complete_rollout,0.000200169102312707
6,0.2,200,36,tis,0.0010277815628388079
6,0.2,200,36,uniform,0.0019928050512688653
6,0.2,200,37,complete_rollout,0.0002550864962461467
6,0.2,200,37,tis,0.001685418247564904
6,0.2,200,37,uniform,0.004335108836536306
6,0.2,200,38,complete_rollout,0.00010205392953982478
6,0.2,200,38,tis,0.0005368711415658979
6,0.2,200,38,uniform,0.002033621635450146
6,0.2,200,39,complete_rollout,0.0005824037744707379
6,0.2,200,39,tis,0.001523870970097169
6,0.2,200,39,uniform,0.006717453062771873
6,0.2,200,40,complete_rollout,0.0002546840281287164
6,0.2,200,40,tis,0.005862976770805479
6,0.2,200,40,uniform,0.005624284071094529
6,0.2,200,41,complete_rollout,0.000377409729795561
6,0.2,200,41,tis,0.005815284634904049
6,0.2,200,41,uniform,0.006599505395962965
6,0.2,200,42,complete_rollout,0.0003254735890498302
6,0.2,200,42,tis,0.0027799676525808517
6,0.2,200,42,uniform,0.004623873524297923
6,0.2,200,43,complete_rollout,0.00025302734199015106
6,0.2,200,43,tis,0.0018988644412043342
6,0.2,200,43,uniform,0.0030432288865464207
6,0.2,200,44,complete_rollout,0.00043837315924685516
6,0.2,200,44,tis,0.002877075887675945
6,0.2,200,44,uniform,0.0016315282714232302
6,0.2,200,45,complete_rollout,0.0001515989235578711
6,0.2,200,45,tis,0.0006154544832102177
6,0.2,200,45,uniform,0.0026969092358582443
6,0.2,200,46,complete_rollout,0.00012912245446063475
6,0.2,200,46,tis,0.0024517854123479407
6,0.2,200,46,uniform,0.005295858593115468
6,0.2,200,47,complete_rollout,0.00031933703508601346
6,0.2,200,47,tis,0.0007730532349802539
6,0.2,200,47,uniform,0.0008642938877943569
6,0.2,200,48,complete_rollout,0.00016222382388877754
6,0.2,200,48,tis,0.0005140270600845164
6,0.2,200,48,uniform,0.0028101570462975905
6,0.2,200,49,complete_rollout,0.0001947725065008742
6,0.2,200,49,tis,0.0025671846236810054
6,0.2,200,49,uniform,0.007086401109263091
6,0.2,200,50,complete_rollout,0.0010360380898414413
6,0.2,200,50,tis,0.0022918853880771798
6,0.2,200,50,uniform,0.002458754143039133
6,0.2,200,51,complete_rollout,0.00011361465675344395
6,0.2,200,51,tis,0.001971535207706734
6,0.2,200,51,uniform,0.003091825510165654
6,0.2,200,52,complete_rollout,0.0004458560917453821
6,0.2,200,52,tis,0.005180719788446402
6,0.2,200,52,uniform,0.0010254445905640273
6,0.2,200,53,complete_rollout,0.000358928630964027
6,0.2,200,53,tis,0.0006063266856783642
6,0.2,200,53,uniform,0.0021795280210891157
6,0.2,200,54,complete_rollout,0.00017167106759247467
6,0.2,200,54,tis,0.0029539467575372715
6,0.2,200,54,uniform,0.001938375384531131
6,0.2,200,55,complete_rollout,0.0009347919284626432
6,0.2,200,55,tis,0.002460927828852458
6,0.2,200,55,uniform,0.008878403439561592
6,0.2,200,56,complete_rollout,0.0003687083777471586
6,0.2,200,56,tis,0.001685417675393046
6,0.2,200,56,uniform,0.0023667643200918596
6,0.2,200,57,complete_rollout,6.844877916877841e-05
6,0.2,200,57,tis,0.013011057426422664
6,0.2,200,57,uniform,0.004471565061092696
6,0.2,200,58,complete_rollout,0.00040252063060720953
6,0.2,200,58,tis,0.0012559943596323739
6,0.2,200,58,uniform,0.002343454284921959
6,0.2,200,59,complete_rollout,0.0005531069743405116
6,0.2,200,59,tis,0.0054230425855924256
6,0.2,200,59,uniform,0.0023122941951064877
6,0.2,200,60,complete_rollout,0.0003538835034163679
6,0.2,200,60,tis,0.002485810366373974
6,0.2,200,60,uniform,0.0037021097113033603
6,0.2,200,61,complete_rollout,0.00015230142279278332
6,0.2,200,61,tis,0.0017167195645992244
6,0.2,200,61,uniform,0.0015415871458241347
6,0.2,200,62,complete_rollout,0.00012238585329059853
6,0.2,200,62,tis,0.0014217654530000565
6,0.2,200,62,uniform,0.0016027452623115948
6,0.2,200,63,complete_rollout,0.0001430238923560574
6,0.2,200,63,tis,0.002047376274660905
6,0.2,200,63,uniform,0.002355573446556444
6,0.2,200,64,complete_rollout,0.00022936098374623675
6,0.2,200,64,tis,0.004125739793373651
6,0.2,200,64,uniform,0.0033121381430087854
6,0.2,200,65,complete_rollout,0.00010544875280553835
6,0.2,200,65,tis,0.0027423159613195933
6,0.2,200,65,uniform,0.002570972100388209
6,0.2,200,66,complete_rollout,0.00017322070426614076
6,0.2,200,66,tis,0.0016946060934667317
6,0.2,200,66,uniform,0.001376804542616669
6,0.2,200,67,complete_rollout,0.00011307242928545304
6,0.2,200,67,tis,0.0018458816654524813
6,0.2,200,67,uniform,0.0050926821240381065
6,0.2,200,68,complete_rollout,0.0010530806255013528
6,0.2,200,68,tis,0.0012922529091796103
6,0.2,200,68,uniform,0.009230623072729646
6,0.2,200,69,complete_rollout,0.0017100031902928829
6,0.2,200,69,tis,0.0022089839911747277
6,0.2,200,69,uniform,0.0023409328194628856
6,0.2,200,70,complete_rollout,0.0003368304097116732
6,0.2,200,70,tis,0.0019444809648298269
6,0.2,200,70,uniform,0.0020099945191332787
6,0.2,200,71,complete_rollout,0.0005918091644607616
6,0.2,200,71,tis,0.0008690054426375796
6,0.2,200,71,uniform,0.00602782129007721
6,0.2,200,72,complete_rollout,0.000545731886875276
6,0.2,200,72,tis,0.0011833432543403926
6,0.2,200,72,uniform,0.003075980976951964
6,0.2,200,73,complete_rollout,0.00029055229036180694
6,0.2,200,73,tis,0.001716786196640812
6,0.2,200,73,uniform,0.0023379844756636313
6,0.2,200,74,complete_rollout,0.00010995278610062982
6,0.2,200,74,tis,0.000207667880360433
6,0.2,200,74,uniform,0.003387350631722556
6,0.2,200,75,complete_rollout,0.0001334388396931391
6,0.2,200,75,tis,0.0006361721572422532
6,0.2,200,75,uniform,0.003297879283155259
6,0.2,200,76,complete_rollout,0.00024135396716399806
6,0.2,200,76,tis,0.012606537660057439
6,0.2,200,76,uniform,0.012894807912298205
6,0.2,200,77,complete_rollout,0.0002513577004668237
6,0.2,200,77,tis,0.0017167658442030457
6,0.2,200,77,uniform,0.017796514294959064
6,0.2,200,78,complete_rollout,0.000344523760394041
6,0.2,200,78,tis,0.0012224243010322449
6,0.2,200,78,uniform,0.00487538809115855
6,0.2,200,79,complete_rollout,0.00022387927332310153
6,0.2,200,79,tis,0.00034064941376998886
6,0.2,200,79,uniform,0.0011719755056352425
6,0.2,200,80,complete_rollout,0.00021258293843037129
6,0.2,200,80,tis,0.0018651831437041116
6,0.2,200,80,uniform,0.002120117133659937
6,0.2,200,81,complete_rollout,0.00021019183957253498
6,0.2,200,81,tis,0.001518194468167664
6,0.2,200,81,uniform,0.0009435145942885583
6,0.2,200,82,complete_rollout,0.0002115688589489416
6,0.2,200,82,tis,0.007991195352279545
6,0.2,200,82,uniform,0.007459081934118392
6,0.2,200,83,complete_rollout,0.0004463156896060891
6,0.2,200,83,tis,0.0018944585363152237
6,0.2,200,83,uniform,0.012843939372638336
6,0.2,200,84,complete_rollout,0.00012553993278657466
6,0.2,200,84,tis,0.0046280371467546984
6,0.2,200,84,uniform,0.002446379784017024
6,0.2,200,85,complete_rollout,0.0002456046816167262
6,0.2,200,85,tis,0.0045197340596605665
6,0.2,200,85,uniform,0.004536312332442541
6,0.2,200,86,complete_rollout,0.0004057504557637554
6,0.2,200,86,tis,0.0027828881053538774
6,0.2,200,86,uniform,0.0022023739775783925
6,0.2,200,87,complete_rollout,0.00015932685553469728
6,0.2,200,87,tis,0.0017441758131271907
6,0.2,200,87,uniform,0.0034650536900630922
6,0.2,200,88,complete_rollout,0.0006738056982725927
6,0.2,200,88,tis,0.001977599550450008
6,0.2,200,88,uniform,0.007400804337986346
6,0.2,200,89,complete_rollout,0.00018550032099974342
6,0.2,200,89,tis,0.002136374624605762
6,0.2,200,89,uniform,0.0027923645561896936
6,0.2,200,90,complete_rollout,0.0002008571980740687
6,0.2,200,90,tis,0.0028293298425377546
6,0.2,200,90,uniform,0.0026801588217776518
6,0.2,200,91,complete_rollout,0.00021137358855358778
6,0.2,200,91,tis,0.0028691336348493023
6,0.2,200,91,uniform,0.0034517399683936098
6,0.2,200,92,complete_rollout,0.00010266032365057431
6,0.2,200,92,tis,0.0015796440354853298
6,0.2,200,92,uniform,0.005349824289705327
6,0.2,200,93,complete_rollout,0.00022190173994075574
6,0.2,200,93,tis,0.00045695782452646254
6,0.2,200,93,uniform,0.0019114448326844008
6,0.2,200,94,complete_rollout,0.00032522332742880225
6,0.2,200,94,tis,0.001411758340094593
6,0.2,200,94,uniform,0.0013390304116255008
6,0.2,200,95,complete_rollout,0.0006014031858478839
6,0.2,200,95,tis,0.0026535831853995314
6,0.2,200,95,uniform,0.002609413052852059
6,0.2,200,96,complete_rollout,0.0001085529133997221
6,0.2,200,96,tis,0.00266107590867079
6,0.2,200,96,uniform,0.006392615268772088
6,0.2,200,97,complete_rollout,0.0009790826079172882
6,0.2,200,97,tis,0.001958922546511162
6,0.2,200,97,uniform,0.0014512101724363082
6,0.2,200,98,complete_rollout,0.0002655089660055287
6,0.2,200,98,tis,0.0014573902923643242
6,0.2,200,98,uniform,0.0013303580519420102
6,0.2,200,99,complete_rollout,0.0002477623199940235
6,0.2,200,99,tis,0.0005560463137060792
6,0.2,200,99,uniform,0.0027916917552901436
6,0.2,200,100,complete_rollout,0.0001296142962549803
6,0.2,200,100,tis,0.005095879326544183
6,0.2,200,100,uniform,0.006979446417515503
6,0.2,200,101,complete_rollout,0.0004942081018165347
6,0.2,200,101,tis,0.002906839067021444
6,0.2,200,101,uniform,0.006121817435049027
6,0.2,200,102,complete_rollout,0.0006131347740539545
6,0.2,200,102,tis,0.0004503184791521784
6,0.2,200,102,uniform,0.0023678073919775585
6,0.2,200,103,complete_rollout,9.166371976514634e-05
6,0.2,200,103,tis,0.009052680135452145
6,0.2,200,103,uniform,0.003489894049148428
6,0.2,200,104,complete_rollout,0.0016641928901432047
6,0.2,200,104,tis,0.0017135559374068727
6,0.2,200,104,uniform,0.004329706989214658
6,0.2,200,105,complete_rollout,0.00019154150762844553
6,0.2,200,105,tis,0.0020868223494165585
6,0.2,200,105,uniform,0.0026759516331811193
6,0.2,200,106,complete_rollout,0.00016140215104041016
6,0.2,200,106,tis,0.0014900278628562674
6,0.2,200,106,uniform,0.010949624527803715
6,0.2,200,107,complete_rollout,0.0001795481312392757
6,0.2,200,107,tis,0.0019687987103376783
6,0.2,200,107,uniform,0.0034484380282420765
6,0.2,200,108,complete_rollout,9.201141549092033e-05
6,0.2,200,108,tis,0.0013334889190320925
6,0.2,200,108,uniform,0.0012099865516147802
6,0.2,200,109,complete_rollout,0.0006514446758398044
6,0.2,200,109,tis,0.0005307661165961881
6,0.2,200,109,uniform,0.003221689889903216
6,0.2,200,110,complete_rollout,0.0003345976134317937
6,0.2,200,110,tis,0.00038891996924781145
6,0.2,200,110,uniform,0.0027562032969779436
6,0.2,200,111,complete_rollout,0.0005758844345185469
6,0.2,200,111,tis,0.0024886497365891568
6,0.2,200,111,uniform,0.0073356415019382665
6,0.2,200,112,complete_rollout,0.00027420363830304897
6,0.2,200,112,tis,0.002565753145862498
6,0.2,200,112,uniform,0.0019028030198202592
6,0.2,200,113,complete_rollout,0.00014325661271615196
6,0.2,200,113,tis,0.0007060250180661908
6,0.2,200,113,uniform,0.0031896459871616637
6,0.2,200,114,complete_rollout,0.00011040729905044775
6,0.2,200,114,tis,0.0015620108430375607
6,0.2,200,114,uniform,0.0018041043317833679
6,0.2,200,115,complete_rollout,0.0001548386773093144
6,0.2,200,115,tis,0.008265129196820356
6,0.2,200,115,uniform,0.002242413410817587
6,0.2,200,116,complete_rollout,0.00018771266509392019
6,0.2,200,116,tis,0.0002469932316917324
6,0.2,200,116,uniform,0.006836954835513157
6,0.2,200,117,complete_rollout,0.0003936341262181455
6,0.2,200,117,tis,0.001903867436879516
6,0.2,200,117,uniform,0.0024901999604991544
6,0.2,200,118,complete_rollout,0.0007369118235906769
6,0.2,200,118,tis,0.0012098387997936117
6,0.2,200,118,uniform,0.007440629041417671
6,0.2,200,119,complete_rollout,0.0010904600472626971
6,0.2,200,119,tis,0.0021313480582404397
6,0.2,200,119,uniform,0.007309667012241534
6,0.2,200,120,complete_rollout,0.00013376708902886736
6,0.2,200,120,tis,0.005019545368669691
6,0.2,200,120,uniform,0.005097762961406118
6,0.2,200,121,complete_rollout,0.00047470839315719203
6,0.2,200,121,tis,0.0003575925712786954
6,0.2,200,121,uniform,0.0022312270139391416
6,0.2,200,122,complete_rollout,7.013617972619827e-05
6,0.2,200,122,tis,0.022676380955969272
6,0.2,200,122,uniform,0.005546106869393231
6,0.2,200,123,complete_rollout,0.000341691914688688
6,0.2,200,123,tis,0.0018062955350419455
6,0.2,200,123,uniform,0.0029851195398586374
6,0.2,200,124,complete_rollout,0.0004263751884438724
6,0.2,200,124,tis,0.0016027405784710578
6,0.2,200,124,uniform,0.009071614394517407
6,0.2,200,125,complete_rollout,0.0006514505448964518
6,0.2,200,125,tis,0.0020601228675338804
6,0.2,200,125,uniform,0.002244061900482218
6,0.2,200,126,complete_rollout,0.0007471231509796451
6,0.2,200,126,tis,0.0013998458153173074
6,0.2,200,126,uniform,0.015260177855671906
6,0.2,200,127,complete_rollout,0.00029769041201147266
6,0.2,200,127,tis,0.003555421919095002
6,0.2,200,127,uniform,0.006136622776487164
6,0.2,200,128,complete_rollout,0.0008471786691811843
6,0.2,200,128,tis,0.001355828606639995
6,0.2,200,128,uniform,0.005786948384268152
6,0.2,200,129,complete_rollout,0.00029385380869203576
6,0.2,200,129,tis,0.001895413604747299
6,0.2,200,129,uniform,0.010909804184469773
6,0.2,200,130,complete_rollout,0.00030475682577357056
6,0.2,200,130,tis,0.00248325421509181
6,0.2,200,130,uniform,0.012382387484185853
6,0.2,200,131,complete_rollout,0.0002001235244260961
6,0.2,200,131,tis,0.004741937039642121
6,0.2,200,131,uniform,0.007552145595818966
6,0.2,200,132,complete_rollout,7.579067731065998e-05
6,0.2,200,132,tis,0.002234416669761308
6,0.2,200,132,uniform,0.002014555978768701
6,0.2,200,133,complete_rollout,0.0005374425479433756
6,0.2,200,133,tis,0.0018566605459181798
6,0.2,200,133,uniform,0.007044484134224042
6,0.2,200,134,complete_rollout,0.000254390825296499
6,0.2,200,134,tis,0.001908320234900572
6,0.2,200,134,uniform,0.0023473351186282794
6,0.2,200,135,complete_rollout,7.419665307226184e-05
6,0.2,200,135,tis,0.004694102027579037
6,0.2,200,135,uniform,0.0024330407993586466
6,0.2,200,136,complete_rollout,0.0003155612973696914
6,0.2,200,136,tis,0.002158245488323253
6,0.2,200,136,uniform,0.018266352621367377
6,0.2,200,137,complete_rollout,0.0008230050857436213
6,0.2,200,137,tis,0.0008731269367872798
6,0.2,200,137,uniform,0.004225244907305947
6,0.2,200,138,complete_rollout,0.00016795442565038736
6,0.2,200,138,tis,0.0003499325993393951
6,0.2,200,138,uniform,0.0032383571189113875
6,0.2,200,139,complete_rollout,0.0002997684653826675
6,0.2,200,139,tis,0.005645391821286755
6,0.2,200,139,uniform,0.0017413848106667107
6,0.2,200,140,complete_rollout,0.0001649631112477052
6,0.2,200,140,tis,0.0020067723719434695
6,0.2,200,140,uniform,0.0030737130481809792
6,0.2,200,141,complete_rollout,0.0005840277909479124
6,0.2,200,141,tis,0.0009045302703181213
6,0.2,200,141,uniform,0.0043549407409115655
6,0.2,200,142,complete_rollout,9.28903185479294e-05
6,0.2,200,142,tis,0.005501459284270786
6,0.2,200,142,uniform,0.0017563463946321206
6,0.2,200,143,complete_rollout,0.0002650993344368272
6,0.2,200,143,tis,0.0015944054987126865
6,0.2,200,143,uniform,0.004632856170144411
6,0.2,200,144,complete_rollout,0.0010838240281178472
6,0.2,200,144,tis,0.0027026785485169255
6,0.2,200,144,uniform,0.0054441898473339325
6,0.2,200,145,complete_rollout,0.00010176018352032482
6,0.2,200,145,tis,0.0007003299247776238
6,0.2,200,145,uniform,0.0042884898083430266
6,0.2,200,146,complete_rollout,0.0006903275491534422
6,0.2,200,146,tis,0.0020832186804773016
6,0.2,200,146,uniform,0.007498179786029921
6,0.2,200,147,complete_rollout,0.0001408055177671419
6,0.2,200,147,tis,0.0020682028094432094
6,0.2,200,147,uniform,0.001956752655584122
6,0.2,200,148,complete_rollout,0.00013369899039918516
6,0.2,200,148,tis,0.009215058559883603
6,0.2,200,148,uniform,0.0018373679566214497
6,0.2,200,149,complete_rollout,0.00017925735494662504
6,0.2,200,149,tis,0.0012572836517871703
6,0.2,200,149,uniform,0.0019272213428191973
6,0.2,200,150,complete_rollout,0.0006048175226751327
6,0.2,200,150,tis,0.0006219196379249582
6,0.2,200,150,uniform,0.0032034388111575954
6,0.2,200,151,complete_rollout,0.00017207129901447866
6,0.2,200,151,tis,0.002839932459179682
6,0.2,200,151,uniform,0.0023144864198431513
6,0.2,200,152,complete_rollout,0.00025010725003206364
6,0.2,200,152,tis,0.000420637992261748
6,0.2,200,152,uniform,0.010802178883703786
6,0.2,200,153,complete_rollout,0.00036255641994661214
6,0.2,200,153,tis,0.0003955594585194802
6,0.2,200,153,uniform,0.0028143479566460137
6,0.2,200,154,complete_rollout,0.0003343598154004342
6,0.2,200,154,tis,0.0025620799106783956
6,0.2,200,154,uniform,0.006507898471978717
6,0.2,200,155,complete_rollout,0.00010718929535553637
6,0.2,200,155,tis,0.0007256995747014801
6,0.2,200,155,uniform,0.0058429017510390115
6,0.2,200,156,complete_rollout,0.0006618845998886964
6,0.2,200,156,tis,0.002156220211089058
6,0.2,200,156,uniform,0.0018385225586673808
6,0.2,200,157,complete_rollout,6.515603647551214e-05
6,0.2,200,157,tis,0.0007380780818082517
6,0.2,200,157,uniform,0.005451324728262366
6,0.2,200,158,complete_rollout,0.00020396605015214403
6,0.2,200,158,tis,0.0015886154856697128
6,0.2,200,158,uniform,0.0013856547248517293
6,0.2,200,159,complete_rollout,7.588122468645449e-05
6,0.2,200,159,tis,0.0004124699723005336
6,0.2,200,159,uniform,0.0031132683660328015
6,0.2,200,160,complete_rollout,0.00011373167417872317
6,0.2,200,160,tis,0.000373962950359512
6,0.2,200,160,uniform,0.002195583778459872
6,0.2,200,161,complete_rollout,0.001739445010027479
6,0.2,200,161,tis,0.0005254883238032164
6,0.2,200,161,uniform,0.004587845582943442
6,0.2,200,162,complete_rollout,0.00035465291747316803
6,0.2,200,162,tis,0.0002925842425122402
6,0.2,200,162,uniform,0.0018332115636900974
6,0.2,200,163,complete_rollout,0.00016130733228602765
6,0.2,200,163,tis,0.005557372596138329
6,0.2,200,163,uniform,0.0017565265647758745
6,0.2,200,164,complete_rollout,0.00011884574273393577
6,0.2,200,164,tis,0.0019097787798226216
6,0.2,200,164,uniform,0.004616643131870886
6,0.2,200,165,complete_rollout,0.00019523971319320655
6,0.2,200,165,tis,0.0026317994160059846
6,0.2,200,165,uniform,0.0018690170616047677
6,0.2,200,166,complete_rollout,0.00019612779437984992
6,0.2,200,166,tis,0.0020019245600251326
6,0.2,200,166,uniform,0.0020608169020038436
6,0.2,200,167,complete_rollout,0.0001891356681113245
6,0.2,200,167,tis,0.0020017505557944886
6,0.2,200,167,uniform,0.00235031953213848
6,0.2,200,168,complete_rollout,0.00030294827686153255
6,0.2,200,168,tis,0.000828328568452689
6,0.2,200,168,uniform,0.0014529712913639286
6,0.2,200,169,complete_rollout,0.0006710792225577195
6,0.2,200,169,tis,0.0013079416985520584
6,0.2,200,169,uniform,0.0020964285841762373
6,0.2,200,170,complete_rollout,0.00018949368758491692
6,0.2,200,170,tis,0.0037147623166083332
6,0.2,200,170,uniform,0.0035194114193088247
6,0.2,200,171,complete_rollout,0.0002946318875788239
6,0.2,200,171,tis,0.002018967527556653
6,0.2,200,171,uniform,0.0018638148873758465
6,0.2,200,172,complete_rollout,0.0003979655386906273
6,0.2,200,172,tis,0.001918048390679382
6,0.2,200,172,uniform,0.014587887542560152
6,0.2,200,173,complete_rollout,0.00010290886333805057
6,0.2,200,173,tis,0.005438946885959189
6,0.2,200,173,uniform,0.00386151016414192
6,0.2,200,174,complete_rollout,0.00013209232628994712
6,0.2,200,174,tis,0.0020614273388572316
6,0.2,200,174,uniform,0.008806306902323792
6,0.2,200,175,complete_rollout,0.00015659709402788698
6,0.2,200,175,tis,0.007161307361469931
6,0.2,200,175,uniform,0.0013347585112123165
6,0.2,200,176,complete_rollout,0.00036012708357103737
6,0.2,200,176,tis,0.0022359658092059153
6,0.2,200,176,uniform,0.0026866184385575293
6,0.2,200,177,complete_rollout,0.0002631489431984377
6,0.2,200,177,tis,0.009555682576794818
6,0.2,200,177,uniform,0.0039548161398075005
6,0.2,200,178,complete_rollout,0.000583260089525095
6,0.2,200,178,tis,0.002472076989938922
6,0.2,200,178,uniform,0.011214462399551262
6,0.2,200,179,complete_rollout,0.0002937635540719575
6,0.2,200,179,tis,0.0013968600166907328
6,0.2,200,179,uniform,0.0034657629255711807
6,0.2,200,180,complete_rollout,0.00011623062330297914
6,0.2,200,180,tis,0.0052048301008153965
6,0.2,200,180,uniform,0.009110743025171392
6,0.2,200,181,complete_rollout,0.000189662537594368
6,0.2,200,181,tis,0.0005902780325687688
6,0.2,200,181,uniform,0.004329096006950841
6,0.2,200,182,complete_rollout,0.0003657076568241399
6,0.2,200,182,tis,0.00280017070944944
6,0.2,200,182,uniform,0.006225630400479712
6,0.2,200,183,complete_rollout,0.00039259188126233445
6,0.2,200,183,tis,0.007799921433463331
6,0.2,200,183,uniform,0.013853951742275864
6,0.2,200,184,complete_rollout,0.00022135727175472207
6,0.2,200,184,tis,0.0016619312327915805
6,0.2,200,184,uniform,0.006269674106441868
6,0.2,200,185,complete_rollout,0.00021944024547220376
6,0.2,200,185,tis,0.0008207380585813905
6,0.2,200,185,uniform,0.0014568568420108914
6,0.2,200,186,complete_rollout,0.0005869713412219087
6,0.2,200,186,tis,0.001407244601898081
6,0.2,200,186,uniform,0.003287339483592441
6,0.2,200,187,complete_rollout,0.0008356183123115955
6,0.2,200,187,tis,0.002306920802979731
6,0.2,200,187,uniform,0.006447599281118286
6,0.2,200,188,complete_rollout,0.0008464155059689437
6,0.2,200,188,tis,0.0008391524095835039
6,0.2,200,188,uniform,0.0034259888627011657
6,0.2,200,189,complete_rollout,0.00025296545765674384
6,0.2,200,189,tis,0.0003286074251711155
6,0.2,200,189,uniform,0.006377130375712647
6,0.2,200,190,complete_rollout,0.0001304904426253893
6,0.2,200,190,tis,0.00035545915970951924
6,0.2,200,190,uniform,0.001437246161995474
6,0.2,200,191,complete_rollout,0.0003928932734788236
6,0.2,200,191,tis,0.0019548252366400707
6,0.2,200,191,uniform,0.0018060114943465656
6,0.2,200,192,complete_rollout,0.00019948888113305402
6,0.2,200,192,tis,0.026494800874427564
6,0.2,200,192,uniform,0.00588805297311121
6,0.2,200,193,complete_rollout,0.00026026343306606304
6,0.2,200,193,tis,0.0018190693501269498
6,0.2,200,193,uniform,0.015615448918728304
6,0.2,200,194,complete_rollout,0.0001292101155634632
6,0.2,200,194,tis,0.008190729363250222
6,0.2,200,194,uniform,0.001436147697745508
6,0.2,200,195,complete_rollout,0.00018122254791018292
6,0.2,200,195,tis,0.000565113259366019
6,0.2,200,195,uniform,0.005975092146792295
6,0.2,200,196,complete_rollout,0.0005319431790717062
6,0.2,200,196,tis,0.001532994842693534
6,0.2,200,196,uniform,0.004460239754065173
6,0.2,200,197,complete_rollout,8.368752178011402e-05
6,0.2,200,197,tis,0.0012189801030218393
6,0.2,200,197,uniform,0.004278561031530341
6,0.2,200,198,complete_rollout,0.0002604175959053072
6,0.2,200,198,tis,0.0017697292145914397
6,0.2,200,198,uniform,0.004521952573921816
6,0.2,200,199,complete_rollout,0.0002367039395450208
6,0.2,200,199,tis,0.0004769498517039465
6,0.2,200,199,uniform,0.004915030453375131
6,0.2,200,200,complete_rollout,0.00033250787483658887
6,0.2,200,200,tis,0.0027072549089867865
6,0.2,200,200,uniform,0.0020177276297672912
6,0.2,200,201,complete_rollout,8.401490863288951e-05
6,0.2,200,201,tis,0.0035357086384978516
6,0.2,200,201,uniform,0.0017129782155466036
6,0.2,200,202,complete_rollout,0.0005802056903277574
6,0.2,200,202,tis,0.0007120145737303143
6,0.2,200,202,uniform,0.004845738746046944
6,0.2,200,203,complete_rollout,9.561233821019892e-05
6,0.2,200,203,tis,0.001678969678112065
6,0.2,200,203,uniform,0.007659851442766254
6,0.2,200,204,complete_rollout,0.0002763060048033214
6,0.2,200,204,tis,0.00264222072237007
6,0.2,200,204,uniform,0.009378420171138435
6,0.2,200,205,complete_rollout,0.00010606211123068504
6,0.2,200,205,tis,0.0016457341364760347
6,0.2,200,205,uniform,0.0016713737036341894
6,0.2,200,206,complete_rollout,0.00011971908840541589
6,0.2,200,206,tis,0.0007627199836971126
6,0.2,200,206,uniform,0.006847519254234006
6,0.2,200,207,complete_rollout,0.0005248602896599575
6,0.2,200,207,tis,0.0060924058004235325
6,0.2,200,207,uniform,0.004216337945542943
6,0.2,200,208,complete_rollout,0.0002194789735980022
6,0.2,200,208,tis,0.0022923815028807093
6,0.2,200,208,uniform,0.004111599097599747
6,0.2,200,209,complete_rollout,0.00026279164812589373
6,0.2,200,209,tis,0.002875984058883061
6,0.2,200,209,uniform,0.0021402225604644103
6,0.2,200,210,complete_rollout,0.00024186928356299353
6,0.2,200,210,tis,0.005276232145398735
6,0.2,200,210,uniform,0.009462657988528854
6,0.2,200,211,complete_rollout,0.0003740970292903159
6,0.2,200,211,tis,0.0036841887305137364
6,0.2,200,211,uniform,0.0024078071771946393
6,0.2,200,212,complete_rollout,0.00028864386331802985
6,0.2,200,212,tis,0.0010036367783111848
6,0.2,200,212,uniform,0.00577092450366355
6,0.2,200,213,complete_rollout,0.00040524667593419013
6,0.2,200,213,tis,0.000450409364337251
6,0.2,200,213,uniform,0.009235627082424935
6,0.2,200,214,complete_rollout,0.00011088415433500869
6,0.2,200,214,tis,0.002127115408983288
6,0.2,200,214,uniform,0.002207055916155334
6,0.2,200,215,complete_rollout,0.0004286335525005113
6,0.2,200,215,tis,0.006133121368199646
6,0.2,200,215,uniform,0.0038691207614601265
6,0.2,200,216,complete_rollout,0.00048112190850479667
6,0.2,200,216,tis,0.001708901288119416
6,0.2,200,216,uniform,0.003373806924422143
6,0.2,200,217,complete_rollout,0.0001743401506492688
6,0.2,200,217,tis,0.002241074052018973
6,0.2,200,217,uniform,0.0026857425093477056
6,0.2,200,218,complete_rollout,0.0006191467399444599
6,0.2,200,218,tis,0.001725433782541292
6,0.2,200,218,uniform,0.005737687443950102
6,0.2,200,219,complete_rollout,0.0001697203006071267
6,0.2,200,219,tis,0.0015403968006729896
6,0.2,200,219,uniform,0.005048338689516158
6,0.2,200,220,complete_rollout,0.0003085129775374663
6,0.2,200,220,tis,0.006117730671748114
6,0.2,200,220,uniform,0.00182341519461188
6,0.2,200,221,complete_rollout,0.0002702938701300575
6,0.2,200,221,tis,0.002084326382395015
6,0.2,200,221,uniform,0.002214848597837701
6,0.2,200,222,complete_rollout,0.0010102939569253035
6,0.2,200,222,tis,0.0025521592555762303
6,0.2,200,222,uniform,0.0036936348190501245
6,0.2,200,223,complete_rollout,0.00014691593539025927
6,0.2,200,223,tis,0.0013682760147090895
6,0.2,200,223,uniform,0.004110799833392787
6,0.2,200,224,complete_rollout,0.00024061903690013276
6,0.2,200,224,tis,0.003282198972353312
6,0.2,200,224,uniform,0.0031051080849957184
6,0.2,200,225,complete_rollout,0.0005645687473297163
6,0.2,200,225,tis,0.0015920371131255724
6,0.2,200,225,uniform,0.015333937892109083
6,0.2,200,226,complete_rollout,0.00026019690248632794
6,0.2,200,226,tis,0.006034776487782134
6,0.2,200,226,uniform,0.0026719059414163243
6,0.2,200,227,complete_rollout,9.609933603806202e-05
6,0.2,200,227,tis,0.0004771097141306543
6,0.2,200,227,uniform,0.007995588278336973
6,0.2,200,228,complete_rollout,0.0006169798542395992
6,0.2,200,228,tis,0.0010536240031881082
6,0.2,200,228,uniform,0.006026576149139757
6,0.2,200,229,complete_rollout,0.0002339783773657358
6,0.2,200,229,tis,0.004801052092759334
6,0.2,200,229,uniform,0.0015331517186083828
6,0.2,200,230,complete_rollout,0.0001364143583456272
6,0.2,200,230,tis,0.0018190139465681175
6,0.2,200,230,uniform,0.0022053143774705968
6,0.2,200,231,complete_rollout,0.00023458428980288525
6,0.2,200,231,tis,0.001338768068903563
6,0.2,200,231,uniform,0.003163219417506006
6,0.2,200,232,complete_rollout,0.0005536431127548097
6,0.2,200,232,tis,0.002828568104661279
6,0.2,200,232,uniform,0.0022416023813162135
6,0.2,200,233,complete_rollout,0.0008115897141687911
6,0.2,200,233,tis,0.0022876077361647434
6,0.2,200,233,uniform,0.0034329283725475688
6,0.2,200,234,complete_rollout,0.0001862236969757267
6,0.2,200,234,tis,0.005225849708703197
6,0.2,200,234,uniform,0.010206244088751865
6,0.2,200,235,complete_rollout,0.0006149900664643384
6,0.2,200,235,tis,0.001334462456139794
6,0.2,200,235,uniform,0.005860383348517589
6,0.2,200,236,complete_rollout,0.00023469553213768986
6,0.2,200,236,tis,0.0012207532877542508
6,0.2,200,236,uniform,0.0031161262393082636
6,0.2,200,237,complete_rollout,0.00024014688351044937
6,0.2,200,237,tis,0.0007730179437463014
6,0.2,200,237,uniform,0.01086511981753906
6,0.2,200,238,complete_rollout,0.0003079423184302682
6,0.2,200,238,tis,0.0033554400599782744
6,0.2,200,238,uniform,0.0035180893511217778
6,0.2,200,239,complete_rollout,0.00022449570528236288
6,0.2,200,239,tis,0.004983257014559427
6,0.2,200,239,uniform,0.009958761062489802
6,0.2,200,240,complete_rollout,0.00023129598502790515
6,0.2,200,240,tis,0.0013566042789769318
6,0.2,200,240,uniform,0.005493584917306442
6,0.2,200,241,complete_rollout,0.00017795660396861658
6,0.2,200,241,tis,0.002503126823877416
6,0.2,200,241,uniform,0.005038369375181421
6,0.2,200,242,complete_rollout,0.0006174166865429187
6,0.2,200,242,tis,0.029300575741696384
6,0.2,200,242,uniform,0.002447480630512131
6,0.2,200,243,complete_rollout,0.0006624985401129704
6,0.2,200,243,tis,0.008831149309990606
6,0.2,200,243,uniform,0.0054809668497420175
6,0.2,200,244,complete_rollout,0.00016949004368267895
6,0.2,200,244,tis,0.008864784744322608
6,0.2,200,244,uniform,0.0012475384887761574
6,0.2,200,245,complete_rollout,0.00030065854430949275
6,0.2,200,245,tis,0.0019751652750320792
6,0.2,200,245,uniform,0.001601159483119715
6,0.2,200,246,complete_rollout,0.00020874850872591025
6,0.2,200,246,tis,0.0009730352931770399
6,0.2,200,246,uniform,0.0015967409739117778
6,0.2,200,247,complete_rollout,0.00046981391223723944
6,0.2,200,247,tis,0.0027768870413573316
6,0.2,200,247,uniform,0.002388996380523089
6,0.2,200,248,complete_rollout,8.836524510574183e-05
6,0.2,200,248,tis,0.000599224412524081
6,0.2,200,248,uniform,0.001561344291576439
6,0.2,200,249,complete_rollout,0.00015552093294646073
6,0.2,200,249,tis,0.001531521885893455
6,0.2,200,249,uniform,0.00299355473145228
6,0.2,200,250,complete_rollout,0.0004109228811022185
6,0.2,200,250,tis,0.0011198743308410376
6,0.2,200,250,uniform,0.0033775499755531076
6,0.2,200,251,complete_rollout,0.0012148657183336815
6,0.2,200,251,tis,0.00218734793676668
6,0.2,200,251,uniform,0.0031545193297099353
6,0.2,200,252,complete_rollout,0.0006460383785632474
6,0.2,200,252,tis,0.0008551611469124345
6,0.2,200,252,uniform,0.0011279539188735436
6,0.2,200,253,complete_rollout,0.00042584969302125026
6,0.2,200,253,tis,0.0006944043870837827
6,0.2,200,253,uniform,0.0016830796362757958
6,0.2,200,254,complete_rollout,0.0001963408044313882
6,0.2,200,254,tis,0.0006404062425342224
6,0.2,200,254,uniform,0.006208192297465587
6,0.2,200,255,complete_rollout,0.0001353410119885848
6,0.2,200,255,tis,0.0015200763578721342
6,0.2,200,255,uniform,0.003370439726169579
6,0.2,200,256,complete_rollout,0.0003300480489198171
6,0.2,200,256,tis,0.009693369191040234
6,0.2,200,256,uniform,0.009102498876145948
6,0.2,200,257,complete_rollout,0.0003954284385581982
6,0.2,200,257,tis,0.0004657402882332893
6,0.2,200,257,uniform,0.003098514089807114
6,0.2,200,258,complete_rollout,0.0004874566785300846
6,0.2,200,258,tis,0.00040219197459238833
6,0.2,200,258,uniform,0.0064232678885057055
6,0.2,200,259,complete_rollout,0.00010625047979640457
6,0.2,200,259,tis,0.001486291189907873
6,0.2,200,259,uniform,0.0028495950791810392
6,0.2,200,260,complete_rollout,0.0009313509497466735
6,0.2,200,260,tis,0.002533303213470242
6,0.2,200,260,uniform,0.0022757004767325318
6,0.2,200,261,complete_rollout,0.0004059650402326031
6,0.2,200,261,tis,0.0005903191213268956
6,0.2,200,261,uniform,0.009720514319689596
6,0.2,200,262,complete_rollout,0.00028281996540305634
6,0.2,200,262,tis,0.005347355704527489
6,0.2,200,262,uniform,0.008372459662273068
6,0.2,200,263,complete_rollout,0.0001927469278548652
6,0.2,200,263,tis,0.003321755585651122
6,0.2,200,263,uniform,0.0019315775640603558
6,0.2,200,264,complete_rollout,0.0001419189460450046
6,0.2,200,264,tis,0.00638399051036529
6,0.2,200,264,uniform,0.0017437866426188834
6,0.2,200,265,complete_rollout,0.0007097074699673366
6,0.2,200,265,tis,0.001148990010467443
6,0.2,200,265,uniform,0.006541134536854971
6,0.2,200,266,complete_rollout,0.000439432770574438
6,0.2,200,266,tis,0.0013179084359096988
6,0.2,200,266,uniform,0.005124792962684471
6,0.2,200,267,complete_rollout,0.0004386301585739365
6,0.2,200,267,tis,0.0023093298846878687
6,0.2,200,267,uniform,0.0069578573975214745
6,0.2,200,268,complete_rollout,0.00022657783647797634
6,0.2,200,268,tis,0.0004240248987349012
6,0.2,200,268,uniform,0.0034581746112703265
6,0.2,200,269,complete_rollout,0.0010330464892839418
6,0.2,200,269,tis,0.004109891734431661
6,0.2,200,269,uniform,0.002970671896709737
6,0.2,200,270,complete_rollout,0.0005206380980679026
6,0.2,200,270,tis,0.003119316964513276
6,0.2,200,270,uniform,0.0033457283065453573
6,0.2,200,271,complete_rollout,0.0003981397965525475
6,0.2,200,271,tis,0.0054744005998393856
6,0.2,200,271,uniform,0.010598629721478882
6,0.2,200,272,complete_rollout,0.0005569303962135986
6,0.2,200,272,tis,0.0011232284472097393
6,0.2,200,272,uniform,0.005388900048335906
6,0.2,200,273,complete_rollout,0.0006247214233917474
6,0.2,200,273,tis,0.001926555741932406
6,0.2,200,273,uniform,0.017719093788134698
6,0.2,200,274,complete_rollout,0.00017036829894645915
6,0.2,200,274,tis,0.002218551276296975
6,0.2,200,274,uniform,0.006923030925963429
6,0.2,200,275,complete_rollout,0.0002438231786126442
6,0.2,200,275,tis,0.0030057564939155496
6,0.2,200,275,uniform,0.0032126591573942553
6,0.2,200,276,complete_rollout,0.0001605274993420375
6,0.2,200,276,tis,0.0015362198620032575
6,0.2,200,276,uniform,0.011700154444661177
6,0.2,200,277,complete_rollout,0.0002791179793215448
6,0.2,200,277,tis,0.004776461216388982
6,0.2,200,277,uniform,0.002286258795354713
6,0.2,200,278,complete_rollout,0.00014731539219736613
6,0.2,200,278,tis,0.0019332124571249858
6,0.2,200,278,uniform,0.0032172469287224063
6,0.2,200,279,complete_rollout,0.00015953001555077918
6,0.2,200,279,tis,0.0006165138308442205
6,0.2,200,279,uniform,0.003192197879169479
6,0.2,200,280,complete_rollout,0.0005172674078915707
6,0.2,200,280,tis,0.0004667953673296839
6,0.2,200,280,uniform,0.001219071919005144
6,0.2,200,281,complete_rollout,0.0004720442463534935
6,0.2,200,281,tis,0.00517377597789515
6,0.2,200,281,uniform,0.005441928427541861
6,0.2,200,282,complete_rollout,0.0003964718205462914
6,0.2,200,282,tis,0.00015156072517963126
6,0.2,200,282,uniform,0.00643354500817506
6,0.2,200,283,complete_rollout,0.0003433138146901069
6,0.2,200,283,tis,0.0017300443453930506
6,0.2,200,283,uniform,0.006851621507710002
6,0.2,200,284,complete_rollout,0.0002829017520663484
6,0.2,200,284,tis,0.0005866813797653969
6,0.2,200,284,uniform,0.011748075064181115
6,0.2,200,285,complete_rollout,0.00013528023843846178
6,0.2,200,285,tis,0.005783604667742531
6,0.2,200,285,uniform,0.0010764109156371476
6,0.2,200,286,complete_rollout,0.000436044010558478
6,0.2,200,286,tis,0.0034630990842783285
6,0.2,200,286,uniform,0.004147915710990531
6,0.2,200,287,complete_rollout,8.840652311407615e-05
6,0.2,200,287,tis,0.0011352223676558604
6,0.2,200,287,uniform,0.013099956754021109
6,0.2,200,288,complete_rollout,0.00014861453290108766
6,0.2,200,288,tis,0.0008859239703704134
6,0.2,200,288,uniform,0.008350356943677872
6,0.2,200,289,complete_rollout,0.00036235015170167347
6,0.2,200,289,tis,0.012701661432328074
6,0.2,200,289,uniform,0.003198675438884934
6,0.2,200,290,complete_rollout,0.000812389049508798
6,0.2,200,290,tis,0.00436408329409799
6,0.2,200,290,uniform,0.006250923291242149
6,0.2,200,291,complete_rollout,0.00033900940814139474
6,0.2,200,291,tis,0.0005036021403600747
6,0.2,200,291,uniform,0.006408035107573034
6,0.2,200,292,complete_rollout,0.00046903131016109425
6,0.2,200,292,tis,0.011343960289077117
6,0.2,200,292,uniform,0.0035035596317855534
6,0.2,200,293,complete_rollout,0.00020084179182596805
6,0.2,200,293,tis,0.0005084409327947103
6,0.2,200,293,uniform,0.002891156843762087
6,0.2,200,294,complete_rollout,0.0003356191293796337
6,0.2,200,294,tis,0.0014822732323030454
6,0.2,200,294,uniform,0.010045935094526759
6,0.2,200,295,complete_rollout,0.0006300947001413005
6,0.2,200,295,tis,0.0020555463703508118
6,0.2,200,295,uniform,0.0015819643906010666
6,0.2,200,296,complete_rollout,0.00012365351870627204
6,0.2,200,296,tis,0.0022909903009449752
6,0.2,200,296,uniform,0.012931591348391502
6,0.2,200,297,complete_rollout,0.00016028509712464549
6,0.2,200,297,tis,0.001699772792866863
6,0.2,200,297,uniform,0.003946212685323972
6,0.2,200,298,complete_rollout,0.00019782855740680386
6,0.2,200,298,tis,0.00043716013690054957
6,0.2,200,298,uniform,0.004559667483377193
6,0.2,200,299,complete_rollout,0.0007306882837635273
6,0.2,200,299,tis,0.0016871837621326754
6,0.2,200,299,uniform,0.0026731535374151065
6,0.2,400,0,complete_rollout,0.00015131273730763944
6,0.2,400,0,tis,0.0019683118745078237
6,0.2,400,0,uniform,0.0014833641281978777
6,0.2,400,1,complete_rollout,0.00013175309263283377
6,0.2,400,1,tis,0.005708996295814153
6,0.2,400,1,uniform,0.005489492305984924
6,0.2,400,2,complete_rollout,0.000322244732259684
6,0.2,400,2,tis,0.0019140616391012588
6,0.2,400,2,uniform,0.0018100537341005664
6,0.2,400,3,complete_rollout,0.000916893610627994
6,0.2,400,3,tis,0.007494538412620883
6,0.2,400,3,uniform,0.0018635514523577543
6,0.2,400,4,complete_rollout,0.0003106316185806061
6,0.2,400,4,tis,0.001292915112750879
6,0.2,400,4,uniform,0.0008962575171312209
6,0.2,400,5,complete_rollout,0.00017598293554982517
6,0.2,400,5,tis,0.001436185095960311
6,0.2,400,5,uniform,0.000611007451553642
6,0.2,400,6,complete_rollout,7.79548444230286e-05
6,0.2,400,6,tis,0.0015754686164855696
6,0.2,400,6,uniform,0.0008669372127270424
6,0.2,400,7,complete_rollout,0.00013431671403760516
6,0.2,400,7,tis,0.0002661962914096862
6,0.2,400,7,uniform,0.0032049018515368953
6,0.2,400,8,complete_rollout,4.5092518763088904e-05
6,0.2,400,8,tis,0.0015147609478821972
6,0.2,400,8,uniform,0.002097226551437044
6,0.2,400,9,complete_rollout,0.00015979029471118716
6,0.2,400,9,tis,0.0022608281771263282
6,0.2,400,9,uniform,0.0044534338408085405
6,0.2,400,10,complete_rollout,0.00019708033756793013
6,0.2,400,10,tis,0.004089411477166454
6,0.2,400,10,uniform,0.0028635419868619995
6,0.2,400,11,complete_rollout,0.00037844314928619116
6,0.2,400,11,tis,0.0004908677932368884
6,0.2,400,11,uniform,0.0005817233457796987
6,0.2,400,12,complete_rollout,0.0003821572825032077
6,0.2,400,12,tis,0.0015105850333781503
6,0.2,400,12,uniform,0.0009218998216289923
6,0.2,400,13,complete_rollout,0.00020033920294966666
6,0.2,400,13,tis,0.0002528584577556134
6,0.2,400,13,uniform,0.0045072388108570284
6,0.2,400,14,complete_rollout,9.93617845395494e-05
6,0.2,400,14,tis,0.005062216252417437
6,0.2,400,14,uniform,0.0016285765232131144
6,0.2,400,15,complete_rollout,0.00034310939066740774
6,0.2,400,15,tis,0.0017882934968750305
6,0.2,400,15,uniform,0.0019154886083864308
6,0.2,400,16,complete_rollout,0.0001425613747536721
6,0.2,400,16,tis,6.881535830300787e-05
6,0.2,400,16,uniform,0.001126588895504364
6,0.2,400,17,complete_rollout,0.00018740753900232373
6,0.2,400,17,tis,0.0022369968877264017
6,0.2,400,17,uniform,0.0006441315775399409
6,0.2,400,18,complete_rollout,0.0001270824150938576
6,0.2,400,18,tis,0.0005070787031901159
6,0.2,400,18,uniform,0.0042080614757593095
6,0.2,400,19,complete_rollout,0.00010491228003489797
6,0.2,400,19,tis,0.00017422105329330996
6,0.2,400,19,uniform,0.0008191356136794249
6,0.2,400,20,complete_rollout,0.00021105873672739385
6,0.2,400,20,tis,0.0008124851172638434
6,0.2,400,20,uniform,0.0020011294842611827
6,0.2,400,21,complete_rollout,0.00013750860869056721
6,0.2,400,21,tis,0.0021991285066426964
6,0.2,400,21,uniform,0.000837272091259599
6,0.2,400,22,complete_rollout,3.858055029538076e-05
6,0.2,400,22,tis,0.00049059402016583
6,0.2,400,22,uniform,0.0013836014262295984
6,0.2,400,23,complete_rollout,8.577557433079458e-05
6,0.2,400,23,tis,0.0023380895722184755
6,0.2,400,23,uniform,0.0027441602301617684
6,0.2,400,24,complete_rollout,9.488850901981541e-05
6,0.2,400,24,tis,0.00014100095598301488
6,0.2,400,24,uniform,0.000646842139086665
6,0.2,400,25,complete_rollout,0.0001313776547196489
6,0.2,400,25,tis,0.0016698734425656364
6,0.2,400,25,uniform,0.002105250843990211
6,0.2,400,26,complete_rollout,0.00011238512228375772
6,0.2,400,26,tis,0.0017494165498714818
6,0.2,400,26,uniform,0.0011369769742021949
6,0.2,400,27,complete_rollout,8.551006185737629e-05
6,0.2,400,27,tis,0.0002758216932178641
6,0.2,400,27,uniform,0.0010737192782569495
6,0.2,400,28,complete_rollout,0.00016194713363010342
6,0.2,400,28,tis,0.0002782505407254487
6,0.2,400,28,uniform,0.0032912073590100253
6,0.2,400,29,complete_rollout,6.772451679097639e-05
6,0.2,400,29,tis,0.0014491538491676757
6,0.2,400,29,uniform,0.0010737721947063094
6,0.2,400,30,complete_rollout,0.00046071664338700704
6,0.2,400,30,tis,0.0012897017668691028
6,0.2,400,30,uniform,0.0009006059921513707
6,0.2,400,31,complete_rollout,8.474329153428971e-05
6,0.2,400,31,tis,0.0036100993367505167
6,0.2,400,31,uniform,0.0020053345503799297
6,0.2,400,32,complete_rollout,6.245518786089914e-05
6,0.2,400,32,tis,0.002716162751783346
6,0.2,400,32,uniform,0.0021617303945030623
6,0.2,400,33,complete_rollout,0.00013061099680328054
6,0.2,400,33,tis,0.005643889555187721
6,0.2,400,33,uniform,0.0012814817435452767
6,0.2,400,34,complete_rollout,6.33838095774336e-05
6,0.2,400,34,tis,0.0005693852873689378
6,0.2,400,34,uniform,0.004315771672375417
6,0.2,400,35,complete_rollout,0.00011161214373638926
6,0.2,400,35,tis,0.00022873955488301683
6,0.2,400,35,uniform,0.0015942856804431812
6,0.2,400,36,complete_rollout,9.790059247234306e-05
6,0.2,400,36,tis,0.0029005244321246796
6,0.2,400,36,uniform,0.0015690718490021527
6,0.2,400,37,complete_rollout,3.615815355570362e-05
6,0.2,400,37,tis,0.0014090294818124255
6,0.2,400,37,uniform,0.0020761918226672176
6,0.2,400,38,complete_rollout,8.473677190513722e-05
6,0.2,400,38,tis,0.0018049812128953376
6,0.2,400,38,uniform,0.0064088935982403155
6,0.2,400,39,complete_rollout,0.0001294709618167459
6,0.2,400,39,tis,0.002111869105307986
6,0.2,400,39,uniform,0.0026097618553116973
6,0.2,400,40,complete_rollout,0.00019009651210295816
6,0.2,400,40,tis,0.0014366675979782474
6,0.2,400,40,uniform,0.004632638261074083
6,0.2,400,41,complete_rollout,5.2315277294596223e-05
6,0.2,400,41,tis,0.0004656565600663002
6,0.2,400,41,uniform,0.0018331086513313426
6,0.2,400,42,complete_rollout,0.00018192206230725378
6,0.2,400,42,tis,0.0016199783965838623
6,0.2,400,42,uniform,0.0038727181983218974
6,0.2,400,43,complete_rollout,7.238185468320802e-05
6,0.2,400,43,tis,0.00014558775941416046
6,0.2,400,43,uniform,0.0006609154745132802
6,0.2,400,44,complete_rollout,8.76444000138222e-05
6,0.2,400,44,tis,0.0018198176823087339
6,0.2,400,44,uniform,0.0075573515800939515
6,0.2,400,45,complete_rollout,0.0003067640910466764
6,0.2,400,45,tis,0.0006698229417708552
6,0.2,400,45,uniform,0.0015395405172699507
6,0.2,400,46,complete_rollout,0.00016453656932881867
6,0.2,400,46,tis,0.00014053563590683563
6,0.2,400,46,uniform,0.0019902452493308492
6,0.2,400,47,complete_rollout,9.831018971563045e-05
6,0.2,400,47,tis,0.0003955304310869274
6,0.2,400,47,uniform,0.0013501740948564614
6,0.2,400,48,complete_rollout,9.26413248053127e-05
6,0.2,400,48,tis,0.0028518492199894148
6,0.2,400,48,uniform,0.0013181541676366875
6,0.2,400,49,complete_rollout,3.842947362576369e-05
6,0.2,400,49,tis,0.0015697172971182074
6,0.2,400,49,uniform,0.0046043012959723125
6,0.2,400,50,complete_rollout,0.000150571784352545
6,0.2,400,50,tis,0.0010314073279540776
6,0.2,400,50,uniform,0.006924062015512872
6,0.2,400,51,complete_rollout,0.00020818608960874215
6,0.2,400,51,tis,0.000517818824173485
6,0.2,400,51,uniform,0.0007760963582577405
6,0.2,400,52,complete_rollout,8.100532385067797e-05
6,0.2,400,52,tis,0.00551823607565905
6,0.2,400,52,uniform,0.0019971176441072064
6,0.2,400,53,complete_rollout,0.00020508455377356332
6,0.2,400,53,tis,0.005622744207653656
6,0.2,400,53,uniform,0.0007211796579866587
6,0.2,400,54,complete_rollout,5.567026714926016e-05
6,0.2,400,54,tis,0.0007840621609495208
6,0.2,400,54,uniform,0.0008969851655748507
6,0.2,400,55,complete_rollout,0.00024429827339078375
6,0.2,400,55,tis,0.00020653260548731685
6,0.2,400,55,uniform,0.0024544826657249925
6,0.2,400,56,complete_rollout,0.00030566805593304
6,0.2,400,56,tis,0.00022619131842308962
6,0.2,400,56,uniform,0.0018931908823571217
6,0.2,400,57,complete_rollout,0.00016799045128660956
6,0.2,400,57,tis,0.0001045825851050007
6,0.2,400,57,uniform,0.0011098064093912942
6,0.2,400,58,complete_rollout,7.100731394693306e-05
6,0.2,400,58,tis,0.0010949479631934221
6,0.2,400,58,uniform,0.0019435395289240666
6,0.2,400,59,complete_rollout,7.84544588764135e-05
6,0.2,400,59,tis,0.0013488906548162621
6,0.2,400,59,uniform,0.0019164539489689824
6,0.2,400,60,complete_rollout,0.00011461847687997323
6,0.2,400,60,tis,0.0024683572749887583
6,0.2,400,60,uniform,0.0006164837055586772
6,0.2,400,61,complete_rollout,0.0002193667071437683
6,0.2,400,61,tis,0.0012677890694001933
6,0.2,400,61,uniform,0.0036407924715829276
6,0.2,400,62,complete_rollout,0.0001466380232897285
6,0.2,400,62,tis,0.00033803106041374825
6,0.2,400,62,uniform,0.0016852252566698074
6,0.2,400,63,complete_rollout,6.029086190455205e-05
6,0.2,400,63,tis,0.00037208469208260483
6,0.2,400,63,uniform,0.000846850341687606
6,0.2,400,64,complete_rollout,0.00023835041012583525
6,0.2,400,64,tis,0.0005724775784287534
6,0.2,400,64,uniform,0.0011099140516777131
6,0.2,400,65,complete_rollout,0.00031446005063112117
6,0.2,400,65,tis,0.00048264692590402716
6,0.2,400,65,uniform,0.0006908909929667632
6,0.2,400,66,complete_rollout,0.00011336532740198586
6,0.2,400,66,tis,0.009909937087812097
6,0.2,400,66,uniform,0.0026655537426657377
6,0.2,400,67,complete_rollout,9.192256777045083e-05
6,0.2,400,67,tis,0.001818615930785831
6,0.2,400,67,uniform,0.0033322499828506327
6,0.2,400,68,complete_rollout,0.00013682410619583136
6,0.2,400,68,tis,0.00036686639202762936
6,0.2,400,68,uniform,0.005223819203188443
6,0.2,400,69,complete_rollout,3.93646289988602e-05
6,0.2,400,69,tis,0.000501884959973669
6,0.2,400,69,uniform,0.0030794524837000183
6,0.2,400,70,complete_rollout,0.00013501525338228997
6,0.2,400,70,tis,0.0015910797787539867
6,0.2,400,70,uniform,0.0032033312631047062
6,0.2,400,71,complete_rollout,0.00014043463135325238
6,0.2,400,71,tis,0.00026774643208328334
6,0.2,400,71,uniform,0.0008108650802077044
6,0.2,400,72,complete_rollout,0.00025906087966791975
6,0.2,400,72,tis,0.00023893390817421585
6,0.2,400,72,uniform,0.001114383316408859
6,0.2,400,73,complete_rollout,0.00016920921781332074
6,0.2,400,73,tis,0.0004290761479366399
6,0.2,400,73,uniform,0.002983621143583349
6,0.2,400,74,complete_rollout,0.0010005638105535183
6,0.2,400,74,tis,0.0018691129935078197
6,0.2,400,74,uniform,0.002442665421306187
6,0.2,400,75,complete_rollout,9.582980242169634e-05
6,0.2,400,75,tis,0.0006838827587830679
6,0.2,400,75,uniform,0.0032195841316292806
6,0.2,400,76,complete_rollout,0.00015458084178323288
6,0.2,400,76,tis,0.00034353858638420086
6,0.2,400,76,uniform,0.006959106669900581
6,0.2,400,77,complete_rollout,5.060941641405968e-05
6,0.2,400,77,tis,0.0004289708817622837
6,0.2,400,77,uniform,0.0019496742093885202
6,0.2,400,78,complete_rollout,0.00011350865373897055
6,0.2,400,78,tis,0.002347869958463506
6,0.2,400,78,uniform,0.000763690132238085
6,0.2,400,79,complete_rollout,7.030498565511189e-05
6,0.2,400,79,tis,0.0003206443973901225
6,0.2,400,79,uniform,0.0022142290860478458
6,0.2,400,80,complete_rollout,0.00019237178480145193
6,0.2,400,80,tis,0.00012098445236003388
6,0.2,400,80,uniform,0.0029456890038303575
6,0.2,400,81,complete_rollout,0.0001243969948149623
6,0.2,400,81,tis,0.0006575556118471612
6,0.2,400,81,uniform,0.0011700423430533208
6,0.2,400,82,complete_rollout,8.040078317881081e-05
6,0.2,400,82,tis,0.00129555088513275
6,0.2,400,82,uniform,0.005204884030128798
6,0.2,400,83,complete_rollout,0.000765516601258472
6,0.2,400,83,tis,0.0003938493996084838
6,0.2,400,83,uniform,0.0017609203678036164
6,0.2,400,84,complete_rollout,0.0001174370384150913
6,0.2,400,84,tis,0.003132290006113829
6,0.2,400,84,uniform,0.0027945752382565504
6,0.2,400,85,complete_rollout,0.00044884781349332115
6,0.2,400,85,tis,0.0021159699464422823
6,0.2,400,85,uniform,0.0016009505535140138
6,0.2,400,86,complete_rollout,7.583244178661398e-05
6,0.2,400,86,tis,0.00602255079164771
6,0.2,400,86,uniform,0.0033595334679812107
6,0.2,400,87,complete_rollout,4.088510837162662e-05
6,0.2,400,87,tis,0.001852857924020385
6,0.2,400,87,uniform,0.0030296211536388123
6,0.2,400,88,complete_rollout,0.00011260884551675298
6,0.2,400,88,tis,0.0011765107587546723
6,0.2,400,88,uniform,0.0013123781094756155
6,0.2,400,89,complete_rollout,0.00010158361577111077
6,0.2,400,89,tis,0.001496471593908955
6,0.2,400,89,uniform,0.0032698472300288855
6,0.2,400,90,complete_rollout,9.860617081051887e-05
6,0.2,400,90,tis,0.00012139243500768538
6,0.2,400,90,uniform,0.0032519152311201527
6,0.2,400,91,complete_rollout,0.000141279002716081
6,0.2,400,91,tis,0.0018758877300389884
6,0.2,400,91,uniform,0.0014992320076815402
6,0.2,400,92,complete_rollout,6.582471641780396e-05
6,0.2,400,92,tis,0.000291991408077865
6,0.2,400,92,uniform,0.002819617703423535
6,0.2,400,93,complete_rollout,0.0002469436318484479
6,0.2,400,93,tis,0.0003339562083347718
6,0.2,400,93,uniform,0.0013916469838461492
6,0.2,400,94,complete_rollout,0.00012676434738514134
6,0.2,400,94,tis,0.0020757301623460156
6,0.2,400,94,uniform,0.0013358258727264552
6,0.2,400,95,complete_rollout,0.0001082503114429461
6,0.2,400,95,tis,7.977534067258002e-05
6,0.2,400,95,uniform,0.001158152804585283
6,0.2,400,96,complete_rollout,0.0005066373518688485
6,0.2,400,96,tis,0.005373464015364491
6,0.2,400,96,uniform,0.0015282570399013926
6,0.2,400,97,complete_rollout,8.53415890259654e-05
6,0.2,400,97,tis,0.0003333031584594548
6,0.2,400,97,uniform,0.0017254298144132156
6,0.2,400,98,complete_rollout,4.983869958229148e-05
6,0.2,400,98,tis,0.0002835984552607089
6,0.2,400,98,uniform,0.0022736886721930086
6,0.2,400,99,complete_rollout,0.00014501365973789828
6,0.2,400,99,tis,0.0003983527624034818
6,0.2,400,99,uniform,0.004875121600175255
6,0.2,400,100,complete_rollout,0.0004042193767228705
6,0.2,400,100,tis,0.0005800612209951347
6,0.2,400,100,uniform,0.0022807247997924567
6,0.2,400,101,complete_rollout,0.0001152029626621152
6,0.2,400,101,tis,0.00012414805303820773
6,0.2,400,101,uniform,0.0056339910332712725
6,0.2,400,102,complete_rollout,7.607076804391484e-05
6,0.2,400,102,tis,0.00018725090580963227
6,0.2,400,102,uniform,0.000558571623347596
6,0.2,400,103,complete_rollout,9.905223971460427e-05
6,0.2,400,103,tis,0.002242087320999706
6,0.2,400,103,uniform,0.005886478624692865
6,0.2,400,104,complete_rollout,0.0002444050483821582
6,0.2,400,104,tis,0.0019906491848159197
6,0.2,400,104,uniform,0.0064724216878076675
6,0.2,400,105,complete_rollout,8.823828464703532e-05
6,0.2,400,105,tis,0.00013869816941872016
6,0.2,400,105,uniform,0.006182510311683289
6,0.2,400,106,complete_rollout,0.00010939167844825924
6,0.2,400,106,tis,0.0011640763308200714
6,0.2,400,106,uniform,0.000538941358645174
6,0.2,400,107,complete_rollout,0.0007592913503537693
6,0.2,400,107,tis,0.00030830614670103413
6,0.2,400,107,uniform,0.0032621675020712694
6,0.2,400,108,complete_rollout,0.00017959031295340476
6,0.2,400,108,tis,0.00036908845506658625
6,0.2,400,108,uniform,0.003627219874897936
6,0.2,400,109,complete_rollout,5.765851527613713e-05
6,0.2,400,109,tis,0.002207941099253046
6,0.2,400,109,uniform,0.0018682410862999128
6,0.2,400,110,complete_rollout,6.645304203691446e-05
6,0.2,400,110,tis,0.002499292867248595
6,0.2,400,110,uniform,0.003707648835573968
6,0.2,400,111,complete_rollout,0.00020545318038827867
6,0.2,400,111,tis,0.00018867021716491316
6,0.2,400,111,uniform,0.0008887531055890652
6,0.2,400,112,complete_rollout,0.0003212925111255499
6,0.2,400,112,tis,0.0029681286903822397
6,0.2,400,112,uniform,0.0036749185923492106
6,0.2,400,113,complete_rollout,0.00012552269688980978
6,0.2,400,113,tis,0.005822331784126678
6,0.2,400,113,uniform,0.0007151727760402362
6,0.2,400,114,complete_rollout,0.00028634821678863947
6,0.2,400,114,tis,0.001445691466364511
6,0.2,400,114,uniform,0.00112409732333946
6,0.2,400,115,complete_rollout,6.85104525674263e-05
6,0.2,400,115,tis,0.0016606996069760942
6,0.2,400,115,uniform,0.0011300627592689592
6,0.2,400,116,complete_rollout,0.00011235537222072918
6,0.2,400,116,tis,0.0002515080453082808
6,0.2,400,116,uniform,0.0010217759609656768
6,0.2,400,117,complete_rollout,0.00018279653137984913
6,0.2,400,117,tis,0.0003647522237277455
6,0.2,400,117,uniform,0.0019868185266166734
6,0.2,400,118,complete_rollout,0.00023899532648132666
6,0.2,400,118,tis,0.00010307223371849263
6,0.2,400,118,uniform,0.0020673836765918567
6,0.2,400,119,complete_rollout,0.00017733815392595616
6,0.2,400,119,tis,0.00019227346291823117
6,0.2,400,119,uniform,0.0009290183088088122
6,0.2,400,120,complete_rollout,0.00010015976452401716
6,0.2,400,120,tis,0.005951656869991607
6,0.2,400,120,uniform,0.001866349267651694
6,0.2,400,121,complete_rollout,6.957143222792209e-05
6,0.2,400,121,tis,8.443440739618035e-05
6,0.2,400,121,uniform,0.0011794612492864946
6,0.2,400,122,complete_rollout,0.0002667927291431633
6,0.2,400,122,tis,0.0005931984389386977
6,0.2,400,122,uniform,0.004043275734852688
6,0.2,400,123,complete_rollout,0.0004040439751820965
6,0.2,400,123,tis,0.0002434451142283924
6,0.2,400,123,uniform,0.0005557845238634547
6,0.2,400,124,complete_rollout,7.015429178210932e-05
6,0.2,400,124,tis,0.0018225388079524114
6,0.2,400,124,uniform,0.0009496361178071474
6,0.2,400,125,complete_rollout,0.0006154273695478127
6,0.2,400,125,tis,0.0015678690339736886
6,0.2,400,125,uniform,0.0016494450358997739
6,0.2,400,126,complete_rollout,0.00018265746349661934
6,0.2,400,126,tis,0.00013238674397379047
6,0.2,400,126,uniform,0.0007314568077260999
6,0.2,400,127,complete_rollout,0.0006446958299110629
6,0.2,400,127,tis,0.0011363154391724757
6,0.2,400,127,uniform,0.0022032472710981003
6,0.2,400,128,complete_rollout,0.0003892640564558484
6,0.2,400,128,tis,0.0014382960511632372
6,0.2,400,128,uniform,0.0030522030108848827
6,0.2,400,129,complete_rollout,0.00010182186219532383
6,0.2,400,129,tis,0.002025379497612571
6,0.2,400,129,uniform,0.0017408353047629358
6,0.2,400,130,complete_rollout,0.0001308816028036717
6,0.2,400,130,tis,0.005780884931091938
6,0.2,400,130,uniform,0.002794577858793239
6,0.2,400,131,complete_rollout,6.660355594692317e-05
6,0.2,400,131,tis,0.00024015596895740664
6,0.2,400,131,uniform,0.000860759748760447
6,0.2,400,132,complete_rollout,0.00011293043416919017
6,0.2,400,132,tis,0.0003132581796520686
6,0.2,400,132,uniform,0.0008568867622844696
6,0.2,400,133,complete_rollout,0.00010263648347238207
6,0.2,400,133,tis,0.0021637499723156004
6,0.2,400,133,uniform,0.0011709492949751794
6,0.2,400,134,complete_rollout,0.00018734387595533919
6,0.2,400,134,tis,0.0004895640585750793
6,0.2,400,134,uniform,0.01212700221271584
6,0.2,400,135,complete_rollout,0.00012917012152395936
6,0.2,400,135,tis,0.0014848694976570215
6,0.2,400,135,uniform,0.0021971895920663794
6,0.2,400,136,complete_rollout,4.291769799918064e-05
6,0.2,400,136,tis,0.0017804684893741349
6,0.2,400,136,uniform,0.004279799389277799
6,0.2,400,137,complete_rollout,0.0001339318659638883
6,0.2,400,137,tis,0.0015898531877347303
6,0.2,400,137,uniform,0.0008650430481960624
6,0.2,400,138,complete_rollout,8.457969674857109e-05
6,0.2,400,138,tis,0.0007347161481183335
6,0.2,400,138,uniform,0.0017274343316151543
6,0.2,400,139,complete_rollout,0.00043655994434937305
6,0.2,400,139,tis,0.0015932237507355128
6,0.2,400,139,uniform,0.004183473907849634
6,0.2,400,140,complete_rollout,6.973597366006381e-05
6,0.2,400,140,tis,0.001530755496819333
6,0.2,400,140,uniform,0.0017941041041943649
6,0.2,400,141,complete_rollout,0.00038181812818677974
6,0.2,400,141,tis,0.0015595927917632661
6,0.2,400,141,uniform,0.0009030071903645503
6,0.2,400,142,complete_rollout,0.00016463006838662113
6,0.2,400,142,tis,0.006141182598405231
6,0.2,400,142,uniform,0.0013658829102783092
6,0.2,400,143,complete_rollout,0.0005706874636565419
6,0.2,400,143,tis,0.00037002782307250743
6,0.2,400,143,uniform,0.0011495098153343141
6,0.2,400,144,complete_rollout,0.00029723858644473095
6,0.2,400,144,tis,0.0005246365129650455
6,0.2,400,144,uniform,0.003496629015776446
6,0.2,400,145,complete_rollout,0.0008684653473079983
6,0.2,400,145,tis,0.001571512967794916
6,0.2,400,145,uniform,0.00241406902138964
6,0.2,400,146,complete_rollout,0.00023257747800087923
6,0.2,400,146,tis,0.0006137467705745763
6,0.2,400,146,uniform,0.0008950055017734337
6,0.2,400,147,complete_rollout,0.0001615417112166531
6,0.2,400,147,tis,0.00044644284879524754
6,0.2,400,147,uniform,0.0012266622820053517
6,0.2,400,148,complete_rollout,8.010400495079818e-05
6,0.2,400,148,tis,0.00021148362925267587
6,0.2,400,148,uniform,0.0023722061791378304
6,0.2,400,149,complete_rollout,8.936207906878684e-05
6,0.2,400,149,tis,0.0015684400746410266
6,0.2,400,149,uniform,0.003518592859517511
6,0.2,400,150,complete_rollout,6.944089548067922e-05
6,0.2,400,150,tis,0.00013968653464633616
6,0.2,400,150,uniform,0.0007262421188197523
6,0.2,400,151,complete_rollout,5.558527152748844e-05
6,0.2,400,151,tis,0.003207970071145156
6,0.2,400,151,uniform,0.0013624793012833344
6,0.2,400,152,complete_rollout,9.177562627212581e-05
6,0.2,400,152,tis,0.0014288257890583199
6,0.2,400,152,uniform,0.0013092664404410206
6,0.2,400,153,complete_rollout,8.830833746994913e-05
6,0.2,400,153,tis,0.0015285594716832923
6,0.2,400,153,uniform,0.005082734600453745
6,0.2,400,154,complete_rollout,0.00012243607498103578
6,0.2,400,154,tis,0.0012963723264768556
6,0.2,400,154,uniform,0.004349102522955998
6,0.2,400,155,complete_rollout,0.0002914642850003337
6,0.2,400,155,tis,0.0007398937800081296
6,0.2,400,155,uniform,0.0014594574589077165
6,0.2,400,156,complete_rollout,4.165654923659276e-05
6,0.2,400,156,tis,0.0007460825507906983
6,0.2,400,156,uniform,0.002193693896303438
6,0.2,400,157,complete_rollout,5.0274968787338044e-05
6,0.2,400,157,tis,0.0016883994040672145
6,0.2,400,157,uniform,0.0015748967892840553
6,0.2,400,158,complete_rollout,0.0002974933593057084
6,0.2,400,158,tis,0.005781452806752936
6,0.2,400,158,uniform,0.0028102789401773607
6,0.2,400,159,complete_rollout,0.00015401597168566842
6,0.2,400,159,tis,0.0020854406050627226
6,0.2,400,159,uniform,0.0013187984977626852
6,0.2,400,160,complete_rollout,0.00100286013273061
6,0.2,400,160,tis,0.0015144704395510836
6,0.2,400,160,uniform,0.005892063836431627
6,0.2,400,161,complete_rollout,8.219199734735532e-05
6,0.2,400,161,tis,0.00036069553655141594
6,0.2,400,161,uniform,0.0034861305592350854
6,0.2,400,162,complete_rollout,0.00011462775730843566
6,0.2,400,162,tis,0.0015110543115162943
6,0.2,400,162,uniform,0.007346834191360618
6,0.2,400,163,complete_rollout,0.00010026225500665405
6,0.2,400,163,tis,0.0019528907338447084
6,0.2,400,163,uniform,0.004129060823525632
6,0.2,400,164,complete_rollout,0.00010434749437359991
6,0.2,400,164,tis,0.00019825451017542838
6,0.2,400,164,uniform,0.0006389119336494659
6,0.2,400,165,complete_rollout,0.00017093149951716123
6,0.2,400,165,tis,0.00048325439590067457
6,0.2,400,165,uniform,0.0005146934819306298
6,0.2,400,166,complete_rollout,6.802457261168966e-05
6,0.2,400,166,tis,0.0002899151637084274
6,0.2,400,166,uniform,0.005939107962524018
6,0.2,400,167,complete_rollout,0.0001005087455384519
6,0.2,400,167,tis,0.0013834284156894105
6,0.2,400,167,uniform,0.0034432599344103383
6,0.2,400,168,complete_rollout,0.00012164548738122597
6,0.2,400,168,tis,0.002246176815029051
6,0.2,400,168,uniform,0.001950129670818744
6,0.2,400,169,complete_rollout,0.0002447621207314886
6,0.2,400,169,tis,0.001508724233032887
6,0.2,400,169,uniform,0.002045956240963317
6,0.2,400,170,complete_rollout,0.00014640811898573
6,0.2,400,170,tis,0.003290342673866385
6,0.2,400,170,uniform,0.0015112660487820444
6,0.2,400,171,complete_rollout,7.502010451584832e-05
6,0.2,400,171,tis,0.001393252345078654
6,0.2,400,171,uniform,0.0011225477499120882
6,0.2,400,172,complete_rollout,7.673543797361625e-05
6,0.2,400,172,tis,0.002657764625430899
6,0.2,400,172,uniform,0.0024807092359500436
6,0.2,400,173,complete_rollout,0.00017111459573758338
6,0.2,400,173,tis,0.002199707929060394
6,0.2,400,173,uniform,0.004366920541044458
6,0.2,400,174,complete_rollout,0.0006584810170709547
6,0.2,400,174,tis,0.0020492428143064493
6,0.2,400,174,uniform,0.0009755852719571591
6,0.2,400,175,complete_rollout,8.765678476918814e-05
6,0.2,400,175,tis,0.00011533869876240655
6,0.2,400,175,uniform,0.0005431824772919727
6,0.2,400,176,complete_rollout,7.840293403504802e-05
6,0.2,400,176,tis,0.00027914597791337984
6,0.2,400,176,uniform,0.0006198933470393329
6,0.2,400,177,complete_rollout,5.110540141138283e-05
6,0.2,400,177,tis,0.0014214698712040192
6,0.2,400,177,uniform,0.0009207430814703831
6,0.2,400,178,complete_rollout,0.00012724134153094678
6,0.2,400,178,tis,0.0014880528390165345
6,0.2,400,178,uniform,0.000601159138444602
6,0.2,400,179,complete_rollout,8.689774214742291e-05
6,0.2,400,179,tis,0.0016085711904118157
6,0.2,400,179,uniform,0.001958201696375995
6,0.2,400,180,complete_rollout,0.0001788839972574199
6,0.2,400,180,tis,0.0002106300543618307
6,0.2,400,180,uniform,0.00573942001707038
6,0.2,400,181,complete_rollout,8.654467928484905e-05
6,0.2,400,181,tis,0.0006280584360499412
6,0.2,400,181,uniform,0.006359379616477702
6,0.2,400,182,complete_rollout,0.00014071017057435477
6,0.2,400,182,tis,0.0006390239913539601
6,0.2,400,182,uniform,0.0008009072381391215
6,0.2,400,183,complete_rollout,0.00014951794844540777
6,0.2,400,183,tis,0.00027349972996571246
6,0.2,400,183,uniform,0.0026223794309840967
6,0.2,400,184,complete_rollout,4.664942355443056e-05
6,0.2,400,184,tis,0.0006955716010222672
6,0.2,400,184,uniform,0.0034480063289305963
6,0.2,400,185,complete_rollout,0.00011714162745280966
6,0.2,400,185,tis,0.002729572419289505
6,0.2,400,185,uniform,0.0016869385336589196
6,0.2,400,186,complete_rollout,5.9259363491933245e-05
6,0.2,400,186,tis,0.0024619737163758693
6,0.2,400,186,uniform,0.004998172868065371
6,0.2,400,187,complete_rollout,7.28565612255501e-05
6,0.2,400,187,tis,0.0018982906733584796
6,0.2,400,187,uniform,0.0015812785901833245
6,0.2,400,188,complete_rollout,0.00010296547127332729
6,0.2,400,188,tis,0.0005613184697436075
6,0.2,400,188,uniform,0.00430809871894223
6,0.2,400,189,complete_rollout,4.945718206179339e-05
6,0.2,400,189,tis,0.0018157819370458492
6,0.2,400,189,uniform,0.0013851119111095446
6,0.2,400,190,complete_rollout,6.491967505129002e-05
6,0.2,400,190,tis,0.0018659594741794498
6,0.2,400,190,uniform,0.0009417070319290114
6,0.2,400,191,complete_rollout,0.00017880335794100404
6,0.2,400,191,tis,0.0017582630810737845
6,0.2,400,191,uniform,0.0021583062524381308
6,0.2,400,192,complete_rollout,0.00011457379548781179
6,0.2,400,192,tis,0.00012814690191310325
6,0.2,400,192,uniform,0.0010480626120345257
6,0.2,400,193,complete_rollout,0.00014675914618890134
6,0.2,400,193,tis,0.0017838769236368961
6,0.2,400,193,uniform,0.016425223482691324
6,0.2,400,194,complete_rollout,7.926603571580545e-05
6,0.2,400,194,tis,0.0007826866554607965
6,0.2,400,194,uniform,0.000692815279054624
6,0.2,400,195,complete_rollout,9.04943872143078e-05
6,0.2,400,195,tis,0.00010004012211691367
6,0.2,400,195,uniform,0.0024996253751350837
6,0.2,400,196,complete_rollout,3.647723351791649e-05
6,0.2,400,196,tis,0.0010023846248178227
6,0.2,400,196,uniform,0.000541808832877986
6,0.2,400,197,complete_rollout,0.0001462220816867822
6,0.2,400,197,tis,0.0017022155518693237
6,0.2,400,197,uniform,0.003502489481206401
6,0.2,400,198,complete_rollout,0.00021311595898721914
6,0.2,400,198,tis,0.0016312814090538635
6,0.2,400,198,uniform,0.0019941875815909387
6,0.2,400,199,complete_rollout,0.00011299703674949933
6,0.2,400,199,tis,0.0004511789702978127
6,0.2,400,199,uniform,0.000786646404550525
6,0.2,400,200,complete_rollout,8.259349070303826e-05
6,0.2,400,200,tis,0.0016788499759529622
6,0.2,400,200,uniform,0.0010912169454015347
6,0.2,400,201,complete_rollout,0.00026332130739897667
6,0.2,400,201,tis,0.00012337021789034003
6,0.2,400,201,uniform,0.004154552327768353
6,0.2,400,202,complete_rollout,0.00014960630624455678
6,0.2,400,202,tis,0.00614962648198282
6,0.2,400,202,uniform,0.0005770157269429
6,0.2,400,203,complete_rollout,0.0005139354047459631
6,0.2,400,203,tis,9.166391695815077e-05
6,0.2,400,203,uniform,0.0006200845680248117
6,0.2,400,204,complete_rollout,0.00012819241566204944
6,0.2,400,204,tis,0.0009441048167000497
6,0.2,400,204,uniform,0.010126450199579334
6,0.2,400,205,complete_rollout,0.00015861691211425458
6,0.2,400,205,tis,0.0003032123141757948
6,0.2,400,205,uniform,0.00048810302741419064
6,0.2,400,206,complete_rollout,0.00035791977460349745
6,0.2,400,206,tis,0.00031511652613006453
6,0.2,400,206,uniform,0.00232924752204092
6,0.2,400,207,complete_rollout,0.0001432560030312982
6,0.2,400,207,tis,0.00022293849174428228
6,0.2,400,207,uniform,0.00029820625240527227
6,0.2,400,208,complete_rollout,0.00011997472296170515
6,0.2,400,208,tis,0.004180933860012979
6,0.2,400,208,uniform,0.0015431584099077752
6,0.2,400,209,complete_rollout,5.4717331357746104e-05
6,0.2,400,209,tis,0.0021821909210368176
6,0.2,400,209,uniform,0.005214310085281187
6,0.2,400,210,complete_rollout,0.00022836007663667665
6,0.2,400,210,tis,0.0016375225857064163
6,0.2,400,210,uniform,0.0011554204713229218
6,0.2,400,211,complete_rollout,0.0006455571244669964
6,0.2,400,211,tis,0.00010085526536122312
6,0.2,400,211,uniform,0.0007708740586790746
6,0.2,400,212,complete_rollout,8.93639151012318e-05
6,0.2,400,212,tis,0.001427512962728945
6,0.2,400,212,uniform,0.0017355501786172406
6,0.2,400,213,complete_rollout,5.879566942636318e-05
6,0.2,400,213,tis,0.0023391713025803576
6,0.2,400,213,uniform,0.0024474500318913055
6,0.2,400,214,complete_rollout,9.831152960063158e-05
6,0.2,400,214,tis,0.001583643331444589
6,0.2,400,214,uniform,0.0019575469782820813
6,0.2,400,215,complete_rollout,7.814148568484473e-05
6,0.2,400,215,tis,0.0003189041652790034
6,0.2,400,215,uniform,0.007551900475203133
6,0.2,400,216,complete_rollout,5.258423697000001e-05
6,0.2,400,216,tis,0.00017241997167401587
6,0.2,400,216,uniform,0.0008025990875303923
6,0.2,400,217,complete_rollout,8.776252014836625e-05
6,0.2,400,217,tis,7.208291426006652e-05
6,0.2,400,217,uniform,0.0019200625665627856
6,0.2,400,218,complete_rollout,0.00019869930662813783
6,0.2,400,218,tis,0.0015557290225659327
6,0.2,400,218,uniform,0.002802827572210007
6,0.2,400,219,complete_rollout,0.00029571866460593706
6,0.2,400,219,tis,0.00012664112186191727
6,0.2,400,219,uniform,0.0009341745878409545
6,0.2,400,220,complete_rollout,0.00014842619132752967
6,0.2,400,220,tis,0.0021474673803082026
6,0.2,400,220,uniform,0.0011750029502778274
6,0.2,400,221,complete_rollout,0.00011214828795612586
6,0.2,400,221,tis,0.0002454645693087456
6,0.2,400,221,uniform,0.0012981089238325882
6,0.2,400,222,complete_rollout,9.149669857932964e-05
6,0.2,400,222,tis,0.00024239695348526817
6,0.2,400,222,uniform,0.004082423454255139
6,0.2,400,223,complete_rollout,0.00014662133538042937
6,0.2,400,223,tis,0.0017183149197236413
6,0.2,400,223,uniform,0.0016714311109692214
6,0.2,400,224,complete_rollout,0.00010792993252947668
6,0.2,400,224,tis,0.0005224957015125967
6,0.2,400,224,uniform,0.0017020329170894422
6,0.2,400,225,complete_rollout,6.561655043045485e-05
6,0.2,400,225,tis,0.0016253255720866718
6,0.2,400,225,uniform,0.0008611741459324597
6,0.2,400,226,complete_rollout,0.00012497618453428955
6,0.2,400,226,tis,0.0018857915430113455
6,0.2,400,226,uniform,0.00241021736257533
6,0.2,400,227,complete_rollout,0.00010247021470049618
6,0.2,400,227,tis,0.0026038165253889057
6,0.2,400,227,uniform,0.0022477413587316296
6,0.2,400,228,complete_rollout,0.0001024072045332015
6,0.2,400,228,tis,0.00010951972427449328
6,0.2,400,228,uniform,0.0005751874431631107
6,0.2,400,229,complete_rollout,0.00015204577068352864
6,0.2,400,229,tis,0.00012945824313074288
6,0.2,400,229,uniform,0.005068139107444076
6,0.2,400,230,complete_rollout,0.00014052819633701789
6,0.2,400,230,tis,0.00024260815158926618
6,0.2,400,230,uniform,0.0021153537768045607
6,0.2,400,231,complete_rollout,0.00016484822366349294
6,0.2,400,231,tis,0.0019505886335327736
6,0.2,400,231,uniform,0.003757749568016863
6,0.2,400,232,complete_rollout,0.0003208846292031471
6,0.2,400,232,tis,0.00013443522879895645
6,0.2,400,232,uniform,0.001792213946801336
6,0.2,400,233,complete_rollout,0.00011006103521611925
6,0.2,400,233,tis,0.0016009401054879859
6,0.2,400,233,uniform,0.0013132065231475827
6,0.2,400,234,complete_rollout,0.0001371886805140019
6,0.2,400,234,tis,0.00013873305325081363
6,0.2,400,234,uniform,0.0006254469310397233
6,0.2,400,235,complete_rollout,0.0001022550187647987
6,0.2,400,235,tis,0.0017319094902172355
6,0.2,400,235,uniform,0.0016169379271431022
6,0.2,400,236,complete_rollout,7.163050140836993e-05
6,0.2,400,236,tis,0.0007241616388894733
6,0.2,400,236,uniform,0.0034802689790882284
6,0.2,400,237,complete_rollout,0.0005879697452506761
6,0.2,400,237,tis,0.006860848291340726
6,0.2,400,237,uniform,0.0023118260319163423
6,0.2,400,238,complete_rollout,0.00017304657210211015
6,0.2,400,238,tis,0.00010544474351846965
6,0.2,400,238,uniform,0.0005391299581035283
6,0.2,400,239,complete_rollout,0.00011469557672290836
6,0.2,400,239,tis,0.0029753309453590844
6,0.2,400,239,uniform,0.003001898881178416
6,0.2,400,240,complete_rollout,0.00011315147416878873
6,0.2,400,240,tis,0.002809088105640226
6,0.2,400,240,uniform,0.0020024225842237135
6,0.2,400,241,complete_rollout,0.00013830402289242012
6,0.2,400,241,tis,0.0013563884068252146
6,0.2,400,241,uniform,0.005709764953688327
6,0.2,400,242,complete_rollout,8.396899710909674e-05
6,0.2,400,242,tis,0.0004341072722765562
6,0.2,400,242,uniform,0.0006082406524676237
6,0.2,400,243,complete_rollout,0.00010044606969686603
6,0.2,400,243,tis,0.00039140385873495854
6,0.2,400,243,uniform,0.0010236834848490772
6,0.2,400,244,complete_rollout,8.794590018474775e-05
6,0.2,400,244,tis,0.0002867926206467682
6,0.2,400,244,uniform,0.0018977972037840772
6,0.2,400,245,complete_rollout,0.00033338632935621333
6,0.2,400,245,tis,0.0002469547921059336
6,0.2,400,245,uniform,0.00315674628051007
6,0.2,400,246,complete_rollout,0.0005285665460691751
6,0.2,400,246,tis,0.0013074252252233461
6,0.2,400,246,uniform,0.0012343486236703269
6,0.2,400,247,complete_rollout,0.00015139158399503857
6,0.2,400,247,tis,0.0005287497684763447
6,0.2,400,247,uniform,0.004332284537862892
6,0.2,400,248,complete_rollout,7.446878348781524e-05
6,0.2,400,248,tis,0.003333236391547825
6,0.2,400,248,uniform,0.0010349895014106925
6,0.2,400,249,complete_rollout,0.00029546671205671283
6,0.2,400,249,tis,0.0036913790832548868
6,0.2,400,249,uniform,0.0018321851917707584
6,0.2,400,250,complete_rollout,7.903076531060133e-05
6,0.2,400,250,tis,0.0028496978732355702
6,0.2,400,250,uniform,0.0017365291311909352
6,0.2,400,251,complete_rollout,4.771361619504086e-05
6,0.2,400,251,tis,0.00018253260397546413
6,0.2,400,251,uniform,0.002305847747062561
6,0.2,400,252,complete_rollout,0.00012621612710950037
6,0.2,400,252,tis,0.00027912402936447397
6,0.2,400,252,uniform,0.0010819247508493243
6,0.2,400,253,complete_rollout,0.00022786036472460702
6,0.2,400,253,tis,0.002427282891008617
6,0.2,400,253,uniform,0.0017140849756343347
6,0.2,400,254,complete_rollout,0.00019395637361469516
6,0.2,400,254,tis,0.0015946174943556738
6,0.2,400,254,uniform,0.0007019978927600545
6,0.2,400,255,complete_rollout,0.00027079410143819035
6,0.2,400,255,tis,0.000270531382967628
6,0.2,400,255,uniform,0.0006994098146672009
6,0.2,400,256,complete_rollout,0.00016233386404662534
6,0.2,400,256,tis,0.0018692010615011302
6,0.2,400,256,uniform,0.0009737056179881464
6,0.2,400,257,complete_rollout,6.423353977320574e-05
6,0.2,400,257,tis,0.0003785261796453408
6,0.2,400,257,uniform,0.0008091265307153905
6,0.2,400,258,complete_rollout,4.307826432754742e-05
6,0.2,400,258,tis,0.002118894027100745
6,0.2,400,258,uniform,0.007758040178329641
6,0.2,400,259,complete_rollout,0.0002501020926848022
6,0.2,400,259,tis,0.001435704562248339
6,0.2,400,259,uniform,0.001050259649163767
6,0.2,400,260,complete_rollout,0.000319760826767538
6,0.2,400,260,tis,0.00026940651002365707
6,0.2,400,260,uniform,0.0032072807812944444
6,0.2,400,261,complete_rollout,0.00013632578611294703
6,0.2,400,261,tis,0.0016448112340176695
6,0.2,400,261,uniform,0.004878233113377078
6,0.2,400,262,complete_rollout,0.00025606891278118855
6,0.2,400,262,tis,0.0007193239521701998
6,0.2,400,262,uniform,0.001480279117862591
6,0.2,400,263,complete_rollout,0.0002797607519959288
6,0.2,400,263,tis,0.0008217993561103951
6,0.2,400,263,uniform,0.0013392917875463515
6,0.2,400,264,complete_rollout,0.0001004685059245257
6,0.2,400,264,tis,0.0022567016876336482
6,0.2,400,264,uniform,0.000576800501854475
6,0.2,400,265,complete_rollout,0.00018881512758676564
6,0.2,400,265,tis,0.00019850212587756863
6,0.2,400,265,uniform,0.0006079037638658606
6,0.2,400,266,complete_rollout,3.4749994962690696e-05
6,0.2,400,266,tis,0.006212510653943791
6,0.2,400,266,uniform,0.001004217338851937
6,0.2,400,267,complete_rollout,0.00014071927666456371
6,0.2,400,267,tis,0.0014914220294894702
6,0.2,400,267,uniform,0.0008422142341126021
6,0.2,400,268,complete_rollout,7.27416170707761e-05
6,0.2,400,268,tis,0.00015534520010936081
6,0.2,400,268,uniform,0.011260635877585475
6,0.2,400,269,complete_rollout,5.070290566920302e-05
6,0.2,400,269,tis,0.0001884700800669103
6,0.2,400,269,uniform,0.0006356828482888181
6,0.2,400,270,complete_rollout,7.550292440197007e-05
6,0.2,400,270,tis,0.00021333544629808347
6,0.2,400,270,uniform,0.0013949728701405724
6,0.2,400,271,complete_rollout,0.00033500010449850144
6,0.2,400,271,tis,0.00035975197448274635
6,0.2,400,271,uniform,0.0014743065971258079
6,0.2,400,272,complete_rollout,0.00038066369288651563
6,0.2,400,272,tis,0.0014153838426186522
6,0.2,400,272,uniform,0.0004772778776154844
6,0.2,400,273,complete_rollout,0.00011504378137181381
6,0.2,400,273,tis,0.0003061559273992323
6,0.2,400,273,uniform,0.003273796759544055
6,0.2,400,274,complete_rollout,5.210181000806901e-05
6,0.2,400,274,tis,6.637008414667123e-05
6,0.2,400,274,uniform,0.001474010573604756
6,0.2,400,275,complete_rollout,0.00019052233498614835
6,0.2,400,275,tis,0.0016892227585493106
6,0.2,400,275,uniform,0.00828485197720355
6,0.2,400,276,complete_rollout,8.522341573050034e-05
6,0.2,400,276,tis,0.00014813643523308814
6,0.2,400,276,uniform,0.001073206900792884
6,0.2,400,277,complete_rollout,5.331321404393535e-05
6,0.2,400,277,tis,0.0002958391007603737
6,0.2,400,277,uniform,0.0008552706306525005
6,0.2,400,278,complete_rollout,4.944521086486941e-05
6,0.2,400,278,tis,0.010549664015629212
6,0.2,400,278,uniform,0.000933464628969501
6,0.2,400,279,complete_rollout,0.00010880970568816624
6,0.2,400,279,tis,0.00526910350864774
6,0.2,400,279,uniform,0.0007984422659913322
6,0.2,400,280,complete_rollout,0.0008409297474081529
6,0.2,400,280,tis,0.0003869405143296827
6,0.2,400,280,uniform,0.0024174491884627904
6,0.2,400,281,complete_rollout,0.00045590721794994674
6,0.2,400,281,tis,0.00035449825703972747
6,0.2,400,281,uniform,0.000691070308065221
6,0.2,400,282,complete_rollout,0.00010906662581991912
6,0.2,400,282,tis,0.0008558876248122375
6,0.2,400,282,uniform,0.0014098355966734942
6,0.2,400,283,complete_rollout,0.00011063425461428443
6,0.2,400,283,tis,0.002266796392087182
6,0.2,400,283,uniform,0.004246403344462552
6,0.2,400,284,complete_rollout,0.00017613797932320482
6,0.2,400,284,tis,0.0016867654215129944
6,0.2,400,284,uniform,0.0037462229294790437
6,0.2,400,285,complete_rollout,0.00010910834220070271
6,0.2,400,285,tis,0.0017683505092503501
6,0.2,400,285,uniform,0.002991252844410436
6,0.2,400,286,complete_rollout,0.0002223697357379888
6,0.2,400,286,tis,0.0019259545827549017
6,0.2,400,286,uniform,0.0018892595995242116
6,0.2,400,287,complete_rollout,0.00012989278485707557
6,0.2,400,287,tis,0.0020278171689103895
6,0.2,400,287,uniform,0.005440944743621292
6,0.2,400,288,complete_rollout,9.93203924811268e-05
6,0.2,400,288,tis,0.0002201879929459316
6,0.2,400,288,uniform,0.0030850130457537707
6,0.2,400,289,complete_rollout,0.00017930936441591593
6,0.2,400,289,tis,0.0019548221265518312
6,0.2,400,289,uniform,0.0006375115912806909
6,0.2,400,290,complete_rollout,0.0001442081808376983
6,0.2,400,290,tis,0.00016356067803948758
6,0.2,400,290,uniform,0.004448926713632143
6,0.2,400,291,complete_rollout,0.00029846821372514986
6,0.2,400,291,tis,0.0033880614801188092
6,0.2,400,291,uniform,0.0006119623257168987
6,0.2,400,292,complete_rollout,6.926403925602582e-05
6,0.2,400,292,tis,0.0005719931984337293
6,0.2,400,292,uniform,0.0018493143169927898
6,0.2,400,293,complete_rollout,0.00014009419053543325
6,0.2,400,293,tis,0.0015457121273656537
6,0.2,400,293,uniform,0.002024096610703414
6,0.2,400,294,complete_rollout,0.0001358412174527423
6,0.2,400,294,tis,0.00022644643467605808
6,0.2,400,294,uniform,0.0018026244325452174
6,0.2,400,295,complete_rollout,0.00021819564051008098
6,0.2,400,295,tis,0.0012029288068153012
6,0.2,400,295,uniform,0.005244469671810186
6,0.2,400,296,complete_rollout,0.0003047322518286306
6,0.2,400,296,tis,0.0018089891870874664
6,0.2,400,296,uniform,0.003927013648950656
6,0.2,400,297,complete_rollout,0.0005100433155879404
6,0.2,400,297,tis,0.00195247307643338
6,0.2,400,297,uniform,0.0013464400582545969
6,0.2,400,298,complete_rollout,0.000538181142482055
6,0.2,400,298,tis,0.0017262922662015562
6,0.2,400,298,uniform,0.002648436446068146
6,0.2,400,299,complete_rollout,0.00024239057125629662
6,0.2,400,299,tis,0.001154437731400123
6,0.2,400,299,uniform,0.0041552319810564025
