horizon,alpha,budget_per_shared_group,panel_index,method,replications,mse,mse_se,bias,normalized_to_uniform
2,0.1,50,0,complete_rollout,300,2.1083936342883984e-05,1.6914249368503525e-06,0.00025925721070478564,0.024308178621196032
2,0.1,50,0,tis,300,0.0007780617542550316,0.00014727340614895904,0.003366367308141573,0.8970461584198359
2,0.1,50,0,uniform,300,0.0008673597751375497,8.014288357268819e-05,-0.0009742910188436198,1.0
2,0.1,50,1,complete_rollout,300,1.8539741863289644e-05,2.000707686445942e-06,0.0016313300701193485,0.07438939319124382
2,0.1,50,1,tis,300,0.0004697777732326283,4.644215899031152e-05,0.009671430476441716,1.884949841437984
2,0.1,50,1,uniform,300,0.00024922560956542266,2.173420503405417e-05,0.006604727709517091,1.0
2,0.1,50,2,complete_rollout,300,0.00010552010833477235,8.951543731768914e-06,-0.00031443421713103363,0.024170083196129833
2,0.1,50,2,tis,300,0.004688170066386241,0.0008095848275603719,0.0032104443552610777,1.0738565599521892
2,0.1,50,2,uniform,300,0.004365732110995318,0.0005901769328155739,0.0036457106750138082,1.0
2,0.1,50,3,complete_rollout,300,2.0127367362995285e-05,1.5317418788417902e-06,-5.047871329489843e-05,0.03567157939302207
2,0.1,50,3,tis,300,0.000543391822726309,5.3063141647142756e-05,0.0009428236020700871,0.9630491755984872
2,0.1,50,3,uniform,300,0.0005642409925626259,4.7316895428579346e-05,-0.0007127758235923776,1.0
2,0.1,50,4,complete_rollout,300,0.00013557162387082197,1.0616200048988327e-05,-0.0006391040644669203,0.04398061263984615
2,0.1,50,4,tis,300,0.005423214145486565,0.00038496765515905776,0.020943330064204693,1.7593377860756956
2,0.1,50,4,uniform,300,0.0030825315004365116,0.00027146997433663447,0.004811190603827803,1.0
2,0.1,50,5,complete_rollout,300,0.00014738652201289434,1.1731266118553195e-05,0.00033435945160478764,0.05736559243729512
2,0.1,50,5,tis,300,0.0016557580120823369,0.00019200891075459237,0.005562647405110938,0.6444520027929794
2,0.1,50,5,uniform,300,0.002569249540549918,0.00021630328291773272,0.009603949195194627,1.0
2,0.1,50,6,complete_rollout,300,3.1621561045240813e-06,2.441794733765021e-07,0.00011554789396915085,0.037642377158216944
2,0.1,50,6,tis,300,0.0001312489390087195,3.4255394259599885e-05,0.00253500199369404,1.5623903123295055
2,0.1,50,6,uniform,300,8.400521814106034e-05,1.0552429687659323e-05,0.0003927143571351858,1.0
2,0.1,50,7,complete_rollout,300,3.672355223856462e-07,4.0431446045595806e-08,-4.5023510271785525e-05,0.03074334499317051
2,0.1,50,7,tis,300,5.12940991860748e-06,2.2341841251682856e-06,6.104647428032443e-05,0.4294116694232522
2,0.1,50,7,uniform,300,1.1945203830852689e-05,6.50428457199603e-06,-0.00021854731979559079,1.0
2,0.1,50,8,complete_rollout,300,4.8267850501674e-05,4.030350237640102e-06,-0.00022749611435218624,0.0629490951789532
2,0.1,50,8,tis,300,0.00031883813368240705,3.0047877970714402e-05,0.0003602379367308465,0.41581656973014713
2,0.1,50,8,uniform,300,0.0007667759221074901,0.00010096159298585611,-0.0002590793459352773,1.0
2,0.1,50,9,complete_rollout,300,7.589829858252056e-05,6.088156226776522e-06,-0.0002952377416493135,0.02172465312327546
2,0.1,50,9,tis,300,0.0031954549905085835,0.000463157594879816,-0.0025545703064941364,0.9146470017949252
2,0.1,50,9,uniform,300,0.0034936483520284283,0.0003258756933805985,-0.00014474282915429663,1.0
2,0.1,50,10,complete_rollout,300,5.549540397647868e-06,4.4895126369429335e-07,-0.00019620330889798013,0.02348495274081896
2,0.1,50,10,tis,300,0.0002571002522694567,2.8616589470147978e-05,0.0012149608791793686,1.088015734917432
2,0.1,50,10,uniform,300,0.00023630196146838599,2.1943517947452397e-05,0.0011449810622865435,1.0
2,0.1,50,11,complete_rollout,300,7.199118750521593e-06,6.135071202666005e-07,-9.981976015325688e-05,0.03893345954929796
2,0.1,50,11,tis,300,0.0002009823288409743,3.4708744078949755e-05,0.002464909395773728,1.0869298925631472
2,0.1,50,11,uniform,300,0.00018490827257223294,2.5453384537440842e-05,0.0018267142243809098,1.0
2,0.1,50,12,complete_rollout,300,8.383197375106402e-08,2.69027333844351e-08,1.9414418162206163e-05,0.00014980283659499747
2,0.1,50,12,tis,300,0.001541322666025887,0.0004363404484860542,0.01034422336436891,2.7542535043308725
2,0.1,50,12,uniform,300,0.0005596153961871207,0.00021699072535203396,0.004973122191869783,1.0
2,0.1,50,13,complete_rollout,300,1.2174048319413055e-05,1.0137223075896144e-06,3.963394748005444e-05,0.0134932984653847
2,0.1,50,13,tis,300,0.001232166507529643,0.00022067525037368282,-0.004452140722540508,1.3656911824997375
2,0.1,50,13,uniform,300,0.000902229232581195,0.00013615096154612742,-0.004339903700057774,1.0
2,0.1,50,14,complete_rollout,300,7.95540570142968e-07,1.1293767228719105e-07,-9.733143523100877e-05,0.03738699094258637
2,0.1,50,14,tis,300,3.882917634305832e-05,3.8609110053903635e-05,3.404609614676331e-05,1.824804565259471
2,0.1,50,14,uniform,300,2.1278539676130826e-05,2.108774886468293e-05,0.0001277397898404568,1.0
2,0.1,50,15,complete_rollout,300,0.00012039218973795042,1.5064672677513025e-05,0.003671213399021977,0.014621629104130928
2,0.1,50,15,tis,300,0.018159774322509207,0.000978576997409656,0.09566706638062956,2.205504238575622
2,0.1,50,15,uniform,300,0.008233842404328052,0.000936160399374939,0.04179256626837484,1.0
2,0.1,50,16,complete_rollout,300,0.00013881580458613074,1.1181148244290111e-05,0.0007497404132173147,0.052269264168621064
2,0.1,50,16,tis,300,0.0012019835775353219,0.00023320930691366555,0.011521163704540992,0.4525910960056133
2,0.1,50,16,uniform,300,0.0026557826438556673,0.00018695614510119352,0.014460112411589426,1.0
2,0.1,50,17,complete_rollout,300,1.774806103138619e-07,2.4728957182076898e-08,-1.1355274102685294e-05,0.03229676029497084
2,0.1,50,17,tis,300,8.311851259589977e-06,4.288767535519069e-06,-5.437243652086569e-05,1.5125363117903496
2,0.1,50,17,uniform,300,5.495306919112214e-06,2.3849267604918423e-06,-4.8611277358851326e-05,1.0
2,0.1,50,18,complete_rollout,300,3.285298737346362e-05,5.257548026535325e-06,0.0028045681508185485,0.01111137203147843
2,0.1,50,18,tis,300,0.003991071192922256,0.0006313936838985154,0.029745531003684943,1.3498400107289934
2,0.1,50,18,uniform,300,0.0029566994319325606,0.0003469555264020836,0.0305531029493535,1.0
2,0.1,50,19,complete_rollout,300,3.2580441893896314e-06,2.8443845471732544e-07,-3.226608942098845e-05,0.0329123584873446
2,0.1,50,19,tis,300,0.00011478135955394003,4.762943482012726e-05,0.0005616951612330205,1.1595070642709107
2,0.1,50,19,uniform,300,9.8991513799973e-05,3.9355721765792456e-05,0.0006203435971888721,1.0
2,0.1,50,20,complete_rollout,300,8.27210034812772e-05,7.0701090313972565e-06,0.002169832999919859,0.00377165163927811
2,0.1,50,20,tis,300,0.007913989498167674,0.004626712040999275,0.016119342239097282,0.36083715390069865
2,0.1,50,20,uniform,300,0.02193230218289988,0.005201030646803915,0.046517890793977654,1.0
2,0.1,50,21,complete_rollout,300,0.0002091507652234283,1.7218849176040242e-05,0.0003252582473188544,0.02336380644070877
2,0.1,50,21,tis,300,0.0066739185417366365,0.0005578835905029773,-0.003322922072497935,0.7455298614070076
2,0.1,50,21,uniform,300,0.008951913112026427,0.0005600546569156247,-0.004669162591101736,1.0
2,0.1,50,22,complete_rollout,300,5.806627060333174e-06,5.255726354350686e-07,-9.940709996993628e-05,0.03580653421041023
2,0.1,50,22,tis,300,0.0006213789277421588,0.0003166837454374607,0.000877058013278181,3.831729780929138
2,0.1,50,22,uniform,300,0.00016216668796291883,2.5955539441348387e-05,0.0017522160176533866,1.0
2,0.1,50,23,complete_rollout,300,1.6862364496969167e-06,1.3614255152207928e-07,-2.3340630995772143e-05,0.027416533845133685
2,0.1,50,23,tis,300,6.130607758406547e-05,3.8084681523152674e-05,0.0006138730522624487,0.9967760756790833
2,0.1,50,23,uniform,300,6.150436299577002e-05,2.5886254699755003e-05,0.00016404317038819265,1.0
2,0.1,50,24,complete_rollout,300,0.00013834026581179955,1.1662950603947217e-05,0.00020156886357686755,0.04500981800574044
2,0.1,50,24,tis,300,0.001993655489474532,0.00025179093761329647,0.01334583413208094,0.6486475229812687
2,0.1,50,24,uniform,300,0.003073557546803588,0.0002531827667775144,0.006650700324708376,1.0
2,0.1,50,25,complete_rollout,300,8.013130521710943e-07,7.026855724893826e-08,0.00010445024373453885,0.09999809914218453
2,0.1,50,25,tis,300,8.889846602863948e-06,2.6799963621187666e-06,-0.00024753893484349347,1.109388845649542
2,0.1,50,25,uniform,300,8.013282842824136e-06,1.992402015231468e-06,-0.0002990727517889143,1.0
2,0.1,50,26,complete_rollout,300,1.9595892292482548e-05,1.530308088465812e-06,-0.00044107934670659804,0.02656972790834899
2,0.1,50,26,tis,300,0.0010553026629609894,0.00022753625261735382,-0.00017775055650854613,1.4308664386048946
2,0.1,50,26,uniform,300,0.000737527021732313,0.00013339526190396956,8.486285923591094e-05,1.0
2,0.1,50,27,complete_rollout,300,0.00016804668910548517,1.3505163956261565e-05,-0.00022611754389398737,0.03506494913778652
2,0.1,50,27,tis,300,0.002857070350138255,0.00033811421191000987,0.008750543093300926,0.5961618586117434
2,0.1,50,27,uniform,300,0.004792440691847332,0.0005201188156807752,0.0030700501402735852,1.0
2,0.1,50,28,complete_rollout,300,0.00010086520269224488,7.583222883581809e-06,0.00010672684334972296,0.04813249614272023
2,0.1,50,28,tis,300,0.000767337973689505,0.0001724902262805077,0.004843563413424586,0.3661708009596113
2,0.1,50,28,uniform,300,0.0020955739007003523,0.00018938065147579958,0.01788104511766805,1.0
2,0.1,50,29,complete_rollout,300,3.3801860871457886e-06,2.154455281633004e-06,0.00022543752543755264,0.0005415345088217291
2,0.1,50,29,tis,300,0.0055863158901638624,0.0010484807148640524,0.028722988488363105,0.8949752332296463
2,0.1,50,29,uniform,300,0.0062418664592592595,0.0009331920227475808,0.03774029629629628,1.0
2,0.1,50,30,complete_rollout,300,2.9261625982523855e-18,2.3878647466296505e-26,1.7106029925884059e-09,4.605699171812875e-14
2,0.1,50,30,tis,300,0.00014639379229516015,6.912443168864072e-05,0.0018530980501855953,2.304197888166058
2,0.1,50,30,uniform,300,6.353351552269538e-05,2.6547608160714126e-05,0.0012894831920842516,1.0
2,0.1,50,31,complete_rollout,300,0.00040513862100109905,3.4672306715485776e-05,0.004331521694106024,0.02696481263526832
2,0.1,50,31,tis,300,0.004185179856917609,0.001059677340713515,0.02920883598904406,0.2785530305845027
2,0.1,50,31,uniform,300,0.015024714856397801,0.001882196801817389,0.052535682866267176,1.0
2,0.1,50,32,complete_rollout,300,0.00036678506189519313,2.9734945579380685e-05,0.0016593865077438078,0.04486437196497543
2,0.1,50,32,tis,300,0.003825426873438041,0.0006221576626459708,0.008041633865836758,0.4679181133711991
2,0.1,50,32,uniform,300,0.008175419510642736,0.0006648021074023737,0.017824733679091,1.0
2,0.1,50,33,complete_rollout,300,0.00014810003260791062,1.108581205741926e-05,0.00032518536567357185,0.022088024193280778
2,0.1,50,33,tis,300,0.008370932584826275,0.0008829802761445156,0.015083184612741999,1.2484626653896433
2,0.1,50,33,uniform,300,0.006704992321267148,0.0005352465439262333,0.0009085944010827296,1.0
2,0.1,50,34,complete_rollout,300,1.3189900803500137e-05,1.1694538405545743e-06,0.0004024182262371353,0.06100628337637787
2,0.1,50,34,tis,300,0.00022713912796849432,0.00010813337423571143,0.0006235483898877426,1.0505699939026214
2,0.1,50,34,uniform,300,0.0002162056115125901,3.22316388995165e-05,0.0016349147667335247,1.0
2,0.1,50,35,complete_rollout,300,4.981909448979284e-07,4.6984837391543135e-08,2.5027935699266647e-05,0.2464242964234942
2,0.1,50,35,tis,300,0.0003563115138847128,0.0002474851043156996,0.0017087827931571709,176.24530316306746
2,0.1,50,35,uniform,300,2.0216794858643277e-06,5.835093002326179e-07,0.0002499135685848745,1.0
2,0.1,50,36,complete_rollout,300,1.5618253933351853e-13,8.183115703398182e-22,3.9519936656517984e-07,2.6680032421933788e-08
2,0.1,50,36,tis,300,7.147590514090897e-06,3.813917374131772e-06,0.000346200464090527,1.2209940206403445
2,0.1,50,36,uniform,300,5.853911152113896e-06,2.525344514941585e-06,0.000379284088255231,1.0
2,0.1,50,37,complete_rollout,300,2.017572991032521e-05,1.6423143224930625e-06,-0.0006189604454394981,0.026198183553286968
2,0.1,50,37,tis,300,0.0007567542901817039,0.00015043082108914772,0.006941003774153912,0.9826453807141642
2,0.1,50,37,uniform,300,0.0007701194195119628,6.898111791832252e-05,0.0008005698760908203,1.0
2,0.1,50,38,complete_rollout,300,4.526979746791404e-06,3.5755849605373924e-07,7.124799612212203e-05,0.06197483273380123
2,0.1,50,38,tis,300,8.36003973881137e-05,1.2775600484295325e-05,-6.124985203358358e-05,1.1444983044777022
2,0.1,50,38,uniform,300,7.304545324448093e-05,8.710663534951112e-06,-0.00017809184921754428,1.0
2,0.1,50,39,complete_rollout,300,1.0328014428995608e-05,8.239267982801815e-07,-6.72063760623931e-05,0.019752911131493522
2,0.1,50,39,tis,300,0.0005749236546481296,7.952076019794384e-05,0.0013900379653741996,1.0995739728805143
2,0.1,50,39,uniform,300,0.0005228603703141707,7.59673799070007e-05,0.0010883011534453036,1.0
2,0.1,50,40,complete_rollout,300,8.395263907883474e-06,6.110063866987331e-07,-2.551053176634473e-06,0.027615821416320723
2,0.1,50,40,tis,300,0.00040694263673258737,5.1015952419224954e-05,-0.0006968728819327447,1.3386184527374831
2,0.1,50,40,uniform,300,0.0003040019625460766,2.427451365286496e-05,-0.00014403823266383712,1.0
2,0.1,50,41,complete_rollout,300,2.6777972326062995e-07,3.2705603475556594e-08,-1.9259311666410077e-05,0.048058532899812205
2,0.1,50,41,tis,300,5.6019223404382394e-06,4.549822104777072e-06,0.00023590443538884805,1.0053792192402566
2,0.1,50,41,uniform,300,5.571949601933777e-06,3.310761078282165e-06,0.0001719405255330453,1.0
2,0.1,50,42,complete_rollout,300,6.081073955144196e-05,4.740884136318048e-06,0.0005582121033948881,0.027766920420632075
2,0.1,50,42,tis,300,0.0013368651490273135,0.0001542845075170071,-0.0007613779653718597,0.6104288235921913
2,0.1,50,42,uniform,300,0.0021900426345536263,0.00016864091317274566,0.000347162856345799,1.0
2,0.1,50,43,complete_rollout,300,1.0575485335583185e-08,4.2244623695862245e-09,-5.557427332238592e-06,106.47508058892738
2,0.1,50,43,tis,300,1.2537869643320744e-10,2.36407273979949e-11,9.04190618612466e-06,1.2623256884431446
2,0.1,50,43,uniform,300,9.932357202350835e-11,5.278487457224248e-12,9.286691511991575e-06,1.0
2,0.1,50,44,complete_rollout,300,6.9795159843484e-05,6.169434193357612e-06,0.0011644080344478858,0.0684061841250171
2,0.1,50,44,tis,300,0.0012374474663367297,0.00021750373878339922,0.0011519808021421367,1.2128213391457543
2,0.1,50,44,uniform,300,0.0010203048267672472,9.328203963281151e-05,0.0014861784862184042,1.0
2,0.1,50,45,complete_rollout,300,0.0004725841649758191,3.478190553315814e-05,0.0011005413759557058,0.027387221350823224
2,0.1,50,45,tis,300,0.002203791399313171,0.0003153815766742675,0.00966909949989324,0.1277142302622825
2,0.1,50,45,uniform,300,0.017255644846994083,0.00165506571137222,0.016558323223737383,1.0
2,0.1,50,46,complete_rollout,300,3.936812184026583e-07,4.1668707638119567e-08,-5.05321281622384e-05,0.35257878917979263
2,0.1,50,46,tis,300,2.164940762678546e-06,2.8949257573760344e-07,1.42242618776565e-05,1.938909343575696
2,0.1,50,46,uniform,300,1.116576579432026e-06,2.0897402907474312e-07,0.0001151007574705748,1.0
2,0.1,50,47,complete_rollout,300,2.4876969804479724e-06,1.9771444220666403e-07,7.091889388714411e-05,0.022464694620463715
2,0.1,50,47,tis,300,0.00015951362285372873,2.3209137540568508e-05,-0.0016254429355985786,1.4404587268372018
2,0.1,50,47,uniform,300,0.00011073807244999717,1.583166298789549e-05,-0.0010763607153925702,1.0
2,0.1,50,48,complete_rollout,300,4.974180322804696e-06,3.880335731125984e-07,8.808950760217778e-05,0.04309307071842431
2,0.1,50,48,tis,300,0.0001338953020157081,3.0355513822312263e-05,0.0020882847460875274,1.1599820159664607
2,0.1,50,48,uniform,300,0.00011542877404366545,9.783439408050486e-06,0.002187194920707545,1.0
2,0.1,50,49,complete_rollout,300,6.09933227711497e-06,4.6397163753446117e-07,0.00018865230504884644,0.018402118254314394
2,0.1,50,49,tis,300,0.00037395891857361824,3.9970118348845466e-05,-0.0010328287318140993,1.1282605913548156
2,0.1,50,49,uniform,300,0.0003314472927965766,4.345636824587468e-05,-0.00162687394647781,1.0
2,0.1,100,0,complete_rollout,300,1.2872701652695922e-05,1.0659518239280191e-06,0.0003339824854300148,0.030656526096541382
2,0.1,100,0,tis,300,0.0005429042278446173,0.00018288463400751686,-0.0015000545749438018,1.2929343099749002
2,0.1,100,0,uniform,300,0.00041990085935236473,2.981091911522464e-05,-0.00023836509291768503,1.0
2,0.1,100,1,complete_rollout,300,7.944296292316042e-06,7.689296209496206e-07,0.0012004387392280898,0.07153276420748289
2,0.1,100,1,tis,300,0.00029582294215276824,3.653031246154564e-05,0.0072112278041076795,2.663676175905649
2,0.1,100,1,uniform,300,0.0001110581476940186,9.552379874385225e-06,0.0040877832650726385,1.0
2,0.1,100,2,complete_rollout,300,4.510040567309573e-05,3.440303771789464e-06,0.0007125906098938413,0.021538427956268338
2,0.1,100,2,tis,300,0.0014935306191136703,0.0001903993274388753,-0.0015096562519285313,0.7132596960086851
2,0.1,100,2,uniform,300,0.002093950671082758,0.0001961214373000508,-0.0020189189546158254,1.0
2,0.1,100,3,complete_rollout,300,1.1362455650339773e-05,9.784031185405941e-07,6.966780685145743e-05,0.042368545073213984
2,0.1,100,3,tis,300,0.0004796736221139914,0.00012718009441651094,-0.0003124205442111701,1.7886163083383066
2,0.1,100,3,uniform,300,0.00026818139803255325,2.3396299902857872e-05,-0.00011977582359237923,1.0
2,0.1,100,4,complete_rollout,300,5.8668071374872926e-05,4.951445909687528e-06,0.00042833590297302677,0.036850591462183176
2,0.1,100,4,tis,300,0.0025281607858079996,0.00031071619695368394,0.009255864787874404,1.5879884592290192
2,0.1,100,4,uniform,300,0.001592052367329824,0.0001223298968813685,0.006729227640864837,1.0
2,0.1,100,5,complete_rollout,300,6.12448696714501e-05,5.098067344481819e-06,-0.0007013344840891603,0.047017165107487276
2,0.1,100,5,tis,300,0.0007932656852209717,8.060693114614292e-05,0.001669597346685258,0.6089833139693147
2,0.1,100,5,uniform,300,0.001302606601896062,0.00010716145404479178,0.003536152898898335,1.0
2,0.1,100,6,complete_rollout,300,1.4782861267588132e-06,1.1485507427942167e-07,8.933706775816545e-05,0.029394292697521994
2,0.1,100,6,tis,300,0.00012541274131240053,3.4115621583987834e-05,0.001956298632746276,2.4937113048729573
2,0.1,100,6,uniform,300,5.0291603950838935e-05,7.060212366935402e-06,-0.0004149152724944501,1.0
2,0.1,100,7,complete_rollout,300,1.7198359852943168e-07,1.8845535394723292e-08,1.130534605712663e-05,0.06164873535733063
2,0.1,100,7,tis,300,4.699664471895921e-06,1.4903466583878375e-06,-0.00010531250195032649,1.6846279166939235
2,0.1,100,7,uniform,300,2.7897344127592258e-06,1.0822107295087232e-06,-0.00010526954201781625,1.0
2,0.1,100,8,complete_rollout,300,1.9856048474854347e-05,1.6468863328222587e-06,0.0002769401900841221,0.06899490349481643
2,0.1,100,8,tis,300,0.00018680142856237445,2.4560154344945647e-05,-0.0003198052577600881,0.649089195802309
2,0.1,100,8,uniform,300,0.00028779007534007387,3.3960795169858303e-05,0.0011477539873980603,1.0
2,0.1,100,9,complete_rollout,300,3.7175855734107824e-05,3.2786199574000207e-06,2.6373979962404833e-05,0.019820946442605326
2,0.1,100,9,tis,300,0.0011309823207969066,0.0001517386426029925,0.0012060058952994375,0.6030026630290006
2,0.1,100,9,uniform,300,0.0018755842886592914,0.00017789411209950955,-6.950208841355554e-05,1.0
2,0.1,100,10,complete_rollout,300,2.994362335187049e-06,2.1646886706720206e-07,0.00014738643469178525,0.019403414046803534
2,0.1,100,10,tis,300,0.00011271322611343962,1.550781272298792e-05,0.0006522430109538883,0.7303796768781626
2,0.1,100,10,uniform,300,0.00015432141621903554,1.678172010383677e-05,-6.696338215789225e-05,1.0
2,0.1,100,11,complete_rollout,300,3.7259248871967657e-06,3.1676535923912555e-07,-9.58776992126468e-06,0.02901787190858123
2,0.1,100,11,tis,300,0.00022506126767317974,8.817594281275076e-05,0.00021602362466692688,1.7527994349442593
2,0.1,100,11,uniform,300,0.00012840103846812167,1.5256837782880719e-05,-0.00031511910895242005,1.0
2,0.1,100,12,complete_rollout,300,5.7724543539585e-08,1.0378010026101858e-08,4.888992364948664e-07,0.0006933522222932813
2,0.1,100,12,tis,300,0.00022667229344208595,9.60171718156267e-05,0.002926129470422426,2.722650171891077
2,0.1,100,12,uniform,300,8.32542850279754e-05,4.4735618837923374e-05,0.0015410295992771884,1.0
2,0.1,100,13,complete_rollout,300,6.293157174637213e-06,5.727213410882769e-07,-0.0002686281607820747,0.01807882768270141
2,0.1,100,13,tis,300,0.00040424361472232717,8.647288332388922e-05,0.000190277774198024,1.161301148150427
2,0.1,100,13,uniform,300,0.0003480954232811662,8.080163104459626e-05,0.0004536703740162977,1.0
2,0.1,100,14,complete_rollout,300,3.158920359665521e-07,3.065777990109657e-08,2.9896891997363745e-05,0.014965246019713177
2,0.1,100,14,tis,300,2.4833980190516583e-05,1.4134569805299356e-05,-0.0001280658571323275,1.176498869503363
2,0.1,100,14,uniform,300,2.110837573605131e-05,1.0386181624587317e-05,-0.00015188983978917288,1.0
2,0.1,100,15,complete_rollout,300,6.021649959830562e-05,8.363184776021069e-06,0.0026043025321110663,0.01508533175855395
2,0.1,100,15,tis,300,0.01193703817072942,0.000797700002799289,0.06629441805795627,2.990445844929887
2,0.1,100,15,uniform,300,0.003991725244236714,0.00042583865721131006,0.02952014034244891,1.0
2,0.1,100,16,complete_rollout,300,5.726611066837925e-05,4.779217058490464e-06,0.0005762361397130908,0.041068599658299655
2,0.1,100,16,tis,300,0.0006213886273768942,7.917615279704402e-05,0.004786197254496279,0.44563111536843375
2,0.1,100,16,uniform,300,0.0013944013466455315,0.00011344151047172045,0.003723223522700546,1.0
2,0.1,100,17,complete_rollout,300,7.370225061863385e-08,7.646105284006e-09,1.766385491645539e-05,0.008033118689931866
2,0.1,100,17,tis,300,1.366356456022895e-05,7.656526235628514e-06,-0.0003193929062687495,1.489249445146732
2,0.1,100,17,uniform,300,9.174799161253146e-06,4.892424169298827e-06,-0.00024053720328477636,1.0
2,0.1,100,18,complete_rollout,300,1.1595731721174437e-05,2.743616256780452e-06,0.0013851542314045838,0.007211014699991372
2,0.1,100,18,tis,300,0.002141000009002127,0.0005279664003030328,0.017274322713273237,1.3314194316348265
2,0.1,100,18,uniform,300,0.0016080582558219319,0.00020380888665045196,0.022219769616020145,1.0
2,0.1,100,19,complete_rollout,300,2.008604022383815e-06,1.7196813285469412e-07,-4.997062151969045e-06,0.03050929730349812
2,0.1,100,19,tis,300,8.354232672383503e-05,2.11743231877794e-05,-0.00037871339544212846,1.2689498054566861
2,0.1,100,19,uniform,300,6.58358008839985e-05,1.4098944435598786e-05,-0.0002462119583666829,1.0
2,0.1,100,20,complete_rollout,300,3.595858272380892e-05,2.915395628151345e-06,0.0009198126498995285,0.018452751729666247
2,0.1,100,20,tis,300,0.0001983303974870533,5.605486934087074e-05,0.001613610570057559,0.10177658038928844
2,0.1,100,20,uniform,300,0.0019486840364301209,0.00030667096736383925,0.014664557460644306,1.0
2,0.1,100,21,complete_rollout,300,0.00011680741841325281,8.748973563605467e-06,0.0006029546250151847,0.02468256605722965
2,0.1,100,21,tis,300,0.002069640140558857,0.00027729687712805683,0.0044581798205133435,0.4373354892863733
2,0.1,100,21,uniform,300,0.004732385528409811,0.00034863127496355216,0.002415448520009383,1.0
2,0.1,100,22,complete_rollout,300,3.209178540811613e-06,2.644396855152067e-07,-5.11368516996887e-05,0.04515370623724604
2,0.1,100,22,tis,300,0.0006015061863952945,0.0002587311205432319,-0.000993575935325253,8.463297786327077
2,0.1,100,22,uniform,300,7.107231738519952e-05,9.02555731977416e-06,0.0004658456472830197,1.0
2,0.1,100,23,complete_rollout,300,8.812960162973774e-07,1.0632132472265238e-07,1.3981306326135516e-05,0.01608974176652254
2,0.1,100,23,tis,300,6.141762716399779e-05,1.7298500242313423e-05,-0.0003504653079409992,1.1212960715890001
2,0.1,100,23,uniform,300,5.477378251844069e-05,1.2798306352314066e-05,-0.0005572346073895865,1.0
2,0.1,100,24,complete_rollout,300,7.945480940900423e-05,6.261288231173451e-06,-0.00022553736352934784,0.055774265903651865
2,0.1,100,24,tis,300,0.0007747251080558322,0.00011088507895160698,0.011503646779180603,0.5438276738732528
2,0.1,100,24,uniform,300,0.0014245783090405832,0.00011712734888750156,0.004662144769152835,1.0
2,0.1,100,25,complete_rollout,300,4.3007237001096347e-07,3.837147837037591e-08,-4.540730612318707e-05,0.24164834684427905
2,0.1,100,25,tis,300,2.045406714882184e-06,4.93769704384586e-07,3.5640175673327486e-05,1.1492697177055746
2,0.1,100,25,uniform,300,1.7797447225579697e-06,3.718116675847545e-07,6.211243339624788e-05,1.0
2,0.1,100,26,complete_rollout,300,8.660127725058588e-06,7.445839305960871e-07,4.8094442467313166e-05,0.01866362606796349
2,0.1,100,26,tis,300,0.0005784061243870113,0.00010582881291335491,-0.0006710434078150944,1.2465353818908167
2,0.1,100,26,uniform,300,0.0004640109962299277,7.312207928560984e-05,-0.0006316556592825987,1.0
2,0.1,100,27,complete_rollout,300,8.610744955674045e-05,6.8965635283767755e-06,0.0004906508728744859,0.03464438370864519
2,0.1,100,27,tis,300,0.0013037270274388942,0.00021414510791901468,0.004978152408968583,0.5245402067118689
2,0.1,100,27,uniform,300,0.0024854663393897554,0.0002470585687057661,0.0020829760661995184,1.0
2,0.1,100,28,complete_rollout,300,5.7233324631393475e-05,4.648593392718584e-06,0.0001488106854335769,0.041478325383185875
2,0.1,100,28,tis,300,0.0002443636548084336,6.079530919958261e-05,0.002095687618263004,0.17709604065896012
2,0.1,100,28,uniform,300,0.0013798369172973947,0.0001277426092298809,0.01376437845100139,1.0
2,0.1,100,29,complete_rollout,300,1.2721868643724836e-08,1.2700647830546357e-08,6.512006512034244e-06,4.057506697846944e-06
2,0.1,100,29,tis,300,0.0019457427800182447,0.0006068003834413092,0.011042158564814815,0.6205742712259151
2,0.1,100,29,uniform,300,0.0031353906699588463,0.000582418335230153,0.024131777777777773,1.0
2,0.1,100,30,complete_rollout,300,2.9261618385921277e-18,1.3678213688433652e-26,1.710602770543801e-09,5.533002673292669e-13
2,0.1,100,30,tis,300,1.6980454239784516e-05,9.901724461572166e-06,0.0004574091180101769,3.2107895559069752
2,0.1,100,30,uniform,300,5.288560319546674e-06,4.332964435333745e-06,0.00018963134023240125,1.0
2,0.1,100,31,complete_rollout,300,0.00020033402564121038,1.6691990585672452e-05,0.001424724787309148,0.027201790710361134
2,0.1,100,31,tis,300,0.0012284110639998382,0.0002686678365858209,0.020052339938226485,0.16679633208719336
2,0.1,100,31,uniform,300,0.007364736673931667,0.0008126096624583597,0.037484090273674595,1.0
2,0.1,100,32,complete_rollout,300,0.00015137055401210888,1.3197058075489593e-05,-0.001674272425915144,0.03474509846572562
2,0.1,100,32,tis,300,0.001446762217198364,0.00029321462711863933,0.0039688176013120404,0.3320850347751749
2,0.1,100,32,uniform,300,0.004356601670345781,0.0003523452429173033,0.0057035299753872915,1.0
2,0.1,100,33,complete_rollout,300,8.655535554751915e-05,7.181399049743988e-06,-0.0002141715736833442,0.026499830202826317
2,0.1,100,33,tis,300,0.007707893752537164,0.0010449673528178645,0.0011524743711492239,2.3598525402801034
2,0.1,100,33,uniform,300,0.0032662607603533875,0.00027351176498116006,-0.0008686278211394912,1.0
2,0.1,100,34,complete_rollout,300,5.845478966125393e-06,5.181252181973186e-07,-3.864811482927277e-05,0.04161728890585062
2,0.1,100,34,tis,300,7.883568486120995e-05,2.0593261247496242e-05,0.00043867199707362897,0.5612760719818811
2,0.1,100,34,uniform,300,0.00014045794716108063,1.9646560327850062e-05,0.0004516555074742619,1.0
2,0.1,100,35,complete_rollout,300,2.4061677720450213e-07,1.9239177387443946e-08,3.2598143269530295e-05,0.15268701739707802
2,0.1,100,35,tis,300,0.0001627460498635473,0.0001593684880449478,0.0008420351225786075,103.27296889070055
2,0.1,100,35,uniform,300,1.575882359262765e-06,2.988656713749473e-07,1.2265420436727107e-05,1.0
2,0.1,100,36,complete_rollout,300,1.5618253915801661e-13,0.0,3.9519936634313524e-07,1.0
2,0.1,100,36,tis,300,1.5618253915801661e-13,0.0,3.9519936634313524e-07,1.0
2,0.1,100,36,uniform,300,1.5618253915801661e-13,0.0,3.9519936634313524e-07,1.0
2,0.1,100,37,complete_rollout,300,8.044542665549703e-06,5.956957292863464e-07,-0.00025554978202883014,0.021129601624618827
2,0.1,100,37,tis,300,0.00019489127258757273,6.164360463802196e-05,0.0029057753576624454,0.5118967132246561
2,0.1,100,37,uniform,300,0.00038072382094401293,3.4306351594905046e-05,0.0016231995057204482,1.0
2,0.1,100,38,complete_rollout,300,1.7927869975490493e-06,1.3604747694929373e-07,3.380395867808139e-05,0.06173656419657261
2,0.1,100,38,tis,300,3.149284702528789e-05,3.6453073298440635e-06,-7.237410613901337e-06,1.084490335308968
2,0.1,100,38,uniform,300,2.903930629894979e-05,2.887597757737482e-06,-8.748073810643316e-05,1.0
2,0.1,100,39,complete_rollout,300,7.011915726091155e-06,5.662045881725657e-07,6.519085633483764e-05,0.028846295833950594
2,0.1,100,39,tis,300,0.0003652075809977069,0.00010388213404882662,-6.059588388605523e-05,1.5024262033072204
2,0.1,100,39,uniform,300,0.00024307854867932453,1.8723270357576103e-05,0.0007501344867786394,1.0
2,0.1,100,40,complete_rollout,300,4.843381372635011e-06,3.4252725522666287e-07,3.9776989151377546e-05,0.028548821973016152
2,0.1,100,40,tis,300,0.0002270106636845899,2.621477811610552e-05,0.0008722976485352654,1.3380914127729973
2,0.1,100,40,uniform,300,0.00016965258241523557,1.3684307073777616e-05,-0.0008981678622934669,1.0
2,0.1,100,41,complete_rollout,300,1.10759944080911e-07,1.0598936060396755e-08,4.541305300611957e-05,0.02281460922449766
2,0.1,100,41,tis,300,7.512512704603701e-06,2.4955007118531733e-06,-4.89361940907466e-05,1.5474460832555317
2,0.1,100,41,uniform,300,4.854781556459017e-06,1.5720825714056216e-06,3.7292377384897286e-05,1.0
2,0.1,100,42,complete_rollout,300,3.135802198961213e-05,2.4241744913340274e-06,2.0401765584566374e-05,0.023841905424375046
2,0.1,100,42,tis,300,0.0006159872335475291,8.29960881251885e-05,-0.000553225838060441,0.4683429767900443
2,0.1,100,42,uniform,300,0.0013152481494852714,0.00011017840143413908,0.0009417739674569084,1.0
2,0.1,100,43,complete_rollout,300,2.378234471749559e-09,9.528440817169928e-10,2.2162804414664153e-06,26.10772897838191
2,0.1,100,43,tis,300,9.139670145672715e-11,2.0825083053770808e-13,9.35049042310639e-06,1.00333265684898
2,0.1,100,43,uniform,300,9.109311934863497e-11,6.757771718700994e-13,9.286691511991575e-06,1.0
2,0.1,100,44,complete_rollout,300,3.280163889363679e-05,2.6917443947735955e-06,-0.0007938744238345379,0.06504748936291631
2,0.1,100,44,tis,300,0.0006231793206195693,0.00010838984740052658,0.0007149216665475344,1.2357995391826135
2,0.1,100,44,uniform,300,0.0005042721742975843,3.9263008928527866e-05,0.0018523451528850705,1.0
2,0.1,100,45,complete_rollout,300,0.00024317110008740322,2.1067843416067225e-05,0.0005022100776243773,0.026791148264305648
2,0.1,100,45,tis,300,0.0006309481371058831,8.952775519113598e-05,0.0022493188727898844,0.06951412023145596
2,0.1,100,45,uniform,300,0.009076546390935572,0.0006750152656698946,0.0018190824829966553,1.0
2,0.1,100,46,complete_rollout,300,2.1412811617989563e-07,1.9363807124751517e-08,2.4186247885127355e-06,0.0823655414226093
2,0.1,100,46,tis,300,1.3682188043421049e-06,2.2534502423852037e-07,-6.60954011015628e-05,0.5262927849678313
2,0.1,100,46,uniform,300,2.59972935867957e-06,1.430487818716896e-06,1.963779450761501e-05,1.0
2,0.1,100,47,complete_rollout,300,1.1516117837382987e-06,8.618833007894883e-08,1.6747139715433217e-05,0.022840808020914077
2,0.1,100,47,tis,300,5.90479998624492e-05,9.024770881072027e-06,-0.0004411463199112742,1.1711446929616112
2,0.1,100,47,uniform,300,5.041904746468824e-05,6.548355650840037e-06,-0.0005690273820592543,1.0
2,0.1,100,48,complete_rollout,300,2.8885239810060233e-06,2.3834231735400552e-07,-6.148314197040576e-05,0.04948651559853234
2,0.1,100,48,tis,300,7.39164080131552e-05,2.450420272672018e-05,0.0008236119079191477,1.2663441613029345
2,0.1,100,48,uniform,300,5.836992049389088e-05,4.236295299907979e-06,-0.00021387915336652704,1.0
2,0.1,100,49,complete_rollout,300,3.47318622743431e-06,2.859848952246055e-07,-6.161224521578449e-05,0.021132373583595664
2,0.1,100,49,tis,300,0.00021009716170031288,3.003628255925306e-05,-0.0009001516278615592,1.2783223873324805
2,0.1,100,49,uniform,300,0.0001643538154242373,1.9134378582647402e-05,-0.0006229480205518582,1.0
2,0.1,200,0,complete_rollout,300,5.094954255695978e-06,4.07135866255254e-07,4.877695022453684e-05,0.018032449426439116
2,0.1,200,0,tis,300,0.00016068247685616032,2.9400588656838802e-05,0.0014262298605933917,0.5686996373685561
2,0.1,200,0,uniform,300,0.00028254365977734415,2.342904665536054e-05,0.0006275099070823235,1.0
2,0.1,200,1,complete_rollout,300,3.829746760437742e-06,3.587005300101913e-07,0.000609718348507741,0.06655335651095841
2,0.1,200,1,tis,300,0.0001263047363023297,2.0355473220306715e-05,0.004424194934161309,2.194924278280669
2,0.1,200,1,uniform,300,5.754400621112401e-05,6.168625145028054e-06,0.0022586304872948644,1.0
2,0.1,200,2,complete_rollout,300,2.3450601895975593e-05,1.7673436141028211e-06,0.00016293656023979623,0.02261032120714657
2,0.1,200,2,tis,300,0.0007371950100262684,0.00010606104806381385,0.0009695588836591137,0.7107798786119871
2,0.1,200,2,uniform,300,0.0010371635891914454,8.461757117472734e-05,0.002333113452791582,1.0
2,0.1,200,3,complete_rollout,300,4.676896479417139e-06,3.7801029869747695e-07,2.6444363628093104e-05,0.031712801302702806
2,0.1,200,3,tis,300,0.0002298976399730138,5.023624650472567e-05,0.0010924475133897344,1.5588752516782458
2,0.1,200,3,uniform,300,0.00014747661156690493,1.155747096662765e-05,0.0011288121393705764,1.0
2,0.1,200,4,complete_rollout,300,2.859099426672495e-05,2.1836064816931265e-06,-0.0008062387816016736,0.03758765740209209
2,0.1,200,4,tis,300,0.0010992105218623678,0.00019705939705366178,0.004943281908812101,1.4450965966099054
2,0.1,200,4,uniform,300,0.0007606484746009631,6.004614061064976e-05,-0.0009768834702462707,1.0
2,0.1,200,5,complete_rollout,300,3.897207683723934e-05,3.356233228399053e-06,0.0007959589632043354,0.06811132036365627
2,0.1,200,5,tis,300,0.0002678432755934825,3.138785158158614e-05,0.0016563121231634563,0.46810846718250104
2,0.1,200,5,uniform,300,0.0005721820782384153,4.6344953396469596e-05,0.00024176863963908132,1.0
2,0.1,200,6,complete_rollout,300,7.772003180712801e-07,6.254445891433722e-08,7.149009991132956e-05,0.03346216910358098
2,0.1,200,6,tis,300,0.00010049741452453432,3.299505467734298e-05,0.0006751877953880029,4.326891537612857
2,0.1,200,6,uniform,300,2.3226238432585874e-05,2.5954415120970136e-06,-0.0002546884206426081,1.0
2,0.1,200,7,complete_rollout,300,1.1509179629865575e-07,1.100608469481087e-08,-3.142969667797035e-05,0.17382066105913402
2,0.1,200,7,tis,300,2.0177974726762416e-06,6.657919060094929e-07,9.769514150685795e-05,3.047436062896263
2,0.1,200,7,uniform,300,6.621295512131402e-07,2.4036362158570975e-07,6.465175427847895e-05,1.0
2,0.1,200,8,complete_rollout,300,1.0194013083082092e-05,8.366886013269825e-07,-6.650710336311224e-05,0.0671082211898534
2,0.1,200,8,tis,300,8.401238030163607e-05,1.1654326756205827e-05,-0.0005838859953989336,0.553062013362032
2,0.1,200,8,uniform,300,0.00015190408719436302,1.5485261750716925e-05,-0.0003134636051945357,1.0
2,0.1,200,9,complete_rollout,300,1.9717202255009705e-05,1.3497004357502723e-06,-0.00029843269484430504,0.027144482469138306
2,0.1,200,9,tis,300,0.00030023576864123637,5.630741576408509e-05,-0.0010136417744708271,0.4133316914381012
2,0.1,200,9,uniform,300,0.0007263797450338946,6.286661550115763e-05,-0.000615113199524664,1.0
2,0.1,200,10,complete_rollout,300,1.4521367590331015e-06,1.1809250521895002e-07,5.284024014565773e-05,0.024342557055284996
2,0.1,200,10,tis,300,6.721001112904405e-05,1.5845605209908422e-05,9.113034109204573e-06,1.1266594006507071
2,0.1,200,10,uniform,300,5.9654240749446205e-05,4.657674913718624e-06,8.328661784209656e-05,1.0
2,0.1,200,11,complete_rollout,300,1.615080109428837e-06,1.351948268990618e-07,6.741670708321694e-05,0.025688878368752565
2,0.1,200,11,tis,300,0.00023181546542846784,6.793833960414679e-05,-0.0010296253255042836,3.6871727046986247
2,0.1,200,11,uniform,300,6.287079125234942e-05,7.330439555704461e-06,-0.00013945244228575571,1.0
2,0.1,200,12,complete_rollout,300,2.6765615500169798e-08,3.576196411694026e-09,4.843803591393729e-06,0.005656162771268714
2,0.1,200,12,tis,300,2.659632482260484e-06,2.6441888346944785e-06,0.00015384700158361354,0.5620387930672962
2,0.1,200,12,uniform,300,4.73211549641562e-06,2.9998070711874916e-06,0.0002847888585364481,1.0
2,0.1,200,13,complete_rollout,300,3.479727238066767e-06,3.3584959774143446e-07,-0.00021354065569464362,0.024158899834394825
2,0.1,200,13,tis,300,0.00015743794327575787,1.924138615197469e-05,0.0003164943125453216,1.093053346286215
2,0.1,200,13,uniform,300,0.00014403500415663417,1.4329819298334596e-05,-7.49129593170339e-05,1.0
2,0.1,200,14,complete_rollout,300,1.8704700939593965e-07,1.916800487690053e-08,-2.781576571541248e-05,0.045683878453150625
2,0.1,200,14,tis,300,3.910773940894295e-06,2.5477504942858327e-06,0.0002122823694449997,0.9551573262279707
2,0.1,200,14,uniform,300,4.094376741409087e-06,2.208742483251095e-06,0.00017510090095156804,1.0
2,0.1,200,15,complete_rollout,300,2.7329460837761406e-05,4.136109093664087e-06,0.0015442089220174785,0.014514939556330498
2,0.1,200,15,tis,300,0.006565667189946991,0.0006593760557595508,0.038183666279481346,3.487089005333962
2,0.1,200,15,uniform,300,0.0018828504749674982,0.0002437735847143446,0.018642320898004463,1.0
2,0.1,200,16,complete_rollout,300,2.8652445860279587e-05,2.1930315137858965e-06,0.000660953274430222,0.041673525325746766
2,0.1,200,16,tis,300,0.0004427804042609474,0.00012597415365970646,0.0019163097669890102,0.6440015795053989
2,0.1,200,16,uniform,300,0.0006875455252780718,4.98788709851967e-05,0.0027698161152931327,1.0
2,0.1,200,17,complete_rollout,300,4.295763361460996e-08,4.401686578635979e-09,-5.494468241952581e-06,0.034837956030029434
2,0.1,200,17,tis,300,1.576384287596188e-06,4.202923040833646e-07,-1.856055057210241e-05,1.2784225264919522
2,0.1,200,17,uniform,300,1.2330698614345103e-06,3.0708242968661067e-07,1.1661870789300514e-05,1.0
2,0.1,200,18,complete_rollout,300,4.199514051793619e-06,8.738754631984798e-07,0.0008473845936351099,0.00551225893998456
2,0.1,200,18,tis,300,0.0014008570610596724,0.00035499188395909074,0.01420564209305784,1.8387572379162884
2,0.1,200,18,uniform,300,0.000761849923509831,0.00010019167894946558,0.015075223319723836,1.0
2,0.1,200,19,complete_rollout,300,9.934908071179806e-07,7.526770498120701e-08,3.055442339951364e-05,0.032911196353570836
2,0.1,200,19,tis,300,4.194698997899805e-05,1.0260129835771635e-05,-2.5077685270277576e-05,1.389570606742545
2,0.1,200,19,uniform,300,3.0187015884950887e-05,5.332617848818874e-06,0.00010023711570739077,1.0
2,0.1,200,20,complete_rollout,300,1.7791649333744607e-05,1.396703514583947e-06,0.0003491370292238867,0.022446318718993403
2,0.1,200,20,tis,300,3.985047148174998e-05,5.740186765779829e-06,0.0014966436660370141,0.050276192341817745
2,0.1,200,20,uniform,300,0.0007926310570779629,7.477977258753928e-05,0.009941233386570235,1.0
2,0.1,200,21,complete_rollout,300,4.7342761299331235e-05,4.35052283337023e-06,-0.0005680262459656338,0.0174692020865815
2,0.1,200,21,tis,300,0.0009068947743559468,0.00016171207532266176,0.0016437114354204549,0.33463886874533777
2,0.1,200,21,uniform,300,0.002710070045826324,0.00022483084067249654,-0.0003552737022128305,1.0
2,0.1,200,22,complete_rollout,300,1.462367386922663e-06,1.1985166499636984e-07,-5.467775524057379e-05,0.03848229585017927
2,0.1,200,22,tis,300,0.0002785277219135641,0.00010638400084888077,-0.00038151971114798884,7.329475679644019
2,0.1,200,22,uniform,300,3.8001043197006936e-05,3.7783508851120355e-06,0.0003150863880237542,1.0
2,0.1,200,23,complete_rollout,300,5.097578664594156e-07,4.221103476673599e-08,-1.7317024972190267e-05,0.025160734872795902
2,0.1,200,23,tis,300,2.230949985290835e-05,6.418533856518157e-06,0.00011574175006630753,1.1011569371993126
2,0.1,200,23,uniform,300,2.026005476535473e-05,4.966871423726542e-06,5.501539261041244e-05,1.0
2,0.1,200,24,complete_rollout,300,3.571952189053172e-05,2.9603924321327713e-06,-0.00018506117305316556,0.05479663891605898
2,0.1,200,24,tis,300,0.0004543121839701796,6.115231816427223e-05,0.0013889018946393107,0.6969516774741328
2,0.1,200,24,uniform,300,0.0006518560736042439,5.2849016297870715e-05,-0.00020225800862493852,1.0
2,0.1,200,25,complete_rollout,300,2.145704599272594e-07,1.623865335900761e-08,-4.327055398626545e-05,0.22932798279055075
2,0.1,200,25,tis,300,1.0285058110596055e-06,2.687907993527444e-07,0.00010835674786130456,1.0992434047940163
2,0.1,200,25,uniform,300,9.356488349842171e-07,1.9181206681557655e-07,0.00014913558154439806,1.0
2,0.1,200,26,complete_rollout,300,4.586150793933378e-06,3.617637758120252e-07,0.00018745138182414486,0.02135439428408273
2,0.1,200,26,tis,300,0.0002744069855229941,5.056246498295251e-05,-0.0005267138478309811,1.27771528378788
2,0.1,200,26,uniform,300,0.00021476379675876975,3.523627142281261e-05,-2.135010372704027e-05,1.0
2,0.1,200,27,complete_rollout,300,5.21044754710833e-05,3.7277259856728847e-06,0.0006286240108476345,0.044443015948746695
2,0.1,200,27,tis,300,0.0009876361995178762,0.00015136218319856915,0.004114097956106109,0.8424138419950581
2,0.1,200,27,uniform,300,0.0011723883800139054,8.401357507707389e-05,0.0004796056958291417,1.0
2,0.1,200,28,complete_rollout,300,2.6934065754827466e-05,2.113392093831019e-06,0.00026059334721621253,0.031026762991239045
2,0.1,200,28,tis,300,6.212575941325078e-05,1.6463327216338733e-05,0.0002966040712542843,0.07156592066387853
2,0.1,200,28,uniform,300,0.0008680913881487661,8.35152892034731e-05,0.007733822895445835,1.0
2,0.1,200,29,complete_rollout,300,7.703719777548943e-34,0.0,2.7755575615628914e-17,9.990268078592641e-31
2,0.1,200,29,tis,300,0.00035075843892039244,0.000114650314833331,0.004883926151563842,0.4548673805420125
2,0.1,200,29,uniform,300,0.0007711224280414095,0.00013906204440154306,0.01106493981481482,1.0
2,0.1,200,30,complete_rollout,300,2.9261618385921277e-18,1.3678213688433652e-26,1.710602770543801e-09,1.3887811685605006e-10
2,0.1,200,30,tis,300,1.2922166900669032e-13,1.2900319850322527e-13,2.245891664568826e-08,6.132969753060344e-06
2,0.1,200,30,uniform,300,2.1069999398286432e-08,1.4848993939383188e-08,1.1853562454623065e-05,1.0
2,0.1,200,31,complete_rollout,300,0.00010568681249951717,7.445749659079157e-06,0.0008915339041182692,0.027165786860987133
2,0.1,200,31,tis,300,0.001280657915756384,0.0005852946221487832,0.01682424081956464,0.3291808992861137
2,0.1,200,31,uniform,300,0.003890438110272238,0.0004755263004026721,0.01941773842182273,1.0
2,0.1,200,32,complete_rollout,300,8.028339681718393e-05,6.873028805650135e-06,-0.00031334446498722674,0.027075878765493232
2,0.1,200,32,tis,300,0.0004556606471150644,0.00010824008839194607,0.0032772684637224834,0.15367327403432643
2,0.1,200,32,uniform,300,0.0029651261742056866,0.00021372452353505517,0.008457955901313225,1.0
2,0.1,200,33,complete_rollout,300,3.987801037147112e-05,3.4463031426606574e-06,0.00041328060376876754,0.021434492196645064
2,0.1,200,33,tis,300,0.004456589291850059,0.0006042122765117222,0.006288570004025037,2.3954236309680788
2,0.1,200,33,uniform,300,0.0018604597676315766,0.00017588600814750398,-0.0033207250433617127,1.0
2,0.1,200,34,complete_rollout,300,3.155111459071711e-06,2.2593106128827154e-07,8.360432179203755e-06,0.03143648407606318
2,0.1,200,34,tis,300,2.7926132376314486e-05,6.816493504389019e-06,0.000291097344183567,0.2782467203273814
2,0.1,200,34,uniform,300,0.00010036464165132645,9.977688754714853e-06,-0.0003550435665998138,1.0
2,0.1,200,35,complete_rollout,300,1.3134413827592147e-07,1.0066855513885493e-08,-6.3924957211632565e-06,0.16955677571012656
2,0.1,200,35,tis,300,9.641719198216725e-07,2.0341762004505959e-07,-1.5497023680798676e-05,1.2446835016860103
2,0.1,200,35,uniform,300,7.746322004876217e-07,2.3008954810360957e-07,8.418198214507807e-06,1.0
2,0.1,200,36,complete_rollout,300,4.1730087635709335e-11,2.9299035715734915e-11,-1.3390116275768805e-07,267.1879190892729
2,0.1,200,36,tis,300,1.0083777554719344e-11,9.911035212513791e-12,2.119652443995553e-07,64.56405184011736
2,0.1,200,36,uniform,300,1.5618253915801661e-13,0.0,3.9519936634313524e-07,1.0
2,0.1,200,37,complete_rollout,300,4.196007717494601e-06,3.4371296525862765e-07,-3.2513558992561066e-05,0.019924345853676726
2,0.1,200,37,tis,300,0.00016676370916209632,4.427584194913018e-05,0.003199370269260225,0.791861703050321
2,0.1,200,37,uniform,300,0.0002105970127355671,1.7917758311714564e-05,-0.0005137912350202916,1.0
2,0.1,200,38,complete_rollout,300,9.069473057030218e-07,6.566574350533596e-08,4.6095370969499265e-05,0.054799874881689546
2,0.1,200,38,tis,300,4.8695732034595085e-05,1.9221730284171505e-05,-0.0004811134008739067,2.942309885026434
2,0.1,200,38,uniform,300,1.655017110278226e-05,2.096335685620107e-06,-0.000126179812180508,1.0
2,0.1,200,39,complete_rollout,300,3.2027564812303735e-06,2.787498379951887e-07,2.379891494289521e-05,0.025007146887875267
2,0.1,200,39,tis,300,0.00011374020017489087,2.864293604797134e-05,0.0010206692162604448,0.888084345312809
2,0.1,200,39,uniform,300,0.00012807364612966833,1.1376448014999611e-05,0.0008365789312230787,1.0
2,0.1,200,40,complete_rollout,300,2.1607601962257793e-06,1.7531888565606168e-07,-4.569309631870966e-05,0.02930835635444799
2,0.1,200,40,tis,300,0.0001627213229941218,3.2945276328659e-05,-0.00018303098472170063,2.207137344120452
2,0.1,200,40,uniform,300,7.372505541061674e-05,5.700067691981072e-06,-7.814008451568803e-05,1.0
2,0.1,200,41,complete_rollout,300,6.089536672852868e-08,4.75964963571898e-09,4.204261797360331e-06,0.020391861236521227
2,0.1,200,41,tis,300,3.3854952680687785e-06,8.561323107220471e-07,-3.0327069144131524e-05,1.1336913369964985
2,0.1,200,41,uniform,300,2.986258391140229e-06,8.243324075074192e-07,-1.1752152076930737e-06,1.0
2,0.1,200,42,complete_rollout,300,1.3291903661549502e-05,1.0725453320055735e-06,1.7532412715224878e-05,0.023663691325561394
2,0.1,200,42,tis,300,0.00014693592731226197,3.0199299313435816e-05,-0.0011066539870269768,0.26159130528539787
2,0.1,200,42,uniform,300,0.0005617003483810515,5.0543391215690235e-05,9.913970819764713e-05,1.0
2,0.1,200,43,complete_rollout,300,2.0268796694261074e-09,4.2349640276165614e-10,-3.054374829197052e-06,18.506600894038804
2,0.1,200,43,tis,300,1.3570467840194048e-10,3.640376236686104e-11,8.525830116797491e-06,1.239063354634017
2,0.1,200,43,uniform,300,1.0952198521117886e-10,1.6901754102378874e-11,8.754284104582899e-06,1.0
2,0.1,200,44,complete_rollout,300,2.02401024916914e-05,1.8160670452195292e-06,-2.8469458429568606e-05,0.07216151405630188
2,0.1,200,44,tis,300,0.00039625427492028865,0.00010682881668063416,-0.00081468905231592,1.4127551202504107
2,0.1,200,44,uniform,300,0.000280483340134738,2.3811396010602775e-05,0.0020519979306628526,1.0
2,0.1,200,45,complete_rollout,300,0.0001157447098378928,9.373183137342642e-06,2.186819728250263e-05,0.021941918613634488
2,0.1,200,45,tis,300,0.00026510293179615274,4.2702367464764765e-05,0.00017897274183884538,0.05025600705080983
2,0.1,200,45,uniform,300,0.005275049637909522,0.00042204297507362175,-0.0006293249244107539,1.0
2,0.1,200,46,complete_rollout,300,9.723960048468741e-08,8.312795058801026e-09,-1.784999548008537e-05,0.1691728863115782
2,0.1,200,46,tis,300,5.266145687892957e-07,5.237948891353002e-08,-2.0242877760265714e-05,0.9161792739969286
2,0.1,200,46,uniform,300,5.747942392233828e-07,2.485259958269981e-07,-4.682053882572016e-05,1.0
2,0.1,200,47,complete_rollout,300,6.267967897075632e-07,5.229060115343501e-08,5.712158008976953e-05,0.02624890647892805
2,0.1,200,47,tis,300,8.386711308369939e-05,3.522031015277553e-05,0.0001243310853713379,3.5121749889925207
2,0.1,200,47,uniform,300,2.3878967689977473e-05,3.3540199590981932e-06,0.00010474113645927356,1.0
2,0.1,200,48,complete_rollout,300,1.5893440377979372e-06,1.2567480886562594e-07,-6.10354415227754e-05,0.042753145754734025
2,0.1,200,48,tis,300,0.00016689194935289384,0.00010674159214556713,-0.00028735155411410067,4.4893715056570365
2,0.1,200,48,uniform,300,3.717490279933261e-05,2.699523297667849e-06,0.0006491671429297645,1.0
2,0.1,200,49,complete_rollout,300,1.6975451001335176e-06,1.3606566184834173e-07,7.754119393775202e-05,0.02621467982800488
2,0.1,200,49,tis,300,6.291922425895066e-05,5.28583459173466e-06,0.0006942639736865892,0.9716427085472414
2,0.1,200,49,uniform,300,6.475551527888763e-05,5.615377418430734e-06,0.000573542720188851,1.0
2,0.1,400,0,complete_rollout,300,2.7496672092156394e-06,2.1193701762291558e-07,6.257426402176044e-05,0.026055752874501535
2,0.1,400,0,tis,300,0.00012186484253998163,4.2757647843940505e-05,-0.00040382970109593687,1.1547870995696141
2,0.1,400,0,uniform,300,0.00010553013848647973,7.528143210689639e-06,-2.2928750325081904e-05,1.0
2,0.1,400,1,complete_rollout,300,2.276978942318261e-06,2.148558903278599e-07,0.0004908131796026989,0.06771612596519185
2,0.1,400,1,tis,300,8.676329780077141e-05,1.4000320365149446e-05,0.003931436440149257,2.580293692593703
2,0.1,400,1,uniform,300,3.3625357473767734e-05,2.8272525349329704e-06,0.002298695302109684,1.0
2,0.1,400,2,complete_rollout,300,1.19863406647908e-05,9.16469279018509e-07,0.00010360607590929493,0.022002487288555278
2,0.1,400,2,tis,300,0.00028345321021593393,3.5978069713245945e-05,-0.00039284698331652784,0.5203152345733136
2,0.1,400,2,uniform,300,0.0005447720754291977,4.367259853218982e-05,-0.001154460621282498,1.0
2,0.1,400,3,complete_rollout,300,2.5645228196512723e-06,2.2074810177875064e-07,0.0001309620681457302,0.03126604064073564
2,0.1,400,3,tis,300,9.603098225516497e-05,2.13424193765582e-05,-0.0006439059232970457,1.1707864601368752
2,0.1,400,3,uniform,300,8.202262797260066e-05,6.549202443653187e-06,0.00024208991714835148,1.0
2,0.1,400,4,complete_rollout,300,1.330259970250941e-05,1.1059310475564512e-06,1.713321677033345e-05,0.03230981175790493
2,0.1,400,4,tis,300,0.0003098015814954737,0.00010136580708636705,0.0026414139777053433,0.7524567381014837
2,0.1,400,4,uniform,300,0.00041172012397301547,3.555178692421716e-05,0.00047523342790187033,1.0
2,0.1,400,5,complete_rollout,300,2.1042301575500388e-05,1.4137279789054695e-06,-0.00034503615279076307,0.06002170071570751
2,0.1,400,5,tis,300,0.00013167053997098103,2.313360290557669e-05,-9.313041221134004e-05,0.375581051096398
2,0.1,400,5,uniform,300,0.0003505782296167705,2.7674489843487424e-05,-0.0012209767307312784,1.0
2,0.1,400,6,complete_rollout,300,3.614031837442121e-07,3.2909723197616786e-08,1.5310357419788072e-07,0.03433427367910017
2,0.1,400,6,tis,300,8.600895121233896e-05,1.8965964107340666e-05,0.0007234114389482264,8.171081502887047
2,0.1,400,6,uniform,300,1.052601802857429e-05,8.232893533601745e-07,0.00013665995898702653,1.0
2,0.1,400,7,complete_rollout,300,4.794470903952075e-08,4.544715481774677e-09,4.27441402620928e-06,0.09188384570562601
2,0.1,400,7,tis,300,1.2482455101220908e-06,3.651442718579812e-07,-1.0935434920858282e-05,2.3922055249153114
2,0.1,400,7,uniform,300,5.217969347204317e-07,1.3850943252859183e-07,9.233930204409769e-06,1.0
2,0.1,400,8,complete_rollout,300,6.3952284401787214e-06,5.306787380639382e-07,-0.00011032069717668977,0.0972175899052301
2,0.1,400,8,tis,300,1.554752557593925e-05,2.779866871313223e-06,-4.8642160104961365e-05,0.2363469858225265
2,0.1,400,8,uniform,300,6.578262685191985e-05,5.267386884177978e-06,0.0006803141725832396,1.0
2,0.1,400,9,complete_rollout,300,1.0928191036671602e-05,8.502038448280532e-07,-7.10822674938975e-05,0.024429839746638638
2,0.1,400,9,tis,300,8.449824238890442e-05,1.4920392881002086e-05,0.0010615980001661722,0.18889480550865992
2,0.1,400,9,uniform,300,0.00044732962434496684,3.834775308789254e-05,-0.00026211667174688924,1.0
2,0.1,400,10,complete_rollout,300,6.06700747106583e-07,4.5275441401244005e-08,4.34181807236389e-05,0.01731965129996845
2,0.1,400,10,tis,300,6.0447235645549995e-05,1.8007214625531295e-05,-0.00023019995393134152,1.725603682574713
2,0.1,400,10,uniform,300,3.502961673989869e-05,3.1489365021264223e-06,0.00012884217339765894,1.0
2,0.1,400,11,complete_rollout,300,1.034183361778927e-06,9.082689784257215e-08,-4.911768445115687e-05,0.04098793406427476
2,0.1,400,11,tis,300,0.0001946176023919308,3.864321827174617e-05,-0.0016335307639591171,7.713306701111778
2,0.1,400,11,uniform,300,2.523140981336566e-05,2.6940616197985043e-06,-0.0003204570719153869,1.0
2,0.1,400,12,complete_rollout,300,1.245448976473168e-08,1.3701795523560502e-09,1.9235756712536004e-06,0.013620010682657203
2,0.1,400,12,tis,300,1.1878765548472317e-06,6.972500014286852e-07,-3.586784395791964e-05,1.2990408818282
2,0.1,400,12,uniform,300,9.14425844070033e-07,5.357860370026548e-07,-1.8914845167256427e-05,1.0
2,0.1,400,13,complete_rollout,300,1.6958129781792428e-06,1.5244474211383514e-07,-3.221179936582256e-05,0.02037872287461682
2,0.1,400,13,tis,300,7.242852670544322e-05,7.088703906958584e-06,0.0006547181702065948,0.87037951291761
2,0.1,400,13,uniform,300,8.321487998109544e-05,8.259423905068293e-06,0.00023381389253481654,1.0
2,0.1,400,14,complete_rollout,300,7.553661533055092e-08,6.16330085277062e-09,1.0482972583338856e-05,0.020856560604799245
2,0.1,400,14,tis,300,3.8973799513570235e-06,1.2212618395548553e-06,3.050152776990019e-05,1.0761130982596603
2,0.1,400,14,uniform,300,3.621719647925526e-06,1.020732028583653e-06,8.014095396013202e-06,1.0
2,0.1,400,15,complete_rollout,300,1.2092218251172845e-05,1.8460753293323624e-06,0.000378152755961327,0.011739749185417104
2,0.1,400,15,tis,300,0.003816910172846638,0.0005331979704141906,0.026459676675115232,3.705653269046845
2,0.1,400,15,uniform,300,0.0010300235601450132,0.00013736260256045032,0.014821433166522988,1.0
2,0.1,400,16,complete_rollout,300,1.2483993982786378e-05,1.0344846161572242e-06,-1.6417502940573315e-05,0.03608671120366219
2,0.1,400,16,tis,300,0.00014489289912946336,1.593872424378285e-05,0.0010262565540187488,0.41883296431862543
2,0.1,400,16,uniform,300,0.0003459443536522514,2.897649302619449e-05,0.0015065198189968348,1.0
2,0.1,400,17,complete_rollout,300,2.284526297531169e-08,2.036915572167963e-09,6.552743805226339e-06,0.02574400894216879
2,0.1,400,17,tis,300,1.0540908265502904e-06,3.4402720499141836e-07,1.6361577010941172e-05,1.1878402841715823
2,0.1,400,17,uniform,300,8.874011435682443e-07,2.6738428448028894e-07,3.179150041892916e-05,1.0
2,0.1,400,18,complete_rollout,300,8.695856314797379e-07,1.947631177484401e-07,0.0003543951756456957,0.0030460701225424676
2,0.1,400,18,tis,300,0.0005399480523524756,0.00021944025276617098,0.007103430405924263,1.8913831720024177
2,0.1,400,18,uniform,300,0.00028547787690255786,4.2583961883351e-05,0.008836077486390478,1.0
2,0.1,400,19,complete_rollout,300,4.029659524509137e-07,3.4651477501947007e-08,-2.4980782135674746e-05,0.01893537155009401
2,0.1,400,19,tis,300,2.3255566636856932e-05,3.256090063412427e-06,-0.0003915069379059551,1.0927791596251464
2,0.1,400,19,uniform,300,2.1281122019964433e-05,2.679296103239491e-06,-0.000496640199107421,1.0
2,0.1,400,20,complete_rollout,300,1.0037371006472516e-05,7.881271948008833e-07,0.0003779628330497172,0.029243174294959155
2,0.1,400,20,tis,300,1.5728068450862e-05,1.4650680948967341e-06,0.0003501346096764787,0.04582262095672442
2,0.1,400,20,uniform,300,0.00034323808028606273,3.386067044209718e-05,0.0028954324606443103,1.0
2,0.1,400,21,complete_rollout,300,3.024067466429023e-05,2.548563856575571e-06,6.115568321630442e-05,0.025711482128441873
2,0.1,400,21,tis,300,7.555632180486641e-05,1.961812840465814e-05,0.00018123096946933036,0.06424013482975055
2,0.1,400,21,uniform,300,0.0011761544711122738,8.828686109215628e-05,0.0008998628718612205,1.0
2,0.1,400,22,complete_rollout,300,6.439507661482735e-07,4.806087639851517e-08,3.317328261037552e-05,0.032655184972245274
2,0.1,400,22,tis,300,0.00012412444438130896,3.9461639024992176e-05,-8.710262221613604e-06,6.294435699010439
2,0.1,400,22,uniform,300,1.9719709647812087e-05,1.8663247140683457e-06,0.0001131616195052391,1.0
2,0.1,400,23,complete_rollout,300,2.4350173898967847e-07,1.9712587226158164e-08,4.131896476750423e-06,0.026711681040926104
2,0.1,400,23,tis,300,9.578408639089938e-06,1.8239110310711335e-06,0.0001341668273564711,1.050733343870972
2,0.1,400,23,uniform,300,9.115927171210194e-06,1.4275093339938587e-06,3.536030001782597e-05,1.0
2,0.1,400,24,complete_rollout,300,1.9556184394089286e-05,1.4748678123286685e-06,0.0004065749685829893,0.054124922513859246
2,0.1,400,24,tis,300,0.00014456384834852677,1.8298222709837625e-05,0.0027285552019027147,0.4001039738883936
2,0.1,400,24,uniform,300,0.00036131570237503294,3.274443896310123e-05,0.0012741956950787536,1.0
2,0.1,400,25,complete_rollout,300,1.1689016844845766e-07,8.784790537844221e-09,1.1572750856867486e-05,0.17777386135615414
2,0.1,400,25,tis,300,4.265777613942158e-07,9.503933258404979e-08,5.18757150566825e-05,0.6487660751823866
2,0.1,400,25,uniform,300,6.575216826408388e-07,9.709205104991051e-08,-3.353224252965544e-05,1.0
2,0.1,400,26,complete_rollout,300,2.4277302662481704e-06,1.8279724089271557e-07,-7.778060840783807e-05,0.022657609252050903
2,0.1,400,26,tis,300,0.00010566331689465672,1.4261556066426101e-05,-0.0003162414869817691,0.9861384436972828
2,0.1,400,26,uniform,300,0.00010714856272968954,1.2601379352992507e-05,-0.00043314292780113856,1.0
2,0.1,400,27,complete_rollout,300,2.1183435869408448e-05,1.7234574705525772e-06,-0.000412106554882948,0.0324551692166425
2,0.1,400,27,tis,300,0.0007191441654652417,9.973157622475019e-05,0.001341279624294301,1.1018016966285151
2,0.1,400,27,uniform,300,0.0006526983645657874,5.129714780652109e-05,0.0021321774550884065,1.0
2,0.1,400,28,complete_rollout,300,1.194395362646956e-05,9.141608422764241e-07,0.0005026975393204191,0.029416372893592956
2,0.1,400,28,tis,300,1.1064305046095854e-05,1.892685005503588e-06,-7.216673172666202e-05,0.02724991516403116
2,0.1,400,28,uniform,300,0.0004060308070500091,3.483678254005748e-05,0.00278150808063101,1.0
2,0.1,400,29,complete_rollout,300,7.703719777548943e-34,0.0,2.7755575615628914e-17,3.4602981172757135e-30
2,0.1,400,29,tis,300,0.00014697655953312494,4.0633195507220204e-05,0.0035366325489782336,0.6601781047622002
2,0.1,400,29,uniform,300,0.00022263167844087573,5.225509937810046e-05,0.0049655462962963,1.0
2,0.1,400,30,complete_rollout,300,2.9261618385921277e-18,1.3678213688433652e-26,1.710602770543801e-09,0.0029261618385921276
2,0.1,400,30,tis,300,2.9261618385921277e-18,1.3678213688433652e-26,1.710602770543801e-09,0.0029261618385921276
2,0.1,400,30,uniform,300,2.9261618385921277e-18,1.3678213688433652e-26,1.710602770543801e-09,0.0029261618385921276
2,0.1,400,31,complete_rollout,300,6.660076717484948e-05,5.164303671263604e-06,0.0009862123737967353,0.03667260732384269
2,0.1,400,31,tis,300,0.0002792043357103283,2.234156820901393e-05,0.007895764169114179,0.15373923456073704
2,0.1,400,31,uniform,300,0.0018160903201324603,0.00022256642004537958,0.00964054513478569,1.0
2,0.1,400,32,complete_rollout,300,4.4350287430124644e-05,3.40410173111054e-06,0.0001951007934580547,0.027188418659218935
2,0.1,400,32,tis,300,7.819275555829692e-05,2.3728681122520626e-05,-0.0009183239258426557,0.0479351430943132
2,0.1,400,32,uniform,300,0.0016312198214251984,0.00012078660784296069,0.00029828344760949904,1.0
2,0.1,400,33,complete_rollout,300,1.9223117465964512e-05,1.5049331679334838e-06,-0.0002336261931380653,0.02243580155568762
2,0.1,400,33,tis,300,0.002273657655790026,0.0004365409362334723,0.0006109995758022361,2.6536451260412384
2,0.1,400,33,uniform,300,0.0008568054686279452,6.007364940476678e-05,0.0009996650029345767,1.0
2,0.1,400,34,complete_rollout,300,1.5812858537422874e-06,1.2981522970886852e-07,-0.00018051828169953247,0.038442559417872266
2,0.1,400,34,tis,300,1.8963264210552018e-05,6.003161302502198e-06,-1.1040802773705598e-05,0.461014945176235
2,0.1,400,34,uniform,300,4.113372984752764e-05,4.636360068574547e-06,-7.492203882203544e-05,1.0
2,0.1,400,35,complete_rollout,300,7.05354946452705e-08,5.375689081795544e-09,4.493025560165435e-05,0.23075889296349497
2,0.1,400,35,tis,300,3.894212284081664e-07,7.683307376493765e-08,-7.915420538030515e-06,1.2740027133272283
2,0.1,400,35,uniform,300,3.0566750316499784e-07,2.9344629786575775e-08,9.448185848755693e-07,1.0
2,0.1,400,36,complete_rollout,300,2.073403489348454e-11,1.0220103156070831e-11,-1.3390116275620776e-07,0.0019279108386097239
2,0.1,400,36,tis,300,1.152450665403189e-12,7.021157946436748e-13,3.1102496540184413e-07,0.00010715821306406606
2,0.1,400,36,uniform,300,1.0754664831095868e-08,1.0735699694658e-08,-5.690448781804728e-06,1.0
2,0.1,400,37,complete_rollout,300,1.9455756461293343e-06,1.4947437204501872e-07,8.638143490244683e-05,0.0193303528966683
2,0.1,400,37,tis,300,6.948723371497993e-05,3.12075438508467e-05,0.0015713119021271687,0.6903934844148115
2,0.1,400,37,uniform,300,0.00010064873913733183,7.960284162357465e-06,0.00027217520016489306,1.0
2,0.1,400,38,complete_rollout,300,4.771266479840641e-07,3.4327385339519095e-08,-4.10027161285631e-05,0.06304763719922683
2,0.1,400,38,tis,300,1.3834106412205997e-05,5.44247818072994e-06,2.5257686050859096e-05,1.8280423567568014
2,0.1,400,38,uniform,300,7.567716558137966e-06,6.615656469127199e-07,0.0002261454193009734,1.0
2,0.1,400,39,complete_rollout,300,1.655826395107868e-06,1.3404550024494308e-07,-3.948964834564713e-05,0.029775601078858578
2,0.1,400,39,tis,300,0.00012971339713573122,2.9593797006809657e-05,-0.0009303752053815382,2.3325478921632254
2,0.1,400,39,uniform,300,5.561017528151753e-05,4.548993595165175e-06,-0.00040133773544358617,1.0
2,0.1,400,40,complete_rollout,300,1.3096901956345308e-06,1.0129281953923433e-07,1.89385683129617e-05,0.03496802652401411
2,0.1,400,40,tis,300,4.712022150432833e-05,1.35823548865362e-05,0.0001390841023490282,1.258084668323015
2,0.1,400,40,uniform,300,3.74539350893911e-05,3.0442399874882924e-06,-1.936693636754176e-05,1.0
2,0.1,400,41,complete_rollout,300,2.864387150602656e-08,2.0713664327611736e-09,5.282812875728737e-06,0.020164506169720126
2,0.1,400,41,tis,300,1.4159045303662498e-06,2.762310365464287e-07,4.083386936597489e-05,0.9967582640600067
2,0.1,400,41,uniform,300,1.420509446893344e-06,3.0777385006850654e-07,1.6651173681201393e-05,1.0
2,0.1,400,42,complete_rollout,300,7.752621609255161e-06,6.53787315725289e-07,2.2233267416103173e-05,0.025239005781229347
2,0.1,400,42,tis,300,2.7327337818639254e-05,3.9486989366928394e-06,4.06073324415949e-05,0.08896536835576428
2,0.1,400,42,uniform,300,0.0003071682647270088,2.2371403970150886e-05,2.123504493942718e-06,1.0
2,0.1,400,43,complete_rollout,300,8.549355518598271e-10,1.7522879086647535e-10,2.8653253841085896e-08,9.983409247765445
2,0.1,400,43,tis,300,1.2216043844494599e-10,3.620197244674063e-11,8.599865542411322e-06,1.426514136918608
2,0.1,400,43,uniform,300,8.563563113985181e-11,1.2060720557998886e-12,8.924422993476325e-06,1.0
2,0.1,400,44,complete_rollout,300,8.830699032012295e-06,6.846856864464134e-07,-2.5142230102346286e-05,0.06439750063685959
2,0.1,400,44,tis,300,0.00012946573977456934,1.7734742283853588e-05,0.0002995001867519098,0.9441234526690094
2,0.1,400,44,uniform,300,0.00013712797771157307,1.03655639068375e-05,0.0017429007084406264,1.0
2,0.1,400,45,complete_rollout,300,6.2801344882922e-05,4.633266577239128e-06,-0.0003111904107761195,0.02301901983980966
2,0.1,400,45,tis,300,0.00013889467022720208,2.018888547249708e-05,0.0007093565649658943,0.05091004301841356
2,0.1,400,45,uniform,300,0.0027282371412840002,0.00024126675700063445,0.000835893825589249,1.0
2,0.1,400,46,complete_rollout,300,5.4378590063329366e-08,4.715520508152811e-09,-2.5430378060433503e-05,0.15877931097464695
2,0.1,400,46,tis,300,1.9317291329332958e-07,2.7302040303641914e-08,1.6873887150007928e-05,0.5640429815476938
2,0.1,400,46,uniform,300,3.424790656259508e-07,1.164551669939957e-07,1.322575747057797e-05,1.0
2,0.1,400,47,complete_rollout,300,3.097570525697471e-07,2.5542115988134675e-08,-3.6232306550898484e-06,0.028495437738597352
2,0.1,400,47,tis,300,7.743045416321937e-05,3.2711069020675953e-05,2.1769600531447162e-05,7.123049071441308
2,0.1,400,47,uniform,300,1.087040863914079e-05,8.427196866472276e-07,-9.236187279998865e-05,1.0
2,0.1,400,48,complete_rollout,300,7.715972960173958e-07,6.102657228455747e-08,-5.575461124199192e-05,0.032024038924722074
2,0.1,400,48,tis,300,1.8702520744603412e-05,4.755120336494509e-06,0.001023557254309546,0.7762212949772943
2,0.1,400,48,uniform,300,2.409431545568521e-05,1.86782184478831e-06,-8.981086632949238e-05,1.0
2,0.1,400,49,complete_rollout,300,9.555038029834557e-07,8.215122075733256e-08,3.137717277358269e-05,0.024726036400422185
2,0.1,400,49,tis,300,3.836756362538801e-05,4.039961616195132e-06,-0.0005310518887001773,0.9928560952187903
2,0.1,400,49,uniform,300,3.864363003878539e-05,3.4511264801837284e-06,-0.0003073519557370652,1.0
2,0.2,50,0,complete_rollout,300,5.055297797824339e-06,3.787945834908774e-07,-1.823464251083854e-05,0.01725282281934151
2,0.2,50,0,tis,300,0.00022965184848577403,3.198857542655167e-05,5.052566130274716e-05,0.7837604846473175
2,0.2,50,0,uniform,300,0.00029301279279104575,3.3257504505224235e-05,-0.0023087381020144002,1.0
2,0.2,50,1,complete_rollout,300,5.7932157908003265e-06,4.492655291060288e-07,7.909604849039538e-05,0.05366093718735537
2,0.2,50,1,tis,300,0.00019387934948117484,1.8120757061971475e-05,-0.0007562315684181339,1.795850175468326
2,0.2,50,1,uniform,300,0.00010795964614955395,8.974348255065357e-06,0.000285474965869541,1.0
2,0.2,50,2,complete_rollout,300,2.6716053746608438e-05,2.555495009919981e-06,-0.0003029232542716191,0.0231706417849024
2,0.2,50,2,tis,300,0.0011642727486849743,0.0001847623131244575,0.0015373965781286662,1.0097654038118529
2,0.2,50,2,uniform,300,0.0011530131100648308,0.00014348099741635394,0.0001055220041735098,1.0
2,0.2,50,3,complete_rollout,300,5.496681651793204e-06,4.128695534790728e-07,-0.00021148274289066072,0.03815498555907121
2,0.2,50,3,tis,300,0.00013611706296221928,1.4181699006083019e-05,0.0002844058094402942,0.944850893806512
2,0.2,50,3,uniform,300,0.00014406195078447325,1.1595229504069854e-05,0.0005262046807965189,1.0
2,0.2,50,4,complete_rollout,300,5.642663502125767e-05,4.723752015825855e-06,0.000294949856555596,0.03808698496373131
2,0.2,50,4,tis,300,0.002146792764340092,0.00024265554680514594,0.0016399578119610158,1.4490473108110185
2,0.2,50,4,uniform,300,0.001481520132795769,0.00012448218706526611,0.002065823279429066,1.0
2,0.2,50,5,complete_rollout,300,3.633490034590013e-05,3.0985659726062165e-06,0.00036866527728792066,0.026650295808600677
2,0.2,50,5,tis,300,0.000576421976571629,7.542349501049341e-05,0.0006927894872899065,0.4227840461917095
2,0.2,50,5,uniform,300,0.001363395761414926,0.0001423761933423472,0.0032943820050046805,1.0
2,0.2,50,6,complete_rollout,300,9.46726379328601e-06,7.433954730478986e-07,0.00030098329619169026,0.05479267135808862
2,0.2,50,6,tis,300,0.00014844898200601307,4.46528428103644e-05,0.0015936201225548656,0.8591623157544942
2,0.2,50,6,uniform,300,0.0001727833952722298,1.552387374219667e-05,0.003660976784184956,1.0
2,0.2,50,7,complete_rollout,300,9.940768236304708e-08,9.943984659740904e-09,-9.976142600380821e-06,0.007151463036471771
2,0.2,50,7,tis,300,4.0429476733876004e-07,7.997320922214937e-08,0.0001607352322650494,0.02908526801683974
2,0.2,50,7,uniform,300,1.390032806658966e-05,6.7335644809839305e-06,0.0006471337475095532,1.0
2,0.2,50,8,complete_rollout,300,2.0888109504696208e-05,1.7657983907010855e-06,0.0004026008826176778,0.06955255997058643
2,0.2,50,8,tis,300,0.00014088053535770816,1.663318794933599e-05,0.0008752696234865332,0.4690995076386559
2,0.2,50,8,uniform,300,0.0003003212177025508,2.4823502019809342e-05,0.005618169462186325,1.0
2,0.2,50,9,complete_rollout,300,1.3982128530201823e-05,1.1109095957838193e-06,0.00033984551663964374,0.01627655192076623
2,0.2,50,9,tis,300,0.0007534943242173719,0.00012937318985092885,-0.0011273147163487788,0.8771403769916346
2,0.2,50,9,uniform,300,0.0008590350461367007,8.702544725809761e-05,-0.00172396400716974,1.0
2,0.2,50,10,complete_rollout,300,1.4045839392491549e-06,1.0348931519863261e-07,0.000100595944248519,0.026577484150273466
2,0.2,50,10,tis,300,0.00010804188208101505,3.556207614335578e-05,-0.000609919158565992,2.044364404528855
2,0.2,50,10,uniform,300,5.284864177916188e-05,4.53369806671751e-06,0.00017197201262474963,1.0
2,0.2,50,11,complete_rollout,300,1.6825013787502492e-06,1.500757662516561e-07,3.755450738771149e-05,0.030053988020006753
2,0.2,50,11,tis,300,6.384697010059962e-05,1.223790564148571e-05,0.0008000573709680121,1.1404781587415185
2,0.2,50,11,uniform,300,5.598263290815909e-05,9.042252927991303e-06,0.0004650608158942223,1.0
2,0.2,50,12,complete_rollout,300,0.0002826924281069201,2.1707981497974662e-05,0.0012136763686732858,0.03922438773883948
2,0.2,50,12,tis,300,0.004067240569453237,0.000624694208391472,0.015489261256597608,0.5643413309359407
2,0.2,50,12,uniform,300,0.007207057761847529,0.0006791597865400307,0.025048332453329245,1.0
2,0.2,50,13,complete_rollout,300,3.4112895103648337e-06,2.860502620162397e-07,-9.853355930280472e-06,0.022456033251799037
2,0.2,50,13,tis,300,0.00021102786485671283,5.090411280101956e-05,0.000335671595617744,1.38916639466689
2,0.2,50,13,uniform,300,0.00015190971050470556,2.8218754973871553e-05,0.0002410111129340194,1.0
2,0.2,50,14,complete_rollout,300,1.7216855400675547e-07,2.764318179002894e-08,6.564237614366715e-06,0.01624173305430855
2,0.2,50,14,tis,300,9.707294085764476e-06,9.652277513475929e-06,1.7023048073382026e-05,0.9157495695437418
2,0.2,50,14,uniform,300,1.0600380724831776e-05,7.443167035211247e-06,-6.946343841310506e-05,1.0
2,0.2,50,15,complete_rollout,300,0.00010831418008538337,8.235969278150848e-06,0.00043568354180690123,0.02133872412222389
2,0.2,50,15,tis,300,0.00826133917287974,0.0005917420930643102,0.02096276322410935,1.6275471720437398
2,0.2,50,15,uniform,300,0.005075944534686408,0.00037697359878239184,0.005009645690768969,1.0
2,0.2,50,16,complete_rollout,300,9.84353426216215e-05,8.189270933344421e-06,-0.00012931132486378858,0.052283445457899695
2,0.2,50,16,tis,300,0.0006443077384973984,0.00010802032620302606,0.008256952473182866,0.3422208691173093
2,0.2,50,16,uniform,300,0.0018827248617515997,0.0001483537936294383,0.009359343131790602,1.0
2,0.2,50,17,complete_rollout,300,3.633164668026787e-08,4.592945102462545e-09,1.0805879432262226e-05,0.005758132107330032
2,0.2,50,17,tis,300,1.0104116717182098e-05,7.936969357627589e-06,-0.00021015895561976139,1.6013818310364403
2,0.2,50,17,uniform,300,6.309623677098016e-06,4.3535523266761095e-06,-0.00023137971275349927,1.0
2,0.2,50,18,complete_rollout,300,6.695279984473049e-05,4.9838242835449765e-06,-0.00021011541362748668,0.028196159795137607
2,0.2,50,18,tis,300,0.001360639302214218,0.00020190407570927978,0.0040312626416943165,0.5730126787490294
2,0.2,50,18,uniform,300,0.0023745361187900637,0.0001692219110915388,-7.461195412382438e-05,1.0
2,0.2,50,19,complete_rollout,300,8.924594092793072e-07,8.263672835685635e-08,1.8136389558893e-05,0.023210847739912745
2,0.2,50,19,tis,300,4.159433509743534e-05,1.5362058201218364e-05,0.0001830817261469079,1.0817744412254082
2,0.2,50,19,uniform,300,3.845009968096332e-05,1.0866534964085919e-05,-7.949486807217224e-05,1.0
2,0.2,50,20,complete_rollout,300,0.0017759169642199272,0.00013206109112761283,-0.0013779534062868211,0.043334561496136646
2,0.2,50,20,tis,300,0.005668639128166747,0.001203040884521783,0.0038246157630655894,0.1383217773398822
2,0.2,50,20,uniform,300,0.04098153766660944,0.0031086297848139026,0.029383275327941914,1.0
2,0.2,50,21,complete_rollout,300,5.827466759834791e-05,4.918658508488151e-06,-0.0003364347754044631,0.02333846889117605
2,0.2,50,21,tis,300,0.0014851184358689695,0.000179317475490884,0.0013596879880820292,0.5947762869130909
2,0.2,50,21,uniform,300,0.002496936190204866,0.00019337173345508902,0.00023334463037505193,1.0
2,0.2,50,22,complete_rollout,300,1.0054440985505388e-05,1.082822755696089e-06,0.0006781536264042864,0.02798199062195721
2,0.2,50,22,tis,300,0.00020412994557297132,4.3070407432267475e-05,0.006533221917553487,0.5681034113102814
2,0.2,50,22,uniform,300,0.0003593182887287426,3.257919381287496e-05,0.007556235433486312,1.0
2,0.2,50,23,complete_rollout,300,4.3449377511041615e-07,4.556213574649901e-08,4.1524637696910655e-05,0.03683489073246483
2,0.2,50,23,tis,300,6.810229673545565e-06,5.593780920324275e-06,0.0004729551792060627,0.5773478937052481
2,0.2,50,23,uniform,300,1.1795712338776408e-05,6.269147170597967e-06,0.0002734660296384839,1.0
2,0.2,50,24,complete_rollout,300,4.1633947036820065e-05,2.969935496553633e-06,0.0003601402925744597,0.030910779483172016
2,0.2,50,24,tis,300,0.0011638597310692684,0.00019912602284150526,0.005005926957804016,0.8640980271366031
2,0.2,50,24,uniform,300,0.0013469070574388393,0.0001145856639134846,0.001563151688585853,1.0
2,0.2,50,25,complete_rollout,300,2.105984539944583e-07,1.6430892066145827e-08,-1.061574097355633e-05,0.14334272810223322
2,0.2,50,25,tis,300,4.343809748410488e-06,2.363819664595553e-06,3.09029760211114e-05,2.9565912184266043
2,0.2,50,25,uniform,300,1.4691952412420793e-06,3.9593929887702917e-07,-7.612896848706955e-05,1.0
2,0.2,50,26,complete_rollout,300,4.351154934537766e-06,4.027944717601091e-07,5.638340356961905e-05,0.018168988750503046
2,0.2,50,26,tis,300,0.00024043608802264602,0.00010083383018781928,0.001141437764093586,1.0039818494678563
2,0.2,50,26,uniform,300,0.00023948250473859178,6.723367736942142e-05,5.1351333215536125e-06,1.0
2,0.2,50,27,complete_rollout,300,4.921715950830259e-05,3.9432397725465095e-06,0.0003864528275646243,0.03414260408054305
2,0.2,50,27,tis,300,0.00139029768030173,0.0002665014394347388,0.0004232379979038263,0.9644681596188379
2,0.2,50,27,uniform,300,0.001441517448177016,0.00012771701635084164,-0.00022404900393727667,1.0
2,0.2,50,28,complete_rollout,300,2.7208499573058137e-05,2.014395106853462e-06,0.00019272036103188986,0.023845556843422495
2,0.2,50,28,tis,300,0.0005018768035375385,7.668263428457152e-05,-0.00018437366406504654,0.43984534373221423
2,0.2,50,28,uniform,300,0.0011410301613721076,8.503288288102311e-05,-0.0008650329967215424,1.0
2,0.2,50,29,complete_rollout,300,0.00020728060827188404,1.6202716294700283e-05,-0.0005850596542891364,0.021675679608822603
2,0.2,50,29,tis,300,0.0023830345579891467,0.0004003005560802832,-0.0018088576007052588,0.24919790619280702
2,0.2,50,29,uniform,300,0.009562819344659213,0.0006552992387878219,0.006378324554095136,1.0
2,0.2,50,30,complete_rollout,300,5.0059003033733824e-05,4.239510963126362e-06,0.0004713193639031007,0.02848475597115745
2,0.2,50,30,tis,300,0.0008129915965901111,0.00012402175801033862,0.00707888401805576,0.4626114351471471
2,0.2,50,30,uniform,300,0.0017573962397438691,0.00019562296231321306,0.015896756482340225,1.0
2,0.2,50,31,complete_rollout,300,0.00022446959641558444,1.927460171827332e-05,-0.00021045860461695284,0.022344281457275267
2,0.2,50,31,tis,300,0.003932802959460492,0.0005943232148381712,0.002940896074467828,0.3914813304136602
2,0.2,50,31,uniform,300,0.010045952779676317,0.0007253450907716945,0.01056409369493536,1.0
2,0.2,50,32,complete_rollout,300,7.10189451894843e-05,5.6346833572395e-06,-0.00039460467042593504,0.021941324749588518
2,0.2,50,32,tis,300,0.0016198470397889003,0.00024262137462656194,0.0015762666384551976,0.5004522363693245
2,0.2,50,32,uniform,300,0.0032367665125058675,0.00025337487858045394,0.0024802557284344,1.0
2,0.2,50,33,complete_rollout,300,3.81822180701205e-05,3.1236287552124726e-06,9.938551962954123e-05,0.02480676985018468
2,0.2,50,33,tis,300,0.0028333161040042013,0.0005739542049437653,0.006382442958465843,1.8407893531951722
2,0.2,50,33,uniform,300,0.0015391854038520154,0.00012959180238117133,0.001981297200541366,1.0
2,0.2,50,34,complete_rollout,300,3.1272513770502623e-06,2.597882272659563e-07,0.00012025673216625695,0.02004120070485124
2,0.2,50,34,tis,300,3.8398848331268e-05,1.2236477999144197e-05,0.00019118236622677197,0.24608160120724296
2,0.2,50,34,uniform,300,0.00015604111864880778,3.0726771505162074e-05,0.0005147166426260197,1.0
2,0.2,50,35,complete_rollout,300,1.0251967907488301e-07,8.735563669568637e-09,2.3055278390956557e-05,0.04836080561001133
2,0.2,50,35,tis,300,0.0005369858821825544,0.0002747685393560133,0.0029743688639331093,253.3081462787499
2,0.2,50,35,uniform,300,2.1198918790066654e-06,8.395532795071115e-07,0.00010569752503323371,1.0
2,0.2,50,36,complete_rollout,300,1.1788134701924521e-08,1.176843243049682e-08,6.465405950866939e-06,0.00018620202506299406
2,0.2,50,36,tis,300,8.375428926945554e-05,1.468512911294582e-05,0.003816368189497475,1.3229589467736869
2,0.2,50,36,uniform,300,6.33083055779682e-05,1.0676483487923235e-05,0.003553605007090467,1.0
2,0.2,50,37,complete_rollout,300,5.445902088503237e-05,3.6556391519146817e-06,-0.00040361711005266126,0.04859397159860965
2,0.2,50,37,tis,300,0.0003375707727551887,7.535631469084473e-05,0.002084327294411254,0.30121556130097143
2,0.2,50,37,uniform,300,0.0011206949976196334,9.932705626247662e-05,0.006218774831339218,1.0
2,0.2,50,38,complete_rollout,300,1.0496130352391926e-06,9.512450077692228e-08,7.054463298161692e-05,0.0598323455989799
2,0.2,50,38,tis,300,2.157749777922861e-05,3.5531585436522367e-06,-0.0003742712387258858,1.230007879993429
2,0.2,50,38,uniform,300,1.754256873487988e-05,2.602380012057038e-06,-0.00025526814683099437,1.0
2,0.2,50,39,complete_rollout,300,3.1902783369002257e-06,2.616214026910496e-07,-7.690803133607556e-05,0.022454357780874838
2,0.2,50,39,tis,300,0.00018100958418814405,2.7961276947428737e-05,-0.0004395739782941329,1.274012338709331
2,0.2,50,39,uniform,300,0.00014207836038033995,1.4423647713037609e-05,-0.0005478123862402481,1.0
2,0.2,50,40,complete_rollout,300,2.0863785813054733e-06,1.6005406893671438e-07,9.26578395299582e-06,0.031168678317828883
2,0.2,50,40,tis,300,0.00014123861251521787,3.0210341928924956e-05,0.0003884328431235466,2.1099818216063078
2,0.2,50,40,uniform,300,6.693830774698066e-05,5.758242819251741e-06,0.00026238829107548913,1.0
2,0.2,50,41,complete_rollout,300,6.890282570054971e-08,6.930404669348802e-09,-8.937755141536681e-06,0.01863799235960883
2,0.2,50,41,tis,300,3.4678936666053532e-06,1.842259621477686e-06,-9.50468775720766e-07,0.9380540638932138
2,0.2,50,41,uniform,300,3.6969017033117734e-06,1.4318803971315406e-06,-7.951121871485019e-05,1.0
2,0.2,50,42,complete_rollout,300,1.5818346296848297e-05,1.4223428053880794e-06,0.00015464532723657775,0.016151357456209093
2,0.2,50,42,tis,300,0.00030551748332537305,4.221694661134915e-05,0.0009364979273766236,0.3119493017606191
2,0.2,50,42,uniform,300,0.0009793818469894136,7.616554167312176e-05,0.007850951798543206,1.0
2,0.2,50,43,complete_rollout,300,2.375123353180636e-09,9.79627320034263e-10,-2.2496131370212484e-06,85.93186378197913
2,0.2,50,43,tis,300,3.5537804246176524e-11,7.226309627812661e-12,4.3856826875776635e-06,1.2857562743019466
2,0.2,50,43,uniform,300,2.763961176504501e-11,2.07597626039661e-12,4.4211235338283606e-06,1.0
2,0.2,50,44,complete_rollout,300,1.669744600313631e-05,1.3955473877638845e-06,0.00023786132288115917,0.054043773743121123
2,0.2,50,44,tis,300,0.0003443517894995862,5.508713751260447e-05,0.0008110994967396834,1.1145459129653092
2,0.2,50,44,uniform,300,0.0003089615111354361,2.8422013973803864e-05,-0.0005081329791130173,1.0
2,0.2,50,45,complete_rollout,300,0.00014085614212586598,1.0650355284718725e-05,-0.0006828870245093444,0.02283479353381272
2,0.2,50,45,tis,300,0.0005688218362241697,0.00011608012651803307,0.0007505818285537802,0.09221414836206805
2,0.2,50,45,uniform,300,0.0061684876597326195,0.0005414239087848833,0.0037869965733740092,1.0
2,0.2,50,46,complete_rollout,300,9.251740865394136e-08,9.980973610145804e-09,-3.5729423879615754e-06,0.07072645755824289
2,0.2,50,46,tis,300,2.5065260683397468e-06,9.29287942353372e-07,0.00021411013195132223,1.916155155773575
2,0.2,50,46,uniform,300,1.308101831309079e-06,9.98186235153544e-07,2.6624452809399142e-05,1.0
2,0.2,50,47,complete_rollout,300,5.858945925459296e-07,5.175492310942e-08,5.5483866968190446e-05,0.023662107592675882
2,0.2,50,47,tis,300,3.663518615956518e-05,6.918669836477385e-06,-0.0003110880416590415,1.4795591691988281
2,0.2,50,47,uniform,300,2.4760879403966585e-05,3.798419206256385e-06,-0.00022540257991840267,1.0
2,0.2,50,48,complete_rollout,300,1.5415926391817448e-06,1.162288800180297e-07,9.418720394345659e-05,0.02769279450600208
2,0.2,50,48,tis,300,0.0002914626695602709,0.0002341726170278061,-0.0007355820438499324,5.235764370662513
2,0.2,50,48,uniform,300,5.566764447869727e-05,6.227878958904138e-06,-0.00034647661372030236,1.0
2,0.2,50,49,complete_rollout,300,1.661265174326821e-06,1.444741163699135e-07,-0.00013628027808181212,0.020368755239343988
2,0.2,50,49,tis,300,0.00010454092333157604,1.5425811524747493e-05,-0.00014180711263048467,1.281775187214625
2,0.2,50,49,uniform,300,8.155948435758832e-05,9.724350484081202e-06,-0.00040377030657210653,1.0
2,0.2,100,0,complete_rollout,300,2.7962677534718173e-06,2.394118595829305e-07,-3.0831305107491176e-05,0.0201300430853626
2,0.2,100,0,tis,300,0.0003041681222810836,0.00015925102454069457,-0.0005761819635067833,2.1896749333499628
2,0.2,100,0,uniform,300,0.00013891017230385866,1.5392405444202552e-05,-0.0010274140279403216,1.0
2,0.2,100,1,complete_rollout,300,3.7199707415439777e-06,2.9723665235913685e-07,9.651566591018032e-05,0.06515680250490646
2,0.2,100,1,tis,300,5.826221784975664e-05,8.822417813968566e-06,-0.00024353890137552032,1.0204864730626406
2,0.2,100,1,uniform,300,5.709259200163874e-05,4.803574891460372e-06,-0.0008694139230193436,1.0
2,0.2,100,2,complete_rollout,300,1.2806963975043619e-05,1.049113886410158e-06,0.00033641333506496376,0.023251033147947298
2,0.2,100,2,tis,300,0.0003840068505959168,5.175081560589751e-05,-0.00011907358112456616,0.6971641389515267
2,0.2,100,2,uniform,300,0.0005508126840451506,4.9719656022439946e-05,-0.0005161909587894472,1.0
2,0.2,100,3,complete_rollout,300,2.6727236933222665e-06,2.113802013145471e-07,-0.00021058734199514985,0.03507141374147999
2,0.2,100,3,tis,300,0.00010800752257339455,2.150707821333365e-05,-3.4619133637509386e-05,1.4172720213570615
2,0.2,100,3,uniform,300,7.62080397734625e-05,8.230553053572185e-06,-0.00045654531920348075,1.0
2,0.2,100,4,complete_rollout,300,2.628554550810823e-05,2.0063382838502502e-06,0.0007605379721437325,0.03306349832525146
2,0.2,100,4,tis,300,0.0008868831098923473,0.00015880508759423182,-0.00013162436764680652,1.1155735082452105
2,0.2,100,4,uniform,300,0.0007950019459384692,6.509673502049262e-05,0.0007551566127624069,1.0
2,0.2,100,5,complete_rollout,300,1.4526748522550572e-05,1.1814827139942383e-06,-0.0002931173844947621,0.02978582703491715
2,0.2,100,5,tis,300,0.00024216319925479397,3.4724489681648734e-05,0.0005490807806408149,0.49653445545837976
2,0.2,100,5,uniform,300,0.0004877067373526759,5.248345624244303e-05,0.000801669042041718,1.0
2,0.2,100,6,complete_rollout,300,5.491627400933785e-06,4.23186949160757e-07,-6.0392365183944045e-05,0.052422292451232866
2,0.2,100,6,tis,300,6.700635722541157e-05,1.875462274945347e-05,0.00029457033751107754,0.6396331357012723
2,0.2,100,6,uniform,300,0.00010475748282169284,7.684513608053348e-06,0.0013873841915923617,1.0
2,0.2,100,7,complete_rollout,300,5.111852434194755e-08,5.2112898499127135e-09,1.0679128054827957e-05,0.08211497963541585
2,0.2,100,7,tis,300,9.985156853641506e-07,3.7477368146394755e-07,3.1770132999988283e-05,1.6039800879392268
2,0.2,100,7,uniform,300,6.225237413308733e-07,3.511741591488716e-07,5.774485862066636e-05,1.0
2,0.2,100,8,complete_rollout,300,9.863829377727283e-06,7.63499495727798e-07,0.00023188456190139503,0.060194980514321164
2,0.2,100,8,tis,300,6.347085153382315e-05,8.048754985357604e-06,0.001108681055194343,0.38733705997925155
2,0.2,100,8,uniform,300,0.00016386464940179772,1.4043769495342846e-05,0.004537234277001132,1.0
2,0.2,100,9,complete_rollout,300,9.097987483204943e-06,7.597934939539681e-07,0.0002670331438272063,0.022587132125509373
2,0.2,100,9,tis,300,0.00019562311371437146,4.271335794840771e-05,-0.0004796174501632437,0.4856640135444028
2,0.2,100,9,uniform,300,0.0004027951593256893,3.972921518158745e-05,-0.0003109640071697376,1.0
2,0.2,100,10,complete_rollout,300,7.378916586742373e-07,6.567732013645617e-08,-2.008858356209083e-06,0.023686258912532964
2,0.2,100,10,tis,300,4.723336092272106e-05,1.6703808648266823e-05,0.0006622503142181183,1.5161868317291889
2,0.2,100,10,uniform,300,3.1152731269174855e-05,3.0554052548550592e-06,0.0006780553459580782,1.0
2,0.2,100,11,complete_rollout,300,8.515401266595931e-07,6.410903895718884e-08,8.31152814474397e-06,0.03189829431866386
2,0.2,100,11,tis,300,6.574884424633659e-05,2.971119990975831e-05,0.000473938406155288,2.4629209114417088
2,0.2,100,11,uniform,300,2.669547525496849e-05,3.037802383987243e-06,0.000387523778857178,1.0
2,0.2,100,12,complete_rollout,300,0.00013829583707427993,1.0439768296569869e-05,0.0005447101497070475,0.03355327933683669
2,0.2,100,12,tis,300,0.00241987368550875,0.00034692265871233164,0.011391248452505089,0.58710876225526
2,0.2,100,12,uniform,300,0.004121678709432462,0.0003542697619389411,0.016132499119995935,1.0
2,0.2,100,13,complete_rollout,300,1.997201119923082e-06,1.64968074501695e-07,0.0001273261312491225,0.026182593465892405
2,0.2,100,13,tis,300,7.99658733331448e-05,9.22906541913122e-06,2.1862906017644882e-05,1.048324042952375
2,0.2,100,13,uniform,300,7.627972845871057e-05,9.129282224565824e-06,-0.00018422962780671978,1.0
2,0.2,100,14,complete_rollout,300,7.778010144291723e-08,8.834302679848862e-09,2.718083768062929e-06,0.007375345593362099
2,0.2,100,14,tis,300,1.0287463756366195e-05,4.545024691603149e-06,-0.0002214806370953896,0.9754885770889784
2,0.2,100,14,uniform,300,1.054596024800794e-05,5.860623068429633e-06,-0.0002027504754501419,1.0
2,0.2,100,15,complete_rollout,300,5.49664569871646e-05,5.3160319689421195e-06,-0.00021791841179507387,0.021933474019701863
2,0.2,100,15,tis,300,0.004105896005227546,0.00046076407346360565,0.004770236231862007,1.6383912715947013
2,0.2,100,15,uniform,300,0.002506053392991492,0.00018960281842129797,-0.0040967431981199206,1.0
2,0.2,100,16,complete_rollout,300,5.328575274979532e-05,4.123347927935165e-06,0.00022612213056967108,0.057224617795740035
2,0.2,100,16,tis,300,0.0002876805610500196,4.157494012299139e-05,0.0018251374903915055,0.30894581203818433
2,0.2,100,16,uniform,300,0.0009311683468117819,7.403708705798403e-05,0.002578833872531344,1.0
2,0.2,100,17,complete_rollout,300,2.2233981511880922e-08,2.8207154031505998e-09,6.919025545337372e-06,0.03059972435832756
2,0.2,100,17,tis,300,6.840130511100278e-07,2.3588265345610507e-07,-7.1825383076632814e-06,0.9413793391112167
2,0.2,100,17,uniform,300,7.266072482064714e-07,3.0690149201839537e-07,-9.324157197941885e-06,1.0
2,0.2,100,18,complete_rollout,300,3.325052843623968e-05,2.8469555156521617e-06,-0.00031552851904045925,0.029299719240054808
2,0.2,100,18,tis,300,0.0004395374983889012,0.00011275843845132384,0.0009878228287437695,0.3873118986053403
2,0.2,100,18,uniform,300,0.001134841196388798,9.001031246522129e-05,0.002661119527357659,1.0
2,0.2,100,19,complete_rollout,300,4.278559995846146e-07,3.195620188947582e-08,-5.937684515176696e-06,0.021618754860751977
2,0.2,100,19,tis,300,2.195081881722472e-05,6.989481888933302e-06,-0.00010318678407741699,1.1091333800696512
2,0.2,100,19,uniform,300,1.979096401899495e-05,4.969742541250072e-06,-0.00015000412733143342,1.0
2,0.2,100,20,complete_rollout,300,0.0008341815020414991,6.0026113505159296e-05,-0.00017799410632757807,0.03047521098337751
2,0.2,100,20,tis,300,0.0021335130938063304,0.0009621377920686845,0.005285127525667766,0.07794378263054773
2,0.2,100,20,uniform,300,0.027372460275877912,0.002414868260591748,0.031425006809423374,1.0
2,0.2,100,21,complete_rollout,300,2.8857326783706552e-05,2.216763625497165e-06,0.00012679273782305748,0.02572374948361422
2,0.2,100,21,tis,300,0.0004475352883781734,7.489911232870718e-05,-0.00022633080784455103,0.39893804889152984
2,0.2,100,21,uniform,300,0.0011218165066522823,9.079249791935678e-05,5.622408152835915e-06,1.0
2,0.2,100,22,complete_rollout,300,4.139357937654081e-06,3.5416787350378657e-07,0.00028102297927364033,0.02452257418518098
2,0.2,100,22,tis,300,0.0001400379030127021,4.389218015029026e-05,0.004092724791147025,0.8296189691951078
2,0.2,100,22,uniform,300,0.00016879785565723765,1.660684876364667e-05,0.0039014206186715064,1.0
2,0.2,100,23,complete_rollout,300,2.335969648203011e-07,2.0843947306421326e-08,-5.829859657593047e-06,0.038272199580847266
2,0.2,100,23,tis,300,5.086745574688711e-06,2.322282961293032e-06,0.0003780106659752125,0.8334052713451992
2,0.2,100,23,uniform,300,6.103567795387467e-06,2.063648340336683e-06,0.0002476049185273732,1.0
2,0.2,100,24,complete_rollout,300,2.070408118544241e-05,1.5921453530262466e-06,-0.00032911489668075556,0.03497207227299022
2,0.2,100,24,tis,300,0.00048659779508927303,8.148323645154463e-05,0.003266488718993517,0.8219313431646067
2,0.2,100,24,uniform,300,0.0005920175682992819,4.4622970575742864e-05,0.00040763317006733415,1.0
2,0.2,100,25,complete_rollout,300,9.671715703847162e-08,7.505610503839095e-09,1.073143037379228e-05,0.17153025482176779
2,0.2,100,25,tis,300,4.998114579694647e-07,9.722883990060319e-08,-2.396094765233651e-05,0.8864279035232522
2,0.2,100,25,uniform,300,5.638489672796655e-07,1.081770055294334e-07,-6.338822774633343e-05,1.0
2,0.2,100,26,complete_rollout,300,2.1028681037288823e-06,1.5406205440587244e-07,3.3512505373674747e-06,0.017445420066412733
2,0.2,100,26,tis,300,0.00014770593728041616,2.6546703823066285e-05,-0.0006506152431396665,1.225370301442497
2,0.2,100,26,uniform,300,0.00012053983771806596,1.8061618301020672e-05,-0.000739216718530297,1.0
2,0.2,100,27,complete_rollout,300,2.2282895647038696e-05,1.7411233428821127e-06,-0.00013377509266321013,0.03440738767621387
2,0.2,100,27,tis,300,0.0006813353006962133,0.00012450524135151575,-0.0002799395472356851,1.0520611055170397
2,0.2,100,27,uniform,300,0.0006476195129002211,5.937302580985601e-05,-0.0009328638187520958,1.0
2,0.2,100,28,complete_rollout,300,1.4868257322397432e-05,1.362303763393017e-06,-8.330731499583818e-05,0.02218963957623914
2,0.2,100,28,tis,300,0.0001577777159321669,4.465686492202504e-05,-0.0009147273657104745,0.2354701411054476
2,0.2,100,28,uniform,300,0.000670054025497489,5.259459993707669e-05,-0.00016573670042522228,1.0
2,0.2,100,29,complete_rollout,300,0.00011514888745906174,9.48355289251929e-06,-0.0008773469965764414,0.026731981456168275
2,0.2,100,29,tis,300,0.00071929712732613,0.0001900537832658461,0.0007412197312766009,0.16698587275533452
2,0.2,100,29,uniform,300,0.004307532819737599,0.0003290344405085424,-0.000987295816275239,1.0
2,0.2,100,30,complete_rollout,300,2.5844701776747786e-05,1.898725931867545e-06,-0.00033279134020754034,0.03953892783535589
2,0.2,100,30,tis,300,0.00034707841418446435,4.3678768754010364e-05,0.0008685833297708556,0.530983429028995
2,0.2,100,30,uniform,300,0.0006536520637172497,5.137395935746824e-05,0.002471349074932833,1.0
2,0.2,100,31,complete_rollout,300,0.00011382160143874442,8.988391134963466e-06,6.430737014899749e-05,0.02340416233059532
2,0.2,100,31,tis,300,0.001357797088249702,0.00022793816518981542,-0.0027397877680383105,0.2791922013371756
2,0.2,100,31,uniform,300,0.004863305929558949,0.0003983934715595287,-0.0013882859346942835,1.0
2,0.2,100,32,complete_rollout,300,4.379156861364098e-05,3.5915371014131328e-06,-0.0004919184677398052,0.023731161898493936
2,0.2,100,32,tis,300,0.0005614781397464477,0.00011685537636234426,-0.0009061414660774255,0.3042715540597829
2,0.2,100,32,uniform,300,0.0018453191967992158,0.00013247497216902274,0.0004233946173232794,1.0
2,0.2,100,33,complete_rollout,300,1.8745687343041564e-05,1.5341564430063154e-06,-0.00017983710959314244,0.021142707718101724
2,0.2,100,33,tis,300,0.002556397571513949,0.0005149476121654179,-0.002281154609464372,2.88328540195394
2,0.2,100,33,uniform,300,0.0008866266134394931,7.548011486639748e-05,-0.00034804539205122276,1.0
2,0.2,100,34,complete_rollout,300,1.540653790455207e-06,1.444943456126157e-07,-5.033748842805127e-05,0.03243778321179342
2,0.2,100,34,tis,300,3.2293708564269186e-05,1.1563736424237018e-05,-0.000500376091450373,0.6799297311325809
2,0.2,100,34,uniform,300,4.74956559267919e-05,1.0503026836042815e-05,0.00039060553151490856,1.0
2,0.2,100,35,complete_rollout,300,5.56446239226319e-08,4.421666662640899e-09,2.2404077739692773e-05,0.07089464372070406
2,0.2,100,35,tis,300,0.00032876104654797663,0.00019149226868398156,0.002598558244511968,418.86161898894557
2,0.2,100,35,uniform,300,7.848917915695999e-07,4.0498103741487316e-07,3.6095673181384035e-05,1.0
2,0.2,100,36,complete_rollout,300,3.904563474562813e-14,0.0,1.9759968306054532e-07,1.139086579155204e-09
2,0.2,100,36,tis,300,3.04165516662142e-05,7.455057610651761e-06,0.0019089862846788797,0.8873485093245879
2,0.2,100,36,uniform,300,3.427802193454519e-05,6.2366250656563424e-06,0.0024517716737571423,1.0
2,0.2,100,37,complete_rollout,300,2.9055726064597526e-05,2.221044065893251e-06,1.829986186425344e-05,0.04850984239870553
2,0.2,100,37,tis,300,0.0002781391857491165,7.171799125509994e-05,0.0027276476237721383,0.4643658890367096
2,0.2,100,37,uniform,300,0.000598965583639432,4.8893516869670295e-05,0.002175756312820698,1.0
2,0.2,100,38,complete_rollout,300,6.026019749878914e-07,4.9837474416413166e-08,-3.0269367832385466e-05,0.09560181305750455
2,0.2,100,38,tis,300,7.329170276069828e-05,6.517015727372604e-05,0.0007444085206181986,11.627608200479697
2,0.2,100,38,uniform,300,6.303248397866952e-06,5.341943343707044e-07,0.0001861114827986358,1.0
2,0.2,100,39,complete_rollout,300,1.7077171862119554e-06,1.365691552313387e-07,0.0001135071090790618,0.022782117685481922
2,0.2,100,39,tis,300,7.615875846241539e-05,1.225366622652461e-05,-0.0010017400593431798,1.016010034963477
2,0.2,100,39,uniform,300,7.495866757374408e-05,8.868660982084955e-06,-0.0006812568306846996,1.0
2,0.2,100,40,complete_rollout,300,1.1193843825148092e-06,9.609305798106761e-08,-0.0001459438212566233,0.030296140956854647
2,0.2,100,40,tis,300,9.236701984463766e-05,2.823358063005103e-05,-0.00039554872893614795,2.499913610274718
2,0.2,100,40,uniform,300,3.694808471181024e-05,3.4196077046406125e-06,-0.0003225746718874719,1.0
2,0.2,100,41,complete_rollout,300,2.82895177103035e-08,2.414361445117065e-09,2.8449066411802744e-06,0.021015905283146785
2,0.2,100,41,tis,300,2.0481144910365805e-06,6.433450538812769e-07,-4.927626515280448e-05,1.5215169305268224
2,0.2,100,41,uniform,300,1.346100362042915e-06,4.09176971482248e-07,-9.492700196332601e-06,1.0
2,0.2,100,42,complete_rollout,300,8.084985308810728e-06,6.681890745693013e-07,-0.00020247717988592374,0.01797530036538206
2,0.2,100,42,tis,300,8.52950516171927e-05,1.2139581441361082e-05,0.0004950518240042296,0.18963598744316512
2,0.2,100,42,uniform,300,0.0004497830436470085,3.5341064973813547e-05,0.005075924020765437,1.0
2,0.2,100,43,complete_rollout,300,4.38578670823774e-10,1.9975471929982503e-10,1.9831910957827473e-06,19.25847633498513
2,0.2,100,43,tis,300,2.3382424665936697e-11,4.502145696062816e-13,4.70468834864383e-06,1.0267482256665743
2,0.2,100,43,uniform,300,2.2773279837670638e-11,1.689442929663485e-13,4.643345756050928e-06,1.0
2,0.2,100,44,complete_rollout,300,9.781330218559594e-06,7.292973176833962e-07,-0.00035159736657746444,0.06472270045538794
2,0.2,100,44,tis,300,8.89125469509226e-05,1.373468178621769e-05,0.0013762924605114463,0.5883310362133563
2,0.2,100,44,uniform,300,0.00015112673219347001,1.1551809279101115e-05,-0.0013289107568907983,1.0
2,0.2,100,45,complete_rollout,300,7.528639683896643e-05,6.873961237472263e-06,0.0004658105741882908,0.023703948799039098
2,0.2,100,45,tis,300,0.00022816494870492,2.6204046734111198e-05,0.0003133012789083504,0.07183781518200566
2,0.2,100,45,uniform,300,0.0031761120257743033,0.00032265869689045444,-0.0035564756488482095,1.0
2,0.2,100,46,complete_rollout,300,4.584872204462998e-08,4.151226644153664e-09,4.994416179419092e-06,0.39588178345282465
2,0.2,100,46,tis,300,7.468727838906316e-07,3.2971470843966954e-07,1.7861703105994478e-05,6.44888922773432
2,0.2,100,46,uniform,300,1.1581417473858974e-07,1.072492064575497e-08,7.255037873531823e-05,1.0
2,0.2,100,47,complete_rollout,300,2.8540116296610845e-07,2.6041651407898196e-08,2.5976337460561123e-05,0.030319309313114957
2,0.2,100,47,tis,300,1.0847119287092942e-05,1.470338872074151e-06,0.00034765426740011337,1.152332952689055
2,0.2,100,47,uniform,300,9.413181547729222e-06,1.06637259439617e-06,0.00017710667934085859,1.0
2,0.2,100,48,complete_rollout,300,8.126656973762188e-07,5.547312078540721e-08,6.722342697964678e-05,0.031155305799522942
2,0.2,100,48,tis,300,0.00011095110258835139,8.638515677461035e-05,-0.0005447326043677677,4.253551664718614
2,0.2,100,48,uniform,300,2.608434346963343e-05,2.5050014901484716e-06,-0.0004081710581647439,1.0
2,0.2,100,49,complete_rollout,300,8.990033710809137e-07,7.371598270298335e-08,-2.8506570307978615e-05,0.0177891981441438
2,0.2,100,49,tis,300,6.279364120616354e-05,8.083114048498603e-06,-0.000859383317028349,1.242540975419966
2,0.2,100,49,uniform,300,5.0536475213575906e-05,5.843423931913386e-06,-0.0006368999362017565,1.0
2,0.2,200,0,complete_rollout,300,1.3086609885485044e-06,1.2015630524927468e-07,6.812066884450611e-05,0.021603572669243922
2,0.2,200,0,tis,300,7.130931608183046e-05,2.6799306209526877e-05,4.442655250481117e-05,1.1771849282957438
2,0.2,200,0,uniform,300,6.057613750208959e-05,4.788887210789631e-06,-8.091865756995498e-05,1.0
2,0.2,200,1,complete_rollout,300,1.6755019585571927e-06,1.4199492797928578e-07,-4.234269794810934e-05,0.05961147877775915
2,0.2,200,1,tis,300,1.331233538782642e-05,3.2924575298497623e-06,-0.00020315576615374939,0.47363000347500855
2,0.2,200,1,uniform,300,2.810703563995995e-05,2.3770876117131333e-06,-0.00015386068227860446,1.0
2,0.2,200,2,complete_rollout,300,6.828712126951492e-06,6.506607274003315e-07,-3.9766966115337326e-05,0.02236496591810167
2,0.2,200,2,tis,300,0.0002061248695421619,2.998837953219391e-05,-0.0023509633583480467,0.675087131582103
2,0.2,200,2,uniform,300,0.0003053307638365098,2.5693131186168407e-05,-0.002093137718048711,1.0
2,0.2,200,3,complete_rollout,300,1.2774548661403015e-06,9.993808082706488e-08,-2.2003703411648257e-05,0.03519235363985518
2,0.2,200,3,tis,300,5.9604280863246296e-05,2.3392981089890673e-05,-6.827225057435272e-05,1.6420266470363403
2,0.2,200,3,uniform,300,3.629921656315677e-05,2.7299239118247974e-06,7.887829190762252e-05,1.0
2,0.2,200,4,complete_rollout,300,1.513230293436066e-05,1.1206066298819067e-06,0.0003586352452410198,0.04025934924253886
2,0.2,200,4,tis,300,0.0002328253467157953,6.279992294179603e-05,0.0006552998151856249,0.6194296391372386
2,0.2,200,4,uniform,300,0.00037587052992827703,3.216209475776334e-05,0.001779385779429078,1.0
2,0.2,200,5,complete_rollout,300,9.841655428860907e-06,7.036086248382944e-07,5.7605041227755484e-05,0.04676056282552583
2,0.2,200,5,tis,300,0.00010579224016597964,1.9671294753775012e-05,-0.0004478673226277811,0.5026496536576034
2,0.2,200,5,uniform,300,0.0002104691396804255,1.6807611832683398e-05,-3.2703643143465745e-05,1.0
2,0.2,200,6,complete_rollout,300,2.665762925328273e-06,2.2958991706242995e-07,9.44611146695018e-05,0.04195982719554485
2,0.2,200,6,tis,300,7.594385041708278e-05,2.1091422554229906e-05,0.0010920941438804731,1.195376681770263
2,0.2,200,6,uniform,300,6.353131324647864e-05,4.661497416843655e-06,0.0010299605804812558,1.0
2,0.2,200,7,complete_rollout,300,2.2663162118331328e-08,3.133013276404207e-09,-1.8361344603664194e-06,0.0994400073870154
2,0.2,200,7,tis,300,3.111325198313306e-07,4.5290157046041685e-08,2.45532304207056e-05,1.365167839722723
2,0.2,200,7,uniform,300,2.2790788852345378e-07,6.424560629354789e-08,2.890691954003192e-06,1.0
2,0.2,200,8,complete_rollout,300,6.249728823045543e-06,4.767960428676853e-07,9.030947032625265e-05,0.08273410094379656
2,0.2,200,8,tis,300,2.280156423822647e-05,2.2473356075190963e-06,0.00045040747958843277,0.3018478034447901
2,0.2,200,8,uniform,300,7.55399376043398e-05,6.8452598096563715e-06,0.0015761231658900261,1.0
2,0.2,200,9,complete_rollout,300,4.3845150621342224e-06,3.133222077497197e-07,0.00016435711615116403,0.024705857504581628
2,0.2,200,9,tis,300,6.456590266313527e-05,1.0421240111890126e-05,0.0004667094043700696,0.3638158309972012
2,0.2,200,9,uniform,300,0.00017746864529276618,1.53623723185197e-05,0.00032627904838581576,1.0
2,0.2,200,10,complete_rollout,300,4.060158559682111e-07,3.370437825844536e-08,-5.715741350472518e-05,0.024343536687327545
2,0.2,200,10,tis,300,1.7798985690719033e-05,5.747435603947432e-06,9.920000804800895e-05,1.0671757144212641
2,0.2,200,10,uniform,300,1.667858952391128e-05,1.5993871079913075e-06,6.67960866988393e-05,1.0
2,0.2,200,11,complete_rollout,300,4.0270849239657095e-07,3.4907148714937964e-08,-6.746177262853462e-05,0.02844094556107637
2,0.2,200,11,tis,300,3.4094825987092324e-05,1.2088824584757251e-05,0.00042628307960112556,2.407918154500587
2,0.2,200,11,uniform,300,1.4159462157534896e-05,1.2523966919943686e-06,9.802377885717954e-05,1.0
2,0.2,200,12,complete_rollout,300,7.240116361528282e-05,5.4100956076219e-06,-0.0006574164274195097,0.0349097040532765
2,0.2,200,12,tis,300,0.0006863897833832046,0.00012727864004743902,0.0010797551942713065,0.3309568935994598
2,0.2,200,12,uniform,300,0.002073955239058737,0.00018513286366658916,0.005305131064440402,1.0
2,0.2,200,13,complete_rollout,300,8.654070897710511e-07,8.170345437799244e-08,-5.763001840034902e-06,0.01898999228185076
2,0.2,200,13,tis,300,5.5116163944711816e-05,8.739667521294767e-06,-0.0006354296285622185,1.209437200465041
2,0.2,200,13,uniform,300,4.557174520803485e-05,6.170451607648554e-06,-0.00034143333151042304,1.0
2,0.2,200,14,complete_rollout,300,5.460606949801059e-08,7.036497572378517e-09,-9.89892884893558e-06,0.03330110656508527
2,0.2,200,14,tis,300,1.8438979255951878e-06,8.965207169648793e-07,3.910186712887231e-05,1.1244874769392088
2,0.2,200,14,uniform,300,1.6397674170762432e-06,7.099676872167371e-07,3.038146899430272e-05,1.0
2,0.2,200,15,complete_rollout,300,2.7158902943940483e-05,1.966480209453349e-06,-0.0002313392502159084,0.02152168747215692
2,0.2,200,15,tis,300,0.0017505978465966257,0.0002260729835672059,0.0065258560729889075,1.3872364366723975
2,0.2,200,15,uniform,300,0.0012619318526521934,9.954461912715176e-05,0.0020899072648430466,1.0
2,0.2,200,16,complete_rollout,300,2.624459765274579e-05,2.0790061434105084e-06,-0.00039536749091996227,0.048398993207213095
2,0.2,200,16,tis,300,9.53020648970469e-05,1.982302622254228e-05,0.0002683753217259925,0.17575136996253315
2,0.2,200,16,uniform,300,0.0005422550328760651,4.294111969566789e-05,0.002525373224383211,1.0
2,0.2,200,17,complete_rollout,300,1.0483231741226867e-08,1.0937898418018357e-09,-1.9841083578335066e-06,0.02262681071711388
2,0.2,200,17,tis,300,5.699416161790968e-07,1.7359098599861082e-07,-4.902658206740888e-05,1.2301512918363817
2,0.2,200,17,uniform,300,4.6331017978144983e-07,1.315479032921498e-07,-3.49236942349788e-05,1.0
2,0.2,200,18,complete_rollout,300,1.7004579181189952e-05,1.3260127387693856e-06,2.4052270540369698e-05,0.02610385852581552
2,0.2,200,18,tis,300,8.448367978337514e-05,4.6146688976700156e-05,-0.00043898250037239573,0.12969153786793086
2,0.2,200,18,uniform,300,0.0006514201402207724,5.543297375402866e-05,0.0008070431384687793,1.0
2,0.2,200,19,complete_rollout,300,2.747791655549471e-07,2.166493232688612e-08,-4.1428120005594373e-05,0.04317297948154435
2,0.2,200,19,tis,300,7.968812538808285e-06,1.9909567356285183e-06,6.039787010291027e-05,1.2520504585397574
2,0.2,200,19,uniform,300,6.36460973633775e-06,9.285105602713616e-07,0.0001498083726685669,1.0
2,0.2,200,20,complete_rollout,300,0.0004219785907202786,3.351697267241152e-05,0.0017325879042543971,0.026219668546715286
2,0.2,200,20,tis,300,0.00037085938102553254,3.052733006968613e-05,0.0006009881070886924,0.023043372961959532
2,0.2,200,20,uniform,300,0.016093971209759732,0.0011725412072285581,0.00514135403164558,1.0
2,0.2,200,21,complete_rollout,300,1.4482999632358289e-05,1.1061556018576548e-06,0.0003442021802325453,0.02478016791144125
2,0.2,200,21,tis,300,0.00014177208931175772,3.137956100468911e-05,0.0006226805612429595,0.24256965183179754
2,0.2,200,21,uniform,300,0.0005844593016527278,5.028405571871868e-05,0.0008517288896343171,1.0
2,0.2,200,22,complete_rollout,300,1.808421563544012e-06,2.060861757845626e-07,0.00010101687426754213,0.027994366942701875
2,0.2,200,22,tis,300,9.796963789415064e-05,2.0729956952562284e-05,0.00204088738786407,1.5165700563079667
2,0.2,200,22,uniform,300,6.459948057569729e-05,6.751482768959431e-06,0.0017275710816344776,1.0
2,0.2,200,23,complete_rollout,300,1.1414511986614948e-07,9.054881713780656e-09,-2.1957250784961543e-05,0.017497806087131192
2,0.2,200,23,tis,300,8.294270329392928e-06,1.840428268965348e-06,-0.00022271301171146248,1.2714650790866004
2,0.2,200,23,uniform,300,6.523396093073508e-06,1.3418701872646018e-06,-0.00015070758147262887,1.0
2,0.2,200,24,complete_rollout,300,1.2218664906186142e-05,9.491096224891259e-07,-4.3431135997022235e-05,0.03946885623968944
2,0.2,200,24,tis,300,0.0002592913758636308,0.00011524973104887338,-0.002025070253524342,0.8375656519536454
2,0.2,200,24,uniform,300,0.0003095773749303429,2.279377400437189e-05,0.0006419155774747405,1.0
2,0.2,200,25,complete_rollout,300,6.430580430482496e-08,6.262082251785318e-09,-1.549974585756342e-05,0.25767223832485286
2,0.2,200,25,tis,300,2.676192205573132e-07,7.747910276371502e-08,-6.1496248299452995e-06,1.072345557686794
2,0.2,200,25,uniform,300,2.495643485805144e-07,5.9314665241943084e-08,1.665343892037541e-05,1.0
2,0.2,200,26,complete_rollout,300,1.1555866871679907e-06,9.265436509645669e-08,-1.013828827702105e-06,0.023686722791496778
2,0.2,200,26,tis,300,5.258248706026131e-05,7.833818644993145e-06,0.00020031074853275635,1.0778133813017987
2,0.2,200,26,uniform,300,4.8786262976946355e-05,6.09232211711005e-06,-9.260097778957717e-05,1.0
2,0.2,200,27,complete_rollout,300,1.0423770175406433e-05,8.426613734214544e-07,-0.00020235466124279177,0.0318949402073355
2,0.2,200,27,tis,300,0.0003647179072295178,6.380791327088285e-05,-0.000458392421532395,1.1159739372492867
2,0.2,200,27,uniform,300,0.00032681579296421056,2.8836055472041358e-05,0.00039297182939606045,1.0
2,0.2,200,28,complete_rollout,300,6.716009637555151e-06,5.486405123833506e-07,0.0002464240647355239,0.025721658700392648
2,0.2,200,28,tis,300,2.723026532211615e-05,9.065472169227362e-06,3.573210392739908e-05,0.1042892474453894
2,0.2,200,28,uniform,300,0.0002611032871473654,2.0704184776750128e-05,0.0014122818180932917,1.0
2,0.2,200,29,complete_rollout,300,4.9912985461967304e-05,5.162696785813211e-06,0.00011583574660631813,0.01831441645137804
2,0.2,200,29,tis,300,0.0003396427178019047,9.543748387041384e-05,-0.0018356339946656137,0.12462404564523073
2,0.2,200,29,uniform,300,0.002725338565630994,0.0002029802283679855,-0.0049004671125715375,1.0
2,0.2,200,30,complete_rollout,300,1.2607768076807186e-05,1.0649933403500757e-06,-0.00013082756324371688,0.03170779731659773
2,0.2,200,30,tis,300,0.0001489145701655171,2.770767858193992e-05,0.0003308247325754077,0.3745114107057903
2,0.2,200,30,uniform,300,0.00039762358611418073,3.076590815893605e-05,0.0022521638897476277,1.0
2,0.2,200,31,complete_rollout,300,6.063974058753367e-05,4.689380892775298e-06,-0.0008008432200016169,0.023412335034495753
2,0.2,200,31,tis,300,0.00031128339341434107,4.751651061371124e-05,0.0007666868411184465,0.12018308499805068
2,0.2,200,31,uniform,300,0.002590076577077298,0.00021704592322082956,0.0023264571208612803,1.0
2,0.2,200,32,complete_rollout,300,1.8420644147451053e-05,1.4625011468560576e-06,0.0003315145806932185,0.022789529758462393
2,0.2,200,32,tis,300,9.194821252937391e-05,2.4770694992401165e-05,0.0012500268363746256,0.11375587677076694
2,0.2,200,32,uniform,300,0.0008082941746795346,5.664559338979508e-05,0.0024110543395454973,1.0
2,0.2,200,33,complete_rollout,300,9.007558461567132e-06,8.461223486355945e-07,0.00016433260957654332,0.020032590193249742
2,0.2,200,33,tis,300,0.0011043677398531477,0.00019539667893436557,0.0012212744368303133,2.456086901852262
2,0.2,200,33,uniform,300,0.00044964522184466957,4.054275731057546e-05,-0.001990059280940116,1.0
2,0.2,200,34,complete_rollout,300,7.733931867986436e-07,6.407184001380168e-08,-3.23073703979726e-05,0.029219260184211567
2,0.2,200,34,tis,300,1.094327336710217e-05,4.27280624935017e-06,2.9930399650995863e-05,0.41344345571996977
2,0.2,200,34,uniform,300,2.6468609469330145e-05,3.5854558769119557e-06,0.0002012999759593522,1.0
2,0.2,200,35,complete_rollout,300,3.2902000626633346e-08,2.666565624672694e-09,1.745902279469987e-05,0.1798090927114974
2,0.2,200,35,tis,300,0.00027034126514384043,0.00013025222250916514,0.0024384452949832505,1477.4122145218087
2,0.2,200,35,uniform,300,1.8298296337785546e-07,2.4625430801730226e-08,-3.047145644824593e-05,1.0
2,0.2,200,36,complete_rollout,300,1.0432521908883511e-11,7.324758928933935e-12,-6.695058148912618e-08,1.0194140961700597e-06
2,0.2,200,36,tis,300,6.307447957989111e-06,1.687120299581714e-06,0.0007666825247640093,0.6163324089219465
2,0.2,200,36,uniform,300,1.0233841132939511e-05,2.7062165528259307e-06,0.0011364175070904732,1.0
2,0.2,200,37,complete_rollout,300,1.4623225883365808e-05,1.133696825064082e-06,-4.7349303784900986e-05,0.03862113827031918
2,0.2,200,37,tis,300,0.00016211328050695295,6.325546658417097e-05,0.0005991063208711312,0.4281544627602363
2,0.2,200,37,uniform,300,0.0003786327005955683,2.7945758297877863e-05,0.0005438234424503284,1.0
2,0.2,200,38,complete_rollout,300,2.6091040504438126e-07,1.958815844313759e-08,8.100595537572734e-06,0.0691359635830564
2,0.2,200,38,tis,300,4.112435244895296e-06,6.824012782769707e-07,4.0986573194063215e-05,1.089711900452556
2,0.2,200,38,uniform,300,3.7738738497647012e-06,3.5901748525358195e-07,-3.697416534951111e-05,1.0
2,0.2,200,39,complete_rollout,300,7.388656442016102e-07,6.019386934208686e-08,-3.169732597759767e-06,0.025127232359302667
2,0.2,200,39,tis,300,2.8164837678261995e-05,7.067878846966705e-06,0.0006367899666694429,0.9578255888030225
2,0.2,200,39,uniform,300,2.94049751933012e-05,2.4250829060479877e-06,0.0005764792804264107,1.0
2,0.2,200,40,complete_rollout,300,5.785644082354532e-07,4.483012644934246e-08,-4.611679642958148e-05,0.03127235104098047
2,0.2,200,40,tis,300,3.6305232920948024e-05,1.153880101705433e-05,-4.25052459515605e-05,1.9623571245786073
2,0.2,200,40,uniform,300,1.8500828654592693e-05,1.3293572793466727e-06,0.0006396429207051196,1.0
2,0.2,200,41,complete_rollout,300,1.3536259984096931e-08,1.081487754863652e-09,-1.418422622334603e-06,0.02403410285827955
2,0.2,200,41,tis,300,5.492772586665864e-07,1.463950201057982e-07,5.043656437149065e-05,0.9752609766668343
2,0.2,200,41,uniform,300,5.632105372900907e-07,1.3123122857431573e-07,2.5153133136991782e-05,1.0
2,0.2,200,42,complete_rollout,300,3.6997287478126177e-06,2.9601065120036024e-07,-9.94450268537513e-05,0.01783136263510577
2,0.2,200,42,tis,300,3.080399167220939e-05,7.5883727865792945e-06,0.0003971769909819163,0.1484641668502567
2,0.2,200,42,uniform,300,0.00020748435346879885,1.649718577844648e-05,0.0029591254096543265,1.0
2,0.2,200,43,complete_rollout,300,5.825882511723718e-10,1.471595166991581e-10,-1.4763123637181093e-06,16.2252854539182
2,0.2,200,43,tis,300,4.198018063826468e-11,1.6189709963251104e-11,4.0171217889861665e-06,1.1691626339738248
2,0.2,200,43,uniform,300,3.5906194243977635e-11,1.2473780025194465e-11,4.069271681974944e-06,1.0
2,0.2,200,44,complete_rollout,300,5.007499644388746e-06,4.2723286567348035e-07,-0.00010437514435522099,0.06065532334212212
2,0.2,200,44,tis,300,5.503153332692079e-05,7.916224293591992e-06,-0.0005945472925416898,0.6665912501257115
2,0.2,200,44,uniform,300,8.255663919462259e-05,7.051341263716514e-06,-0.00021433205318709662,1.0
2,0.2,200,45,complete_rollout,300,3.445399085504925e-05,2.7792454655015846e-06,5.970556808328957e-05,0.02123346498917755
2,0.2,200,45,tis,300,0.00011587160385177764,1.5229279619104644e-05,0.00044271053842970774,0.07140988845029557
2,0.2,200,45,uniform,300,0.0016226268709610067,0.00012748109983094788,0.0006163113881888261,1.0
2,0.2,200,46,complete_rollout,300,2.3635922888699026e-08,2.2899072256131054e-09,-3.725567540531956e-06,0.17430496016326624
2,0.2,200,46,tis,300,1.376553495200446e-07,1.4356048049575265e-08,2.7462261674154885e-06,1.0151501308977469
2,0.2,200,46,uniform,300,1.356009769691004e-07,6.12989605052485e-08,7.041119476059824e-06,1.0
2,0.2,200,47,complete_rollout,300,1.3921620896511506e-07,1.1175942946570811e-08,9.380895865089093e-06,0.021992747504247193
2,0.2,200,47,tis,300,2.1849002056653998e-05,1.213384824990298e-05,8.561081294597614e-05,3.4516065982817996
2,0.2,200,47,uniform,300,6.330096270974326e-06,7.000953696570484e-07,-0.00011799054288135806,1.0
2,0.2,200,48,complete_rollout,300,3.253790282027225e-07,2.4581850856665273e-08,4.128732604351463e-05,0.02765793180966703
2,0.2,200,48,tis,300,3.5885614472969726e-05,1.6728308452833594e-05,-0.00028277094407003174,3.050356021787062
2,0.2,200,48,uniform,300,1.1764401996572848e-05,9.132863760974938e-07,1.805116405747801e-05,1.0
2,0.2,200,49,complete_rollout,300,4.272202852119351e-07,3.4592086658188e-08,-1.991886172039677e-05,0.020093650504427796
2,0.2,200,49,tis,300,2.5848184249424122e-05,3.0258388188372483e-06,-0.0005397462548968261,1.2157296796530337
2,0.2,200,49,uniform,300,2.1261456952174706e-05,2.198084441997565e-06,-0.00046471243620177884,1.0
2,0.2,400,0,complete_rollout,300,6.567439094604244e-07,5.443283324871078e-08,-7.044770722382113e-05,0.02156921669445513
2,0.2,400,0,tis,300,1.3998892125091375e-05,4.201474540162193e-06,0.0004812653601694946,0.4597608495166299
2,0.2,400,0,uniform,300,3.0448203973455172e-05,2.4073175026873067e-06,-0.0002887681946069861,1.0
2,0.2,400,1,complete_rollout,300,9.012125797836779e-07,8.42740911688982e-08,-1.915384975917626e-05,0.07278922375773092
2,0.2,400,1,tis,300,3.901928515553948e-06,1.26327276587709e-06,2.913359799183723e-07,0.31515133518609045
2,0.2,400,1,uniform,300,1.2381126398369655e-05,1.1160319298206636e-06,7.588758161027813e-05,1.0
2,0.2,400,2,complete_rollout,300,3.5961008379108265e-06,2.7672066709822034e-07,5.561357926520201e-05,0.028331178893089996
2,0.2,400,2,tis,300,6.89419791700918e-05,1.0182484308156767e-05,-0.00024978561874692087,0.5431459330952135
2,0.2,400,2,uniform,300,0.00012693085774796047,1.1831610210665259e-05,-9.381422267834154e-05,1.0
2,0.2,400,3,complete_rollout,300,6.632954429417068e-07,6.260334042220157e-08,0.00010154635763842753,0.03426046021105874
2,0.2,400,3,tis,300,2.435349095813203e-05,4.948662275078323e-06,0.00014700177556924135,1.2579037242756823
2,0.2,400,3,uniform,300,1.93603774980117e-05,1.6223548860898653e-06,0.0002480206530187353,1.0
2,0.2,400,4,complete_rollout,300,6.405047917209968e-06,5.142937321049597e-07,-6.196915036336347e-05,0.032110786292668184
2,0.2,400,4,tis,300,4.2822314306199974e-05,2.7700371854066493e-05,-0.00014386657256190965,0.2146835122886682
2,0.2,400,4,uniform,300,0.00019946717775243096,1.5778363048210178e-05,0.0003498580016512916,1.0
2,0.2,400,5,complete_rollout,300,3.977645065226209e-06,3.4095513240600886e-07,-2.3510139887452652e-05,0.04361840305921079
2,0.2,400,5,tis,300,2.759322501843467e-05,4.424863298660436e-06,-0.000293597079156099,0.30258416495719564
2,0.2,400,5,uniform,300,9.119190035056223e-05,6.976721684731116e-06,-0.0010896046848101323,1.0
2,0.2,400,6,complete_rollout,300,1.277981124169426e-06,1.0787303229621998e-07,-0.00010496399725563303,0.03636924643146558
2,0.2,400,6,tis,300,6.431834616920665e-05,1.2881733680601945e-05,0.0011463870104499118,1.8303946260649702
2,0.2,400,6,uniform,300,3.513905977066809e-05,2.8935942973437146e-06,0.0005030138212220018,1.0
2,0.2,400,7,complete_rollout,300,1.1959388717035715e-08,1.3638388399745637e-09,9.315676691449282e-06,0.14190836597637288
2,0.2,400,7,tis,300,3.123736488248101e-07,6.534958527626654e-08,-3.45586425962674e-05,3.706580254863854
2,0.2,400,7,uniform,300,8.427543108365366e-08,2.12970492533952e-08,1.7591502139184442e-05,1.0
2,0.2,400,8,complete_rollout,300,2.6192521259360772e-06,2.0385603458879022e-07,1.4688794705559245e-05,0.0585481640563466
2,0.2,400,8,tis,300,9.06319879989199e-06,1.2716184287086483e-06,7.778351503185139e-05,0.20258975642588062
2,0.2,400,8,uniform,300,4.473670811291906e-05,4.082317075595246e-06,0.0016695375177418878,1.0
2,0.2,400,9,complete_rollout,300,2.4861825684195302e-06,2.000847048010268e-07,-0.00019524809345406163,0.021311499199245385
2,0.2,400,9,tis,300,2.1961343559559655e-05,3.1919190242351036e-06,0.00018570194096580007,0.18825212662537297
2,0.2,400,9,uniform,300,0.00011665920567932466,8.642459871933722e-06,0.0007748652752376654,1.0
2,0.2,400,10,complete_rollout,300,1.8056398316710503e-07,1.4430976934003638e-08,2.1017189669884456e-05,0.022590255078779334
2,0.2,400,10,tis,300,8.38859130627726e-06,1.769193800516712e-06,2.934131386022572e-05,1.0494917869919753
2,0.2,400,10,uniform,300,7.993003290021363e-06,6.697985957089033e-07,-0.00034609569570858074,1.0
2,0.2,400,11,complete_rollout,300,2.2886567575220625e-07,1.836439227394495e-08,-2.2279639946395e-05,0.02770091125829925
2,0.2,400,11,tis,300,2.2656805308971304e-05,5.7474105820596395e-06,0.00015170022157442306,2.742281695136748
2,0.2,400,11,uniform,300,8.262026964316476e-06,7.293420063270783e-07,-2.0148096142823535e-05,1.0
2,0.2,400,12,complete_rollout,300,3.403920252376413e-05,3.0248951802163787e-06,8.655487905184925e-05,0.024184587267647842
2,0.2,400,12,tis,300,0.00045275073715891076,8.903853433696055e-05,0.002271460261336208,0.32167585905302043
2,0.2,400,12,uniform,300,0.001407475023123466,0.00011688595931259517,0.006814735231107079,1.0
2,0.2,400,13,complete_rollout,300,4.6674122538135764e-07,4.084137399250241e-08,-2.0984817061873533e-05,0.02996769579368617
2,0.2,400,13,tis,300,1.5497971439633993e-05,1.6384894868096202e-06,2.058967645505912e-05,0.9950663628281643
2,0.2,400,13,uniform,300,1.557481191062058e-05,1.5700694888338977e-06,0.0001353756962673299,1.0
2,0.2,400,14,complete_rollout,300,2.104622002891127e-08,1.7857507051711169e-09,6.823700373796982e-06,0.01747666752354996
2,0.2,400,14,tis,300,1.4585916025807594e-06,3.680099987008921e-07,-7.969046239187483e-05,1.2112065946249888
2,0.2,400,14,uniform,300,1.2042467478740615e-06,2.8973436917733636e-07,-6.542177174643375e-05,1.0
2,0.2,400,15,complete_rollout,300,1.24505558525497e-05,1.0562976933958945e-06,2.0894164517492413e-05,0.023620308045002994
2,0.2,400,15,tis,300,0.00037995499654662414,8.926835846783346e-05,0.00018505010528691726,0.7208235654660693
2,0.2,400,15,uniform,300,0.0005271123403144475,4.181570062262364e-05,0.00016268677873192047,1.0
2,0.2,400,16,complete_rollout,300,1.4414727786724449e-05,1.1719391575514534e-06,7.810117004866927e-05,0.05697872481470779
2,0.2,400,16,tis,300,1.8954356858396025e-05,2.4578095701798875e-06,0.0005406180346296786,0.07492303007407194
2,0.2,400,16,uniform,300,0.0002529843873059723,1.90371098364547e-05,0.0002229895438276482,1.0
2,0.2,400,17,complete_rollout,300,5.486009766935769e-09,5.570300240490047e-10,3.357939620518557e-07,0.030520890363401717
2,0.2,400,17,tis,300,2.040740310233256e-07,5.216855097002359e-08,8.873633752607783e-09,1.1353463430597073
2,0.2,400,17,uniform,300,1.7974605922749114e-07,4.023796588934204e-08,-9.226934975719765e-06,1.0
2,0.2,400,18,complete_rollout,300,7.956618861782605e-06,6.905813348033517e-07,1.906651555461029e-05,0.030997203035272716
2,0.2,400,18,tis,300,1.2110097557247788e-05,2.9429599065672174e-06,-0.0001376735947983095,0.04717822473085882
2,0.2,400,18,uniform,300,0.0002566882841890125,1.9395512892880815e-05,0.0007108608468020964,1.0
2,0.2,400,19,complete_rollout,300,1.1796605415000081e-07,8.135551523286228e-09,-1.4713630791094074e-05,0.026634519160776353
2,0.2,400,19,tis,300,4.77346170431778e-06,6.816282489829712e-07,-0.00013182317130035814,1.0777579884567425
2,0.2,400,19,uniform,300,4.4290664095684126e-06,5.126330839334273e-07,-0.00019207415047958087,1.0
2,0.2,400,20,complete_rollout,300,0.00020906784141797483,1.788439946809576e-05,0.0008471229062894166,0.02610083150731624
2,0.2,400,20,tis,300,0.00014101895638123595,1.0821949348832428e-05,-0.0011987967268933069,0.017605347598560726
2,0.2,400,20,uniform,300,0.008010006936344986,0.0006168252653467963,0.003342602874238112,1.0
2,0.2,400,21,complete_rollout,300,7.244135812330537e-06,5.895888527035198e-07,-0.00013191707088661575,0.02403678020429991
2,0.2,400,21,tis,300,2.714902026204698e-05,8.416485303674267e-06,-0.00012399312450353417,0.09008321347180344
2,0.2,400,21,uniform,300,0.00030137712916452274,2.428242829067264e-05,-0.0011811999298101312,1.0
2,0.2,400,22,complete_rollout,300,8.211734348802438e-07,7.290534633822052e-08,0.00016339477414543816,0.019305996202215715
2,0.2,400,22,tis,300,5.13454542101983e-05,1.2309950736143892e-05,-7.913467085045367e-05,1.2071446808647581
2,0.2,400,22,uniform,300,4.2534631535149645e-05,3.7887693854632625e-06,0.0010466625168196657,1.0
2,0.2,400,23,complete_rollout,300,6.117033536139494e-08,4.8124032139487175e-09,2.428308295537418e-05,0.022730860357042564
2,0.2,400,23,tis,300,3.1066171904472884e-06,4.7104935106300353e-07,-0.0001296341420519705,1.1544171062925308
2,0.2,400,23,uniform,300,2.6910699551432908e-06,4.62621773209363e-07,-8.831001202817915e-05,1.0
2,0.2,400,24,complete_rollout,300,6.184321801766471e-06,5.364634486018396e-07,9.666857910268074e-05,0.04173101002077779
2,0.2,400,24,tis,300,1.792465141349282e-05,4.243677529033372e-06,6.207367863334608e-05,0.12095324786329152
2,0.2,400,24,uniform,300,0.00014819487471516527,1.218993658732346e-05,-0.0005977007419697126,1.0
2,0.2,400,25,complete_rollout,300,2.6442564513374285e-08,2.2450859232513337e-09,-1.061406419193093e-06,0.20115291110720301
2,0.2,400,25,tis,300,9.009684146774171e-08,1.9144157176705472e-08,-1.5736912258690339e-06,0.685381402156887
2,0.2,400,25,uniform,300,1.314550426728943e-07,2.0306005574532335e-08,1.3234457438879114e-05,1.0
2,0.2,400,26,complete_rollout,300,6.621630024919814e-07,5.378307253805399e-08,3.561112029731417e-05,0.02831151460814994
2,0.2,400,26,tis,300,2.4138366102930373e-05,2.1171927999419575e-06,0.0005802037659409387,1.0320626521990863
2,0.2,400,26,uniform,300,2.3388469732430592e-05,1.8166176886535561e-06,0.0004551345546178524,1.0
2,0.2,400,27,complete_rollout,300,5.419857103735033e-06,3.756363654822763e-07,0.00018175706036896482,0.034972310891909726
2,0.2,400,27,tis,300,0.0002028076957310717,5.0052154093493114e-05,0.0005154408114839226,1.308642211524553
2,0.2,400,27,uniform,300,0.00015497566404709128,1.3108078566985529e-05,0.0004448011118034575,1.0
2,0.2,400,28,complete_rollout,300,3.7529362943180798e-06,2.760489821624802e-07,8.85842193956817e-05,0.024317501607075475
2,0.2,400,28,tis,300,6.335703767052734e-06,4.032563313995664e-06,-3.526930830487163e-05,0.041052784927502674
2,0.2,400,28,uniform,300,0.0001543306691188258,1.2932213970398328e-05,-0.001502070033758562,1.0
2,0.2,400,29,complete_rollout,300,2.8212750759199275e-05,2.5231037505039006e-06,0.00022667213244273454,0.022048513502134603
2,0.2,400,29,tis,300,0.00011350366227434466,3.405553870809114e-05,-0.001097309360612524,0.08870411295791852
2,0.2,400,29,uniform,300,0.0012795760928040745,9.794227173650998e-05,0.00216130950779882,1.0
2,0.2,400,30,complete_rollout,300,5.698957297412626e-06,4.347755437241045e-07,0.00021776319784710434,0.026566834967207728
2,0.2,400,30,tis,300,5.550705542993962e-05,8.744937122700249e-06,-0.0004476946134936973,0.2587572961447455
2,0.2,400,30,uniform,300,0.0002145139721930379,1.5583603529496127e-05,-0.00039963356395608256,1.0
2,0.2,400,31,complete_rollout,300,2.7039963543669955e-05,2.2576963268373704e-06,0.0005826427384843343,0.02341887454124581
2,0.2,400,31,tis,300,0.00010670859118488102,1.3684385263261941e-05,0.0009207485117028384,0.09241858279120466
2,0.2,400,31,uniform,300,0.0011546226739481697,9.654227905905615e-05,-0.0019297170689535244,1.0
2,0.2,400,32,complete_rollout,300,9.68560487718275e-06,9.410178079534896e-07,1.4430738609384857e-05,0.021559299204629807
2,0.2,400,32,tis,300,2.046312830155063e-05,6.0021034781872364e-06,0.0004863235687509804,0.04554911245194027
2,0.2,400,32,uniform,300,0.00044925416105838864,3.736329210630723e-05,-0.0007889039937878394,1.0
2,0.2,400,33,complete_rollout,300,4.386332168095776e-06,3.4085272337537807e-07,-8.474655200263915e-05,0.019314230906897368
2,0.2,400,33,tis,300,0.0009776779337737176,0.0002778595183441179,-0.0010497509718050268,4.30498572425297
2,0.2,400,33,uniform,300,0.00022710364131192813,1.9029441810760608e-05,0.00039483597368950946,1.0
2,0.2,400,34,complete_rollout,300,3.839018784189075e-07,3.082402501278497e-08,-1.0405660996265868e-05,0.03829538778792347
2,0.2,400,34,tis,300,3.583268443132881e-06,1.301892346188949e-06,0.00018475010423453232,0.3574419983125671
2,0.2,400,34,uniform,300,1.0024754953388191e-05,9.626208232890944e-07,-0.00017261611200361553,1.0
2,0.2,400,35,complete_rollout,300,1.6038114104679545e-08,1.1539721441753963e-09,-1.5580712223868994e-06,0.26150981621249686
2,0.2,400,35,tis,300,5.3945767079862025e-05,2.5449174920877763e-05,0.001018299201783697,879.6138712082544
2,0.2,400,35,uniform,300,6.132891811467353e-08,5.251084876082913e-09,4.952912225545799e-05,1.0
2,0.2,400,36,complete_rollout,300,3.8973929512691704e-12,2.216451787136734e-12,-8.130151307739198e-10,1.2432165140143204e-06
2,0.2,400,36,tis,300,2.8838090813988386e-06,1.0289431392345833e-06,0.0004473325166451906,0.9198967407410119
2,0.2,400,36,uniform,300,3.1349269474265343e-06,7.378746601536947e-07,0.0005342010719052818,1.0
2,0.2,400,37,complete_rollout,300,6.926888561037163e-06,5.455952815821901e-07,8.943335799776427e-05,0.03690149443739515
2,0.2,400,37,tis,300,4.833375182381664e-05,2.2169944593578497e-05,0.0004140803050502447,0.25748756578782767
2,0.2,400,37,uniform,300,0.00018771295489912758,1.622464680068648e-05,-8.888720569782979e-05,1.0
2,0.2,400,38,complete_rollout,300,1.3384847530210555e-07,9.68764284899709e-09,-8.047145610150518e-06,0.07319191387563445
2,0.2,400,38,tis,300,3.624944694608692e-06,1.3764117402151933e-06,-9.324598060456528e-06,1.982216377832462
2,0.2,400,38,uniform,300,1.828733096521249e-06,1.5372442594235927e-07,3.7743427243083584e-05,1.0
2,0.2,400,39,complete_rollout,300,3.99556830722105e-07,3.951916252018931e-08,-4.298454741256341e-05,0.02461623698443029
2,0.2,400,39,tis,300,2.470734280871614e-05,6.250771509056247e-06,8.848405472549725e-05,1.5221909852867093
2,0.2,400,39,uniform,300,1.6231434194220008e-05,1.5902681954174813e-06,-0.00030742349735136937,1.0
2,0.2,400,40,complete_rollout,300,2.7005797897511073e-07,2.0212008321589325e-08,-3.076779358056318e-05,0.023424612603834966
2,0.2,400,40,tis,300,1.688541693047576e-05,4.317828547688215e-06,7.181362985284157e-05,1.464627528324517
2,0.2,400,40,uniform,300,1.1528813028519333e-05,8.807432886893067e-07,5.41238234828965e-05,1.0
2,0.2,400,41,complete_rollout,300,8.098506199841749e-09,8.306089429301208e-10,2.91104420710712e-06,0.024264474225187432
2,0.2,400,41,tis,300,3.527010619378347e-07,4.998968695066798e-08,-1.6611991503414637e-05,1.0567511606960378
2,0.2,400,41,uniform,300,3.337598055776208e-07,4.197342087718891e-08,-3.534165852967878e-05,1.0
2,0.2,400,42,complete_rollout,300,1.8468614910990783e-06,1.4719879315663493e-07,4.864207123335795e-05,0.019469850008301107
2,0.2,400,42,tis,300,1.0326408022130315e-05,2.2501819087461624e-06,-2.4232762870525598e-05,0.1088623138683488
2,0.2,400,42,uniform,300,9.485750996087057e-05,9.204537272543128e-06,3.7984420617305968e-06,1.0
2,0.2,400,43,complete_rollout,300,2.0528930651473224e-10,3.707813463571093e-11,-2.1461110202995274e-07,9.0327181891086
2,0.2,400,43,tis,300,2.1965504981046286e-11,4.94630210277516e-13,4.438624314253199e-06,0.9664810103541069
2,0.2,400,43,uniform,300,2.2727301153075312e-11,8.28627779923016e-13,4.3638318671649725e-06,1.0
2,0.2,400,44,complete_rollout,300,2.340735054275456e-06,1.73454493176125e-07,-7.543741541748195e-05,0.06093858965077193
2,0.2,400,44,tis,300,2.5778419429541228e-05,4.059679954130225e-06,-7.237788445131565e-05,0.6711141957706747
2,0.2,400,44,uniform,300,3.841137557809898e-05,3.083865320055647e-06,-0.0001601677013352402,1.0
2,0.2,400,45,complete_rollout,300,2.0039987226995234e-05,1.478499986325703e-06,0.00015165204752974745,0.02611814156014168
2,0.2,400,45,tis,300,4.1962979503669033e-05,3.892319949222506e-06,0.0007736758203710721,0.05469040606402041
2,0.2,400,45,uniform,300,0.0007672822808180891,5.654721811067462e-05,0.003044222846522172,1.0
2,0.2,400,46,complete_rollout,300,1.1612027920154447e-08,8.9053733322056e-10,-8.126259441215884e-06,0.32381620342258705
2,0.2,400,46,tis,300,2.2937286951071147e-06,1.8125776807874e-06,0.00011152714146809554,63.963549074996685
2,0.2,400,46,uniform,300,3.585993473279193e-08,3.2222657504618523e-09,2.5102462068649633e-05,1.0
2,0.2,400,47,complete_rollout,300,7.589498048872139e-08,6.317828940630491e-09,2.8688893529937866e-06,0.024460192650042116
2,0.2,400,47,tis,300,1.6467386985763672e-05,4.662680007844512e-06,-0.000149172832937882,5.307274018924538
2,0.2,400,47,uniform,300,3.102795696443164e-06,3.283855094358293e-07,-6.0855704918398866e-05,1.0
2,0.2,400,48,complete_rollout,300,2.094092658586042e-07,1.9612967354430128e-08,-7.598510342340011e-06,0.03156035794277148
2,0.2,400,48,tis,300,1.0526905852050816e-05,2.5761127311050104e-06,7.849110372259437e-05,1.5865244327101906
2,0.2,400,48,uniform,300,6.635199329434946e-06,5.400778747625708e-07,7.58052149833995e-05,1.0
2,0.2,400,49,complete_rollout,300,2.2431841537913264e-07,1.895887150689056e-08,-7.73937454091378e-06,0.024902635539080266
2,0.2,400,49,tis,300,1.1152366086220756e-05,2.7919955659496735e-06,-4.0772146984974595e-05,1.2380762746302365
2,0.2,400,49,uniform,300,9.007818269962017e-06,7.95144043793436e-07,0.00014071811935379542,1.0
4,0.1,50,0,complete_rollout,300,5.890141641032866e-05,4.941459231429361e-06,-0.00010601419733594112,0.024680792559677395
4,0.1,50,0,tis,300,0.0010761830421699343,0.0002464481398347273,0.0032987253176592827,0.45094077594000076
4,0.1,50,0,uniform,300,0.0023865285633719764,0.00024320701732694238,0.004137935075535724,1.0
4,0.1,50,1,complete_rollout,300,0.00015324848651595565,1.204276559957711e-05,0.001691115869084528,0.16484453476772207
4,0.1,50,1,tis,300,0.0005322512268443855,7.905197896134259e-05,0.004255232864683003,0.572525757763859
4,0.1,50,1,uniform,300,0.0009296546393357469,7.408093996085527e-05,0.007190436558800712,1.0
4,0.1,50,2,complete_rollout,300,0.0008076687995170542,6.559497192444492e-05,0.0033502848545518445,0.0468949495938512
4,0.1,50,2,tis,300,0.01840066524801486,0.003221447311505445,-0.0050532565812155235,1.0683813338028614
4,0.1,50,2,uniform,300,0.01722293778993537,0.0015974112760250832,0.003862938459763827,1.0
4,0.1,50,3,complete_rollout,300,7.663501026292057e-05,6.572457755882086e-06,0.00019467221864856684,0.046813611321338496
4,0.1,50,3,tis,300,0.0013502984658737836,0.00018369610144124168,0.005058427110586647,0.8248494693527809
4,0.1,50,3,uniform,300,0.0016370241068752785,0.00012187115123343932,0.0022290173926795406,1.0
4,0.1,50,4,complete_rollout,300,0.00021636824275494403,1.8622645099701585e-05,0.0004635900736447381,0.12913206974616795
4,0.1,50,4,tis,300,0.002824984216263537,0.000429662524190807,0.007936509517026263,1.6859963098167325
4,0.1,50,4,uniform,300,0.0016755577695010567,0.0001351615765020869,0.005817054619903493,1.0
4,0.1,50,5,complete_rollout,300,0.0011146181333158652,9.249265884737966e-05,-0.0009937600466535356,0.11857609960641748
4,0.1,50,5,tis,300,0.010731123149905797,0.0025373021995122014,0.013649839990805282,1.1416059809887988
4,0.1,50,5,uniform,300,0.00940002358835845,0.000910210860916152,0.012761524911058131,1.0
4,0.1,50,6,complete_rollout,300,2.584831191199711e-05,2.2826904271718256e-06,0.0008587926340479098,0.21761791730645594
4,0.1,50,6,tis,300,7.714233131652166e-05,4.2242427776278857e-05,0.0010425775973742517,0.6494642100583112
4,0.1,50,6,uniform,300,0.00011877841784321811,1.0285029902590394e-05,0.003708215433355413,1.0
4,0.1,50,7,complete_rollout,300,0.00030517872064846074,2.6337106598766275e-05,0.0002602093735607632,0.17394360588865443
4,0.1,50,7,tis,300,0.0005687119101965308,0.00013278383544975672,0.004506348472745155,0.32415038689857006
4,0.1,50,7,uniform,300,0.001754469324062496,0.00013631290835378944,0.0038613805948254152,1.0
4,0.1,50,8,complete_rollout,300,0.0013202742188508964,9.597252090823114e-05,-0.00238161195657685,0.17950400333839067
4,0.1,50,8,tis,300,0.006710485410081384,0.0009050741904444505,0.005689078115666362,0.9123551594469984
4,0.1,50,8,uniform,300,0.007355124088023769,0.0005360065997435464,0.0004003658988840956,1.0
4,0.1,50,9,complete_rollout,300,0.0004737354677238747,3.77375456960183e-05,-0.0009940070485669036,0.047741187306184166
4,0.1,50,9,tis,300,0.008150147403837816,0.0011336388202211986,-0.007800316832007786,0.8213396300030135
4,0.1,50,9,uniform,300,0.009922993005716665,0.0010477683210731623,-0.013647430502229897,1.0
4,0.1,50,10,complete_rollout,300,4.60122807758721e-05,3.935894206421181e-06,-0.00042714154117266643,0.029117085812843935
4,0.1,50,10,tis,300,0.0014321807064878115,0.0002466994300133434,0.003190990621810988,0.9062999665987471
4,0.1,50,10,uniform,300,0.0015802502033213596,0.00012412944602158444,0.0012241147201260075,1.0
4,0.1,50,11,complete_rollout,300,0.0005592795702680839,4.010027484073932e-05,0.0008340376937931674,0.06460860462134348
4,0.1,50,11,tis,300,0.006678067837536944,0.0005931730890067782,0.02694209679060114,0.7714579031433584
4,0.1,50,11,uniform,300,0.008656425464470189,0.0005263952064497784,0.027189117284190243,1.0
4,0.1,50,12,complete_rollout,300,2.2033168359947146e-05,2.027398724172821e-06,-0.0002159749678014903,0.020677314352412032
4,0.1,50,12,tis,300,0.0012226305599666333,0.0005697128351504991,0.002509846537574747,1.147393602785336
4,0.1,50,12,uniform,300,0.0010655720556561037,0.0003455022316426352,0.005197067186952738,1.0
4,0.1,50,13,complete_rollout,300,0.00011207554873209381,1.1096385503021309e-05,0.00021479350882955088,0.042055516151842616
4,0.1,50,13,tis,300,0.0033611140765111283,0.0006903117719632102,-0.0007825958537755332,1.2612330604848652
4,0.1,50,13,uniform,300,0.002664942889475947,0.0004590733414659553,-0.001626291015982663,1.0
4,0.1,50,14,complete_rollout,300,8.912920247962116e-06,1.3751343909253795e-06,-0.0002917914377849007,0.030733471047578655
4,0.1,50,14,tis,300,2.2694687537100187e-06,0.0,0.0015064756067424412,0.00782556673851972
4,0.1,50,14,uniform,300,0.000290006951514327,0.00028725751998650624,0.0005220919030387394,1.0
4,0.1,50,15,complete_rollout,300,0.0008052119327741038,7.695699227636332e-05,0.0062648469902192245,0.05976890155180406
4,0.1,50,15,tis,300,0.02984972742520983,0.00223475204689107,0.1227905009705534,2.215671858809951
4,0.1,50,15,uniform,300,0.013472088525438183,0.0014366008441021342,0.053210248882554524,1.0
4,0.1,50,16,complete_rollout,300,0.0003146305168332648,2.6282808373188544e-05,0.0006208057684264482,0.1268431311520285
4,0.1,50,16,tis,300,0.0021512293173781964,0.00023299933711056357,0.007546896987422684,0.8672669936428806
4,0.1,50,16,uniform,300,0.0024804694899573454,0.00017897554137277238,0.00280649476197023,1.0
4,0.1,50,17,complete_rollout,300,5.3988735293951605e-06,9.374868980442494e-07,9.828363639459159e-05,0.029461854460159368
4,0.1,50,17,tis,300,0.00011608788990487458,0.00010233849777087086,0.0009144594399144079,0.6334959502834626
4,0.1,50,17,uniform,300,0.00018324961643863732,9.68286254866512e-05,1.850784502648602e-05,1.0
4,0.1,50,18,complete_rollout,300,3.780669285295439e-05,2.688377068893518e-06,-0.00017387009174072283,0.018664048744440095
4,0.1,50,18,tis,300,0.0024652071320962715,0.0006901621694810052,0.010111043938550541,1.2170000231848022
4,0.1,50,18,uniform,300,0.0020256426336336467,0.00037237860111008877,0.012627640014595222,1.0
4,0.1,50,19,complete_rollout,300,4.645879906774463e-05,4.976030823037149e-06,0.00028308616811917244,0.03734628287418925
4,0.1,50,19,tis,300,0.0017009989548802255,0.0005934197405432109,0.0015455129997700109,1.3673618219236738
4,0.1,50,19,uniform,300,0.0012440006204701357,0.0003095427423830963,0.0005862020620313002,1.0
4,0.1,50,20,complete_rollout,300,0.0018219630252380781,0.00013790879080739432,-0.002088586841984475,0.024290141031547738
4,0.1,50,20,tis,300,0.01341242336903448,0.004269551367432035,0.001460336317565744,0.17881244059061122
4,0.1,50,20,uniform,300,0.0750083345696402,0.01288849816440501,0.07095797205939947,1.0
4,0.1,50,21,complete_rollout,300,0.00016759677239184758,1.6615198432673216e-05,0.002084831922336729,0.03562263668431149
4,0.1,50,21,tis,300,0.0023439424783462254,0.00031576940059970074,0.019982462308018246,0.49820417257100946
4,0.1,50,21,uniform,300,0.004704782913098025,0.0005392868098448971,0.026229538930121945,1.0
4,0.1,50,22,complete_rollout,300,1.518374473808523e-05,1.2128678896630124e-06,-0.00012998283004032275,0.07034613542795827
4,0.1,50,22,tis,300,0.0002696777259948106,6.132841188781511e-05,0.0011330617477620024,1.2494141703495938
4,0.1,50,22,uniform,300,0.0002158433387379888,3.0229375951295026e-05,0.0011135527625979824,1.0
4,0.1,50,23,complete_rollout,300,1.3588931171910837e-05,1.2439446374012159e-06,-5.646854103477465e-05,0.039898233204319726
4,0.1,50,23,tis,300,0.0004380714282959589,0.00017800034600615156,-0.0006426209192137915,1.2862141830867666
4,0.1,50,23,uniform,300,0.00034058979760636575,0.0001166632300850908,-0.0005831882553182932,1.0
4,0.1,50,24,complete_rollout,300,0.0005619264524368035,4.7674844687926224e-05,0.0003019511170865541,0.07863311327409526
4,0.1,50,24,tis,300,0.006419396173732068,0.001175311898484444,0.016135881879866622,0.8982974627576135
4,0.1,50,24,uniform,300,0.0071461809031784,0.0006278496073680132,-0.0019399105220810143,1.0
4,0.1,50,25,complete_rollout,300,2.0117782688285732e-05,1.6338847844828122e-06,9.393348926251655e-05,0.13546168137297937
4,0.1,50,25,tis,300,0.0003642293277311368,0.00011107340757688947,-0.0007824968260229174,2.452512680164257
4,0.1,50,25,uniform,300,0.00014851271949661951,2.0194996835920974e-05,-0.00021435700262483723,1.0
4,0.1,50,26,complete_rollout,300,8.799374519325316e-05,6.657911611706514e-06,0.0010242008469714022,0.01932809651904637
4,0.1,50,26,tis,300,0.005861921362122678,0.0015147271373165776,0.006783184050011043,1.287589039713405
4,0.1,50,26,uniform,300,0.004552633784011892,0.0009575317213772634,0.006521829454520298,1.0
4,0.1,50,27,complete_rollout,300,0.000672469245457021,5.085021498735651e-05,0.001712443428942533,0.042848633978902546
4,0.1,50,27,tis,300,0.014534713909789004,0.006709378825320725,0.011254597424259518,0.9261280579238277
4,0.1,50,27,uniform,300,0.015694064968048357,0.0021023627039756876,0.006104459611435408,1.0
4,0.1,50,28,complete_rollout,300,0.001663083356172081,0.0001154340219097595,-0.001159459585032669,0.06732851043217188
4,0.1,50,28,tis,300,0.016617492914148206,0.002191482734350398,0.044028807973448415,0.6727450195893867
4,0.1,50,28,uniform,300,0.02470102703144614,0.002365783011684215,0.06613089744157977,1.0
4,0.1,50,29,complete_rollout,300,2.220761199075708e-05,9.844207108836817e-06,0.0009475878693117571,0.0020725600246644014
4,0.1,50,29,tis,300,0.006996773565694369,0.0012179010246736273,0.035335219405416715,0.6529848053866504
4,0.1,50,29,uniform,300,0.010715063364378573,0.0014815067332230774,0.05532100154074071,1.0
4,0.1,50,30,complete_rollout,300,0.00013288419760670438,1.5705565127767454e-05,0.005677087179639704,0.13459040838221206
4,0.1,50,30,tis,300,0.00014493341679679828,3.0835297665637444e-05,0.0049779244828157465,0.14679433752269025
4,0.1,50,30,uniform,300,0.0009873229393088522,0.00012865762254276748,0.016957237867622692,1.0
4,0.1,50,31,complete_rollout,300,0.0012631669640862301,0.00013560917053627355,0.009214177134117232,0.05241975012814049
4,0.1,50,31,tis,300,0.015305586670659892,0.0025144061348735527,0.059246412564085964,0.635161504101701
4,0.1,50,31,uniform,300,0.024097157292783895,0.002728741508306626,0.07805941999609974,1.0
4,0.1,50,32,complete_rollout,300,0.003739271978426415,0.0003611966035494083,0.006456851209230438,0.04423004914294339
4,0.1,50,32,tis,300,0.09639285485887412,0.011176910435525086,0.16243173223519958,1.1401847022721223
4,0.1,50,32,uniform,300,0.08454143847640268,0.008468662401539286,0.11957253194369093,1.0
4,0.1,50,33,complete_rollout,300,0.0009270477586132072,7.273729245694507e-05,0.0027693056805489784,0.04396449079774469
4,0.1,50,33,tis,300,0.04403491964569296,0.004765834336219279,0.0630520915830566,2.0883204792367582
4,0.1,50,33,uniform,300,0.02108628444892084,0.0015250006103282856,0.012991365340681326,1.0
4,0.1,50,34,complete_rollout,300,0.0002732895114174462,2.2611053452650777e-05,-9.263330511498339e-05,0.0785157096158143
4,0.1,50,34,tis,300,0.003387348013842542,0.002596875610828712,0.0012515856949631347,0.9731805353346173
4,0.1,50,34,uniform,300,0.00348069848384076,0.0008504900045482442,-0.004929721965332055,1.0
4,0.1,50,35,complete_rollout,300,0.0004761282720859347,3.550043098935814e-05,0.0013208681643110858,0.07317750670885245
4,0.1,50,35,tis,300,0.0013831618668057543,0.000275488832865458,0.004498799889812694,0.21258207655717362
4,0.1,50,35,uniform,300,0.006506483938845875,0.0006097716226629105,0.004811882671050818,1.0
4,0.1,50,36,complete_rollout,300,8.829416353488082e-07,1.2847870912022232e-07,-2.039932587941884e-05,0.04900544789829508
4,0.1,50,36,tis,300,3.0043796486029255e-06,2.5710197803549125e-06,0.0005601687273405057,0.16675051265211296
4,0.1,50,36,uniform,300,1.8017213865308354e-05,5.090095134590516e-06,-0.00010929777362134185,1.0
4,0.1,50,37,complete_rollout,300,3.2554415541722465e-05,2.88297200491523e-06,0.0001983211033202455,0.015801101869386592
4,0.1,50,37,tis,300,0.0046689016499748244,0.0010984739737996253,0.01630541320467989,2.2661684862641507
4,0.1,50,37,uniform,300,0.0020602623671956777,0.00036462049514176815,0.010816619083971262,1.0
4,0.1,50,38,complete_rollout,300,3.7658932977412996e-05,2.9361518953060208e-06,-7.188843435833074e-05,0.12003101292118201
4,0.1,50,38,tis,300,0.00044483026839008924,0.00017564729365286726,0.0008024053534989739,1.4178157337832136
4,0.1,50,38,uniform,300,0.00031374335732833994,6.124987002944174e-05,-0.0006401083214683764,1.0
4,0.1,50,39,complete_rollout,300,0.0001275532837380342,9.603542832047181e-06,-0.0003412795196172421,0.029251887671771875
4,0.1,50,39,tis,300,0.005510748405370025,0.0012658389178396366,0.0012924489174372148,1.2637839545734324
4,0.1,50,39,uniform,300,0.004360514615989154,0.0006330306089002871,-0.00019153702887789354,1.0
4,0.1,50,40,complete_rollout,300,0.00029069978430355207,2.5011150219242842e-05,0.0008048335975821738,0.04623375804487498
4,0.1,50,40,tis,300,0.01044490899804518,0.0004988725788295664,0.051283150962311355,1.66118938331272
4,0.1,50,40,uniform,300,0.006287608807862769,0.0003645710858609986,0.0172266484311853,1.0
4,0.1,50,41,complete_rollout,300,4.542120259659569e-06,6.029457273370561e-07,6.856217542936675e-05,0.042834105001077906
4,0.1,50,41,tis,300,4.580202890080129e-05,6.685851394052204e-06,0.0003715415021630915,0.43193240227998064
4,0.1,50,41,uniform,300,0.0001060398077547148,4.913995284001515e-05,-0.00014001131165569002,1.0
4,0.1,50,42,complete_rollout,300,0.00013521737041800636,1.1566828557448919e-05,-0.000884675210155328,0.05504429493351058
4,0.1,50,42,tis,300,0.001995746848945755,0.0002944851318811184,0.00013068443059421417,0.8124287421534241
4,0.1,50,42,uniform,300,0.0024565192556529046,0.000405959662207793,-0.0003364270248723163,1.0
4,0.1,50,43,complete_rollout,300,2.510588321251651e-07,1.1544877630825112e-07,-2.0126334411548393e-05,8.51283632232327
4,0.1,50,43,tis,300,4.7133482743880114e-08,1.406516036369699e-08,4.411528155961057e-05,1.5981896374777296
4,0.1,50,43,uniform,300,2.949179599128574e-08,8.582681432218292e-09,4.7544930450942325e-05,1.0
4,0.1,50,44,complete_rollout,300,7.858478560329304e-05,7.019793323955692e-06,1.542736005600398e-05,0.1876217550735783
4,0.1,50,44,tis,300,0.0003017206873757105,9.556392290911882e-05,0.002486366126863509,0.7203603658500669
4,0.1,50,44,uniform,300,0.00041884687398044537,4.507261159644509e-05,0.002761794566909872,1.0
4,0.1,50,45,complete_rollout,300,0.0007563428255820941,6.154760832535356e-05,0.0015964694737252926,0.04711205844342924
4,0.1,50,45,tis,300,0.0016922952195025087,0.00023843503231934008,-0.002196891008127874,0.10541186957564974
4,0.1,50,45,uniform,300,0.01605412394557729,0.0012842916233827889,-0.007150030598693801,1.0
4,0.1,50,46,complete_rollout,300,8.379395801276402e-07,9.258407667534057e-08,4.373646421660419e-05,0.8421831745354614
4,0.1,50,46,tis,300,1.3300061583372668e-06,2.0163339117599945e-07,0.00012187404917605985,1.3367417354955007
4,0.1,50,46,uniform,300,9.94961197829484e-07,1.0504928855181338e-07,0.0001473199685654414,1.0
4,0.1,50,47,complete_rollout,300,0.0001551593200878774,1.2615224147661634e-05,-4.4941538639751145e-05,0.044175774662709694
4,0.1,50,47,tis,300,0.004013775110595452,0.0005262729800180004,0.0030543734375956862,1.142771344525315
4,0.1,50,47,uniform,300,0.0035123169038358206,0.00036138991640170294,-0.0007353636528707715,1.0
4,0.1,50,48,complete_rollout,300,6.777004223835817e-05,6.133303274341473e-06,0.0004108048992550765,0.049078221819164526
4,0.1,50,48,tis,300,0.0001994391958660006,2.022864896847502e-05,0.004669244966005997,0.14443138547443982
4,0.1,50,48,uniform,300,0.0013808577353936382,0.0003852225742368833,0.0019230372146266136,1.0
4,0.1,50,49,complete_rollout,300,7.463257566437524e-05,7.986351404898669e-06,0.0007801808529721581,0.024063440392177532
4,0.1,50,49,tis,300,0.0018313196823104842,0.00045410659167180185,0.00998433485811837,0.590464038283687
4,0.1,50,49,uniform,300,0.003101492323958654,0.00031012563357100254,0.012088352835173354,1.0
4,0.1,100,0,complete_rollout,300,3.192235939452955e-05,2.6555802902626123e-06,-0.00010484803557177032,0.025164657875767167
4,0.1,100,0,tis,300,0.0005147106015788024,0.00017994870658704024,-0.0016020210819030955,0.4057505911038802
4,0.1,100,0,uniform,300,0.0012685393758231798,0.00011594257175693446,-0.0027234784929829306,1.0
4,0.1,100,1,complete_rollout,300,7.618469138223563e-05,5.22794076498612e-06,0.0007158630688539377,0.12929268031469598
4,0.1,100,1,tis,300,8.599251711652919e-05,9.016702288365232e-06,0.0006779788524840624,0.14593749509623818
4,0.1,100,1,uniform,300,0.0005892421071077149,5.074707046249447e-05,0.006785969801393312,1.0
4,0.1,100,2,complete_rollout,300,0.0004118864437834316,3.110768435520087e-05,-2.7502230183545546e-05,0.048477227712013286
4,0.1,100,2,tis,300,0.005627380152430309,0.0012151767537314112,0.00010317601678437279,0.6623179596919807
4,0.1,100,2,uniform,300,0.008496493368604096,0.0007379233307424342,-0.004949583736532472,1.0
4,0.1,100,3,complete_rollout,300,3.529163888046172e-05,2.9885516158914475e-06,0.00037836327920848825,0.04231795762242307
4,0.1,100,3,tis,300,0.0007296460017061934,0.0001347181265211376,0.00484561996737099,0.8749134230960134
4,0.1,100,3,uniform,300,0.0008339636613691795,6.519424374399368e-05,0.003627416805642521,1.0
4,0.1,100,4,complete_rollout,300,0.00013742557323944083,1.1098749632053895e-05,0.00015735616617947498,0.1355283039203842
4,0.1,100,4,tis,300,0.0013435006664784122,0.00018296681311429322,0.004247340857029897,1.3249525714291708
4,0.1,100,4,uniform,300,0.0010139990633998576,8.882709144374176e-05,0.0012448867865701933,1.0
4,0.1,100,5,complete_rollout,300,0.0005592820692112445,4.0761403216907236e-05,0.004348563127419769,0.09328383584370885
4,0.1,100,5,tis,300,0.009126194003662864,0.002967804968818304,0.000567398411052024,1.522177144917505
4,0.1,100,5,uniform,300,0.005995487472752366,0.000480333518960579,0.00033622233513223615,1.0
4,0.1,100,6,complete_rollout,300,1.5530725376439218e-05,1.3016590895444451e-06,0.0007382871517130152,0.2802495632747774
4,0.1,100,6,tis,300,3.3788022367911425e-06,3.2672759121377085e-07,0.00019349379290433048,0.060969969418753545
4,0.1,100,6,uniform,300,5.541748288546571e-05,5.131985972661158e-06,0.0020771042981702886,1.0
4,0.1,100,7,complete_rollout,300,0.00014825661124962124,1.269171483375905e-05,-0.00024123682023360053,0.13904908344953568
4,0.1,100,7,tis,300,0.00014237178112648307,1.7399969279773422e-05,0.0001814653836796946,0.13352973272391552
4,0.1,100,7,uniform,300,0.0010662178244664749,7.917656472276207e-05,0.004540232189269852,1.0
4,0.1,100,8,complete_rollout,300,0.0006230493569742381,4.837819215553164e-05,-0.0005202162852430121,0.16775773862418147
4,0.1,100,8,tis,300,0.003215399132223425,0.0003532392828195707,0.005163901614876205,0.8657549857936226
4,0.1,100,8,uniform,300,0.00371398280689764,0.0002776826747982454,-0.0005900380733381579,1.0
4,0.1,100,9,complete_rollout,300,0.00020007004031184406,1.5031407621365656e-05,0.0013718264664311281,0.05267011968160844
4,0.1,100,9,tis,300,0.0023680568724933817,0.00031166085040534755,0.002807057398962498,0.6234108749749578
4,0.1,100,9,uniform,300,0.003798549187305251,0.00034586867783152587,0.0076125758162886295,1.0
4,0.1,100,10,complete_rollout,300,2.3269802260814713e-05,1.847218343387476e-06,-0.0001487192565939055,0.027374250692440417
4,0.1,100,10,tis,300,0.0005663190359974576,7.434716142172195e-05,-0.00014862343346881376,0.6662093252679331
4,0.1,100,10,uniform,300,0.0008500617066110535,7.955941522365185e-05,-0.0010281022391332528,1.0
4,0.1,100,11,complete_rollout,300,0.00026866587589015215,2.0629895330286105e-05,0.00015897751178495568,0.0695050764037026
4,0.1,100,11,tis,300,0.002878111278919353,0.00031091716153239235,0.012620351030184615,0.7445803962891007
4,0.1,100,11,uniform,300,0.003865413719275332,0.00024050672899774623,0.0073200819101161855,1.0
4,0.1,100,12,complete_rollout,300,1.0090528083103317e-05,8.120621090366166e-07,-0.00012965587303896076,0.0599100962097339
4,0.1,100,12,tis,300,0.00019887965366232436,8.52787370173461e-05,0.0008388913398969485,1.1808003592022125
4,0.1,100,12,uniform,300,0.00016842783973803496,5.7209574745998245e-05,0.0013123968888045863,1.0
4,0.1,100,13,complete_rollout,300,4.799670968953884e-05,3.984129399612666e-06,0.000452071739247694,0.03592530131837709
4,0.1,100,13,tis,300,0.0016392851860008767,0.00022693779578396498,-0.002751616722151667,1.2269969053038887
4,0.1,100,13,uniform,300,0.0013360141161846508,0.00016257376749744348,-0.0024025197419085655,1.0
4,0.1,100,14,complete_rollout,300,3.407382971071908e-06,3.508024156269857e-07,-4.696354669500913e-05,0.007027020441266717
4,0.1,100,14,tis,300,0.0007627614931327298,0.0002841638953704858,-0.0027523755438377522,1.5730373279316658
4,0.1,100,14,uniform,300,0.00048489726186959554,0.00018035196745843688,-0.0018843010599242213,1.0
4,0.1,100,15,complete_rollout,300,0.0004693066439569481,4.386986130629352e-05,0.0035279065665593527,0.08327907607258943
4,0.1,100,15,tis,300,0.01596381403976251,0.0016226105009243905,0.06371965732856086,2.832799622474577
4,0.1,100,15,uniform,300,0.005635348830573977,0.0005547755802032119,0.03065697982885082,1.0
4,0.1,100,16,complete_rollout,300,0.0001759370161424272,1.3500845614806975e-05,0.0011408630849657968,0.12103848466109296
4,0.1,100,16,tis,300,0.0004887229976299093,8.642866558010417e-05,0.0017876336445376295,0.3362242485928241
4,0.1,100,16,uniform,300,0.0014535626138665713,0.00011104357608560108,0.002152613447155425,1.0
4,0.1,100,17,complete_rollout,300,2.855971131796957e-06,4.4075551376069156e-07,0.00014127290225107874,0.009146020882982024
4,0.1,100,17,tis,300,0.00046123875398478085,0.0002544686026630401,-0.0014644298321219407,1.4770805030270608
4,0.1,100,17,uniform,300,0.0003122637886286762,0.00016321056563867165,-0.001280637358677219,1.0
4,0.1,100,18,complete_rollout,300,1.9865123438314864e-05,1.4383450402712235e-06,2.4045436165981056e-05,0.04693599506188869
4,0.1,100,18,tis,300,1.3079996923526711e-05,4.63188379256925e-06,-7.52526883470169e-05,0.030904548512800348
4,0.1,100,18,uniform,300,0.00042323857014475106,9.363546736108143e-05,0.0035215795757063337,1.0
4,0.1,100,19,complete_rollout,300,2.5325487281304993e-05,1.9827473039406985e-06,-4.289044492876408e-05,0.046459461173530774
4,0.1,100,19,tis,300,0.000781881826330089,0.00017031400255382995,-8.420028561789583e-05,1.4343577262376084
4,0.1,100,19,uniform,300,0.0005451093629069813,8.942115108173538e-05,0.0009575091009201842,1.0
4,0.1,100,20,complete_rollout,300,0.0008169154880342799,6.341896854066375e-05,0.001645967564161713,0.033697309559939784
4,0.1,100,20,tis,300,0.002958815873506512,0.00036045727951372104,0.0008326600069503994,0.12204950925869669
4,0.1,100,20,uniform,300,0.024242751089109196,0.005598807799070412,0.02826255528532552,1.0
4,0.1,100,21,complete_rollout,300,7.52646638637743e-05,8.44461039258881e-06,0.0012254926232438987,0.03453447956289294
4,0.1,100,21,tis,300,0.0007050247032844838,0.00014657100586180593,0.007082191791880875,0.32349392074587424
4,0.1,100,21,uniform,300,0.0021794063445115777,0.00023558555581798676,0.014967291017159112,1.0
4,0.1,100,22,complete_rollout,300,7.023525411611577e-06,5.19846070551023e-07,0.00035430992531677364,0.07518623243261034
4,0.1,100,22,tis,300,0.00010712555424581656,2.3274233106333828e-05,-0.00013613304799183322,1.146769798494979
4,0.1,100,22,uniform,300,9.341504666970492e-05,1.1613662355189663e-05,0.0006056677903757523,1.0
4,0.1,100,23,complete_rollout,300,6.930228353922437e-06,7.865639849290789e-07,2.0416448954877858e-05,0.05778004138055065
4,0.1,100,23,tis,300,0.0001315543866192953,4.722255141587474e-05,0.0008229529932791342,1.096820698318495
4,0.1,100,23,uniform,300,0.00011994156093240913,3.430010137087154e-05,0.0005570120613483743,1.0
4,0.1,100,24,complete_rollout,300,0.00031199850498075184,2.4072928840357973e-05,0.0007667870336374261,0.08107786310836698
4,0.1,100,24,tis,300,0.0024476597921847016,0.00030184913182904364,0.004487912734453986,0.6360640272261826
4,0.1,100,24,uniform,300,0.003848134287453298,0.0005300589113579273,-0.0039060105257847024,1.0
4,0.1,100,25,complete_rollout,300,9.822937707267102e-06,8.28721227533172e-07,-8.967939285571566e-05,0.13075251860562462
4,0.1,100,25,tis,300,0.00013569549362735426,4.1005583188824596e-05,-0.00018772677708711456,1.8062343551343063
4,0.1,100,25,uniform,300,7.512618351081266e-05,6.382086223116675e-06,-0.001320306635958161,1.0
4,0.1,100,26,complete_rollout,300,5.036305845219086e-05,4.615284412862217e-06,0.0002118257436550112,0.01567980887627754
4,0.1,100,26,tis,300,0.0035719906919038074,0.0006414771838562016,0.002611257181874862,1.112087571291208
4,0.1,100,26,uniform,300,0.00321196889895684,0.00047078917031915526,0.00011342789155734501,1.0
4,0.1,100,27,complete_rollout,300,0.0003172657587477728,2.543373058212166e-05,-0.00026091053719967374,0.04553288514850679
4,0.1,100,27,tis,300,0.008263919229491915,0.0056280618016520826,0.01913058905928529,1.1860091257189085
4,0.1,100,27,uniform,300,0.006967837810255193,0.0006094297280663641,0.01385408858921292,1.0
4,0.1,100,28,complete_rollout,300,0.0010590818367293728,8.296951051504735e-05,0.0005392973276204763,0.08474143870597017
4,0.1,100,28,tis,300,0.005435737061140956,0.0010940483973932117,0.011820028283123445,0.4349353968820373
4,0.1,100,28,uniform,300,0.012497803352195845,0.001332608868247308,0.03375964114528351,1.0
4,0.1,100,29,complete_rollout,300,2.081859261346442e-06,1.3024537843528755e-06,0.000192429792429847,0.0006886763765003187
4,0.1,100,29,tis,300,0.0018248203765763693,0.00041944838956662207,0.013346048482710086,0.6036482427211645
4,0.1,100,29,uniform,300,0.003022986314596604,0.0005435816383762355,0.022218701761111095,1.0
4,0.1,100,30,complete_rollout,300,5.1973831018372834e-05,5.923702711736044e-06,0.002478196855331628,0.13820812950622766
4,0.1,100,30,tis,300,8.655400716775159e-05,1.0550919827380124e-05,0.004965862515259042,0.23016328020335497
4,0.1,100,30,uniform,300,0.0003760548037518364,4.543722967094404e-05,0.009711509197252333,1.0
4,0.1,100,31,complete_rollout,300,0.0005603952350826436,4.877034550637696e-05,0.0035381059301656413,0.0508402980998838
4,0.1,100,31,tis,300,0.006382291938555205,0.0011690289817600681,0.03718454631886405,0.5790156739444439
4,0.1,100,31,uniform,300,0.011022658324734024,0.001192771074484726,0.04889046787758124,1.0
4,0.1,100,32,complete_rollout,300,0.002224339296990267,0.0002095190364548386,0.006333626770878533,0.06104925341497405
4,0.1,100,32,tis,300,0.03884970054140227,0.0061023281317286945,0.10121584257464539,1.0662695285099304
4,0.1,100,32,uniform,300,0.03643515968771348,0.003853674965259019,0.0606595733418391,1.0
4,0.1,100,33,complete_rollout,300,0.0005503142548912574,4.679697722974329e-05,-0.0004368354795059696,0.04087813832938277
4,0.1,100,33,tis,300,0.043826312207739034,0.004493080078774946,0.025055247882569742,3.255481821470684
4,0.1,100,33,uniform,300,0.013462312066586882,0.001182372608756169,-0.00875166371487423,1.0
4,0.1,100,34,complete_rollout,300,0.00011928644575991999,8.969875431110006e-06,-0.0005194356242653053,0.08864662808415374
4,0.1,100,34,tis,300,0.002037415049362729,0.0011476035892735677,-0.001393860867695426,1.5140863069842605
4,0.1,100,34,uniform,300,0.0013456399677907586,0.00017104173878328127,-0.0025676971468135317,1.0
4,0.1,100,35,complete_rollout,300,0.0002525205037892498,1.85344334109819e-05,0.00021446673161260293,0.07244715329614282
4,0.1,100,35,tis,300,0.0003672233976934126,6.146455957098955e-05,0.0006201578940057535,0.10535496875465078
4,0.1,100,35,uniform,300,0.0034855821422964633,0.00031613094588760205,0.001756153613643416,1.0
4,0.1,100,36,complete_rollout,300,4.456185460863481e-07,5.993098256968138e-08,-1.3834627669888632e-05,0.07245897561416736
4,0.1,100,36,tis,300,4.2497062202783324e-07,2.173607503745052e-09,0.0006500544715777546,0.0691015582917088
4,0.1,100,36,uniform,300,6.149942671825733e-06,1.3964338374727034e-06,6.360842082314763e-05,1.0
4,0.1,100,37,complete_rollout,300,1.6971345576542372e-05,1.9476450486437206e-06,0.00031287539491942925,0.023605389264414973
4,0.1,100,37,tis,300,0.0034876041458361613,0.0009662412478922744,0.01793101771111741,4.850897242728981
4,0.1,100,37,uniform,300,0.0007189606316777247,9.852607518679831e-05,0.008538220708045347,1.0
4,0.1,100,38,complete_rollout,300,2.085158427655427e-05,1.6718887195664542e-06,-9.191908288510724e-05,0.1737155762627228
4,0.1,100,38,tis,300,0.0007240845225542475,0.00043012282387719516,-0.00016513910100630672,6.032383843364038
4,0.1,100,38,uniform,300,0.00012003289932400127,2.634369394837375e-05,0.0009529268859390324,1.0
4,0.1,100,39,complete_rollout,300,6.16925410971904e-05,5.661045498114354e-06,-0.00016155551385992487,0.02874973412592716
4,0.1,100,39,tis,300,0.0025176332187512307,0.0007822017555991437,0.004954025685453153,1.1732582963582365
4,0.1,100,39,uniform,300,0.002145847360778014,0.00026251717449381895,0.0003798808026035827,1.0
4,0.1,100,40,complete_rollout,300,0.00013172545265449724,1.1132302231225802e-05,-0.00017245270125215261,0.03712072308011324
4,0.1,100,40,tis,300,0.0075573844783219345,0.00047410707670943755,0.027727357359030938,2.12969908834211
4,0.1,100,40,uniform,300,0.0035485691474869676,0.00023471720078350875,0.0035342799941482585,1.0
4,0.1,100,41,complete_rollout,300,2.303367314286671e-06,2.142531925039931e-07,8.625634809264888e-05,0.05760720266672336
4,0.1,100,41,tis,300,3.82651539087365e-05,1.7741864561420117e-05,0.00027041892163492064,0.9570112689458775
4,0.1,100,41,uniform,300,3.998401601987879e-05,1.8076625665981417e-05,0.00032266054019615355,1.0
4,0.1,100,42,complete_rollout,300,5.639605624689272e-05,4.384777209148058e-06,-0.0005390150265004094,0.05000889917627577
4,0.1,100,42,tis,300,0.0005548546195961799,8.090356574295268e-05,0.0032306515081281456,0.49201434595712584
4,0.1,100,42,uniform,300,0.0011277204092836146,0.00011420570226904585,0.00154817825105361,1.0
4,0.1,100,43,complete_rollout,300,9.168569822317133e-08,3.075809917384782e-08,1.1193085770392723e-07,0.013279171088265615
4,0.1,100,43,tis,300,1.0798155570085333e-05,7.612934686886631e-06,-0.00024039810314433697,1.5639359031094013
4,0.1,100,43,uniform,300,6.904474504752114e-06,4.866471055168007e-06,-0.00019064914362311761,1.0
4,0.1,100,44,complete_rollout,300,4.0709415804914906e-05,3.116163269583446e-06,-4.5565749573917016e-05,0.14867528498496568
4,0.1,100,44,tis,300,0.00010930340185650034,1.6280669206781186e-05,-0.00044475062359192224,0.3991881018071363
4,0.1,100,44,uniform,300,0.0002738142779348398,4.665099270442483e-05,-0.0010073358479049288,1.0
4,0.1,100,45,complete_rollout,300,0.0003588748705355232,2.590266663392017e-05,6.366839096809092e-05,0.044129481357588714
4,0.1,100,45,tis,300,0.0007741796424025425,0.00010728668535737063,-0.0009270120656112472,0.09519793360244753
4,0.1,100,45,uniform,300,0.008132315619744064,0.0006469617997232713,0.00486822571426916,1.0
4,0.1,100,46,complete_rollout,300,3.0669651026033225e-07,2.370164406410447e-08,4.006315130851738e-05,0.11609318666950041
4,0.1,100,46,tis,300,3.90267843445715e-06,2.2985694704693205e-06,-7.111034309157456e-05,1.4772726811201269
4,0.1,100,46,uniform,300,2.6418131766289645e-06,1.4375281569871774e-06,1.3245894491378251e-05,1.0
4,0.1,100,47,complete_rollout,300,8.338411038219e-05,6.89938001427853e-06,0.000317975104311925,0.047400019340068954
4,0.1,100,47,tis,300,0.003177406301874353,0.0009890210538626223,-0.0015891587643153452,1.8062088744460585
4,0.1,100,47,uniform,300,0.0017591577291130426,0.00015796842661921413,-0.0015895937250929807,1.0
4,0.1,100,48,complete_rollout,300,3.187430382982545e-05,2.8880173311029073e-06,-0.0001457696607497172,0.05522786417838556
4,0.1,100,48,tis,300,0.00012678285790792548,2.6982381631787516e-05,0.0015666164879791955,0.21967370625784766
4,0.1,100,48,uniform,300,0.000577141707433619,8.923806454905691e-05,0.0010581988720340337,1.0
4,0.1,100,49,complete_rollout,300,3.3562176141950724e-05,2.849813784359427e-06,6.671243273133954e-05,0.021458014102957373
4,0.1,100,49,tis,300,0.0020429572909746287,0.0005348827098018512,0.00020256236206755467,1.3061669832153262
4,0.1,100,49,uniform,300,0.0015640858460114974,0.0001698118584617996,0.011551222398136277,1.0
4,0.1,200,0,complete_rollout,300,1.567979279463804e-05,1.2971315441192255e-06,-0.0002600372907612266,0.02407915674428847
4,0.1,200,0,tis,300,0.00015507562948889633,9.727527034080068e-05,-0.000469925969416732,0.2381466667696827
4,0.1,200,0,uniform,300,0.0006511769893419237,4.934999473469529e-05,-0.0007510769860386546,1.0
4,0.1,200,1,complete_rollout,300,3.9913769052597404e-05,2.8547874525416487e-06,0.0004180608710515591,0.14525730588864796
4,0.1,200,1,tis,300,4.166459682126715e-05,4.157014907349853e-06,-2.3077980032306657e-05,0.15162905505663216
4,0.1,200,1,uniform,300,0.000274779769653684,1.810023412433633e-05,0.0025304173803284884,1.0
4,0.1,200,2,complete_rollout,300,0.00020833707570908503,1.7921446032697125e-05,-0.0013303512330323335,0.04737680533080394
4,0.1,200,2,tis,300,0.0026757012304148326,0.0005043715552065861,0.003568693964737149,0.6084667161872244
4,0.1,200,2,uniform,300,0.004397448799141091,0.00042373503105891413,0.001445852113583277,1.0
4,0.1,200,3,complete_rollout,300,1.868067938152467e-05,1.3847162712845805e-06,-4.491714407213632e-05,0.03412087545188833
4,0.1,200,3,tis,300,0.0003391313334964035,9.117542544426056e-05,0.002376443121199691,0.6194345374562685
4,0.1,200,3,uniform,300,0.0005474853483130908,4.2959539057354045e-05,0.00036421422115180994,1.0
4,0.1,200,4,complete_rollout,300,6.761671548086504e-05,4.815992263820294e-06,0.00032495893378211644,0.15698014518478245
4,0.1,200,4,tis,300,0.00040899442073235096,0.00010275433137065383,-0.0009412170514557427,0.949528575733609
4,0.1,200,4,uniform,300,0.00043073418871713307,3.575365878757594e-05,0.0012664121196720602,1.0
4,0.1,200,5,complete_rollout,300,0.00029642964976411466,2.5534822861539344e-05,-0.001788880910024216,0.10667469052948435
4,0.1,200,5,tis,300,0.003882356673546735,0.001372765992530305,-0.0015643622552955704,1.397124737708382
4,0.1,200,5,uniform,300,0.002778818933458101,0.0002432474525654872,0.004458789605386881,1.0
4,0.1,200,6,complete_rollout,300,8.902375237693985e-06,6.845426663917407e-07,0.00035875927218509705,0.29703058547967187
4,0.1,200,6,tis,300,1.392087443181726e-06,1.4733558469273284e-07,1.5546990135678247e-05,0.046447440963438426
4,0.1,200,6,uniform,300,2.997124091890276e-05,2.278612792527302e-06,0.0010350707298833436,1.0
4,0.1,200,7,complete_rollout,300,7.341010565367154e-05,6.731085469611009e-06,0.0007568909778941276,0.15920338896662325
4,0.1,200,7,tis,300,7.943182573665046e-05,1.0561960274124872e-05,0.0004796857132548619,0.17226260249154854
4,0.1,200,7,uniform,300,0.00046110893825923425,3.7696733422920845e-05,0.0012260107624180077,1.0
4,0.1,200,8,complete_rollout,300,0.0003569967577610427,2.4565801056939215e-05,0.0002315948665684712,0.17025057478399017
4,0.1,200,8,tis,300,0.0008603732466735361,9.889080386675931e-05,-0.0022380407645989447,0.4103091599307567
4,0.1,200,8,uniform,300,0.002096890176224025,0.00016497964275262288,-0.0014169208836390709,1.0
4,0.1,200,9,complete_rollout,300,8.834198327401877e-05,7.378254156359769e-06,0.001113137007741581,0.0337829145572267
4,0.1,200,9,tis,300,0.0007649692491584896,0.00017170432164792857,-1.9959049994980513e-05,0.2925323818355736
4,0.1,200,9,uniform,300,0.0026149899862657356,0.00028740381636015405,-0.00108664554054007,1.0
4,0.1,200,10,complete_rollout,300,1.2123476186749612e-05,1.05850529699793e-06,0.00025999055211593477,0.024155292799133646
4,0.1,200,10,tis,300,0.00034349034405985337,0.00012004639777690825,-0.0004453641891662611,0.6843837284482206
4,0.1,200,10,uniform,300,0.0005018972979364768,4.382806215128553e-05,-0.001961137436471203,1.0
4,0.1,200,11,complete_rollout,300,0.00014614684236085454,1.4016669865996263e-05,0.0006128643656718373,0.0575202743203632
4,0.1,200,11,tis,300,0.0009393709637649658,0.00014200723668774068,0.0040042926342101215,0.36971633907033696
4,0.1,200,11,uniform,300,0.0025407883409400913,0.0001868975556711024,0.004475429567870822,1.0
4,0.1,200,12,complete_rollout,300,4.781873488249512e-06,3.7674760355797403e-07,-7.34084167913466e-05,0.22122360180270037
4,0.1,200,12,tis,300,2.456641835200338e-05,1.0599301485307191e-05,0.000310351494328455,1.1365151262526612
4,0.1,200,12,uniform,300,2.161556655475782e-05,1.696202148125638e-06,0.00020060772410550301,1.0
4,0.1,200,13,complete_rollout,300,2.4445457446484477e-05,2.007320165174697e-06,-0.00025598686881094976,0.04056496857613525
4,0.1,200,13,tis,300,0.0006559129325876041,7.828246034317842e-05,0.00045534502121894914,1.0884266558457578
4,0.1,200,13,uniform,300,0.000602624833804653,6.260101871258864e-05,-0.00040154521690856165,1.0
4,0.1,200,14,complete_rollout,300,1.6212460878560098e-06,2.396054415171763e-07,2.6662826931556084e-05,0.008344109792557322
4,0.1,200,14,tis,300,0.0002221115800682904,7.14819034752214e-05,-0.0012230717493363233,1.1431474988100656
4,0.1,200,14,uniform,300,0.00019429826885812424,5.603909856140363e-05,-0.0013616678874705176,1.0
4,0.1,200,15,complete_rollout,300,0.00017723886369710383,1.5556001154702823e-05,0.0007932301318829978,0.04274769878065303
4,0.1,200,15,tis,300,0.01071860470168624,0.001164373483754646,0.044964805861053406,2.585187444665737
4,0.1,200,15,uniform,300,0.0041461615186948846,0.00047486394647137606,0.02465902184956842,1.0
4,0.1,200,16,complete_rollout,300,0.00010920206951532141,9.76351279949394e-06,0.00022783907194185178,0.17010825532900717
4,0.1,200,16,tis,300,0.00014001245630001946,2.592265242863789e-05,3.0289316028725793e-05,0.2181027774586591
4,0.1,200,16,uniform,300,0.000641956319545534,5.161563216513613e-05,0.0004267479194933821,1.0
4,0.1,200,17,complete_rollout,300,1.413723658636347e-06,1.307459415678387e-07,-4.045277947462234e-05,0.018680995888131952
4,0.1,200,17,tis,300,9.618492474693976e-05,5.568665384405852e-05,0.00020984416966964624,1.270991096966612
4,0.1,200,17,uniform,300,7.567710346398002e-05,3.979523689534243e-05,0.00019309177419315037,1.0
4,0.1,200,18,complete_rollout,300,8.290559842439453e-06,6.383340096137477e-07,-4.921463709432731e-05,0.10402835666306098
4,0.1,200,18,tis,300,1.613144428933206e-05,1.344861919638167e-05,-0.00032694635776533867,0.20241427260805508
4,0.1,200,18,uniform,300,7.969519185323549e-05,1.831110293977505e-05,4.9628296308205457e-05,1.0
4,0.1,200,19,complete_rollout,300,1.1442426547520974e-05,9.550847023188772e-07,-0.00010007400211231735,0.03312973334295524
4,0.1,200,19,tis,300,0.00044106514302521806,9.357249195857942e-05,-0.0019540673947608185,1.2770342474659528
4,0.1,200,19,uniform,300,0.0003453823919761223,6.140192202697382e-05,-0.0015667606842649888,1.0
4,0.1,200,20,complete_rollout,300,0.0004238969652322026,3.349129561787085e-05,0.0017678641860583055,0.0634117737834403
4,0.1,200,20,tis,300,0.0005972393764801926,7.370268889555439e-05,-0.0019343796952292047,0.08934248494838681
4,0.1,200,20,uniform,300,0.006684830591237954,0.000565826910646734,0.005623334943311694,1.0
4,0.1,200,21,complete_rollout,300,4.137985938457331e-05,3.480586011413801e-06,0.001233917531668706,0.03971730848138064
4,0.1,200,21,tis,300,0.00013070869134341277,3.103926854490757e-05,0.002679815165994666,0.12545710624669934
4,0.1,200,21,uniform,300,0.0010418596064728823,0.00013508857590245109,0.012207673779890725,1.0
4,0.1,200,22,complete_rollout,300,3.4070390875281223e-06,2.7838325438770904e-07,-6.699435692755588e-06,0.06168677845996309
4,0.1,200,22,tis,300,5.227062919279834e-05,1.55052701638859e-05,0.0009127281907270309,0.9463955769636928
4,0.1,200,22,uniform,300,5.523126952948939e-05,4.896258206377609e-06,-0.0001508865413372081,1.0
4,0.1,200,23,complete_rollout,300,3.2158937291907836e-06,3.5643216303765557e-07,0.00022745755599594983,0.03160843926590218
4,0.1,200,23,tis,300,0.0001153591411474147,4.500439035259219e-05,-0.00034803614088924593,1.1338441857163668
4,0.1,200,23,uniform,300,0.00010174161723511451,3.186631973921498e-05,-0.00033810252071180935,1.0
4,0.1,200,24,complete_rollout,300,0.0001516980313654065,1.3081182920022754e-05,2.9139495989829455e-05,0.11461791346810946
4,0.1,200,24,tis,300,0.0014583968064099055,0.0002965843246550892,0.001490620624041168,1.101915413500724
4,0.1,200,24,uniform,300,0.0013235106692778347,0.0001048471155358937,0.0008830616853264014,1.0
4,0.1,200,25,complete_rollout,300,5.616784397440821e-06,5.025418517009345e-07,0.00011687331369684213,0.1460659888525924
4,0.1,200,25,tis,300,1.9511546973508692e-05,5.789097323300475e-06,-0.00032444072677676535,0.5074030265480528
4,0.1,200,25,uniform,300,3.8453745745761496e-05,3.400965862009734e-06,-2.8701275090832943e-06,1.0
4,0.1,200,26,complete_rollout,300,2.5280853034503188e-05,1.930514281156924e-06,-5.36199217904354e-05,0.01740591304268329
4,0.1,200,26,tis,300,0.0017051587765198727,0.0001790917156135109,-0.002929722675156651,1.1740049019535148
4,0.1,200,26,uniform,300,0.0014524290091826118,0.00013364947519517881,-0.0022883797264982033,1.0
4,0.1,200,27,complete_rollout,300,0.00016633843841656475,1.288675252472697e-05,0.0004182103419212909,0.04300993633151946
4,0.1,200,27,tis,300,0.005464028002378943,0.002239213811557788,0.004922773000343965,1.4128273580843878
4,0.1,200,27,uniform,300,0.003867442098366118,0.00032406197992631614,0.004964984447314952,1.0
4,0.1,200,28,complete_rollout,300,0.0005704946256314925,4.520135100022642e-05,-3.245684413367922e-05,0.07840068012627632
4,0.1,200,28,tis,300,0.0031698676727631354,0.0005718211943991171,0.007949206713614505,0.4356215997299444
4,0.1,200,28,uniform,300,0.007276654038110683,0.0006580278875084329,0.02521516313602412,1.0
4,0.1,200,29,complete_rollout,300,8.47639223707605e-08,8.462253124251675e-08,1.6809116809172186e-05,5.07347967492313e-05
4,0.1,200,29,tis,300,0.001252877314170695,0.00033915361171672434,0.010718321707864992,0.7499001238774637
4,0.1,200,29,uniform,300,0.001670725573017,0.00027502144734894805,0.01770106346342591,1.0
4,0.1,200,30,complete_rollout,300,2.8020759410221555e-05,3.178071339933932e-06,0.0020621610392959067,0.160285440715358
4,0.1,200,30,tis,300,4.943882324103194e-05,3.7105702627290163e-06,0.0035553703870256853,0.28280188468934975
4,0.1,200,30,uniform,300,0.00017481787045139092,2.1299824961101212e-05,0.005859442734520866,1.0
4,0.1,200,31,complete_rollout,300,0.0003200952338355155,2.7121303616548102e-05,0.0034686309606906662,0.06015794909095412
4,0.1,200,31,tis,300,0.002411769348141139,0.00041498830280945793,0.021956687698724855,0.4532622867454279
4,0.1,200,31,uniform,300,0.005320913340173159,0.0006573668585119933,0.026490652634525665,1.0
4,0.1,200,32,complete_rollout,300,0.0008722699945904367,6.707867680872179e-05,-0.0008075209702690948,0.042813400180761546
4,0.1,200,32,tis,300,0.01678093870528127,0.0028023507333130803,0.06920313784238188,0.8236544288507553
4,0.1,200,32,uniform,300,0.0203737612735182,0.0019503749012555875,0.041823406984894555,1.0
4,0.1,200,33,complete_rollout,300,0.00026490484663540203,2.029850595090794e-05,0.0009590131163425568,0.04825572897768247
4,0.1,200,33,tis,300,0.027013574283186462,0.003096692475746502,0.0029380291093799257,4.920860210315723
4,0.1,200,33,uniform,300,0.005489604079091137,0.0004199736924789031,0.001793229878065586,1.0
4,0.1,200,34,complete_rollout,300,6.056015302881106e-05,4.704918145587202e-06,0.0008858553810255791,0.10256971892781222
4,0.1,200,34,tis,300,0.0007982078930589963,0.00031567644319045534,-0.0018671879048658161,1.3519113665064955
4,0.1,200,34,uniform,300,0.0005904291603980394,5.506538512769241e-05,-0.00027112861648946737,1.0
4,0.1,200,35,complete_rollout,300,0.00012305459624911596,1.0592492809417017e-05,0.000342916060062044,0.09309889145007717
4,0.1,200,35,tis,300,0.00020913740210829355,3.052657764539245e-05,-0.0010702853754943169,0.15822619301122642
4,0.1,200,35,uniform,300,0.0013217622071805448,0.00011888750115291656,0.0026857802083193366,1.0
4,0.1,200,36,complete_rollout,300,2.3037409662186292e-07,2.369954938715834e-08,3.7884899531330046e-06,0.068418335779345
4,0.1,200,36,tis,300,1.5657018775922768e-05,1.521134887164445e-05,0.0004146115825237991,4.649946255341852
4,0.1,200,36,uniform,300,3.367139729397089e-06,6.374246941198009e-07,3.5694196401848304e-05,1.0
4,0.1,200,37,complete_rollout,300,8.735301817016814e-06,7.602688648581675e-07,-7.568789364389872e-05,0.03827284203969798
4,0.1,200,37,tis,300,0.002626018892079689,0.0007768822114126488,0.01535429462854923,11.505636365539125
4,0.1,200,37,uniform,300,0.00022823760534836272,2.1904105220019037e-05,0.002706585482466635,1.0
4,0.1,200,38,complete_rollout,300,9.515924897548793e-06,8.0754492645726e-07,6.888677792075951e-05,0.12307450023511947
4,0.1,200,38,tis,300,7.541824406238407e-05,3.2825580244793706e-05,0.0013140898907766374,0.975424122880494
4,0.1,200,38,uniform,300,7.731841185111237e-05,9.691686498847848e-06,-0.0009263966532970895,1.0
4,0.1,200,39,complete_rollout,300,3.396729105849426e-05,2.679465789531621e-06,-0.00024747329977769036,0.02425827243746937
4,0.1,200,39,tis,300,0.0020955397685956567,0.0007862737395988425,0.0031353924970300004,1.4965625172347317
4,0.1,200,39,uniform,300,0.0014002353690293428,0.00014741180650868686,-0.0010805408802667974,1.0
4,0.1,200,40,complete_rollout,300,7.248881534076429e-05,5.587972424647432e-06,0.00032022129142182535,0.030602283355443398
4,0.1,200,40,tis,300,0.0039814824822791564,0.00040098513481815395,0.008700567788937215,1.680844893445547
4,0.1,200,40,uniform,300,0.0023687387800057835,0.00015864685395083385,0.001805412102134325,1.0
4,0.1,200,41,complete_rollout,300,1.2260271981832481e-06,1.0270970512330081e-07,6.834833018458367e-05,0.06576560623029654
4,0.1,200,41,tis,300,1.2261111065365631e-05,2.901795328377181e-06,-0.00014997752747120046,0.6577010717752815
4,0.1,200,41,uniform,300,1.864237659256076e-05,4.715794405681912e-06,-0.000202596890359407,1.0
4,0.1,200,42,complete_rollout,300,3.523514148697714e-05,2.6491661016267956e-06,0.0004710378835524524,0.06471505110784784
4,0.1,200,42,tis,300,0.00032049269962166374,5.103225461289689e-05,9.922435821357508e-06,0.588636814283088
4,0.1,200,42,uniform,300,0.0005444659454607811,4.4874717172707774e-05,-0.001257301500335278,1.0
4,0.1,200,43,complete_rollout,300,3.34619793919005e-08,7.405549303573112e-09,1.7368748114493884e-05,3.4265613586964125
4,0.1,200,43,tis,300,1.1597334757706648e-08,2.2718542470864464e-09,3.228017912725978e-05,1.1875860264931988
4,0.1,200,43,uniform,300,9.765469194642014e-09,1.8395564665940458e-09,3.553391193245048e-05,1.0
4,0.1,200,44,complete_rollout,300,1.9341141525266844e-05,1.4353796361746648e-06,0.0001627777587694849,0.19289398214738734
4,0.1,200,44,tis,300,4.115777944813721e-05,6.524361186738884e-06,2.4179106279903125e-05,0.4104767013737857
4,0.1,200,44,uniform,300,0.00010026824740695421,9.00848411394241e-06,0.0010979332611228373,1.0
4,0.1,200,45,complete_rollout,300,0.0002017971874088703,1.622824117622488e-05,0.00035569118299103736,0.051227591276058186
4,0.1,200,45,tis,300,0.000373668966391152,5.27881597411284e-05,0.0011777466698872777,0.09485841368070344
4,0.1,200,45,uniform,300,0.003939228497420736,0.00030432874889644006,-0.0009614757674437868,1.0
4,0.1,200,46,complete_rollout,300,1.848394286265046e-07,1.7661283936752423e-08,-3.795882671352928e-05,0.26118366902950735
4,0.1,200,46,tis,300,8.494990458940347e-07,4.6543703006755494e-07,1.6058890955905625e-06,1.2003676882814958
4,0.1,200,46,uniform,300,7.076990277122659e-07,3.294741815719806e-07,3.9380153750632566e-05,1.0
4,0.1,200,47,complete_rollout,300,4.8134503314072335e-05,3.9379215320049185e-06,-0.00046782058148370296,0.05871665920257991
4,0.1,200,47,tis,300,0.0031528147895872453,0.000863119556810536,0.00025923929361456525,3.8459470604930184
4,0.1,200,47,uniform,300,0.0008197759199480714,9.055376154268571e-05,0.0020379991812727576,1.0
4,0.1,200,48,complete_rollout,300,1.5189879436914621e-05,1.158537689507255e-06,-9.127230625249671e-05,0.04479768659391033
4,0.1,200,48,tis,300,0.0021644301793719936,0.0014930506446866742,-0.0030923780257142448,6.3832939051689115
4,0.1,200,48,uniform,300,0.0003390773183135642,3.760464370935114e-05,-0.00037148187530392434,1.0
4,0.1,200,49,complete_rollout,300,1.5400943107935536e-05,1.1786807737363332e-06,-9.803643785060896e-06,0.031286718757788
4,0.1,200,49,tis,300,0.0010706870498752707,0.0002869158222510243,0.0015360214869538143,2.1750800825822734
4,0.1,200,49,uniform,300,0.0004922517834856646,5.7178091657380464e-05,0.005381413177534437,1.0
4,0.1,400,0,complete_rollout,300,8.162727143762924e-06,6.00888721129858e-07,-1.742434814822058e-05,0.020657076150711183
4,0.1,400,0,tis,300,1.0659515094717612e-05,3.435642999117523e-06,0.00026540238780624543,0.026975594205606378
4,0.1,400,0,uniform,300,0.00039515404233439385,3.512418691795646e-05,0.000938175078132315,1.0
4,0.1,400,1,complete_rollout,300,2.4650165843278868e-05,1.9004409507397079e-06,0.0002062375092282383,0.15908771078268968
4,0.1,400,1,tis,300,1.3551761130242554e-05,1.2660105985527199e-06,-7.397742662585156e-05,0.08746061462592382
4,0.1,400,1,uniform,300,0.00015494701458713207,1.2341983442084998e-05,0.0008137933559867368,1.0
4,0.1,400,2,complete_rollout,300,0.00011535838604992383,8.599835886395779e-06,0.00011220065951942211,0.05568183015563755
4,0.1,400,2,tis,300,0.0015940214221885505,0.0003262446855192466,0.000548478416833238,0.7694111640599647
4,0.1,400,2,uniform,300,0.0020717419978381274,0.000172635810638748,-0.0031296844279098085,1.0
4,0.1,400,3,complete_rollout,300,9.19919075728942e-06,7.659218942437498e-07,-0.00026404616320122514,0.041932081636758094
4,0.1,400,3,tis,300,3.1337487008272795e-05,1.0835934614450423e-05,7.200955553910908e-05,0.14284365855556302
4,0.1,400,3,uniform,300,0.00021938311665465504,1.702974844495545e-05,-0.0004560899284503265,1.0
4,0.1,400,4,complete_rollout,300,3.085088502565233e-05,2.59256683927908e-06,-3.236707354384416e-05,0.14581985622797583
4,0.1,400,4,tis,300,3.0185714324266733e-05,8.70235591672137e-06,0.0002898809957757827,0.14267585903105723
4,0.1,400,4,uniform,300,0.00021156847787190126,1.8565980065155607e-05,0.0016869776206124502,1.0
4,0.1,400,5,complete_rollout,300,0.0001515162116259825,1.2973371560743381e-05,-0.0004901833113265841,0.11594907058094157
4,0.1,400,5,tis,300,0.0013493458613343106,0.00020264106603964924,0.0012307726724034567,1.0325984053783186
4,0.1,400,5,uniform,300,0.00130674796155621,9.695985678478638e-05,2.1270793617482743e-05,1.0
4,0.1,400,6,complete_rollout,300,5.273410254042246e-06,4.545628081588619e-07,0.0004212541846800703,0.44351926547018766
4,0.1,400,6,tis,300,7.819561298295005e-07,9.84207791922692e-08,4.6928495736096035e-05,0.06576628625964522
4,0.1,400,6,uniform,300,1.1889923763405746e-05,8.772512532593783e-07,0.00011384966593666946,1.0
4,0.1,400,7,complete_rollout,300,4.000455963719972e-05,3.4466875181624908e-06,-0.0001349486639455407,0.18100192102289012
4,0.1,400,7,tis,300,1.9764106171492793e-05,1.9675915182185815e-06,0.0005804391487760255,0.08942333615926197
4,0.1,400,7,uniform,300,0.00022101732076169848,1.906015190519646e-05,0.00074875961842928,1.0
4,0.1,400,8,complete_rollout,300,0.0001787384164293369,1.4230304276842005e-05,0.0007494011343747149,0.17876174416387383
4,0.1,400,8,tis,300,0.0001885063055391732,2.621995540055991e-05,-0.0010579046524702472,0.18853090811282247
4,0.1,400,8,uniform,300,0.0009998695037652153,9.088362568021344e-05,-0.0019306756653954679,1.0
4,0.1,400,9,complete_rollout,300,5.5224328278536616e-05,5.394794800639976e-06,-6.962652502202626e-05,0.04764560167128135
4,0.1,400,9,tis,300,0.0004185081637432688,0.00011083480353316431,-0.001440425191706507,0.3610740752756435
4,0.1,400,9,uniform,300,0.0011590645587717151,0.00010593981579768969,-0.0010182285938025296,1.0
4,0.1,400,10,complete_rollout,300,5.040942752901594e-06,4.31764394558685e-07,9.771948984507321e-05,0.024337641420865266
4,0.1,400,10,tis,300,0.0001014873383043885,4.4719881881552284e-05,0.00078928749054894,0.4899802615271772
4,0.1,400,10,uniform,300,0.00020712536049528071,1.6932517393986206e-05,0.0009221950240901237,1.0
4,0.1,400,11,complete_rollout,300,8.515115082675966e-05,7.284398048517082e-06,0.0006779640807714027,0.07091651385443279
4,0.1,400,11,tis,300,0.0002567284614077698,5.349597224847011e-05,0.0012163408136635031,0.21381140845990537
4,0.1,400,11,uniform,300,0.0012007238680900995,8.639898986179202e-05,0.0014095830602174131,1.0
4,0.1,400,12,complete_rollout,300,2.719439166530881e-06,2.4410965701478597e-07,7.370188031872023e-05,0.21441566153741795
4,0.1,400,12,tis,300,2.2070529931016034e-05,6.855773579574516e-06,-0.00018511018582688146,1.7401629475231168
4,0.1,400,12,uniform,300,1.2683024864097011e-05,1.3771962909310673e-06,-0.00014015356803137518,1.0
4,0.1,400,13,complete_rollout,300,1.4936327234391928e-05,1.1322045601966914e-06,0.00020479864197438488,0.05145153201198601
4,0.1,400,13,tis,300,0.0002471048545616784,2.2229050820535812e-05,0.0019768612968724874,0.8512081407484603
4,0.1,400,13,uniform,300,0.00029029897945336984,2.7005029282038023e-05,0.002002521721459487,1.0
4,0.1,400,14,complete_rollout,300,9.917501146062785e-07,9.347096333388804e-08,-2.1037620769160565e-05,0.019561355573586327
4,0.1,400,14,tis,300,6.010321377491967e-05,1.8061709448861842e-05,-3.273944404634577e-05,1.1854804133128076
4,0.1,400,14,uniform,300,5.069945745198955e-05,1.4406001962981515e-05,4.498184194932975e-05,1.0
4,0.1,400,15,complete_rollout,300,0.00010762113214799508,1.0321031431116382e-05,0.0018673245559774102,0.050130430386937465
4,0.1,400,15,tis,300,0.005486437546562378,0.0008140031099915202,0.02415766524633601,2.555608457287067
4,0.1,400,15,uniform,300,0.0021468224253673677,0.00022410436018017668,0.016321862258965092,1.0
4,0.1,400,16,complete_rollout,300,4.759204638388865e-05,3.6928234853365804e-06,0.0005193124134151954,0.14169376345080856
4,0.1,400,16,tis,300,3.778154461053277e-05,3.2994039752207396e-06,0.0008022627171769181,0.11248537626789867
4,0.1,400,16,uniform,300,0.0003358796126578362,2.681927271390146e-05,0.002110879680517678,1.0
4,0.1,400,17,complete_rollout,300,6.757997877517918e-07,6.119729186846022e-08,2.7679088657124316e-05,0.017420798564467536
4,0.1,400,17,tis,300,4.922303365462724e-05,1.612886476643369e-05,-0.0001535696220278641,1.268873665796729
4,0.1,400,17,uniform,300,3.879269858100489e-05,1.2298246236662941e-05,-1.1615648745216442e-05,1.0
4,0.1,400,18,complete_rollout,300,4.645889366564839e-06,3.760916689823269e-07,4.130225342284207e-05,0.12121247026526061
4,0.1,400,18,tis,300,7.73121899911134e-07,1.150431864984701e-07,0.0001386865745968624,0.020170952838184042
4,0.1,400,18,uniform,300,3.8328476900089605e-05,1.1431794333316433e-05,-0.00026175104977108174,1.0
4,0.1,400,19,complete_rollout,300,5.883938913473016e-06,4.7237241245849364e-07,-7.695637899470143e-05,0.042572949244649126
4,0.1,400,19,tis,300,0.00029214025402568696,0.00010620632830451215,-0.0008099771731184528,2.113766371448158
4,0.1,400,19,uniform,300,0.0001382083933076953,1.260485215898769e-05,-0.00044994991902338614,1.0
4,0.1,400,20,complete_rollout,300,0.00019885321456268912,1.459530581270028e-05,0.0005780595462535228,0.05711548858618211
4,0.1,400,20,tis,300,0.0001655672302763423,2.3716317049374094e-05,-0.0005467576023242067,0.04755494283504799
4,0.1,400,20,uniform,300,0.0034815987656769774,0.0002744355464133111,-0.0006568655266681105,1.0
4,0.1,400,21,complete_rollout,300,2.102809756154156e-05,1.665657270895105e-06,0.00043137377912507417,0.03242173725819859
4,0.1,400,21,tis,300,3.5072487314042274e-05,7.046647210769215e-06,0.0015999717048670256,0.05407578908931125
4,0.1,400,21,uniform,300,0.0006485802224007636,7.399361771032639e-05,0.008993846774877703,1.0
4,0.1,400,22,complete_rollout,300,1.8829045572892301e-06,1.4932046287171054e-07,0.00012278774379445172,0.06187707615745815
4,0.1,400,22,tis,300,1.8781381354678435e-05,6.217640402586647e-06,8.611628385024828e-05,0.61720439303562
4,0.1,400,22,uniform,300,3.0429759681886333e-05,2.8544712976446093e-06,0.00011810452420098002,1.0
4,0.1,400,23,complete_rollout,300,1.831103169163807e-06,1.6681605133733265e-07,8.836516690356196e-05,0.04331294584042992
4,0.1,400,23,tis,300,3.5129303515304444e-05,5.8375461061931665e-06,-0.0001427154957191116,0.8309491492307556
4,0.1,400,23,uniform,300,4.227611707386079e-05,5.992851093422873e-06,-0.00043663407646268897,1.0
4,0.1,400,24,complete_rollout,300,7.65960923780425e-05,6.403949605163285e-06,0.00020710042395075457,0.0905627756829237
4,0.1,400,24,tis,300,0.0004371344353574172,6.018418819004259e-05,0.0005362691757380963,0.516842394742109
4,0.1,400,24,uniform,300,0.0008457789836987656,7.541948190846057e-05,0.001393922834552362,1.0
4,0.1,400,25,complete_rollout,300,2.369001370029714e-06,1.8910427237628036e-07,2.1167167991021548e-05,0.12497545480095691
4,0.1,400,25,tis,300,4.089525290913883e-06,1.4696809747982745e-06,-0.00011252767413024056,0.21574081366849004
4,0.1,400,25,uniform,300,1.8955733138180787e-05,1.5075249924923976e-06,-0.0003786820776248338,1.0
4,0.1,400,26,complete_rollout,300,1.3759693865835089e-05,1.0306715193631326e-06,8.543176726105569e-05,0.01858908273079092
4,0.1,400,26,tis,300,0.0015735562796399154,0.0007299734012410228,-0.0004611487814674368,2.1258443791697466
4,0.1,400,26,uniform,300,0.0007402029495002224,6.810187462025845e-05,0.002141239677509308,1.0
4,0.1,400,27,complete_rollout,300,7.446691701050185e-05,5.553836451274074e-06,-0.0005701901464790963,0.030966526463437685
4,0.1,400,27,tis,300,0.002427586826268126,0.0010905719217556718,0.0020240445512714387,1.009494346158081
4,0.1,400,27,uniform,300,0.0024047552475226844,0.0002034764506879842,0.0004183009668461546,1.0
4,0.1,400,28,complete_rollout,300,0.000239806341729114,2.0475347121097108e-05,0.0012552517435749121,0.05676789714749444
4,0.1,400,28,tis,300,0.0020974992769156797,0.000255137009727126,0.0024151028290770545,0.4965282500885478
4,0.1,400,28,uniform,300,0.004224330189755819,0.000352944930128776,0.010288790340885201,1.0
4,0.1,400,29,complete_rollout,300,3.0814879110195774e-33,0.0,5.551115123125783e-17,7.760479987761706e-30
4,0.1,400,29,tis,300,0.0003462497289062053,7.852941936854013e-05,0.006078777187831117,0.8720021527053299
4,0.1,400,29,uniform,300,0.0003970743969289388,7.721019541392693e-05,0.007395516217028344,1.0
4,0.1,400,30,complete_rollout,300,2.0150292071747818e-05,2.331669379305727e-06,0.0015458810230158375,0.16245727603146892
4,0.1,400,30,tis,300,2.776599692936454e-05,2.2943934354004433e-06,0.0018199399085728585,0.22385721315509607
4,0.1,400,30,uniform,300,0.0001240344080855116,1.440860319310154e-05,0.005365652107401395,1.0
4,0.1,400,31,complete_rollout,300,0.0001851854959155761,1.7791042107221833e-05,0.002156766898826591,0.05490642873995424
4,0.1,400,31,tis,300,0.002219442403257225,0.0003362138828076809,0.01747543514089904,0.6580518390729202
4,0.1,400,31,uniform,300,0.0033727470564994255,0.00035262769823368593,0.020969843410552844,1.0
4,0.1,400,32,complete_rollout,300,0.0004982559642894013,5.0241931549351575e-05,-0.0007142771770253672,0.04326167746197021
4,0.1,400,32,tis,300,0.008281779247623567,0.0006722528638240118,0.035616111272783586,0.7190755119869024
4,0.1,400,32,uniform,300,0.011517259466589115,0.0010940514178745253,0.025343676953413007,1.0
4,0.1,400,33,complete_rollout,300,0.00014896766038680078,1.1692172283297047e-05,0.00020172780905726087,0.05585033334873145
4,0.1,400,33,tis,300,0.010883533091147611,0.001821028628567783,0.004775413448578984,4.080408791909857
4,0.1,400,33,uniform,300,0.0026672653761373537,0.00021764895268055424,0.00039135374408843257,1.0
4,0.1,400,34,complete_rollout,300,3.549591889473393e-05,2.8572824966748775e-06,0.000251484196654271,0.11146309230262585
4,0.1,400,34,tis,300,0.00012466833524205385,3.27148678907869e-05,0.0016227437545787496,0.3914793190594457
4,0.1,400,34,uniform,300,0.00031845446022941276,2.7221187099074124e-05,0.0008176440054144678,1.0
4,0.1,400,35,complete_rollout,300,6.539494451831416e-05,5.358614894542853e-06,0.0003771447942906662,0.10090869096310348
4,0.1,400,35,tis,300,8.379035192625689e-05,1.3312589050233858e-05,-0.0001797195285739539,0.1292940118000777
4,0.1,400,35,uniform,300,0.0006480605772819444,5.4667680626142764e-05,-0.0010628094729306606,1.0
4,0.1,400,36,complete_rollout,300,9.850705769841782e-08,8.182586347630448e-09,-2.865966701285731e-06,0.057274816017416595
4,0.1,400,36,tis,300,2.2823696261675988e-05,1.1024373970360984e-05,5.1498708950738305e-05,13.270348691430739
4,0.1,400,36,uniform,300,1.7199017744284501e-06,2.8779536122401774e-07,4.227314339982543e-05,1.0
4,0.1,400,37,complete_rollout,300,4.0760461774828136e-06,3.334644109642664e-07,7.543689587760083e-06,0.047244589766043926
4,0.1,400,37,tis,300,0.0007198874004334543,0.00022007728402714393,0.008251964886359726,8.344062709374382
4,0.1,400,37,uniform,300,8.627540629874169e-05,6.617186813873742e-06,0.00014336018698775136,1.0
4,0.1,400,38,complete_rollout,300,4.685394877746106e-06,3.763512419473022e-07,-0.000245643136609152,0.1473264398799586
4,0.1,400,38,tis,300,0.00020210317637794903,8.694410868535241e-05,-6.304382515682919e-05,6.354884111393791
4,0.1,400,38,uniform,300,3.1802810694154824e-05,3.127451305679356e-06,0.0001518334594633264,1.0
4,0.1,400,39,complete_rollout,300,1.6582762273212662e-05,1.375825875961604e-06,1.2152259847853693e-05,0.025888128993732436
4,0.1,400,39,tis,300,0.0044474913334073595,0.0012061848930472398,-0.004389096364130398,6.943187596902737
4,0.1,400,39,uniform,300,0.0006405546834700715,6.059607854657034e-05,-0.003021987045211817,1.0
4,0.1,400,40,complete_rollout,300,3.396170875970144e-05,2.7199694896669427e-06,0.0002254715966721558,0.03500610783759955
4,0.1,400,40,tis,300,0.0014250379271917575,0.0002550075824439262,0.0032947610586279395,1.4688610548105574
4,0.1,400,40,uniform,300,0.0009701652328004218,6.694257053741023e-05,0.0002662509931715484,1.0
4,0.1,400,41,complete_rollout,300,6.3906162001236e-07,5.229400357363403e-08,-7.842146006165803e-06,0.06436423343358996
4,0.1,400,41,tis,300,7.984451786025639e-06,1.9788107360217886e-06,-7.957156129113704e-05,0.8041683344793246
4,0.1,400,41,uniform,300,9.92883136985907e-06,1.6327565059087608e-06,3.890657527284051e-05,1.0
4,0.1,400,42,complete_rollout,300,1.762491177970387e-05,1.429645100899429e-06,-4.892548641079871e-05,0.07165110587926732
4,0.1,400,42,tis,300,9.935907190432328e-05,1.4792798904747336e-05,0.00018068719402424569,0.40392754698951566
4,0.1,400,42,uniform,300,0.00024598241106567125,1.976576626484968e-05,0.0009435509409262932,1.0
4,0.1,400,43,complete_rollout,300,1.522583296178519e-08,2.516916581754578e-09,1.966830041402782e-05,3.3648182258860486
4,0.1,400,43,tis,300,4.939778036740443e-09,8.274781415849948e-10,3.5362085288772604e-05,1.0916614684775199
4,0.1,400,43,uniform,300,4.525009061306963e-09,7.363932059524818e-10,4.1630202441689246e-05,1.0
4,0.1,400,44,complete_rollout,300,1.1299821422628721e-05,8.634187338509443e-07,0.0002795258255176421,0.1931236042167859
4,0.1,400,44,tis,300,2.0183074414313917e-05,4.681477836347517e-06,0.0002179506361324024,0.3449459889040558
4,0.1,400,44,uniform,300,5.851082506695763e-05,4.385392741510622e-06,0.0007012978165915936,1.0
4,0.1,400,45,complete_rollout,300,0.00010312201904486302,8.97923868408297e-06,0.0002920566693566107,0.06042664807187743
4,0.1,400,45,tis,300,0.00014467897237504832,1.9734752230311875e-05,0.0003445697738031569,0.08477787215652294
4,0.1,400,45,uniform,300,0.0017065652710406757,0.00014307819169220582,-0.0013282196130094729,1.0
4,0.1,400,46,complete_rollout,300,1.012050949186904e-07,9.286888858121128e-09,1.6626629080325935e-06,0.19110654636364982
4,0.1,400,46,tis,300,1.931237516958733e-07,1.1099157507297929e-07,-9.988006405583874e-06,0.3646774229799516
4,0.1,400,46,uniform,300,5.295741922210808e-07,1.6021599334234609e-07,-2.9954336990110816e-05,1.0
4,0.1,400,47,complete_rollout,300,1.832472634531566e-05,1.3049975325237786e-06,0.0003120939484308834,0.04625866564829714
4,0.1,400,47,tis,300,0.001636181981535305,0.0003975820162535792,0.0011142561359358775,4.1303533704861
4,0.1,400,47,uniform,300,0.0003961360771760658,2.9147563111734427e-05,0.0013129245058170072,1.0
4,0.1,400,48,complete_rollout,300,8.138971423931694e-06,6.922936007471005e-07,5.026208528191874e-05,0.058931164939663626
4,0.1,400,48,tis,300,3.419810208164606e-05,8.611460368596195e-06,0.00041339998829428664,0.247615317639657
4,0.1,400,48,uniform,300,0.00013810980034527977,1.2666268746599382e-05,0.0011778737281899954,1.0
4,0.1,400,49,complete_rollout,300,8.44568328060892e-06,6.132920201094015e-07,-9.814308212418095e-05,0.03994755402478728
4,0.1,400,49,tis,300,0.0005604275469950353,0.00013202462654322576,0.0026619157155425423,2.65078726809053
4,0.1,400,49,uniform,300,0.00021141928427879242,3.654737524732644e-05,0.0028431318184704915,1.0
4,0.2,50,0,complete_rollout,300,1.5033083375293812e-05,1.1267587766005037e-06,-4.3967716277698206e-05,0.015791189577585307
4,0.2,50,0,tis,300,0.00032317451246595196,8.960765161519123e-05,0.00014461690226948024,0.33947194102446143
4,0.2,50,0,uniform,300,0.0009519918243925346,0.00011684756303053809,-0.0032785060177876833,1.0
4,0.2,50,1,complete_rollout,300,9.184479870407926e-05,6.734334172511628e-06,-0.0006222929934798937,0.11162220761557459
4,0.2,50,1,tis,300,0.0002331165531341884,3.9128686537816514e-05,0.0011951443344729669,0.283314729410102
4,0.2,50,1,uniform,300,0.0008228183321762595,6.400632134590588e-05,0.0016788229954573823,1.0
4,0.2,50,2,complete_rollout,300,0.00019332329288787313,1.5218329171412674e-05,-0.001433183576828682,0.034788703448624836
4,0.2,50,2,tis,300,0.0057361172324135205,0.0011746699532498043,-0.008303870588443332,1.0322195445983848
4,0.2,50,2,uniform,300,0.0055570709375061525,0.0006434081049870973,-0.00502866715530327,1.0
4,0.2,50,3,complete_rollout,300,1.904225576729956e-05,1.5839176076621172e-06,-0.00035018661128578544,0.03893235909140706
4,0.2,50,3,tis,300,0.00028430804133242684,4.3564620701941774e-05,0.001480767332861078,0.5812747656050594
4,0.2,50,3,uniform,300,0.0004891112743153153,4.5125886177481154e-05,-0.001665493318475022,1.0
4,0.2,50,4,complete_rollout,300,0.00015237286362007867,1.1914170286927655e-05,0.000468749923245982,0.10622656891304001
4,0.2,50,4,tis,300,0.0023174546505441668,0.0003061772200605338,0.0014456798827464216,1.6156108790649233
4,0.2,50,4,uniform,300,0.001434413868199163,0.00012140285299473382,0.0024512085213761144,1.0
4,0.2,50,5,complete_rollout,300,0.0003333929714973579,2.974212207262762e-05,-0.0015176868899999356,0.08122158901814813
4,0.2,50,5,tis,300,0.005581097691985196,0.0020669064075582067,-0.0026948779104710927,1.3596736037134758
4,0.2,50,5,uniform,300,0.004104733427744988,0.0005611889510000299,0.0027337648851586435,1.0
4,0.2,50,6,complete_rollout,300,1.2206379936350979e-05,1.0142990350869773e-06,-0.00023537757608016908,0.3304006486410419
4,0.2,50,6,tis,300,0.00015202827293991182,0.00014839359730009645,0.0008079278669279303,4.115080822737379
4,0.2,50,6,uniform,300,3.6944176673249785e-05,3.6273617523265494e-06,0.000756958259900502,1.0
4,0.2,50,7,complete_rollout,300,0.0001167860219530506,1.0878235141881232e-05,0.00046432440638668695,0.11579194357332036
4,0.2,50,7,tis,300,0.0001874443694738401,1.878215973876476e-05,0.0019913822452806685,0.18584884980479083
4,0.2,50,7,uniform,300,0.0010085850392441231,8.245214722938789e-05,0.0031445447016538717,1.0
4,0.2,50,8,complete_rollout,300,0.00029762226554479946,2.3027042987668196e-05,-0.0006198020367918906,0.11380898659194363
4,0.2,50,8,tis,300,0.001435070050137687,0.00018378284848417795,-0.0005484630483407704,0.5487622634538264
4,0.2,50,8,uniform,300,0.0026151033802972786,0.0002138495786454139,0.0037282131716644697,1.0
4,0.2,50,9,complete_rollout,300,0.00011453499221815112,1.2530088907626333e-05,-0.00014617776448671164,0.052324301379892205
4,0.2,50,9,tis,300,0.0013752617314807141,0.0001932187845681821,0.0017759926107477468,0.6282761968252473
4,0.2,50,9,uniform,300,0.0021889445094849555,0.00021095033047639314,0.0012983066896257967,1.0
4,0.2,50,10,complete_rollout,300,1.039687257341091e-05,7.624151597436381e-07,0.0003617737031748984,0.02511390191154845
4,0.2,50,10,tis,300,0.00038328929393473564,3.5983823911096626e-05,0.0009605986384748033,0.9258447349100902
4,0.2,50,10,uniform,300,0.0004139887385890435,3.819122204082063e-05,0.0016451567230259666,1.0
4,0.2,50,11,complete_rollout,300,0.00014925003244565814,1.1818502086077352e-05,0.0013235874647667546,0.05504341884731697
4,0.2,50,11,tis,300,0.00299760541065081,0.00038080901687209375,0.002612127926195065,1.1055170136563421
4,0.2,50,11,uniform,300,0.0027114964072209543,0.0002084417476362724,0.00858609896802112,1.0
4,0.2,50,12,complete_rollout,300,0.0004858254672505625,4.122183474972089e-05,0.0010588576353808543,0.06916410838851225
4,0.2,50,12,tis,300,0.004791617400112683,0.0007480945658580309,0.01801073273459898,0.6821543281648358
4,0.2,50,12,uniform,300,0.007024242465782371,0.000689973771324363,0.02610193512121404,1.0
4,0.2,50,13,complete_rollout,300,2.6263607879687348e-05,2.3726759869580265e-06,-0.00019489322245718347,0.03707264096718637
4,0.2,50,13,tis,300,0.0008710744222270385,0.00014112899673686925,-0.001458791316492764,1.2295732352864663
4,0.2,50,13,uniform,300,0.0007084363885198716,0.00011783718004258586,-0.0014174805746578745,1.0
4,0.2,50,14,complete_rollout,300,1.6909327327030947e-06,1.8802431962052938e-07,-7.822250478175974e-05,0.007891832215755708
4,0.2,50,14,tis,300,0.0003869922116227157,0.00021675639198235914,-0.001375463213204157,1.8061496734104292
4,0.2,50,14,uniform,300,0.00021426364454723442,0.00012010595801515134,-0.0008285155299621128,1.0
4,0.2,50,15,complete_rollout,300,0.0003611728985988034,2.999903279678305e-05,0.0006016392471222653,0.04975915972060653
4,0.2,50,15,tis,300,0.014383860947096785,0.0010295084893892465,0.002901543950768877,1.9816792374021026
4,0.2,50,15,uniform,300,0.007258420371781972,0.0006148107471530931,-0.0034250412841263763,1.0
4,0.2,50,16,complete_rollout,300,0.0002340292208450734,2.098201763392975e-05,-0.0008419464949128064,0.10745340800588743
4,0.2,50,16,tis,300,0.000613842419322965,0.00010495779751750378,0.0008735265635312735,0.28184283867054594
4,0.2,50,16,uniform,300,0.0021779599659812634,0.00017395321073726793,0.006638047360053084,1.0
4,0.2,50,17,complete_rollout,300,2.287967580958513e-06,4.6681092050885153e-07,-0.00014540849288766645,0.035940732897419496
4,0.2,50,17,tis,300,8.652328831382985e-05,6.183768541358727e-05,-3.875477652736104e-05,1.359158416655102
4,0.2,50,17,uniform,300,6.365945812759946e-05,3.697637768480246e-05,-0.00012518752933860845,1.0
4,0.2,50,18,complete_rollout,300,0.00018685942225017118,1.3013595208882463e-05,0.00043301798688138917,0.04543516183443548
4,0.2,50,18,tis,300,0.0015434774982252656,0.0003026055572657447,0.004198254398134177,0.37529897649895094
4,0.2,50,18,uniform,300,0.004112661091228902,0.0002845299026295393,0.00939288559759249,1.0
4,0.2,50,19,complete_rollout,300,1.2292574512747868e-05,1.1797860374914292e-06,4.961444196201666e-07,0.0497043337452279
4,0.2,50,19,tis,300,0.0003138264074157481,6.878442564917067e-05,0.00033204034493755196,1.2689394297412584
4,0.2,50,19,uniform,300,0.00024731393797081276,4.329227275457554e-05,0.000783205356941575,1.0
4,0.2,50,20,complete_rollout,300,0.011898175844919921,0.0009233120412542092,0.0026663478475746592,0.055754621647651784
4,0.2,50,20,tis,300,0.03223363738840295,0.006770566917805309,0.007908647060717004,0.15104620072372993
4,0.2,50,20,uniform,300,0.21340250356485085,0.016599187561764064,0.08677873835600713,1.0
4,0.2,50,21,complete_rollout,300,0.0001970477478823468,1.4503488367149761e-05,0.00020361109295411535,0.052097827213411455
4,0.2,50,21,tis,300,0.0017858339412196377,0.00020539196257320522,0.003005591866044441,0.47216001756618614
4,0.2,50,21,uniform,300,0.0037822642214073205,0.000274741465863656,0.005365541100431847,1.0
4,0.2,50,22,complete_rollout,300,1.9542325355062963e-05,1.5569866880925645e-06,0.0003584060753007353,0.04750361334803851
4,0.2,50,22,tis,300,0.0003902450650087749,0.0001187722002996058,0.003010794141002416,0.9486102775560543
4,0.2,50,22,uniform,300,0.0004113860815573073,4.110600218213647e-05,0.0054626685143640856,1.0
4,0.2,50,23,complete_rollout,300,3.539107869892823e-06,4.2320849307781e-07,7.421206323904158e-05,0.045239453443673756
4,0.2,50,23,tis,300,8.601039697625825e-05,3.4610174595873264e-05,-0.00020422936156917185,1.099447514098283
4,0.2,50,23,uniform,300,7.823056205352384e-05,2.5416952504574904e-05,-0.0003839167054370337,1.0
4,0.2,50,24,complete_rollout,300,0.0001618961132465861,1.5224505002409272e-05,0.0006415778582928677,0.09042577511133644
4,0.2,50,24,tis,300,0.0026323500773199927,0.00046687256002225504,0.0031255532240189897,1.4702780155289872
4,0.2,50,24,uniform,300,0.001790375731336027,0.00015341570258478035,0.0013808357908114684,1.0
4,0.2,50,25,complete_rollout,300,6.072484709956559e-06,4.964661865220014e-07,-5.718974255105369e-05,0.14012014585903157
4,0.2,50,25,tis,300,0.00011889753885125117,4.8352151546916035e-05,-0.0007901636596137325,2.7435129575215296
4,0.2,50,25,uniform,300,4.333769903483976e-05,5.426160015980708e-06,-0.0011076778050161111,1.0
4,0.2,50,26,complete_rollout,300,2.478547452976335e-05,1.9204576382466873e-06,7.894299164706778e-05,0.013317809770218148
4,0.2,50,26,tis,300,0.0024473644900609853,0.0005246273064558565,-0.001966226490355501,1.3150256485055218
4,0.2,50,26,uniform,300,0.0018610773811463866,0.00032353014259142384,-0.002313459406072978,1.0
4,0.2,50,27,complete_rollout,300,0.00016156921860714443,1.3383932394744779e-05,-0.0007774169907307696,0.03626548497593119
4,0.2,50,27,tis,300,0.003999614446385068,0.0018998140172531873,0.008006153245521203,0.8977449966356472
4,0.2,50,27,uniform,300,0.004455178766101578,0.0006279338263247502,0.004137776048194152,1.0
4,0.2,50,28,complete_rollout,300,0.00043356243607396494,3.904761530947705e-05,0.0005028869050959236,0.04318290689340177
4,0.2,50,28,tis,300,0.0052294146907873075,0.0007168851262152747,0.00870187848818174,0.5208507677559294
4,0.2,50,28,uniform,300,0.010040140121743682,0.0007869310007645651,0.006964859091160065,1.0
4,0.2,50,29,complete_rollout,300,0.00047518218599971877,3.8365394633499174e-05,7.513532790061062e-06,0.048107971413152296
4,0.2,50,29,tis,300,0.003148443178662505,0.0004753854097966283,0.0019422664827067559,0.31875187853763476
4,0.2,50,29,uniform,300,0.009877410583764672,0.0006660339253185169,0.0006568593462042764,1.0
4,0.2,50,30,complete_rollout,300,7.156567486237351e-05,5.7580193007843134e-06,0.0002959769954683589,0.15344654432730412
4,0.2,50,30,tis,300,0.00023326556646873728,3.941343692009859e-05,-0.000991576921664361,0.5001531132629311
4,0.2,50,30,uniform,300,0.00046638831246484575,4.8908536320194534e-05,0.0035750286720175163,1.0
4,0.2,50,31,complete_rollout,300,0.0005967349981865105,4.457869525681034e-05,-0.00011861205806700877,0.042808454658069484
4,0.2,50,31,tis,300,0.006631283215728709,0.0008684580647385242,0.0026941276954234933,0.47571365468430943
4,0.2,50,31,uniform,300,0.013939652878220042,0.0011012809008560333,0.003458529941307589,1.0
4,0.2,50,32,complete_rollout,300,0.0016459879578936251,0.0001446484300930255,0.00011201644172611048,0.04002331834843949
4,0.2,50,32,tis,300,0.044745542909100454,0.00387151478365973,0.004742821399533127,1.088018353923112
4,0.2,50,32,uniform,300,0.04112572434808625,0.0032597117577643393,-0.011651845856212081,1.0
4,0.2,50,33,complete_rollout,300,0.00032645469656998675,2.918166963024776e-05,-0.0012337148195853906,0.045685172152694145
4,0.2,50,33,tis,300,0.029500917669320784,0.004218318214377946,0.004778703471683932,4.128457995997736
4,0.2,50,33,uniform,300,0.00714574732210427,0.0005776030592971814,0.001458808488470221,1.0
4,0.2,50,34,complete_rollout,300,5.489253245697027e-05,5.494718642923604e-06,-7.268558965639604e-05,0.10429139824578881
4,0.2,50,34,tis,300,0.0004734369483087934,0.0002981389239013272,0.002387262561530003,0.8994921369140366
4,0.2,50,34,uniform,300,0.00052633806220147,0.00010790201696636306,0.0024739167210375856,1.0
4,0.2,50,35,complete_rollout,300,0.00040178375862339236,3.4216489599614484e-05,0.00024095460754184784,0.07520877536008698
4,0.2,50,35,tis,300,0.0010326793325887308,0.00014822684816161204,-0.0012312542010073635,0.1933043491100154
4,0.2,50,35,uniform,300,0.005342245724647413,0.00040846856213537025,-0.0018915245811744368,1.0
4,0.2,50,36,complete_rollout,300,3.524607941709152e-07,6.572915898367423e-08,7.418419321232328e-05,0.0032998037805066225
4,0.2,50,36,tis,300,6.518413330584923e-06,2.3233010885003843e-06,0.0007543765424819249,0.06102660297797127
4,0.2,50,36,uniform,300,0.00010681265239256181,1.4273959770056003e-05,0.005119522179856141,1.0
4,0.2,50,37,complete_rollout,300,0.00015058123100803255,1.3102899514155921e-05,0.0018816708518874822,0.03896513960608588
4,0.2,50,37,tis,300,0.0020508671630786865,0.0007052377223497099,0.007216416538884058,0.5306924693598466
4,0.2,50,37,uniform,300,0.0038645115231285766,0.00042702147055945254,0.01853396826613557,1.0
4,0.2,50,38,complete_rollout,300,1.0306159910121068e-05,7.592010844631788e-07,2.8064382449255466e-05,0.11307284587934904
4,0.2,50,38,tis,300,0.0008561868677814013,0.00040188123356531817,0.00242001893212497,9.393555561804952
4,0.2,50,38,uniform,300,9.114619721447485e-05,1.775371768951174e-05,-0.0005691111236971517,1.0
4,0.2,50,39,complete_rollout,300,3.058793659743699e-05,2.554556287571906e-06,0.00018938825413300646,0.030921432305217246
4,0.2,50,39,tis,300,0.0012088639401943027,0.00030768784986604956,0.003961596199016389,1.2220440033234683
4,0.2,50,39,uniform,300,0.0009892147393274538,0.00018187520859825736,0.0031504962707462497,1.0
4,0.2,50,40,complete_rollout,300,6.93667203991769e-05,5.4818325167740776e-06,1.2860135707537893e-05,0.028224350427563712
4,0.2,50,40,tis,300,0.006151775513096442,0.0006129980068524599,0.006783791982858601,2.5030716002453506
4,0.2,50,40,uniform,300,0.002457690588033297,0.0001937946444393932,-0.0018279600510741208,1.0
4,0.2,50,41,complete_rollout,300,1.12868438604152e-06,1.1465592660833307e-07,-4.920319302984903e-07,0.06922083869878425
4,0.2,50,41,tis,300,1.2033223408750804e-05,2.156317359688929e-06,0.00016956730325837555,0.7379829356237174
4,0.2,50,41,uniform,300,1.6305557795290677e-05,5.263130605591926e-06,4.487952935756952e-05,1.0
4,0.2,50,42,complete_rollout,300,2.7704937694015586e-05,2.3500763057445475e-06,6.435642404368336e-05,0.05495553801081166
4,0.2,50,42,tis,300,0.0004267386521837275,6.965001119893541e-05,0.002673884619918062,0.8464791539968364
4,0.2,50,42,uniform,300,0.0005041336814601844,6.104167606783862e-05,0.003003972413489763,1.0
4,0.2,50,43,complete_rollout,300,5.343039719748428e-08,1.73075608389257e-08,-8.108706148626244e-06,11.024293827960367
4,0.2,50,43,tis,300,1.1715258891366502e-08,4.568594185579391e-09,2.2803795886186713e-05,2.4172093613994425
4,0.2,50,43,uniform,300,4.846604964571194e-09,8.532680090115361e-10,2.5919131892147008e-05,1.0
4,0.2,50,44,complete_rollout,300,4.055460747028424e-05,3.95579786041018e-06,0.00020379720249975216,0.15319079779561542
4,0.2,50,44,tis,300,0.0001713373316629383,5.528918361067875e-05,0.0009492534741898514,0.6472088910945516
4,0.2,50,44,uniform,300,0.00026473266053742673,4.7775289642285195e-05,-0.0006010370940180347,1.0
4,0.2,50,45,complete_rollout,300,0.00021675957744496442,1.8052700555215898e-05,0.001124198277922684,0.04652201427977674
4,0.2,50,45,tis,300,0.0005803006417419272,7.088677168440617e-05,0.0014901479403564382,0.12454699838366338
4,0.2,50,45,uniform,300,0.004659290462820534,0.0003798172682388019,0.0056459425241195465,1.0
4,0.2,50,46,complete_rollout,300,2.0651177258384158e-07,2.0873964742925316e-08,-1.3637810433850076e-05,0.10461841202245552
4,0.2,50,46,tis,300,8.245244668527875e-05,4.3338055148303544e-05,0.0011337793340687934,41.77022903659382
4,0.2,50,46,uniform,300,1.9739524677502795e-06,1.637189492805717e-06,0.00010667022131976677,1.0
4,0.2,50,47,complete_rollout,300,4.814050368372385e-05,3.6216431057389487e-06,1.5641221298009118e-05,0.05843924837711538
4,0.2,50,47,tis,300,0.0014613545033853447,0.0005716466471087805,0.0020698660837053717,1.773983491145438
4,0.2,50,47,uniform,300,0.0008237700692703555,7.923881302696051e-05,0.0025139336994905366,1.0
4,0.2,50,48,complete_rollout,300,1.937307522949276e-05,1.7760651462673645e-06,-7.050459861318433e-05,0.07294860058391095
4,0.2,50,48,tis,300,0.0011550477516311594,0.0007352601150371958,-0.002595273228260897,4.349289727673863
4,0.2,50,48,uniform,300,0.0002655715815577352,7.055760280572767e-05,0.0007731491127648837,1.0
4,0.2,50,49,complete_rollout,300,0.00011575595871911792,8.513929016184063e-06,0.000825662302002114,0.035172802970342976
4,0.2,50,49,tis,300,0.0033002175606940635,0.0007203896496139146,-0.0007541379517309214,1.0027812244484233
4,0.2,50,49,uniform,300,0.0032910643720013184,0.0002280743503895817,-0.006174236508056404,1.0
4,0.2,100,0,complete_rollout,300,7.558362103567931e-06,6.058363577864916e-07,6.454789918627876e-05,0.02722081412002318
4,0.2,100,0,tis,300,0.0002892385127099382,0.00015958991644558527,-0.0007278164091958065,1.0416685100483063
4,0.2,100,0,uniform,300,0.0002776684808265204,2.219652014012479e-05,0.0015915610655456518,1.0
4,0.2,100,1,complete_rollout,300,4.5543161706046435e-05,3.1885825992455548e-06,-0.0001590681112574055,0.10603610126774385
4,0.2,100,1,tis,300,5.600139930255032e-05,4.4920013452752896e-06,-0.0002570215658002232,0.13038554692157478
4,0.2,100,1,uniform,300,0.0004295061885673144,3.0009107840995333e-05,-0.0014555487156537013,1.0
4,0.2,100,2,complete_rollout,300,0.0001094131322888597,8.759294500168208e-06,-5.595705729773008e-05,0.05092218850304902
4,0.2,100,2,tis,300,0.001687125414106728,0.00035372221076811975,0.0010301627103006113,0.7852084714896229
4,0.2,100,2,uniform,300,0.0021486337391471004,0.00020687216442945766,-0.0018059397312291967,1.0
4,0.2,100,3,complete_rollout,300,8.887648769510133e-06,7.359059694065286e-07,-3.780248737994688e-05,0.035887751535110236
4,0.2,100,3,tis,300,0.00015774087993089778,4.726153306068852e-05,0.0024176882461424427,0.6369474821406265
4,0.2,100,3,uniform,300,0.00024765131247676624,2.669512113042523e-05,-0.00014333874810466441,1.0
4,0.2,100,4,complete_rollout,300,7.119590150304944e-05,5.650371759186064e-06,-5.880371793998288e-05,0.0856889215476304
4,0.2,100,4,tis,300,0.0007097085776619705,0.00013640450897636338,0.0010000032296622816,0.8541806669917955
4,0.2,100,4,uniform,300,0.0008308647164321589,6.32164357285551e-05,-0.001273443383253543,1.0
4,0.2,100,5,complete_rollout,300,0.00016271306365258379,1.2375848484442338e-05,-0.00043373634430804886,0.09296285378208183
4,0.2,100,5,tis,300,0.0029246906658829982,0.0015531684011029956,0.0022305831405868845,1.6709635024193294
4,0.2,100,5,uniform,300,0.0017503019435484025,0.00015964739509602668,0.0029634024499734578,1.0
4,0.2,100,6,complete_rollout,300,6.154209511788516e-06,5.575320104020228e-07,-0.00014296421400958586,0.3344088574895471
4,0.2,100,6,tis,300,7.531953858312513e-07,6.102210717287723e-08,4.9503295934777054e-05,0.0409273047919079
4,0.2,100,6,uniform,300,1.840324911842649e-05,1.6090228682060263e-06,0.00041024701175236116,1.0
4,0.2,100,7,complete_rollout,300,5.881078929235657e-05,5.230879992351748e-06,-5.742996224519977e-05,0.10828644989108643
4,0.2,100,7,tis,300,0.00011332342040279747,1.5940806639727855e-05,0.0003026673033479595,0.20865883679831718
4,0.2,100,7,uniform,300,0.0005431038634243523,4.278605124240653e-05,-8.532689279055743e-05,1.0
4,0.2,100,8,complete_rollout,300,0.00019295690283128623,1.36936704245376e-05,-0.0002601081426211671,0.15606441901471885
4,0.2,100,8,tis,300,0.0005980552791299932,8.527562944508518e-05,8.805123066004079e-05,0.48370982487066766
4,0.2,100,8,uniform,300,0.0012363926643208017,8.95622583181733e-05,0.002287543940182991,1.0
4,0.2,100,9,complete_rollout,300,5.235818454007999e-05,4.286664649554239e-06,-0.0007193777720754438,0.04801008938704396
4,0.2,100,9,tis,300,0.0006620134223424163,9.37773475563081e-05,-0.0001014631709833232,0.6070363948114411
4,0.2,100,9,uniform,300,0.0010905662790581976,0.00010271146516632213,-4.548195204086965e-05,1.0
4,0.2,100,10,complete_rollout,300,6.049395368086527e-06,4.858230277972748e-07,-8.339503733252615e-05,0.023166031052766142
4,0.2,100,10,tis,300,0.00026180440864052683,7.365867746516668e-05,-0.0001849773897870229,1.0025744212906222
4,0.2,100,10,uniform,300,0.00026113214448809084,3.0270734730749443e-05,0.00012386567580375225,1.0
4,0.2,100,11,complete_rollout,300,7.495778151607983e-05,6.347044158188074e-06,-0.000254027727624195,0.04504141952790539
4,0.2,100,11,tis,300,0.0020679295792692077,0.0004332460154195843,0.0004240716852916156,1.2425992585446048
4,0.2,100,11,uniform,300,0.0016641966949918123,0.00013460145542054989,-0.0014344879597566658,1.0
4,0.2,100,12,complete_rollout,300,0.0003111000388603407,2.1427688470600754e-05,0.00116293207815382,0.06639639229888065
4,0.2,100,12,tis,300,0.0009547373181739875,0.0002002165258093493,0.0036326069118569125,0.20376440244778915
4,0.2,100,12,uniform,300,0.004685496125451162,0.0004957812317935981,0.015406557634176966,1.0
4,0.2,100,13,complete_rollout,300,1.1447317579025564e-05,8.717044975242631e-07,0.0002978714414596732,0.04443795250143279
4,0.2,100,13,tis,300,0.00030891181961432426,4.6076218546428795e-05,0.0010486769747291836,1.1991812642906547
4,0.2,100,13,uniform,300,0.0002576022731618086,3.2076558069252955e-05,0.0009761598308976796,1.0
4,0.2,100,14,complete_rollout,300,8.497501244055129e-07,1.06174530669116e-07,-3.4714984580996126e-05,0.012138761566151516
4,0.2,100,14,tis,300,0.00010746786670350425,5.310675072398779e-05,-0.0004519513165303805,1.5351887248612541
4,0.2,100,14,uniform,300,7.000303282791298e-05,3.4491048662983845e-05,-0.00021901006699915165,1.0
4,0.2,100,15,complete_rollout,300,0.00019932929040115222,1.7023817867472846e-05,-0.0005053648826610109,0.048895972426252376
4,0.2,100,15,tis,300,0.007285575382922625,0.0007717164617397448,0.00432562248808592,1.7871698249456494
4,0.2,100,15,uniform,300,0.004076599370260848,0.0003524774666702839,-0.007407733823015267,1.0
4,0.2,100,16,complete_rollout,300,0.00013298698845447816,1.1029350824674575e-05,0.0005008053719375183,0.12012322115135572
4,0.2,100,16,tis,300,0.00015302606916221494,1.4659241545326829e-05,-0.00040620698994191815,0.13822393123961604
4,0.2,100,16,uniform,300,0.0011070880982030447,8.425775361092077e-05,-0.0011047657769839537,1.0
4,0.2,100,17,complete_rollout,300,6.827948896768127e-07,8.549943726791843e-08,4.51582256474666e-05,0.056510786796197636
4,0.2,100,17,tis,300,1.3177310797158889e-05,7.650112176609323e-06,0.0004224974609903757,1.090605996418557
4,0.2,100,17,uniform,300,1.2082558541243935e-05,5.947151986244332e-06,0.00040422987806879734,1.0
4,0.2,100,18,complete_rollout,300,9.74993964286927e-05,7.170971300242931e-06,-0.000920485062399834,0.04584905920646399
4,0.2,100,18,tis,300,0.0008241329087872864,0.00023360421662633747,0.0014925648040466047,0.38754823017410883
4,0.2,100,18,uniform,300,0.0021265299248484216,0.00014282629466679954,0.0020085655253702732,1.0
4,0.2,100,19,complete_rollout,300,6.444555293756943e-06,5.190154165545498e-07,0.00010883560781626223,0.043307176096758354
4,0.2,100,19,tis,300,0.00017935244573087574,3.282262585094643e-05,2.7534107022061753e-05,1.2052418819613084
4,0.2,100,19,uniform,300,0.00014881033294247357,2.509091934434687e-05,0.0003443873708304679,1.0
4,0.2,100,20,complete_rollout,300,0.0066783759453715435,0.0005198024754799554,0.009859027639198846,0.060221835640751765
4,0.2,100,20,tis,300,0.007771544234967885,0.002035543286786864,-0.0017273137871453037,0.07007941203391334
4,0.2,100,20,uniform,300,0.11089625339902999,0.009064566347534473,0.015869316418970086,1.0
4,0.2,100,21,complete_rollout,300,7.993314780952224e-05,6.58995753695142e-06,0.00028460302847524915,0.04329766889952863
4,0.2,100,21,tis,300,0.0005745318647171448,9.700587107055984e-05,0.0033167252651519,0.31120869291961384
4,0.2,100,21,uniform,300,0.001846130515594396,0.00014975529752170427,0.007380225060616965,1.0
4,0.2,100,22,complete_rollout,300,9.608683901852606e-06,7.46730604298602e-07,0.0003486537799725179,0.047083860143278554
4,0.2,100,22,tis,300,0.00016388128301598925,7.461476301692929e-05,0.001735037746794433,0.8030406128916543
4,0.2,100,22,uniform,300,0.0002040759587810536,1.7534149897488233e-05,0.0037109212421418737,1.0
4,0.2,100,23,complete_rollout,300,1.7743606387905835e-06,1.8297009264518017e-07,4.272755699646173e-05,0.0568892077378136
4,0.2,100,23,tis,300,4.2671197155933884e-05,1.2332781739418698e-05,-0.00019945859795778676,1.3681156729669934
4,0.2,100,23,uniform,300,3.118975829243596e-05,8.522567214748438e-06,6.9626205674073e-05,1.0
4,0.2,100,24,complete_rollout,300,7.617720785399552e-05,6.427317981816746e-06,0.0003702474036729201,0.09194008176852887
4,0.2,100,24,tis,300,0.0012673658208421678,0.0003645158604762142,0.0010765348676611837,1.5296139157817141
4,0.2,100,24,uniform,300,0.0008285527529307789,6.393402364091257e-05,0.0003935096926633267,1.0
4,0.2,100,25,complete_rollout,300,2.774120536325714e-06,2.3554542700399077e-07,-4.211279370089915e-05,0.1407329833872414
4,0.2,100,25,tis,300,6.795251295909485e-05,3.897556596976597e-05,-0.0008708078358810608,3.447276263655033
4,0.2,100,25,uniform,300,1.9711942925933953e-05,2.4590076080376643e-06,-0.0003400742179790761,1.0
4,0.2,100,26,complete_rollout,300,1.2163452878537469e-05,9.252001239834697e-07,9.150505741965483e-05,0.014375567841043557
4,0.2,100,26,tis,300,0.001040419697120042,0.0001744746721507168,-0.0008594905125042136,1.229636361357412
4,0.2,100,26,uniform,300,0.0008461198203113551,0.00012534532463549095,-0.0007691193292211477,1.0
4,0.2,100,27,complete_rollout,300,6.819139521915733e-05,5.798556987009446e-06,0.0005220200099376523,0.02816102122023627
4,0.2,100,27,tis,300,0.003927023252923511,0.001827029443531783,0.0032659281760038907,1.6217439869432675
4,0.2,100,27,uniform,300,0.0024214816176536796,0.0003443375861025718,0.0051614417407866865,1.0
4,0.2,100,28,complete_rollout,300,0.0002358674607552832,2.0284732530036606e-05,-0.0012147428705813373,0.03766898239843482
4,0.2,100,28,tis,300,0.0013755873633237517,0.0003016479456754058,0.0018927250915879027,0.21968683603336375
4,0.2,100,28,uniform,300,0.00626158302500584,0.0005183615208972335,0.0038021217763452536,1.0
4,0.2,100,29,complete_rollout,300,0.00021898050726466074,1.9497101110009152e-05,0.0006856244996433503,0.045484203098419516
4,0.2,100,29,tis,300,0.0004984820292001555,0.00013268984286429842,-9.130361555531671e-05,0.10353916035845788
4,0.2,100,29,uniform,300,0.004814429897580637,0.00041105282956258927,-0.0019609439074994334,1.0
4,0.2,100,30,complete_rollout,300,3.5475676894846186e-05,2.6395372968500387e-06,0.0002766197053105997,0.1930080064072473
4,0.2,100,30,tis,300,0.00011186301396087534,1.3658636485709309e-05,-0.0009870804499303473,0.608598882532703
4,0.2,100,30,uniform,300,0.00018380417245485886,1.4336255299810414e-05,0.002650292865536136,1.0
4,0.2,100,31,complete_rollout,300,0.000323931726416439,2.822356421676197e-05,-0.002260922703543918,0.04792870472049001
4,0.2,100,31,tis,300,0.001978014872736832,0.00036899046255012665,0.0010836133533557602,0.29266565463323546
4,0.2,100,31,uniform,300,0.006758616330350253,0.0005652372153018379,0.007607621829270558,1.0
4,0.2,100,32,complete_rollout,300,0.0007856821915129353,6.649000939421794e-05,0.001268319739718083,0.0415522564617023
4,0.2,100,32,tis,300,0.02187967961247412,0.0024200466872555094,0.01907276255272148,1.157147340716371
4,0.2,100,32,uniform,300,0.018908291833370817,0.0014136518283948813,0.002618410404899043,1.0
4,0.2,100,33,complete_rollout,300,0.0001443151410200857,1.1869089881225004e-05,0.0008857035385312958,0.040173292888443686
4,0.2,100,33,tis,300,0.018043749771742643,0.0027690412360740807,0.0011081217942847702,5.022874517962866
4,0.2,100,33,uniform,300,0.003592315457456554,0.0002886379128430508,-0.0005478815967149601,1.0
4,0.2,100,34,complete_rollout,300,3.4168482790816916e-05,2.6201077496248005e-06,0.00016974901733420793,0.09886216739303032
4,0.2,100,34,tis,300,0.00026251108367553936,0.00017279363173938365,0.0002959706872008572,0.7595424958064543
4,0.2,100,34,uniform,300,0.00034561737509737985,5.277580752809845e-05,-0.0006346206437772373,1.0
4,0.2,100,35,complete_rollout,300,0.0002067981937361402,1.6235220837123764e-05,0.0014082401152847343,0.08255296252556499
4,0.2,100,35,tis,300,0.0004019426376716954,4.7444976039247304e-05,-0.0005929112919154603,0.16045379751950603
4,0.2,100,35,uniform,300,0.00250503661418691,0.0002036224453365802,0.000381180851232968,1.0
4,0.2,100,36,complete_rollout,300,1.120098176870864e-07,1.806456742871042e-08,2.3770516852798334e-05,0.004142950069700726
4,0.2,100,36,tis,300,3.993186782326542e-05,1.9761028179089775e-05,-0.0003916332323021902,1.4769753044670006
4,0.2,100,36,uniform,300,2.703624610546601e-05,4.160965466619865e-06,0.0020489544335597996,1.0
4,0.2,100,37,complete_rollout,300,8.775075597620673e-05,7.040814309739335e-06,0.0009218397516870336,0.0600754279664969
4,0.2,100,37,tis,300,0.0009285032574424103,0.0004718704033341491,0.0025378146046001198,0.6356666667836324
4,0.2,100,37,uniform,300,0.0014606763355084864,0.00012707165359926393,0.004223239245765223,1.0
4,0.2,100,38,complete_rollout,300,3.76153821805711e-06,2.83884997247098e-07,-0.00012349311897631666,0.1274065008509347
4,0.2,100,38,tis,300,0.0001939069968697427,9.138633653904939e-05,0.0022835895097273505,6.567795016169625
4,0.2,100,38,uniform,300,2.9523911204955712e-05,3.4950656602494336e-06,8.105497074729406e-05,1.0
4,0.2,100,39,complete_rollout,300,1.682295573117895e-05,1.4152530520295364e-06,-0.00019001666616905868,0.029814737503652423
4,0.2,100,39,tis,300,0.001132504583543401,0.0005266352213548856,-0.00038633553652036207,2.0070983612856144
4,0.2,100,39,uniform,300,0.0005642496677731297,6.905224504165491e-05,0.000920323340190686,1.0
4,0.2,100,40,complete_rollout,300,3.391960859880987e-05,2.7879967157780665e-06,4.82872838875655e-05,0.03100161776450147
4,0.2,100,40,tis,300,0.003751632069760899,0.0003972696402963559,0.005531326377958005,3.4288916713459288
4,0.2,100,40,uniform,300,0.0010941238246492302,9.293324153157416e-05,0.0015300166535555041,1.0
4,0.2,100,41,complete_rollout,300,7.341524269912606e-07,6.638773710303782e-08,5.3992363179222734e-06,0.06879653150831218
4,0.2,100,41,tis,300,9.015118453918355e-06,2.966909840774785e-06,6.996205500610308e-05,0.8447957916694916
4,0.2,100,41,uniform,300,1.0671358146922834e-05,3.7999099179839636e-06,-5.9442878049849786e-05,1.0
4,0.2,100,42,complete_rollout,300,1.5502185439400077e-05,1.3165937743489544e-06,0.00011848597474315585,0.05924758799951116
4,0.2,100,42,tis,300,0.00015301823894450792,2.7193951540336432e-05,0.0005887070883028034,0.584818289836288
4,0.2,100,42,uniform,300,0.0002616509120932988,2.176704746802925e-05,-0.0003624981420657876,1.0
4,0.2,100,43,complete_rollout,300,1.703520600970976e-08,4.261194828035657e-09,-1.205735832986073e-06,4.9320498921430325
4,0.2,100,43,tis,300,3.337075856051514e-09,6.598473712689358e-10,2.37293108638692e-05,0.9661535414676446
4,0.2,100,43,uniform,300,3.453980876561605e-09,1.0552709120338423e-09,2.3257650410668518e-05,1.0
4,0.2,100,44,complete_rollout,300,2.01870873459968e-05,1.7513601796554895e-06,0.00046311180235959553,0.18214714088472936
4,0.2,100,44,tis,300,0.00022577890871330113,0.00017430802612286158,0.00021994001553614787,2.0371924879176486
4,0.2,100,44,uniform,300,0.00011082846125359755,1.059879222509543e-05,0.000795299974500483,1.0
4,0.2,100,45,complete_rollout,300,0.00011682232900915639,9.543168382025411e-06,0.0003609890027521375,0.050830223296041026
4,0.2,100,45,tis,300,0.00027277408128267985,3.198725974757292e-05,0.0014213867561550216,0.1186859359727739
4,0.2,100,45,uniform,300,0.0022982847887322824,0.00019229502225889746,0.005325504955601066,1.0
4,0.2,100,46,complete_rollout,300,9.563475779738856e-08,7.388776966672086e-09,-3.330247707692043e-06,0.14454736589098185
4,0.2,100,46,tis,300,2.0231911048286172e-05,1.727230946286369e-05,0.00031269417700611053,30.57956663796012
4,0.2,100,46,uniform,300,6.616153619120021e-07,3.449183743994594e-07,-6.726594164320014e-05,1.0
4,0.2,100,47,complete_rollout,300,2.113878112945049e-05,1.6932823384338666e-06,0.0004668426600105802,0.04036579236046357
4,0.2,100,47,tis,300,0.0008617302803184183,0.00029710431454444195,8.544820822619166e-05,1.6455265491914186
4,0.2,100,47,uniform,300,0.0005236805694456019,5.237537602104593e-05,-0.0005569202393983419,1.0
4,0.2,100,48,complete_rollout,300,8.184546206940503e-06,7.295300313756072e-07,7.441657682682864e-05,0.04724416731862307
4,0.2,100,48,tis,300,7.281488337898003e-05,2.1416623474810113e-05,-0.00021094504095344745,0.4203138997157067
4,0.2,100,48,uniform,300,0.00017323929431843868,2.7284204752613012e-05,-0.00049202101964253,1.0
4,0.2,100,49,complete_rollout,300,6.981852558321602e-05,5.389655776399039e-06,0.0004926155513654177,0.04238398532320635
4,0.2,100,49,tis,300,0.001052788644702491,0.00029360270434345114,0.0037465905926029786,0.6391051385398407
4,0.2,100,49,uniform,300,0.0016472855266158402,0.00013493398986583234,-0.0014363406886120271,1.0
4,0.2,200,0,complete_rollout,300,4.01030249043719e-06,3.620769349805626e-07,0.00010402693866528997,0.02369085959623152
4,0.2,200,0,tis,300,2.0705807173603082e-05,5.81260859393411e-06,0.00046762332073354933,0.12231954366190396
4,0.2,200,0,uniform,300,0.00016927636053674913,1.443970499399554e-05,-0.00012084883202378253,1.0
4,0.2,200,1,complete_rollout,300,2.2400956236155917e-05,1.6114271535088032e-06,-0.00035379745598690615,0.10572898411746211
4,0.2,200,1,tis,300,1.721073497664946e-05,1.4280878484816732e-06,-7.898186563584689e-05,0.08123195750273395
4,0.2,200,1,uniform,300,0.00021187147898128904,1.5626983549432805e-05,0.0005828747847513978,1.0
4,0.2,200,2,complete_rollout,300,5.4452855346065616e-05,4.724309861700943e-06,-0.0002099253112660815,0.04792374106127828
4,0.2,200,2,tis,300,0.001021135470034003,0.00021814442938340622,-0.004569259747813135,0.8986972591866493
4,0.2,200,2,uniform,300,0.0011362396620171785,0.00010925201044353807,-0.005342225103104193,1.0
4,0.2,200,3,complete_rollout,300,5.7824452836093826e-06,5.234559840693418e-07,5.5054655477004094e-05,0.04596093106574215
4,0.2,200,3,tis,300,8.981688131367447e-05,2.9933178994791112e-05,0.00117676247972167,0.7138965071228501
4,0.2,200,3,uniform,300,0.00012581218764559445,1.2024856349870617e-05,-7.1205662180714075e-06,1.0
4,0.2,200,4,complete_rollout,300,3.451341969460175e-05,2.7877718983549747e-06,0.00035619424705782315,0.08049019635443737
4,0.2,200,4,tis,300,0.0004089032111849875,9.961811244380688e-05,-0.0027637802298692976,0.9536203612818898
4,0.2,200,4,uniform,300,0.0004287903528352997,3.28205232034151e-05,-0.0003479686263669805,1.0
4,0.2,200,5,complete_rollout,300,8.58087369674241e-05,6.844479464147935e-06,-0.0006999960105677643,0.1227028383870917
4,0.2,200,5,tis,300,0.0011701321534011212,0.0005272923895164233,-0.0012330977117283044,1.67323913140482
4,0.2,200,5,uniform,300,0.0006993215323733795,6.150325780203746e-05,0.0029334376422766937,1.0
4,0.2,200,6,complete_rollout,300,2.4895049570579897e-06,2.00785816754809e-07,3.4894963849674276e-05,0.29791759646182053
4,0.2,200,6,tis,300,4.259677719324405e-07,5.2007805803405495e-08,-6.314009976143472e-06,0.050975313153937045
4,0.2,200,6,uniform,300,8.356354195335457e-06,6.686945670486272e-07,0.0005282751326435771,1.0
4,0.2,200,7,complete_rollout,300,3.0429982493482712e-05,2.2311015313149237e-06,-0.0005873648421801543,0.09650278559069249
4,0.2,200,7,tis,300,3.83242855775934e-05,3.7851740675398643e-06,0.0005188452407420008,0.12153803620501795
4,0.2,200,7,uniform,300,0.0003153275038354709,2.261014038704565e-05,0.0013034025981237922,1.0
4,0.2,200,8,complete_rollout,300,7.933661318032517e-05,5.954870155466155e-06,0.0007236932411803683,0.13511054483912774
4,0.2,200,8,tis,300,0.00022083039732753723,2.686576886780501e-05,-0.0003004956260518983,0.37607498107020054
4,0.2,200,8,uniform,300,0.000587197788853483,4.82856400272934e-05,-0.0014751680495739554,1.0
4,0.2,200,9,complete_rollout,300,2.6052982906437303e-05,2.2366720443026994e-06,5.719935450150112e-05,0.04606612553855517
4,0.2,200,9,tis,300,0.0002247055879706519,4.5675771162995554e-05,0.000714706056918754,0.3973178757244433
4,0.2,200,9,uniform,300,0.0005655561999593863,5.199381702703336e-05,-0.0002920387746103178,1.0
4,0.2,200,10,complete_rollout,300,3.009547649659385e-06,2.6521955517151963e-07,1.4020510083144384e-05,0.03058649419234033
4,0.2,200,10,tis,300,6.619245251814121e-05,1.9912369798748665e-05,0.0006881287156074604,0.6727240436787997
4,0.2,200,10,uniform,300,9.839465846376914e-05,8.672532993185656e-06,0.00023518155300282414,1.0
4,0.2,200,11,complete_rollout,300,3.1932958035940034e-05,2.4361229150825527e-06,0.0001759478523513891,0.04331269447782336
4,0.2,200,11,tis,300,0.0009427509650002365,0.0002857460071259033,-0.0018980894585282604,1.2787128730689907
4,0.2,200,11,uniform,300,0.0007372655620003069,5.967826866673923e-05,0.0006052904529169494,1.0
4,0.2,200,12,complete_rollout,300,0.00016170397207570101,1.3059341482757264e-05,-0.0007811257159041022,0.06215338577527242
4,0.2,200,12,tis,300,0.00035899427171200577,7.715029502802549e-05,0.0016300952589635672,0.13798491882675376
4,0.2,200,12,uniform,300,0.002601692088993719,0.0002380840538915812,0.012653607947139872,1.0
4,0.2,200,13,complete_rollout,300,7.67062450862027e-06,6.569426897442885e-07,-1.8021924433843465e-05,0.04278789708126695
4,0.2,200,13,tis,300,0.0001982513281388601,2.5892037778532644e-05,-0.0010174546344930572,1.105875723038858
4,0.2,200,13,uniform,300,0.00017927089274921533,1.9741707546328174e-05,-0.0009910538607689839,1.0
4,0.2,200,14,complete_rollout,300,4.0549327177575647e-07,3.59054350048018e-08,-1.5321415187747136e-05,0.012892242957916678
4,0.2,200,14,tis,300,3.767443357792662e-05,1.4461802951224014e-05,-0.00025313363171584056,1.197820000468781
4,0.2,200,14,uniform,300,3.145250001100523e-05,1.1026421085414934e-05,-0.0002742581341866564,1.0
4,0.2,200,15,complete_rollout,300,8.928096234297694e-05,6.904344464555326e-06,0.0002846025573063926,0.04850750153183469
4,0.2,200,15,tis,300,0.0029826821037956023,0.00048339537237208094,-0.0029720190457578387,1.6205297626949489
4,0.2,200,15,uniform,300,0.0018405599035931234,0.00014754061944585633,-0.0007641652529921117,1.0
4,0.2,200,16,complete_rollout,300,5.9004606879858914e-05,4.6473105532410495e-06,0.00012441139554369244,0.11734147452089334
4,0.2,200,16,tis,300,4.8037608347461335e-05,4.4092725535122035e-06,-4.243116653466883e-05,0.09553158802372087
4,0.2,200,16,uniform,300,0.000502845282290643,4.4037765373792615e-05,0.001869338472842453,1.0
4,0.2,200,17,complete_rollout,300,3.22061103873706e-07,4.393012082352013e-08,2.383140432051419e-05,0.04109722559553831
4,0.2,200,17,tis,300,1.0525005569985698e-05,3.981661237536924e-06,0.00022897188374682094,1.3430635463313207
4,0.2,200,17,uniform,300,7.836565588229643e-06,2.8146233761453316e-06,0.0002890605781845383,1.0
4,0.2,200,18,complete_rollout,300,4.625636859539236e-05,3.734932332733354e-06,0.00020472861281408978,0.03519299401648301
4,0.2,200,18,tis,300,0.00011466574121914116,3.218823329169331e-05,0.0001956739633051689,0.08724054367343477
4,0.2,200,18,uniform,300,0.0013143629829768875,8.662950366965217e-05,0.0022500157468980544,1.0
4,0.2,200,19,complete_rollout,300,3.463978466958314e-06,2.642473388187507e-07,0.0002499833489640054,0.042754019269832494
4,0.2,200,19,tis,300,8.481902066096823e-05,1.3892865810007673e-05,2.646288243357997e-05,1.0468754579099975
4,0.2,200,19,uniform,300,8.102111862503928e-05,1.1200288151645695e-05,2.7414126386019108e-05,1.0
4,0.2,200,20,complete_rollout,300,0.003343419686678088,0.00025313216733131774,-0.004673837643666563,0.04621135473202706
4,0.2,200,20,tis,300,0.003597693807566403,0.0014924463652709978,0.001916711149323517,0.049725825752929324
4,0.2,200,20,uniform,300,0.0723506096297348,0.004685674372694194,-0.0058955992503007945,1.0
4,0.2,200,21,complete_rollout,300,4.324003635576065e-05,3.7820909610077414e-06,-2.966233579005421e-05,0.046645394098780324
4,0.2,200,21,tis,300,0.00015478162102965467,4.930061316203059e-05,0.00013605840205239695,0.1669714070722432
4,0.2,200,21,uniform,300,0.0009269947696055865,6.88057190602396e-05,0.0029625211183715873,1.0
4,0.2,200,22,complete_rollout,300,6.0367239830524225e-06,5.763850927363402e-07,0.00021424189556057256,0.05587829201889457
4,0.2,200,22,tis,300,3.3669229461201036e-05,5.409700444885746e-06,0.0005937342097220499,0.311655633281556
4,0.2,200,22,uniform,300,0.0001080334377616835,1.112934746834123e-05,0.0019671260801048507,1.0
4,0.2,200,23,complete_rollout,300,8.187345265871577e-07,6.612224984773992e-08,-6.621242352335965e-06,0.04941162174918836
4,0.2,200,23,tis,300,3.703455390446689e-05,1.744487408930995e-05,-0.0003118306793073137,2.2350802485457906
4,0.2,200,23,uniform,300,1.656967526269478e-05,2.8390262828560544e-06,2.8591183046762966e-05,1.0
4,0.2,200,24,complete_rollout,300,3.392896981323727e-05,2.9468818825322156e-06,8.811472154016083e-05,0.09080428602160512
4,0.2,200,24,tis,300,0.0002840862103781511,5.8173623452620916e-05,-0.00021671626404694852,0.7603014663860262
4,0.2,200,24,uniform,300,0.00037364943109804895,2.974988090912696e-05,-0.0009173111480195372,1.0
4,0.2,200,25,complete_rollout,300,1.4216661996349e-06,1.1285986581010688e-07,-4.803464962259104e-05,0.15722300961253965
4,0.2,200,25,tis,300,1.1830172600887355e-05,4.958298499431914e-06,-0.000273263764149639,1.3083066482307721
4,0.2,200,25,uniform,300,9.042354570990938e-06,7.004364274142383e-07,5.879006094978341e-06,1.0
4,0.2,200,26,complete_rollout,300,6.956701370269285e-06,5.999082086847782e-07,-0.00021700125108690572,0.01667261657888498
4,0.2,200,26,tis,300,0.0004644953598131498,5.4713584880218804e-05,-0.0004190578084327849,1.1132220034530664
4,0.2,200,26,uniform,300,0.0004172531250481459,4.9280629508658474e-05,-0.0007216541297998831,1.0
4,0.2,200,27,complete_rollout,300,4.291612705537816e-05,3.432359377242232e-06,-0.0004920825541647685,0.034102770541378905
4,0.2,200,27,tis,300,0.0015857314891505893,0.0006478533968866685,0.0012666194938118307,1.2600819511266848
4,0.2,200,27,uniform,300,0.00125843520552987,0.00011417113493758455,-0.001400586597176295,1.0
4,0.2,200,28,complete_rollout,300,0.00011024146855469032,9.060051454652376e-06,-0.00022172292756139633,0.036848727906418466
4,0.2,200,28,tis,300,0.00040513946339171443,9.859228623105994e-05,0.0001013402040855497,0.135419765777771
4,0.2,200,28,uniform,300,0.0029917306462969645,0.0002595477082608598,-0.004062057425043642,1.0
4,0.2,200,29,complete_rollout,300,0.00012150058149881852,9.0986161192832e-06,-0.0011623811983622868,0.05236273867722211
4,0.2,200,29,tis,300,0.00017613497108890888,4.8962497377906225e-05,-0.0013453090339774869,0.07590835656320123
4,0.2,200,29,uniform,300,0.00232036338373706,0.00017707967998113234,-0.006201288904258688,1.0
4,0.2,200,30,complete_rollout,300,1.905371966941693e-05,1.3385439027928224e-06,0.0004450568237477774,0.22682701537805555
4,0.2,200,30,tis,300,5.876907628189388e-05,1.0316997874427434e-05,-0.00027638636239489295,0.6996226669034011
4,0.2,200,30,uniform,300,8.400110382645492e-05,6.713198765530614e-06,0.0017376397878741093,1.0
4,0.2,200,31,complete_rollout,300,0.00014453809732339486,1.2275519652922703e-05,-0.001421341913963143,0.04291508676500432
4,0.2,200,31,tis,300,0.0005368957414189168,0.00010461294942774761,-0.0013504531555834898,0.15941075573453498
4,0.2,200,31,uniform,300,0.003368001982959064,0.00028520417887844293,0.0005777253515506524,1.0
4,0.2,200,32,complete_rollout,300,0.00049792292035179,4.658799738956153e-05,0.0022201715915698824,0.04211184285793602
4,0.2,200,32,tis,300,0.011376054201050565,0.001392234613519956,0.01306151426979431,0.9621300552293044
4,0.2,200,32,uniform,300,0.011823821674855912,0.0009683351226446341,0.006579911712017092,1.0
4,0.2,200,33,complete_rollout,300,7.805076107326447e-05,7.194146453841342e-06,-0.00044964444681670974,0.04632210188857764
4,0.2,200,33,tis,300,0.011174502614775478,0.0018606727326166263,-0.003927947978881117,6.6319205803761845
4,0.2,200,33,uniform,300,0.0016849572426788054,0.00014928966702212125,0.0003191033202410513,1.0
4,0.2,200,34,complete_rollout,300,1.546695427081229e-05,1.3420815704734633e-06,7.986705571719395e-06,0.09215315254983125
4,0.2,200,34,tis,300,0.0002554266738794506,0.00016279768170183144,-0.0006425186172538851,1.5218492814534472
4,0.2,200,34,uniform,300,0.00016783966519700593,1.7438683147484665e-05,0.0001468975727158073,1.0
4,0.2,200,35,complete_rollout,300,0.00010930823243191794,9.137437062414354e-06,0.00039165484869939355,0.087029780143609
4,0.2,200,35,tis,300,0.0001653842245448669,2.479414010569924e-05,-0.0004474834284270594,0.13167674914445127
4,0.2,200,35,uniform,300,0.00125598653991251,9.570670508119847e-05,0.003334098202216772,1.0
4,0.2,200,36,complete_rollout,300,5.937971647931736e-08,6.429764016574436e-09,1.5686446508963077e-06,0.005094072441150683
4,0.2,200,36,tis,300,1.6013531673799544e-05,7.89786094361584e-06,-0.00013594984089462692,1.373770290961376
4,0.2,200,36,uniform,300,1.1656629772211146e-05,2.1298783973591255e-06,0.0012266013031778493,1.0
4,0.2,200,37,complete_rollout,300,4.306983163345286e-05,4.14142231792524e-06,0.0009537892836365606,0.05408761788534495
4,0.2,200,37,tis,300,0.0003957904005183431,0.00017515952529959433,0.0025979138282976708,0.4970383940227994
4,0.2,200,37,uniform,300,0.0007962974395498871,7.801117015357833e-05,0.0059545523031726225,1.0
4,0.2,200,38,complete_rollout,300,2.4583125331520812e-06,1.8341427778282476e-07,-4.4026289509483025e-05,0.1656669497108453
4,0.2,200,38,tis,300,0.0002793341658318608,0.00012565591892334442,0.002337688764518835,18.824473527803047
4,0.2,200,38,uniform,300,1.483888329834535e-05,1.796337673264062e-06,0.0003646953815111775,1.0
4,0.2,200,39,complete_rollout,300,7.220120572264239e-06,6.344614693117293e-07,-2.1803397955776718e-05,0.022802924051285065
4,0.2,200,39,tis,300,0.0007742402351484977,0.0003841784815727838,0.001656745834219097,2.4452418907463853
4,0.2,200,39,uniform,300,0.00031663134763005744,2.736040729252118e-05,-0.0007038365008972821,1.0
4,0.2,200,40,complete_rollout,300,1.5125535525866944e-05,1.1644950025601553e-06,-0.0004882003026000133,0.02233358082900354
4,0.2,200,40,tis,300,0.0014718251505234582,0.00023101843313594867,0.00018580170628218078,2.173220637984115
4,0.2,200,40,uniform,300,0.0006772552794679545,5.603307341016311e-05,0.0013073580567383714,1.0
4,0.2,200,41,complete_rollout,300,2.8839530490317606e-07,2.914406193125525e-08,3.5880845065043115e-06,0.06923229695320392
4,0.2,200,41,tis,300,2.6530923879650954e-06,5.152557146032195e-07,0.00012246261021848782,0.6369024631297371
4,0.2,200,41,uniform,300,4.165618036595126e-06,8.579746017746413e-07,6.0863148281170196e-05,1.0
4,0.2,200,42,complete_rollout,300,7.79308240373319e-06,5.597472851883621e-07,-2.576296318987555e-06,0.055446428579024515
4,0.2,200,42,tis,300,6.504020815692551e-05,7.451375849663131e-06,0.0008235663889253649,0.4627497913547437
4,0.2,200,42,uniform,300,0.0001405515666825352,1.3233596038758678e-05,0.0010563811403416228,1.0
4,0.2,200,43,complete_rollout,300,1.4582581250555318e-08,2.453891834604704e-09,-1.0566745194001322e-05,0.06324887831770167
4,0.2,200,43,tis,300,2.712709375396882e-09,5.148139242761087e-10,1.6646845547138392e-05,0.011765806220982456
4,0.2,200,43,uniform,300,2.3055873303090728e-07,2.2843508803492136e-07,-7.252187552310533e-06,1.0
4,0.2,200,44,complete_rollout,300,8.666085905034254e-06,6.691202473474718e-07,-0.00023019304094524574,0.16092739143497806
4,0.2,200,44,tis,300,1.9237388659974463e-05,5.57089981135572e-06,0.0008332229686200969,0.35723425881020987
4,0.2,200,44,uniform,300,5.385090647253637e-05,4.342878699805788e-06,0.00024722781929213954,1.0
4,0.2,200,45,complete_rollout,300,6.508584000427618e-05,5.575828100823726e-06,0.0015437932355564558,0.05686845376679292
4,0.2,200,45,tis,300,8.994620003781289e-05,1.0114587921741588e-05,0.0017576378508475103,0.07859007916334804
4,0.2,200,45,uniform,300,0.0011444981477988,9.305717189419526e-05,0.0007337598584367111,1.0
4,0.2,200,46,complete_rollout,300,3.910123314266348e-08,2.9771670594187936e-09,2.222937785200811e-05,0.1454019716160273
4,0.2,200,46,tis,300,8.468223084755303e-06,5.6874811638211e-06,0.0002555892947501796,31.48996166221434
4,0.2,200,46,uniform,300,2.689181770239039e-07,1.1571628604983493e-07,-3.254802005755527e-05,1.0
4,0.2,200,47,complete_rollout,300,9.621315848441356e-06,8.791962596548313e-07,8.192202508996734e-05,0.04289982289336486
4,0.2,200,47,tis,300,0.0011718818285675395,0.0004303900974843647,-0.0028178945447681395,5.22522321160928
4,0.2,200,47,uniform,300,0.00022427402258412226,1.9672790045555497e-05,-1.5419731527982113e-05,1.0
4,0.2,200,48,complete_rollout,300,4.4123692273517564e-06,3.28498249846877e-07,0.00024407469648480174,0.048489287999043534
4,0.2,200,48,tis,300,0.00017850134459626346,0.00014880571717934346,-0.0007202128451335928,1.9616225796995659
4,0.2,200,48,uniform,300,9.099678319547178e-05,1.18950884144066e-05,-0.0006540565718415954,1.0
4,0.2,200,49,complete_rollout,300,2.6524440226025757e-05,2.054584258090547e-06,0.0004383420470920255,0.037239983015344785
4,0.2,200,49,tis,300,0.000917961987797171,0.00019019608232355821,0.0012960150681892854,1.2888071734217639
4,0.2,200,49,uniform,300,0.0007122570441317421,6.955538484727939e-05,2.278298760324334e-05,1.0
4,0.2,400,0,complete_rollout,300,1.994116149218936e-06,1.6414536216513398e-07,4.0484000122383475e-05,0.02434064779017241
4,0.2,400,0,tis,300,3.904363092497165e-06,2.4891544206194895e-06,3.339792274343297e-05,0.04765756845038612
4,0.2,400,0,uniform,300,8.192535245607e-05,7.195424748133372e-06,-0.00020878168663533093,1.0
4,0.2,400,1,complete_rollout,300,1.1791365912824822e-05,9.577452077898971e-07,-0.0004488524010419503,0.09215891089812915
4,0.2,400,1,tis,300,7.660378497658999e-06,6.521161020758146e-07,-0.00016548776627630583,0.059871955855754846
4,0.2,400,1,uniform,300,0.00012794602060628505,1.002519855082502e-05,0.0005659939389867737,1.0
4,0.2,400,2,complete_rollout,300,2.512753101400118e-05,1.9003814136822281e-06,-0.0004239464752872379,0.05626532009075792
4,0.2,400,2,tis,300,0.0002649361555449635,5.680410990911141e-05,0.00040169364310344534,0.5932424314607793
4,0.2,400,2,uniform,300,0.0004465900304747151,3.525364252854091e-05,0.002187444781675886,1.0
4,0.2,400,3,complete_rollout,300,2.5641097104523567e-06,2.0617069837598712e-07,0.00012169079711313647,0.04541082526827044
4,0.2,400,3,tis,300,1.4166214239591685e-05,6.720831459087133e-06,7.436063234618503e-05,0.25088609778459625
4,0.2,400,3,uniform,300,5.64647238913748e-05,4.235294346774488e-06,0.0008390381009658076,1.0
4,0.2,400,4,complete_rollout,300,1.862056461125094e-05,1.4858757755556652e-06,-0.00017027095440738622,0.09515538139048749
4,0.2,400,4,tis,300,4.401658517662169e-05,1.6608372486092627e-05,0.00022314240907574278,0.22493490597259258
4,0.2,400,4,uniform,300,0.0001956858807053492,1.647691491689934e-05,-0.0005099547638489121,1.0
4,0.2,400,5,complete_rollout,300,4.2173032478121054e-05,3.4213651635945777e-06,-0.00044039080096265707,0.11914617012965219
4,0.2,400,5,tis,300,0.0004901407134645594,0.00020178177050773373,2.0312100878482713e-05,1.3847329775067512
4,0.2,400,5,uniform,300,0.00035396045405596595,2.851051168369816e-05,0.0014063214471594916,1.0
4,0.2,400,6,complete_rollout,300,1.3099351334251646e-06,1.0310513005858393e-07,-2.043674148201428e-05,0.29441908315217513
4,0.2,400,6,tis,300,1.6573658257209398e-07,1.282020016111497e-08,1.871553864318661e-05,0.03725070916913333
4,0.2,400,6,uniform,300,4.44921952544803e-06,3.688290674750321e-07,0.00010402191255531731,1.0
4,0.2,400,7,complete_rollout,300,1.6867617870554914e-05,1.3799125751354794e-06,-0.00011313814295348243,0.1267847175506693
4,0.2,400,7,tis,300,1.5984045479542056e-05,2.729643253801303e-06,0.00017733816119149814,0.1201433840268829
4,0.2,400,7,uniform,300,0.0001330414122176342,1.1701945392128897e-05,-0.001086589040859122,1.0
4,0.2,400,8,complete_rollout,300,4.519858135842244e-05,3.5190553730453172e-06,0.0004477978402847353,0.1599251002628654
4,0.2,400,8,tis,300,4.3724456876119534e-05,6.5758961538437066e-06,-0.0001728594173894201,0.15470923953124743
4,0.2,400,8,uniform,300,0.00028262343612185024,2.642548119219117e-05,0.000910821296606595,1.0
4,0.2,400,9,complete_rollout,300,1.2210465119351132e-05,9.23900307312126e-07,-0.00010161220431009459,0.04535255301753288
4,0.2,400,9,tis,300,7.25651516926698e-05,1.6100906580269844e-05,-0.0003353989437520055,0.26952412190683267
4,0.2,400,9,uniform,300,0.0002692343497097215,2.4879634076607602e-05,0.0005668692744709847,1.0
4,0.2,400,10,complete_rollout,300,1.4395579162909649e-06,1.275726026948577e-07,-4.843370237096467e-05,0.025260524478719557
4,0.2,400,10,tis,300,3.6185206916612506e-05,1.3255344917702478e-05,0.0001698046947655644,0.6349569508392549
4,0.2,400,10,uniform,300,5.698844129320055e-05,4.348608556055574e-06,3.854508629635989e-05,1.0
4,0.2,400,11,complete_rollout,300,1.894254778581513e-05,1.8764322417025712e-06,-0.00023008592868236792,0.043539824573268236
4,0.2,400,11,tis,300,0.00012695144432935934,8.134290816348897e-05,-0.0006919628457157771,0.2918004313845514
4,0.2,400,11,uniform,300,0.00043506256562744907,3.8085280778410707e-05,0.0007329832639339936,1.0
4,0.2,400,12,complete_rollout,300,7.897718984767602e-05,6.2798721898777e-06,-0.0007442413040199607,0.05619386073364236
4,0.2,400,12,tis,300,0.00012533030632502434,2.6888639272343524e-05,0.0005985272308479554,0.089175036398695
4,0.2,400,12,uniform,300,0.0014054416054811775,0.00010943227633733767,0.008518349505426143,1.0
4,0.2,400,13,complete_rollout,300,3.8962248625775255e-06,3.2402879831929416e-07,2.3586209466253116e-06,0.05509098215094036
4,0.2,400,13,tis,300,7.492291026496656e-05,7.013880224776537e-06,0.000508339579154502,1.0593784644588515
4,0.2,400,13,uniform,300,7.072345981965798e-05,5.688057055358235e-06,0.0005783861841926437,1.0
4,0.2,400,14,complete_rollout,300,1.8014294235572427e-07,1.8302903741099702e-08,3.876893890266242e-05,0.016085976138661313
4,0.2,400,14,tis,300,1.1834011437253953e-05,6.184490796581358e-06,0.0002499759359253151,1.0567254154670642
4,0.2,400,14,uniform,300,1.1198757277947567e-05,4.927118290371304e-06,0.0001938762902852753,1.0
4,0.2,400,15,complete_rollout,300,4.921667292152343e-05,3.862034744284804e-06,-0.0002526786799748448,0.05405535765278446
4,0.2,400,15,tis,300,0.0003887435974133714,0.00012011722117174073,0.0007757350583815244,0.4269625097762378
4,0.2,400,15,uniform,300,0.0009104864912310542,7.182440183554944e-05,-0.00016863854079235407,1.0
4,0.2,400,16,complete_rollout,300,3.1553972526300906e-05,2.46980436490052e-06,4.0613751936935395e-06,0.12128361546344349
4,0.2,400,16,tis,300,2.2922642429296618e-05,2.893601542130225e-06,0.00012136806090886706,0.08810747830510147
4,0.2,400,16,uniform,300,0.00026016681977799136,2.2244135217201645e-05,5.156150606728138e-05,1.0
4,0.2,400,17,complete_rollout,300,1.7540875065313474e-07,1.8626723179705153e-08,-2.281084232179357e-05,0.012335372515714994
4,0.2,400,17,tis,300,1.8480824293560074e-05,5.754756464335823e-06,-0.00035026372473024426,1.2996378527849966
4,0.2,400,17,uniform,300,1.421998001516921e-05,4.389662903535358e-06,-0.00020645002956285537,1.0
4,0.2,400,18,complete_rollout,300,2.3363567493338654e-05,1.7552195017258114e-06,-0.00030414399605842285,0.034913525392768
4,0.2,400,18,tis,300,4.69280922758185e-05,1.1095286920421891e-05,-6.722269864577986e-05,0.07012735284425599
4,0.2,400,18,uniform,300,0.0006691838544089905,4.871038921021346e-05,-0.0012461274235916874,1.0
4,0.2,400,19,complete_rollout,300,1.2368984483361902e-06,8.665501941038273e-08,-1.4251490270808336e-05,0.03711016341920106
4,0.2,400,19,tis,300,5.4903761890813276e-05,1.9833176853068744e-05,-0.00021669375349649966,1.6472553416472495
4,0.2,400,19,uniform,300,3.3330450053911925e-05,3.1271662593733217e-06,-0.0002460396352025211,1.0
4,0.2,400,20,complete_rollout,300,0.001651402421326951,0.0001367267172652169,0.0008185310987021355,0.05082732424823915
4,0.2,400,20,tis,300,0.0006490200870653811,5.011805044939981e-05,-0.00048078109195550815,0.01997572123116165
4,0.2,400,20,uniform,300,0.03249044575436531,0.00250818355110355,0.01184505289134745,1.0
4,0.2,400,21,complete_rollout,300,2.4594997229675155e-05,2.0334594580328693e-06,-7.202090314859522e-05,0.047520502758355954
4,0.2,400,21,tis,300,2.3128035439249987e-05,2.6893065118594194e-06,0.00015097712044671882,0.04468615554711934
4,0.2,400,21,uniform,300,0.0005175660147103641,3.868681284973427e-05,0.0031608287885754606,1.0
4,0.2,400,22,complete_rollout,300,2.978103937972786e-06,2.633399031161675e-07,0.00024758540390416845,0.06183384113263593
4,0.2,400,22,tis,300,9.460463252968376e-06,1.4461874502097436e-06,0.0005283236492693281,0.19642591192548642
4,0.2,400,22,uniform,300,4.8163010471638665e-05,4.042798285601815e-06,0.0012583997311248166,1.0
4,0.2,400,23,complete_rollout,300,4.2447607907235765e-07,3.29211763402313e-08,-1.8046091151265506e-07,0.061424973585935266
4,0.2,400,23,tis,300,6.468652203811019e-06,1.0409177176839224e-06,0.00016869809913930907,0.9360640336294719
4,0.2,400,23,uniform,300,6.910480449429965e-06,1.0042281017535392e-06,0.00031368381524800407,1.0
4,0.2,400,24,complete_rollout,300,1.6640857083226158e-05,1.2756125553437e-06,0.00012979156321711352,0.08967474890802112
4,0.2,400,24,tis,300,8.036863670852911e-05,1.2430302694536734e-05,0.00020581246454312845,0.4330929158800329
4,0.2,400,24,uniform,300,0.00018556904017980126,1.556448050723025e-05,0.0004436500389451507,1.0
4,0.2,400,25,complete_rollout,300,6.63764807083165e-07,6.139707492938765e-08,2.961085302305803e-05,0.1367600259366845
4,0.2,400,25,tis,300,1.1767084066546384e-06,4.864496653754673e-07,-5.205325810357782e-05,0.24244532174156086
4,0.2,400,25,uniform,300,4.853500155012159e-06,4.188536272045691e-07,-0.00030783171217034483,1.0
4,0.2,400,26,complete_rollout,300,3.134324251168059e-06,2.874771935652642e-07,2.5174166088528516e-05,0.015137577442878972
4,0.2,400,26,tis,300,0.0002228444714364215,2.390817433938619e-05,-0.0009560177718311339,1.0762528614673912
4,0.2,400,26,uniform,300,0.00020705586894569512,2.0473575226215454e-05,-0.0013567672722080667,1.0
4,0.2,400,27,complete_rollout,300,2.1575853892924456e-05,1.6379389358152139e-06,3.2164495082277846e-05,0.033662257341648974
4,0.2,400,27,tis,300,0.0003605005096407486,5.6848642417555616e-05,0.0008602566596341651,0.5624463804559828
4,0.2,400,27,uniform,300,0.0006409508926850698,6.045876942493631e-05,-0.002994558294376823,1.0
4,0.2,400,28,complete_rollout,300,7.012699463979274e-05,5.32211308910114e-06,-0.0010683448241832828,0.04899573033452672
4,0.2,400,28,tis,300,5.8778874839780945e-05,2.19546513065743e-05,0.0003188600231091258,0.041067122807835706
4,0.2,400,28,uniform,300,0.0014312878726572438,0.00010560343461474286,0.0034435510139031113,1.0
4,0.2,400,29,complete_rollout,300,5.655438766017828e-05,4.751215521772872e-06,0.00039965583867477764,0.053131184675740996
4,0.2,400,29,tis,300,0.00011225811239916163,3.6851652934195104e-05,0.00017973689310946708,0.10546319654398226
4,0.2,400,29,uniform,300,0.0010644292613712465,9.343826861056548e-05,-0.0020039755799061343,1.0
4,0.2,400,30,complete_rollout,300,9.324489297822007e-06,7.733709852946662e-07,3.110688479781872e-05,0.1943452253291786
4,0.2,400,30,tis,300,2.6521499921563184e-05,4.575249025606264e-06,-0.00023026744615477047,0.5527731024934444
4,0.2,400,30,uniform,300,4.797899861974148e-05,3.507640436581908e-06,9.407824614232544e-05,1.0
4,0.2,400,31,complete_rollout,300,7.490363340342041e-05,5.9232280860665445e-06,0.0005290650864438651,0.03963577710861402
4,0.2,400,31,tis,300,0.00012842166000162755,1.6199426177306233e-05,0.0010041588760334433,0.0679552120566462
4,0.2,400,31,uniform,300,0.0018897985322241014,0.00016336862165883514,-0.0016164604642877492,1.0
4,0.2,400,32,complete_rollout,300,0.0002225059178622149,1.681197841884502e-05,0.00045010647150468613,0.03866592229673907
4,0.2,400,32,tis,300,0.006431025567443006,0.0008719303753985078,-0.0046302824075188384,1.1175502084087279
4,0.2,400,32,uniform,300,0.005754574173987314,0.00047069105739577175,-0.005826705502074372,1.0
4,0.2,400,33,complete_rollout,300,3.767671849210012e-05,2.830622600135233e-06,-0.00032395254612491414,0.04410118802761402
4,0.2,400,33,tis,300,0.002878025517951119,0.0005381706727374693,0.0011442861464317656,3.3687738634150537
4,0.2,400,33,uniform,300,0.0008543243431108656,6.773397269896288e-05,0.003448320946702256,1.0
4,0.2,400,34,complete_rollout,300,8.788757664218623e-06,6.727894294612847e-07,0.00032496879755375,0.12945439424368257
4,0.2,400,34,tis,300,3.7022995270974867e-05,1.6215175268589125e-05,0.0012267961676981824,0.545331844272314
4,0.2,400,34,uniform,300,6.789076350451902e-05,6.10927369381987e-06,0.0004870678183574473,1.0
4,0.2,400,35,complete_rollout,300,5.9044624570796394e-05,4.467271759450469e-06,-0.000612913730869246,0.1000139721037055
4,0.2,400,35,tis,300,5.551743368790958e-05,5.2285118444487625e-06,-7.754687428211504e-05,0.09403936606412426
4,0.2,400,35,uniform,300,0.000590363759471251,4.453694676904079e-05,-5.283325397535436e-05,1.0
4,0.2,400,36,complete_rollout,300,2.4791653222569964e-08,2.8808648458645525e-09,-8.463915381451415e-06,0.00624732171996021
4,0.2,400,36,tis,300,2.759133706366418e-06,1.8714335033662838e-06,0.00018259954166786053,0.695282229761295
4,0.2,400,36,uniform,300,3.968365058479471e-06,7.786354309069913e-07,0.0005624927933036942,1.0
4,0.2,400,37,complete_rollout,300,1.978671809374294e-05,1.4545662613942158e-06,0.00020726913711641888,0.052200562899851484
4,0.2,400,37,tis,300,2.6536125295954054e-05,6.10846220880459e-06,0.0006400361020230598,0.07000659083872152
4,0.2,400,37,uniform,300,0.00037905181466537855,3.058573562687135e-05,0.003313387070776047,1.0
4,0.2,400,38,complete_rollout,300,1.176878301132476e-06,8.965563540161378e-08,3.4219538736365664e-05,0.09349848886054454
4,0.2,400,38,tis,300,0.00010797559464385063,6.1763668770171e-05,0.00022533541342284653,8.578248849778333
4,0.2,400,38,uniform,300,1.258713713424632e-05,1.9517022693707365e-06,-0.00025975492898867506,1.0
4,0.2,400,39,complete_rollout,300,3.897115184328978e-06,3.10918461359426e-07,-5.994951110186368e-05,0.02881466362806898
4,0.2,400,39,tis,300,0.0006532873831482507,0.0002101869054787526,0.001960287546643921,4.830305317526689
4,0.2,400,39,uniform,300,0.0001352476376136737,1.3129916366056164e-05,0.0005368459615014376,1.0
4,0.2,400,40,complete_rollout,300,8.588865726101771e-06,6.760835610146013e-07,-4.366428306398551e-05,0.029352759176224506
4,0.2,400,40,tis,300,0.0006406026968443252,0.00014057329720259677,0.00031656961834858815,2.1892828794572106
4,0.2,400,40,uniform,300,0.0002926084622756242,2.2323860787131867e-05,0.0013808089188875265,1.0
4,0.2,400,41,complete_rollout,300,1.6703046591025385e-07,1.6392643560677328e-08,7.0781129963778014e-06,0.07049534961732719
4,0.2,400,41,tis,300,1.4804533326287997e-06,3.503740028635913e-07,5.762711854807664e-05,0.6248265830251603
4,0.2,400,41,uniform,300,2.369382758110318e-06,4.2932714546656614e-07,0.00011488256141773512,1.0
4,0.2,400,42,complete_rollout,300,3.7350786908760726e-06,3.0220683154829125e-07,-8.387462761735483e-05,0.05679986356033075
4,0.2,400,42,tis,300,2.2989090586688283e-05,3.381625716695404e-06,0.0008066230415624272,0.34959831285206605
4,0.2,400,42,uniform,300,6.575858561541803e-05,5.191650398869926e-06,0.0007010530453546411,1.0
4,0.2,400,43,complete_rollout,300,4.174679589821897e-09,6.491896479323746e-10,4.349819722575532e-06,0.015744504854669127
4,0.2,400,43,tis,300,3.461315689686127e-07,1.5320439085923052e-07,-5.9925639237075795e-05,1.305410403535439
4,0.2,400,43,uniform,300,2.6515153244618367e-07,1.1740239679313248e-07,-4.667430271435421e-05,1.0
4,0.2,400,44,complete_rollout,300,4.9815556680275485e-06,3.7649875435984754e-07,2.3602237850031126e-05,0.15791016141508968
4,0.2,400,44,tis,300,1.2215467937179816e-05,3.433463745414244e-06,-0.0003472677341311004,0.3872176970943467
4,0.2,400,44,uniform,300,3.154677079287386e-05,2.627431180570266e-06,-2.6777372826648864e-05,1.0
4,0.2,400,45,complete_rollout,300,3.05840760033924e-05,2.5386743992415504e-06,0.0004574786242417561,0.04777879159819354
4,0.2,400,45,tis,300,5.034250901054039e-05,7.890082467615431e-06,0.00023829286081909076,0.07864564050514367
4,0.2,400,45,uniform,300,0.0006401182403396897,4.817063969913866e-05,0.0017402625089973226,1.0
4,0.2,400,46,complete_rollout,300,2.122435197558014e-08,1.6812724263810782e-09,5.796736419370064e-06,0.13226459332982476
4,0.2,400,46,tis,300,7.278429937422811e-08,3.316476259908981e-08,-2.2562250557616923e-05,0.4535726588309825
4,0.2,400,46,uniform,300,1.6046888620186906e-07,4.622487959086406e-08,-4.789672868024305e-05,1.0
4,0.2,400,47,complete_rollout,300,4.724694253301992e-06,3.7513805186803834e-07,-0.00011469987153226817,0.046918067899609305
4,0.2,400,47,tis,300,0.00044574545940950864,0.0001345558596913291,-0.00024328816876526845,4.426427321916512
4,0.2,400,47,uniform,300,0.00010070095519302779,9.525008838093788e-06,0.0013375837414320883,1.0
4,0.2,400,48,complete_rollout,300,1.8039917672190437e-06,1.4348187646587854e-07,-5.9303406893348826e-05,0.04821886741339051
4,0.2,400,48,tis,300,6.608300072414969e-06,2.094452888908604e-06,0.0003642725039773572,0.17663314811623856
4,0.2,400,48,uniform,300,3.741257030682704e-05,5.014136229711754e-06,0.0004281818847483902,1.0
4,0.2,400,49,complete_rollout,300,1.6920304550569758e-05,1.334955932259008e-06,0.0005472960560462218,0.04495918641731721
4,0.2,400,49,tis,300,0.0006632989226046537,0.00013118006805392055,-0.0012064572701535766,1.7624611792690283
4,0.2,400,49,uniform,300,0.00037634810366702856,3.157865973808574e-05,-1.7765026202472e-05,1.0
6,0.1,50,0,complete_rollout,300,0.00012963861701947082,1.0135673188326036e-05,-0.000337872761836735,0.03746403360979711
6,0.1,50,0,tis,300,0.0009492518220907377,0.0001569722867956599,0.006412081199199629,0.2743225975762088
6,0.1,50,0,uniform,300,0.0034603486204851527,0.0003067488058216944,0.008643702482116199,1.0
6,0.1,50,1,complete_rollout,300,0.00016662591977930274,1.254541759606496e-05,0.00041104339291142246,0.107615428255072
6,0.1,50,1,tis,300,0.00035064348064607555,0.00010398074877101046,0.0006130106644049397,0.22646325604417541
6,0.1,50,1,uniform,300,0.0015483460176766014,0.00026285635947113293,5.376113843584089e-08,1.0
6,0.1,50,2,complete_rollout,300,0.002945630586766949,0.000275354091153224,-0.0008121185510319758,0.09723902639140243
6,0.1,50,2,tis,300,0.03337610434144245,0.007999638355448343,0.009471781065552834,1.1017878159874281
6,0.1,50,2,uniform,300,0.0302926787328199,0.002862859861896319,0.006179107613546003,1.0
6,0.1,50,3,complete_rollout,300,0.00012046569087930924,8.898616753490535e-06,0.0016025906138336765,0.03843840258126948
6,0.1,50,3,tis,300,0.002404919622616696,0.0002511244960466099,0.02004847666049403,0.7673659442367637
6,0.1,50,3,uniform,300,0.003133993162817088,0.00014942421589342312,0.016119210996467077,1.0
6,0.1,50,4,complete_rollout,300,0.0005233490386993881,4.332219540033061e-05,-0.0013676970978655175,0.24165423282189052
6,0.1,50,4,tis,300,0.0025339609665019805,0.0004130703170936603,0.001244451712241054,1.1700458930476456
6,0.1,50,4,uniform,300,0.0021656936548887958,0.00018595890801883618,0.004166457413288942,1.0
6,0.1,50,5,complete_rollout,300,0.004463351132245195,0.00037565094312837764,9.973638904974565e-05,0.11064343741016389
6,0.1,50,5,tis,300,0.019227591706746233,0.0037642111779792064,0.03948130830551903,0.47663891468996206
6,0.1,50,5,uniform,300,0.040339953608809195,0.006653243548908292,0.013985464817619222,1.0
6,0.1,50,6,complete_rollout,300,3.9932420953494166e-05,2.9637226582626127e-06,-0.00044268832227791025,0.4119572586462063
6,0.1,50,6,tis,300,1.2738333177842196e-05,6.670232700473268e-06,0.00021915803584379094,0.13141323992796156
6,0.1,50,6,uniform,300,9.69334078120677e-05,1.824568650500957e-05,0.0017754529442593045,1.0
6,0.1,50,7,complete_rollout,300,0.00034615700452522203,2.93878167660782e-05,-0.0015883193342035287,0.2739260719480793
6,0.1,50,7,tis,300,0.0003985030894368481,5.94319448458244e-05,0.002015707824905233,0.3153493487682875
6,0.1,50,7,uniform,300,0.001263687687935136,0.00011102227584422841,0.004340417492929236,1.0
6,0.1,50,8,complete_rollout,300,0.0021193753547629544,0.0001753066163722777,0.005140958574141872,0.23935171476263042
6,0.1,50,8,tis,300,0.009812461834264256,0.0016801884405679352,0.0065690501312902745,1.1081706507513402
6,0.1,50,8,uniform,300,0.008854648720042714,0.001414739033114134,0.003001235772151737,1.0
6,0.1,50,9,complete_rollout,300,0.0014062251120772185,0.00012902938608122546,-0.0030830129577907577,0.08387477406982399
6,0.1,50,9,tis,300,0.011383543304502121,0.0018213709982878236,0.009045798298238409,0.6789753038678089
6,0.1,50,9,uniform,300,0.016765769299200324,0.0023152792987972005,0.009254922931325587,1.0
6,0.1,50,10,complete_rollout,300,0.00012855914991483064,1.0871252472986914e-05,9.050247028024482e-05,0.04261414419329875
6,0.1,50,10,tis,300,0.0026689044696394213,0.0004258903075282212,0.005705917928596371,0.8846751085605423
6,0.1,50,10,uniform,300,0.0030168187663627208,0.00032207755728539376,0.010823656612316953,1.0
6,0.1,50,11,complete_rollout,300,0.0007790151953136781,5.72656282674941e-05,9.702951729086677e-05,0.04756475024356437
6,0.1,50,11,tis,300,0.018486544467109692,0.002599412157992122,0.04456577269478148,1.128742899669059
6,0.1,50,11,uniform,300,0.016377994025503807,0.0019730536813763475,0.03072918785552941,1.0
6,0.1,50,12,complete_rollout,300,3.43416997938137e-05,3.1372936110061895e-06,-0.00020873557648604546,0.019000148887901993
6,0.1,50,12,tis,300,0.0009299491951889736,0.00030344724613766535,0.005564068254348212,0.5145107339724065
6,0.1,50,12,uniform,300,0.0018074437203847475,0.0006114943448006657,0.009979627483109571,1.0
6,0.1,50,13,complete_rollout,300,0.0003869716224488711,4.044646697606416e-05,0.0005428705392289368,0.07190955593641404
6,0.1,50,13,tis,300,0.00734798551373166,0.0015388000646289583,-0.00036909839293503666,1.3654499313821413
6,0.1,50,13,uniform,300,0.0053813657643922925,0.0010071141989352144,0.0007727973287800853,1.0
6,0.1,50,14,complete_rollout,300,3.7156911418809756e-05,5.845433935583812e-06,-0.0005288816573871664,0.011917941808317527
6,0.1,50,14,tis,300,0.004059062227177086,0.002327180361249033,-0.003318503295862767,1.3019291855174828
6,0.1,50,14,uniform,300,0.003117728884435227,0.0017863593609418638,-0.0025300261152386896,1.0
6,0.1,50,15,complete_rollout,300,0.0014663477786598068,0.0001228783666053951,0.0034394606636242563,0.09834247674709783
6,0.1,50,15,tis,300,0.030461835212390938,0.004354704484544319,0.11047070502559588,2.0429616797908916
6,0.1,50,15,uniform,300,0.014910624860819158,0.001521482793761552,0.048668461817609,1.0
6,0.1,50,16,complete_rollout,300,0.0020943497285666355,0.0001733118506974478,0.004085857724900522,0.20472095581388067
6,0.1,50,16,tis,300,0.004621459930373834,0.001318837435464232,0.004673496793779001,0.4517438903812857
6,0.1,50,16,uniform,300,0.010230265486209852,0.0008362912863629204,0.013993475166941594,1.0
6,0.1,50,17,complete_rollout,300,4.650282710215631e-05,8.02372789879325e-06,-0.00035854009441449897,0.015017526981235053
6,0.1,50,17,tis,300,0.0010993549867660763,0.0007322005015553774,0.0008213523232861168,0.35502342985399515
6,0.1,50,17,uniform,300,0.0030965702382465027,0.0020781409084605204,-0.002658722303964803,1.0
6,0.1,50,18,complete_rollout,300,0.00014319180277815743,1.068888807539655e-05,0.0008131949716134142,0.09060013459513745
6,0.1,50,18,tis,300,0.0014780981268342306,0.0005247028055841252,0.003117521216353524,0.9352203592511055
6,0.1,50,18,uniform,300,0.0015804811264137195,0.0002499896011690276,-0.0019283546326060346,1.0
6,0.1,50,19,complete_rollout,300,0.0002296258312702347,2.0523914719919367e-05,-0.000257279739845427,0.055877232870987004
6,0.1,50,19,tis,300,0.005752371918566891,0.0011408877316050996,0.0014193797765882396,1.3997842641493508
6,0.1,50,19,uniform,300,0.004109470341890583,0.0007266194614965559,0.003636622559284639,1.0
6,0.1,50,20,complete_rollout,300,0.007759335689880955,0.000698909257831873,0.00927656930671479,0.03873273013861382
6,0.1,50,20,tis,300,0.07723344253994385,0.013043882948090087,0.028180623465050094,0.3855306958142028
6,0.1,50,20,uniform,300,0.20033020296045284,0.028636395723445496,0.1222393399824182,1.0
6,0.1,50,21,complete_rollout,300,0.0001354164393013891,1.020402650734303e-05,0.0007712861245337284,0.029804230374380677
6,0.1,50,21,tis,300,0.002939675415593911,0.00046896388794256033,0.00910307080006356,0.647002415395554
6,0.1,50,21,uniform,300,0.0045435308209733636,0.0005545615603269272,0.016978240591689314,1.0
6,0.1,50,22,complete_rollout,300,2.418470120493367e-05,1.9115045270689483e-06,0.0003210573761875916,0.07343961268262811
6,0.1,50,22,tis,300,0.00042961152361127564,9.370307351156525e-05,0.0005160879426215992,1.3045645522207043
6,0.1,50,22,uniform,300,0.0003293141170208606,4.268671045462996e-05,-0.001074270164400241,1.0
6,0.1,50,23,complete_rollout,300,3.735671397779002e-05,3.6572364994132977e-06,0.0009142260568461399,0.05802826075471498
6,0.1,50,23,tis,300,0.001257883895405443,0.000508879429686281,-0.001165925054527625,1.9539409897010924
6,0.1,50,23,uniform,300,0.0006437675968903595,0.00024140459435769687,0.00011022773967029294,1.0
6,0.1,50,24,complete_rollout,300,0.001894166654358167,0.00016289201548982403,-0.008283453023865074,0.12536248810413503
6,0.1,50,24,tis,300,0.028160951707309784,0.005260022982723515,0.005427475151823331,1.8637889993924452
6,0.1,50,24,uniform,300,0.015109517073279026,0.0015029034604405467,-0.003159928005723307,1.0
6,0.1,50,25,complete_rollout,300,6.881725585096021e-05,6.274912058227349e-06,-0.0006770468798377868,0.11375620197473664
6,0.1,50,25,tis,300,0.0019491108827122123,0.0005696949635913888,-0.0029330698149651266,3.22191648741649
6,0.1,50,25,uniform,300,0.0006049538808112052,7.206538233885365e-05,-0.001632390425800135,1.0
6,0.1,50,26,complete_rollout,300,0.0001866399987830246,1.3571232615696517e-05,0.0009849291034539486,0.014604494156139323
6,0.1,50,26,tis,300,0.01352890668308941,0.002732772773233704,0.004635257568679832,1.058630732321373
6,0.1,50,26,uniform,300,0.012779627749350451,0.0023865743760773774,0.003375036077110668,1.0
6,0.1,50,27,complete_rollout,300,0.0021384516488813293,0.0001902605787866903,0.0025172328517824353,0.03396907599328304
6,0.1,50,27,tis,300,0.024290632755378003,0.008027661058737813,0.04084251340106169,0.38585410636897466
6,0.1,50,27,uniform,300,0.06295289425311955,0.012739062558939364,0.014392203592179452,1.0
6,0.1,50,28,complete_rollout,300,0.006893541538303079,0.0004917504676053949,0.009584294219202517,0.12270050393744823
6,0.1,50,28,tis,300,0.02559996970546931,0.004554759250742175,0.036221214249017586,0.45566261785632417
6,0.1,50,28,uniform,300,0.05618185188397721,0.005621735928471799,0.09531987822298643,1.0
6,0.1,50,29,complete_rollout,300,6.407565064974048e-05,1.8613990850315004e-05,0.002093520961594829,0.00724647753665818
6,0.1,50,29,tis,300,0.005465774067549639,0.0012604282031163426,0.024443194521189704,0.618138225664786
6,0.1,50,29,uniform,300,0.008842316880939357,0.0013890927988925294,0.04477109465410369,1.0
6,0.1,50,30,complete_rollout,300,0.00026106171428278997,2.139763377239138e-05,2.2774606986821766e-05,0.40653505280986196
6,0.1,50,30,tis,300,0.0006502225452138026,0.00014107377459747324,0.001049383193435111,1.0125508348969043
6,0.1,50,30,uniform,300,0.0006421628651167986,5.25927482193115e-05,0.0034271224256067225,1.0
6,0.1,50,31,complete_rollout,300,0.001904549281364386,0.0002509953091810604,0.01408754302026348,0.08428463090383603
6,0.1,50,31,tis,300,0.011272397045756727,0.0016692368947166425,0.050120052389136,0.49885284339949953
6,0.1,50,31,uniform,300,0.022596637856044814,0.0021393770304764647,0.08071999912551356,1.0
6,0.1,50,32,complete_rollout,300,0.006671368080575702,0.0006745281683995248,0.011625717255335278,0.02871950362659388
6,0.1,50,32,tis,300,0.20305392836787006,0.02218718448157321,0.307631354885078,0.8741247614765011
6,0.1,50,32,uniform,300,0.23229398973309912,0.02791033624526225,0.22004113938019468,1.0
6,0.1,50,33,complete_rollout,300,0.0046423089275198235,0.00036948565978989055,0.000962818180299038,0.08449216392226018
6,0.1,50,33,tis,300,0.1059133313420789,0.00823067842691319,0.11313967593701996,1.9276714869745977
6,0.1,50,33,uniform,300,0.05494366237076297,0.0039474714581455685,0.033112799781949365,1.0
6,0.1,50,34,complete_rollout,300,0.001083991453069353,8.063503441203575e-05,0.0012110018193306601,0.12911881658729688
6,0.1,50,34,tis,300,0.017716448600991894,0.007672845218839321,-0.010741225160765654,2.1102812859017908
6,0.1,50,34,uniform,300,0.008395301953038496,0.0011394744226013473,-0.0094269839361314,1.0
6,0.1,50,35,complete_rollout,300,0.0020587730160864515,0.00018326607519445395,0.0037666730261115993,0.1162548746174245
6,0.1,50,35,tis,300,0.004728954066318655,0.0006663102252672928,0.0007374856726289162,0.2670347618488261
6,0.1,50,35,uniform,300,0.017709132824421617,0.0015730240710759241,-0.004027582885459154,1.0
6,0.1,50,36,complete_rollout,300,1.5335303127367536e-06,1.9571981315678685e-07,-6.308708591890403e-06,0.07023690059512243
6,0.1,50,36,tis,300,0.00033182587238104376,0.00018353104341587535,-0.0008209262059925552,15.197887266880484
6,0.1,50,36,uniform,300,2.1833684284799562e-05,5.686748316476594e-06,-0.00018236760302782132,1.0
6,0.1,50,37,complete_rollout,300,9.906683888171377e-05,1.4812119915634446e-05,0.0022968613822795074,0.04315104045522993
6,0.1,50,37,tis,300,0.016569175838937786,0.00400100068453052,0.03899288962407369,7.217119118835603
6,0.1,50,37,uniform,300,0.0022958157633417345,0.00036729364879153757,0.01724545219540137,1.0
6,0.1,50,38,complete_rollout,300,8.587756535517712e-05,8.234195612202967e-06,-0.000228133173817436,0.19461064092419747
6,0.1,50,38,tis,300,0.0021274238372843784,0.0008257314994414548,0.005260417537714982,4.8210416163872924
6,0.1,50,38,uniform,300,0.00044127887841768725,0.0001123163243923832,0.0011664596374135756,1.0
6,0.1,50,39,complete_rollout,300,0.0006456891066691674,6.471475014261773e-05,0.0007016879344844562,0.029439789430452577
6,0.1,50,39,tis,300,0.022244411531417946,0.004009992940936297,0.004534499860262727,1.0142199778891616
6,0.1,50,39,uniform,300,0.0219325314195782,0.0033791507845508115,-0.001124570756406588,1.0
6,0.1,50,40,complete_rollout,300,0.0003811278267248083,2.9574971437762424e-05,0.0010537480862354964,0.04638787906371806
6,0.1,50,40,tis,300,0.015054012985670369,0.0006540347038913491,0.07180517848249353,1.8322559646297878
6,0.1,50,40,uniform,300,0.008216108052737092,0.0005501649825131172,0.02208075249193597,1.0
6,0.1,50,41,complete_rollout,300,1.581054234924825e-05,1.3613005516462999e-06,-3.3509260441396313e-06,0.05700539863722885
6,0.1,50,41,tis,300,9.337818742435327e-05,2.0826175047304295e-05,0.00016103842072944907,0.33667793808478846
6,0.1,50,41,uniform,300,0.00027735166716162153,3.7212442489239696e-05,-0.00012018990148734865,1.0
6,0.1,50,42,complete_rollout,300,0.0001761798941283194,1.4182478240103366e-05,9.097038635513699e-05,0.07053369940212596
6,0.1,50,42,tis,300,0.002172081654447583,0.0003340864003500774,-0.003563578632033888,0.8695938617155287
6,0.1,50,42,uniform,300,0.002497811622269867,0.00033653646382820546,-0.004419276442531837,1.0
6,0.1,50,43,complete_rollout,300,5.766682943493761e-06,1.7972732613337956e-06,-1.872214462723824e-05,0.5793318317615965
6,0.1,50,43,tis,300,1.4475119227277229e-05,3.894699148693563e-06,-8.752444987218352e-05,1.454197745753888
6,0.1,50,43,uniform,300,9.954023976136072e-06,2.227219875586279e-06,-0.00010412213889789154,1.0
6,0.1,50,44,complete_rollout,300,0.00023909125440706923,2.0994853252505024e-05,-0.00041067057655440683,0.1702139317398033
6,0.1,50,44,tis,300,0.0007689678605017467,0.00016592435981183933,0.0023562059291848047,0.547443875528376
6,0.1,50,44,uniform,300,0.0014046514992236648,0.0002929951423656195,-0.0008540233063421576,1.0
6,0.1,50,45,complete_rollout,300,0.0010259695830089955,9.660354264308584e-05,0.0013707864870252705,0.07707980891213842
6,0.1,50,45,tis,300,0.003203997205820578,0.00034062514081049326,0.003807460142932816,0.24071229446722328
6,0.1,50,45,uniform,300,0.013310484256369598,0.0010081429873024554,0.00526977574601304,1.0
6,0.1,50,46,complete_rollout,300,1.1259716992385944e-06,1.1955753250697025e-07,-3.5666527349568954e-05,0.993751246371814
6,0.1,50,46,tis,300,1.7449560275566009e-06,3.30433544591013e-07,7.413832193177853e-05,1.540049566450901
6,0.1,50,46,uniform,300,1.1330518611669845e-06,1.41714353373214e-07,9.620584634363956e-05,1.0
6,0.1,50,47,complete_rollout,300,0.001065899286175022,8.49637177206142e-05,-0.0010529302848809063,0.07075628084195384
6,0.1,50,47,tis,300,0.016640196612808196,0.0026248837426013647,0.007934341544306512,1.104605697810605
6,0.1,50,47,uniform,300,0.015064376949883626,0.0013512640660301293,0.006316091243487421,1.0
6,0.1,50,48,complete_rollout,300,0.0004378865736098047,3.3410080905649713e-05,0.0008925878007200335,0.06354327571646988
6,0.1,50,48,tis,300,0.012631261288620972,0.009895992308302197,-0.008109866068445732,1.832967181644693
6,0.1,50,48,uniform,300,0.006891155180032813,0.00165363936077933,0.0021215687103287597,1.0
6,0.1,50,49,complete_rollout,300,0.0001677364907938438,1.4869618409047774e-05,-0.00014348921914507726,0.029874912609433153
6,0.1,50,49,tis,300,0.003304702824225296,0.0007901802989657187,0.008091588033137847,0.5885881337246929
6,0.1,50,49,uniform,300,0.00561462699445287,0.0005730544004148082,0.019421980808871857,1.0
6,0.1,100,0,complete_rollout,300,5.3876646672570924e-05,4.175120646409166e-06,0.00042756748051677286,0.023186414067870476
6,0.1,100,0,tis,300,0.0005977108129049534,0.00018718837705580755,0.0028583571911745854,0.25723149558811226
6,0.1,100,0,uniform,300,0.0023236299720545426,0.00020056087874518083,0.0005413887103247698,1.0
6,0.1,100,1,complete_rollout,300,8.911168209067758e-05,7.503048488185406e-06,-0.00034892435848109455,0.15391426012905465
6,0.1,100,1,tis,300,6.557284157913662e-05,6.505979669063656e-06,0.00023791774289205314,0.11325782612814535
6,0.1,100,1,uniform,300,0.0005789696290386534,4.926128604804378e-05,-0.0005443912188683934,1.0
6,0.1,100,2,complete_rollout,300,0.0016014734865644731,0.00013371288483673952,0.00020175812247532842,0.08859860181517601
6,0.1,100,2,tis,300,0.01228013513098683,0.002353214664636376,0.003002940040862127,0.6793760944746399
6,0.1,100,2,uniform,300,0.01807560676753431,0.0016523331848558441,-0.0019533434029673363,1.0
6,0.1,100,3,complete_rollout,300,7.764070141408969e-05,6.1722038722527415e-06,0.0003915821119278906,0.043718755194383396
6,0.1,100,3,tis,300,0.0011921207808306973,0.00017511312066187802,0.009019676769162209,0.6712720986548999
6,0.1,100,3,uniform,300,0.0017759129021144749,0.00011377360626440443,0.009391869427325185,1.0
6,0.1,100,4,complete_rollout,300,0.00021920352889213962,1.7868065783861667e-05,0.0006652355709511814,0.2412156522366578
6,0.1,100,4,tis,300,0.0007786695803166454,0.00013479619780007863,0.0001985574759947865,0.8568625315578097
6,0.1,100,4,uniform,300,0.0009087450456037488,8.517084522814435e-05,-0.000681705259432525,1.0
6,0.1,100,5,complete_rollout,300,0.002394963328592041,0.0002212733801456079,0.0023910488096498457,0.14055456887760936
6,0.1,100,5,tis,300,0.021410636234937826,0.00502881019837952,0.014908453510760283,1.2565381312816015
6,0.1,100,5,uniform,300,0.01703938440220682,0.002218145180888311,0.014958425574796269,1.0
6,0.1,100,6,complete_rollout,300,1.9557494479835468e-05,1.638764818070455e-06,0.00019959644269888167,0.7828979527547227
6,0.1,100,6,tis,300,0.00012264110550899867,6.251474198407629e-05,0.0015365949592501178,4.909395246183843
6,0.1,100,6,uniform,300,2.4980898737849575e-05,2.7414030423723505e-06,0.0008725534007554359,1.0
6,0.1,100,7,complete_rollout,300,0.0001755166388735013,1.4345103474337848e-05,0.0008125161978983911,0.2585719207282519
6,0.1,100,7,tis,300,0.00022230530600995135,6.338039324435913e-05,0.0010892215261977167,0.32750120063832466
6,0.1,100,7,uniform,300,0.0006787923390102432,5.027388111802995e-05,0.00015992293748035458,1.0
6,0.1,100,8,complete_rollout,300,0.0011888250569437094,9.832519767011765e-05,0.0012897419221335627,0.2637135989437859
6,0.1,100,8,tis,300,0.0033206318857214342,0.00034140580613233095,0.00835393984367026,0.7366060971177474
6,0.1,100,8,uniform,300,0.004508015747785247,0.00035384397687891056,0.010558039210277642,1.0
6,0.1,100,9,complete_rollout,300,0.0005890402890778926,4.6067265764773515e-05,-0.00135319276820787,0.0707105941308987
6,0.1,100,9,tis,300,0.005313551944606101,0.0010478822893662705,-0.004067203076813272,0.6378586013813481
6,0.1,100,9,uniform,300,0.008330297550427416,0.0009132113903792677,-0.003976036765495728,1.0
6,0.1,100,10,complete_rollout,300,6.0658424356825105e-05,4.819220099042585e-06,-0.000328656134234769,0.028969258463863896
6,0.1,100,10,tis,300,0.002405394447884719,0.0007670647669774923,-0.00020812410117133714,1.1487686039849327
6,0.1,100,10,uniform,300,0.002093889439127001,0.000351993457350093,0.004957130142811408,1.0
6,0.1,100,11,complete_rollout,300,0.0005262290998763521,3.40448936699607e-05,0.0008449773331807601,0.0666792739850726
6,0.1,100,11,tis,300,0.008358494025959362,0.0016080155899264336,0.02427967687206653,1.0591172426429754
6,0.1,100,11,uniform,300,0.007891944054372251,0.0009541730966673683,0.020222387163464195,1.0
6,0.1,100,12,complete_rollout,300,1.4194511387999707e-05,1.1195548779689262e-06,2.4683715253489186e-06,0.15383923475051692
6,0.1,100,12,tis,300,0.00010250336870204832,3.6536529877492914e-05,0.0004298853063337926,1.1109251575791912
6,0.1,100,12,uniform,300,9.226847371555852e-05,1.688310194422988e-05,0.0007495705714181403,1.0
6,0.1,100,13,complete_rollout,300,0.00016624136891903667,1.4095154885032052e-05,0.00026069522407233,0.09268686232479122
6,0.1,100,13,tis,300,0.002206468110029949,0.0002382197836347599,0.005955243290511992,1.2302028506393585
6,0.1,100,13,uniform,300,0.0017935807162885438,0.00014451334188806092,0.0063267683858308655,1.0
6,0.1,100,14,complete_rollout,300,1.4479961785885756e-05,1.8652542573276274e-06,-0.00016242020913204296,0.017244063367488092
6,0.1,100,14,tis,300,0.0013281017106750329,0.0007302098958802954,-0.001086100148548675,1.5816250343749558
6,0.1,100,14,uniform,300,0.0008397070619205815,0.0004611562330090258,-0.00021309782507832924,1.0
6,0.1,100,15,complete_rollout,300,0.0007831416619436004,5.295091614494952e-05,0.0007777045803641565,0.10920109425801885
6,0.1,100,15,tis,300,0.01697527431906587,0.001318039018410882,0.06368884640917477,2.3670283692626968
6,0.1,100,15,uniform,300,0.007171555077032507,0.0007039380499125224,0.026875949732657514,1.0
6,0.1,100,16,complete_rollout,300,0.001025583458379639,8.140515353164985e-05,-0.00043556805444100753,0.1657541901071137
6,0.1,100,16,tis,300,0.0014517219126614098,0.00031122508131578656,-0.0002993940207574856,0.23462643427783203
6,0.1,100,16,uniform,300,0.0061873757623676735,0.0004736673078139124,-0.006906979625964148,1.0
6,0.1,100,17,complete_rollout,300,1.747395099862554e-05,2.350907147822753e-06,4.236872997755843e-05,0.14163471119740573
6,0.1,100,17,tis,300,0.00017747068515281447,0.00013673749109649293,0.0027848666912373495,1.4384845899820673
6,0.1,100,17,uniform,300,0.00012337336554646503,8.677191326851263e-05,0.002868713200720371,1.0
6,0.1,100,18,complete_rollout,300,6.786862896740601e-05,6.845425095860289e-06,-0.0002539407657070984,0.14868090481604093
6,0.1,100,18,tis,300,0.0003782048020072433,0.00025305659432659904,0.00012373653621530127,0.8285393859247393
6,0.1,100,18,uniform,300,0.00045647172413551106,4.4770612170357225e-05,-0.002377050424864571,1.0
6,0.1,100,19,complete_rollout,300,9.717010872545414e-05,8.176968277049609e-06,-0.0002639981997305722,0.03816650312218468
6,0.1,100,19,tis,300,0.0026692047569307335,0.0004401446607415628,-2.8620477087393978e-05,1.048411008543625
6,0.1,100,19,uniform,300,0.002545952622758698,0.00041726148143117275,0.0006733623415240849,1.0
6,0.1,100,20,complete_rollout,300,0.004536544276645247,0.00038035944241050724,0.012567930588841187,0.04514603404113238
6,0.1,100,20,tis,300,0.012984736669632214,0.0023578508184384935,0.013037011244191425,0.12921936345253857
6,0.1,100,20,uniform,300,0.10048599778470062,0.02241652872694023,0.06291459136969826,1.0
6,0.1,100,21,complete_rollout,300,7.322909779577507e-05,5.744190859260204e-06,0.0004389544524924164,0.03610156078650025
6,0.1,100,21,tis,300,0.0011552847390010747,0.0003097209464624358,0.004103171275140989,0.5695493114919912
6,0.1,100,21,uniform,300,0.002028419165277702,0.0002450074169063821,0.0036796126504236664,1.0
6,0.1,100,22,complete_rollout,300,1.3366232739919499e-05,1.119794532041875e-06,-0.00038377014262394924,0.0988957649908394
6,0.1,100,22,tis,300,0.0001664749464925276,3.038447633889662e-05,-0.0006243815418549866,1.2317357856576368
6,0.1,100,22,uniform,300,0.0001351547535039301,1.981614372050462e-05,-0.00098015351757785,1.0
6,0.1,100,23,complete_rollout,300,2.5462256728420106e-05,3.563482314071575e-06,2.8364350339601017e-06,0.08106407030844527
6,0.1,100,23,tis,300,0.000280960770726344,0.00010775275919676511,0.0013932092452838389,0.8944935209397099
6,0.1,100,23,uniform,300,0.00031410039776607967,9.207307855329607e-05,0.0005693844314891823,1.0
6,0.1,100,24,complete_rollout,300,0.0010091200678463694,8.35649311187206e-05,-0.0009047517632375502,0.1668032534941614
6,0.1,100,24,tis,300,0.008925831115012378,0.001553337480375476,0.013219386431693762,1.4754019046523905
6,0.1,100,24,uniform,300,0.0060497624998764885,0.0005279020158717006,0.0004240884623407748,1.0
6,0.1,100,25,complete_rollout,300,3.380830874383802e-05,2.977801773023918e-06,-0.00024621037050559145,0.09466973601502798
6,0.1,100,25,tis,300,0.0004884571076610768,0.00018420360347345933,-0.0011709413892268116,1.367773401127805
6,0.1,100,25,uniform,300,0.0003571184431999604,3.255766763791494e-05,-0.0008266730063103278,1.0
6,0.1,100,26,complete_rollout,300,0.00010693341518015801,7.873100752806794e-06,0.00030831911615769293,0.014926808150621805
6,0.1,100,26,tis,300,0.009105351061717618,0.0014033347650018856,-0.0018126931318600103,1.2710136322994656
6,0.1,100,26,uniform,300,0.0071638500408879105,0.0010484330778118953,0.0011034742761107984,1.0
6,0.1,100,27,complete_rollout,300,0.000925978683579896,7.358986794364224e-05,0.00022714196934295512,0.03957401737942403
6,0.1,100,27,tis,300,0.020580822774853468,0.008303169872260773,0.026681034965856724,0.8795729886849201
6,0.1,100,27,uniform,300,0.02339865257302247,0.0024773531879228317,0.01940752992626213,1.0
6,0.1,100,28,complete_rollout,300,0.0034019356352660126,0.0002558883781400522,0.006090426340769958,0.09900844970743759
6,0.1,100,28,tis,300,0.006441780920418197,0.001889725848415747,0.00818755276437694,0.1874787799257361
6,0.1,100,28,uniform,300,0.03436005356430156,0.0030340626813893535,0.07169905870106065,1.0
6,0.1,100,29,complete_rollout,300,1.4110460727093172e-05,5.749290715278293e-06,0.0007625818430567725,0.0035339288357191046
6,0.1,100,29,tis,300,0.0010038471183489773,0.00026486810832114304,0.008696128360899455,0.2514109458790002
6,0.1,100,29,uniform,300,0.00399285367166198,0.0005966127797478677,0.03147732114459478,1.0
6,0.1,100,30,complete_rollout,300,0.00014477211870235894,1.1706934339819558e-05,-0.0013818965549401902,0.4532284615192903
6,0.1,100,30,tis,300,0.0003311287428550333,5.819181785230027e-05,0.001069525351735597,1.0366427737204764
6,0.1,100,30,uniform,300,0.00031942415579344006,2.6299970383085938e-05,0.0009833129424261274,1.0
6,0.1,100,31,complete_rollout,300,0.0009419274878578445,0.0001030069566362067,0.007922317768626693,0.07944976909334324
6,0.1,100,31,tis,300,0.0047878881650828915,0.0007788832836284577,0.03351554900456357,0.40384914344701234
6,0.1,100,31,uniform,300,0.011855635310295251,0.001225957501411245,0.051420752222994984,1.0
6,0.1,100,32,complete_rollout,300,0.0030502672571528374,0.00027269491152409506,0.0004976023330251659,0.0245628943731938
6,0.1,100,32,tis,300,0.10765473165008435,0.013254794538532113,0.21907345055188454,0.8669115127845497
6,0.1,100,32,uniform,300,0.12418191483499122,0.014806026362882231,0.1542811400799397,1.0
6,0.1,100,33,complete_rollout,300,0.0021846329100659906,0.00019696274456869166,0.002858743128994283,0.07393106971619502
6,0.1,100,33,tis,300,0.09832327946690929,0.00812796432763428,0.04845295690730389,3.327398939885704
6,0.1,100,33,uniform,300,0.029549591510745234,0.002242821995480891,0.008187023814962653,1.0
6,0.1,100,34,complete_rollout,300,0.0005201079353053135,4.4438058176325354e-05,0.00024476513409717795,0.14719021236471605
6,0.1,100,34,tis,300,0.0037741863792617194,0.0016703948524872509,0.0024565693090127403,1.0680923265311233
6,0.1,100,34,uniform,300,0.0035335769067073646,0.00038720866965588505,-0.002264458702429552,1.0
6,0.1,100,35,complete_rollout,300,0.0012666702124351427,9.694803087828435e-05,0.0014396428296881236,0.15181222717349568
6,0.1,100,35,tis,300,0.0019472526150732408,0.0002065758679217655,-0.0027065272032759384,0.23338099645950175
6,0.1,100,35,uniform,300,0.008343663985559958,0.0007602013288004625,0.0052329324758290064,1.0
6,0.1,100,36,complete_rollout,300,7.829266047309638e-07,1.040828267272346e-07,4.927127772726377e-05,0.1396891989897949
6,0.1,100,36,tis,300,5.052298863985499e-05,4.916875682207246e-05,0.0003126352462751332,9.01427511982048
6,0.1,100,36,uniform,300,5.604775533061516e-06,1.3286028269301548e-06,0.000298523789440918,1.0
6,0.1,100,37,complete_rollout,300,3.9638345803104666e-05,4.8632820360609425e-06,0.0008983223419199941,0.043930453656100765
6,0.1,100,37,tis,300,0.010146916065194167,0.0026150667756668733,0.02949200107057456,11.245641484853355
6,0.1,100,37,uniform,300,0.0009022976660656442,9.754932811519178e-05,0.010470967730286556,1.0
6,0.1,100,38,complete_rollout,300,4.742841407373797e-05,4.511723623100549e-06,0.00015371965526452666,0.1413704706474609
6,0.1,100,38,tis,300,0.0018290062403410452,0.0011022014905143263,-0.0006063748288836949,5.451741915977965
6,0.1,100,38,uniform,300,0.00033549024670089276,9.965180432525127e-05,0.00046267587684450717,1.0
6,0.1,100,39,complete_rollout,300,0.0002882531734241081,2.4810331627421197e-05,-0.0010341177920868624,0.024996510350703792
6,0.1,100,39,tis,300,0.009308362635019678,0.0013612909022925068,0.01661592723437879,0.8071952172822596
6,0.1,100,39,uniform,300,0.01153173660562552,0.0014361522632841274,0.004593149824429536,1.0
6,0.1,100,40,complete_rollout,300,0.00023851552087077505,1.7645357462209092e-05,-0.000396413156801928,0.05655451827740203
6,0.1,100,40,tis,300,0.01104637646282835,0.0005968848759213318,0.04213096503728671,2.619211099073745
6,0.1,100,40,uniform,300,0.00421744412534552,0.0002999784604810908,0.010730815657836531,1.0
6,0.1,100,41,complete_rollout,300,1.0817398734334467e-05,1.0864919026086249e-06,-0.0001699687311849966,0.04406351861013553
6,0.1,100,41,tis,300,4.994631026422858e-05,1.5977194898533008e-05,1.5372550956547215e-05,0.2034509613526641
6,0.1,100,41,uniform,300,0.0002454955726537517,4.6322903799285034e-05,-0.0016885391228021647,1.0
6,0.1,100,42,complete_rollout,300,8.845233304942502e-05,7.016632821552978e-06,-0.00047179224434940715,0.09389379084348295
6,0.1,100,42,tis,300,0.0007242581656541111,9.483538531294756e-05,-0.0004190141656747655,0.7688134657184579
6,0.1,100,42,uniform,300,0.0009420466705500407,7.661244993512147e-05,0.0003777341130237122,1.0
6,0.1,100,43,complete_rollout,300,2.912672044179923e-06,4.216467595442596e-07,-6.856090159045166e-05,0.7976464294576496
6,0.1,100,43,tis,300,5.487501466700034e-06,1.2314075501770132e-06,-0.00019759210036929782,1.5027733590203383
6,0.1,100,43,uniform,300,3.651582877591968e-06,8.862833345909176e-07,-4.0270311934932724e-05,1.0
6,0.1,100,44,complete_rollout,300,0.00010494186740722136,8.118063776680508e-06,0.0010871062239925526,0.21500202230316814
6,0.1,100,44,tis,300,0.00024405248006536734,3.0330925876753283e-05,0.0012221155557383752,0.5000080335767578
6,0.1,100,44,uniform,300,0.0004880971177994125,7.288215965278676e-05,-6.752484352993508e-05,1.0
6,0.1,100,45,complete_rollout,300,0.0005949645226125184,4.745719967497059e-05,-0.001333137093547423,0.083413759294505
6,0.1,100,45,tis,300,0.0013359110557956773,0.0001455798465873343,0.002056534402012445,0.1872941310142314
6,0.1,100,45,uniform,300,0.007132690429547785,0.0005646679076245565,0.002136843282872114,1.0
6,0.1,100,46,complete_rollout,300,6.722356861041e-07,6.654572553539096e-08,-9.869789644943746e-05,0.2533001712639194
6,0.1,100,46,tis,300,3.6698982677321045e-06,2.2205226522454348e-06,-9.560382075193015e-05,1.382827301426171
6,0.1,100,46,uniform,300,2.6539093232735397e-06,1.4443376862398014e-06,-7.509044995264983e-05,1.0
6,0.1,100,47,complete_rollout,300,0.0005981724318050992,5.4294866950291625e-05,-7.679914054412447e-05,0.0765499358239725
6,0.1,100,47,tis,300,0.010390928564769192,0.0022080736651005025,-0.0014148863980651043,1.3297585654093391
6,0.1,100,47,uniform,300,0.00781414674442842,0.0006496921784629719,-0.004531718796485178,1.0
6,0.1,100,48,complete_rollout,300,0.00021705907247068754,1.837658439365986e-05,-0.0008004640902211439,0.06242184139230875
6,0.1,100,48,tis,300,0.0003607340691114431,5.8880750402199416e-05,0.000254001141687968,0.10373989251206035
6,0.1,100,48,uniform,300,0.0034772936464099935,0.0006121207561489507,0.0017012459676584127,1.0
6,0.1,100,49,complete_rollout,300,7.466541025653433e-05,5.626288891306229e-06,-3.7679583651684115e-05,0.03820092743468186
6,0.1,100,49,tis,300,0.0025746241214186145,0.0008082344847221746,0.00807069183363222,1.3172502353629898
6,0.1,100,49,uniform,300,0.0019545444383307587,0.00023233989382834136,0.011267130449907986,1.0
6,0.1,200,0,complete_rollout,300,2.767173137715995e-05,2.5662229879169006e-06,-7.326973024381307e-05,0.02111847574804377
6,0.1,200,0,tis,300,0.0002340023921876173,0.00010101106624474204,0.0006494317246262297,0.1785856395121459
6,0.1,200,0,uniform,300,0.001310309120189378,0.00011212432058026685,0.0026568757723997027,1.0
6,0.1,200,1,complete_rollout,300,3.941444630569489e-05,3.0386952432618044e-06,-0.00020018366162330399,0.1345727906572134
6,0.1,200,1,tis,300,2.262128297348417e-05,2.4052707590462827e-06,-0.0003563932735020477,0.07723587322215969
6,0.1,200,1,uniform,300,0.0002928857023266478,2.3058872100077865e-05,3.5056763346667334e-05,1.0
6,0.1,200,2,complete_rollout,300,0.0006993977628110394,6.14262911510698e-05,-0.0014623332050499934,0.07809930653082522
6,0.1,200,2,tis,300,0.01038597574768756,0.0024339544977371756,-0.006185674560571487,1.1597656536392402
6,0.1,200,2,uniform,300,0.008955236529981123,0.0008316896182382789,0.00011557855788280798,1.0
6,0.1,200,3,complete_rollout,300,4.0906497758956283e-05,3.3257604024067716e-06,2.4889252067890054e-05,0.051181285639869165
6,0.1,200,3,tis,300,0.0006075290757654199,0.00011530075040760083,0.0031995553090850997,0.7601266513818764
6,0.1,200,3,uniform,300,0.0007992471710615055,5.45153365429031e-05,0.0014479642723443072,1.0
6,0.1,200,4,complete_rollout,300,0.00012644283298898922,9.90277259119472e-06,0.0002951434358010093,0.3052568750032513
6,0.1,200,4,tis,300,0.00036497675270032875,6.927134806026725e-05,0.0006100024476071594,0.8811227994855089
6,0.1,200,4,uniform,300,0.00041421780586479,3.203183754997244e-05,-0.00026789057251694006,1.0
6,0.1,200,5,complete_rollout,300,0.0011112111219531498,9.003966720085932e-05,0.0008745540411519774,0.11265598132254971
6,0.1,200,5,tis,300,0.02932758503003974,0.01175170339682236,0.0006967295004984771,2.973267461157524
6,0.1,200,5,uniform,300,0.009863756090957994,0.0014949298499113122,0.00843848355206537,1.0
6,0.1,200,6,complete_rollout,300,1.0053175082877175e-05,7.826506317811453e-07,-0.00043653544301919034,0.8826381079987453
6,0.1,200,6,tis,300,6.377711784311839e-07,1.507182921290319e-07,-1.1304438156211441e-05,0.05599436413132922
6,0.1,200,6,uniform,300,1.1389917330525531e-05,9.823441427983854e-07,8.047378214239249e-05,1.0
6,0.1,200,7,complete_rollout,300,7.959872660356802e-05,5.69573959419983e-06,0.00043420040042403555,0.22001929358539254
6,0.1,200,7,tis,300,5.797721508008055e-05,5.726529439145455e-06,0.0012232454672516679,0.16025515043096047
6,0.1,200,7,uniform,300,0.0003617806661699632,2.8248221385290672e-05,0.000443871027070147,1.0
6,0.1,200,8,complete_rollout,300,0.0006095538960707247,5.2132832714468765e-05,0.0016337124081605822,0.31995001676911605
6,0.1,200,8,tis,300,0.0010608913663043326,8.891112037133622e-05,0.005412676562025516,0.5568534835513518
6,0.1,200,8,uniform,300,0.0019051535056195793,0.0001677335963170798,0.008116967595132066,1.0
6,0.1,200,9,complete_rollout,300,0.0003166895297746322,2.468031705783266e-05,0.0009537096771523782,0.07034506137720499
6,0.1,200,9,tis,300,0.0017626476413069507,0.0002711274420446359,0.0015421569298291497,0.3915303313070103
6,0.1,200,9,uniform,300,0.004501944039489517,0.00045588214902072557,-0.001037926644162841,1.0
6,0.1,200,10,complete_rollout,300,2.9095855508913567e-05,2.367679650494747e-06,1.887332517391075e-05,0.03302448330763874
6,0.1,200,10,tis,300,0.0006627404456778795,0.00020321664708230415,0.0017618582300404709,0.7522260611612251
6,0.1,200,10,uniform,300,0.0008810389321725903,6.12925008717744e-05,0.0011777951461454728,1.0
6,0.1,200,11,complete_rollout,300,0.00020863511723830705,1.6307758353684243e-05,0.0002752601107668381,0.06459213999243232
6,0.1,200,11,tis,300,0.001534378623607926,0.0005071174345304094,0.0003806875769887645,0.4750341177907974
6,0.1,200,11,uniform,300,0.0032300387827799318,0.00030611022339682145,0.010076342731706293,1.0
6,0.1,200,12,complete_rollout,300,7.95354209850171e-06,6.404360502513009e-07,0.000167833344896066,0.28716548318347146
6,0.1,200,12,tis,300,4.35765117144173e-05,1.5493961441688215e-05,-0.0001627684585537666,1.5733455467945754
6,0.1,200,12,uniform,300,2.769672040779411e-05,3.4625132832878153e-06,0.00011472767674112798,1.0
6,0.1,200,13,complete_rollout,300,8.762764959535112e-05,7.374443452765979e-06,-0.001001168033957825,0.06994007175286597
6,0.1,200,13,tis,300,0.001383392399777195,0.00015305079183377962,0.0012051894818226778,1.10415564207852
6,0.1,200,13,uniform,300,0.0012528961924000365,0.0001135242031462517,-0.00011800794031508133,1.0
6,0.1,200,14,complete_rollout,300,6.378821287396961e-06,6.415951985986461e-07,2.047438055882959e-05,0.07528409009908313
6,0.1,200,14,tis,300,0.00011634023081607226,9.759693278967449e-05,0.002283370903564069,1.3730700429262954
6,0.1,200,14,uniform,300,8.473000442725211e-05,6.879979991442576e-05,0.0024228325334312234,1.0
6,0.1,200,15,complete_rollout,300,0.00044233820733666543,3.4392642595176775e-05,0.0012606026353080997,0.09815242300795886
6,0.1,200,15,tis,300,0.010135198220879937,0.0011134151580943267,0.040206134211370384,2.248944917137076
6,0.1,200,15,uniform,300,0.004506645824737283,0.00043421699058716955,0.019070560529293134,1.0
6,0.1,200,16,complete_rollout,300,0.0005110389690416644,4.500629281814969e-05,-0.0012471900592879643,0.1709462472799898
6,0.1,200,16,tis,300,0.00032536915544922174,2.8725129778619394e-05,0.002011496571955357,0.10883834594650926
6,0.1,200,16,uniform,300,0.0029894717033749373,0.00020799991968030449,0.003927724355773404,1.0
6,0.1,200,17,complete_rollout,300,8.185560570625038e-06,8.308821625965229e-07,0.0003557421217072454,0.018950488202716182
6,0.1,200,17,tis,300,0.00057035935960477,0.0003553411785293386,0.0009038830483186884,1.3204457070767996
6,0.1,200,17,uniform,300,0.0004319445748870891,0.0002537719339235841,0.0011448524437703686,1.0
6,0.1,200,18,complete_rollout,300,3.1881311317568514e-05,2.683540289411667e-06,-0.00027502782496136767,0.12521439153640504
6,0.1,200,18,tis,300,2.2560960518241998e-05,5.265981128898778e-06,-0.00026503552037327794,0.0886085555148357
6,0.1,200,18,uniform,300,0.0002546137942003199,2.7068387193276436e-05,-0.0021128063071532625,1.0
6,0.1,200,19,complete_rollout,300,5.604315464606026e-05,4.244151902897612e-06,-0.00012353278958329679,0.05251141198270616
6,0.1,200,19,tis,300,0.0013779643947226996,0.00026605347108811116,-0.0007970842510755231,1.2911274621452937
6,0.1,200,19,uniform,300,0.0010672566691696888,0.00010621106955481823,-0.00015535047660587627,1.0
6,0.1,200,20,complete_rollout,300,0.001517017599784407,0.00013438523449830052,0.003145493485450195,0.06391621140407754
6,0.1,200,20,tis,300,0.002158331418628862,0.0003050683930830973,0.005880861081747777,0.09093656346027244
6,0.1,200,20,uniform,300,0.023734473093122488,0.002825744051842678,0.03688642226519884,1.0
6,0.1,200,21,complete_rollout,300,3.857953858864397e-05,3.2884131385258937e-06,0.0003509749083467136,0.07959839649147256
6,0.1,200,21,tis,300,2.67532176707935e-05,2.6448091592465467e-06,-0.00021920238187758123,0.05519799628213596
6,0.1,200,21,uniform,300,0.0004846773338301737,4.981942930658751e-05,-0.0001321252694388105,1.0
6,0.1,200,22,complete_rollout,300,5.474942607757508e-06,4.17030867520616e-07,-0.00018270939158830342,0.08832234935047735
6,0.1,200,22,tis,300,7.711218115715476e-05,1.6349033503020252e-05,0.00035082380178690954,1.2439818078986473
6,0.1,200,22,uniform,300,6.198819039597839e-05,8.260688713497115e-06,-0.0001689355736419292,1.0
6,0.1,200,23,complete_rollout,300,1.0284226849947686e-05,1.1074806414913754e-06,0.00033339581751191374,0.05326089279932813
6,0.1,200,23,tis,300,0.00019326568709332622,6.787089690610342e-05,0.0003660668587180238,1.0009019824488317
6,0.1,200,23,uniform,300,0.0001930915219295276,4.853089320605228e-05,0.00011411142513816512,1.0
6,0.1,200,24,complete_rollout,300,0.0005353906164279774,4.3124974350149814e-05,0.0012344761437729193,0.13988462656880543
6,0.1,200,24,tis,300,0.006364696592409224,0.0018234240568546789,0.003912421517397727,1.6629413716530497
6,0.1,200,24,uniform,300,0.0038273728111547227,0.00032279044819101354,0.0008271094910598446,1.0
6,0.1,200,25,complete_rollout,300,2.108721912090487e-05,1.7377476390315808e-06,-0.00025841588475991275,0.1304752879117554
6,0.1,200,25,tis,300,7.745077123397063e-05,2.6284643096298522e-05,-0.0001614768613865906,0.47921974053571603
6,0.1,200,25,uniform,300,0.0001616184908146501,1.853765250953403e-05,-0.0010457500137158664,1.0
6,0.1,200,26,complete_rollout,300,5.5279657619602454e-05,4.015881059155699e-06,0.0003101037379007347,0.01416721706522894
6,0.1,200,26,tis,300,0.005236862913885211,0.0010914542806513513,-0.00021799319465777068,1.342117097620198
6,0.1,200,26,uniform,300,0.003901941882098857,0.0005137833910079388,0.0007726030699769707,1.0
6,0.1,200,27,complete_rollout,300,0.0005532677758401784,4.296212723278288e-05,0.0021135911650034195,0.03604674218507047
6,0.1,200,27,tis,300,0.004614098376226958,0.00038808998397654374,0.023221073190539954,0.3006197393871914
6,0.1,200,27,uniform,300,0.01534862077131969,0.0018335685935163281,0.008674057495320273,1.0
6,0.1,200,28,complete_rollout,300,0.002179553621255992,0.00017102621729200347,-0.0002795151742542723,0.13200359976849949
6,0.1,200,28,tis,300,0.001483958501125501,0.00031826634352211385,0.0018437612264222158,0.08987522130460388
6,0.1,200,28,uniform,300,0.016511319578241583,0.0014922728736942404,0.03226694143508962,1.0
6,0.1,200,29,complete_rollout,300,1.232595164407831e-32,0.0,-1.1102230246251565e-16,7.708506689382539e-30
6,0.1,200,29,tis,300,0.0011472722792602154,0.0002622777911367766,0.011210414725544581,0.7174907296889551
6,0.1,200,29,uniform,300,0.0015990064146997106,0.00030222377696310254,0.017761698275595095,1.0
6,0.1,200,30,complete_rollout,300,6.521315615627355e-05,4.6919457192287085e-06,0.0004375728639779819,0.4770352671399302
6,0.1,200,30,tis,300,0.0002750766577908495,3.5579208984940714e-05,-0.0016284308242111845,2.0121900957954706
6,0.1,200,30,uniform,300,0.00013670510473420486,1.0617618630917294e-05,0.00067545360968101,1.0
6,0.1,200,31,complete_rollout,300,0.0005123426107416944,5.748196929335531e-05,0.0031023461779070356,0.08684168045898367
6,0.1,200,31,tis,300,0.0021675539272363433,0.000358369302624387,0.02063705067509135,0.3673987319816638
6,0.1,200,31,uniform,300,0.005899731649984361,0.0007430330444003995,0.032788171634011154,1.0
6,0.1,200,32,complete_rollout,300,0.0014710141734548357,0.00012574735677977765,-0.0001086315020335434,0.032337093031931344
6,0.1,200,32,tis,300,0.0660508564903797,0.005630423873076465,0.18672317874114672,1.451986479607997
6,0.1,200,32,uniform,300,0.04548999416868669,0.006375984982040865,0.07255457618932164,1.0
6,0.1,200,33,complete_rollout,300,0.001270125926235235,0.00011467558279237718,-0.000150950978518134,0.08163629124226161
6,0.1,200,33,tis,300,0.06487416455028495,0.007741282830850924,0.0020806771535626096,4.16973315946989
6,0.1,200,33,uniform,300,0.015558349196266696,0.0014142943988907305,-0.010204046149237818,1.0
6,0.1,200,34,complete_rollout,300,0.0003228203271680567,2.3815522817198312e-05,-0.00046445009501490554,0.16617526505254515
6,0.1,200,34,tis,300,0.0013279934631109998,0.0003062538316206011,0.0013802804361374502,0.6835990399254951
6,0.1,200,34,uniform,300,0.0019426496901688698,0.00021663409862156938,0.004238155813630433,1.0
6,0.1,200,35,complete_rollout,300,0.0005293805331456104,4.0992916573726615e-05,-0.0014317388598986192,0.1312651091829701
6,0.1,200,35,tis,300,0.0008037506034022885,0.00016688278706049223,0.0009335688970628087,0.1992978662901827
6,0.1,200,35,uniform,300,0.004032911231633596,0.0003415603743614279,0.010152797923290964,1.0
6,0.1,200,36,complete_rollout,300,3.643353341333093e-07,3.1714079866220597e-08,-1.2761635964559184e-05,0.06255266371355264
6,0.1,200,36,tis,300,4.957099602585419e-05,2.805999848279425e-05,3.0601156969609634e-05,8.510834810264486
6,0.1,200,36,uniform,300,5.824457545112863e-06,2.706344331975997e-06,0.0001528392805934568,1.0
6,0.1,200,37,complete_rollout,300,1.6108699597952773e-05,1.653841759946288e-06,0.0005875806178270775,0.04058663690036182
6,0.1,200,37,tis,300,0.002931522774103522,0.0008629652046500702,0.018323948072011077,7.386111440851632
6,0.1,200,37,uniform,300,0.0003968966346607833,5.511635374933018e-05,0.00519982902977719,1.0
6,0.1,200,38,complete_rollout,300,2.081060931483721e-05,1.7156561925046365e-06,6.0895804112002236e-05,0.11691768919009529
6,0.1,200,38,tis,300,0.00032903863208428625,0.00015160886008184,0.0012687167002100627,1.848597315703614
6,0.1,200,38,uniform,300,0.00017799367622637027,2.6099571602926716e-05,-0.00040479937872740513,1.0
6,0.1,200,39,complete_rollout,300,0.00016444938743278412,1.3163740667061352e-05,-0.0006552299216700575,0.030845474851128072
6,0.1,200,39,tis,300,0.008004908506020748,0.0023907651890825144,0.01853745253902615,1.5014662435818835
6,0.1,200,39,uniform,300,0.005331394255607315,0.00043147165765780094,0.005446483334460992,1.0
6,0.1,200,40,complete_rollout,300,8.548647284465772e-05,6.6360681491712365e-06,0.00021214634514759022,0.03977195388212824
6,0.1,200,40,tis,300,0.007001912249136509,0.0005601125309246806,0.02678541284113883,3.2575882685604216
6,0.1,200,40,uniform,300,0.002149415970309459,0.0001583978377470381,0.0014413744986881527,1.0
6,0.1,200,41,complete_rollout,300,3.902024634712373e-06,3.0882063387901506e-07,7.103861338099963e-05,0.03646704262373826
6,0.1,200,41,tis,300,6.789802233076645e-06,1.9658605551216274e-06,0.00017197851652238564,0.063455265053346
6,0.1,200,41,uniform,300,0.00010700140055153103,1.3719071862205509e-05,-0.00019185111347810906,1.0
6,0.1,200,42,complete_rollout,300,4.2159005400373414e-05,3.3686663978662974e-06,-0.00014597209162639993,0.07618044823872777
6,0.1,200,42,tis,300,0.00026198621032139867,3.774585406953145e-05,0.0022057616477652703,0.4734036475744986
6,0.1,200,42,uniform,300,0.0005534097839416635,6.240709850269469e-05,0.0010320291361718592,1.0
6,0.1,200,43,complete_rollout,300,1.245010711228274e-06,1.18388322023249e-07,-2.4688470481440592e-05,0.8552643311639193
6,0.1,200,43,tis,300,1.2964881428935312e-06,1.6860129585455955e-07,5.312193678303748e-05,0.8906269274582015
6,0.1,200,43,uniform,300,1.4557028346241839e-06,2.2340066621710702e-07,6.424008154538882e-05,1.0
6,0.1,200,44,complete_rollout,300,5.69688795589829e-05,4.299899126337611e-06,-7.136648712651776e-05,0.2069552809076462
6,0.1,200,44,tis,300,0.00010359347837414652,2.1035153114700187e-05,0.0009963479026084269,0.3763320883803675
6,0.1,200,44,uniform,300,0.00027527144660978843,3.771385218393002e-05,0.0016923625016218788,1.0
6,0.1,200,45,complete_rollout,300,0.0002815664070882288,2.5475065613233758e-05,-0.000774122623607815,0.07205513733320125
6,0.1,200,45,tis,300,0.0006618824219886482,8.272154658063904e-05,-0.0004057234195781382,0.16938110376171264
6,0.1,200,45,uniform,300,0.003907652077411139,0.0003109139566265714,-0.004412468754868494,1.0
6,0.1,200,46,complete_rollout,300,2.1468987174608659e-07,1.8124394279761976e-08,3.762004326396729e-05,0.14522459271739666
6,0.1,200,46,tis,300,6.189486271384585e-07,3.951368321968763e-07,-1.6247837842547906e-05,0.418680963187137
6,0.1,200,46,uniform,300,1.478329997205553e-06,5.796305202071319e-07,-0.00010328489439709988,1.0
6,0.1,200,47,complete_rollout,300,0.00028021618638992613,2.2348148810866628e-05,0.0023023536824259773,0.06254770548434489
6,0.1,200,47,tis,300,0.0069804496592379296,0.0017444700160405189,0.007386581976654423,1.5581223735118466
6,0.1,200,47,uniform,300,0.00448003942302986,0.0003821622176690651,0.001000986754608011,1.0
6,0.1,200,48,complete_rollout,300,0.00012171737208858049,1.0811099079190243e-05,-0.0006450784915835151,0.0470698704791301
6,0.1,200,48,tis,300,0.0001516107242585748,3.3050750185584e-05,0.0013956740194878137,0.05863006267424788
6,0.1,200,48,uniform,300,0.0025858871258748776,0.0004071848132045968,-0.0003502978360369739,1.0
6,0.1,200,49,complete_rollout,300,3.8400006546397584e-05,3.059892595002985e-06,0.0002794701693390955,0.05000907213531873
6,0.1,200,49,tis,300,0.0031517983754615485,0.0006408725928007605,-0.00488727005166082,4.10464805843174
6,0.1,200,49,uniform,300,0.0007678608081847957,9.403476965980052e-05,0.0011474623908454646,1.0
6,0.1,400,0,complete_rollout,300,1.2300263961399668e-05,9.104234541785306e-07,3.611347425971504e-05,0.01696865126455745
6,0.1,400,0,tis,300,1.78823552841062e-05,5.362490379516543e-06,-6.779725291233755e-05,0.024669344621965773
6,0.1,400,0,uniform,300,0.0007248816520315507,6.352223227123285e-05,-0.00027432347042928443,1.0
6,0.1,400,1,complete_rollout,300,2.1741832956761305e-05,1.9210491522317778e-06,-0.00014489675585805864,0.15760319727246067
6,0.1,400,1,tis,300,8.646674342296787e-06,8.932790829063403e-07,-1.5297965046666324e-05,0.06267841008758816
6,0.1,400,1,uniform,300,0.00013795299418434094,1.006751611600175e-05,-0.0007546676220190089,1.0
6,0.1,400,2,complete_rollout,300,0.0003534774569269301,2.975801724829489e-05,-0.0019888257378070985,0.08604454447759449
6,0.1,400,2,tis,300,0.003752104701033017,0.001359813494504613,-0.0007527054762182287,0.9133485983502622
6,0.1,400,2,uniform,300,0.00410807517284229,0.0003409887627995515,0.003339547487826846,1.0
6,0.1,400,3,complete_rollout,300,2.0184772522931986e-05,1.583729851303943e-06,-0.0006689782058942484,0.043145190401220446
6,0.1,400,3,tis,300,0.00014187524163583324,4.587692420168141e-05,-0.0003329632505556705,0.3032600098238823
6,0.1,400,3,uniform,300,0.0004678336643140882,3.455932853132995e-05,0.0011138864869225766,1.0
6,0.1,400,4,complete_rollout,300,6.349663209909163e-05,4.733627687045838e-06,0.000681962500167043,0.2711949453652318
6,0.1,400,4,tis,300,4.7683831520901055e-05,7.2499829450642385e-06,0.0005628007352027086,0.20365826747999563
6,0.1,400,4,uniform,300,0.00023413648810296792,1.9674796568939558e-05,0.0009596226936192102,1.0
6,0.1,400,5,complete_rollout,300,0.0005105840649751122,4.278940468641357e-05,0.002131914434846139,0.10405347089608794
6,0.1,400,5,tis,300,0.009409832218624025,0.004755928027498446,0.005743417901528803,1.917658168484737
6,0.1,400,5,uniform,300,0.004906939293596486,0.00041562444404785883,0.001993968618262052,1.0
6,0.1,400,6,complete_rollout,300,4.697103165144472e-06,3.8822327595140333e-07,-8.487897283340058e-05,0.7134485049934052
6,0.1,400,6,tis,300,2.071863848463621e-07,1.904999690243035e-08,-7.746970198111806e-06,0.03146978282710953
6,0.1,400,6,uniform,300,6.583661094346102e-06,5.547017113294552e-07,0.0002388234042062898,1.0
6,0.1,400,7,complete_rollout,300,4.709490241884942e-05,3.8996519277292605e-06,-0.00014009347802414882,0.2788639406751334
6,0.1,400,7,tis,300,2.8722696265964857e-05,3.984596516651512e-06,-0.0004638157568046308,0.1700762472402122
6,0.1,400,7,uniform,300,0.0001688812913739654,1.4226693535053431e-05,-0.0009336999170362843,1.0
6,0.1,400,8,complete_rollout,300,0.00027383821790686274,2.29423326158846e-05,0.001335443978174289,0.24443645428772495
6,0.1,400,8,tis,300,0.0003279716820941022,3.29409427856595e-05,0.0013450832604668284,0.2927576570233521
6,0.1,400,8,uniform,300,0.0011202838737978465,0.00011069969347610016,0.0029946273988269673,1.0
6,0.1,400,9,complete_rollout,300,0.00015245659368055692,1.163757887697794e-05,0.00010789023423419438,0.07813005705980228
6,0.1,400,9,tis,300,0.00042456824562807816,6.966583089382784e-05,0.0017635877094591068,0.21758023353326647
6,0.1,400,9,uniform,300,0.0019513180895780438,0.00016465703685619658,0.0025753820222837107,1.0
6,0.1,400,10,complete_rollout,300,1.7767738729936317e-05,1.552597341992432e-06,-0.00029791972900780725,0.03548800223253772
6,0.1,400,10,tis,300,0.0004983417741300384,0.00026771345433045264,0.00045961516669085954,0.9953519838231547
6,0.1,400,10,uniform,300,0.0005006688912357454,3.249954291458612e-05,0.001552973780346266,1.0
6,0.1,400,11,complete_rollout,300,9.486708997180191e-05,8.578012434129701e-06,0.0001913314739201984,0.06459267176940935
6,0.1,400,11,tis,300,0.00030181933803245055,5.700069752679616e-05,0.001236076116422234,0.20550137503938648
6,0.1,400,11,uniform,300,0.0014686974137015079,0.00012041719591291117,0.003925373028458442,1.0
6,0.1,400,12,complete_rollout,300,4.180193696601583e-06,3.6040071712831276e-07,3.8087707402366295e-05,0.2538122394686681
6,0.1,400,12,tis,300,2.3602975567997515e-05,1.2582106098975775e-05,-6.531265687997964e-05,1.4331211713725254
6,0.1,400,12,uniform,300,1.646963009093818e-05,1.7361907443060162e-06,-0.00041994564494095775,1.0
6,0.1,400,13,complete_rollout,300,4.551028761570643e-05,4.039489755999002e-06,0.0001700229394088204,0.06976930747822103
6,0.1,400,13,tis,300,0.000650984298333089,5.565546662874886e-05,-0.0016532779770447536,0.9979880605768887
6,0.1,400,13,uniform,300,0.0006522966797386197,4.9793919302117384e-05,-0.0016865840048154175,1.0
6,0.1,400,14,complete_rollout,300,3.615013210435954e-06,3.5113890458450673e-07,4.660667836955253e-05,0.016354117126763507
6,0.1,400,14,tis,300,0.00026735363499543976,7.075320695195147e-05,-0.0005518393605623947,1.2094928583826996
6,0.1,400,14,uniform,300,0.00022104606335000411,5.5828304235332e-05,-0.00032532225590503394,1.0
6,0.1,400,15,complete_rollout,300,0.00021811868448236646,1.8423959104265107e-05,0.0004211819419474505,0.09246731256250215
6,0.1,400,15,tis,300,0.004641536891908543,0.0007190535330211845,0.019467343727547805,1.967692238622452
6,0.1,400,15,uniform,300,0.0023588734055067493,0.00021268099208847732,0.009552455840253948,1.0
6,0.1,400,16,complete_rollout,300,0.00021640709462287153,1.6312328950027627e-05,0.0004547002583293554,0.14158468674158825
6,0.1,400,16,tis,300,0.00012559969728609353,1.0849525123594855e-05,0.00015478440608387138,0.08217380223176114
6,0.1,400,16,uniform,300,0.0015284639857829016,0.00011957121267243492,-0.001140463809322436,1.0
6,0.1,400,17,complete_rollout,300,4.417640438041779e-06,3.542155531120416e-07,-1.7833729119226167e-05,0.011777112184662923
6,0.1,400,17,tis,300,0.00044780615175872573,0.00014951626084353724,-0.000947724482869532,1.1938190443997438
6,0.1,400,17,uniform,300,0.000375103876805621,0.00011682061570567997,-0.0007031290815739663,1.0
6,0.1,400,18,complete_rollout,300,1.607186884334091e-05,1.4696353876041628e-06,0.00013893707960674462,0.15059485417562732
6,0.1,400,18,tis,300,8.87509957156136e-06,1.8213660497274558e-06,-5.003450396472727e-05,0.0831604798919964
6,0.1,400,18,uniform,300,0.00010672256320655893,1.0922022831989171e-05,-0.0015187699442530949,1.0
6,0.1,400,19,complete_rollout,300,2.8712164011701104e-05,2.4311904037008166e-06,0.00034315463638551425,0.04428513231495273
6,0.1,400,19,tis,300,0.003014564766444633,0.00110402535341242,-0.003892536059761356,4.64961120658093
6,0.1,400,19,uniform,300,0.0006483477074766815,5.2474648653989645e-05,-0.00028872944374721247,1.0
6,0.1,400,20,complete_rollout,300,0.0008090226868145961,6.327497990127761e-05,-4.452129028842104e-05,0.07272506213670422
6,0.1,400,20,tis,300,0.0005635989320279154,8.67135590680921e-05,0.000583386243508602,0.050663310213578054
6,0.1,400,20,uniform,300,0.011124400076741682,0.0011430081517273482,0.012357792133762556,1.0
6,0.1,400,21,complete_rollout,300,1.9135103530380685e-05,1.5867869464689315e-06,-0.00023608594083108041,0.08036052018091988
6,0.1,400,21,tis,300,1.2872969210072764e-05,3.389865819845405e-06,-6.98768622854266e-05,0.05406181891579408
6,0.1,400,21,uniform,300,0.0002381157250762043,2.5786197049407204e-05,-0.0002498825771361683,1.0
6,0.1,400,22,complete_rollout,300,3.214833640644486e-06,2.505326284211351e-07,1.893059326966225e-05,0.0983575235275348
6,0.1,400,22,tis,300,3.908973226855797e-05,2.7122272182760914e-05,0.0003501340819494603,1.1959465686438928
6,0.1,400,22,uniform,300,3.2685182844650475e-05,3.0844562706878596e-06,-0.00044815512694912276,1.0
6,0.1,400,23,complete_rollout,300,6.6540628555824436e-06,6.037328971676408e-07,0.00021970811068222333,0.0698558485218531
6,0.1,400,23,tis,300,9.33088955297417e-05,1.8258930066753224e-05,-0.0008946592938636296,0.9795777727585809
6,0.1,400,23,uniform,300,9.52541984154819e-05,1.618388971289481e-05,-0.0003795914320399955,1.0
6,0.1,400,24,complete_rollout,300,0.0002885377447248168,2.3684098387320988e-05,0.00014467384559614012,0.16936381185091104
6,0.1,400,24,tis,300,0.0020047702589151128,0.00028769041417072555,0.0005810025112649023,1.1767456394969122
6,0.1,400,24,uniform,300,0.001703656416158212,0.00012451810061599178,0.0009553314149314855,1.0
6,0.1,400,25,complete_rollout,300,8.443607478054713e-06,7.272225962648381e-07,3.1542718749003976e-05,0.12239110494917894
6,0.1,400,25,tis,300,1.258322422002464e-05,4.55769363524699e-06,-0.0001714590255016546,0.18239534702611465
6,0.1,400,25,uniform,300,6.898873477415531e-05,5.379059912063779e-06,-0.0003872547342827263,1.0
6,0.1,400,26,complete_rollout,300,2.9305287521599846e-05,2.3819346057004192e-06,0.00036810766995696594,0.014992277343888447
6,0.1,400,26,tis,300,0.0026659468428245686,0.0007867235055625695,-0.0008464077293699764,1.3638704081040092
6,0.1,400,26,uniform,300,0.001954692195815471,0.00018234417188039897,-0.00045110864288995837,1.0
6,0.1,400,27,complete_rollout,300,0.00024309290108266013,1.8114725489407708e-05,0.001124831716468299,0.03985286354421476
6,0.1,400,27,tis,300,0.006206110905040689,0.004583466394006638,0.004278888953753285,1.0174352683164056
6,0.1,400,27,uniform,300,0.006099759953584282,0.0007842074707495199,0.015672763666451935,1.0
6,0.1,400,28,complete_rollout,300,0.0011460870977010502,8.831726984424636e-05,0.0016609056290087436,0.09607528050999523
6,0.1,400,28,tis,300,0.00020629675416479102,1.676326765747862e-05,-0.000757534471965892,0.017293640740255287
6,0.1,400,28,uniform,300,0.011929052838745723,0.0009067086194204739,0.031450855507434934,1.0
6,0.1,400,29,complete_rollout,300,1.232595164407831e-32,0.0,-1.1102230246251565e-16,3.5493021762264115e-29
6,0.1,400,29,tis,300,0.0003327747570426912,7.261947990088366e-05,0.006169447230128793,0.9582369000549158
6,0.1,400,29,uniform,300,0.00034727816996362815,8.114383869878709e-05,0.0067390389380677426,1.0
6,0.1,400,30,complete_rollout,300,3.7359835024879496e-05,3.1710504882510207e-06,8.783968206506287e-05,0.4845127346832275
6,0.1,400,30,tis,300,0.00015843943985026357,2.9937473000630767e-05,-0.0004755025383908625,2.0547715543285525
6,0.1,400,30,uniform,300,7.710805588898548e-05,6.235403863059316e-06,-0.0003717320653523585,1.0
6,0.1,400,31,complete_rollout,300,0.00028589496497813545,2.640518120321185e-05,0.0013329026493141545,0.07759785623059369
6,0.1,400,31,tis,300,0.0017699418272809002,0.0003111118270760518,0.013768134712925135,0.4803991265126383
6,0.1,400,31,uniform,300,0.0036843152487171242,0.00042859846406409177,0.02109635806793403,1.0
6,0.1,400,32,complete_rollout,300,0.0006067377016440827,5.2116671305315285e-05,-2.246208170651798e-05,0.03899613437510519
6,0.1,400,32,tis,300,0.05147580949224261,0.004701202155639262,0.14643216808797505,3.308443794719618
6,0.1,400,32,uniform,300,0.015558919143314342,0.002285071381285864,0.025957608579465805,1.0
6,0.1,400,33,complete_rollout,300,0.0005868788706376284,4.9975392646553565e-05,-0.000346607399858585,0.06373630863542383
6,0.1,400,33,tis,300,0.022524748893739472,0.0037175847254765906,-0.000994312035308913,2.4462362154340487
6,0.1,400,33,uniform,300,0.009207920621738808,0.000868598879235598,-0.005791070114646578,1.0
6,0.1,400,34,complete_rollout,300,0.00012890224468524054,9.94899143779932e-06,0.00037199713361809087,0.11863247996528156
6,0.1,400,34,tis,300,0.0007410479025968406,0.00021078520799354118,0.0010211848821358178,0.6820079097365763
6,0.1,400,34,uniform,300,0.0010865679004853012,0.00012385723109516493,0.000652431404859198,1.0
6,0.1,400,35,complete_rollout,300,0.00030271674948678326,2.5285608681528258e-05,0.0002562121969941115,0.1397902272949205
6,0.1,400,35,tis,300,0.0002766763207546777,2.249436840065751e-05,5.867679369863987e-05,0.1277651330195304
6,0.1,400,35,uniform,300,0.0021655072414191786,0.000198618438658562,3.4016978922393194e-05,1.0
6,0.1,400,36,complete_rollout,300,1.6767424506525972e-07,1.3585134436242909e-08,-1.4135413303003237e-05,0.04845021682809017
6,0.1,400,36,tis,300,0.0001374030265354938,0.00010842495749783708,-0.0006134455658497965,39.70321396639944
6,0.1,400,36,uniform,300,3.460753244102028e-06,9.643236393671809e-07,-4.54756189655144e-05,1.0
6,0.1,400,37,complete_rollout,300,6.1771016857747605e-06,4.892563353683412e-07,0.00029028299049312296,0.03887796399468741
6,0.1,400,37,tis,300,0.0014171517865177608,0.0004822143848948219,0.010168146629147091,8.919389534759466
6,0.1,400,37,uniform,300,0.00015888439236732787,1.993943572811976e-05,0.0017731965735066236,1.0
6,0.1,400,38,complete_rollout,300,1.343414468458478e-05,1.2094563254027005e-06,-0.0003108483435963779,0.14986139818021332
6,0.1,400,38,tis,300,0.0008235446528345653,0.00032734640868666145,-0.001190352311462617,9.186856032542492
6,0.1,400,38,uniform,300,8.964379651943307e-05,9.855052530880709e-06,-0.00044316583350376246,1.0
6,0.1,400,39,complete_rollout,300,7.62045020739439e-05,5.569660794911932e-06,0.00048402836068102363,0.024869477923760073
6,0.1,400,39,tis,300,0.007139773596283906,0.0022913854608108335,0.01922723560941674,2.3300781056364968
6,0.1,400,39,uniform,300,0.00306417779687843,0.00036648329188551947,0.00037701644546562845,1.0
6,0.1,400,40,complete_rollout,300,4.768240070220046e-05,3.657548021134564e-06,-0.00034991175647526183,0.03445325652229041
6,0.1,400,40,tis,300,0.002519662025756075,0.00037430015070553387,0.006870020718114068,1.8205996519559007
6,0.1,400,40,uniform,300,0.0013839736940788492,9.947014562793337e-05,-0.0010350010693807373,1.0
6,0.1,400,41,complete_rollout,300,2.179900997024518e-06,1.9067434001261885e-07,-0.0001051406981429892,0.05088231423280586
6,0.1,400,41,tis,300,6.383222773324161e-06,2.52869269639168e-06,-7.836869337750703e-05,0.14899444856147723
6,0.1,400,41,uniform,300,4.284201750436596e-05,5.092152836839936e-06,-0.00024381417880358155,1.0
6,0.1,400,42,complete_rollout,300,2.3483266171072696e-05,2.4147739185667826e-06,-0.00011504683732505757,0.10025866383797216
6,0.1,400,42,tis,300,6.323577428474336e-05,1.2204262671823849e-05,0.0004717778089616176,0.26997668000534214
6,0.1,400,42,uniform,300,0.00023422680167595249,1.7522618168714194e-05,0.00047573384548371455,1.0
6,0.1,400,43,complete_rollout,300,4.848136053969787e-07,3.270737189816377e-08,2.2355771254577068e-05,0.21951086628300506
6,0.1,400,43,tis,300,1.910702847033477e-06,1.2931183652388508e-06,-6.0038280113869915e-05,0.865116062116883
6,0.1,400,43,uniform,300,2.2086086835078646e-06,1.1209774385153978e-06,-9.901737163190353e-05,1.0
6,0.1,400,44,complete_rollout,300,2.9600456421562062e-05,3.1583208413803343e-06,-0.00026716944471647224,0.18439334745906696
6,0.1,400,44,tis,300,4.990012665819159e-05,1.3516192446975908e-05,0.0002529378274957124,0.31084829443483997
6,0.1,400,44,uniform,300,0.00016052887389623964,2.4326409620818768e-05,0.00030513291255236387,1.0
6,0.1,400,45,complete_rollout,300,0.00014629999096874585,1.2975592872788446e-05,0.0004978730779957837,0.08946255889874322
6,0.1,400,45,tis,300,0.0002715526678680407,3.1599684974475124e-05,0.0007393277850024512,0.1660546687828938
6,0.1,400,45,uniform,300,0.0016353208847327202,0.00012767675022828674,-0.0020215428509719135,1.0
6,0.1,400,46,complete_rollout,300,1.1728863603005757e-07,9.690244807505704e-09,3.9085405757948165e-05,0.2836498655117476
6,0.1,400,46,tis,300,4.778554647961633e-08,5.171865350091133e-09,1.763183197536655e-05,0.1155641696513118
6,0.1,400,46,uniform,300,4.134979433833011e-07,1.3580175863819116e-07,-2.7775635137845164e-05,1.0
6,0.1,400,47,complete_rollout,300,0.00013467015434764898,1.0546593848747714e-05,-0.0006526108435904169,0.0819771680036864
6,0.1,400,47,tis,300,0.00685040540509076,0.0012206343285747021,-0.010456288294096642,4.170017013099907
6,0.1,400,47,uniform,300,0.0016427763684345993,0.000137679286062018,-0.0009628484617122593,1.0
6,0.1,400,48,complete_rollout,300,5.335078534953038e-05,3.6780867858894966e-06,6.082936153819792e-05,0.05153363263159024
6,0.1,400,48,tis,300,7.542724311265549e-05,8.937894540519659e-06,0.0004329884575821434,0.07285815591120345
6,0.1,400,48,uniform,300,0.0010352614908972324,0.00010857013223404548,0.0001753079889766873,1.0
6,0.1,400,49,complete_rollout,300,2.0331359966204216e-05,1.521893292032349e-06,4.3968099514183714e-05,0.06307604011380029
6,0.1,400,49,tis,300,0.0012143640838252554,0.0002567059648275897,-0.0005425437219540541,3.7674448630806743
6,0.1,400,49,uniform,300,0.0003223309505403773,4.001797498415237e-05,0.00335429144520709,1.0
6,0.2,50,0,complete_rollout,300,2.632715234714117e-05,2.0070917329632762e-06,-0.00039399257167380537,0.024572299469451473
6,0.2,50,0,tis,300,0.00046454719288005784,0.00017203611494241868,0.0018510581702095674,0.43358250792290326
6,0.2,50,0,uniform,300,0.0010714158998375934,0.00011292169560792326,0.0023578648707463638,1.0
6,0.2,50,1,complete_rollout,300,0.00016180611543382904,1.342165589524069e-05,0.001477936225195,0.08565638037768894
6,0.2,50,1,tis,300,0.00034410491034595083,7.182738627487643e-05,-0.0004320678254077729,0.1821611068988124
6,0.2,50,1,uniform,300,0.00188901416007038,0.00015018154894293675,0.0008339052894106717,1.0
6,0.2,50,2,complete_rollout,300,0.0006962107944581511,4.8556267751778344e-05,0.00152458178771123,0.06140644054013495
6,0.2,50,2,tis,300,0.011834340711288097,0.0031773196688250995,-0.004306401145023955,1.0437998735497813
6,0.2,50,2,uniform,300,0.011337748749711541,0.0010757198960302495,-0.00872877914344352,1.0
6,0.2,50,3,complete_rollout,300,4.4261280919761196e-05,3.5819784207992525e-06,0.0006161213680710808,0.03399598634040822
6,0.2,50,3,tis,300,0.001605629266563452,0.0003071993335845108,0.003124705551138103,1.233243807670293
6,0.2,50,3,uniform,300,0.0013019560743602096,0.0001145508704406064,-0.0005441434272742019,1.0
6,0.2,50,4,complete_rollout,300,0.00022734294673066137,1.7948954248946176e-05,0.0006535913190980643,0.1836314183906229
6,0.2,50,4,tis,300,0.0017895537334216593,0.000344458543936084,0.003781983684807647,1.4454738758347139
6,0.2,50,4,uniform,300,0.0012380394854166774,9.518958061282091e-05,0.0010736114933763933,1.0
6,0.2,50,5,complete_rollout,300,0.001247471755567525,0.00010520308990436744,0.0010901179111919537,0.11573668012065343
6,0.2,50,5,tis,300,0.022379783131399496,0.009082915971335708,-0.008756450543291132,2.0763290149763836
6,0.2,50,5,uniform,300,0.01077853411958126,0.0014743749357506032,0.009695167032635272,1.0
6,0.2,50,6,complete_rollout,300,4.0448185669443365e-05,4.991960158360883e-06,0.0016889735024635576,0.041470024289310174
6,0.2,50,6,tis,300,0.00020280355073341267,0.00018213580523416325,0.0022303500336492378,0.20792695730791505
6,0.2,50,6,uniform,300,0.0009753595847270768,0.00016922952990604695,0.015136495493115444,1.0
6,0.2,50,7,complete_rollout,300,0.00016151863106093922,1.2247834798318681e-05,0.0010832406510292922,0.17626337894274824
6,0.2,50,7,tis,300,0.00026911676575536414,4.626101064476799e-05,0.002280901472126362,0.29368395553258303
6,0.2,50,7,uniform,300,0.0009163482059049927,7.420324350650736e-05,0.0050005307246980156,1.0
6,0.2,50,8,complete_rollout,300,0.0006418955557932612,5.3517112396747064e-05,-0.0032408843726200232,0.1869280382609112
6,0.2,50,8,tis,300,0.0031250269572423504,0.0003919537180981473,0.0031406022356497707,0.9100470526047995
6,0.2,50,8,uniform,300,0.0034339180026985226,0.0004387141599817369,0.003525267947408038,1.0
6,0.2,50,9,complete_rollout,300,0.0003370024166548835,3.1072352335949265e-05,0.00016595956234383074,0.08203792078822036
6,0.2,50,9,tis,300,0.003948612852827483,0.0005874919204887698,-0.004620302782851133,0.9612274940311344
6,0.2,50,9,uniform,300,0.004107885882735254,0.00038330639400705217,-0.002229488127125599,1.0
6,0.2,50,10,complete_rollout,300,3.111736692944576e-05,3.1977236828974382e-06,-0.0007012551657203195,0.030813176264030503
6,0.2,50,10,tis,300,0.0007156012946303719,6.867887171167728e-05,0.004322464752491242,0.7086058687487673
6,0.2,50,10,uniform,300,0.0010098720970148848,0.00011588937545051341,0.0026473529405701525,1.0
6,0.2,50,11,complete_rollout,300,0.0010749462244077322,8.345535124018712e-05,0.0028982893216030862,0.06609079263468265
6,0.2,50,11,tis,300,0.01529500147563246,0.0015261013733923407,0.02482187782074611,0.9403807817736624
6,0.2,50,11,uniform,300,0.016264689551379805,0.0011661583556481544,0.009680906920797424,1.0
6,0.2,50,12,complete_rollout,300,0.0008962652784049319,6.518677571214756e-05,0.001624783200722586,0.10232027909815697
6,0.2,50,12,tis,300,0.004042984050441524,0.0006805054901489947,0.014439309873336711,0.46155894510026296
6,0.2,50,12,uniform,300,0.008759410024137392,0.0008933400618435452,0.037702292475704585,1.0
6,0.2,50,13,complete_rollout,300,0.00010039581224171771,9.565840349951356e-06,0.00023772081637564834,0.08047509038973935
6,0.2,50,13,tis,300,0.0013780377587859429,0.0002626853785540071,0.0022744935241159193,1.1046049702926852
6,0.2,50,13,uniform,300,0.001247538980764143,0.00021431339353947005,0.0008929089313767309,1.0
6,0.2,50,14,complete_rollout,300,6.564835397932065e-06,7.534503848549874e-07,-0.00010576302159911381,0.006243176285457394
6,0.2,50,14,tis,300,0.0019318040987735435,0.0009606863487807378,-0.0035517784155673425,1.837150942339162
6,0.2,50,14,uniform,300,0.0010515217091056567,0.0005212955915643939,-0.0022226193426563836,1.0
6,0.2,50,15,complete_rollout,300,0.0006034898266456814,5.3866331429759216e-05,-0.0017398795390828824,0.0771626402353936
6,0.2,50,15,tis,300,0.013001229572333272,0.0010609521092028046,0.005740852357094457,1.6623464983390892
6,0.2,50,15,uniform,300,0.007821010592751435,0.0006149818758259854,-0.0002884134515574743,1.0
6,0.2,50,16,complete_rollout,300,0.002183403603099795,0.00018462683132266215,0.0060369840795338504,0.12917008741937058
6,0.2,50,16,tis,300,0.0043691267794810675,0.0007956751525291636,-0.005622756772361245,0.25847740071998393
6,0.2,50,16,uniform,300,0.016903322175598125,0.0015019847739079814,-0.008986957158858893,1.0
6,0.2,50,17,complete_rollout,300,7.368561371191567e-06,9.462222532897116e-07,0.00030067229619256487,0.005290845402626367
6,0.2,50,17,tis,300,0.002495037280898972,0.0014356366001150032,-0.0030717100934326068,1.7915106982261602
6,0.2,50,17,uniform,300,0.0013927001850278645,0.0007976786213557527,-0.0019836034545007027,1.0
6,0.2,50,18,complete_rollout,300,0.00021230089408415262,2.040502953367161e-05,0.002024450941015763,0.05424066629421553
6,0.2,50,18,tis,300,0.001834517398630964,0.00046737746870828046,0.007232487101417107,0.46870007994705926
6,0.2,50,18,uniform,300,0.003914053948610756,0.0003829423863115279,0.01867094714756944,1.0
6,0.2,50,19,complete_rollout,300,5.267307177794648e-05,5.4119563876882375e-06,0.0004094476899320654,0.04444010449155914
6,0.2,50,19,tis,300,0.0023684156029125307,0.0007279725237338753,0.005258517856858814,1.9982247725476263
6,0.2,50,19,uniform,300,0.0011852598543721042,0.0001968273476806962,0.0022898787240571306,1.0
6,0.2,50,20,complete_rollout,300,0.03535027387133669,0.002500251422950039,0.021503409367045274,0.09167486464336423
6,0.2,50,20,tis,300,0.1056104644767323,0.012326186829953388,-0.012384020336795126,0.27388260331633923
6,0.2,50,20,uniform,300,0.3856048657269054,0.028647178147347782,0.10291722859891134,1.0
6,0.2,50,21,complete_rollout,300,0.00021939396481710795,1.757621513858844e-05,0.00010346252688641755,0.04730520535968644
6,0.2,50,21,tis,300,0.0028617302531761916,0.0004905587402270282,0.0038238545816094613,0.6170394770128651
6,0.2,50,21,uniform,300,0.004637839813799345,0.00033746552301573587,0.011065403520328084,1.0
6,0.2,50,22,complete_rollout,300,3.424152696329718e-05,2.7227768942423635e-06,0.0010629701544896664,0.08879257913676793
6,0.2,50,22,tis,300,0.0004860597987418069,0.0001568294076699717,0.0026152910045169086,1.260414092842417
6,0.2,50,22,uniform,300,0.0003856350079723969,3.4046037172742036e-05,0.004107028077772732,1.0
6,0.2,50,23,complete_rollout,300,1.437526144533414e-05,1.5922664782276364e-06,-0.0004409618274360638,0.12029184683879739
6,0.2,50,23,tis,300,6.639466186303321e-05,3.0706842927246185e-05,0.001134898909587354,0.5555889557983681
6,0.2,50,23,uniform,300,0.0001195032067684385,5.522686751670345e-05,0.000608922086593664,1.0
6,0.2,50,24,complete_rollout,300,0.0006834465768169958,6.333045865017419e-05,0.001358289214874208,0.2063158516533546
6,0.2,50,24,tis,300,0.00652112922106726,0.0011438030230718444,0.012478836495816704,1.9685698555284812
6,0.2,50,24,uniform,300,0.00331262271580228,0.00029559475809188944,0.007576993330800073,1.0
6,0.2,50,25,complete_rollout,300,1.9264126981322298e-05,1.3514851828613e-06,-0.00014735271774472204,0.12029388125484851
6,0.2,50,25,tis,300,0.0008190246981019927,0.00032362271706998924,-0.002673157801408698,5.114358925986822
6,0.2,50,25,uniform,300,0.0001601422015847198,1.7995062802760357e-05,-0.0009593728727459864,1.0
6,0.2,50,26,complete_rollout,300,5.580670866213454e-05,4.162969079223774e-06,0.0007185712653003052,0.013357016371629967
6,0.2,50,26,tis,300,0.005839002963336621,0.0013783229729173523,-0.0019356965200838636,1.3975319463375078
6,0.2,50,26,uniform,300,0.004178081924093981,0.0009241179524944409,-0.0003165918224110431,1.0
6,0.2,50,27,complete_rollout,300,0.00047906817526418725,3.633874727859831e-05,0.0016623376392303957,0.043552164151855914
6,0.2,50,27,tis,300,0.017038990063862405,0.008830811549843016,0.008184257658966044,1.5490173018358957
6,0.2,50,27,uniform,300,0.010999870720403052,0.00146269927128552,0.0012064425934079815,1.0
6,0.2,50,28,complete_rollout,300,0.002335980323112148,0.00018342709435002018,0.001714970328598399,0.07261006603148597
6,0.2,50,28,tis,300,0.010524748485452765,0.0016137400555625973,0.005069096929301448,0.327144314929582
6,0.2,50,28,uniform,300,0.0321715769009106,0.0023964880391660523,-0.004589635701840079,1.0
6,0.2,50,29,complete_rollout,300,0.0007597202122834858,6.416077264804127e-05,0.0016345911498836737,0.08975781988708464
6,0.2,50,29,tis,300,0.003248649724510079,0.0005035215884040133,-0.0006815752020198917,0.38381460981848514
6,0.2,50,29,uniform,300,0.008464111686750124,0.0006627535804779578,-0.0021910802183485742,1.0
6,0.2,50,30,complete_rollout,300,0.00010356211850977676,7.770920167937396e-06,9.986719089482676e-05,0.23476325688329205
6,0.2,50,30,tis,300,0.00036910632471732926,0.00011007371345400498,0.0015653509523349976,0.836721034426133
6,0.2,50,30,uniform,300,0.00044113427239280735,5.741257465327279e-05,0.0065017610361425004,1.0
6,0.2,50,31,complete_rollout,300,0.0009493460572894877,7.790238949456482e-05,0.0010269457193210114,0.08864821146632379
6,0.2,50,31,tis,300,0.004260873185314098,0.0006175399476085418,0.00452507592926025,0.397872603212101
6,0.2,50,31,uniform,300,0.010709139435375195,0.0008724949200031461,0.0006287769558928872,1.0
6,0.2,50,32,complete_rollout,300,0.009298513846420685,0.0006582007339611301,-0.0023036447520516632,0.05857302779582885
6,0.2,50,32,tis,300,0.1420522628416247,0.00989678802493391,0.14160038116160054,0.8948130074663153
6,0.2,50,32,uniform,300,0.1587507799465825,0.010036345885474605,0.04902896394764337,1.0
6,0.2,50,33,complete_rollout,300,0.0010527064359701107,7.908961837217383e-05,0.00016120640423556172,0.06027875426914432
6,0.2,50,33,tis,300,0.06807513687074461,0.011983207474790106,0.012643296915993292,3.898033019517409
6,0.2,50,33,uniform,300,0.017463971323458047,0.0013763269790618533,0.009859049187960172,1.0
6,0.2,50,34,complete_rollout,300,0.00027731742687128194,2.0658892110503276e-05,-0.0005593823112857773,0.13194420597591938
6,0.2,50,34,tis,300,0.0008811659756419095,0.0002732488192381386,0.005825170712384428,0.41924788608049807
6,0.2,50,34,uniform,300,0.0021017779812316584,0.00038715486386078874,0.0037380770594011444,1.0
6,0.2,50,35,complete_rollout,300,0.001446812588720897,0.0001146555778775812,-0.0010098630658559316,0.16019256370942797
6,0.2,50,35,tis,300,0.0020980546877661208,0.00018079630891665026,0.002341410519028743,0.23229875234426342
6,0.2,50,35,uniform,300,0.009031708808564042,0.000809093923189303,0.006947188839634113,1.0
6,0.2,50,36,complete_rollout,300,7.247932488708977e-07,1.7912349586850277e-07,0.00011873072339411372,0.010997169500323652
6,0.2,50,36,tis,300,0.00010227235935066424,5.847999299685374e-05,-0.00032619918846562196,1.5517617923861227
6,0.2,50,36,uniform,300,6.590725448485328e-05,1.0684953044850557e-05,0.003592352630094311,1.0
6,0.2,50,37,complete_rollout,300,0.0005727042525010706,5.196675417967429e-05,-0.0005570165557954713,0.0909405469537419
6,0.2,50,37,tis,300,0.006275283446633617,0.002400462638874427,0.010067363158336012,0.9964614483555926
6,0.2,50,37,uniform,300,0.006297567715228105,0.0005960137938938425,0.01650039086449988,1.0
6,0.2,50,38,complete_rollout,300,2.126233042870034e-05,2.149694495522897e-06,-0.00034286068443680097,0.1009464982001553
6,0.2,50,38,tis,300,0.0018688176351921281,0.0007084059110036336,0.007312398100272676,8.872526775931208
6,0.2,50,38,uniform,300,0.00021062969798656798,4.94618618520973e-05,0.0009463776614269011,1.0
6,0.2,50,39,complete_rollout,300,0.00014859424204087228,1.4848067166474037e-05,-6.142516204596938e-05,0.026585580335831697
6,0.2,50,39,tis,300,0.007657447736795084,0.002387755285213236,0.003997626422113669,1.370024094998259
6,0.2,50,39,uniform,300,0.005589279608111428,0.0011179569725719126,0.003247489123556718,1.0
6,0.2,50,40,complete_rollout,300,0.00011652524815845663,9.51771913339729e-06,-0.0013304991612212865,0.026443660618773485
6,0.2,50,40,tis,300,0.012189825823544451,0.0006787980972875447,0.04279468974878709,2.7662984818657677
6,0.2,50,40,uniform,300,0.004406547559294056,0.0004083216692740447,0.018192250872427092,1.0
6,0.2,50,41,complete_rollout,300,3.786131989887504e-06,3.8793360585204305e-07,-0.0001125911280271256,0.03473022906236236
6,0.2,50,41,tis,300,4.313259650284009e-05,1.2767704863106596e-05,-1.1863558651743489e-05,0.39565576704646144
6,0.2,50,41,uniform,300,0.00010901546267054683,2.7312186910015465e-05,-0.0010070365753362628,1.0
6,0.2,50,42,complete_rollout,300,3.5998281624247e-05,2.7307378388723294e-06,0.00019512361788213286,0.055445221458792174
6,0.2,50,42,tis,300,0.00043871878122431955,7.199510270738934e-05,0.0007374162151885299,0.6757228091334655
6,0.2,50,42,uniform,300,0.0006492585055504112,0.00010404847241158327,-0.0009957204434880328,1.0
6,0.2,50,43,complete_rollout,300,1.5225739242371554e-06,2.1798871063153343e-07,-0.00013322504182470125,0.13846935015739456
6,0.2,50,43,tis,300,1.9342559369293722e-05,1.5008877868497426e-05,-0.00037414278239936556,1.7590946381068764
6,0.2,50,43,uniform,300,1.0995746874716206e-05,8.181520003149376e-06,-0.00027165187241190805,1.0
6,0.2,50,44,complete_rollout,300,7.151503998762472e-05,4.965988034357171e-06,0.0011615757866907856,0.13476589116488755
6,0.2,50,44,tis,300,0.001469316510778699,0.0007427311882875643,-0.0017386155154605273,2.768840638453668
6,0.2,50,44,uniform,300,0.0005306612776383105,7.759134502422143e-05,-0.0013005354257120563,1.0
6,0.2,50,45,complete_rollout,300,0.000412193517747375,3.1333508814679185e-05,0.001573943640547594,0.07418938128958566
6,0.2,50,45,tis,300,0.0011924000894715217,0.00011517317932814225,-6.51586181238084e-05,0.21461624474588706
6,0.2,50,45,uniform,300,0.005555963812913435,0.0005208515349555737,-0.005109167131609676,1.0
6,0.2,50,46,complete_rollout,300,2.7003687088692225e-07,2.4456289907234067e-08,-5.495728250194768e-06,0.1452726716085832
6,0.2,50,46,tis,300,1.8492770126074157e-06,1.157078440837006e-06,0.00013601472937064299,0.9948619656399278
6,0.2,50,46,uniform,300,1.8588277333709306e-06,1.1670607766472283e-06,1.8288108357013e-05,1.0
6,0.2,50,47,complete_rollout,300,0.0002667030182331586,2.0730822418449904e-05,-4.4324030351177156e-05,0.0638322268527383
6,0.2,50,47,tis,300,0.006048425365322911,0.0016344209783805247,0.0020005315707026395,1.4476193879576709
6,0.2,50,47,uniform,300,0.004178187592427969,0.0004121075522313155,0.0032014389675456526,1.0
6,0.2,50,48,complete_rollout,300,0.00010838895218692176,9.99694344515707e-06,0.0006953368377329486,0.06879306766993298
6,0.2,50,48,tis,300,0.0015208259550605133,0.0011357699145324105,-0.0019002748909765824,0.9652485860389385
6,0.2,50,48,uniform,300,0.0015755795730315243,0.0005035642512872781,0.0018567152648592774,1.0
6,0.2,50,49,complete_rollout,300,0.0002231204916115214,1.5520100056616543e-05,-0.000770450621465096,0.08159447830150005
6,0.2,50,49,tis,300,0.005147337517956337,0.0014401038585887408,-0.0036225569040955227,1.882365516434251
6,0.2,50,49,uniform,300,0.00273450478826604,0.0002190868152011424,-0.0018420563025311617,1.0
6,0.2,100,0,complete_rollout,300,1.3270307713971445e-05,1.0894204775074781e-06,-0.00013679771190641197,0.02083493273913407
6,0.2,100,0,tis,300,0.0002764921355839889,0.00013537960342789964,0.0005807753784459013,0.43410410458883975
6,0.2,100,0,uniform,300,0.0006369258725297415,6.694626150687481e-05,-0.00022238466276641649,1.0
6,0.2,100,1,complete_rollout,300,9.544489585916009e-05,7.984898668842684e-06,-0.00026624925315998915,0.0839612990371349
6,0.2,100,1,tis,300,0.00016340309623906065,6.741567396576891e-05,-0.00025520028752454554,0.14374300588232874
6,0.2,100,1,uniform,300,0.0011367725005891841,9.416844871807044e-05,0.002988938329340683,1.0
6,0.2,100,2,complete_rollout,300,0.0003331745738285419,3.0078512820624337e-05,3.4977077459802015e-05,0.07286416854395616
6,0.2,100,2,tis,300,0.004706353778350949,0.0009993324618754553,0.0002291258173529472,1.0292638810719215
6,0.2,100,2,uniform,300,0.004572543411753205,0.0003836643200419938,0.0023560459448058366,1.0
6,0.2,100,3,complete_rollout,300,2.0992383718937513e-05,1.816854684133462e-06,-0.00035072608624245067,0.030296395022736587
6,0.2,100,3,tis,300,0.0006943347867016624,0.00016078971362156193,0.002692820850537737,1.002070143990575
6,0.2,100,3,uniform,300,0.0006929003831374433,5.4353113045572394e-05,0.00012689942827743829,1.0
6,0.2,100,4,complete_rollout,300,0.00012822781664856178,9.959463507500126e-06,-0.0009821704320990676,0.17996266457468774
6,0.2,100,4,tis,300,0.0005654343326933982,0.00012968472630709606,0.0012376519744394666,0.7935647023641007
6,0.2,100,4,uniform,300,0.0007125245503094057,5.627190320696024e-05,-0.0014310719739246262,1.0
6,0.2,100,5,complete_rollout,300,0.0007186146177718861,6.598119885740438e-05,-0.0021251537588945876,0.11901509044216577
6,0.2,100,5,tis,300,0.004990729992507472,0.0007486809929038723,0.002671053161158848,0.8265517660527942
6,0.2,100,5,uniform,300,0.006038012617577179,0.0008260501666283374,-0.0010559212450509036,1.0
6,0.2,100,6,complete_rollout,300,1.5448928887352285e-05,1.7458925224984667e-06,0.0009311434428527546,0.031564031803709404
6,0.2,100,6,tis,300,0.0006670168783312636,0.00043238352653188314,0.004342719404378152,1.3627962245651366
6,0.2,100,6,uniform,300,0.0004894472602051024,7.962660931464457e-05,0.009986153969539719,1.0
6,0.2,100,7,complete_rollout,300,9.918222516360534e-05,7.380011059097054e-06,-0.0003446153051908022,0.20581943543968265
6,0.2,100,7,tis,300,0.00011249143769193122,1.0958910030483847e-05,0.0004089329370869595,0.2334382411703284
6,0.2,100,7,uniform,300,0.0004818895015999189,4.0654752321901344e-05,0.0024420191761434897,1.0
6,0.2,100,8,complete_rollout,300,0.0003340165007190329,2.962581051964515e-05,0.0012525681828370742,0.2278385308108145
6,0.2,100,8,tis,300,0.0012981631490735046,0.00019537066372761784,-0.0010935307932727575,0.8854999199169625
6,0.2,100,8,uniform,300,0.0014660228870435577,0.0001262017730718436,-0.0044785237165455615,1.0
6,0.2,100,9,complete_rollout,300,0.00017017034814537698,1.3734911067443648e-05,-0.00014626559157008797,0.08723739336910541
6,0.2,100,9,tis,300,0.0013356928675269408,0.00023841931423887371,-0.003356562279365251,0.684739529387404
6,0.2,100,9,uniform,300,0.001950658330945062,0.0001786023646999531,-0.0011216332695532646,1.0
6,0.2,100,10,complete_rollout,300,1.6291152055985994e-05,1.4474759487233993e-06,-6.165778469804964e-05,0.030715566066248753
6,0.2,100,10,tis,300,0.0006116496468179064,0.00021410754464350405,0.00036984042915424233,1.1532128035923646
6,0.2,100,10,uniform,300,0.00053038749215458,5.549888002920933e-05,0.0024825004654178266,1.0
6,0.2,100,11,complete_rollout,300,0.0006451567652532986,4.8674489251608345e-05,0.00010767317775446077,0.06771678777980975
6,0.2,100,11,tis,300,0.006647685898592188,0.0009789204638977382,0.010366801078685034,0.697752793532377
6,0.2,100,11,uniform,300,0.009527279518206219,0.0007162267756518719,0.0171166172164544,1.0
6,0.2,100,12,complete_rollout,300,0.00040204055574408947,2.9734569928954115e-05,0.001861444004006157,0.0848962224914994
6,0.2,100,12,tis,300,0.0009712380185664477,0.00021398157461029115,0.004075068418625089,0.20508985409149824
6,0.2,100,12,uniform,300,0.00473567072768574,0.00048568984945193054,0.02178522496091379,1.0
6,0.2,100,13,complete_rollout,300,4.411843285510664e-05,4.411064484223187e-06,-0.00035057196189103003,0.06848553891974798
6,0.2,100,13,tis,300,0.0007504709601466148,9.495776661956279e-05,3.467521630149258e-05,1.1649645017550203
6,0.2,100,13,uniform,300,0.0006442007108508709,9.809555523690995e-05,0.0007201389153495618,1.0
6,0.2,100,14,complete_rollout,300,4.351913749532161e-06,5.744144986377082e-07,-0.00010942763608101499,0.02906221633512063
6,0.2,100,14,tis,300,0.00012413150965271842,9.444074586416576e-05,0.0004589013787061506,0.8289541096535369
6,0.2,100,14,uniform,300,0.00014974473038634122,9.149096928984106e-05,0.00018278040213880095,1.0
6,0.2,100,15,complete_rollout,300,0.00026246920170231797,2.192258139552617e-05,-0.0005417338340112895,0.0919881504615544
6,0.2,100,15,tis,300,0.006850376084696738,0.0007290743317933114,0.005501869452825231,2.400866166050264
6,0.2,100,15,uniform,300,0.0028532936077676064,0.00022630211192849325,0.00409395109850188,1.0
6,0.2,100,16,complete_rollout,300,0.0012084253367486396,0.00010841876312525645,0.0002079749912898062,0.17543840137320627
6,0.2,100,16,tis,300,0.0009234566081272542,8.403369700150114e-05,-0.0012915317399110307,0.13406682741630396
6,0.2,100,16,uniform,300,0.0068880320801486495,0.0005776249440205734,-0.005977377928717773,1.0
6,0.2,100,17,complete_rollout,300,5.065964590084127e-06,5.857297501786712e-07,-9.247976087811989e-05,0.030360589437111035
6,0.2,100,17,tis,300,0.0002584502273395902,0.0001588555115017739,4.418546936968267e-05,1.5489056630091849
6,0.2,100,17,uniform,300,0.00016685988921848085,0.00010158048450950787,0.0004315298319411509,1.0
6,0.2,100,18,complete_rollout,300,0.00010542683379077723,9.11682669104789e-06,0.0018426127703913557,0.052525864270716836
6,0.2,100,18,tis,300,0.0006863580462355777,0.00030467734586233546,0.0026243508024523326,0.3419580033033122
6,0.2,100,18,uniform,300,0.0020071413436894684,0.00019939151275547717,0.012056572109017028,1.0
6,0.2,100,19,complete_rollout,300,2.7773287422822728e-05,2.2935282519027455e-06,0.00027630003039923765,0.042737570713402354
6,0.2,100,19,tis,300,0.0014589131365935779,0.0007427746244197241,0.003915856734413669,2.2449774270741587
6,0.2,100,19,uniform,300,0.0006498564836328688,0.00010661206814947557,0.0024706645424964887,1.0
6,0.2,100,20,complete_rollout,300,0.024526218133834998,0.001691414493824573,-0.007580510304604853,0.11297188353064229
6,0.2,100,20,tis,300,0.02705560187929999,0.005628585787236834,-0.01423118338589504,0.12462265024639481
6,0.2,100,20,uniform,300,0.2171001966801992,0.014936473156705293,-0.0037819498378582435,1.0
6,0.2,100,21,complete_rollout,300,0.00012531546259136599,9.99336410649248e-06,-0.0005145258440692224,0.05339055816352089
6,0.2,100,21,tis,300,0.001079450039187221,0.00031918465179484344,0.0010795220412700807,0.4598988736910348
6,0.2,100,21,uniform,300,0.002347146516197836,0.00015779479458151297,0.006094535540716978,1.0
6,0.2,100,22,complete_rollout,300,1.5094697450621421e-05,1.1517795817253252e-06,6.687907660441805e-05,0.06682057503714973
6,0.2,100,22,tis,300,0.0001418468343849404,2.8495880277619244e-05,0.0016267684014212858,0.6279216308777926
6,0.2,100,22,uniform,300,0.0002258989456799696,1.7555068146930953e-05,0.003150004081127751,1.0
6,0.2,100,23,complete_rollout,300,6.368766143462264e-06,6.97631238309025e-07,-5.05582312274e-05,0.10475946316345981
6,0.2,100,23,tis,300,5.529290154496354e-05,1.822946060163627e-05,0.0008878343321091357,0.9095097154017113
6,0.2,100,23,uniform,300,6.079418461246654e-05,1.6083213052028387e-05,0.00039129443115209307,1.0
6,0.2,100,24,complete_rollout,300,0.0003220240610591469,2.4568925275905488e-05,0.0013641037365198238,0.14327838583684874
6,0.2,100,24,tis,300,0.0031691198404541847,0.0006823737822952977,0.0028887669360037195,1.4100386591311502
6,0.2,100,24,uniform,300,0.0022475411010411304,0.00017299452291162683,0.00830727982400657,1.0
6,0.2,100,25,complete_rollout,300,8.070306365774903e-06,6.104566703100499e-07,0.00020493888784485807,0.10344585656272394
6,0.2,100,25,tis,300,0.00016260104416281288,6.56957661992802e-05,-0.0011888128454230322,2.084233674541599
6,0.2,100,25,uniform,300,7.801478603332467e-05,8.055836111651374e-06,-0.00039182511681182735,1.0
6,0.2,100,26,complete_rollout,300,3.161587749038378e-05,2.4022798158795984e-06,-0.0001704031312593853,0.015790655353491542
6,0.2,100,26,tis,300,0.002379715028350531,0.00046081478179218506,0.0003920939706846098,1.1885565998804557
6,0.2,100,26,uniform,300,0.002002189065787764,0.0003787825196222589,0.001915159077649869,1.0
6,0.2,100,27,complete_rollout,300,0.0002988040228050621,2.4514157362157707e-05,0.0004574123973657714,0.03495671194468526
6,0.2,100,27,tis,300,0.0028549085295251713,0.00030210962383050337,0.01547431106192661,0.333992207193757
6,0.2,100,27,uniform,300,0.008547829763791374,0.001317123706484997,0.004097406171175771,1.0
6,0.2,100,28,complete_rollout,300,0.001045887888238923,7.115793288277363e-05,-0.00010249522402547618,0.05460111374091315
6,0.2,100,28,tis,300,0.0037773439934076685,0.0007793915972109619,0.007000949689412111,0.19719818093494548
6,0.2,100,28,uniform,300,0.019155065099985845,0.001397966962065868,-0.0014308543845530464,1.0
6,0.2,100,29,complete_rollout,300,0.00031832585962998346,2.752358425483556e-05,0.0020972487283063505,0.0658877700343932
6,0.2,100,29,tis,300,0.000627272836635147,0.00019134482925014512,-0.0015729798143197897,0.1298342788018507
6,0.2,100,29,uniform,300,0.004831334547577166,0.00038102219839784374,0.0018696885091048557,1.0
6,0.2,100,30,complete_rollout,300,6.282245134243917e-05,5.6076437111655265e-06,-0.000493494970739213,0.36476128063912844
6,0.2,100,30,tis,300,0.00022274476212778274,4.875387413277406e-05,0.00043418959152908166,1.2933061819970915
6,0.2,100,30,uniform,300,0.000172228947196267,2.452262231711531e-05,0.0026354361298999416,1.0
6,0.2,100,31,complete_rollout,300,0.0003704409756632338,2.8205240699121244e-05,0.001414784085391753,0.05473707717576492
6,0.2,100,31,tis,300,0.0020585012925783256,0.0003834874090701465,0.0014709431968476952,0.30416814424089306
6,0.2,100,31,uniform,300,0.006767642606742038,0.0005581068817683782,0.0036471153517077014,1.0
6,0.2,100,32,complete_rollout,300,0.004485351651767308,0.00036993304279355816,0.00572766327101051,0.05430968490362887
6,0.2,100,32,tis,300,0.09368988813396682,0.0067332504223640505,0.09650529396093371,1.1344190374030334
6,0.2,100,32,uniform,300,0.08258843076932684,0.005906379174213868,0.02727536664107405,1.0
6,0.2,100,33,complete_rollout,300,0.0006371277023091096,5.370161225854975e-05,0.0010277533601627835,0.061138299977298444
6,0.2,100,33,tis,300,0.0433663153206775,0.006954346321391622,-0.010457323668426381,4.161399332310568
6,0.2,100,33,uniform,300,0.010421089604154589,0.0008949556018779188,3.854942167231812e-06,1.0
6,0.2,100,34,complete_rollout,300,0.00012978287969819452,1.0709079403129447e-05,0.0003589822934242267,0.14372129835828992
6,0.2,100,34,tis,300,0.0003569564253078609,0.00014216374942196093,0.002781894662423253,0.3952928230740545
6,0.2,100,34,uniform,300,0.0009030177237520661,9.90063618034907e-05,0.00021527482139140167,1.0
6,0.2,100,35,complete_rollout,300,0.0006686978063513595,5.50332204555223e-05,0.0011349258523499564,0.13540754655842513
6,0.2,100,35,tis,300,0.0008176399293235208,6.676753585394799e-05,-0.002996424644114337,0.16556748915029096
6,0.2,100,35,uniform,300,0.004938408702817995,0.0004223023554755778,-0.0029274839215927247,1.0
6,0.2,100,36,complete_rollout,300,2.8269746492312967e-07,5.2686125583124404e-08,2.702985365844827e-05,0.007745170316464143
6,0.2,100,36,tis,300,2.4563330711432545e-05,1.716312597658935e-05,8.654320295290082e-06,0.6729709442262275
6,0.2,100,36,uniform,300,3.649983839892986e-05,6.01968136290138e-06,0.002493301897643908,1.0
6,0.2,100,37,complete_rollout,300,0.00023544811746284533,1.9693743704071982e-05,-4.944301919820093e-05,0.06240992338432365
6,0.2,100,37,tis,300,0.0019855084652460196,0.0007589796734040522,0.003570139470235246,0.5262961221785283
6,0.2,100,37,uniform,300,0.0037726070582228283,0.00036125683389854886,0.011175686648102685,1.0
6,0.2,100,38,complete_rollout,300,1.0552287607379103e-05,8.48035622974559e-07,-2.9963684534376107e-05,0.15977835648099264
6,0.2,100,38,tis,300,0.0013822452261623248,0.0006050135678460799,0.006161797817824477,20.929383154366846
6,0.2,100,38,uniform,300,6.604328545984519e-05,1.1801274110695667e-05,0.0003573054439800546,1.0
6,0.2,100,39,complete_rollout,300,7.721772078943742e-05,6.8268726799518155e-06,0.00017072816542399596,0.027733037106379702
6,0.2,100,39,tis,300,0.00477720474780145,0.0018346735143246902,0.0038751725190130735,1.7157511926157976
6,0.2,100,39,uniform,300,0.002784322557000952,0.0003805668408408518,0.00160394511580172,1.0
6,0.2,100,40,complete_rollout,300,5.99072035210718e-05,4.899775720325692e-06,-0.00017005012379344673,0.03482444706255107
6,0.2,100,40,tis,300,0.007205150583754962,0.0004593439929184177,0.021576380575968446,4.188400898957442
6,0.2,100,40,uniform,300,0.0017202628777843198,0.0001471808024801866,0.005513749903960212,1.0
6,0.2,100,41,complete_rollout,300,2.444119324078834e-06,2.168598721502785e-07,0.00011272158574231028,0.05346954012995685
6,0.2,100,41,tis,300,5.891313473345861e-06,1.5787155002339311e-06,0.0003152293049241924,0.12888316011328324
6,0.2,100,41,uniform,300,4.5710498316208475e-05,1.0342435603930316e-05,0.000751405880358164,1.0
6,0.2,100,42,complete_rollout,300,2.623919206321531e-05,2.1647669531984775e-06,0.00031782712613973957,0.10362164324812358
6,0.2,100,42,tis,300,0.00015671854988309858,1.9366060549493297e-05,0.0004361084003949937,0.6188999122848656
6,0.2,100,42,uniform,300,0.0002532211538122897,2.61659971498272e-05,0.0009540560379934493,1.0
6,0.2,100,43,complete_rollout,300,6.229061681923155e-07,7.152780131375499e-08,-4.197614120861208e-05,0.77145226190096
6,0.2,100,43,tis,300,9.975821504320976e-07,2.1616658610153616e-07,1.269920199064171e-05,1.2354782239774897
6,0.2,100,43,uniform,300,8.074461621998394e-07,1.3596983302185601e-07,1.1611644662169832e-05,1.0
6,0.2,100,44,complete_rollout,300,3.5058494381649905e-05,2.94228553848603e-06,0.0007480851192422566,0.1681055405318013
6,0.2,100,44,tis,300,8.553887231825645e-05,1.1423838876205366e-05,0.0010686129594341556,0.4101590390906146
6,0.2,100,44,uniform,300,0.00020855049911348836,2.55467473454697e-05,0.0005905430436734378,1.0
6,0.2,100,45,complete_rollout,300,0.00020542542476365585,1.7081439018130885e-05,-0.00026807482910902474,0.07884266012633412
6,0.2,100,45,tis,300,0.0006518347866018345,7.925012408613418e-05,-0.0006133537964940169,0.25017540354460727
6,0.2,100,45,uniform,300,0.0026055110828895286,0.00023511024482135155,0.004282440076729722,1.0
6,0.2,100,46,complete_rollout,300,1.3718580729549177e-07,1.2222703877343625e-08,-1.1664495962248427e-05,0.3190879464369164
6,0.2,100,46,tis,300,0.0008043064004690154,0.0008010826949966798,0.001738766815449696,1870.780095195461
6,0.2,100,46,uniform,300,4.299310231783179e-07,2.551463475049608e-07,-2.0832262013358675e-05,1.0
6,0.2,100,47,complete_rollout,300,0.00014883139133369764,1.25478220454175e-05,-0.0014885485979267148,0.07565139722219436
6,0.2,100,47,tis,300,0.0029578899826300247,0.0007464048492021372,0.0017589681041849689,1.5035034478296183
6,0.2,100,47,uniform,300,0.0019673316924546367,0.00016740814570966443,8.672248390624305e-06,1.0
6,0.2,100,48,complete_rollout,300,6.594388530136962e-05,5.274497542854133e-06,-0.0009973485917601085,0.05288170875545072
6,0.2,100,48,tis,300,8.977630058751792e-05,1.784608485036402e-05,0.0014078222141844954,0.0719933949768701
6,0.2,100,48,uniform,300,0.0012470074597310083,0.00024400050665622503,-0.001702008957377461,1.0
6,0.2,100,49,complete_rollout,300,9.694469347485896e-05,8.36978792101931e-06,-0.00021190229741460047,0.045975506496416116
6,0.2,100,49,tis,300,0.001330877280218872,0.00043701824946456837,0.003287940183551553,0.6311614885708358
6,0.2,100,49,uniform,300,0.002108616105891427,0.00016980952082593505,-0.0071854464285042675,1.0
6,0.2,200,0,complete_rollout,300,6.924371909920626e-06,4.99875575494907e-07,-0.00011084936976882768,0.024324256460536993
6,0.2,200,0,tis,300,0.00011028570907315976,8.472644047027077e-05,0.0001234752370930477,0.3874167803702589
6,0.2,200,0,uniform,300,0.000284669417178467,2.2820419774325927e-05,0.0011125880081453024,1.0
6,0.2,200,1,complete_rollout,300,4.486124597902002e-05,3.5063075058638205e-06,-0.00026297199475119843,0.07913817790471248
6,0.2,200,1,tis,300,2.713843406471917e-05,2.0695226723856345e-06,-0.0007023832127552658,0.0478739762170995
6,0.2,200,1,uniform,300,0.0005668723638423402,4.758538415918054e-05,-0.0008568835171569293,1.0
6,0.2,200,2,complete_rollout,300,0.00017206554131219356,1.2578062774175166e-05,0.0006858999859891387,0.0721051084014764
6,0.2,200,2,tis,300,0.0019351155808159564,0.0006481866073462668,-0.0016682605263196168,0.8109219176601774
6,0.2,200,2,uniform,300,0.002386315548603633,0.00029041044037398826,0.002070930873730415,1.0
6,0.2,200,3,complete_rollout,300,1.1647604548674942e-05,8.759969009916633e-07,-0.0001617546160577336,0.031685211378075354
6,0.2,200,3,tis,300,0.00023461729004331514,7.068493413616793e-05,0.0010323647762136812,0.6382341018625457
6,0.2,200,3,uniform,300,0.00036760381395891604,3.091060448549755e-05,-0.00073580132005862,1.0
6,0.2,200,4,complete_rollout,300,6.250611231567567e-05,5.181891211956209e-06,0.0003039700047883705,0.17745314082008326
6,0.2,200,4,tis,300,0.00015642346275866867,3.610649733802696e-05,0.0007755828232012855,0.444081926328952
6,0.2,200,4,uniform,300,0.0003522401013969629,3.61472256481993e-05,-0.0008299451065268378,1.0
6,0.2,200,5,complete_rollout,300,0.0003606036263464273,2.5659984821648635e-05,0.0006460339352887641,0.11116808818804508
6,0.2,200,5,tis,300,0.015240297428464012,0.007694129019568678,-0.005318507904537208,4.698329702630041
6,0.2,200,5,uniform,300,0.0032437692527054387,0.00040455735541754386,-0.005228999277942043,1.0
6,0.2,200,6,complete_rollout,300,7.049553340902478e-06,5.275579680466984e-07,0.00029197485676450973,0.03405646090013947
6,0.2,200,6,tis,300,4.3088148863748055e-06,1.1839456798785826e-06,0.0004188537858600257,0.02081592671302158
6,0.2,200,6,uniform,300,0.0002069960634363393,2.961302141192694e-05,0.007159981749157275,1.0
6,0.2,200,7,complete_rollout,300,5.252653928317695e-05,4.218873219781503e-06,-0.0006444969066078521,0.22136068170561812
6,0.2,200,7,tis,300,4.88828775697439e-05,6.154574607008241e-06,-3.444385372006013e-06,0.20600533083352052
6,0.2,200,7,uniform,300,0.0002372893816483211,1.988436497137294e-05,-0.0004155506194697193,1.0
6,0.2,200,8,complete_rollout,300,0.0001639343659040584,1.2970359639326133e-05,0.0017756478193276814,0.29489769923375847
6,0.2,200,8,tis,300,0.0005164400363685922,6.710156364660182e-05,-0.0014144890397461518,0.9290119108181826
6,0.2,200,8,uniform,300,0.0005559024920506805,5.128007913756445e-05,0.0005022655868023115,1.0
6,0.2,200,9,complete_rollout,300,8.0818085770457e-05,6.935545715400604e-06,-0.00015602911692592128,0.0828784917733384
6,0.2,200,9,tis,300,0.0003733094619077978,7.744147140842464e-05,0.0004249030857774002,0.38282675062992716
6,0.2,200,9,uniform,300,0.0009751394365559121,9.856472606908727e-05,0.0002944330710650833,1.0
6,0.2,200,10,complete_rollout,300,8.076387301563305e-06,7.150635645663385e-07,6.313609231641889e-05,0.02916036648364445
6,0.2,200,10,tis,300,0.0001172662046209055,1.7749924696620072e-05,0.0012660646243337966,0.4233979098835125
6,0.2,200,10,uniform,300,0.00027696453355938487,2.934411863497906e-05,6.707219327714231e-05,1.0
6,0.2,200,11,complete_rollout,300,0.00030154392764736825,2.6941277786127154e-05,0.0011492873259325042,0.054303586193712776
6,0.2,200,11,tis,300,0.0020213442389275882,0.0005352551173558726,-0.0009737792565024524,0.3640140989147424
6,0.2,200,11,uniform,300,0.00555292843039307,0.00039884084470034355,0.0013494905244663168,1.0
6,0.2,200,12,complete_rollout,300,0.00024145401647801342,1.7756924435555626e-05,-0.0007749118746764042,0.10358316548313895
6,0.2,200,12,tis,300,0.0004102793091111462,0.00010046329613861078,0.001991372025160147,0.17600879119705015
6,0.2,200,12,uniform,300,0.0023310160039211854,0.0001959970824726771,0.009409836121776725,1.0
6,0.2,200,13,complete_rollout,300,2.3822524366730436e-05,2.491554965232142e-06,-0.00012404691277938528,0.052753370842005896
6,0.2,200,13,tis,300,0.0004856576286811905,5.6955743689094864e-05,-0.0033453012145198222,1.075456009349202
6,0.2,200,13,uniform,300,0.00045158297918208645,5.170952752595212e-05,-0.003662817706250589,1.0
6,0.2,200,14,complete_rollout,300,1.58225943497989e-06,1.4069181928445267e-07,7.703334300771895e-06,0.008511499345904635
6,0.2,200,14,tis,300,0.0002374023326559233,7.921412156998053e-05,-0.0011581316324694709,1.2770660452044058
6,0.2,200,14,uniform,300,0.00018589667585901945,5.862876771373797e-05,-0.0009743323544275147,1.0
6,0.2,200,15,complete_rollout,300,0.00012661387690653927,1.0895202247027448e-05,-9.840503289451371e-05,0.06717073116948613
6,0.2,200,15,tis,300,0.003447518311018771,0.0005845951999353522,-0.002045599188050203,1.8289648127768738
6,0.2,200,15,uniform,300,0.0018849560619947007,0.00014937180967327027,0.0010783767772501215,1.0
6,0.2,200,16,complete_rollout,300,0.0005712525726315232,4.854921466366107e-05,-0.000902871859996249,0.1757187253834757
6,0.2,200,16,tis,300,0.0004647889034595005,4.1410533139106645e-05,-0.0021738898983108997,0.14297023348543933
6,0.2,200,16,uniform,300,0.003250948761350638,0.00025494578084661287,-0.00425961165867077,1.0
6,0.2,200,17,complete_rollout,300,2.3546107107997405e-06,3.3569463590003057e-07,-6.062460534284793e-06,0.01861835473285675
6,0.2,200,17,tis,300,0.0001739948104355746,6.678412735535015e-05,-0.00044425155729144774,1.3758100596023375
6,0.2,200,17,uniform,300,0.00012646717417218612,4.7614589282088114e-05,-7.629165596131434e-05,1.0
6,0.2,200,18,complete_rollout,300,5.8903016034632045e-05,4.85145398018899e-06,0.0008232426146379742,0.05634946713728408
6,0.2,200,18,tis,300,6.0598734848604206e-05,6.9779732149033085e-06,0.0012671902684251535,0.057971673571090766
6,0.2,200,18,uniform,300,0.0010453162918315937,0.00011032636057914513,0.008945985981419657,1.0
6,0.2,200,19,complete_rollout,300,1.3375680750808868e-05,1.1365716941273021e-06,-6.677304997989723e-05,0.04579985793674549
6,0.2,200,19,tis,300,0.00028150476478948307,3.305087130167917e-05,0.00012940127108764502,0.9639044528702293
6,0.2,200,19,uniform,300,0.0002920463371148905,3.3145123936210356e-05,-0.00013700010204873732,1.0
6,0.2,200,20,complete_rollout,300,0.010471219311842304,0.0007800845190898196,0.003791336221936888,0.08089793710756067
6,0.2,200,20,tis,300,0.005491594559809141,0.0009820831060899317,-0.006420391113113297,0.04242664183503759
6,0.2,200,20,uniform,300,0.12943740824837016,0.008804670164812482,0.006107590543640926,1.0
6,0.2,200,21,complete_rollout,300,5.4718240978338785e-05,4.742690527703828e-06,-7.965219743094684e-05,0.040859720128178886
6,0.2,200,21,tis,300,0.00019240969722749074,8.258726434264207e-05,0.00031011406464802603,0.14367798083595465
6,0.2,200,21,uniform,300,0.001339173171198556,9.923248571870269e-05,-0.0006842006003665713,1.0
6,0.2,200,22,complete_rollout,300,8.404490347180206e-06,6.487908132437441e-07,0.00033452503909724504,0.06925536542434071
6,0.2,200,22,tis,300,5.939522261305821e-05,1.2926475897144972e-05,-2.0249387822316815e-05,0.4894333477231624
6,0.2,200,22,uniform,300,0.0001213550790712648,9.511481519164007e-06,0.0011804151871937633,1.0
6,0.2,200,23,complete_rollout,300,3.2784362038798033e-06,3.055251640493469e-07,-8.833622197908397e-05,0.06635424384743534
6,0.2,200,23,tis,300,5.680254158057174e-05,1.779763478972215e-05,5.016865069535914e-06,1.1496608324209219
6,0.2,200,23,uniform,300,4.940808626224016e-05,1.2561015898079276e-05,8.086196304713337e-05,1.0
6,0.2,200,24,complete_rollout,300,0.00016449399402503558,1.3370856870306511e-05,0.0015942774431933224,0.15941843352761953
6,0.2,200,24,tis,300,0.0010216440954041912,0.00018815297145189324,0.00015683260740916748,0.9901206562428643
6,0.2,200,24,uniform,300,0.0010318379774854375,8.371079958774078e-05,0.0036800386638807386,1.0
6,0.2,200,25,complete_rollout,300,4.640769430059568e-06,3.465670712911695e-07,7.975885494827158e-05,0.10063658213570872
6,0.2,200,25,tis,300,1.296387862703172e-05,6.183884633644197e-06,0.0002910134125580862,0.28112588998628407
6,0.2,200,25,uniform,300,4.611413992380502e-05,4.9796250954987345e-06,-0.0009091670418287704,1.0
6,0.2,200,26,complete_rollout,300,1.5675324042291214e-05,1.424924492140557e-06,-0.00035623752793062437,0.01716133155321116
6,0.2,200,26,tis,300,0.0009044582932662062,0.00010373552630264335,0.00030059186118994494,0.9902001773562121
6,0.2,200,26,uniform,300,0.0009134095448064523,0.000123510765379253,-0.0004765065813913309,1.0
6,0.2,200,27,complete_rollout,300,0.0001342274952810414,1.1516830033735625e-05,7.942591981313345e-05,0.03935872309706054
6,0.2,200,27,tis,300,0.004859759026122815,0.00347008873256231,0.007761399741850538,1.424997981427911
6,0.2,200,27,uniform,300,0.0034103620422346994,0.00037045266245161544,0.005689111884923304,1.0
6,0.2,200,28,complete_rollout,300,0.0005744460577170138,4.531379428746393e-05,-0.0008606365603964831,0.08023081286694152
6,0.2,200,28,tis,300,0.00039616259556410013,0.0001229954229952364,0.0020302558130678243,0.05533060353117255
6,0.2,200,28,uniform,300,0.007159918205860654,0.000561091898891941,0.0018164052346833122,1.0
6,0.2,200,29,complete_rollout,300,0.00016004298011236447,1.3184178181039636e-05,-0.00042692099305155197,0.06065334851775701
6,0.2,200,29,tis,300,0.0002487849960756278,8.783587509054089e-05,-0.0011005251053795074,0.09428494184730617
6,0.2,200,29,uniform,300,0.00263865036347515,0.00019007623206825265,0.0032679535467432484,1.0
6,0.2,200,30,complete_rollout,300,2.8408256194130248e-05,2.2458794813649746e-06,-7.836517467801526e-05,0.3632206422640499
6,0.2,200,30,tis,300,0.00012195898809537321,2.632215447091993e-05,-0.0003542725842427134,1.559336190266687
6,0.2,200,30,uniform,300,7.821211927013319e-05,6.818056612021801e-06,0.0012581428411192045,1.0
6,0.2,200,31,complete_rollout,300,0.00021481021198952057,1.680857857754411e-05,0.0010358311709878088,0.06055395481058086
6,0.2,200,31,tis,300,0.0008378171180053305,0.00020136815876933855,-0.0012386454582730955,0.23617657388514132
6,0.2,200,31,uniform,300,0.003547418375256736,0.0002759846040480678,-0.006993286305049239,1.0
6,0.2,200,32,complete_rollout,300,0.002218711642557388,0.0002213199954857124,0.0010873101835725534,0.050169399466124656
6,0.2,200,32,tis,300,0.07125699652423657,0.005327054567256923,0.05901858002619167,1.6112597305615004
6,0.2,200,32,uniform,300,0.04422440105258794,0.0031789753156521287,0.008508128724122089,1.0
6,0.2,200,33,complete_rollout,300,0.00036782654510239527,2.9959621354736844e-05,-0.00028395514311846913,0.06893378107960038
6,0.2,200,33,tis,300,0.014419446843139313,0.0018468780978248812,0.012574650051299208,2.7023253357018993
6,0.2,200,33,uniform,300,0.0053359403668522465,0.00045873538544234324,-0.005772816640724651,1.0
6,0.2,200,34,complete_rollout,300,6.522766375808996e-05,5.547582782916691e-06,0.0006330165541339161,0.12019310163095473
6,0.2,200,34,tis,300,0.0010675200725639212,0.0005088569700104703,-0.0010511824178823215,1.9670879069135123
6,0.2,200,34,uniform,300,0.000542690577686957,7.597925925724788e-05,-0.00023312198416632532,1.0
6,0.2,200,35,complete_rollout,300,0.00028258192477454574,2.3840506803080797e-05,-0.000641095177953761,0.12993848273809958
6,0.2,200,35,tis,300,0.00028934634250016034,2.3089828478395698e-05,0.00010429686475288858,0.13304893708359367
6,0.2,200,35,uniform,300,0.0021747362199396316,0.0001593553260648371,0.0011659757136839792,1.0
6,0.2,200,36,complete_rollout,300,9.5275673229964e-08,1.070488667069632e-08,-1.4910448833254838e-05,0.011467433950762515
6,0.2,200,36,tis,300,4.603641587453148e-06,4.38196032570349e-06,0.0002508022737237425,0.554096906874435
6,0.2,200,36,uniform,300,8.308369042197862e-06,1.7635435560164282e-06,0.0010611284942743313,1.0
6,0.2,200,37,complete_rollout,300,0.0001335752545050804,9.53641781609888e-06,0.0010716710355258166,0.09180332334669193
6,0.2,200,37,tis,300,0.00023234946203166563,5.938660304258428e-05,0.0009803809097016425,0.15968865544262645
6,0.2,200,37,uniform,300,0.0014550154573450276,0.00011673526727626574,0.0019207406992257606,1.0
6,0.2,200,38,complete_rollout,300,6.000956747870205e-06,6.677859613870982e-07,5.267256654888808e-05,0.12601713569750675
6,0.2,200,38,tis,300,0.000842343904355877,0.00030038891453509605,0.0009691765115822208,17.68880706178323
6,0.2,200,38,uniform,300,4.762016462804696e-05,6.568302319598781e-06,-0.0002641708458513599,1.0
6,0.2,200,39,complete_rollout,300,3.0911426043580314e-05,2.391834145215574e-06,-2.8070444343861006e-05,0.018611431923557815
6,0.2,200,39,tis,300,0.007617941716071977,0.0027927196802219685,-0.0015786646953932044,4.5866794837098706
6,0.2,200,39,uniform,300,0.0016608838143428138,0.00021962351974348787,-0.001545259251036922,1.0
6,0.2,200,40,complete_rollout,300,2.6218786964401684e-05,2.1520856551523845e-06,0.0005635837659234107,0.027141374598874838
6,0.2,200,40,tis,300,0.003705372451890314,0.0003795112948088123,0.007324587596054045,3.835757233225658
6,0.2,200,40,uniform,300,0.0009660080726157694,7.890220908731414e-05,0.001983083106871762,1.0
6,0.2,200,41,complete_rollout,300,1.0688212238373114e-06,9.267723258700753e-08,4.685637545647955e-06,0.053197795401248284
6,0.2,200,41,tis,300,3.540905608305998e-06,2.1682062933983762e-06,-3.183853662345785e-05,0.17623936340776408
6,0.2,200,41,uniform,300,2.0091457094709445e-05,2.9058291790976174e-06,-2.8693159783023483e-05,1.0
6,0.2,200,42,complete_rollout,300,1.1397804404625483e-05,8.43999564994146e-07,-0.0003104358266193959,0.08882041027326767
6,0.2,200,42,tis,300,5.864320556043248e-05,8.091261849520757e-06,0.00033554761664230217,0.45699271479894615
6,0.2,200,42,uniform,300,0.00012832415848517968,1.4128832872351425e-05,0.0004242339020466927,1.0
6,0.2,200,43,complete_rollout,300,3.244172957501909e-07,3.231967292343754e-08,1.3019529847579925e-06,1.039825773330171
6,0.2,200,43,tis,300,3.5731412001847265e-07,6.175696410525015e-08,4.87713459235195e-05,1.145267025023524
6,0.2,200,43,uniform,300,3.119919741085127e-07,4.494348684767784e-08,7.670471756841584e-05,1.0
6,0.2,200,44,complete_rollout,300,1.8928629050337995e-05,1.4544385438824647e-06,-0.0001234466507862401,0.1759450704509426
6,0.2,200,44,tis,300,5.3969197332658024e-05,2.2039896325954285e-05,-0.000299970317847252,0.5016535641130219
6,0.2,200,44,uniform,300,0.0001075826051950442,1.177238725149245e-05,0.000811940353013297,1.0
6,0.2,200,45,complete_rollout,300,0.00013069366452326663,1.1138311079343196e-05,0.0010623995773266723,0.10106465112063344
6,0.2,200,45,tis,300,0.00019622908995536254,2.0570101187605422e-05,0.002285501090749899,0.15174281468347356
6,0.2,200,45,uniform,300,0.001293168907962362,0.00012503246243326637,0.0020062653219555344,1.0
6,0.2,200,46,complete_rollout,300,5.413223734038639e-08,4.039558120090115e-09,2.9922353878463204e-05,0.11509143335820096
6,0.2,200,46,tis,300,2.9473516333570364e-06,1.5499537001783959e-06,0.00014742708002973392,6.26641241448593
6,0.2,200,46,uniform,300,4.703411519075424e-07,2.7251470487949815e-07,-3.5427169420771586e-05,1.0
6,0.2,200,47,complete_rollout,300,6.908482129042558e-05,5.6282525126421455e-06,-0.00035304828731076064,0.0662623512368486
6,0.2,200,47,tis,300,0.0017406094538190409,0.0004923676109723084,0.0024742529296876313,1.6694966106993598
6,0.2,200,47,uniform,300,0.0010425953803463498,8.884561637926015e-05,0.00041886474216120464,1.0
6,0.2,200,48,complete_rollout,300,2.629299299934042e-05,2.2473646045715357e-06,-5.801909369449021e-05,0.04463602029152346
6,0.2,200,48,tis,300,3.331995310962402e-05,3.324616486240346e-06,0.0003813180892662723,0.05656526448514618
6,0.2,200,48,uniform,300,0.0005890532540225938,9.047018009663355e-05,-0.0012848773006378744,1.0
6,0.2,200,49,complete_rollout,300,5.495714654319956e-05,4.593405935228159e-06,9.788886217077852e-05,0.05592117732039859
6,0.2,200,49,tis,300,0.001078261272674237,0.0002526352963244547,0.0019353960076289015,1.0971755926144593
6,0.2,200,49,uniform,300,0.0009827608998345002,8.216793434143597e-05,0.0015157650429021648,1.0
6,0.2,400,0,complete_rollout,300,3.576289849221847e-06,3.122875454644239e-07,1.2424250042523492e-05,0.02229240189861611
6,0.2,400,0,tis,300,7.877472294912104e-06,3.3422533016197715e-06,0.0001310167002360411,0.04910334054204367
6,0.2,400,0,uniform,300,0.0001604264029280694,1.4495670525490001e-05,0.0004330329935176606,1.0
6,0.2,400,1,complete_rollout,300,2.1434093923090688e-05,1.7309206674254487e-06,5.584203853685151e-05,0.07718762833663773
6,0.2,400,1,tis,300,1.1657728270999357e-05,9.131741496361967e-07,-7.379773464451845e-05,0.04198135924290386
6,0.2,400,1,uniform,300,0.00027768820450876355,2.369087019342584e-05,0.0001222635142485373,1.0
6,0.2,400,2,complete_rollout,300,8.535016017657581e-05,6.329885915872217e-06,0.00041254882407856314,0.06486946042888049
6,0.2,400,2,tis,300,0.0006668379856836933,0.00013655646061247793,0.0010380379495872648,0.5068229542310178
6,0.2,400,2,uniform,300,0.0013157217527676108,0.00011396179963835365,0.001831802865321229,1.0
6,0.2,400,3,complete_rollout,300,5.873886209626417e-06,4.797065533525869e-07,4.40067008152667e-05,0.031845738397563314
6,0.2,400,3,tis,300,3.445550751258251e-05,1.3503310355788018e-05,0.00016650602291061153,0.1868032575780467
6,0.2,400,3,uniform,300,0.00018444810845007317,1.5002205418321369e-05,0.000638681586741221,1.0
6,0.2,400,4,complete_rollout,300,3.181548663324458e-05,2.246377022163428e-06,-0.00037893165717669766,0.16754943941155287
6,0.2,400,4,tis,300,5.788797605466845e-05,2.0384007614164846e-05,-0.00011051515563194503,0.3048546152518796
6,0.2,400,4,uniform,300,0.00018988715656097167,1.601739822658297e-05,-0.0011097439475371133,1.0
6,0.2,400,5,complete_rollout,300,0.00014517031404670736,1.2811594906545677e-05,0.0006417752255404648,0.10330855549000079
6,0.2,400,5,tis,300,0.004181545361184821,0.0023659466040049635,-0.0018698099644134188,2.9757420710747264
6,0.2,400,5,uniform,300,0.0014052109562286772,0.00012347503957515875,-0.005938010172537226,1.0
6,0.2,400,6,complete_rollout,300,4.28923060509387e-06,3.41856719416052e-07,0.00021043659248616583,0.04627349323553123
6,0.2,400,6,tis,300,1.7213602948220289e-06,1.3598714272655977e-07,0.00018368673904604134,0.018570545930490016
6,0.2,400,6,uniform,300,9.269303666489507e-05,1.1184870947595465e-05,0.0046219789471857895,1.0
6,0.2,400,7,complete_rollout,300,1.831979586530847e-05,1.3689123933232626e-06,0.00021003533747279146,0.14130760645817653
6,0.2,400,7,tis,300,1.805641861973295e-05,1.752024735203286e-06,-0.00010583352064036452,0.13927607682534363
6,0.2,400,7,uniform,300,0.00012964479637358139,1.09778384865618e-05,-0.00039727009494865405,1.0
6,0.2,400,8,complete_rollout,300,8.265919201185891e-05,6.956476119573422e-06,0.000897193532532025,0.2261716126709604
6,0.2,400,8,tis,300,0.0001627056237682431,2.6113369559691892e-05,-0.0012198622961961296,0.445194205540003
6,0.2,400,8,uniform,300,0.000365471117421413,2.7196771646458426e-05,-0.000915402935188611,1.0
6,0.2,400,9,complete_rollout,300,3.344193745307073e-05,2.360833502758366e-06,-5.792615078807906e-05,0.06879127072358299
6,0.2,400,9,tis,300,0.00012274170804724082,2.0015401372377585e-05,-0.0010710458525386428,0.2524841175605218
6,0.2,400,9,uniform,300,0.00048613635278590923,4.405105545840288e-05,-0.00039307196783800645,1.0
6,0.2,400,10,complete_rollout,300,4.614098686023898e-06,3.755796308132412e-07,2.941749076071846e-05,0.03034194871858929
6,0.2,400,10,tis,300,9.664804105685238e-05,3.383957340641848e-05,-0.000535037196993026,0.6355498885148766
6,0.2,400,10,uniform,300,0.00015206995202641767,1.3156567972218918e-05,0.00021666626635085933,1.0
6,0.2,400,11,complete_rollout,300,0.00013172867942139998,1.0537850943099532e-05,-0.0004608255069793343,0.04818933335434385
6,0.2,400,11,tis,300,0.00039631571176393214,8.205606809105805e-05,-0.000643408592017165,0.1449812602057679
6,0.2,400,11,uniform,300,0.002733565091112135,0.0001897775681928216,-0.004886103854939541,1.0
6,0.2,400,12,complete_rollout,300,0.00011057493590993691,8.547001537202247e-06,-0.0007480133143956517,0.09085507688899194
6,0.2,400,12,tis,300,0.00018420094795139339,5.345203105603648e-05,0.0010986609586360174,0.15135067591429724
6,0.2,400,12,uniform,300,0.0012170474088645479,8.771177307476783e-05,0.003847695074100915,1.0
6,0.2,400,13,complete_rollout,300,1.1258141803968207e-05,9.77495997987393e-07,-0.00024095536425788506,0.06785117480871614
6,0.2,400,13,tis,300,0.0001600768626960707,1.9614478206403613e-05,0.0002496250083984064,0.9647598496044506
6,0.2,400,13,uniform,300,0.00016592405121513076,2.243171859374186e-05,0.0009704076093075228,1.0
6,0.2,400,14,complete_rollout,300,8.727310076391152e-07,9.896260029946014e-08,-0.0001050379925852211,0.04237863966915035
6,0.2,400,14,tis,300,2.643997207827915e-05,1.0764395433204e-05,0.0007685920622166768,1.283889353947562
6,0.2,400,14,uniform,300,2.0593653181237485e-05,8.15652245580978e-06,0.0008693960818746641,1.0
6,0.2,400,15,complete_rollout,300,6.190028382397489e-05,4.654607804311388e-06,0.00010611988437343456,0.07541175699327218
6,0.2,400,15,tis,300,0.0005217444895393791,0.00011804775686410697,0.00023896351988591155,0.6356298586547569
6,0.2,400,15,uniform,300,0.0008208306806788402,5.961241872930432e-05,-0.0003199740631803653,1.0
6,0.2,400,16,complete_rollout,300,0.0003347877150779962,2.6408532032587825e-05,6.676009945542442e-07,0.17203373056220056
6,0.2,400,16,tis,300,0.0001462643639723687,1.0374279661132142e-05,0.000707250812760812,0.07515928168574516
6,0.2,400,16,uniform,300,0.0019460585664446209,0.00016871629366201104,0.0015878033414103202,1.0
6,0.2,400,17,complete_rollout,300,1.1712390074844076e-06,9.27255285042173e-08,4.8644405909841204e-05,0.01745844634701993
6,0.2,400,17,tis,300,5.980602118444528e-05,2.2413222041452913e-05,0.00034203609774089355,0.8914663919193925
6,0.2,400,17,uniform,300,6.70872415679951e-05,2.275107405440557e-05,9.687002315181677e-05,1.0
6,0.2,400,18,complete_rollout,300,2.7927153569255466e-05,2.2182657758339264e-06,0.00023862403628386689,0.047797546578347096
6,0.2,400,18,tis,300,3.2817455248277634e-05,4.687150011056461e-06,0.0003947066608174913,0.05616733699417223
6,0.2,400,18,uniform,300,0.0005842800639040923,5.737059802839104e-05,0.0065419762848777496,1.0
6,0.2,400,19,complete_rollout,300,6.0855181299139354e-06,5.131298968692499e-07,-9.459967317408429e-05,0.040467233865749595
6,0.2,400,19,tis,300,0.0004255031996390552,0.00015150365745221964,-0.0015806966845186786,2.8294940747570996
6,0.2,400,19,uniform,300,0.00015038137150917444,1.3808684665616e-05,-0.0003480047825556139,1.0
6,0.2,400,20,complete_rollout,300,0.005263725838122809,0.0004621924083281369,-0.002456969452679183,0.07808889179522356
6,0.2,400,20,tis,300,0.001619247452032935,0.0002027882256647373,0.002190207534102789,0.02402200322739172
6,0.2,400,20,uniform,300,0.0674068451621281,0.005400824917909841,0.01533096502787222,1.0
6,0.2,400,21,complete_rollout,300,2.9410442300621833e-05,2.237513623416443e-06,5.925195565034199e-05,0.04334092143726109
6,0.2,400,21,tis,300,2.5921764206904133e-05,2.1576734524786087e-06,0.00011164312109006147,0.03819980449538784
6,0.2,400,21,uniform,300,0.0006785836877786605,5.108970007982613e-05,0.00014649949274285313,1.0
6,0.2,400,22,complete_rollout,300,4.912886037684436e-06,4.1116163557188196e-07,0.00021669463038333613,0.09246009442076907
6,0.2,400,22,tis,300,1.6821442667102884e-05,3.6374571198505946e-06,0.0003829012269810287,0.31657811017064486
6,0.2,400,22,uniform,300,5.3135204635707866e-05,4.168617492789845e-06,0.0009794927912567708,1.0
6,0.2,400,23,complete_rollout,300,1.516870644690035e-06,1.228501446955479e-07,-9.10227198847798e-05,0.058051726307116816
6,0.2,400,23,tis,300,2.9092394305635915e-05,1.2370401153005545e-05,-0.00019959285847366356,1.113386772801982
6,0.2,400,23,uniform,300,2.6129638878699032e-05,4.104549886092291e-06,-0.00037995775750141977,1.0
6,0.2,400,24,complete_rollout,300,8.626119473801634e-05,7.0975382554660636e-06,0.0014806477402954836,0.17401549908396444
6,0.2,400,24,tis,300,0.00037921023137306144,6.10382021582944e-05,0.0008981326413631867,0.7649842767717546
6,0.2,400,24,uniform,300,0.0004957098372967016,4.2052288137503294e-05,0.0014532349522281684,1.0
6,0.2,400,25,complete_rollout,300,2.35724224185391e-06,1.8452777485704329e-07,-1.1582073847078433e-05,0.1441985491475872
6,0.2,400,25,tis,300,1.1404395624383652e-05,9.60875260109757e-06,-0.0002329622070029321,0.697636107881666
6,0.2,400,25,uniform,300,1.6347198052882438e-05,1.4068446145672087e-06,6.271223669149192e-05,1.0
6,0.2,400,26,complete_rollout,300,7.412460472252922e-06,6.324242790072168e-07,-0.0001665494059150774,0.014096334205304864
6,0.2,400,26,tis,300,0.0006057205506949021,8.352410176818053e-05,-0.00015224218353983095,1.1519035210479172
6,0.2,400,26,uniform,300,0.0005258431280285193,6.51127186132323e-05,0.000666678474622658,1.0
6,0.2,400,27,complete_rollout,300,5.941586053703841e-05,4.8978290854925915e-06,-0.0002979201865968169,0.027123832835545092
6,0.2,400,27,tis,300,0.001162143858185643,0.0002626416955924121,0.002089140933350378,0.5305283043175463
6,0.2,400,27,uniform,300,0.002190540728417093,0.0002443627668203686,-0.0016086479303484265,1.0
6,0.2,400,28,complete_rollout,300,0.00028937203018822755,2.5871083726365732e-05,0.001755737644339148,0.06209887932955096
6,0.2,400,28,tis,300,6.671711238023296e-05,9.185322998888872e-06,-0.00021041708072241816,0.014317409696511602
6,0.2,400,28,uniform,300,0.004659859136145863,0.00041133240041753717,-0.006200813105726933,1.0
6,0.2,400,29,complete_rollout,300,8.029211480863232e-05,6.405640892499054e-06,-0.0014654966607073705,0.06353828313102894
6,0.2,400,29,tis,300,9.071326212360674e-05,3.468846790045964e-05,-0.000592663058048798,0.0717849435936055
6,0.2,400,29,uniform,300,0.0012636808999552847,0.00010047628080018724,-0.00013278757585516592,1.0
6,0.2,400,30,complete_rollout,300,1.3564638510594188e-05,1.1369806712864572e-06,0.0001298078846322041,0.376396627817957
6,0.2,400,30,tis,300,5.6873130510363376e-05,1.1193372007945781e-05,-0.0003953843801035835,1.5781367502593058
6,0.2,400,30,uniform,300,3.603815100371909e-05,2.889156535817567e-06,0.00015027596073761808,1.0
6,0.2,400,31,complete_rollout,300,0.00011601213568044462,9.399477646291212e-06,0.00017857884777767433,0.08487302977010745
6,0.2,400,31,tis,300,0.00012623114681370253,1.4943754300890159e-05,0.000802670807324548,0.09234913070598788
6,0.2,400,31,uniform,300,0.0013668904715041109,0.00010556170334661335,-0.00012214263732548858,1.0
6,0.2,400,32,complete_rollout,300,0.0012608375174761764,9.956353598440375e-05,-0.0029333239520468765,0.060066905585863195
6,0.2,400,32,tis,300,0.04568109693882067,0.0036125840120395996,0.01087842480785916,2.1762694231809707
6,0.2,400,32,uniform,300,0.020990552204722124,0.0017760773607664768,-0.0008491778998917465,1.0
6,0.2,400,33,complete_rollout,300,0.00019067163702232427,1.6401278903775103e-05,-1.3274505267298527e-07,0.0761551849076476
6,0.2,400,33,tis,300,0.008369578827233808,0.0014499741008753972,-0.0029320886890436748,3.34285074141623
6,0.2,400,33,uniform,300,0.002503724956528558,0.00019163716054448855,-0.002340005580647892,1.0
6,0.2,400,34,complete_rollout,300,3.459004187405782e-05,3.0651401863926366e-06,-8.332284824271656e-05,0.14946544464231096
6,0.2,400,34,tis,300,0.0001953340377889381,5.6528788912875516e-05,0.00041548315180606345,0.8440489583158924
6,0.2,400,34,uniform,300,0.0002314250090168735,2.0095721598130725e-05,-0.0003844892414150773,1.0
6,0.2,400,35,complete_rollout,300,0.00014086768729162073,1.0653154011666125e-05,-0.0006926393036817183,0.12089864401330601
6,0.2,400,35,tis,300,0.00012082116430516499,1.188542318743319e-05,-6.7225845203570485e-06,0.10369386488445727
6,0.2,400,35,uniform,300,0.0011651717721177827,9.15846609654152e-05,0.0011324410978409201,1.0
6,0.2,400,36,complete_rollout,300,4.539107865678451e-08,3.891051767671556e-09,2.899811146021373e-06,0.017077779084564166
6,0.2,400,36,tis,300,8.612232284386951e-06,3.4167601348491565e-06,-4.4726300841997356e-05,3.2402358509655804
6,0.2,400,36,uniform,300,2.6579029059938744e-06,5.83603210728454e-07,0.00040944934931604374,1.0
6,0.2,400,37,complete_rollout,300,6.469785531679719e-05,5.105965790654998e-06,-0.0001834394161722567,0.08349166126532652
6,0.2,400,37,tis,300,3.7650422581958785e-05,3.0080636707369083e-06,-0.00035591164550829296,0.048587334360883715
6,0.2,400,37,uniform,300,0.0007749020002272459,8.020851580737735e-05,0.002019491385754919,1.0
6,0.2,400,38,complete_rollout,300,2.637134560876961e-06,2.1569392140155183e-07,-2.609066750605719e-05,0.16725596829985406
6,0.2,400,38,tis,300,0.0001876507920156981,7.132522763910009e-05,0.0009432507588882914,11.901446132647477
6,0.2,400,38,uniform,300,1.5767058046916117e-05,1.4925610476504073e-06,0.000707031050533912,1.0
6,0.2,400,39,complete_rollout,300,1.965048718409729e-05,1.4178598117545154e-06,0.00013345524223960477,0.02451684665422059
6,0.2,400,39,tis,300,0.0036678173509161914,0.0013075238081887042,0.00682157536242553,4.576136698578894
6,0.2,400,39,uniform,300,0.0008015095685527097,7.58047261205772e-05,-0.0005364796702817317,1.0
6,0.2,400,40,complete_rollout,300,1.652081065925008e-05,1.1404460040208875e-06,0.00017700282296267782,0.035170509537386374
6,0.2,400,40,tis,300,0.0015069598539430074,0.0002493270984748992,0.0012608841785068145,3.2081080649565865
6,0.2,400,40,uniform,300,0.0004697347543881444,3.871778117864798e-05,0.0003140229678017281,1.0
6,0.2,400,41,complete_rollout,300,5.663485515499257e-07,4.6984389648137925e-08,-1.7447441791945313e-05,0.05651845867849609
6,0.2,400,41,tis,300,1.560893938930803e-06,8.238796744138955e-07,5.990941396351997e-05,0.15576859753158342
6,0.2,400,41,uniform,300,1.002059441803935e-05,9.269151185838461e-07,0.00018670660395819698,1.0
6,0.2,400,42,complete_rollout,300,5.777530600509894e-06,4.0823196568658434e-07,-0.00011642793808467926,0.0908205618949663
6,0.2,400,42,tis,300,1.916444698275695e-05,3.51825443635695e-06,6.864457867886771e-05,0.30125774551962886
6,0.2,400,42,uniform,300,6.361478590268567e-05,5.213859619747003e-06,-3.087028936306968e-05,1.0
6,0.2,400,43,complete_rollout,300,1.194259751878757e-07,1.0882482692266954e-08,2.311448427636013e-05,0.28513710125490865
6,0.2,400,43,tis,300,3.2695012008391917e-07,1.5738943686137266e-07,4.700947103379131e-05,0.7806141783562124
6,0.2,400,43,uniform,300,4.1883702493387745e-07,1.7123360349307013e-07,4.3679473447817415e-05,1.0
6,0.2,400,44,complete_rollout,300,9.146152004641667e-06,7.220159638450679e-07,-4.144773901309702e-06,0.1881337689257846
6,0.2,400,44,tis,300,1.0538542487448975e-05,9.73902485044565e-07,0.0004765365103431958,0.21677484871693495
6,0.2,400,44,uniform,300,4.8615153233068224e-05,4.485581881290935e-06,0.0009426913758774033,1.0
6,0.2,400,45,complete_rollout,300,5.1021310519212094e-05,4.204869397795904e-06,4.366125443385253e-05,0.08268586343768425
6,0.2,400,45,tis,300,0.00010182755191183378,1.025184839941896e-05,-0.00017747701512799214,0.16502318278173492
6,0.2,400,45,uniform,300,0.0006170499816775092,5.643622568166674e-05,0.003947947637064182,1.0
6,0.2,400,46,complete_rollout,300,3.538851195620948e-08,3.699536866423408e-09,-1.785456910458838e-05,0.43140866426277197
6,0.2,400,46,tis,300,4.774254223391576e-08,2.3875079595732882e-08,3.5409001807980754e-06,0.5820122190819776
6,0.2,400,46,uniform,300,8.20301372868447e-08,2.711758126639519e-08,-4.908268281852054e-07,1.0
6,0.2,400,47,complete_rollout,300,2.9021882632473682e-05,2.396911998397124e-06,0.00031492804708486885,0.06791972578354163
6,0.2,400,47,tis,300,0.0010816294260193023,0.00023465190589684102,0.0008373691562930634,2.531330408332605
6,0.2,400,47,uniform,300,0.00042729681690655897,3.594849208716317e-05,-0.0018582109938902836,1.0
6,0.2,400,48,complete_rollout,300,1.741065805256891e-05,1.416424044791399e-06,-0.00041460589810541124,0.05368657456192699
6,0.2,400,48,tis,300,9.849778067136738e-05,8.089862931422757e-05,-0.00035803906786158933,0.3037224917192295
6,0.2,400,48,uniform,300,0.0003243018984659911,4.591926113378214e-05,-0.0003211423776069792,1.0
6,0.2,400,49,complete_rollout,300,2.4171256216902437e-05,2.095690105607621e-06,-0.00030131556810847413,0.05781946187526803
6,0.2,400,49,tis,300,0.0010095385504821043,0.00015714010042730048,-0.003730097955284591,2.414892101900596
6,0.2,400,49,uniform,300,0.0004180470629257372,3.633695495226075e-05,-0.0010728186817604464,1.0
