horizon,alpha,budget_per_shared_group,panel_index,method,replications,mse,mse_se,bias,normalized_to_uniform
2,0.1,50,0,learned_mean,300,0.0001282008609765477,7.132305596983762e-05,4.5880860357368674e-06,0.2550597389868213
2,0.1,50,0,learned_occupancy,300,2.1170503053145573e-05,1.8680380085781794e-06,0.000309059407430509,0.04211939718519371
2,0.1,50,0,oracle_no_cov,300,1.4607950756464728e-05,1.310400805333271e-06,4.857911876238963e-05,0.029062988178822188
2,0.1,50,0,oracle_tail,300,1.4607950756464728e-05,1.310400805333271e-06,4.857911876238963e-05,0.029062988178822188
2,0.1,50,0,tis,300,0.0005322411837086715,7.838217276402071e-05,0.0018044122692090487,1.058910964877252
2,0.1,50,0,tis_no_cov,300,0.0005322411837086715,7.838217276402071e-05,0.0018044122692090487,1.058910964877252
2,0.1,50,0,uniform,300,0.0005026307228487037,6.322901531256208e-05,0.00044235510861770095,1.0
2,0.1,50,1,learned_mean,300,0.0,0.0,0.0,0.0
2,0.1,50,1,learned_occupancy,300,0.0,0.0,0.0,0.0
2,0.1,50,1,oracle_no_cov,300,0.0,0.0,0.0,0.0
2,0.1,50,1,oracle_tail,300,0.0,0.0,0.0,0.0
2,0.1,50,1,tis,300,0.0,0.0,0.0,0.0
2,0.1,50,1,tis_no_cov,300,0.0,0.0,0.0,0.0
2,0.1,50,1,uniform,300,0.0,0.0,0.0,0.0
2,0.1,50,2,learned_mean,300,0.0025190621389518746,0.0008844600023065893,0.006902075031893113,0.23838297831915478
2,0.1,50,2,learned_occupancy,300,0.0006185623710716867,4.4712536749182123e-05,0.0029024407933751378,0.05853557084287706
2,0.1,50,2,oracle_no_cov,300,0.000342003935448048,2.5492136711013376e-05,0.0005908222284771932,0.03236439286999866
2,0.1,50,2,oracle_tail,300,0.000342003935448048,2.5492136711013376e-05,0.0005908222284771932,0.03236439286999866
2,0.1,50,2,tis,300,0.003926153067080276,0.0009458982413857544,0.00992991892952606,0.37153829871656097
2,0.1,50,2,tis_no_cov,300,0.003926153067080276,0.0009458982413857544,0.00992991892952606,0.37153829871656097
2,0.1,50,2,uniform,300,0.010567290318771306,0.0010415146406697255,0.017783072591926366,1.0
2,0.1,50,3,learned_mean,300,0.005410051452641355,0.0014228284998800556,-0.0010643109632362138,2.191869955296764
2,0.1,50,3,learned_occupancy,300,0.00047885261444942677,5.6170341094787126e-05,-0.0006568564595601519,0.19400604001918778
2,0.1,50,3,oracle_no_cov,300,0.00011918512427837176,9.84270229817193e-06,-0.0008462398453308037,0.0482875801294883
2,0.1,50,3,oracle_tail,300,0.00011918512427837176,9.84270229817193e-06,-0.0008462398453308037,0.0482875801294883
2,0.1,50,3,tis,300,0.005584135493622656,0.001477450170748064,-0.0019339583212848877,2.2623997057924403
2,0.1,50,3,tis_no_cov,300,0.005584135493622656,0.001477450170748064,-0.0019339583212848877,2.2623997057924403
2,0.1,50,3,uniform,300,0.002468235599273439,0.00022337218327244404,0.0008143490809868352,1.0
2,0.1,50,4,learned_mean,300,0.0,0.0,0.0,0.0
2,0.1,50,4,learned_occupancy,300,0.0,0.0,0.0,0.0
2,0.1,50,4,oracle_no_cov,300,0.0,0.0,0.0,0.0
2,0.1,50,4,oracle_tail,300,0.0,0.0,0.0,0.0
2,0.1,50,4,tis,300,0.0,0.0,0.0,0.0
2,0.1,50,4,tis_no_cov,300,0.0,0.0,0.0,0.0
2,0.1,50,4,uniform,300,0.0,0.0,0.0,0.0
2,0.1,50,5,learned_mean,300,0.0,0.0,0.0,0.0
2,0.1,50,5,learned_occupancy,300,0.0,0.0,0.0,0.0
2,0.1,50,5,oracle_no_cov,300,6.702421399176949e-06,5.576241011794698e-06,0.00024303703703703697,1.0
2,0.1,50,5,oracle_tail,300,6.702421399176949e-06,5.576241011794698e-06,0.00024303703703703697,1.0
2,0.1,50,5,tis,300,3.809051474320852e-08,3.802697756012054e-08,1.1268024781538322e-05,0.005683097566483361
2,0.1,50,5,tis_no_cov,300,3.809051474320852e-08,3.802697756012054e-08,1.1268024781538322e-05,0.005683097566483361
2,0.1,50,5,uniform,300,6.702421399176949e-06,5.576241011794698e-06,0.00024303703703703697,1.0
2,0.1,50,6,learned_mean,300,0.007877239857238877,0.0009378195231970811,0.015480439768635371,0.11651712410696806
2,0.1,50,6,learned_occupancy,300,0.00291624322043899,0.00023012239988142564,0.0018301395416747202,0.043135956172483204
2,0.1,50,6,oracle_no_cov,300,0.0014423819252388892,0.00012021972663433996,0.002633706614955144,0.021335162676081845
2,0.1,50,6,oracle_tail,300,0.0014423819252388892,0.00012021972663433996,0.002633706614955144,0.021335162676081845
2,0.1,50,6,tis,300,0.026990373187829094,0.0032204736264571853,0.013064435852808455,0.3992312941353029
2,0.1,50,6,tis_no_cov,300,0.026990373187829094,0.0032204736264571853,0.013064435852808455,0.3992312941353029
2,0.1,50,6,uniform,300,0.0676058555136257,0.004556447161151532,0.014919193239969725,1.0
2,0.1,50,7,learned_mean,300,2.5923410317974912e-05,4.866511398533046e-06,0.0020526843929786587,0.0022427141392071695
2,0.1,50,7,learned_occupancy,300,4.1617727681961845e-05,6.936183084783052e-06,0.002819843959372666,0.0036004779143310158
2,0.1,50,7,oracle_no_cov,300,0.011558945415637857,0.0021994958226917,0.055124148148148165,1.0
2,0.1,50,7,oracle_tail,300,0.011558945415637857,0.0021994958226917,0.055124148148148165,1.0
2,0.1,50,7,tis,300,0.006188080375179567,0.002170891776478831,0.022894688831639646,0.5353499088946161
2,0.1,50,7,tis_no_cov,300,0.006188080375179567,0.002170891776478831,0.022894688831639646,0.5353499088946161
2,0.1,50,7,uniform,300,0.011558945415637857,0.0021994958226917,0.055124148148148165,1.0
2,0.1,50,8,learned_mean,300,0.0,0.0,0.0,0.0
2,0.1,50,8,learned_occupancy,300,0.0,0.0,0.0,0.0
2,0.1,50,8,oracle_no_cov,300,0.0,0.0,0.0,0.0
2,0.1,50,8,oracle_tail,300,0.0,0.0,0.0,0.0
2,0.1,50,8,tis,300,4.256809361914475e-06,4.24970875753509e-06,0.00011911911911911923,4256809361.9144745
2,0.1,50,8,tis_no_cov,300,4.256809361914475e-06,4.24970875753509e-06,0.00011911911911911923,4256809361.9144745
2,0.1,50,8,uniform,300,0.0,0.0,0.0,0.0
2,0.1,50,9,learned_mean,300,8.682292083400176e-07,5.4501815656772e-07,0.00010764897103506606,0.000599075752244821
2,0.1,50,9,learned_occupancy,300,1.5330731411878008e-06,8.441290711763817e-07,0.0001640333750870566,0.0010578162269608148
2,0.1,50,9,oracle_no_cov,300,0.0014492811720164616,0.00023940831402998166,0.017522666666666693,1.0
2,0.1,50,9,oracle_tail,300,0.0014492811720164616,0.00023940831402998166,0.017522666666666693,1.0
2,0.1,50,9,tis,300,0.001282412841276975,0.00028589626596899493,0.01221850824301159,0.8848613133452126
2,0.1,50,9,tis_no_cov,300,0.001282412841276975,0.00028589626596899493,0.01221850824301159,0.8848613133452126
2,0.1,50,9,uniform,300,0.0014492811720164616,0.00023940831402998166,0.017522666666666693,1.0
2,0.1,50,10,learned_mean,300,0.0,0.0,0.0,0.0
2,0.1,50,10,learned_occupancy,300,0.0,0.0,0.0,0.0
2,0.1,50,10,oracle_no_cov,300,0.00034215496296296317,0.00013902733077733386,0.004247555555555559,1.0
2,0.1,50,10,oracle_tail,300,0.00034215496296296317,0.00013902733077733386,0.004247555555555559,1.0
2,0.1,50,10,tis,300,0.0007546582742715694,0.0002076495402730268,0.007745421096772451,2.205603764260634
2,0.1,50,10,tis_no_cov,300,0.0007546582742715694,0.0002076495402730268,0.007745421096772451,2.205603764260634
2,0.1,50,10,uniform,300,0.00034215496296296317,0.00013902733077733386,0.004247555555555559,1.0
2,0.1,50,11,learned_mean,300,0.0,0.0,0.0,0.0
2,0.1,50,11,learned_occupancy,300,0.0,0.0,0.0,0.0
2,0.1,50,11,oracle_no_cov,300,0.0,0.0,0.0,0.0
2,0.1,50,11,oracle_tail,300,0.0,0.0,0.0,0.0
2,0.1,50,11,tis,300,0.0,0.0,0.0,0.0
2,0.1,50,11,tis_no_cov,300,0.0,0.0,0.0,0.0
2,0.1,50,11,uniform,300,0.0,0.0,0.0,0.0
2,0.1,50,12,learned_mean,300,0.0007685320165145868,7.07682322519863e-05,0.002928235654444385,0.17014314702467181
2,0.1,50,12,learned_occupancy,300,0.0007743218073834233,6.978565013666705e-05,0.002932455255081671,0.1714249325819035
2,0.1,50,12,oracle_no_cov,300,0.00016832819556851684,1.3309587362416131e-05,0.000867729947692483,0.037265706973273874
2,0.1,50,12,oracle_tail,300,0.00016832819556851684,1.3309587362416131e-05,0.000867729947692483,0.037265706973273874
2,0.1,50,12,tis,300,0.0014707129006328375,0.0001674706732724945,0.007268739988977785,0.32559700299578215
2,0.1,50,12,tis_no_cov,300,0.0014707129006328375,0.0001674706732724945,0.007268739988977785,0.32559700299578215
2,0.1,50,12,uniform,300,0.00451697308974275,0.00036117451018832856,0.0145791727551877,1.0
2,0.1,50,13,learned_mean,300,0.0,0.0,0.0,0.0
2,0.1,50,13,learned_occupancy,300,0.0,0.0,0.0,0.0
2,0.1,50,13,oracle_no_cov,300,0.0,0.0,0.0,0.0
2,0.1,50,13,oracle_tail,300,0.0,0.0,0.0,0.0
2,0.1,50,13,tis,300,0.0,0.0,0.0,0.0
2,0.1,50,13,tis_no_cov,300,0.0,0.0,0.0,0.0
2,0.1,50,13,uniform,300,0.0,0.0,0.0,0.0
2,0.1,50,14,learned_mean,300,1.147226720491242e-05,5.582115575319174e-06,-0.00010458885630305614,0.37363914539438076
2,0.1,50,14,learned_occupancy,300,9.142746698856033e-06,5.788546263927168e-06,-0.00018505292682574837,0.2977692205124979
2,0.1,50,14,oracle_no_cov,300,7.817459918128634e-07,3.306171480968845e-07,-1.527246418383162e-05,0.025460608533539705
2,0.1,50,14,oracle_tail,300,7.817459918128634e-07,3.306171480968845e-07,-1.527246418383162e-05,0.025460608533539705
2,0.1,50,14,tis,300,0.0001842424398154856,6.33671468482742e-05,0.0023367409362608357,6.000573951812797
2,0.1,50,14,tis_no_cov,300,0.0001842424398154856,6.33671468482742e-05,0.0023367409362608357,6.000573951812797
2,0.1,50,14,uniform,300,3.0704136186810136e-05,8.320778771698526e-06,0.0007511033824065572,1.0
2,0.1,50,15,learned_mean,300,0.0,0.0,0.0,0.0
2,0.1,50,15,learned_occupancy,300,0.0,0.0,0.0,0.0
2,0.1,50,15,oracle_no_cov,300,8.987781069958874e-06,7.829253127142735e-06,0.0002732592592592602,1.0
2,0.1,50,15,oracle_tail,300,8.987781069958874e-06,7.829253127142735e-06,0.0002732592592592602,1.0
2,0.1,50,15,tis,300,1.8372605216205588e-05,9.023190179280752e-06,0.0005220084949814682,2.04417587313235
2,0.1,50,15,tis_no_cov,300,1.8372605216205588e-05,9.023190179280752e-06,0.0005220084949814682,2.04417587313235
2,0.1,50,15,uniform,300,8.987781069958874e-06,7.829253127142735e-06,0.0002732592592592602,1.0
2,0.1,50,16,learned_mean,300,0.00607455428346882,0.0020687052741188918,0.0150420421366803,0.21780629614514666
2,0.1,50,16,learned_occupancy,300,0.0015239876368538718,0.00021677887750102208,0.0014339670559317796,0.0546433675730672
2,0.1,50,16,oracle_no_cov,300,0.0004059167368013179,3.142296676319245e-05,0.0020472575913223646,0.014554355243251355
2,0.1,50,16,oracle_tail,300,0.0004059167368013179,3.142296676319245e-05,0.0020472575913223646,0.014554355243251355
2,0.1,50,16,tis,300,0.0064235314250494805,0.0019849582621880367,0.022564557279663607,0.2303190526536949
2,0.1,50,16,tis_no_cov,300,0.0064235314250494805,0.0019849582621880367,0.022564557279663607,0.2303190526536949
2,0.1,50,16,uniform,300,0.027889709301244084,0.003148024458270137,0.04420373936026943,1.0
2,0.1,50,17,learned_mean,300,0.004365634365859736,0.0029967838496897355,0.006495142680065875,0.6409371650312923
2,0.1,50,17,learned_occupancy,300,0.00012997120089806757,1.5314906118543414e-05,0.002447217713661667,0.019081619315344293
2,0.1,50,17,oracle_no_cov,300,0.00018892404659274066,2.776300021327358e-05,0.005793587741223565,0.02773673484346981
2,0.1,50,17,oracle_tail,300,0.00018892404659274066,2.776300021327358e-05,0.005793587741223565,0.02773673484346981
2,0.1,50,17,tis,300,0.007538497865686192,0.0026858096933565973,0.02456785458457756,1.1067586164366825
2,0.1,50,17,tis_no_cov,300,0.007538497865686192,0.0026858096933565973,0.02456785458457756,1.1067586164366825
2,0.1,50,17,uniform,300,0.0068113297278471815,0.0007577363444007204,0.0358028856889375,1.0
2,0.1,50,18,learned_mean,300,0.0012601736709206485,0.00025658993028350224,0.003230891593923623,0.0570800180512547
2,0.1,50,18,learned_occupancy,300,0.0012538328436978506,0.0001002387170550819,0.0019523047230910133,0.0567928080097429
2,0.1,50,18,oracle_no_cov,300,0.00042637834845859536,2.9434948193641638e-05,0.0009927998351180864,0.019312960100888586
2,0.1,50,18,oracle_tail,300,0.00042637834845859536,2.9434948193641638e-05,0.0009927998351180864,0.019312960100888586
2,0.1,50,18,tis,300,0.005602280143348705,0.0007377895526910282,0.007833720855475687,0.2537572868642054
2,0.1,50,18,tis_no_cov,300,0.005602280143348705,0.0007377895526910282,0.007833720855475687,0.2537572868642054
2,0.1,50,18,uniform,300,0.02207731731600159,0.0020075319924604193,0.021229943830257166,1.0
2,0.1,50,19,learned_mean,300,0.00048253178846786724,4.616018081772655e-05,0.006055793186489581,0.04274243956529123
2,0.1,50,19,learned_occupancy,300,0.0006144874458477705,6.0530711859040625e-05,0.007359880705612558,0.05443100982253217
2,0.1,50,19,oracle_no_cov,300,0.00018268406727253614,1.7824296067691624e-05,0.0034472569909207995,0.016182069019185348
2,0.1,50,19,oracle_tail,300,0.00018268406727253614,1.7824296067691624e-05,0.0034472569909207995,0.016182069019185348
2,0.1,50,19,tis,300,0.005214836453123472,0.0012749637592900012,0.02157291028310488,0.46192776780208067
2,0.1,50,19,tis_no_cov,300,0.005214836453123472,0.0012749637592900012,0.02157291028310488,0.46192776780208067
2,0.1,50,19,uniform,300,0.011289289834071722,0.0012940211930718543,0.042726358830740135,1.0
2,0.1,50,20,learned_mean,300,0.0003666406333172591,2.8695560121506003e-05,-0.0007285269068951605,0.042820242625630674
2,0.1,50,20,learned_occupancy,300,0.00042247559575460153,3.1842716744270574e-05,-0.00031730212734170537,0.049341250995401646
2,0.1,50,20,oracle_no_cov,300,0.00012458635319430767,1.025396714580378e-05,-0.0006377436234269366,0.014550536374964422
2,0.1,50,20,oracle_tail,300,0.00012458635319430767,1.025396714580378e-05,-0.0006377436234269366,0.014550536374964422
2,0.1,50,20,tis,300,0.0027677951611879,0.0005438832321651891,0.003819500475315247,0.32325293371822617
2,0.1,50,20,tis_no_cov,300,0.0027677951611879,0.0005438832321651891,0.003819500475315247,0.32325293371822617
2,0.1,50,20,uniform,300,0.008562320314780306,0.0008092412853105355,0.015004598489224306,1.0
2,0.1,50,21,learned_mean,300,0.00015921609032085442,1.143592993884464e-05,0.0012497627263505224,0.07403546265599036
2,0.1,50,21,learned_occupancy,300,0.00018562753386045221,1.351285494247206e-05,0.0017133579429284018,0.08631678069316973
2,0.1,50,21,oracle_no_cov,300,7.36370190788428e-05,5.0594864304897355e-06,0.0004435638492376276,0.03424120492548004
2,0.1,50,21,oracle_tail,300,7.36370190788428e-05,5.0594864304897355e-06,0.0004435638492376276,0.03424120492548004
2,0.1,50,21,tis,300,0.001672691972173205,0.00022748264139545743,0.01521439534148643,0.7778015638447289
2,0.1,50,21,tis_no_cov,300,0.001672691972173205,0.00022748264139545743,0.01521439534148643,0.7778015638447289
2,0.1,50,21,uniform,300,0.0021505381962784553,0.00022833976103925043,0.020123345950686655,1.0
2,0.1,50,22,learned_mean,300,0.0,0.0,0.0,0.0
2,0.1,50,22,learned_occupancy,300,0.0,0.0,0.0,0.0
2,0.1,50,22,oracle_no_cov,300,0.0,0.0,0.0,0.0
2,0.1,50,22,oracle_tail,300,0.0,0.0,0.0,0.0
2,0.1,50,22,tis,300,0.0,0.0,0.0,0.0
2,0.1,50,22,tis_no_cov,300,0.0,0.0,0.0,0.0
2,0.1,50,22,uniform,300,0.0,0.0,0.0,0.0
2,0.1,50,23,learned_mean,300,0.00023725635557087074,2.1625162682546332e-05,-0.0005198347675464405,0.08757104246023759
2,0.1,50,23,learned_occupancy,300,0.00026371509055808244,2.3336116834028795e-05,-0.0005614246126029595,0.09733693049908161
2,0.1,50,23,oracle_no_cov,300,9.083060207771064e-05,7.777528266258788e-06,-0.0005788645032343753,0.03352546865224088
2,0.1,50,23,oracle_tail,300,9.083060207771064e-05,7.777528266258788e-06,-0.0005788645032343753,0.03352546865224088
2,0.1,50,23,tis,300,0.0018054799021015918,0.00023877751169136056,0.01147451473483408,0.666400513434574
2,0.1,50,23,tis_no_cov,300,0.0018054799021015918,0.00023877751169136056,0.01147451473483408,0.666400513434574
2,0.1,50,23,uniform,300,0.002709301487173675,0.0002664004103622842,0.019082206678536304,1.0
2,0.1,50,24,learned_mean,300,0.0,0.0,0.0,0.0
2,0.1,50,24,learned_occupancy,300,0.0,0.0,0.0,0.0
2,0.1,50,24,oracle_no_cov,300,0.0,0.0,0.0,0.0
2,0.1,50,24,oracle_tail,300,0.0,0.0,0.0,0.0
2,0.1,50,24,tis,300,0.0,0.0,0.0,0.0
2,0.1,50,24,tis_no_cov,300,0.0,0.0,0.0,0.0
2,0.1,50,24,uniform,300,0.0,0.0,0.0,0.0
2,0.1,50,25,learned_mean,300,9.658066732239552e-05,1.3436527128165026e-05,0.0031137624811075713,0.05499472081657736
2,0.1,50,25,learned_occupancy,300,9.810644983206073e-05,1.1421286040143157e-05,-0.00015060183522807986,0.05586352805794541
2,0.1,50,25,oracle_no_cov,300,4.518843884233942e-05,5.1444786458632324e-06,-0.000361010004255334,0.02573108725761699
2,0.1,50,25,oracle_tail,300,4.518843884233942e-05,5.1444786458632324e-06,-0.000361010004255334,0.02573108725761699
2,0.1,50,25,tis,300,0.001090443151342127,0.00018294038975324287,0.0010232578729409325,0.6209173982431505
2,0.1,50,25,tis_no_cov,300,0.001090443151342127,0.00018294038975324287,0.0010232578729409325,0.6209173982431505
2,0.1,50,25,uniform,300,0.0017561807004079322,0.0002141041921254419,-0.0032278707114360176,1.0
2,0.1,50,26,learned_mean,300,0.0002090764202662447,4.8356243873666245e-05,0.0030794305911685414,0.3939258501510066
2,0.1,50,26,learned_occupancy,300,1.674121766197591e-05,1.29758392476157e-06,0.0006008120813517292,0.031542525893923756
2,0.1,50,26,oracle_no_cov,300,1.1470248973518875e-05,1.183066152773344e-06,0.00038457016143793153,0.02161136857319071
2,0.1,50,26,oracle_tail,300,1.1470248973518875e-05,1.183066152773344e-06,0.00038457016143793153,0.02161136857319071
2,0.1,50,26,tis,300,0.0003722660235996581,5.577942944880549e-05,0.00450643956735769,0.7013952584518486
2,0.1,50,26,tis_no_cov,300,0.0003722660235996581,5.577942944880549e-05,0.00450643956735769,0.7013952584518486
2,0.1,50,26,uniform,300,0.0005307506988589295,9.892125197683749e-05,0.0041492525620000316,1.0
2,0.1,50,27,learned_mean,300,3.8198435909111387e-07,2.543410862788925e-07,5.935543263002191e-05,0.0004229491301631636
2,0.1,50,27,learned_occupancy,300,2.3078763319512767e-08,2.304026660660768e-08,8.77092988599513e-06,2.555377632334194e-05
2,0.1,50,27,oracle_no_cov,300,0.0009031449218106998,0.00015309763864102013,0.013009481481481495,1.0
2,0.1,50,27,oracle_tail,300,0.0009031449218106998,0.00015309763864102013,0.013009481481481495,1.0
2,0.1,50,27,tis,300,0.0011553631415037867,0.0002264436955458184,0.013122950699989947,1.2792666089373774
2,0.1,50,27,tis_no_cov,300,0.0011553631415037867,0.0002264436955458184,0.013122950699989947,1.2792666089373774
2,0.1,50,27,uniform,300,0.0009031449218106998,0.00015309763864102013,0.013009481481481495,1.0
2,0.1,50,28,learned_mean,300,9.26868242857417e-06,5.9310402043039326e-06,0.00041160909074203813,0.009112865774368326
2,0.1,50,28,learned_occupancy,300,4.632058585649479e-07,4.159316553950075e-07,5.4576120264437366e-05,0.0004554188632021951
2,0.1,50,28,oracle_no_cov,300,0.0010170985349794253,0.00015202129489017983,0.014945777777777792,1.0
2,0.1,50,28,oracle_tail,300,0.0010170985349794253,0.00015202129489017983,0.014945777777777792,1.0
2,0.1,50,28,tis,300,0.0008331397047458969,0.00018602297228877438,0.010507854675118545,0.8191337182122187
2,0.1,50,28,tis_no_cov,300,0.0008331397047458969,0.00018602297228877438,0.010507854675118545,0.8191337182122187
2,0.1,50,28,uniform,300,0.0010170985349794253,0.00015202129489017983,0.014945777777777792,1.0
2,0.1,50,29,learned_mean,300,0.0,0.0,0.0,0.0
2,0.1,50,29,learned_occupancy,300,0.0,0.0,0.0,0.0
2,0.1,50,29,oracle_no_cov,300,2.1070597530864228e-05,1.978312784312649e-05,0.00036518518518518605,1.0
2,0.1,50,29,oracle_tail,300,2.1070597530864228e-05,1.978312784312649e-05,0.00036518518518518605,1.0
2,0.1,50,29,tis,300,9.88035304633862e-05,4.129131451325629e-05,0.0016591185780374976,4.68916604375641
2,0.1,50,29,tis_no_cov,300,9.88035304633862e-05,4.129131451325629e-05,0.0016591185780374976,4.68916604375641
2,0.1,50,29,uniform,300,2.1070597530864228e-05,1.978312784312649e-05,0.00036518518518518605,1.0
2,0.1,50,30,learned_mean,300,1.8563137831901273e-05,1.2496198478140473e-06,0.00021018048869158665,0.03783570864316707
2,0.1,50,30,learned_occupancy,300,1.885114477509332e-05,1.5716018088250642e-06,-0.00028083459462338513,0.03842272937686528
2,0.1,50,30,oracle_no_cov,300,0.005878777835369279,0.001112663678448752,0.026282569982988554,11.982226678007645
2,0.1,50,30,oracle_tail,300,0.005878777835369279,0.001112663678448752,0.026282569982988554,11.982226678007645
2,0.1,50,30,tis,300,0.0012986839943789877,0.00041570427780853413,0.005134659485393326,2.647000182610568
2,0.1,50,30,tis_no_cov,300,0.0012986839943789877,0.00041570427780853413,0.005134659485393326,2.647000182610568
2,0.1,50,30,uniform,300,0.000490624822359543,0.00012017606495555935,0.0008445784949706325,1.0
2,0.1,50,31,learned_mean,300,0.0007501975596231764,0.00015947193132248645,0.0016011380308221916,0.2747109671784193
2,0.1,50,31,learned_occupancy,300,0.00025133932662408287,2.5234933580530336e-05,-0.0006067016827457729,0.09203664904156182
2,0.1,50,31,oracle_no_cov,300,7.303059329415913e-05,5.782422654454076e-06,-0.0004310987931328782,0.026742695520803234
2,0.1,50,31,oracle_tail,300,7.303059329415913e-05,5.782422654454076e-06,-0.0004310987931328782,0.026742695520803234
2,0.1,50,31,tis,300,0.002478800952049718,0.00025424277878414715,0.007166571753466471,0.9076993096623869
2,0.1,50,31,tis_no_cov,300,0.002478800952049718,0.00025424277878414715,0.007166571753466471,0.9076993096623869
2,0.1,50,31,uniform,300,0.002730861338841045,0.0002122171468096296,0.006747613584054812,1.0
2,0.1,50,32,learned_mean,300,2.7071463777458204e-07,2.0932693397439242e-07,4.1331035390762736e-05,0.0020724676435853024
2,0.1,50,32,learned_occupancy,300,0.0,0.0,0.0,0.0
2,0.1,50,32,oracle_no_cov,300,0.0001306243012345681,4.0804422104472006e-05,0.0027003703703703742,1.0
2,0.1,50,32,oracle_tail,300,0.0001306243012345681,4.0804422104472006e-05,0.0027003703703703742,1.0
2,0.1,50,32,tis,300,0.00018362787484277505,5.623691472478261e-05,0.0032561886210534866,1.4057711551928302
2,0.1,50,32,tis_no_cov,300,0.00018362787484277505,5.623691472478261e-05,0.0032561886210534866,1.4057711551928302
2,0.1,50,32,uniform,300,0.0001306243012345681,4.0804422104472006e-05,0.0027003703703703742,1.0
2,0.1,50,33,learned_mean,300,5.3808142784682654e-05,5.005970218558078e-06,0.00021426257444405702,0.02227454588316222
2,0.1,50,33,learned_occupancy,300,7.690476728854116e-05,6.77636916544496e-06,0.0001249874905596541,0.03183567911751381
2,0.1,50,33,oracle_no_cov,300,2.27898736107476e-05,1.8407148115151284e-06,9.777366314060917e-05,0.009434149910087055
2,0.1,50,33,oracle_tail,300,2.27898736107476e-05,1.8407148115151284e-06,9.777366314060917e-05,0.009434149910087055
2,0.1,50,33,tis,300,0.0017074711524664096,0.0004062344653061816,0.005507325964279491,0.7068287913593565
2,0.1,50,33,tis_no_cov,300,0.0017074711524664096,0.0004062344653061816,0.005507325964279491,0.7068287913593565
2,0.1,50,33,uniform,300,0.0024156785537593076,0.00026078915337938226,0.0037001466975951198,1.0
2,0.1,50,34,learned_mean,300,0.0,0.0,0.0,0.0
2,0.1,50,34,learned_occupancy,300,0.0,0.0,0.0,0.0
2,0.1,50,34,oracle_no_cov,300,0.0,0.0,0.0,0.0
2,0.1,50,34,oracle_tail,300,0.0,0.0,0.0,0.0
2,0.1,50,34,tis,300,0.0,0.0,0.0,0.0
2,0.1,50,34,tis_no_cov,300,0.0,0.0,0.0,0.0
2,0.1,50,34,uniform,300,0.0,0.0,0.0,0.0
2,0.1,50,35,learned_mean,300,0.0,0.0,0.0,0.0
2,0.1,50,35,learned_occupancy,300,0.0,0.0,0.0,0.0
2,0.1,50,35,oracle_no_cov,300,0.0,0.0,0.0,0.0
2,0.1,50,35,oracle_tail,300,0.0,0.0,0.0,0.0
2,0.1,50,35,tis,300,0.0,0.0,0.0,0.0
2,0.1,50,35,tis_no_cov,300,0.0,0.0,0.0,0.0
2,0.1,50,35,uniform,300,0.0,0.0,0.0,0.0
2,0.1,50,36,learned_mean,300,6.728799415553536e-07,2.0248420313590022e-08,0.0006792383108807032,0.928809375507338
2,0.1,50,36,learned_occupancy,300,4.981389064306229e-06,8.962706266977583e-07,-6.655107474457782e-05,6.876057050062529
2,0.1,50,36,oracle_no_cov,300,2.5855320776551138e-06,3.3561100399586967e-07,-4.070749411996329e-05,3.5689374672843965
2,0.1,50,36,oracle_tail,300,2.5855320776551138e-06,3.3561100399586967e-07,-4.070749411996329e-05,3.5689374672843965
2,0.1,50,36,tis,300,7.244542952506378e-07,5.411332257568736e-15,0.0008511488091107466,1.0
2,0.1,50,36,tis_no_cov,300,7.244542952506378e-07,5.411332257568736e-15,0.0008511488091107466,1.0
2,0.1,50,36,uniform,300,7.244542952506378e-07,5.411332257568736e-15,0.0008511488091107466,1.0
2,0.1,50,37,learned_mean,300,0.016219082678113526,0.004585503797992528,0.02642135286275088,1.3462414283922668
2,0.1,50,37,learned_occupancy,300,0.0004734892492183598,4.074111266011992e-05,0.0018744179014121894,0.039301288232303874
2,0.1,50,37,oracle_no_cov,300,0.00017876578294069763,1.4415824495768588e-05,0.0008988980117069542,0.014838194474370764
2,0.1,50,37,oracle_tail,300,0.00017876578294069763,1.4415824495768588e-05,0.0008988980117069542,0.014838194474370764
2,0.1,50,37,tis,300,0.01879803300866756,0.003013980469206214,0.015822827825858105,1.56030345925193
2,0.1,50,37,tis_no_cov,300,0.01879803300866756,0.003013980469206214,0.015822827825858105,1.56030345925193
2,0.1,50,37,uniform,300,0.01204767758297483,0.0014067678971897003,0.012603983466417983,1.0
2,0.1,50,38,learned_mean,300,0.025263188037692497,0.0037552002812740173,0.039049119066614395,0.957141738066233
2,0.1,50,38,learned_occupancy,300,0.0017523784617418298,0.000160890024695489,0.0009204360812855183,0.06639203904586093
2,0.1,50,38,oracle_no_cov,300,0.0006961056436003876,6.474755624744617e-05,0.0022334272206621262,0.026373225920628705
2,0.1,50,38,oracle_tail,300,0.0006961056436003876,6.474755624744617e-05,0.0022334272206621262,0.026373225920628705
2,0.1,50,38,tis,300,0.013535696051812008,0.002180112009825114,0.022844493978338497,0.5128244157324072
2,0.1,50,38,tis_no_cov,300,0.013535696051812008,0.002180112009825114,0.022844493978338497,0.5128244157324072
2,0.1,50,38,uniform,300,0.026394406421700017,0.002055380110869493,0.03087279335998245,1.0
2,0.1,50,39,learned_mean,300,0.0022059834463734047,0.0007638193828205656,0.004554081399167934,0.1917798128626662
2,0.1,50,39,learned_occupancy,300,0.0006103927678447694,4.642483644076579e-05,0.001983065629050671,0.053065226297341825
2,0.1,50,39,oracle_no_cov,300,0.00021275832171379464,1.786596137868497e-05,0.0007379208684917676,0.01849639950396066
2,0.1,50,39,oracle_tail,300,0.00021275832171379464,1.786596137868497e-05,0.0007379208684917676,0.01849639950396066
2,0.1,50,39,tis,300,0.005096469951564997,0.000997923902358552,0.012033114293061769,0.44306771892516417
2,0.1,50,39,tis_no_cov,300,0.005096469951564997,0.000997923902358552,0.012033114293061769,0.44306771892516417
2,0.1,50,39,uniform,300,0.011502688491791951,0.0010669146761219227,0.02579664702035745,1.0
2,0.1,50,40,learned_mean,300,0.00040322536228884254,3.740586474131629e-05,0.003389807618416479,0.10556025374323566
2,0.1,50,40,learned_occupancy,300,0.0004637732910416749,4.1835340506905876e-05,0.0036416369462478125,0.12141107891578011
2,0.1,50,40,oracle_no_cov,300,0.00011123406779146396,9.301432271487818e-06,0.0002992450484025855,0.029119935200276753
2,0.1,50,40,oracle_tail,300,0.00011123406779146396,9.301432271487818e-06,0.0002992450484025855,0.029119935200276753
2,0.1,50,40,tis,300,0.0013088453327342994,0.00014965913911245619,0.009479741482720261,0.34264225010507326
2,0.1,50,40,tis_no_cov,300,0.0013088453327342994,0.00014965913911245619,0.009479741482720261,0.34264225010507326
2,0.1,50,40,uniform,300,0.003819859729303477,0.00028924740259656813,0.008800910247710443,1.0
2,0.1,50,41,learned_mean,300,0.004484319217289272,0.0007255912607537306,0.007157984473768444,0.9092226827444772
2,0.1,50,41,learned_occupancy,300,0.0022249315356532105,0.00029489714721271074,0.001996849085425971,0.45111824599147515
2,0.1,50,41,oracle_no_cov,300,0.00030048466115275267,2.260759878954635e-05,0.00038968043572259174,0.06092507167721709
2,0.1,50,41,oracle_tail,300,0.00030048466115275267,2.260759878954635e-05,0.00038968043572259174,0.06092507167721709
2,0.1,50,41,tis,300,0.00487045830667839,0.0007292034487238325,0.006989249696682367,0.9875147047337395
2,0.1,50,41,tis_no_cov,300,0.00487045830667839,0.0007292034487238325,0.006989249696682367,0.9875147047337395
2,0.1,50,41,uniform,300,0.004932036235340513,0.00042270218741888445,0.01360323240046515,1.0
2,0.1,50,42,learned_mean,300,0.0008307500063000912,0.0001445482992541709,-0.00042013060046118674,0.43623545719897944
2,0.1,50,42,learned_occupancy,300,0.0006988270157745361,0.0001046596310010276,-0.001103157913590187,0.3669613246072987
2,0.1,50,42,oracle_no_cov,300,7.182082749066712e-05,5.8362114738704235e-06,-0.00025767396496534367,0.03771386250881665
2,0.1,50,42,oracle_tail,300,7.182082749066712e-05,5.8362114738704235e-06,-0.00025767396496534367,0.03771386250881665
2,0.1,50,42,tis,300,0.0018695160192558817,0.0005237487180345115,-0.00031052327864666384,0.981702280127706
2,0.1,50,42,tis_no_cov,300,0.0018695160192558817,0.0005237487180345115,-0.00031052327864666384,0.981702280127706
2,0.1,50,42,uniform,300,0.0019043614923790167,0.00017224690970712634,0.009876082069471836,1.0
2,0.1,50,43,learned_mean,300,0.0002453592383296595,2.0729679089664487e-05,0.00014262194214343123,0.09391194559400913
2,0.1,50,43,learned_occupancy,300,0.0002726747367475846,2.270195293967241e-05,8.162331028263886e-05,0.1043670302232286
2,0.1,50,43,oracle_no_cov,300,8.651727516025286e-05,7.445714029701779e-06,-0.00021596912495010936,0.033114732883524026
2,0.1,50,43,oracle_tail,300,8.651727516025286e-05,7.445714029701779e-06,-0.00021596912495010936,0.033114732883524026
2,0.1,50,43,tis,300,0.0020805934060855015,0.00020541849678985954,0.008779445613214342,0.79635303763468
2,0.1,50,43,tis_no_cov,300,0.0020805934060855015,0.00020541849678985954,0.008779445613214342,0.79635303763468
2,0.1,50,43,uniform,300,0.0026126520622879266,0.00019055812620959452,0.007231596832000461,1.0
2,0.1,50,44,learned_mean,300,0.0,0.0,0.0,0.0
2,0.1,50,44,learned_occupancy,300,0.0,0.0,0.0,0.0
2,0.1,50,44,oracle_no_cov,300,0.0,0.0,0.0,0.0
2,0.1,50,44,oracle_tail,300,0.0,0.0,0.0,0.0
2,0.1,50,44,tis,300,0.0,0.0,0.0,0.0
2,0.1,50,44,tis_no_cov,300,0.0,0.0,0.0,0.0
2,0.1,50,44,uniform,300,0.0,0.0,0.0,0.0
2,0.1,50,45,learned_mean,300,0.00012522811250847063,9.724863486045416e-06,0.0009386222316406933,0.009636476947576201
2,0.1,50,45,learned_occupancy,300,0.00018190007987667638,1.4216028551584793e-05,0.0006262422632876201,0.01399746343997075
2,0.1,50,45,oracle_no_cov,300,8.20020704395373e-05,6.7889871602089085e-06,0.00043798471133720977,0.006310173056314891
2,0.1,50,45,oracle_tail,300,8.20020704395373e-05,6.7889871602089085e-06,0.00043798471133720977,0.006310173056314891
2,0.1,50,45,tis,300,0.009391170024943699,0.0019512301967233414,0.031099994841810544,0.7226635588715525
2,0.1,50,45,tis_no_cov,300,0.009391170024943699,0.0019512301967233414,0.031099994841810544,0.7226635588715525
2,0.1,50,45,uniform,300,0.012995217358971467,0.0020291475657028294,0.050546409533761764,1.0
2,0.1,50,46,learned_mean,300,0.0062989309952884535,0.0014353361510761062,0.01376645671550337,0.6325759112876647
2,0.1,50,46,learned_occupancy,300,0.0009386967213776242,7.39999925920153e-05,0.0032329030736267367,0.09426947753394167
2,0.1,50,46,oracle_no_cov,300,0.000329572765514677,2.5361057153237028e-05,0.00171250973771784,0.033097646670043494
2,0.1,50,46,oracle_tail,300,0.000329572765514677,2.5361057153237028e-05,0.00171250973771784,0.033097646670043494
2,0.1,50,46,tis,300,0.0070483947996486185,0.0014444704259602842,0.013754226052808993,0.7078414999049822
2,0.1,50,46,tis_no_cov,300,0.0070483947996486185,0.0014444704259602842,0.013754226052808993,0.7078414999049822
2,0.1,50,46,uniform,300,0.009957589093878737,0.0009405025430967589,0.012683085002333207,1.0
2,0.1,50,47,learned_mean,300,0.07964296743139539,0.005373162448943921,0.0734909484498231,1.522894618138234
2,0.1,50,47,learned_occupancy,300,0.00257104368332416,0.000207189180800324,-0.0035432537072937424,0.04916226397146017
2,0.1,50,47,oracle_no_cov,300,0.0011096404886426063,0.00010415354797096205,-0.002771289108249191,0.021218013124357258
2,0.1,50,47,oracle_tail,300,0.0011096404886426063,0.00010415354797096205,-0.002771289108249191,0.021218013124357258
2,0.1,50,47,tis,300,0.04229730429541094,0.0038862119631699176,0.03299623669603136,0.8087887625322746
2,0.1,50,47,tis_no_cov,300,0.04229730429541094,0.0038862119631699176,0.03299623669603136,0.8087887625322746
2,0.1,50,47,uniform,300,0.05229709691190606,0.0033358761074852145,0.02661164794055029,1.0
2,0.1,50,48,learned_mean,300,0.06344526715287288,0.0063738614017862264,0.020544906913405766,2.035439168394392
2,0.1,50,48,learned_occupancy,300,0.0013128768555840274,0.000110470428988334,-0.002372532481414593,0.04211946919059026
2,0.1,50,48,oracle_no_cov,300,0.0004439205509802612,4.057835711063489e-05,0.001373949854845546,0.014241775906518952
2,0.1,50,48,oracle_tail,300,0.0004439205509802612,4.057835711063489e-05,0.001373949854845546,0.014241775906518952
2,0.1,50,48,tis,300,0.052274910473818534,0.004737157536062496,0.06099421591460156,1.6770738792279238
2,0.1,50,48,tis_no_cov,300,0.052274910473818534,0.004737157536062496,0.06099421591460156,1.6770738792279238
2,0.1,50,48,uniform,300,0.03117030866754921,0.0023846445510471944,0.012572083447260206,1.0
2,0.1,50,49,learned_mean,300,0.003358403289177619,0.0002314666409072914,0.010550487374526005,0.7041712802073674
2,0.1,50,49,learned_occupancy,300,0.0008924586708115582,0.00010284992289617724,-0.0008103591676966763,0.18712575907208243
2,0.1,50,49,oracle_no_cov,300,0.0002986945365992592,2.5208852543163097e-05,-0.001827337072801649,0.06262860535714615
2,0.1,50,49,oracle_tail,300,0.0002986945365992592,2.5208852543163097e-05,-0.001827337072801649,0.06262860535714615
2,0.1,50,49,tis,300,0.007198798355183421,0.0005250475295449394,0.017735287402896316,1.5094039093099818
2,0.1,50,49,tis_no_cov,300,0.007198798355183421,0.0005250475295449394,0.017735287402896316,1.5094039093099818
2,0.1,50,49,uniform,300,0.004769298867441203,0.00033333286660462664,0.005131290947534851,1.0
2,0.1,100,0,learned_mean,300,4.523563188560865e-05,3.545375662008396e-05,-0.00025090098181508943,0.16824950994910876
2,0.1,100,0,learned_occupancy,300,9.018064621220885e-06,7.470951520113767e-07,-0.0001361836342813383,0.0335418096302203
2,0.1,100,0,oracle_no_cov,300,6.906359053067665e-06,4.793952101266447e-07,-0.0001511914743762751,0.02568752723847555
2,0.1,100,0,oracle_tail,300,6.906359053067665e-06,4.793952101266447e-07,-0.0001511914743762751,0.02568752723847555
2,0.1,100,0,tis,300,0.0005340152793751762,0.0001719907997978492,0.00036762636377777474,1.9862176190534024
2,0.1,100,0,tis_no_cov,300,0.0005340152793751762,0.0001719907997978492,0.00036762636377777474,1.9862176190534024
2,0.1,100,0,uniform,300,0.00026886040796963566,2.9150919230086638e-05,-0.0006652560024934084,1.0
2,0.1,100,1,learned_mean,300,0.0,0.0,0.0,0.0
2,0.1,100,1,learned_occupancy,300,0.0,0.0,0.0,0.0
2,0.1,100,1,oracle_no_cov,300,0.0,0.0,0.0,0.0
2,0.1,100,1,oracle_tail,300,0.0,0.0,0.0,0.0
2,0.1,100,1,tis,300,0.0,0.0,0.0,0.0
2,0.1,100,1,tis_no_cov,300,0.0,0.0,0.0,0.0
2,0.1,100,1,uniform,300,0.0,0.0,0.0,0.0
2,0.1,100,2,learned_mean,300,0.0015504666640580229,0.00025049999453098843,-0.0006039378977425139,0.21971390431277102
2,0.1,100,2,learned_occupancy,300,0.00032166198802771384,2.778452846853497e-05,-0.002006368104110068,0.045582154648590376
2,0.1,100,2,oracle_no_cov,300,0.0001341287091472501,1.1664214439902434e-05,-0.0007602963631684201,0.01900714349449022
2,0.1,100,2,oracle_tail,300,0.0001341287091472501,1.1664214439902434e-05,-0.0007602963631684201,0.01900714349449022
2,0.1,100,2,tis,300,0.002461512006559914,0.0003662389003503887,-0.0004310885783264188,0.34881653763424775
2,0.1,100,2,tis_no_cov,300,0.002461512006559914,0.0003662389003503887,-0.0004310885783264188,0.34881653763424775
2,0.1,100,2,uniform,300,0.007056752593367396,0.0006411041822181594,0.008202868888222668,1.0
2,0.1,100,3,learned_mean,300,0.0031187115648741224,0.0004854119406741283,-0.0033938927208321664,2.149866383944077
2,0.1,100,3,learned_occupancy,300,0.00018817560103018667,1.7276326786871562e-05,0.0003458859821514008,0.12971779868639416
2,0.1,100,3,oracle_no_cov,300,5.209304659604574e-05,4.037503256669287e-06,-0.0002590620505648526,0.03591005047579365
2,0.1,100,3,oracle_tail,300,5.209304659604574e-05,4.037503256669287e-06,-0.0002590620505648526,0.03591005047579365
2,0.1,100,3,tis,300,0.003270253912534683,0.00047347720523658384,-0.0018748943988989607,2.2543312541965315
2,0.1,100,3,tis_no_cov,300,0.003270253912534683,0.00047347720523658384,-0.0018748943988989607,2.2543312541965315
2,0.1,100,3,uniform,300,0.001450653672323874,0.00014075709010111663,0.002552312043949798,1.0
2,0.1,100,4,learned_mean,300,0.0,0.0,0.0,0.0
2,0.1,100,4,learned_occupancy,300,0.0,0.0,0.0,0.0
2,0.1,100,4,oracle_no_cov,300,0.0,0.0,0.0,0.0
2,0.1,100,4,oracle_tail,300,0.0,0.0,0.0,0.0
2,0.1,100,4,tis,300,0.0,0.0,0.0,0.0
2,0.1,100,4,tis_no_cov,300,0.0,0.0,0.0,0.0
2,0.1,100,4,uniform,300,0.0,0.0,0.0,0.0
2,0.1,100,5,learned_mean,300,0.0,0.0,0.0,0.0
2,0.1,100,5,learned_occupancy,300,0.0,0.0,0.0,0.0
2,0.1,100,5,oracle_no_cov,300,0.0,0.0,0.0,0.0
2,0.1,100,5,oracle_tail,300,0.0,0.0,0.0,0.0
2,0.1,100,5,tis,300,0.0,0.0,0.0,0.0
2,0.1,100,5,tis_no_cov,300,0.0,0.0,0.0,0.0
2,0.1,100,5,uniform,300,0.0,0.0,0.0,0.0
2,0.1,100,6,learned_mean,300,0.005120393354500493,0.0006204854851134219,0.006985115843421053,0.16311330263341034
2,0.1,100,6,learned_occupancy,300,0.0014420370320150607,0.00013278084659377497,-0.00032624968212626354,0.04593698306496675
2,0.1,100,6,oracle_no_cov,300,0.0007478563879401021,6.128447195600771e-05,0.0007384289792620631,0.02382342857022612
2,0.1,100,6,oracle_tail,300,0.0007478563879401021,6.128447195600771e-05,0.0007384289792620631,0.02382342857022612
2,0.1,100,6,tis,300,0.011428896475365465,0.0015662320187845725,0.018196682935037373,0.3640745779645403
2,0.1,100,6,tis_no_cov,300,0.011428896475365465,0.0015662320187845725,0.018196682935037373,0.3640745779645403
2,0.1,100,6,uniform,300,0.031391635579891004,0.002555173496782056,0.013191693239969738,1.0
2,0.1,100,7,learned_mean,300,7.0547114828752175e-06,1.8545921644076426e-06,0.0009022915156789823,0.002162943569395016
2,0.1,100,7,learned_occupancy,300,1.0394153508231286e-05,2.787773968410866e-06,0.001151294442054603,0.0031868018337116682
2,0.1,100,7,oracle_no_cov,300,0.003261625306687242,0.0006205387185865986,0.02675401851851853,1.0
2,0.1,100,7,oracle_tail,300,0.003261625306687242,0.0006205387185865986,0.02675401851851853,1.0
2,0.1,100,7,tis,300,0.002311137599934102,0.0006847907190046556,0.014524388383038532,0.7085846418948323
2,0.1,100,7,tis_no_cov,300,0.002311137599934102,0.0006847907190046556,0.014524388383038532,0.7085846418948323
2,0.1,100,7,uniform,300,0.003261625306687242,0.0006205387185865986,0.02675401851851853,1.0
2,0.1,100,8,learned_mean,300,0.0,0.0,0.0,0.0
2,0.1,100,8,learned_occupancy,300,0.0,0.0,0.0,0.0
2,0.1,100,8,oracle_no_cov,300,0.0,0.0,0.0,0.0
2,0.1,100,8,oracle_tail,300,0.0,0.0,0.0,0.0
2,0.1,100,8,tis,300,0.0,0.0,0.0,0.0
2,0.1,100,8,tis_no_cov,300,0.0,0.0,0.0,0.0
2,0.1,100,8,uniform,300,0.0,0.0,0.0,0.0
2,0.1,100,9,learned_mean,300,0.0,0.0,0.0,0.0
2,0.1,100,9,learned_occupancy,300,3.1436774450344026e-09,3.138433609115111e-09,3.237116744385556e-06,5.904199048818366e-06
2,0.1,100,9,oracle_no_cov,300,0.0005324477408436223,9.590878420153713e-05,0.009243314814814826,1.0
2,0.1,100,9,oracle_tail,300,0.0005324477408436223,9.590878420153713e-05,0.009243314814814826,1.0
2,0.1,100,9,tis,300,0.0003529535529996146,9.272019990683966e-05,0.005750289351851857,0.6628886291082521
2,0.1,100,9,tis_no_cov,300,0.0003529535529996146,9.272019990683966e-05,0.005750289351851857,0.6628886291082521
2,0.1,100,9,uniform,300,0.0005324477408436223,9.590878420153713e-05,0.009243314814814826,1.0
2,0.1,100,10,learned_mean,300,0.0,0.0,0.0,0.0
2,0.1,100,10,learned_occupancy,300,0.0,0.0,0.0,0.0
2,0.1,100,10,oracle_no_cov,300,2.3665076337448615e-05,9.3459091819721e-06,0.0007998518518518535,1.0
2,0.1,100,10,oracle_tail,300,2.3665076337448615e-05,9.3459091819721e-06,0.0007998518518518535,1.0
2,0.1,100,10,tis,300,3.9323816872428054e-05,1.6260084227260037e-05,0.0010039351851851863,1.661681387023476
2,0.1,100,10,tis_no_cov,300,3.9323816872428054e-05,1.6260084227260037e-05,0.0010039351851851863,1.661681387023476
2,0.1,100,10,uniform,300,2.3665076337448615e-05,9.3459091819721e-06,0.0007998518518518535,1.0
2,0.1,100,11,learned_mean,300,0.0,0.0,0.0,0.0
2,0.1,100,11,learned_occupancy,300,0.0,0.0,0.0,0.0
2,0.1,100,11,oracle_no_cov,300,0.0,0.0,0.0,0.0
2,0.1,100,11,oracle_tail,300,0.0,0.0,0.0,0.0
2,0.1,100,11,tis,300,0.0,0.0,0.0,0.0
2,0.1,100,11,tis_no_cov,300,0.0,0.0,0.0,0.0
2,0.1,100,11,uniform,300,0.0,0.0,0.0,0.0
2,0.1,100,12,learned_mean,300,0.0003198444973954233,2.942421684957287e-05,0.0006381449897988153,0.13021308836626191
2,0.1,100,12,learned_occupancy,300,0.000327510872442137,3.1098935292258246e-05,0.0007641557444856758,0.13333417495532549
2,0.1,100,12,oracle_no_cov,300,6.922373200797397e-05,5.287595017082233e-06,0.0003809656855781392,0.02818193217766368
2,0.1,100,12,oracle_tail,300,6.922373200797397e-05,5.287595017082233e-06,0.0003809656855781392,0.02818193217766368
2,0.1,100,12,tis,300,0.0005636918442468534,6.0643297430129424e-05,0.0025605033324926385,0.22948669282720932
2,0.1,100,12,tis_no_cov,300,0.0005636918442468534,6.0643297430129424e-05,0.0025605033324926385,0.22948669282720932
2,0.1,100,12,uniform,300,0.002456316038644044,0.00022566224231557696,0.010384265347780305,1.0
2,0.1,100,13,learned_mean,300,0.0,0.0,0.0,0.0
2,0.1,100,13,learned_occupancy,300,0.0,0.0,0.0,0.0
2,0.1,100,13,oracle_no_cov,300,0.0,0.0,0.0,0.0
2,0.1,100,13,oracle_tail,300,0.0,0.0,0.0,0.0
2,0.1,100,13,tis,300,0.0,0.0,0.0,0.0
2,0.1,100,13,tis_no_cov,300,0.0,0.0,0.0,0.0
2,0.1,100,13,uniform,300,0.0,0.0,0.0,0.0
2,0.1,100,14,learned_mean,300,2.8529888366150266e-06,3.246120359169394e-07,-9.089802587917583e-05,0.45869632409406297
2,0.1,100,14,learned_occupancy,300,1.143970992228895e-06,1.2385562513301923e-07,-8.876406549368868e-06,0.1839247606829799
2,0.1,100,14,oracle_no_cov,300,2.2897966507035994e-07,2.1636415978368578e-08,6.072811510742682e-05,0.03681477099107083
2,0.1,100,14,oracle_tail,300,2.2897966507035994e-07,2.1636415978368578e-08,6.072811510742682e-05,0.03681477099107083
2,0.1,100,14,tis,300,8.291791329300009e-06,2.7371908730975033e-06,0.00033517759782455194,1.333133222987847
2,0.1,100,14,tis_no_cov,300,8.291791329300009e-06,2.7371908730975033e-06,0.00033517759782455194,1.333133222987847
2,0.1,100,14,uniform,300,6.2197769782649835e-06,1.0358671598399031e-06,-7.154476574159945e-05,1.0
2,0.1,100,15,learned_mean,300,0.0,0.0,0.0,0.0
2,0.1,100,15,learned_occupancy,300,0.0,0.0,0.0,0.0
2,0.1,100,15,oracle_no_cov,300,0.0,0.0,0.0,0.0
2,0.1,100,15,oracle_tail,300,0.0,0.0,0.0,0.0
2,0.1,100,15,tis,300,0.0,0.0,0.0,0.0
2,0.1,100,15,tis_no_cov,300,0.0,0.0,0.0,0.0
2,0.1,100,15,uniform,300,0.0,0.0,0.0,0.0
2,0.1,100,16,learned_mean,300,0.0031897767567345835,0.0016333572502044362,0.01778160411765943,0.24174693867776795
2,0.1,100,16,learned_occupancy,300,0.0005527590667898541,5.6250963321211935e-05,0.0033130593294435217,0.04189252803999477
2,0.1,100,16,oracle_no_cov,300,0.00020431132996858998,1.5891707588196475e-05,0.0007784002729577444,0.015484355904471761
2,0.1,100,16,oracle_tail,300,0.00020431132996858998,1.5891707588196475e-05,0.0007784002729577444,0.015484355904471761
2,0.1,100,16,tis,300,0.0035065180395720597,0.0016340129400500628,0.01890518902760788,0.2657521407086511
2,0.1,100,16,tis_no_cov,300,0.0035065180395720597,0.0016340129400500628,0.01890518902760788,0.2657521407086511
2,0.1,100,16,uniform,300,0.013194693484769777,0.0015269648777324354,0.019618072693602797,1.0
2,0.1,100,17,learned_mean,300,0.002719277512941696,0.002556328598987916,0.007345997156235959,1.0608209606205778
2,0.1,100,17,learned_occupancy,300,3.654152060513496e-05,3.6522072126014055e-06,0.0009998721563532409,0.014255261114905944
2,0.1,100,17,oracle_no_cov,300,4.178876880711918e-05,6.770838869386517e-06,0.001993609507036043,0.01630227207710149
2,0.1,100,17,oracle_tail,300,4.178876880711918e-05,6.770838869386517e-06,0.001993609507036043,0.01630227207710149
2,0.1,100,17,tis,300,0.005746414833416624,0.002613686606089604,0.021052554743635744,2.241741519465161
2,0.1,100,17,tis_no_cov,300,0.005746414833416624,0.002613686606089604,0.021052554743635744,2.241741519465161
2,0.1,100,17,uniform,300,0.0025633708362539564,0.0002810167416845612,0.01920379309634494,1.0
2,0.1,100,18,learned_mean,300,0.0011293838515640277,0.00035751818801039667,-0.0008420799627596676,0.08830646709907432
2,0.1,100,18,learned_occupancy,300,0.0005302666928227575,4.559488819978567e-05,-0.0010393527382465107,0.041461526299177036
2,0.1,100,18,oracle_no_cov,300,0.00022321923021494236,1.7776269295647807e-05,-0.0007865400477532206,0.017453500491935264
2,0.1,100,18,oracle_tail,300,0.00022321923021494236,1.7776269295647807e-05,-0.0007865400477532206,0.017453500491935264
2,0.1,100,18,tis,300,0.002493960465060818,0.00048457411993722263,0.0027908568008834147,0.1950026445386975
2,0.1,100,18,tis_no_cov,300,0.002493960465060818,0.00048457411993722263,0.0027908568008834147,0.1950026445386975
2,0.1,100,18,uniform,300,0.0127893674004298,0.00099663725002716,0.010552295682109024,1.0
2,0.1,100,19,learned_mean,300,0.0002718690888245911,2.6781927111768856e-05,0.0047238425988306255,0.03671072804490736
2,0.1,100,19,learned_occupancy,300,0.0003328928200941922,3.630766508693341e-05,0.004767410051082051,0.04495081746665556
2,0.1,100,19,oracle_no_cov,300,0.00010533182468953052,9.853235879161107e-06,0.002119262005210698,0.014223051202213219
2,0.1,100,19,oracle_tail,300,0.00010533182468953052,9.853235879161107e-06,0.002119262005210698,0.014223051202213219
2,0.1,100,19,tis,300,0.0032018208635448205,0.0007294750011181023,0.015783659747801652,0.4323447563615496
2,0.1,100,19,tis_no_cov,300,0.0032018208635448205,0.0007294750011181023,0.015783659747801652,0.4323447563615496
2,0.1,100,19,uniform,300,0.007405712261876696,0.0008408197566084887,0.035346599571480834,1.0
2,0.1,100,20,learned_mean,300,0.00011897935358407288,8.718727553572974e-06,0.0007917675979116663,0.03245767099086759
2,0.1,100,20,learned_occupancy,300,0.000154494990473675,1.0549206612585012e-05,0.0010597550876227369,0.042146367579551515
2,0.1,100,20,oracle_no_cov,300,5.023655483802483e-05,4.0261400192265964e-06,0.0005067363874421813,0.013704575790076922
2,0.1,100,20,oracle_tail,300,5.023655483802483e-05,4.0261400192265964e-06,0.0005067363874421813,0.013704575790076922
2,0.1,100,20,tis,300,0.000468245258925691,0.00011019811344024392,0.0009128022254855446,0.12773771330421968
2,0.1,100,20,tis_no_cov,300,0.000468245258925691,0.00011019811344024392,0.0009128022254855446,0.12773771330421968
2,0.1,100,20,uniform,300,0.003665677479371498,0.0002974994631476989,0.00582437626700207,1.0
2,0.1,100,21,learned_mean,300,8.427316530836511e-05,6.4647492715721265e-06,0.0012286677100318674,0.06255228086146196
2,0.1,100,21,learned_occupancy,300,9.715785760584198e-05,7.3004911063550164e-06,0.0012567672039089514,0.07211602382111185
2,0.1,100,21,oracle_no_cov,300,3.7531055762659596e-05,3.245009743747645e-06,0.0003229516818209391,0.02785765946375389
2,0.1,100,21,oracle_tail,300,3.7531055762659596e-05,3.245009743747645e-06,0.0003229516818209391,0.02785765946375389
2,0.1,100,21,tis,300,0.0005877966873541844,9.682108215823182e-05,0.006357271098355009,0.43629574541643834
2,0.1,100,21,tis_no_cov,300,0.0005877966873541844,9.682108215823182e-05,0.006357271098355009,0.43629574541643834
2,0.1,100,21,uniform,300,0.0013472436839674898,0.00014013326163490536,0.014925957061797768,1.0
2,0.1,100,22,learned_mean,300,0.0,0.0,0.0,0.0
2,0.1,100,22,learned_occupancy,300,0.0,0.0,0.0,0.0
2,0.1,100,22,oracle_no_cov,300,0.0,0.0,0.0,0.0
2,0.1,100,22,oracle_tail,300,0.0,0.0,0.0,0.0
2,0.1,100,22,tis,300,0.0,0.0,0.0,0.0
2,0.1,100,22,tis_no_cov,300,0.0,0.0,0.0,0.0
2,0.1,100,22,uniform,300,0.0,0.0,0.0,0.0
2,0.1,100,23,learned_mean,300,0.00012197554618419902,1.1456409822713156e-05,0.0001752177398240278,0.0733406499905563
2,0.1,100,23,learned_occupancy,300,0.00010448728835077653,9.128886705913663e-06,-0.0001674913711476634,0.06282542594090335
2,0.1,100,23,oracle_no_cov,300,4.202673572189025e-05,3.2961790326518487e-06,-8.035400462037156e-05,0.02526955780275937
2,0.1,100,23,oracle_tail,300,4.202673572189025e-05,3.2961790326518487e-06,-8.035400462037156e-05,0.02526955780275937
2,0.1,100,23,tis,300,0.0008714434741541285,0.0001152081040076226,0.007061576276163408,0.5239757707497903
2,0.1,100,23,tis_no_cov,300,0.0008714434741541285,0.0001152081040076226,0.007061576276163408,0.5239757707497903
2,0.1,100,23,uniform,300,0.0016631369670149527,0.00015696042598481994,0.011165262234091842,1.0
2,0.1,100,24,learned_mean,300,0.0,0.0,0.0,0.0
2,0.1,100,24,learned_occupancy,300,0.0,0.0,0.0,0.0
2,0.1,100,24,oracle_no_cov,300,0.0,0.0,0.0,0.0
2,0.1,100,24,oracle_tail,300,0.0,0.0,0.0,0.0
2,0.1,100,24,tis,300,0.0,0.0,0.0,0.0
2,0.1,100,24,tis_no_cov,300,0.0,0.0,0.0,0.0
2,0.1,100,24,uniform,300,0.0,0.0,0.0,0.0
2,0.1,100,25,learned_mean,300,0.0003394354866302313,0.0002911785390997873,0.0021669296119525084,0.3767395347821715
2,0.1,100,25,learned_occupancy,300,4.1799094889756884e-05,3.1963182076702244e-06,0.000588766982378753,0.046392826275814425
2,0.1,100,25,oracle_no_cov,300,1.9798608922452248e-05,1.5505756878853619e-06,0.00015353633413838145,0.02197448118588816
2,0.1,100,25,oracle_tail,300,1.9798608922452248e-05,1.5505756878853619e-06,0.00015353633413838145,0.02197448118588816
2,0.1,100,25,tis,300,0.0006574226006129381,0.0002983019231386279,-0.0004312007186054815,0.729673515191457
2,0.1,100,25,tis_no_cov,300,0.0006574226006129381,0.0002983019231386279,-0.0004312007186054815,0.729673515191457
2,0.1,100,25,uniform,300,0.0009009818595929701,8.01261756881093e-05,-0.00279931515588047,1.0
2,0.1,100,26,learned_mean,300,0.0006541143010709801,0.0004665151881182293,9.934108340620955e-05,2.738428780028688
2,0.1,100,26,learned_occupancy,300,9.281312622166276e-06,9.116267456951341e-07,0.00019028287183096016,0.03885592099021492
2,0.1,100,26,oracle_no_cov,300,5.926075484046987e-06,4.82385096662285e-07,0.00016385423297227437,0.024809327103178163
2,0.1,100,26,oracle_tail,300,5.926075484046987e-06,4.82385096662285e-07,0.00016385423297227437,0.024809327103178163
2,0.1,100,26,tis,300,0.0001568583239587897,1.9228900373938485e-05,0.0033149508330830545,0.656682399410194
2,0.1,100,26,tis_no_cov,300,0.0001568583239587897,1.9228900373938485e-05,0.0033149508330830545,0.656682399410194
2,0.1,100,26,uniform,300,0.00023886482125860784,2.965298321580494e-05,0.003098993302740768,1.0
2,0.1,100,27,learned_mean,300,8.27361588735542e-08,5.610026170621517e-08,2.6310091135519447e-05,0.0002878437277104551
2,0.1,100,27,learned_occupancy,300,0.0,0.0,0.0,0.0
2,0.1,100,27,oracle_no_cov,300,0.0002874342947530868,6.11240050366934e-05,0.005864018518518524,1.0
2,0.1,100,27,oracle_tail,300,0.0002874342947530868,6.11240050366934e-05,0.005864018518518524,1.0
2,0.1,100,27,tis,300,0.00021155056750136667,5.8984426880316966e-05,0.0038834201388888924,0.7359962654529233
2,0.1,100,27,tis_no_cov,300,0.00021155056750136667,5.8984426880316966e-05,0.0038834201388888924,0.7359962654529233
2,0.1,100,27,uniform,300,0.0002874342947530868,6.11240050366934e-05,0.005864018518518524,1.0
2,0.1,100,28,learned_mean,300,5.598566894181389e-07,4.39177895375507e-07,7.900439977744663e-05,0.0010950939454371412
2,0.1,100,28,learned_occupancy,300,2.093593268747167e-07,1.2265834948683005e-07,4.729064958197536e-05,0.00040951217626706725
2,0.1,100,28,oracle_no_cov,300,0.000511240786008231,9.759706031169e-05,0.009013370370370378,1.0
2,0.1,100,28,oracle_tail,300,0.000511240786008231,9.759706031169e-05,0.009013370370370378,1.0
2,0.1,100,28,tis,300,0.00027828863413500564,6.532908723699661e-05,0.00521927148205776,0.544339657068216
2,0.1,100,28,tis_no_cov,300,0.00027828863413500564,6.532908723699661e-05,0.00521927148205776,0.544339657068216
2,0.1,100,28,uniform,300,0.000511240786008231,9.759706031169e-05,0.009013370370370378,1.0
2,0.1,100,29,learned_mean,300,0.0,0.0,0.0,0.0
2,0.1,100,29,learned_occupancy,300,0.0,0.0,0.0,0.0
2,0.1,100,29,oracle_no_cov,300,1.3362979423868344e-06,1.334068920080417e-06,6.674074074074083e-05,1.0
2,0.1,100,29,oracle_tail,300,1.3362979423868344e-06,1.334068920080417e-06,6.674074074074083e-05,1.0
2,0.1,100,29,tis,300,3.138217250996661e-06,2.1991096315084855e-06,0.00015833333333333338,2.348441280536076
2,0.1,100,29,tis_no_cov,300,3.138217250996661e-06,2.1991096315084855e-06,0.00015833333333333338,2.348441280536076
2,0.1,100,29,uniform,300,1.3362979423868344e-06,1.334068920080417e-06,6.674074074074083e-05,1.0
2,0.1,100,30,learned_mean,300,1.1770422450457746e-05,2.357316155013025e-06,0.0001254928700569428,0.04078269258596338
2,0.1,100,30,learned_occupancy,300,1.039764588352931e-05,9.77646744124825e-07,-5.7720444938767304e-05,0.03602623418747324
2,0.1,100,30,oracle_no_cov,300,0.002529643077133981,0.0005708174944006985,0.017371868715172753,8.76482185760066
2,0.1,100,30,oracle_tail,300,0.002529643077133981,0.0005708174944006985,0.017371868715172753,8.76482185760066
2,0.1,100,30,tis,300,0.0009184056141489929,0.00033284566292453874,0.002832340133746658,3.1821333506687064
2,0.1,100,30,tis_no_cov,300,0.0009184056141489929,0.00033284566292453874,0.002832340133746658,3.1821333506687064
2,0.1,100,30,uniform,300,0.00028861317642643586,5.361928363733054e-05,-0.00042545854206638996,1.0
2,0.1,100,31,learned_mean,300,8.840764432543724e-05,7.637153406258701e-06,-7.561939223856358e-05,0.06013237263619945
2,0.1,100,31,learned_occupancy,300,9.302671859323536e-05,7.111325640890743e-06,-0.00031837533227376815,0.06327413596701585
2,0.1,100,31,oracle_no_cov,300,3.532167350452559e-05,2.7663394553216004e-06,-3.495287006278899e-05,0.024024800677752943
2,0.1,100,31,oracle_tail,300,3.532167350452559e-05,2.7663394553216004e-06,-3.495287006278899e-05,0.024024800677752943
2,0.1,100,31,tis,300,0.0007540678251357068,9.1510168447564e-05,0.0026790781234089386,0.5128955510579323
2,0.1,100,31,tis_no_cov,300,0.0007540678251357068,9.1510168447564e-05,0.0026790781234089386,0.5128955510579323
2,0.1,100,31,uniform,300,0.0014702171301355933,0.00010378667152673492,0.0035530209914622244,1.0
2,0.1,100,32,learned_mean,300,2.3072685612703634e-07,2.3034199037765255e-07,2.773246329526922e-05,0.13021551195083023
2,0.1,100,32,learned_occupancy,300,0.0,0.0,0.0,0.0
2,0.1,100,32,oracle_no_cov,300,1.7718845679012458e-06,9.82480647681327e-07,0.00015174074074074135,1.0
2,0.1,100,32,oracle_tail,300,1.7718845679012458e-06,9.82480647681327e-07,0.00015174074074074135,1.0
2,0.1,100,32,tis,300,1.0557264037583632e-05,6.101047981279337e-06,0.0003739583333333343,5.958212080422629
2,0.1,100,32,tis_no_cov,300,1.0557264037583632e-05,6.101047981279337e-06,0.0003739583333333343,5.958212080422629
2,0.1,100,32,uniform,300,1.7718845679012458e-06,9.82480647681327e-07,0.00015174074074074135,1.0
2,0.1,100,33,learned_mean,300,2.832323938658069e-05,2.2762963019215343e-06,-0.00025615664400019833,0.02687855869791087
2,0.1,100,33,learned_occupancy,300,4.068493507328597e-05,3.535796471006261e-06,-0.00020860590833677307,0.038609722587244925
2,0.1,100,33,oracle_no_cov,300,1.3768269431332072e-05,1.0068796506390306e-06,-0.00013989656520582038,0.013065992665162713
2,0.1,100,33,oracle_tail,300,1.3768269431332072e-05,1.0068796506390306e-06,-0.00013989656520582038,0.013065992665162713
2,0.1,100,33,tis,300,0.0002769393847694507,5.427686648730034e-05,0.0009937725783439914,0.26281356477945034
2,0.1,100,33,tis_no_cov,300,0.0002769393847694507,5.427686648730034e-05,0.0009937725783439914,0.26281356477945034
2,0.1,100,33,uniform,300,0.0010537484433189533,9.531422764501734e-05,-0.0009137607098122922,1.0
2,0.1,100,34,learned_mean,300,0.0,0.0,0.0,0.0
2,0.1,100,34,learned_occupancy,300,0.0,0.0,0.0,0.0
2,0.1,100,34,oracle_no_cov,300,0.0,0.0,0.0,0.0
2,0.1,100,34,oracle_tail,300,0.0,0.0,0.0,0.0
2,0.1,100,34,tis,300,0.0,0.0,0.0,0.0
2,0.1,100,34,tis_no_cov,300,0.0,0.0,0.0,0.0
2,0.1,100,34,uniform,300,0.0,0.0,0.0,0.0
2,0.1,100,35,learned_mean,300,0.0,0.0,0.0,0.0
2,0.1,100,35,learned_occupancy,300,0.0,0.0,0.0,0.0
2,0.1,100,35,oracle_no_cov,300,0.0,0.0,0.0,0.0
2,0.1,100,35,oracle_tail,300,0.0,0.0,0.0,0.0
2,0.1,100,35,tis,300,0.0,0.0,0.0,0.0
2,0.1,100,35,tis_no_cov,300,0.0,0.0,0.0,0.0
2,0.1,100,35,uniform,300,0.0,0.0,0.0,0.0
2,0.1,100,36,learned_mean,300,5.678778686335438e-07,1.6393212742718952e-08,0.0006765910074260025,0.012290182552234087
2,0.1,100,36,learned_occupancy,300,1.4854893066703884e-06,1.596176809415244e-07,0.00010358883340585286,0.03214940353689337
2,0.1,100,36,oracle_no_cov,300,1.0734447276652371e-06,1.1048696757502536e-07,2.767562372258355e-05,0.023231811612035917
2,0.1,100,36,oracle_tail,300,1.0734447276652371e-06,1.1048696757502536e-07,2.767562372258355e-05,0.023231811612035917
2,0.1,100,36,tis,300,7.383442823549983e-05,4.200558739076856e-05,-2.9471119871346356e-05,1.5979467624572943
2,0.1,100,36,tis_no_cov,300,7.383442823549983e-05,4.200558739076856e-05,-2.9471119871346356e-05,1.5979467624572943
2,0.1,100,36,uniform,300,4.6205812340054784e-05,2.613004514050232e-05,0.00016696362392556083,1.0
2,0.1,100,37,learned_mean,300,0.020783630015366233,0.005401011746683861,0.00682596193397913,2.8686257430354396
2,0.1,100,37,learned_occupancy,300,0.00021052765744507113,1.4819079922076425e-05,0.001054608592368987,0.029057727515422946
2,0.1,100,37,oracle_no_cov,300,9.007254804801294e-05,7.88673828145284e-06,-0.0004192692089784363,0.012432112671380875
2,0.1,100,37,oracle_tail,300,9.007254804801294e-05,7.88673828145284e-06,-0.0004192692089784363,0.012432112671380875
2,0.1,100,37,tis,300,0.008225886727791419,0.001007147349752011,0.006743287138050399,1.1353642462452298
2,0.1,100,37,tis_no_cov,300,0.008225886727791419,0.001007147349752011,0.006743287138050399,1.1353642462452298
2,0.1,100,37,uniform,300,0.007245152165919704,0.0006207682224053691,0.0012054834664180151,1.0
2,0.1,100,38,learned_mean,300,0.00975982886235421,0.0021996472606161757,0.0035807233511345087,0.6369944227764345
2,0.1,100,38,learned_occupancy,300,0.0007770580580539789,6.359205585287484e-05,0.0036125814296719223,0.05071622219351854
2,0.1,100,38,oracle_no_cov,300,0.00031560576902214934,2.552450796623218e-05,0.0019274308501271828,0.020598631133649122
2,0.1,100,38,oracle_tail,300,0.00031560576902214934,2.552450796623218e-05,0.0019274308501271828,0.020598631133649122
2,0.1,100,38,tis,300,0.003366024246113089,0.0006465285838422634,0.006612232765115117,0.21969019149246571
2,0.1,100,38,tis_no_cov,300,0.003366024246113089,0.0006465285838422634,0.006612232765115117,0.21969019149246571
2,0.1,100,38,uniform,300,0.01532168652248877,0.0011311240655867412,0.014760404471093534,1.0
2,0.1,100,39,learned_mean,300,0.0002826051525525608,2.3142353173092774e-05,-0.00039248387661745116,0.046553633609495736
2,0.1,100,39,learned_occupancy,300,0.0002894850909775926,2.30162967212701e-05,-0.000565669594616135,0.047686967980089895
2,0.1,100,39,oracle_no_cov,300,9.272036645966287e-05,7.249887151291398e-06,-0.0008158017729756616,0.015273854454930777
2,0.1,100,39,oracle_tail,300,9.272036645966287e-05,7.249887151291398e-06,-0.0008158017729756616,0.015273854454930777
2,0.1,100,39,tis,300,0.0010879994536692323,0.000208962160062616,0.0016431110575237287,0.17922648428722007
2,0.1,100,39,tis_no_cov,300,0.0010879994536692323,0.000208962160062616,0.0016431110575237287,0.17922648428722007
2,0.1,100,39,uniform,300,0.006070528348509335,0.0005485686419110849,0.014233517390727831,1.0
2,0.1,100,40,learned_mean,300,0.00018431287744279584,2.5791571006748226e-05,0.0015204216825746642,0.08757506053584777
2,0.1,100,40,learned_occupancy,300,0.00018149811157182265,2.3345520333321512e-05,0.0015772270930371967,0.08623764290684233
2,0.1,100,40,oracle_no_cov,300,4.977632774328822e-05,4.084269859255545e-06,0.00019935870753899095,0.02365089719096591
2,0.1,100,40,oracle_tail,300,4.977632774328822e-05,4.084269859255545e-06,0.00019935870753899095,0.02365089719096591
2,0.1,100,40,tis,300,0.0006969533880208839,0.00010442585148644764,0.003361918084409116,0.33115285265695243
2,0.1,100,40,tis_no_cov,300,0.0006969533880208839,0.00010442585148644764,0.003361918084409116,0.33115285265695243
2,0.1,100,40,uniform,300,0.0021046274626022056,0.00015461316220347426,0.004294873210673415,1.0
2,0.1,100,41,learned_mean,300,0.0015596237967239618,0.0002502425832032623,0.006433357101618846,0.5071259349326167
2,0.1,100,41,learned_occupancy,300,0.0007661192866920615,0.00011745721088664488,0.002282688505308906,0.24911068960971053
2,0.1,100,41,oracle_no_cov,300,0.00012883039089300378,9.797036741882218e-06,0.0012903519781846133,0.04189037931235949
2,0.1,100,41,oracle_tail,300,0.00012883039089300378,9.797036741882218e-06,0.0012903519781846133,0.04189037931235949
2,0.1,100,41,tis,300,0.0018405098362174806,0.0002639766551372787,0.009040445039696088,0.5984585984165158
2,0.1,100,41,tis_no_cov,300,0.0018405098362174806,0.0002639766551372787,0.009040445039696088,0.5984585984165158
2,0.1,100,41,uniform,300,0.003075417148466669,0.000289860537933187,0.005228565733798493,1.0
2,0.1,100,42,learned_mean,300,0.00043778189236928685,9.799759459087174e-05,-0.0005192797149621967,0.37244979073909734
2,0.1,100,42,learned_occupancy,300,0.0002606173761543524,5.326888876968097e-05,-0.00012459227343359248,0.2217243081625251
2,0.1,100,42,oracle_no_cov,300,3.6255359530826576e-05,3.1144494736822126e-06,-0.0005655962578337218,0.030844814063338444
2,0.1,100,42,oracle_tail,300,3.6255359530826576e-05,3.1144494736822126e-06,-0.0005655962578337218,0.030844814063338444
2,0.1,100,42,tis,300,0.0006695382370785544,0.0001380277858141337,-0.0008499910319376424,0.5696201250858921
2,0.1,100,42,tis_no_cov,300,0.0006695382370785544,0.0001380277858141337,-0.0008499910319376424,0.5696201250858921
2,0.1,100,42,uniform,300,0.0011754118360505536,0.0001833137708940057,-6.297348608371056e-05,1.0
2,0.1,100,43,learned_mean,300,9.815341196280439e-05,9.482852550595626e-06,0.000322028118851886,0.0629335625686595
2,0.1,100,43,learned_occupancy,300,0.00010262279656413916,8.714025912673698e-06,0.0001347985200994454,0.06579922245583791
2,0.1,100,43,oracle_no_cov,300,3.003615315775947e-05,2.4627307663031727e-06,0.0006108263095373519,0.019258445389468734
2,0.1,100,43,oracle_tail,300,3.003615315775947e-05,2.4627307663031727e-06,0.0006108263095373519,0.019258445389468734
2,0.1,100,43,tis,300,0.0008228118427687782,0.00010328318860477387,0.0024967006757837364,0.5275667911447245
2,0.1,100,43,tis_no_cov,300,0.0008228118427687782,0.00010328318860477387,0.0024967006757837364,0.5275667911447245
2,0.1,100,43,uniform,300,0.001559635398929158,0.00011403251241768903,0.0042553190542226815,1.0
2,0.1,100,44,learned_mean,300,0.0,0.0,0.0,0.0
2,0.1,100,44,learned_occupancy,300,0.0,0.0,0.0,0.0
2,0.1,100,44,oracle_no_cov,300,0.0,0.0,0.0,0.0
2,0.1,100,44,oracle_tail,300,0.0,0.0,0.0,0.0
2,0.1,100,44,tis,300,0.0,0.0,0.0,0.0
2,0.1,100,44,tis_no_cov,300,0.0,0.0,0.0,0.0
2,0.1,100,44,uniform,300,0.0,0.0,0.0,0.0
2,0.1,100,45,learned_mean,300,5.584203489395164e-05,4.221312475691252e-06,0.00030486444827645156,0.015542894293808356
2,0.1,100,45,learned_occupancy,300,7.655339912679109e-05,6.525648758459647e-06,-5.701846528566312e-08,0.021307629507396605
2,0.1,100,45,oracle_no_cov,300,3.6090736366115316e-05,2.803267768567311e-06,0.0007487392581913312,0.010045380713463104
2,0.1,100,45,oracle_tail,300,3.6090736366115316e-05,2.803267768567311e-06,0.0007487392581913312,0.010045380713463104
2,0.1,100,45,tis,300,0.0025059068634417326,0.0008068811353554845,0.010493464120983202,0.6974861421610256
2,0.1,100,45,tis_no_cov,300,0.0025059068634417326,0.0008068811353554845,0.010493464120983202,0.6974861421610256
2,0.1,100,45,uniform,300,0.0035927693927762724,0.0005824603338006487,0.02186322434857654,1.0
2,0.1,100,46,learned_mean,300,0.003521165907883723,0.0005291901006699782,0.00982909616389565,0.5719934547092209
2,0.1,100,46,learned_occupancy,300,0.0005827871705896706,6.074736979682979e-05,-0.002684837409326518,0.09467047443559587
2,0.1,100,46,oracle_no_cov,300,0.0002304329997575857,1.8003933344959886e-05,-0.0008812888754812705,0.03743253543243809
2,0.1,100,46,oracle_tail,300,0.0002304329997575857,1.8003933344959886e-05,-0.0008812888754812705,0.03743253543243809
2,0.1,100,46,tis,300,0.0039667804188727165,0.0005585151077818215,0.00931723200402784,0.6443810076610631
2,0.1,100,46,tis_no_cov,300,0.0039667804188727165,0.0005585151077818215,0.00931723200402784,0.6443810076610631
2,0.1,100,46,uniform,300,0.006155954895801642,0.0004992738533220837,0.0014868442615924718,1.0
2,0.1,100,47,learned_mean,300,0.04625920323547393,0.004500288924894545,0.0034526329015524284,1.4523031530648678
2,0.1,100,47,learned_occupancy,300,0.0014748722399220134,0.00011201809685015219,-0.0045975506495316764,0.04630346946321847
2,0.1,100,47,oracle_no_cov,300,0.0006194757683535938,4.7304132122135166e-05,-0.00149601240694715,0.01944838105074182
2,0.1,100,47,oracle_tail,300,0.0006194757683535938,4.7304132122135166e-05,-0.00149601240694715,0.01944838105074182
2,0.1,100,47,tis,300,0.019476804388070177,0.0024917888429663473,0.0005807469339304195,0.6114723654109685
2,0.1,100,47,tis_no_cov,300,0.019476804388070177,0.0024917888429663473,0.0005807469339304195,0.6114723654109685
2,0.1,100,47,uniform,300,0.031852305173235236,0.002114727260260132,0.0018990183109206331,1.0
2,0.1,100,48,learned_mean,300,0.0420845416858971,0.0042129394290612385,0.01470490321304837,2.3455410701571373
2,0.1,100,48,learned_occupancy,300,0.0006695992178175019,5.918945101301825e-05,-0.00036810230494216536,0.03731946227805442
2,0.1,100,48,oracle_no_cov,300,0.00021517269986697312,2.041174165029439e-05,-0.001025160776557778,0.011992441511694278
2,0.1,100,48,oracle_tail,300,0.00021517269986697312,2.041174165029439e-05,-0.001025160776557778,0.011992441511694278
2,0.1,100,48,tis,300,0.023949282683351388,0.0027338793173147685,0.013997189780433782,1.3347900175286507
2,0.1,100,48,tis_no_cov,300,0.023949282683351388,0.0027338793173147685,0.013997189780433782,1.3347900175286507
2,0.1,100,48,uniform,300,0.01794235974860917,0.0015699518151081038,-0.0007614350712583225,1.0
2,0.1,100,49,learned_mean,300,0.0016029742251313253,0.00012504580785130571,0.0056798775277639825,0.5905054545631991
2,0.1,100,49,learned_occupancy,300,0.00029720607285725354,3.164879629380256e-05,-0.0017714460541088126,0.10948510861872257
2,0.1,100,49,oracle_no_cov,300,0.0001466015558348801,1.1096567561054264e-05,-0.000299102819985518,0.054005246628875674
2,0.1,100,49,oracle_tail,300,0.0001466015558348801,1.1096567561054264e-05,-0.000299102819985518,0.054005246628875674
2,0.1,100,49,tis,300,0.002901739105519284,0.00024128443355702674,0.010546753561486592,1.0689459273046615
2,0.1,100,49,tis_no_cov,300,0.002901739105519284,0.00024128443355702674,0.010546753561486592,1.0689459273046615
2,0.1,100,49,uniform,300,0.002714579878550074,0.00021666955664239687,-0.001546968311724417,1.0
2,0.1,200,0,learned_mean,300,4.92968567836812e-06,3.5141097244318704e-07,-7.522876884346496e-05,0.03323709825006055
2,0.1,200,0,learned_occupancy,300,4.77720283939324e-06,3.537634735808455e-07,-5.4285452807480984e-05,0.032209023149310116
2,0.1,200,0,oracle_no_cov,300,3.6461760213805622e-06,2.723168465527165e-07,1.0028917683644704e-05,0.024583374796373982
2,0.1,200,0,oracle_tail,300,3.6461760213805622e-06,2.723168465527165e-07,1.0028917683644704e-05,0.024583374796373982
2,0.1,200,0,tis,300,0.000175356629076403,2.5775647887885603e-05,-0.0009256645169821602,1.1822955639924684
2,0.1,200,0,tis_no_cov,300,0.000175356629076403,2.5775647887885603e-05,-0.0009256645169821602,1.1822955639924684
2,0.1,200,0,uniform,300,0.00014831877443931615,1.4535468061763261e-05,-0.0009498624839748911,1.0
2,0.1,200,1,learned_mean,300,0.0,0.0,0.0,0.0
2,0.1,200,1,learned_occupancy,300,0.0,0.0,0.0,0.0
2,0.1,200,1,oracle_no_cov,300,0.0,0.0,0.0,0.0
2,0.1,200,1,oracle_tail,300,0.0,0.0,0.0,0.0
2,0.1,200,1,tis,300,0.0,0.0,0.0,0.0
2,0.1,200,1,tis_no_cov,300,0.0,0.0,0.0,0.0
2,0.1,200,1,uniform,300,0.0,0.0,0.0,0.0
2,0.1,200,2,learned_mean,300,0.0012504802430189056,0.0002094963100017944,-0.00026949978465212445,0.4130717819076776
2,0.1,200,2,learned_occupancy,300,0.00016383649534617426,1.3872361652495239e-05,0.0009740238973590931,0.054120193783125575
2,0.1,200,2,oracle_no_cov,300,9.02448117908627e-05,7.436377745322717e-06,0.0008689547948543834,0.029810615099667006
2,0.1,200,2,oracle_tail,300,9.02448117908627e-05,7.436377745322717e-06,0.0008689547948543834,0.029810615099667006
2,0.1,200,2,tis,300,0.0013255069882218108,0.00021425284921634626,-0.000520456000279456,0.43785540524336336
2,0.1,200,2,tis_no_cov,300,0.0013255069882218108,0.00021425284921634626,-0.000520456000279456,0.43785540524336336
2,0.1,200,2,uniform,300,0.00302727104050499,0.0002527521526034833,0.0033586096289634085,1.0
2,0.1,200,3,learned_mean,300,0.0013048193281482692,0.0002154018969906322,-0.00019390419165995636,1.7445832057802257
2,0.1,200,3,learned_occupancy,300,9.963971378705958e-05,1.1766406137330935e-05,-0.0003529400793424616,0.1332213338289084
2,0.1,200,3,oracle_no_cov,300,2.4165414256153123e-05,1.9178692859950708e-06,-7.788572475247187e-05,0.032309895295493524
2,0.1,200,3,oracle_tail,300,2.4165414256153123e-05,1.9178692859950708e-06,-7.788572475247187e-05,0.032309895295493524
2,0.1,200,3,tis,300,0.0020142820779969774,0.00033903055694306457,-0.002664319185225514,2.6931565230296077
2,0.1,200,3,tis_no_cov,300,0.0020142820779969774,0.00033903055694306457,-0.002664319185225514,2.6931565230296077
2,0.1,200,3,uniform,300,0.0007479261085542309,6.790159268684495e-05,0.0008332518587646061,1.0
2,0.1,200,4,learned_mean,300,0.0,0.0,0.0,0.0
2,0.1,200,4,learned_occupancy,300,0.0,0.0,0.0,0.0
2,0.1,200,4,oracle_no_cov,300,0.0,0.0,0.0,0.0
2,0.1,200,4,oracle_tail,300,0.0,0.0,0.0,0.0
2,0.1,200,4,tis,300,0.0,0.0,0.0,0.0
2,0.1,200,4,tis_no_cov,300,0.0,0.0,0.0,0.0
2,0.1,200,4,uniform,300,0.0,0.0,0.0,0.0
2,0.1,200,5,learned_mean,300,0.0,0.0,0.0,0.0
2,0.1,200,5,learned_occupancy,300,0.0,0.0,0.0,0.0
2,0.1,200,5,oracle_no_cov,300,0.0,0.0,0.0,0.0
2,0.1,200,5,oracle_tail,300,0.0,0.0,0.0,0.0
2,0.1,200,5,tis,300,0.0,0.0,0.0,0.0
2,0.1,200,5,tis_no_cov,300,0.0,0.0,0.0,0.0
2,0.1,200,5,uniform,300,0.0,0.0,0.0,0.0
2,0.1,200,6,learned_mean,300,0.002022210800263115,0.0002673018364289291,0.006432724678991818,0.11901138225024821
2,0.1,200,6,learned_occupancy,300,0.0005363498462714848,4.7597822029818305e-05,0.0015981018116803531,0.03156532274784223
2,0.1,200,6,oracle_no_cov,300,0.0003283199004121976,2.497394398342594e-05,0.00017422331410245297,0.01932232048371786
2,0.1,200,6,oracle_tail,300,0.0003283199004121976,2.497394398342594e-05,0.00017422331410245297,0.01932232048371786
2,0.1,200,6,tis,300,0.004893921601970761,0.000576944593322558,0.008117306164028944,0.2880176361431299
2,0.1,200,6,tis_no_cov,300,0.004893921601970761,0.000576944593322558,0.008117306164028944,0.2880176361431299
2,0.1,200,6,uniform,300,0.01699174282348021,0.0012583669879070085,-0.012425945648919154,1.0
2,0.1,200,7,learned_mean,300,2.9935976736207468e-06,8.35677936081114e-07,0.0004859333685248507,0.002614835516904412
2,0.1,200,7,learned_occupancy,300,6.6834850646688855e-06,1.8384918267745647e-06,0.0007944595818688361,0.005837863343426159
2,0.1,200,7,oracle_no_cov,300,0.0011448512360596717,0.0002136386797438347,0.015754157407407418,1.0
2,0.1,200,7,oracle_tail,300,0.0011448512360596717,0.0002136386797438347,0.015754157407407418,1.0
2,0.1,200,7,tis,300,0.0006784670652930924,0.0001686307856678352,0.008697615532396922,0.5926246519401316
2,0.1,200,7,tis_no_cov,300,0.0006784670652930924,0.0001686307856678352,0.008697615532396922,0.5926246519401316
2,0.1,200,7,uniform,300,0.0011448512360596717,0.0002136386797438347,0.015754157407407418,1.0
2,0.1,200,8,learned_mean,300,0.0,0.0,0.0,0.0
2,0.1,200,8,learned_occupancy,300,0.0,0.0,0.0,0.0
2,0.1,200,8,oracle_no_cov,300,0.0,0.0,0.0,0.0
2,0.1,200,8,oracle_tail,300,0.0,0.0,0.0,0.0
2,0.1,200,8,tis,300,0.0,0.0,0.0,0.0
2,0.1,200,8,tis_no_cov,300,0.0,0.0,0.0,0.0
2,0.1,200,8,uniform,300,0.0,0.0,0.0,0.0
2,0.1,200,9,learned_mean,300,0.0,0.0,0.0,0.0
2,0.1,200,9,learned_occupancy,300,0.0,0.0,0.0,0.0
2,0.1,200,9,oracle_no_cov,300,0.00013887860922710937,2.9897205648837147e-05,0.004065189814814822,1.0
2,0.1,200,9,oracle_tail,300,0.00013887860922710937,2.9897205648837147e-05,0.004065189814814822,1.0
2,0.1,200,9,tis,300,0.0001598182161072678,5.371530061913223e-05,0.003147314325284288,1.1507763290307416
2,0.1,200,9,tis_no_cov,300,0.0001598182161072678,5.371530061913223e-05,0.003147314325284288,1.1507763290307416
2,0.1,200,9,uniform,300,0.00013887860922710937,2.9897205648837147e-05,0.004065189814814822,1.0
2,0.1,200,10,learned_mean,300,0.0,0.0,0.0,0.0
2,0.1,200,10,learned_occupancy,300,0.0,0.0,0.0,0.0
2,0.1,200,10,oracle_no_cov,300,6.841513953189366e-07,6.83010191196143e-07,4.775462962962986e-05,1.0
2,0.1,200,10,oracle_tail,300,6.841513953189366e-07,6.83010191196143e-07,4.775462962962986e-05,1.0
2,0.1,200,10,tis,300,4.237243424026117e-06,4.2301754567635135e-06,0.00011884504510813113,6.193429485078819
2,0.1,200,10,tis_no_cov,300,4.237243424026117e-06,4.2301754567635135e-06,0.00011884504510813113,6.193429485078819
2,0.1,200,10,uniform,300,6.841513953189366e-07,6.83010191196143e-07,4.775462962962986e-05,1.0
2,0.1,200,11,learned_mean,300,0.0,0.0,0.0,0.0
2,0.1,200,11,learned_occupancy,300,0.0,0.0,0.0,0.0
2,0.1,200,11,oracle_no_cov,300,0.0,0.0,0.0,0.0
2,0.1,200,11,oracle_tail,300,0.0,0.0,0.0,0.0
2,0.1,200,11,tis,300,0.0,0.0,0.0,0.0
2,0.1,200,11,tis_no_cov,300,0.0,0.0,0.0,0.0
2,0.1,200,11,uniform,300,0.0,0.0,0.0,0.0
2,0.1,200,12,learned_mean,300,0.0001337072985160018,1.3240071695044048e-05,0.0004232308636741696,0.11071298937286608
2,0.1,200,12,learned_occupancy,300,0.00013444289462399863,1.2566362149219597e-05,0.0005393291963476177,0.11132208135955093
2,0.1,200,12,oracle_no_cov,300,3.574890686318075e-05,2.9941733136435144e-06,0.00022112699286847375,0.029600989546290483
2,0.1,200,12,oracle_tail,300,3.574890686318075e-05,2.9941733136435144e-06,0.00022112699286847375,0.029600989546290483
2,0.1,200,12,tis,300,0.00022266867659196277,2.4114052922827992e-05,0.0016855441961117663,0.18437523679566226
2,0.1,200,12,tis_no_cov,300,0.00022266867659196277,2.4114052922827992e-05,0.0016855441961117663,0.18437523679566226
2,0.1,200,12,uniform,300,0.001207692966050208,0.00010683697152833516,0.0030002746070395534,1.0
2,0.1,200,13,learned_mean,300,0.0,0.0,0.0,0.0
2,0.1,200,13,learned_occupancy,300,0.0,0.0,0.0,0.0
2,0.1,200,13,oracle_no_cov,300,0.0,0.0,0.0,0.0
2,0.1,200,13,oracle_tail,300,0.0,0.0,0.0,0.0
2,0.1,200,13,tis,300,0.0,0.0,0.0,0.0
2,0.1,200,13,tis_no_cov,300,0.0,0.0,0.0,0.0
2,0.1,200,13,uniform,300,0.0,0.0,0.0,0.0
2,0.1,200,14,learned_mean,300,9.512621849623381e-07,8.965694853705257e-08,2.4277248737984238e-05,0.3451290392256631
2,0.1,200,14,learned_occupancy,300,4.884262495434922e-07,4.86528329965561e-08,6.1091906023986e-05,0.1772067521471101
2,0.1,200,14,oracle_no_cov,300,1.074190152823812e-07,1.3448099764638592e-08,1.9347248561740007e-05,0.03897287427697217
2,0.1,200,14,oracle_tail,300,1.074190152823812e-07,1.3448099764638592e-08,1.9347248561740007e-05,0.03897287427697217
2,0.1,200,14,tis,300,8.674790426701985e-06,4.031472223752557e-06,-1.5405040529645753e-05,3.1473153592983096
2,0.1,200,14,tis_no_cov,300,8.674790426701985e-06,4.031472223752557e-06,-1.5405040529645753e-05,3.1473153592983096
2,0.1,200,14,uniform,300,2.7562507840447292e-06,3.6498282909117904e-07,0.00012396449351766535,1.0
2,0.1,200,15,learned_mean,300,0.0,0.0,0.0,0.0
2,0.1,200,15,learned_occupancy,300,0.0,0.0,0.0,0.0
2,0.1,200,15,oracle_no_cov,300,0.0,0.0,0.0,0.0
2,0.1,200,15,oracle_tail,300,0.0,0.0,0.0,0.0
2,0.1,200,15,tis,300,0.0,0.0,0.0,0.0
2,0.1,200,15,tis_no_cov,300,0.0,0.0,0.0,0.0
2,0.1,200,15,uniform,300,0.0,0.0,0.0,0.0
2,0.1,200,16,learned_mean,300,0.0006992060226319631,8.973108170596305e-05,0.004644849536968812,0.13936500839647176
2,0.1,200,16,learned_occupancy,300,0.00020425451142841867,1.8398480516464227e-05,0.0007406595653575769,0.04071179420492813
2,0.1,200,16,oracle_no_cov,300,0.00010107499419205529,8.20423646632169e-06,-0.0003845792724724206,0.020146161443554456
2,0.1,200,16,oracle_tail,300,0.00010107499419205529,8.20423646632169e-06,-0.0003845792724724206,0.020146161443554456
2,0.1,200,16,tis,300,0.0010437812021267855,0.00011608112412219568,0.006784415701150093,0.20804537044877147
2,0.1,200,16,tis_no_cov,300,0.0010437812021267855,0.00011608112412219568,0.006784415701150093,0.20804537044877147
2,0.1,200,16,uniform,300,0.005017084493998887,0.0005198123215602396,0.011660887508417615,1.0
2,0.1,200,17,learned_mean,300,0.007971031540197859,0.003215875077024442,-0.006034513896956863,5.468974632774719
2,0.1,200,17,learned_occupancy,300,1.4751391126855345e-05,1.4982833091646368e-06,1.851365067706112e-05,0.010121021785457322
2,0.1,200,17,oracle_no_cov,300,1.863655165836891e-05,2.832611416966298e-06,0.0013194862793408076,0.012786654744498131
2,0.1,200,17,oracle_tail,300,1.863655165836891e-05,2.832611416966298e-06,0.0013194862793408076,0.012786654744498131
2,0.1,200,17,tis,300,0.00489935238397241,0.0015636750065359704,0.013140606849725164,3.361476337139717
2,0.1,200,17,tis_no_cov,300,0.00489935238397241,0.0015636750065359704,0.013140606849725164,3.361476337139717
2,0.1,200,17,uniform,300,0.0014575001852136413,0.0001772738781968587,0.01528715883708568,1.0
2,0.1,200,18,learned_mean,300,0.0005719239448491174,0.00012300635815502907,-0.0019313755559218519,0.0887944063941747
2,0.1,200,18,learned_occupancy,300,0.00031003457982454156,3.091268056885645e-05,-0.0014075999365489532,0.0481346107732038
2,0.1,200,18,oracle_no_cov,300,0.00011966534654050956,9.178558411913363e-06,-0.00044524362018262114,0.018578717516051824
2,0.1,200,18,oracle_tail,300,0.00011966534654050956,9.178558411913363e-06,-0.00044524362018262114,0.018578717516051824
2,0.1,200,18,tis,300,0.001019449851905256,0.0002003492945043267,-0.0018399534405964897,0.15827531835974715
2,0.1,200,18,tis_no_cov,300,0.001019449851905256,0.0002003492945043267,-0.0018399534405964897,0.15827531835974715
2,0.1,200,18,uniform,300,0.006440990689326102,0.0004524774851639572,0.011489115126553462,1.0
2,0.1,200,19,learned_mean,300,9.984569944328534e-05,9.817967579469772e-06,0.0030027289186451912,0.029216820411805764
2,0.1,200,19,learned_occupancy,300,0.00011694349780449506,1.0828580297563506e-05,0.003457402486304342,0.03421997334620414
2,0.1,200,19,oracle_no_cov,300,4.341081494951601e-05,4.289418541249793e-06,0.0016402537069492584,0.012702860427459679
2,0.1,200,19,oracle_tail,300,4.341081494951601e-05,4.289418541249793e-06,0.0016402537069492584,0.012702860427459679
2,0.1,200,19,tis,300,0.00117098627882688,0.00029561851311088705,0.009097316495350144,0.3426536746593392
2,0.1,200,19,tis_no_cov,300,0.00117098627882688,0.00029561851311088705,0.009097316495350144,0.3426536746593392
2,0.1,200,19,uniform,300,0.003417404701674528,0.0004306256396088771,0.019170872719628987,1.0
2,0.1,200,20,learned_mean,300,4.6005082353133994e-05,3.9566228363617235e-06,0.00016142577680217798,0.024276004487189338
2,0.1,200,20,learned_occupancy,300,6.45239256982906e-05,5.52615078151808e-06,-1.1098012993256783e-05,0.03404804490424019
2,0.1,200,20,oracle_no_cov,300,1.9497047095925545e-05,1.5539076121216288e-06,9.77369113951058e-06,0.010288219878719274
2,0.1,200,20,oracle_tail,300,1.9497047095925545e-05,1.5539076121216288e-06,9.77369113951058e-06,0.010288219878719274
2,0.1,200,20,tis,300,0.0001805093538357975,8.328086671956437e-05,-0.00022698147947485222,0.09525134310294199
2,0.1,200,20,tis_no_cov,300,0.0001805093538357975,8.328086671956437e-05,-0.00022698147947485222,0.09525134310294199
2,0.1,200,20,uniform,300,0.0018950846041164344,0.0001669671640831788,0.004499510526261338,1.0
2,0.1,200,21,learned_mean,300,4.298637687629821e-05,3.109745545344176e-06,-0.0001355126267910268,0.05676172747789771
2,0.1,200,21,learned_occupancy,300,5.4436624081972046e-05,3.9899205228343955e-06,5.07868898495692e-05,0.07188130392681166
2,0.1,200,21,oracle_no_cov,300,2.0610666731603742e-05,1.58489992389075e-06,-0.00024603887536948097,0.027215530434762485
2,0.1,200,21,oracle_tail,300,2.0610666731603742e-05,1.58489992389075e-06,-0.00024603887536948097,0.027215530434762485
2,0.1,200,21,tis,300,0.0003637667242766113,5.792397038053041e-05,0.004296689666566912,0.48033886941286874
2,0.1,200,21,tis_no_cov,300,0.0003637667242766113,5.792397038053041e-05,0.004296689666566912,0.48033886941286874
2,0.1,200,21,uniform,300,0.0007573126961831202,7.94185642689915e-05,0.007807577432168137,1.0
2,0.1,200,22,learned_mean,300,0.0,0.0,0.0,0.0
2,0.1,200,22,learned_occupancy,300,0.0,0.0,0.0,0.0
2,0.1,200,22,oracle_no_cov,300,0.0,0.0,0.0,0.0
2,0.1,200,22,oracle_tail,300,0.0,0.0,0.0,0.0
2,0.1,200,22,tis,300,0.0,0.0,0.0,0.0
2,0.1,200,22,tis_no_cov,300,0.0,0.0,0.0,0.0
2,0.1,200,22,uniform,300,0.0,0.0,0.0,0.0
2,0.1,200,23,learned_mean,300,4.4417388936854306e-05,3.948440163411055e-06,-0.0005442603924736072,0.045006674127265056
2,0.1,200,23,learned_occupancy,300,4.8430495951365996e-05,4.258790292860891e-06,-0.00024980248808513896,0.049073023004654985
2,0.1,200,23,oracle_no_cov,300,1.843060589861096e-05,1.5419310673771297e-06,0.00010051844706528506,0.018675124619010955
2,0.1,200,23,oracle_tail,300,1.843060589861096e-05,1.5419310673771297e-06,0.00010051844706528506,0.018675124619010955
2,0.1,200,23,tis,300,0.00042394007411221884,7.099663674726282e-05,0.002740935580730964,0.4295644841299064
2,0.1,200,23,tis_no_cov,300,0.00042394007411221884,7.099663674726282e-05,0.002740935580730964,0.4295644841299064
2,0.1,200,23,uniform,300,0.0009869067154630348,7.691461759981918e-05,0.008002475197054805,1.0
2,0.1,200,24,learned_mean,300,0.0,0.0,0.0,0.0
2,0.1,200,24,learned_occupancy,300,0.0,0.0,0.0,0.0
2,0.1,200,24,oracle_no_cov,300,0.0,0.0,0.0,0.0
2,0.1,200,24,oracle_tail,300,0.0,0.0,0.0,0.0
2,0.1,200,24,tis,300,0.0,0.0,0.0,0.0
2,0.1,200,24,tis_no_cov,300,0.0,0.0,0.0,0.0
2,0.1,200,24,uniform,300,0.0,0.0,0.0,0.0
2,0.1,200,25,learned_mean,300,0.0002844562806454852,0.00017296300091843852,0.0014035549020030244,0.7293269407083797
2,0.1,200,25,learned_occupancy,300,2.2363777028894735e-05,1.7992086814463604e-06,0.00030520788090635296,0.05733923345322701
2,0.1,200,25,oracle_no_cov,300,1.0680486965008862e-05,8.832391973175318e-07,9.158103251681501e-05,0.027384056579062475
2,0.1,200,25,oracle_tail,300,1.0680486965008862e-05,8.832391973175318e-07,9.158103251681501e-05,0.027384056579062475
2,0.1,200,25,tis,300,0.00035401851448141726,0.00017315586684566361,0.0010700249909614602,0.9076798709979732
2,0.1,200,25,tis_no_cov,300,0.00035401851448141726,0.00017315586684566361,0.0010700249909614602,0.9076798709979732
2,0.1,200,25,uniform,300,0.0003900257412254631,2.9601154116955177e-05,0.0011808376218973074,1.0
2,0.1,200,26,learned_mean,300,0.0007037013059447162,0.0006714293466479688,0.00025396816408874924,5.897742418877614
2,0.1,200,26,learned_occupancy,300,9.172759770049542e-06,5.444445549279956e-06,0.0003008131441693599,0.07687718345409085
2,0.1,200,26,oracle_no_cov,300,3.1693486425063384e-06,2.2011840039698225e-07,0.00035495005337594714,0.026562409038061792
2,0.1,200,26,oracle_tail,300,3.1693486425063384e-06,2.2011840039698225e-07,0.00035495005337594714,0.026562409038061792
2,0.1,200,26,tis,300,0.0008784564690290116,0.0006886064991467862,0.00011180990809501745,7.362370847918919
2,0.1,200,26,tis_no_cov,300,0.0008784564690290116,0.0006886064991467862,0.00011180990809501745,7.362370847918919
2,0.1,200,26,uniform,300,0.00011931706337195987,1.2551426529125686e-05,0.002266252562000015,1.0
2,0.1,200,27,learned_mean,300,0.0,0.0,0.0,0.0
2,0.1,200,27,learned_occupancy,300,0.0,0.0,0.0,0.0
2,0.1,200,27,oracle_no_cov,300,3.3028947145061806e-05,1.1272959840478069e-05,0.0014969629629629651,1.0
2,0.1,200,27,oracle_tail,300,3.3028947145061806e-05,1.1272959840478069e-05,0.0014969629629629651,1.0
2,0.1,200,27,tis,300,3.8603184608238563e-05,2.2561003307588906e-05,0.0011632632948063103,1.1687682455845454
2,0.1,200,27,tis_no_cov,300,3.8603184608238563e-05,2.2561003307588906e-05,0.0011632632948063103,1.1687682455845454
2,0.1,200,27,uniform,300,3.3028947145061806e-05,1.1272959840478069e-05,0.0014969629629629651,1.0
2,0.1,200,28,learned_mean,300,6.772336889049964e-08,6.761040239168648e-08,1.5024798267142628e-05,0.0011745702000754562
2,0.1,200,28,learned_occupancy,300,0.0,0.0,0.0,0.0
2,0.1,200,28,oracle_no_cov,300,5.765800025077171e-05,1.4925162870931528e-05,0.002213078703703708,1.0
2,0.1,200,28,oracle_tail,300,5.765800025077171e-05,1.4925162870931528e-05,0.002213078703703708,1.0
2,0.1,200,28,tis,300,7.78885455470907e-05,2.5135559097911688e-05,0.002240857450006293,1.3508714351578333
2,0.1,200,28,tis_no_cov,300,7.78885455470907e-05,2.5135559097911688e-05,0.002240857450006293,1.3508714351578333
2,0.1,200,28,uniform,300,5.765800025077171e-05,1.4925162870931528e-05,0.002213078703703708,1.0
2,0.1,200,29,learned_mean,300,0.0,0.0,0.0,0.0
2,0.1,200,29,learned_occupancy,300,0.0,0.0,0.0,0.0
2,0.1,200,29,oracle_no_cov,300,0.0,0.0,0.0,0.0
2,0.1,200,29,oracle_tail,300,0.0,0.0,0.0,0.0
2,0.1,200,29,tis,300,0.0,0.0,0.0,0.0
2,0.1,200,29,tis_no_cov,300,0.0,0.0,0.0,0.0
2,0.1,200,29,uniform,300,0.0,0.0,0.0,0.0
2,0.1,200,30,learned_mean,300,3.5050520638138263e-06,3.15466929218772e-07,-1.715627619507905e-05,0.027637697076590317
2,0.1,200,30,learned_occupancy,300,3.984320270979096e-06,3.1541053132459823e-07,1.0750213124769056e-05,0.031416776327601925
2,0.1,200,30,oracle_no_cov,300,0.0005674475358408183,0.00016327578014335397,0.00624248270202261,4.4743823534996645
2,0.1,200,30,oracle_tail,300,0.0005674475358408183,0.00016327578014335397,0.00624248270202261,4.4743823534996645
2,0.1,200,30,tis,300,0.00030602251949463755,8.47972910549914e-05,0.002654380409371085,2.4130191330752764
2,0.1,200,30,tis_no_cov,300,0.00030602251949463755,8.47972910549914e-05,0.002654380409371085,2.4130191330752764
2,0.1,200,30,uniform,300,0.00012682142271479903,2.3772958225380203e-05,0.0004127544208965665,1.0
2,0.1,200,31,learned_mean,300,4.030056114376051e-05,4.1265149250164105e-06,0.0001478778274531342,0.045048875951864555
2,0.1,200,31,learned_occupancy,300,3.980021508370079e-05,3.316845260371339e-06,-0.0002407801506880965,0.04448957784402358
2,0.1,200,31,oracle_no_cov,300,1.81939558967177e-05,1.3326945965962013e-06,-0.0005603669732351825,0.02033761414242309
2,0.1,200,31,oracle_tail,300,1.81939558967177e-05,1.3326945965962013e-06,-0.0005603669732351825,0.02033761414242309
2,0.1,200,31,tis,300,0.0002932426939555353,4.02509201391707e-05,-0.0008886941177249821,0.32779329540027397
2,0.1,200,31,tis_no_cov,300,0.0002932426939555353,4.02509201391707e-05,-0.0008886941177249821,0.32779329540027397
2,0.1,200,31,uniform,300,0.0008945963754305947,5.943153561607603e-05,-0.002138307712241473,1.0
2,0.1,200,32,learned_mean,300,0.0,0.0,0.0,0.0
2,0.1,200,32,learned_occupancy,300,0.0,0.0,0.0,0.0
2,0.1,200,32,oracle_no_cov,300,0.0,0.0,0.0,0.0
2,0.1,200,32,oracle_tail,300,0.0,0.0,0.0,0.0
2,0.1,200,32,tis,300,8.211947115269068e-08,8.198249112212683e-08,1.6544835161130163e-05,82119471.15269068
2,0.1,200,32,tis_no_cov,300,8.211947115269068e-08,8.198249112212683e-08,1.6544835161130163e-05,82119471.15269068
2,0.1,200,32,uniform,300,0.0,0.0,0.0,0.0
2,0.1,200,33,learned_mean,300,1.2196849881615833e-05,1.1527510537098223e-06,0.0002122318957642692,0.026583785421934555
2,0.1,200,33,learned_occupancy,300,1.608244433313075e-05,1.286398150610729e-06,0.00010635718199197767,0.035052677811224814
2,0.1,200,33,oracle_no_cov,300,5.589410073566774e-06,5.048495192382419e-07,6.82750123020955e-06,0.012182463461722443
2,0.1,200,33,oracle_tail,300,5.589410073566774e-06,5.048495192382419e-07,6.82750123020955e-06,0.012182463461722443
2,0.1,200,33,tis,300,0.0001219202609304035,2.0962517260485634e-05,0.0003686086977084853,0.2657327167767632
2,0.1,200,33,tis_no_cov,300,0.0001219202609304035,2.0962517260485634e-05,0.0003686086977084853,0.2657327167767632
2,0.1,200,33,uniform,300,0.0004588078668266742,4.136938883256425e-05,0.0012741004012988197,1.0
2,0.1,200,34,learned_mean,300,0.0,0.0,0.0,0.0
2,0.1,200,34,learned_occupancy,300,0.0,0.0,0.0,0.0
2,0.1,200,34,oracle_no_cov,300,0.0,0.0,0.0,0.0
2,0.1,200,34,oracle_tail,300,0.0,0.0,0.0,0.0
2,0.1,200,34,tis,300,0.0,0.0,0.0,0.0
2,0.1,200,34,tis_no_cov,300,0.0,0.0,0.0,0.0
2,0.1,200,34,uniform,300,0.0,0.0,0.0,0.0
2,0.1,200,35,learned_mean,300,0.0,0.0,0.0,0.0
2,0.1,200,35,learned_occupancy,300,0.0,0.0,0.0,0.0
2,0.1,200,35,oracle_no_cov,300,0.0,0.0,0.0,0.0
2,0.1,200,35,oracle_tail,300,0.0,0.0,0.0,0.0
2,0.1,200,35,tis,300,0.0,0.0,0.0,0.0
2,0.1,200,35,tis_no_cov,300,0.0,0.0,0.0,0.0
2,0.1,200,35,uniform,300,0.0,0.0,0.0,0.0
2,0.1,200,36,learned_mean,300,0.000575034609444487,0.0005735651481141319,-0.0006994767328499581,39.09164883978128
2,0.1,200,36,learned_occupancy,300,7.891332152255655e-07,7.845664491857653e-08,1.211061485058155e-05,0.05364636846329406
2,0.1,200,36,oracle_no_cov,300,5.265300077499734e-07,5.468458204491518e-08,-1.7786569405172276e-05,0.035794238865819644
2,0.1,200,36,oracle_tail,300,5.265300077499734e-07,5.468458204491518e-08,-1.7786569405172276e-05,0.035794238865819644
2,0.1,200,36,tis,300,2.044848157409536e-05,9.449748050106786e-06,0.00024727248737195967,1.3901160867056355
2,0.1,200,36,tis_no_cov,300,2.044848157409536e-05,9.449748050106786e-06,0.00024727248737195967,1.3901160867056355
2,0.1,200,36,uniform,300,1.4709909315958759e-05,6.647052169666179e-06,0.0003134034387403776,1.0
2,0.1,200,37,learned_mean,300,0.005941171742217244,0.0017474590022261655,0.006061603515783531,2.124747140457766
2,0.1,200,37,learned_occupancy,300,9.206473776414997e-05,6.958508772242304e-06,0.0001773236436218258,0.03292520344284283
2,0.1,200,37,oracle_no_cov,300,4.281538786603495e-05,3.6689047568416425e-06,0.00021860755925902494,0.015312109611225816
2,0.1,200,37,oracle_tail,300,4.281538786603495e-05,3.6689047568416425e-06,0.00021860755925902494,0.015312109611225816
2,0.1,200,37,tis,300,0.002604120321067367,0.00037674425605548474,0.00511597874236837,0.9313141322406708
2,0.1,200,37,tis_no_cov,300,0.002604120321067367,0.00037674425605548474,0.00511597874236837,0.9313141322406708
2,0.1,200,37,uniform,300,0.0027961782506210355,0.00023572341920079286,0.002714844577529127,1.0
2,0.1,200,38,learned_mean,300,0.003368450012033078,0.0011488481306671549,0.006902038413664973,0.41079737931227095
2,0.1,200,38,learned_occupancy,300,0.00042168982337264426,3.210552444893541e-05,-0.0004792965547490635,0.05142693930600493
2,0.1,200,38,oracle_no_cov,300,0.00015612809558180837,1.4853195567982212e-05,-0.0003877911933090609,0.019040511889120117
2,0.1,200,38,oracle_tail,300,0.00015612809558180837,1.4853195567982212e-05,-0.0003877911933090609,0.019040511889120117
2,0.1,200,38,tis,300,0.0008261590532513487,0.0001953580140080623,0.004180650060855485,0.10075375106009683
2,0.1,200,38,tis_no_cov,300,0.0008261590532513487,0.0001953580140080623,0.004180650060855485,0.10075375106009683
2,0.1,200,38,uniform,300,0.008199784569396008,0.0006265974070426611,0.004579395211834287,1.0
2,0.1,200,39,learned_mean,300,0.00010466466589041041,8.903949441361015e-06,0.0004900137523556915,0.040932678497257735
2,0.1,200,39,learned_occupancy,300,0.0001259237006137348,1.0730402529420587e-05,0.0006070912586192959,0.049246747300601655
2,0.1,200,39,oracle_no_cov,300,4.52784691859333e-05,3.6155790722343207e-06,0.0003629356991678832,0.01770768583904311
2,0.1,200,39,oracle_tail,300,4.52784691859333e-05,3.6155790722343207e-06,0.0003629356991678832,0.01770768583904311
2,0.1,200,39,tis,300,0.00032034498888611256,6.301746547601648e-05,0.0005342338273007682,0.12528180667974836
2,0.1,200,39,tis_no_cov,300,0.00032034498888611256,6.301746547601648e-05,0.0005342338273007682,0.12528180667974836
2,0.1,200,39,uniform,300,0.002556995284279341,0.0002243737452129275,0.001603693316653751,1.0
2,0.1,200,40,learned_mean,300,4.700866567421574e-05,3.999382216925234e-06,0.00034146428095147046,0.04711818509976988
2,0.1,200,40,learned_occupancy,300,5.276035521665056e-05,4.3992322399735965e-06,0.00015817397332185714,0.05288327476164265
2,0.1,200,40,oracle_no_cov,300,2.2003580005664847e-05,1.8625672945310089e-06,2.0277109657012016e-05,0.02205484330803245
2,0.1,200,40,oracle_tail,300,2.2003580005664847e-05,1.8625672945310089e-06,2.0277109657012016e-05,0.02205484330803245
2,0.1,200,40,tis,300,0.00014190068745705976,1.9963262089772352e-05,0.0002683501892975889,0.14223128356212128
2,0.1,200,40,tis_no_cov,300,0.00014190068745705976,1.9963262089772352e-05,0.0002683501892975889,0.14223128356212128
2,0.1,200,40,uniform,300,0.0009976756442269107,8.216448640333869e-05,2.5095432895633578e-05,1.0
2,0.1,200,41,learned_mean,300,0.0006262522702326093,8.22060358577849e-05,0.0034763424998689443,0.46601536465606813
2,0.1,200,41,learned_occupancy,300,0.0002458933536937352,2.841224121733689e-05,0.0015391992770730097,0.18297750975901014
2,0.1,200,41,oracle_no_cov,300,6.79121525862124e-05,5.687036142195335e-06,-0.00017903129321961955,0.05053571548776539
2,0.1,200,41,oracle_tail,300,6.79121525862124e-05,5.687036142195335e-06,-0.00017903129321961955,0.05053571548776539
2,0.1,200,41,tis,300,0.0009474852826468635,0.0001305243996446982,0.004097316679697177,0.7050556468800239
2,0.1,200,41,tis_no_cov,300,0.0009474852826468635,0.0001305243996446982,0.004097316679697177,0.7050556468800239
2,0.1,200,41,uniform,300,0.00134384468352197,0.00011382239055006621,0.006074491659724402,1.0
2,0.1,200,42,learned_mean,300,0.000465503187610404,0.00016714691653264079,-0.002448803421796677,1.0393262264046228
2,0.1,200,42,learned_occupancy,300,8.746090563055783e-05,8.314342607855391e-06,-0.0004037297734021617,0.19527344908971117
2,0.1,200,42,oracle_no_cov,300,1.5430593827892396e-05,1.1563287459061324e-06,-0.0002677290803343476,0.034451795994462985
2,0.1,200,42,oracle_tail,300,1.5430593827892396e-05,1.1563287459061324e-06,-0.0002677290803343476,0.034451795994462985
2,0.1,200,42,tis,300,0.0006232781070333613,0.00017996475673450529,-0.0032471681995282662,1.3915893601264826
2,0.1,200,42,tis_no_cov,300,0.0006232781070333613,0.00017996475673450529,-0.0032471681995282662,1.3915893601264826
2,0.1,200,42,uniform,300,0.00044788938812862953,3.709905070879295e-05,0.00023025336576813974,1.0
2,0.1,200,43,learned_mean,300,3.771706601350805e-05,3.2824759898216304e-06,-0.00018656761866344676,0.0452300334988098
2,0.1,200,43,learned_occupancy,300,4.507405650404998e-05,3.874743681648675e-06,-0.0002276734565990942,0.0540524834268732
2,0.1,200,43,oracle_no_cov,300,1.8135450839035987e-05,1.4255934427616555e-06,-5.32884116185565e-05,0.0217479018296875
2,0.1,200,43,oracle_tail,300,1.8135450839035987e-05,1.4255934427616555e-06,-5.32884116185565e-05,0.0217479018296875
2,0.1,200,43,tis,300,0.00024862132280909936,3.6865604952110745e-05,-0.0008658139830319196,0.298144896931978
2,0.1,200,43,tis_no_cov,300,0.00024862132280909936,3.6865604952110745e-05,-0.0008658139830319196,0.298144896931978
2,0.1,200,43,uniform,300,0.0008338942754597021,5.8949120814102437e-05,-0.00032579205688842115,1.0
2,0.1,200,44,learned_mean,300,0.0,0.0,0.0,0.0
2,0.1,200,44,learned_occupancy,300,0.0,0.0,0.0,0.0
2,0.1,200,44,oracle_no_cov,300,0.0,0.0,0.0,0.0
2,0.1,200,44,oracle_tail,300,0.0,0.0,0.0,0.0
2,0.1,200,44,tis,300,0.0,0.0,0.0,0.0
2,0.1,200,44,tis_no_cov,300,0.0,0.0,0.0,0.0
2,0.1,200,44,uniform,300,0.0,0.0,0.0,0.0
2,0.1,200,45,learned_mean,300,2.9434668621690494e-05,2.5438983128166864e-06,3.312344233377192e-05,0.021787935780807895
2,0.1,200,45,learned_occupancy,300,4.135262996523982e-05,3.251632699606435e-06,-0.000257884596077096,0.030609770323224105
2,0.1,200,45,oracle_no_cov,300,1.9143951868963363e-05,1.4861817464801655e-06,0.00010775537066280502,0.014170609469830536
2,0.1,200,45,oracle_tail,300,1.9143951868963363e-05,1.4861817464801655e-06,0.00010775537066280502,0.014170609469830536
2,0.1,200,45,tis,300,0.00041827420221446127,0.00010006032980576029,0.0029290287999228248,0.3096121642729043
2,0.1,200,45,tis_no_cov,300,0.00041827420221446127,0.00010006032980576029,0.0029290287999228248,0.3096121642729043
2,0.1,200,45,uniform,300,0.0013509617853573028,0.00019506729628305906,0.010174900274502418,1.0
2,0.1,200,46,learned_mean,300,0.0024489502290929656,0.00031194042989767293,0.0037718527953809373,0.6750158703689462
2,0.1,200,46,learned_occupancy,300,0.0001979200645799705,2.0982174503407018e-05,9.692091374807459e-05,0.05455365448786963
2,0.1,200,46,oracle_no_cov,300,9.554134990894825e-05,7.104719801787293e-06,-0.00043639664308338914,0.026334519460160303
2,0.1,200,46,oracle_tail,300,9.554134990894825e-05,7.104719801787293e-06,-0.00043639664308338914,0.026334519460160303
2,0.1,200,46,tis,300,0.0032870150341386037,0.00040305750828273005,0.004422017043191568,0.9060156828939182
2,0.1,200,46,tis_no_cov,300,0.0032870150341386037,0.00040305750828273005,0.004422017043191568,0.9060156828939182
2,0.1,200,46,uniform,300,0.003627989113432893,0.0003037654345223792,-0.00026361407174086007,1.0
2,0.1,200,47,learned_mean,300,0.020445651312582205,0.003310899510734939,0.01765922664020082,1.1996795768457338
2,0.1,200,47,learned_occupancy,300,0.0006003279871392477,4.844119642377188e-05,0.0007262517208605061,0.035225154462878557
2,0.1,200,47,oracle_no_cov,300,0.0002454853715213886,2.1122626566908548e-05,0.001192464750833809,0.0144042262154476
2,0.1,200,47,oracle_tail,300,0.0002454853715213886,2.1122626566908548e-05,0.001192464750833809,0.0144042262154476
2,0.1,200,47,tis,300,0.008989008942199074,0.0019373326739056266,0.010064198864888251,0.5274437228323217
2,0.1,200,47,tis_no_cov,300,0.008989008942199074,0.0019373326739056266,0.010064198864888251,0.5274437228323217
2,0.1,200,47,uniform,300,0.017042593461780088,0.0013317085055028308,-0.007080949281671984,1.0
2,0.1,200,48,learned_mean,300,0.015363758537342322,0.0027344980809148925,0.0011942420665786429,2.2239719503721687
2,0.1,200,48,learned_occupancy,300,0.0003073164292877614,2.8028739262201815e-05,0.00037854923088780356,0.044485411363588204
2,0.1,200,48,oracle_no_cov,300,8.862726399928605e-05,7.493181423364465e-06,-0.00010443566631221664,0.012829188163402177
2,0.1,200,48,oracle_tail,300,8.862726399928605e-05,7.493181423364465e-06,-0.00010443566631221664,0.012829188163402177
2,0.1,200,48,tis,300,0.014647026014284777,0.0025095339333284896,0.017213843216214414,2.1202217499687204
2,0.1,200,48,tis_no_cov,300,0.014647026014284777,0.0025095339333284896,0.017213843216214414,2.1202217499687204
2,0.1,200,48,uniform,300,0.006908251938506368,0.0005111495938178118,0.005937976965778712,1.0
2,0.1,200,49,learned_mean,300,0.0007250768669683196,8.67752422757783e-05,0.002138341211485508,0.5427857270855955
2,0.1,200,49,learned_occupancy,300,0.0001482133410595077,1.5507108984418765e-05,-2.539962302961607e-05,0.11095111395173665
2,0.1,200,49,oracle_no_cov,300,6.905786486490643e-05,5.742340765636542e-06,0.0003382744353457142,0.05169606851257439
2,0.1,200,49,oracle_tail,300,6.905786486490643e-05,5.742340765636542e-06,0.0003382744353457142,0.05169606851257439
2,0.1,200,49,tis,300,0.0012021252405383456,0.00014530498778724628,0.0008071472738514126,0.8998996554141362
2,0.1,200,49,tis_no_cov,300,0.0012021252405383456,0.00014530498778724628,0.0008071472738514126,0.8998996554141362
2,0.1,200,49,uniform,300,0.0013358436502402308,0.00010930973795693286,-0.0013031072006133078,1.0
2,0.1,400,0,learned_mean,300,2.0760201732563367e-06,1.74665231167481e-07,-0.00010955190482356381,0.02858563271745023
2,0.1,400,0,learned_occupancy,300,1.968852748216736e-06,1.6018398651048678e-07,-0.00012066367236030532,0.027109997417311626
2,0.1,400,0,oracle_no_cov,300,1.5004073271569915e-06,1.2107676363879377e-07,-9.676404995348128e-05,0.02065976686219084
2,0.1,400,0,oracle_tail,300,1.5004073271569915e-06,1.2107676363879377e-07,-9.676404995348128e-05,0.02065976686219084
2,0.1,400,0,tis,300,8.135522860805341e-05,2.0659000611832847e-05,0.0008864560219310458,1.1202158411525522
2,0.1,400,0,tis_no_cov,300,8.135522860805341e-05,2.0659000611832847e-05,0.0008864560219310458,1.1202158411525522
2,0.1,400,0,uniform,300,7.262460109861485e-05,6.593634099485692e-06,-0.0007598381784193397,1.0
2,0.1,400,1,learned_mean,300,0.0,0.0,0.0,0.0
2,0.1,400,1,learned_occupancy,300,0.0,0.0,0.0,0.0
2,0.1,400,1,oracle_no_cov,300,0.0,0.0,0.0,0.0
2,0.1,400,1,oracle_tail,300,0.0,0.0,0.0,0.0
2,0.1,400,1,tis,300,0.0,0.0,0.0,0.0
2,0.1,400,1,tis_no_cov,300,0.0,0.0,0.0,0.0
2,0.1,400,1,uniform,300,0.0,0.0,0.0,0.0
2,0.1,400,2,learned_mean,300,0.0005714295750143212,8.592230041497559e-05,-0.000698808599081581,0.3231379636064195
2,0.1,400,2,learned_occupancy,300,6.14779963126825e-05,4.95524208394802e-06,-0.0004397099029752279,0.03476521937910775
2,0.1,400,2,oracle_no_cov,300,3.607839482401315e-05,3.0378889317677756e-06,-0.0005922071133652462,0.020401987477333162
2,0.1,400,2,oracle_tail,300,3.607839482401315e-05,3.0378889317677756e-06,-0.0005922071133652462,0.020401987477333162
2,0.1,400,2,tis,300,0.0005824648322521502,8.774458772576864e-05,7.384672710548213e-05,0.32937829611216296
2,0.1,400,2,tis_no_cov,300,0.0005824648322521502,8.774458772576864e-05,7.384672710548213e-05,0.32937829611216296
2,0.1,400,2,uniform,300,0.0017683764811686434,0.00013752090059239298,0.0002880205085930158,1.0
2,0.1,400,3,learned_mean,300,0.00075557000106456,0.00021570806636154037,-0.0006269407911602213,2.3129046270505693
2,0.1,400,3,learned_occupancy,300,3.827208335170303e-05,3.4741697113894772e-06,3.5908839275474357e-05,0.11715615832589864
2,0.1,400,3,oracle_no_cov,300,1.0012198257593604e-05,8.185689929358872e-07,0.00014177333043712123,0.03064872830354366
2,0.1,400,3,oracle_tail,300,1.0012198257593604e-05,8.185689929358872e-07,0.00014177333043712123,0.03064872830354366
2,0.1,400,3,tis,300,0.0011025745706102934,0.0002393051314201236,-0.0006123464463173215,3.3751337697894432
2,0.1,400,3,tis_no_cov,300,0.0011025745706102934,0.0002393051314201236,-0.0006123464463173215,3.3751337697894432
2,0.1,400,3,uniform,300,0.00032667581370532676,2.5208013616090338e-05,0.0005555875069127536,1.0
2,0.1,400,4,learned_mean,300,0.0,0.0,0.0,0.0
2,0.1,400,4,learned_occupancy,300,0.0,0.0,0.0,0.0
2,0.1,400,4,oracle_no_cov,300,0.0,0.0,0.0,0.0
2,0.1,400,4,oracle_tail,300,0.0,0.0,0.0,0.0
2,0.1,400,4,tis,300,0.0,0.0,0.0,0.0
2,0.1,400,4,tis_no_cov,300,0.0,0.0,0.0,0.0
2,0.1,400,4,uniform,300,0.0,0.0,0.0,0.0
2,0.1,400,5,learned_mean,300,0.0,0.0,0.0,0.0
2,0.1,400,5,learned_occupancy,300,0.0,0.0,0.0,0.0
2,0.1,400,5,oracle_no_cov,300,0.0,0.0,0.0,0.0
2,0.1,400,5,oracle_tail,300,0.0,0.0,0.0,0.0
2,0.1,400,5,tis,300,0.0,0.0,0.0,0.0
2,0.1,400,5,tis_no_cov,300,0.0,0.0,0.0,0.0
2,0.1,400,5,uniform,300,0.0,0.0,0.0,0.0
2,0.1,400,6,learned_mean,300,0.0009907763676248644,0.0001283441225512247,0.004168760726616404,0.10261129231234913
2,0.1,400,6,learned_occupancy,300,0.00029680342218587,2.2560330765646664e-05,0.0013951137271509177,0.030738907091848528
2,0.1,400,6,oracle_no_cov,300,0.0001721256714522168,1.3531483442604726e-05,0.0010569532521071735,0.017826462322858033
2,0.1,400,6,oracle_tail,300,0.0001721256714522168,1.3531483442604726e-05,0.0010569532521071735,0.017826462322858033
2,0.1,400,6,tis,300,0.00214571781312031,0.0002103396215959863,0.006736520481406917,0.2222245957175141
2,0.1,400,6,tis_no_cov,300,0.00214571781312031,0.0002103396215959863,0.006736520481406917,0.2222245957175141
2,0.1,400,6,uniform,300,0.009655627029907564,0.0007426048210653744,0.009726649258488214,1.0
2,0.1,400,7,learned_mean,300,9.888032799435378e-08,4.4432226296696156e-08,4.925233689200892e-05,0.00037606902324319863
2,0.1,400,7,learned_occupancy,300,1.2745725034367958e-07,5.309804343460366e-08,7.151428853553678e-05,0.00048475490134648877
2,0.1,400,7,oracle_no_cov,300,0.0002629313287800608,5.8192170816520835e-05,0.007230650462962971,1.0
2,0.1,400,7,oracle_tail,300,0.0002629313287800608,5.8192170816520835e-05,0.007230650462962971,1.0
2,0.1,400,7,tis,300,0.00027810504538652387,0.00011193383105607747,0.004530013754082311,1.0577098084007925
2,0.1,400,7,tis_no_cov,300,0.00027810504538652387,0.00011193383105607747,0.004530013754082311,1.0577098084007925
2,0.1,400,7,uniform,300,0.0002629313287800608,5.8192170816520835e-05,0.007230650462962971,1.0
2,0.1,400,8,learned_mean,300,0.0,0.0,0.0,0.0
2,0.1,400,8,learned_occupancy,300,0.0,0.0,0.0,0.0
2,0.1,400,8,oracle_no_cov,300,0.0,0.0,0.0,0.0
2,0.1,400,8,oracle_tail,300,0.0,0.0,0.0,0.0
2,0.1,400,8,tis,300,0.0,0.0,0.0,0.0
2,0.1,400,8,tis_no_cov,300,0.0,0.0,0.0,0.0
2,0.1,400,8,uniform,300,0.0,0.0,0.0,0.0
2,0.1,400,9,learned_mean,300,0.0,0.0,0.0,0.0
2,0.1,400,9,learned_occupancy,300,0.0,0.0,0.0,0.0
2,0.1,400,9,oracle_no_cov,300,2.4573519219393073e-05,8.426100060329272e-06,0.0012206041666666697,1.0
2,0.1,400,9,oracle_tail,300,2.4573519219393073e-05,8.426100060329272e-06,0.0012206041666666697,1.0
2,0.1,400,9,tis,300,1.7393489057106885e-05,6.138139121408298e-06,0.0009238514778770149,0.7078143306140778
2,0.1,400,9,tis_no_cov,300,1.7393489057106885e-05,6.138139121408298e-06,0.0009238514778770149,0.7078143306140778
2,0.1,400,9,uniform,300,2.4573519219393073e-05,8.426100060329272e-06,0.0012206041666666697,1.0
2,0.1,400,10,learned_mean,300,0.0,0.0,0.0,0.0
2,0.1,400,10,learned_occupancy,300,0.0,0.0,0.0,0.0
2,0.1,400,10,oracle_no_cov,300,0.0,0.0,0.0,0.0
2,0.1,400,10,oracle_tail,300,0.0,0.0,0.0,0.0
2,0.1,400,10,tis,300,0.0,0.0,0.0,0.0
2,0.1,400,10,tis_no_cov,300,0.0,0.0,0.0,0.0
2,0.1,400,10,uniform,300,0.0,0.0,0.0,0.0
2,0.1,400,11,learned_mean,300,0.0,0.0,0.0,0.0
2,0.1,400,11,learned_occupancy,300,0.0,0.0,0.0,0.0
2,0.1,400,11,oracle_no_cov,300,0.0,0.0,0.0,0.0
2,0.1,400,11,oracle_tail,300,0.0,0.0,0.0,0.0
2,0.1,400,11,tis,300,0.0,0.0,0.0,0.0
2,0.1,400,11,tis_no_cov,300,0.0,0.0,0.0,0.0
2,0.1,400,11,uniform,300,0.0,0.0,0.0,0.0
2,0.1,400,12,learned_mean,300,4.9379951355634e-05,5.742169784836363e-06,0.0005795302416614227,0.0869459870167747
2,0.1,400,12,learned_occupancy,300,4.975636990588584e-05,5.1360383564750324e-06,0.000492895670219969,0.08760876779084559
2,0.1,400,12,oracle_no_cov,300,1.6681752351270823e-05,1.39525097726242e-06,0.0004337835662145858,0.029372475742326938
2,0.1,400,12,oracle_tail,300,1.6681752351270823e-05,1.39525097726242e-06,0.0004337835662145858,0.029372475742326938
2,0.1,400,12,tis,300,8.242240538636593e-05,8.99550032680171e-06,0.0011213400727011166,0.1451256469858121
2,0.1,400,12,tis_no_cov,300,8.242240538636593e-05,8.99550032680171e-06,0.0011213400727011166,0.1451256469858121
2,0.1,400,12,uniform,300,0.000567938245914754,4.111744777120468e-05,0.0029938671996321484,1.0
2,0.1,400,13,learned_mean,300,0.0,0.0,0.0,0.0
2,0.1,400,13,learned_occupancy,300,0.0,0.0,0.0,0.0
2,0.1,400,13,oracle_no_cov,300,0.0,0.0,0.0,0.0
2,0.1,400,13,oracle_tail,300,0.0,0.0,0.0,0.0
2,0.1,400,13,tis,300,0.0,0.0,0.0,0.0
2,0.1,400,13,tis_no_cov,300,0.0,0.0,0.0,0.0
2,0.1,400,13,uniform,300,0.0,0.0,0.0,0.0
2,0.1,400,14,learned_mean,300,4.5319950356166665e-07,3.8329347735593613e-08,-4.7871355518136485e-05,0.3761607398695694
2,0.1,400,14,learned_occupancy,300,2.52231924044023e-07,2.5394089129372e-08,-2.5586128641875335e-05,0.2093553642964538
2,0.1,400,14,oracle_no_cov,300,5.9333020158437426e-08,8.249618374375014e-09,-9.318911970976154e-06,0.04924708122160817
2,0.1,400,14,oracle_tail,300,5.9333020158437426e-08,8.249618374375014e-09,-9.318911970976154e-06,0.04924708122160817
2,0.1,400,14,tis,300,9.640376908623887e-06,4.195183627200984e-06,-1.5931647678818123e-05,8.001622424716624
2,0.1,400,14,tis_no_cov,300,9.640376908623887e-06,4.195183627200984e-06,-1.5931647678818123e-05,8.001622424716624
2,0.1,400,14,uniform,300,1.2048027758527107e-06,1.4206775058055097e-07,0.00014171102129543496,1.0
2,0.1,400,15,learned_mean,300,0.0,0.0,0.0,0.0
2,0.1,400,15,learned_occupancy,300,0.0,0.0,0.0,0.0
2,0.1,400,15,oracle_no_cov,300,0.0,0.0,0.0,0.0
2,0.1,400,15,oracle_tail,300,0.0,0.0,0.0,0.0
2,0.1,400,15,tis,300,0.0,0.0,0.0,0.0
2,0.1,400,15,tis_no_cov,300,0.0,0.0,0.0,0.0
2,0.1,400,15,uniform,300,0.0,0.0,0.0,0.0
2,0.1,400,16,learned_mean,300,0.0003458147348065569,5.125940898675768e-05,0.0015939510135452222,0.13914948012943432
2,0.1,400,16,learned_occupancy,300,0.00010827172017657158,1.4091979956187682e-05,0.0008585126911320163,0.04356654606900185
2,0.1,400,16,oracle_no_cov,300,5.216854603079059e-05,3.513120972645768e-06,1.960626773557017e-05,0.02099166209141917
2,0.1,400,16,oracle_tail,300,5.216854603079059e-05,3.513120972645768e-06,1.960626773557017e-05,0.02099166209141917
2,0.1,400,16,tis,300,0.0006003553772782753,6.198678589444812e-05,0.0023781032880230177,0.24157194657397354
2,0.1,400,16,tis_no_cov,300,0.0006003553772782753,6.198678589444812e-05,0.0023781032880230177,0.24157194657397354
2,0.1,400,16,uniform,300,0.0024852032108555948,0.00025912951783669977,0.008767022925084252,1.0
2,0.1,400,17,learned_mean,300,0.0022493717910586518,0.0007296133263920625,-0.002838895750293656,4.056449324044375
2,0.1,400,17,learned_occupancy,300,6.6478615157723684e-06,5.353654895656523e-07,0.00017182544962962714,0.011988553185911403
2,0.1,400,17,oracle_no_cov,300,5.602793673529179e-06,8.231051198371585e-07,0.0005058133432140529,0.010103909322634039
2,0.1,400,17,oracle_tail,300,5.602793673529179e-06,8.231051198371585e-07,0.0005058133432140529,0.010103909322634039
2,0.1,400,17,tis,300,0.0017768826842355786,0.0005809792116307311,0.008840760229684946,3.2043767028754497
2,0.1,400,17,tis_no_cov,300,0.0017768826842355786,0.0005809792116307311,0.008840760229684946,3.2043767028754497
2,0.1,400,17,uniform,300,0.0005545174144603822,6.486939165093655e-05,0.006077154207456047,1.0
2,0.1,400,18,learned_mean,300,0.0001274498563986611,2.2796812395691276e-05,0.0004468780603603399,0.03849149709734444
2,0.1,400,18,learned_occupancy,300,0.00011410875722220352,9.79049760528568e-06,0.0006358814773042062,0.03446231342671147
2,0.1,400,18,oracle_no_cov,300,4.6876929754675224e-05,3.9237892151361055e-06,-0.00046383325698668245,0.01415743616015134
2,0.1,400,18,oracle_tail,300,4.6876929754675224e-05,3.9237892151361055e-06,-0.00046383325698668245,0.01415743616015134
2,0.1,400,18,tis,300,0.0003270400349299907,7.22273709404211e-05,0.0006146687665875901,0.09877030002958406
2,0.1,400,18,tis_no_cov,300,0.0003270400349299907,7.22273709404211e-05,0.0006146687665875901,0.09877030002958406
2,0.1,400,18,uniform,300,0.003311117155987523,0.0003176053951366745,-0.0008142760771502407,1.0
2,0.1,400,19,learned_mean,300,4.542181149632162e-05,4.259854474717345e-06,0.00074609815628647,0.03626570286327506
2,0.1,400,19,learned_occupancy,300,5.145717205095011e-05,4.5912297688167386e-06,0.0009597549147978348,0.04108445811183253
2,0.1,400,19,oracle_no_cov,300,2.0860777234621685e-05,1.6832575580757748e-06,0.000325071323995114,0.016655671003985136
2,0.1,400,19,oracle_tail,300,2.0860777234621685e-05,1.6832575580757748e-06,0.000325071323995114,0.016655671003985136
2,0.1,400,19,tis,300,0.0004773833397742085,0.00011215307917178773,0.0036011039041125253,0.3811526176918626
2,0.1,400,19,tis_no_cov,300,0.0004773833397742085,0.00011215307917178773,0.0036011039041125253,0.3811526176918626
2,0.1,400,19,uniform,300,0.0012524729402754418,0.00014364327041425812,0.009386467627036373,1.0
2,0.1,400,20,learned_mean,300,2.6484519426327395e-05,2.1182021253405236e-06,-0.00018909308272026267,0.03270610266820632
2,0.1,400,20,learned_occupancy,300,3.410670474274016e-05,2.644172575176422e-06,-0.00019709298147371288,0.042118845693736834
2,0.1,400,20,oracle_no_cov,300,1.2336626140978986e-05,8.461310249544268e-07,-6.426433554755547e-05,0.015234671796424874
2,0.1,400,20,oracle_tail,300,1.2336626140978986e-05,8.461310249544268e-07,-6.426433554755547e-05,0.015234671796424874
2,0.1,400,20,tis,300,5.942174844455887e-05,3.442817107725097e-05,8.017722501993433e-05,0.07338074646807251
2,0.1,400,20,tis_no_cov,300,5.942174844455887e-05,3.442817107725097e-05,8.017722501993433e-05,0.07338074646807251
2,0.1,400,20,uniform,300,0.0008097730168282343,6.645762803332617e-05,-0.0011906897052201596,1.0
2,0.1,400,21,learned_mean,300,2.3023592644256135e-05,2.0791246686161024e-06,0.00010243351808947939,0.06232291817277121
2,0.1,400,21,learned_occupancy,300,2.7947903611836196e-05,2.3633798965621466e-06,-2.5057035878155997e-05,0.07565261151089304
2,0.1,400,21,oracle_no_cov,300,9.713475209580145e-06,7.912906159514614e-07,6.824294673061596e-07,0.026293555919515963
2,0.1,400,21,oracle_tail,300,9.713475209580145e-06,7.912906159514614e-07,6.824294673061596e-07,0.026293555919515963
2,0.1,400,21,tis,300,0.00017458577703012362,2.376240659801943e-05,0.0024665099235190256,0.47258893362555043
2,0.1,400,21,tis_no_cov,300,0.00017458577703012362,2.376240659801943e-05,0.0024665099235190256,0.47258893362555043
2,0.1,400,21,uniform,300,0.0003694241752356697,2.8203390855785828e-05,0.006219751043279235,1.0
2,0.1,400,22,learned_mean,300,0.0,0.0,0.0,0.0
2,0.1,400,22,learned_occupancy,300,0.0,0.0,0.0,0.0
2,0.1,400,22,oracle_no_cov,300,0.0,0.0,0.0,0.0
2,0.1,400,22,oracle_tail,300,0.0,0.0,0.0,0.0
2,0.1,400,22,tis,300,0.0,0.0,0.0,0.0
2,0.1,400,22,tis_no_cov,300,0.0,0.0,0.0,0.0
2,0.1,400,22,uniform,300,0.0,0.0,0.0,0.0
2,0.1,400,23,learned_mean,300,1.9230124833823468e-05,2.2815463510522037e-06,7.243953767808554e-05,0.03695284373007553
2,0.1,400,23,learned_occupancy,300,2.045486657362717e-05,2.2374359349530447e-06,-0.00021352129266742384,0.03930632247822511
2,0.1,400,23,oracle_no_cov,300,1.0215270175480913e-05,9.463403120437796e-07,-1.2664451167001637e-05,0.019629788455200244
2,0.1,400,23,oracle_tail,300,1.0215270175480913e-05,9.463403120437796e-07,-1.2664451167001637e-05,0.019629788455200244
2,0.1,400,23,tis,300,0.000132334936697922,2.0394620986782624e-05,0.0006182974921993812,0.2542964373911168
2,0.1,400,23,tis_no_cov,300,0.000132334936697922,2.0394620986782624e-05,0.0006182974921993812,0.2542964373911168
2,0.1,400,23,uniform,300,0.0005203963455232614,4.2656302531059204e-05,0.0021483073729807113,1.0
2,0.1,400,24,learned_mean,300,0.0,0.0,0.0,0.0
2,0.1,400,24,learned_occupancy,300,0.0,0.0,0.0,0.0
2,0.1,400,24,oracle_no_cov,300,0.0,0.0,0.0,0.0
2,0.1,400,24,oracle_tail,300,0.0,0.0,0.0,0.0
2,0.1,400,24,tis,300,0.0,0.0,0.0,0.0
2,0.1,400,24,tis_no_cov,300,0.0,0.0,0.0,0.0
2,0.1,400,24,uniform,300,0.0,0.0,0.0,0.0
2,0.1,400,25,learned_mean,300,0.00039368260963733694,0.0001818195772666323,-0.0004507350265610392,2.113180474635727
2,0.1,400,25,learned_occupancy,300,1.1164360842939481e-05,8.83387330417785e-07,-0.00012345843206122012,0.059927232668013385
2,0.1,400,25,oracle_no_cov,300,4.955627075395723e-06,3.509529635520115e-07,3.2684176821241955e-05,0.026600449496484987
2,0.1,400,25,oracle_tail,300,4.955627075395723e-06,3.509529635520115e-07,3.2684176821241955e-05,0.026600449496484987
2,0.1,400,25,tis,300,0.0004376478174230646,0.00018671991015525773,-0.00044066737839708824,2.349173674187235
2,0.1,400,25,tis_no_cov,300,0.0004376478174230646,0.00018671991015525773,-0.00044066737839708824,2.349173674187235
2,0.1,400,25,uniform,300,0.00018629862160978014,1.5019054301112568e-05,0.0005156107700454523,1.0
2,0.1,400,26,learned_mean,300,7.56597637927665e-05,6.242430743714619e-05,0.00031209867444385327,1.2572230618765585
2,0.1,400,26,learned_occupancy,300,1.6862282505380508e-06,1.318533139238319e-07,4.3098101718068714e-05,0.028019715339990016
2,0.1,400,26,oracle_no_cov,300,1.2294314728206725e-06,9.68709144801924e-08,8.589472874153718e-05,0.020429215254499478
2,0.1,400,26,oracle_tail,300,1.2294314728206725e-06,9.68709144801924e-08,8.589472874153718e-05,0.020429215254499478
2,0.1,400,26,tis,300,9.575379111344703e-05,6.252455873156019e-05,0.0004553265981718472,1.591121468204288
2,0.1,400,26,tis_no_cov,300,9.575379111344703e-05,6.252455873156019e-05,0.0004553265981718472,1.591121468204288
2,0.1,400,26,uniform,300,6.0180063575858285e-05,5.487278292253606e-06,0.0014486229323703765,1.0
2,0.1,400,27,learned_mean,300,0.0,0.0,0.0,0.0
2,0.1,400,27,learned_occupancy,300,0.0,0.0,0.0,0.0
2,0.1,400,27,oracle_no_cov,300,1.0048482240226365e-05,6.0487162177612735e-06,0.0003763935185185191,1.0
2,0.1,400,27,oracle_tail,300,1.0048482240226365e-05,6.0487162177612735e-06,0.0003763935185185191,1.0
2,0.1,400,27,tis,300,7.376782594213535e-06,6.638827994091983e-06,0.0002338008620059907,0.7341190856349025
2,0.1,400,27,tis_no_cov,300,7.376782594213535e-06,6.638827994091983e-06,0.0002338008620059907,0.7341190856349025
2,0.1,400,27,uniform,300,1.0048482240226365e-05,6.0487162177612735e-06,0.0003763935185185191,1.0
2,0.1,400,28,learned_mean,300,0.0,0.0,0.0,0.0
2,0.1,400,28,learned_occupancy,300,0.0,0.0,0.0,0.0
2,0.1,400,28,oracle_no_cov,300,3.6781095224890904e-06,1.4259848263093729e-06,0.00035004050925926066,1.0
2,0.1,400,28,oracle_tail,300,3.6781095224890904e-06,1.4259848263093729e-06,0.00035004050925926066,1.0
2,0.1,400,28,tis,300,2.7720159680894257e-06,1.7780866227013904e-06,0.00023247691892832868,0.7536523725409668
2,0.1,400,28,tis_no_cov,300,2.7720159680894257e-06,1.7780866227013904e-06,0.00023247691892832868,0.7536523725409668
2,0.1,400,28,uniform,300,3.6781095224890904e-06,1.4259848263093729e-06,0.00035004050925926066,1.0
2,0.1,400,29,learned_mean,300,0.0,0.0,0.0,0.0
2,0.1,400,29,learned_occupancy,300,0.0,0.0,0.0,0.0
2,0.1,400,29,oracle_no_cov,300,0.0,0.0,0.0,0.0
2,0.1,400,29,oracle_tail,300,0.0,0.0,0.0,0.0
2,0.1,400,29,tis,300,0.0,0.0,0.0,0.0
2,0.1,400,29,tis_no_cov,300,0.0,0.0,0.0,0.0
2,0.1,400,29,uniform,300,0.0,0.0,0.0,0.0
2,0.1,400,30,learned_mean,300,1.5511891137943251e-06,1.214256526077731e-07,-2.295610505815393e-05,0.02360716632509929
2,0.1,400,30,learned_occupancy,300,1.9024253683088342e-06,1.552146396593441e-07,-8.406542038807974e-05,0.028952544658400522
2,0.1,400,30,oracle_no_cov,300,9.584135020286776e-05,3.9680017703997305e-05,0.0017386970262362334,1.4585859808716928
2,0.1,400,30,oracle_tail,300,9.584135020286776e-05,3.9680017703997305e-05,0.0017386970262362334,1.4585859808716928
2,0.1,400,30,tis,300,7.739680559341187e-05,2.044735634105412e-05,0.0006911439091470883,1.1778829843678944
2,0.1,400,30,tis_no_cov,300,7.739680559341187e-05,2.044735634105412e-05,0.0006911439091470883,1.1778829843678944
2,0.1,400,30,uniform,300,6.570839940857666e-05,6.5104308381408334e-06,-0.0005509261346589955,1.0
2,0.1,400,31,learned_mean,300,2.164258659564471e-05,3.845272988439909e-06,-3.9490119242194165e-05,0.042889635060705554
2,0.1,400,31,learned_occupancy,300,1.8262259781918534e-05,1.6094291218479773e-06,-0.0001294028810396445,0.0361907600077667
2,0.1,400,31,oracle_no_cov,300,8.784063018733082e-06,7.988168803101445e-07,6.211346448130687e-06,0.017407589225010497
2,0.1,400,31,oracle_tail,300,8.784063018733082e-06,7.988168803101445e-07,6.211346448130687e-06,0.017407589225010497
2,0.1,400,31,tis,300,0.0001384977401340403,2.3143946409651184e-05,0.0002113458795106767,0.2744643069732152
2,0.1,400,31,tis_no_cov,300,0.0001384977401340403,2.3143946409651184e-05,0.0002113458795106767,0.2744643069732152
2,0.1,400,31,uniform,300,0.000504611115599655,3.7246152459734055e-05,0.0005768925192400065,1.0
2,0.1,400,32,learned_mean,300,0.0,0.0,0.0,0.0
2,0.1,400,32,learned_occupancy,300,0.0,0.0,0.0,0.0
2,0.1,400,32,oracle_no_cov,300,0.0,0.0,0.0,0.0
2,0.1,400,32,oracle_tail,300,0.0,0.0,0.0,0.0
2,0.1,400,32,tis,300,0.0,0.0,0.0,0.0
2,0.1,400,32,tis_no_cov,300,0.0,0.0,0.0,0.0
2,0.1,400,32,uniform,300,0.0,0.0,0.0,0.0
2,0.1,400,33,learned_mean,300,6.803401392322677e-06,6.127011255402873e-07,0.00016345847832961797,0.035335404439814914
2,0.1,400,33,learned_occupancy,300,8.450229632750966e-06,7.293592851578217e-07,4.326889717442569e-05,0.04388867633468041
2,0.1,400,33,oracle_no_cov,300,3.004807645400485e-06,2.3699526366971183e-07,8.805328303972015e-05,0.015606325026462337
2,0.1,400,33,oracle_tail,300,3.004807645400485e-06,2.3699526366971183e-07,8.805328303972015e-05,0.015606325026462337
2,0.1,400,33,tis,300,1.5687943327164996e-05,3.3241137117496347e-06,0.00018600161064699953,0.0814798055160787
2,0.1,400,33,tis_no_cov,300,1.5687943327164996e-05,3.3241137117496347e-06,0.00018600161064699953,0.0814798055160787
2,0.1,400,33,uniform,300,0.00019253781017026652,1.6229498984329567e-05,6.350896611363065e-05,1.0
2,0.1,400,34,learned_mean,300,0.0,0.0,0.0,0.0
2,0.1,400,34,learned_occupancy,300,0.0,0.0,0.0,0.0
2,0.1,400,34,oracle_no_cov,300,0.0,0.0,0.0,0.0
2,0.1,400,34,oracle_tail,300,0.0,0.0,0.0,0.0
2,0.1,400,34,tis,300,0.0,0.0,0.0,0.0
2,0.1,400,34,tis_no_cov,300,0.0,0.0,0.0,0.0
2,0.1,400,34,uniform,300,0.0,0.0,0.0,0.0
2,0.1,400,35,learned_mean,300,0.0,0.0,0.0,0.0
2,0.1,400,35,learned_occupancy,300,0.0,0.0,0.0,0.0
2,0.1,400,35,oracle_no_cov,300,0.0,0.0,0.0,0.0
2,0.1,400,35,oracle_tail,300,0.0,0.0,0.0,0.0
2,0.1,400,35,tis,300,0.0,0.0,0.0,0.0
2,0.1,400,35,tis_no_cov,300,0.0,0.0,0.0,0.0
2,0.1,400,35,uniform,300,0.0,0.0,0.0,0.0
2,0.1,400,36,learned_mean,300,0.00017950433320529466,0.00017870067870022778,-8.321746386734589e-05,9.36248187261712
2,0.1,400,36,learned_occupancy,300,3.7329144738370093e-07,3.240963176292384e-08,-3.317590382903098e-05,0.019469916669564952
2,0.1,400,36,oracle_no_cov,300,2.4581454482572003e-07,2.0855461263902603e-08,-3.3569596018970435e-05,0.012821051051309939
2,0.1,400,36,oracle_tail,300,2.4581454482572003e-07,2.0855461263902603e-08,-3.3569596018970435e-05,0.012821051051309939
2,0.1,400,36,tis,300,2.3748481027994377e-05,1.1257262274786781e-05,-0.00011447906659494356,1.238659363573685
2,0.1,400,36,tis_no_cov,300,2.3748481027994377e-05,1.1257262274786781e-05,-0.00011447906659494356,1.238659363573685
2,0.1,400,36,uniform,300,1.9172729586830944e-05,8.656611679581052e-06,-5.068915385221769e-05,1.0
2,0.1,400,37,learned_mean,300,0.002469846366337062,0.0011711745844444434,-0.0010281613698239112,1.45163728168261
2,0.1,400,37,learned_occupancy,300,4.9177203496562856e-05,3.918034578010525e-06,0.0003455184026825934,0.028903604279797834
2,0.1,400,37,oracle_no_cov,300,2.1718454589643487e-05,1.998424667336951e-06,0.0005797786404349962,0.012764890485724533
2,0.1,400,37,oracle_tail,300,2.1718454589643487e-05,1.998424667336951e-06,0.0005797786404349962,0.012764890485724533
2,0.1,400,37,tis,300,0.0010068349433641469,0.0002118795273485356,-0.001011642398576209,0.5917611557579506
2,0.1,400,37,tis_no_cov,300,0.0010068349433641469,0.0002118795273485356,-0.001011642398576209,0.5917611557579506
2,0.1,400,37,uniform,300,0.001701421145283782,0.00017674826824871944,-0.0035427619039523715,1.0
2,0.1,400,38,learned_mean,300,0.0009481105621335435,0.0007719918033172108,0.0014056055596194746,0.21213847683638726
2,0.1,400,38,learned_occupancy,300,0.00017235199763293975,1.7900776145426447e-05,-0.00017021099045299212,0.03856353015969308
2,0.1,400,38,oracle_no_cov,300,6.120478294738538e-05,4.693513284355576e-06,0.00015194691899104458,0.013694488752811946
2,0.1,400,38,oracle_tail,300,6.120478294738538e-05,4.693513284355576e-06,0.00015194691899104458,0.013694488752811946
2,0.1,400,38,tis,300,0.00021892123633189046,5.136731112733495e-05,0.0019747406588895185,0.04898333535919896
2,0.1,400,38,tis_no_cov,300,0.00021892123633189046,5.136731112733495e-05,0.0019747406588895185,0.04898333535919896
2,0.1,400,38,uniform,300,0.0044693003187006855,0.0003893450334581463,0.0013531544710934796,1.0
2,0.1,400,39,learned_mean,300,5.5493350926813174e-05,4.4136706667197085e-06,0.00041574698260025744,0.039782529215119836
2,0.1,400,39,learned_occupancy,300,6.142974907816054e-05,5.173644326705175e-06,0.0002940530675379686,0.04403826308132704
2,0.1,400,39,oracle_no_cov,300,2.4197254997835404e-05,2.2068626276881423e-06,-9.178010569555843e-06,0.017346726910520204
2,0.1,400,39,oracle_tail,300,2.4197254997835404e-05,2.2068626276881423e-06,-9.178010569555843e-06,0.017346726910520204
2,0.1,400,39,tis,300,0.0001267669081371267,4.773356921858209e-05,0.0007774111168577945,0.090877702323774
2,0.1,400,39,tis_no_cov,300,0.0001267669081371267,4.773356921858209e-05,0.0007774111168577945,0.090877702323774
2,0.1,400,39,uniform,300,0.0013949176189059958,0.00011520674167002556,0.0030000787333203977,1.0
2,0.1,400,40,learned_mean,300,2.4888534750513404e-05,2.2179566845680717e-06,2.781694974874682e-05,0.053754067211629855
2,0.1,400,40,learned_occupancy,300,2.5959932984184362e-05,2.149896711825723e-06,6.284586396443434e-05,0.05606806493148286
2,0.1,400,40,oracle_no_cov,300,1.2675896834982974e-05,9.688066822827875e-07,5.0076032825507875e-05,0.02737730514333735
2,0.1,400,40,oracle_tail,300,1.2675896834982974e-05,9.688066822827875e-07,5.0076032825507875e-05,0.02737730514333735
2,0.1,400,40,tis,300,4.2298952979696574e-05,6.619271012611942e-06,0.00011259215493883979,0.09135695549153522
2,0.1,400,40,tis_no_cov,300,4.2298952979696574e-05,6.619271012611942e-06,0.00011259215493883979,0.09135695549153522
2,0.1,400,40,uniform,300,0.00046300747164911634,3.840542280266575e-05,0.000847476219932668,1.0
2,0.1,400,41,learned_mean,300,0.0003094379556398938,3.937722128302627e-05,0.002449136640652425,0.3756682479967722
2,0.1,400,41,learned_occupancy,300,8.355847254777259e-05,1.013199940204611e-05,0.0007418634386059483,0.1014428398817316
2,0.1,400,41,oracle_no_cov,300,3.567200146579865e-05,3.001530976337733e-06,2.8252975524119726e-06,0.043307028271573754
2,0.1,400,41,oracle_tail,300,3.567200146579865e-05,3.001530976337733e-06,2.8252975524119726e-06,0.043307028271573754
2,0.1,400,41,tis,300,0.0005079956157595382,8.054976404632342e-05,0.004022126584087716,0.6167240297583705
2,0.1,400,41,tis_no_cov,300,0.0005079956157595382,8.054976404632342e-05,0.004022126584087716,0.6167240297583705
2,0.1,400,41,uniform,300,0.0008237000526127845,6.192670659392233e-05,0.0013713597152799518,1.0
2,0.1,400,42,learned_mean,300,0.00011570986662300413,3.898392058767649e-05,8.478250598065766e-05,0.4162877212696274
2,0.1,400,42,learned_occupancy,300,3.521530462572483e-05,4.245876725499e-06,0.00038273667831585813,0.12669359445570635
2,0.1,400,42,oracle_no_cov,300,9.013373210451843e-06,6.771231152930665e-07,0.0003303339221490835,0.03242728303331863
2,0.1,400,42,oracle_tail,300,9.013373210451843e-06,6.771231152930665e-07,0.0003303339221490835,0.03242728303331863
2,0.1,400,42,tis,300,0.00016701630794014216,4.597210908497463e-05,0.0002033966121696455,0.6008721665352401
2,0.1,400,42,tis_no_cov,300,0.00016701630794014216,4.597210908497463e-05,0.0002033966121696455,0.6008721665352401
2,0.1,400,42,uniform,300,0.000277956472677366,3.4104535504144856e-05,0.0002936526713236979,1.0
2,0.1,400,43,learned_mean,300,2.222356358405584e-05,2.4243925228097582e-06,-2.4789709235148264e-05,0.04127836219518044
2,0.1,400,43,learned_occupancy,300,2.3781567846970432e-05,2.3016030734955284e-06,-3.139274191558683e-06,0.04417222141010688
2,0.1,400,43,oracle_no_cov,300,9.28677037750635e-06,7.965568313335833e-07,-1.1909798112479386e-05,0.01724937901233835
2,0.1,400,43,oracle_tail,300,9.28677037750635e-06,7.965568313335833e-07,-1.1909798112479386e-05,0.01724937901233835
2,0.1,400,43,tis,300,0.00016777571160667872,2.89916909584086e-05,0.0009641338113119724,0.3116289862811779
2,0.1,400,43,tis_no_cov,300,0.00016777571160667872,2.89916909584086e-05,0.0009641338113119724,0.3116289862811779
2,0.1,400,43,uniform,300,0.0005383828815439439,3.931314601768955e-05,-0.0007940432142958466,1.0
2,0.1,400,44,learned_mean,300,0.0,0.0,0.0,0.0
2,0.1,400,44,learned_occupancy,300,0.0,0.0,0.0,0.0
2,0.1,400,44,oracle_no_cov,300,0.0,0.0,0.0,0.0
2,0.1,400,44,oracle_tail,300,0.0,0.0,0.0,0.0
2,0.1,400,44,tis,300,0.0,0.0,0.0,0.0
2,0.1,400,44,tis_no_cov,300,0.0,0.0,0.0,0.0
2,0.1,400,44,uniform,300,0.0,0.0,0.0,0.0
2,0.1,400,45,learned_mean,300,1.4029851745871921e-05,1.160164035356583e-06,3.4553779923597316e-05,0.027242172110300625
2,0.1,400,45,learned_occupancy,300,2.0075061864369398e-05,1.581851880503335e-06,-8.61503120143503e-05,0.038980332817486654
2,0.1,400,45,oracle_no_cov,300,8.600555313222014e-06,6.786194203980905e-07,1.1603585371115128e-05,0.01669994896103541
2,0.1,400,45,oracle_tail,300,8.600555313222014e-06,6.786194203980905e-07,1.1603585371115128e-05,0.01669994896103541
2,0.1,400,45,tis,300,0.00019216857116128875,5.5540374168921975e-05,0.0009673973586071113,0.37313931640843817
2,0.1,400,45,tis_no_cov,300,0.00019216857116128875,5.5540374168921975e-05,0.0009673973586071113,0.37313931640843817
2,0.1,400,45,uniform,300,0.0005150048861400097,5.784178223151187e-05,0.0038966444874653926,1.0
2,0.1,400,46,learned_mean,300,0.0013057709986674358,0.00015934309722818847,-8.294644648693339e-05,0.8485999213509307
2,0.1,400,46,learned_occupancy,300,8.929612920681637e-05,7.731721445872196e-06,1.8844583691109602e-06,0.058032142159060406
2,0.1,400,46,oracle_no_cov,300,5.091483486273538e-05,4.373971896993228e-06,-0.0003823741205112278,0.03308874596250472
2,0.1,400,46,oracle_tail,300,5.091483486273538e-05,4.373971896993228e-06,-0.0003823741205112278,0.03308874596250472
2,0.1,400,46,tis,300,0.0015450684249858923,0.00016173644633960525,0.002446512177976614,1.004115534242132
2,0.1,400,46,tis_no_cov,300,0.0015450684249858923,0.00016173644633960525,0.002446512177976614,1.004115534242132
2,0.1,400,46,uniform,300,0.0015387357055003147,0.00011746201913087993,0.0032772898634443066,1.0
2,0.1,400,47,learned_mean,300,0.0025997629705021646,0.0010509591651086782,-0.0005025735968065954,0.3227367885732353
2,0.1,400,47,learned_occupancy,300,0.0002293957114544,1.8301712925846738e-05,0.00010019002843362878,0.028477378925419978
2,0.1,400,47,oracle_no_cov,300,0.00012276656943744,9.256636552023127e-06,-0.0006699245125116567,0.015240346452330354
2,0.1,400,47,oracle_tail,300,0.00012276656943744,9.256636552023127e-06,-0.0006699245125116567,0.015240346452330354
2,0.1,400,47,tis,300,0.0025603186989476404,0.0006067346696913776,-0.0012140316551627144,0.3178401431199543
2,0.1,400,47,tis_no_cov,300,0.0025603186989476404,0.0006067346696913776,-0.0012140316551627144,0.3178401431199543
2,0.1,400,47,uniform,300,0.008055366052303106,0.000736395870997553,-0.0024056657168572007,1.0
2,0.1,400,48,learned_mean,300,0.005874859161438359,0.0015055291010567652,-0.0006930507640566849,2.0017025463250384
2,0.1,400,48,learned_occupancy,300,0.00012347681192854032,1.1616356778802757e-05,-0.0008664825037730677,0.04207145091610046
2,0.1,400,48,oracle_no_cov,300,4.229076022000887e-05,3.3865493705189176e-06,-4.069758223306759e-05,0.01440945562985844
2,0.1,400,48,oracle_tail,300,4.229076022000887e-05,3.3865493705189176e-06,-4.069758223306759e-05,0.01440945562985844
2,0.1,400,48,tis,300,0.004753347497016841,0.00130004816904797,0.014246818148072595,1.619577172300557
2,0.1,400,48,tis_no_cov,300,0.004753347497016841,0.00130004816904797,0.014246818148072595,1.619577172300557
2,0.1,400,48,uniform,300,0.0029349311525951336,0.00022507799382482112,-0.0004285982657028072,1.0
2,0.1,400,49,learned_mean,300,0.00020927726958383573,4.237590176100621e-05,0.0005269330155592597,0.2567374673387484
2,0.1,400,49,learned_occupancy,300,5.933120905402517e-05,4.951210923883469e-06,-0.00044818762669865137,0.07278642528625948
2,0.1,400,49,oracle_no_cov,300,3.519996749211191e-05,2.935892100147147e-06,-0.0004118946746013223,0.04318266633687534
2,0.1,400,49,oracle_tail,300,3.519996749211191e-05,2.935892100147147e-06,-0.0004118946746013223,0.04318266633687534
2,0.1,400,49,tis,300,0.00047658669352446624,9.478041597981777e-05,4.134038128967251e-05,0.5846677037890334
2,0.1,400,49,tis_no_cov,300,0.00047658669352446624,9.478041597981777e-05,4.134038128967251e-05,0.5846677037890334
2,0.1,400,49,uniform,300,0.0008151411313398521,6.249326327797402e-05,0.0011228951142014949,1.0
2,0.2,50,0,learned_mean,300,5.795691560593994e-06,4.157676534197319e-07,0.00023433725535519664,0.051646745664223136
2,0.2,50,0,learned_occupancy,300,4.970339513709668e-06,3.7566718285253874e-07,-0.00010642712130765212,0.044291843008825105
2,0.2,50,0,oracle_no_cov,300,3.4509621060634966e-06,2.798673564506235e-07,-0.00013020163210650175,0.030752320120097376
2,0.2,50,0,oracle_tail,300,3.4509621060634966e-06,2.798673564506235e-07,-0.00013020163210650175,0.030752320120097376
2,0.2,50,0,tis,300,0.0005862505022939127,0.00028879168693499933,0.0016472503327385893,5.224213585374723
2,0.2,50,0,tis_no_cov,300,0.0005862505022939127,0.00028879168693499933,0.0016472503327385893,5.224213585374723
2,0.2,50,0,uniform,300,0.00011221794299052612,1.238696360142813e-05,0.0006848812580124982,1.0
2,0.2,50,1,learned_mean,300,0.0,0.0,0.0,0.0
2,0.2,50,1,learned_occupancy,300,0.0,0.0,0.0,0.0
2,0.2,50,1,oracle_no_cov,300,2.4083333333333535e-07,2.40431609395057e-07,2.833333333333345e-05,1.0
2,0.2,50,1,oracle_tail,300,2.4083333333333535e-07,2.40431609395057e-07,2.833333333333345e-05,1.0
2,0.2,50,1,tis,300,1.1014361755899563e-06,8.277297205605578e-07,8.416524632740878e-05,4.573437407293898
2,0.2,50,1,tis_no_cov,300,1.1014361755899563e-06,8.277297205605578e-07,8.416524632740878e-05,4.573437407293898
2,0.2,50,1,uniform,300,2.4083333333333535e-07,2.40431609395057e-07,2.833333333333345e-05,1.0
2,0.2,50,2,learned_mean,300,0.0011838398184999793,0.00041662691605105117,-0.00012615203097629275,0.27834727378833657
2,0.2,50,2,learned_occupancy,300,0.0003006384923856712,2.4052658279398252e-05,-0.0014898171330153447,0.0706868475309598
2,0.2,50,2,oracle_no_cov,300,0.00011731874665928622,9.398136789244896e-06,-0.0010308425167082694,0.027584266711229405
2,0.2,50,2,oracle_tail,300,0.00011731874665928622,9.398136789244896e-06,-0.0010308425167082694,0.027584266711229405
2,0.2,50,2,tis,300,0.0011432515881469212,0.00016819191258985144,0.0016037201016707485,0.2688040711606519
2,0.2,50,2,tis_no_cov,300,0.0011432515881469212,0.00016819191258985144,0.0016037201016707485,0.2688040711606519
2,0.2,50,2,uniform,300,0.00425310369448851,0.0004434957489307624,-0.00024975600473241694,1.0
2,0.2,50,3,learned_mean,300,0.0015767497298196861,0.0004895937230697264,0.0018135611825592134,1.350466592687376
2,0.2,50,3,learned_occupancy,300,0.0001529327084000359,1.599190617057335e-05,0.0018359901807575541,0.1309849684560066
2,0.2,50,3,oracle_no_cov,300,4.649922113814902e-05,4.768168412334588e-06,0.0007743301457325957,0.03982600633788223
2,0.2,50,3,oracle_tail,300,4.649922113814902e-05,4.768168412334588e-06,0.0007743301457325957,0.03982600633788223
2,0.2,50,3,tis,300,0.0017465056019963772,0.00048382946885370246,0.00020511970868606862,1.4958603923193228
2,0.2,50,3,tis_no_cov,300,0.0017465056019963772,0.00048382946885370246,0.00020511970868606862,1.4958603923193228
2,0.2,50,3,uniform,300,0.0011675592260908991,9.894801588771678e-05,0.0013738769271902332,1.0
2,0.2,50,4,learned_mean,300,0.0,0.0,0.0,0.0
2,0.2,50,4,learned_occupancy,300,0.0,0.0,0.0,0.0
2,0.2,50,4,oracle_no_cov,300,0.0,0.0,0.0,0.0
2,0.2,50,4,oracle_tail,300,0.0,0.0,0.0,0.0
2,0.2,50,4,tis,300,0.0,0.0,0.0,0.0
2,0.2,50,4,tis_no_cov,300,0.0,0.0,0.0,0.0
2,0.2,50,4,uniform,300,0.0,0.0,0.0,0.0
2,0.2,50,5,learned_mean,300,1.7783210815879533e-05,7.299280312952987e-06,0.0007654685637650913,0.039968738348405836
2,0.2,50,5,learned_occupancy,300,0.0,0.0,0.0,0.0
2,0.2,50,5,oracle_no_cov,300,0.0004449280000000005,7.448577040247634e-05,0.009327703703703711,1.0
2,0.2,50,5,oracle_tail,300,0.0004449280000000005,7.448577040247634e-05,0.009327703703703711,1.0
2,0.2,50,5,tis,300,0.0003646616551036879,6.387976702401501e-05,0.0073886170799953976,0.8195970024446371
2,0.2,50,5,tis_no_cov,300,0.0003646616551036879,6.387976702401501e-05,0.0073886170799953976,0.8195970024446371
2,0.2,50,5,uniform,300,0.0004449280000000005,7.448577040247634e-05,0.009327703703703711,1.0
2,0.2,50,6,learned_mean,300,0.003480032341995276,0.0005010990559323418,0.001925083703632764,0.20355766643651765
2,0.2,50,6,learned_occupancy,300,0.0007162245993170977,5.605393899669753e-05,-7.907461941286294e-05,0.041894153201411884
2,0.2,50,6,oracle_no_cov,300,0.00031723076698370517,2.418969031526286e-05,0.0005098406299424981,0.01855579152808844
2,0.2,50,6,oracle_tail,300,0.00031723076698370517,2.418969031526286e-05,0.0005098406299424981,0.01855579152808844
2,0.2,50,6,tis,300,0.007366796836872121,0.0010034017883138917,0.005658322041079292,0.4309063324296094
2,0.2,50,6,tis_no_cov,300,0.007366796836872121,0.0010034017883138917,0.005658322041079292,0.4309063324296094
2,0.2,50,6,uniform,300,0.01709605146746253,0.0014107321518682643,0.005369300323688577,1.0
2,0.2,50,7,learned_mean,300,0.0008046830139240925,6.815358108549082e-05,0.0024105669415081833,0.03846222500617048
2,0.2,50,7,learned_occupancy,300,0.001070441750800273,9.90748833221382e-05,0.001482993415611763,0.05116495658893451
2,0.2,50,7,oracle_no_cov,300,0.00045550432987348434,3.592505613040587e-05,0.0016938673288607515,0.021772188207928957
2,0.2,50,7,oracle_tail,300,0.00045550432987348434,3.592505613040587e-05,0.0016938673288607515,0.021772188207928957
2,0.2,50,7,tis,300,0.004598802378510659,0.0007156447769072807,0.0025244119819430536,0.21981347782976127
2,0.2,50,7,tis_no_cov,300,0.004598802378510659,0.0007156447769072807,0.0025244119819430536,0.21981347782976127
2,0.2,50,7,uniform,300,0.020921384911949253,0.0015554927408985137,0.023911781820731184,1.0
2,0.2,50,8,learned_mean,300,0.0,0.0,0.0,0.0
2,0.2,50,8,learned_occupancy,300,0.0,0.0,0.0,0.0
2,0.2,50,8,oracle_no_cov,300,0.000108351610288066,3.925861716381419e-05,0.0020358888888888918,1.0
2,0.2,50,8,oracle_tail,300,0.000108351610288066,3.925861716381419e-05,0.0020358888888888918,1.0
2,0.2,50,8,tis,300,0.0001385479820508898,7.006577565191e-05,0.002330939047155266,1.2786887216769833
2,0.2,50,8,tis_no_cov,300,0.0001385479820508898,7.006577565191e-05,0.002330939047155266,1.2786887216769833
2,0.2,50,8,uniform,300,0.000108351610288066,3.925861716381419e-05,0.0020358888888888918,1.0
2,0.2,50,9,learned_mean,300,6.912808101880207e-05,6.118641492115686e-06,-0.00043735886280562094,0.023961388222572592
2,0.2,50,9,learned_occupancy,300,7.417910455518349e-05,6.097227556806859e-06,-0.0002923074504224486,0.02571218954806676
2,0.2,50,9,oracle_no_cov,300,2.4824824056249427e-05,2.0832493311523877e-06,-0.00023478429652539433,0.008604856926479163
2,0.2,50,9,oracle_tail,300,2.4824824056249427e-05,2.0832493311523877e-06,-0.00023478429652539433,0.008604856926479163
2,0.2,50,9,tis,300,0.0009037120725841996,0.00017052639076703185,0.0026376437156086945,0.31324746027198425
2,0.2,50,9,tis_no_cov,300,0.0009037120725841996,0.00017052639076703185,0.0026376437156086945,0.31324746027198425
2,0.2,50,9,uniform,300,0.0028849781313455215,0.0003800669144351855,0.008509223773503025,1.0
2,0.2,50,10,learned_mean,300,8.816765416384928e-05,8.796290280882177e-06,-0.00039071159640031224,0.05450530467670387
2,0.2,50,10,learned_occupancy,300,9.832903370787441e-05,8.41749755242995e-06,-0.0004040064515740219,0.060787076526428396
2,0.2,50,10,oracle_no_cov,300,3.834087694119452e-05,3.0249611769220263e-06,-0.0003232907337222058,0.02370235659631142
2,0.2,50,10,oracle_tail,300,3.834087694119452e-05,3.0249611769220263e-06,-0.0003232907337222058,0.02370235659631142
2,0.2,50,10,tis,300,0.000975329451706054,0.0001350711438812172,0.0063195170921974,0.6029493404305415
2,0.2,50,10,tis_no_cov,300,0.000975329451706054,0.0001350711438812172,0.0063195170921974,0.6029493404305415
2,0.2,50,10,uniform,300,0.0016175976758007748,0.0001534071874377174,0.012332488171173385,1.0
2,0.2,50,11,learned_mean,300,0.0,0.0,0.0,0.0
2,0.2,50,11,learned_occupancy,300,0.0,0.0,0.0,0.0
2,0.2,50,11,oracle_no_cov,300,0.0,0.0,0.0,0.0
2,0.2,50,11,oracle_tail,300,0.0,0.0,0.0,0.0
2,0.2,50,11,tis,300,0.0,0.0,0.0,0.0
2,0.2,50,11,tis_no_cov,300,0.0,0.0,0.0,0.0
2,0.2,50,11,uniform,300,0.0,0.0,0.0,0.0
2,0.2,50,12,learned_mean,300,0.00044182348005954305,3.5168782286633454e-05,0.0017765577538823114,0.13940487466014265
2,0.2,50,12,learned_occupancy,300,0.00044548518253977043,3.346020192743812e-05,0.0011307178987325318,0.14056022107864904
2,0.2,50,12,oracle_no_cov,300,0.0001139595979156093,8.921794732533365e-06,0.00036044867292995165,0.035956720683121675
2,0.2,50,12,oracle_tail,300,0.0001139595979156093,8.921794732533365e-06,0.00036044867292995165,0.035956720683121675
2,0.2,50,12,tis,300,0.0007115778311464349,6.46158113246968e-05,0.0008448544772296921,0.22451821335646627
2,0.2,50,12,tis_no_cov,300,0.0007115778311464349,6.46158113246968e-05,0.0008448544772296921,0.22451821335646627
2,0.2,50,12,uniform,300,0.0031693545949284165,0.0002475546588947919,0.006332380925119224,1.0
2,0.2,50,13,learned_mean,300,0.0,0.0,0.0,0.0
2,0.2,50,13,learned_occupancy,300,0.0,0.0,0.0,0.0
2,0.2,50,13,oracle_no_cov,300,0.0,0.0,0.0,0.0
2,0.2,50,13,oracle_tail,300,0.0,0.0,0.0,0.0
2,0.2,50,13,tis,300,0.0,0.0,0.0,0.0
2,0.2,50,13,tis_no_cov,300,0.0,0.0,0.0,0.0
2,0.2,50,13,uniform,300,0.0,0.0,0.0,0.0
2,0.2,50,14,learned_mean,300,0.00014321912864554006,3.5850459295147797e-05,0.0008283378628054764,0.07373922812561903
2,0.2,50,14,learned_occupancy,300,9.149956607788357e-05,1.0010732408069249e-05,-0.000360351779495988,0.0471103786220551
2,0.2,50,14,oracle_no_cov,300,4.219141394828012e-05,3.184795528646974e-06,-0.00019957219279437795,0.021723091932605028
2,0.2,50,14,oracle_tail,300,4.219141394828012e-05,3.184795528646974e-06,-0.00019957219279437795,0.021723091932605028
2,0.2,50,14,tis,300,0.0013651438306286638,0.0002748058401704125,0.01118329831720434,0.7028715598469272
2,0.2,50,14,tis_no_cov,300,0.0013651438306286638,0.0002748058401704125,0.01118329831720434,0.7028715598469272
2,0.2,50,14,uniform,300,0.0019422379686638161,0.0002541697464849375,0.017422520888246973,1.0
2,0.2,50,15,learned_mean,300,5.6995518186829186e-06,2.0903919202920784e-06,0.0004473236109790391,0.006362240702611003
2,0.2,50,15,learned_occupancy,300,1.9023656614720538e-06,9.166008047017683e-07,0.0002418962935116666,0.002123554382467901
2,0.2,50,15,oracle_no_cov,300,0.0008958403312757212,0.00017421728007449875,0.012520111111111124,1.0
2,0.2,50,15,oracle_tail,300,0.0008958403312757212,0.00017421728007449875,0.012520111111111124,1.0
2,0.2,50,15,tis,300,0.000647082238587319,0.00014339868198586168,0.009088758720967904,0.7223187168475007
2,0.2,50,15,tis_no_cov,300,0.000647082238587319,0.00014339868198586168,0.009088758720967904,0.7223187168475007
2,0.2,50,15,uniform,300,0.0008958403312757212,0.00017421728007449875,0.012520111111111124,1.0
2,0.2,50,16,learned_mean,300,0.017117966401799297,0.0032617440914242636,0.0029265741727496518,0.7815514181648742
2,0.2,50,16,learned_occupancy,300,0.0016782037940355646,0.00016871346146085506,-0.0014542511269099608,0.07662140025349642
2,0.2,50,16,oracle_no_cov,300,0.0007337687740266891,5.8757633203610584e-05,-0.0014677487393169556,0.033501527721504394
2,0.2,50,16,oracle_tail,300,0.0007337687740266891,5.8757633203610584e-05,-0.0014677487393169556,0.033501527721504394
2,0.2,50,16,tis,300,0.01792582027188104,0.0032981757215770884,0.0028547931249469386,0.8184354336496811
2,0.2,50,16,tis_no_cov,300,0.01792582027188104,0.0032981757215770884,0.0028547931249469386,0.8184354336496811
2,0.2,50,16,uniform,300,0.02190254665776594,0.001628780819964388,-0.006747332413635571,1.0
2,0.2,50,17,learned_mean,300,0.0033538654972410133,0.0022459496085288225,0.0025693220181270847,0.6301162649640112
2,0.2,50,17,learned_occupancy,300,0.00019480409267250959,1.7710190358476633e-05,-0.0003753444140585878,0.03659932915481611
2,0.2,50,17,oracle_no_cov,300,0.00011208784463406179,8.981493608985814e-06,0.0003998415901668628,0.021058797398638182
2,0.2,50,17,oracle_tail,300,0.00011208784463406179,8.981493608985814e-06,0.0003998415901668628,0.021058797398638182
2,0.2,50,17,tis,300,0.004604614311757783,0.0022542822556836126,0.0024717049041664252,0.8651039745366818
2,0.2,50,17,tis_no_cov,300,0.004604614311757783,0.0022542822556836126,0.0024717049041664252,0.8651039745366818
2,0.2,50,17,uniform,300,0.005322613751975705,0.00042262110372229153,0.0029250094512384152,1.0
2,0.2,50,18,learned_mean,300,0.0006938004342051863,0.0001808190503585803,-0.0015483077552166321,0.11406142879079541
2,0.2,50,18,learned_occupancy,300,0.00034399262599880634,2.39753966816998e-05,0.001641979918363919,0.05655270374667671
2,0.2,50,18,oracle_no_cov,300,0.00016664133247038654,1.2589353288478715e-05,-0.0010533515086049287,0.02739598815464704
2,0.2,50,18,oracle_tail,300,0.00016664133247038654,1.2589353288478715e-05,-0.0010533515086049287,0.02739598815464704
2,0.2,50,18,tis,300,0.0023385564618150596,0.00041696643299177054,-0.000916656524701364,0.38446083079804877
2,0.2,50,18,tis_no_cov,300,0.0023385564618150596,0.00041696643299177054,-0.000916656524701364,0.38446083079804877
2,0.2,50,18,uniform,300,0.006082691068842502,0.0005582256496943876,0.003027680780004008,1.0
2,0.2,50,19,learned_mean,300,0.0005854944953186784,4.4377396410729355e-05,0.0004019104937210497,0.041104836430882793
2,0.2,50,19,learned_occupancy,300,0.0007154837608045379,5.5396438607678385e-05,-0.0009384598279714882,0.05023077619340543
2,0.2,50,19,oracle_no_cov,300,0.0003333796933047268,2.6022497892027475e-05,-0.0008033268103106434,0.02340503262154495
2,0.2,50,19,oracle_tail,300,0.0003333796933047268,2.6022497892027475e-05,-0.0008033268103106434,0.02340503262154495
2,0.2,50,19,tis,300,0.002436758909457562,0.00043023111712681985,0.004829333691314353,0.17107347241622142
2,0.2,50,19,tis_no_cov,300,0.002436758909457562,0.00043023111712681985,0.004829333691314353,0.17107347241622142
2,0.2,50,19,uniform,300,0.01424393200793243,0.0009957955830713584,0.014535960814077145,1.0
2,0.2,50,20,learned_mean,300,0.0004530437798078545,3.940771210718296e-05,3.117904960456793e-05,0.04448788531626754
2,0.2,50,20,learned_occupancy,300,0.000550794514554149,4.75146892457387e-05,0.0012294403766501848,0.05408678871323819
2,0.2,50,20,oracle_no_cov,300,0.0001700172013568172,1.4823234672377856e-05,-5.850147626848138e-05,0.01669530869392529
2,0.2,50,20,oracle_tail,300,0.0001700172013568172,1.4823234672377856e-05,-5.850147626848138e-05,0.01669530869392529
2,0.2,50,20,tis,300,0.0006027326976288215,7.359498961918434e-05,0.0016516080376581437,0.05918700205937732
2,0.2,50,20,tis_no_cov,300,0.0006027326976288215,7.359498961918434e-05,0.0016516080376581437,0.05918700205937732
2,0.2,50,20,uniform,300,0.010183531462265156,0.0008650512466133549,0.020127575915791614,1.0
2,0.2,50,21,learned_mean,300,5.856406566657595e-05,5.414752414612545e-06,-0.00010592785529089359,0.02154324922364355
2,0.2,50,21,learned_occupancy,300,7.07827794652982e-05,5.954468839798086e-06,5.7043703388545694e-05,0.02603799858166974
2,0.2,50,21,oracle_no_cov,300,2.0359740850018512e-05,1.8153839445361467e-06,-0.00031266982731276984,0.007489489779584655
2,0.2,50,21,oracle_tail,300,2.0359740850018512e-05,1.8153839445361467e-06,-0.00031266982731276984,0.007489489779584655
2,0.2,50,21,tis,300,0.0006646133284104577,0.00016007874554485818,0.004021346438095215,0.2444832066956951
2,0.2,50,21,tis_no_cov,300,0.0006646133284104577,0.00016007874554485818,0.004021346438095215,0.2444832066956951
2,0.2,50,21,uniform,300,0.0027184416361066993,0.0004164370019407111,0.009191710012380378,1.0
2,0.2,50,22,learned_mean,300,0.0,0.0,0.0,0.0
2,0.2,50,22,learned_occupancy,300,0.0,0.0,0.0,0.0
2,0.2,50,22,oracle_no_cov,300,1.9687631687242813e-05,1.6902923335994358e-05,0.00039596296296296336,1.0
2,0.2,50,22,oracle_tail,300,1.9687631687242813e-05,1.6902923335994358e-05,0.00039596296296296336,1.0
2,0.2,50,22,tis,300,7.723166284713594e-05,6.80014281003907e-05,0.0007712442171901637,3.922851873401334
2,0.2,50,22,tis_no_cov,300,7.723166284713594e-05,6.80014281003907e-05,0.0007712442171901637,3.922851873401334
2,0.2,50,22,uniform,300,1.9687631687242813e-05,1.6902923335994358e-05,0.00039596296296296336,1.0
2,0.2,50,23,learned_mean,300,5.571485682754469e-05,4.6314959484886226e-06,-0.0007417395517343606,0.028882379977817507
2,0.2,50,23,learned_occupancy,300,5.980086444134366e-05,5.5613906866504155e-06,-0.0007071065016992432,0.03100055152511749
2,0.2,50,23,oracle_no_cov,300,2.212078440565334e-05,1.6043387113718013e-06,-0.00023816045925981319,0.01146733451346851
2,0.2,50,23,oracle_tail,300,2.212078440565334e-05,1.6043387113718013e-06,-0.00023816045925981319,0.01146733451346851
2,0.2,50,23,tis,300,0.0006084857827143017,0.00016899685780279273,0.0005759835819497527,0.3154368257977027
2,0.2,50,23,tis_no_cov,300,0.0006084857827143017,0.00016899685780279273,0.0005759835819497527,0.3154368257977027
2,0.2,50,23,uniform,300,0.001929025823714503,0.00019254587429000047,0.006135288524453332,1.0
2,0.2,50,24,learned_mean,300,0.0,0.0,0.0,0.0
2,0.2,50,24,learned_occupancy,300,0.0,0.0,0.0,0.0
2,0.2,50,24,oracle_no_cov,300,0.0,0.0,0.0,0.0
2,0.2,50,24,oracle_tail,300,0.0,0.0,0.0,0.0
2,0.2,50,24,tis,300,0.0,0.0,0.0,0.0
2,0.2,50,24,tis_no_cov,300,0.0,0.0,0.0,0.0
2,0.2,50,24,uniform,300,0.0,0.0,0.0,0.0
2,0.2,50,25,learned_mean,300,0.0003011066399591577,0.0002239938035220497,-0.00012889402918559408,0.6597428002944186
2,0.2,50,25,learned_occupancy,300,2.5997062478782065e-05,2.3811037550743116e-06,3.838192756966396e-06,0.056961131117889204
2,0.2,50,25,oracle_no_cov,300,1.0551298646897007e-05,8.765909129516387e-07,-0.00029001722709330954,0.02311853141794135
2,0.2,50,25,oracle_tail,300,1.0551298646897007e-05,8.765909129516387e-07,-0.00029001722709330954,0.02311853141794135
2,0.2,50,25,tis,300,0.000453122868451492,0.00022648680541776072,0.0008985305717741861,0.9928195211841753
2,0.2,50,25,tis_no_cov,300,0.000453122868451492,0.00022648680541776072,0.0008985305717741861,0.9928195211841753
2,0.2,50,25,uniform,300,0.00045640003926497575,4.54496436651663e-05,-0.0003523427631254165,1.0
2,0.2,50,26,learned_mean,300,6.879463634921827e-05,1.142381832366148e-05,0.0008702342980734526,0.47921712566282126
2,0.2,50,26,learned_occupancy,300,6.990049626749268e-06,5.802658226992865e-07,-0.00010684218353044154,0.04869204444031232
2,0.2,50,26,oracle_no_cov,300,4.4425523194526756e-06,3.761011458531832e-07,8.74127397157709e-05,0.030946411902343065
2,0.2,50,26,oracle_tail,300,4.4425523194526756e-06,3.761011458531832e-07,8.74127397157709e-05,0.030946411902343065
2,0.2,50,26,tis,300,8.394269440391274e-05,1.2753159011370783e-05,0.0008171775473586311,0.5847371084052945
2,0.2,50,26,tis_no_cov,300,8.394269440391274e-05,1.2753159011370783e-05,0.0008171775473586311,0.5847371084052945
2,0.2,50,26,uniform,300,0.00014355629768879002,1.7832814651719274e-05,-2.81119681660306e-05,1.0
2,0.2,50,27,learned_mean,300,9.62117857247692e-05,9.73471823379484e-06,0.00029225891322719297,0.05434154367491267
2,0.2,50,27,learned_occupancy,300,0.00010047234119277868,9.69604563696609e-06,0.000218143839362471,0.056747955314610785
2,0.2,50,27,oracle_no_cov,300,2.7986548478153377e-05,2.5758928661218096e-06,-2.0722367568285124e-05,0.015807130436038697
2,0.2,50,27,oracle_tail,300,2.7986548478153377e-05,2.5758928661218096e-06,-2.0722367568285124e-05,0.015807130436038697
2,0.2,50,27,tis,300,0.0008489264646226303,0.00010782567730178454,0.004500535272083626,0.47948361218498253
2,0.2,50,27,tis_no_cov,300,0.0008489264646226303,0.00010782567730178454,0.004500535272083626,0.47948361218498253
2,0.2,50,27,uniform,300,0.0017705015209051992,0.0001065906834016349,0.005771490556402857,1.0
2,0.2,50,28,learned_mean,300,0.00012498199091811392,1.2570907908669564e-05,-0.0003975263026511981,0.06760738045470308
2,0.2,50,28,learned_occupancy,300,8.569701155982766e-05,8.735864587459518e-06,-0.0003398508532159893,0.04635668244517182
2,0.2,50,28,oracle_no_cov,300,2.875314723593988e-05,2.492858923785015e-06,-0.00014598925462515566,0.01555364056989545
2,0.2,50,28,oracle_tail,300,2.875314723593988e-05,2.492858923785015e-06,-0.00014598925462515566,0.01555364056989545
2,0.2,50,28,tis,300,0.0004449863969655775,6.431600927196328e-05,0.00029878511711688686,0.2407095967652659
2,0.2,50,28,tis_no_cov,300,0.0004449863969655775,6.431600927196328e-05,0.00029878511711688686,0.2407095967652659
2,0.2,50,28,uniform,300,0.001848644187624631,0.0001407819204518436,0.002987497422295937,1.0
2,0.2,50,29,learned_mean,300,7.925661342373974e-05,9.705554515832707e-06,0.0016063388353010804,0.05805853343453356
2,0.2,50,29,learned_occupancy,300,7.666145020365839e-05,8.07151729514912e-06,0.002015978932248256,0.05615747604547239
2,0.2,50,29,oracle_no_cov,300,2.8890999197694514e-05,2.293717041853215e-06,0.0003184788558731205,0.021163773853274517
2,0.2,50,29,oracle_tail,300,2.8890999197694514e-05,2.293717041853215e-06,0.0003184788558731205,0.021163773853274517
2,0.2,50,29,tis,300,0.0011746235963575357,0.00019987065062881525,0.013161963087023972,0.8604571958873152
2,0.2,50,29,tis_no_cov,300,0.0011746235963575357,0.00019987065062881525,0.013161963087023972,0.8604571958873152
2,0.2,50,29,uniform,300,0.0013651156640583939,0.000178287667761043,0.01752471203892997,1.0
2,0.2,50,30,learned_mean,300,7.83818616920055e-05,2.7302297863395133e-05,0.0031426422013287173,0.07624294796464137
2,0.2,50,30,learned_occupancy,300,1.833230107906055e-05,2.7420727343936615e-06,0.001518622271564127,0.017832042351011303
2,0.2,50,30,oracle_no_cov,300,0.009981635933677598,0.0012339159600126726,0.05595959361695683,9.709253297450017
2,0.2,50,30,oracle_tail,300,0.009981635933677598,0.0012339159600126726,0.05595959361695683,9.709253297450017
2,0.2,50,30,tis,300,0.0014271764463335032,0.0003788181488110785,0.013407748135240706,1.3882311185939245
2,0.2,50,30,tis_no_cov,300,0.0014271764463335032,0.0003788181488110785,0.013407748135240706,1.3882311185939245
2,0.2,50,30,uniform,300,0.0010280539221588871,0.00013283663741587727,0.01670510406230014,1.0
2,0.2,50,31,learned_mean,300,0.00024950516532004256,7.266329948382005e-05,-0.0009073977306120125,0.2147398227670872
2,0.2,50,31,learned_occupancy,300,6.862015586495101e-05,6.228589478239931e-06,-0.00022480798711254913,0.05905881783965532
2,0.2,50,31,oracle_no_cov,300,1.6996820296579382e-05,1.2502676982600555e-06,-0.0003991272641698418,0.014628531531239981
2,0.2,50,31,oracle_tail,300,1.6996820296579382e-05,1.2502676982600555e-06,-0.0003991272641698418,0.014628531531239981
2,0.2,50,31,tis,300,0.0007025062954762511,9.678520871635526e-05,-0.0024754409562527863,0.6046210594070415
2,0.2,50,31,tis_no_cov,300,0.0007025062954762511,9.678520871635526e-05,-0.0024754409562527863,0.6046210594070415
2,0.2,50,31,uniform,300,0.0011618951813640213,9.36016969686078e-05,-0.002104637652417061,1.0
2,0.2,50,32,learned_mean,300,0.0001437631899164909,1.5562535129267756e-05,-0.0007998638799401413,0.10013817403823407
2,0.2,50,32,learned_occupancy,300,0.0001136649009374264,1.218685178210387e-05,-0.00016691475387313516,0.07917322673990694
2,0.2,50,32,oracle_no_cov,300,4.39370783366463e-05,3.797951257447738e-06,-0.0002108824271500088,0.030604348719323438
2,0.2,50,32,oracle_tail,300,4.39370783366463e-05,3.797951257447738e-06,-0.0002108824271500088,0.030604348719323438
2,0.2,50,32,tis,300,0.0008891502132046693,0.00014759310637827648,0.004981342613207547,0.6193371115912382
2,0.2,50,32,tis_no_cov,300,0.0008891502132046693,0.00014759310637827648,0.004981342613207547,0.6193371115912382
2,0.2,50,32,uniform,300,0.001435648206063756,0.00014428376304391707,0.009604213125101438,1.0
2,0.2,50,33,learned_mean,300,0.0005489351625868652,0.00015204098387615558,0.0008755510224121754,0.02596993140781809
2,0.2,50,33,learned_occupancy,300,0.0005078208519060658,4.4817699961326186e-05,0.0022174322501273616,0.024024827685133684
2,0.2,50,33,oracle_no_cov,300,0.0001439837147789485,1.0809097935485616e-05,0.0009604054966486408,0.006811819412389029
2,0.2,50,33,oracle_tail,300,0.0001439837147789485,1.0809097935485616e-05,0.0009604054966486408,0.006811819412389029
2,0.2,50,33,tis,300,0.008477243250477638,0.0035008042580369257,0.012557672969756803,0.4010554264820945
2,0.2,50,33,tis_no_cov,300,0.008477243250477638,0.0035008042580369257,0.012557672969756803,0.4010554264820945
2,0.2,50,33,uniform,300,0.02113733586610905,0.004360951049742197,0.04844413929042958,1.0
2,0.2,50,34,learned_mean,300,0.0,0.0,0.0,0.0
2,0.2,50,34,learned_occupancy,300,0.0,0.0,0.0,0.0
2,0.2,50,34,oracle_no_cov,300,0.0,0.0,0.0,0.0
2,0.2,50,34,oracle_tail,300,0.0,0.0,0.0,0.0
2,0.2,50,34,tis,300,0.0,0.0,0.0,0.0
2,0.2,50,34,tis_no_cov,300,0.0,0.0,0.0,0.0
2,0.2,50,34,uniform,300,0.0,0.0,0.0,0.0
2,0.2,50,35,learned_mean,300,0.0,0.0,0.0,0.0
2,0.2,50,35,learned_occupancy,300,0.0,0.0,0.0,0.0
2,0.2,50,35,oracle_no_cov,300,0.0,0.0,0.0,0.0
2,0.2,50,35,oracle_tail,300,0.0,0.0,0.0,0.0
2,0.2,50,35,tis,300,0.0,0.0,0.0,0.0
2,0.2,50,35,tis_no_cov,300,0.0,0.0,0.0,0.0
2,0.2,50,35,uniform,300,0.0,0.0,0.0,0.0
2,0.2,50,36,learned_mean,300,1.6490418236784352e-07,3.835247733199677e-09,0.00034896427088389805,0.22409194514549274
2,0.2,50,36,learned_occupancy,300,9.519626256302642e-07,1.1270509506690348e-07,-5.601617907545616e-05,1.2936430927351386
2,0.2,50,36,oracle_no_cov,300,5.774350841612472e-07,8.428003938339395e-08,-3.527406580154047e-05,0.7846893228960216
2,0.2,50,36,oracle_tail,300,5.774350841612472e-07,8.428003938339395e-08,-3.527406580154047e-05,0.7846893228960216
2,0.2,50,36,tis,300,1.2148270087223854e-06,1.0293178923055709e-06,0.0003607922543595284,1.6508553239275847
2,0.2,50,36,tis_no_cov,300,1.2148270087223854e-06,1.0293178923055709e-06,0.0003607922543595284,1.6508553239275847
2,0.2,50,36,uniform,300,7.358773304447811e-07,5.538383785789939e-07,0.0003811299601109286,1.0
2,0.2,50,37,learned_mean,300,0.012209459866895828,0.0033066833115217038,0.0010103335357096524,3.3743603251186864
2,0.2,50,37,learned_occupancy,300,0.0001287350104562605,1.0918575025224888e-05,5.511521818345837e-06,0.0355788312073618
2,0.2,50,37,oracle_no_cov,300,5.244734696917336e-05,5.9804398731819855e-06,0.0006911192431765848,0.014495010319855155
2,0.2,50,37,oracle_tail,300,5.244734696917336e-05,5.9804398731819855e-06,0.0006911192431765848,0.014495010319855155
2,0.2,50,37,tis,300,0.009237163039572139,0.0020469342588357187,0.012756445203709867,2.552898884732531
2,0.2,50,37,tis_no_cov,300,0.009237163039572139,0.0020469342588357187,0.012756445203709867,2.552898884732531
2,0.2,50,37,uniform,300,0.0036183035273408106,0.00031630513461391275,0.004945954696171862,1.0
2,0.2,50,38,learned_mean,300,0.01150678510333368,0.0019406179955844007,0.0029786129610167842,0.9882558765913877
2,0.2,50,38,learned_occupancy,300,0.0005490814902626525,4.2358839194214604e-05,0.0008085512170150504,0.04715765564461742
2,0.2,50,38,oracle_no_cov,300,0.00022036863363809596,2.0271962606370258e-05,0.0005263321009537832,0.018926276562353524
2,0.2,50,38,oracle_tail,300,0.00022036863363809596,2.0271962606370258e-05,0.0005263321009537832,0.018926276562353524
2,0.2,50,38,tis,300,0.0037306719960722174,0.0006543218372782162,0.003786075590764146,0.3204073501542282
2,0.2,50,38,tis_no_cov,300,0.0037306719960722174,0.0006543218372782162,0.003786075590764146,0.3204073501542282
2,0.2,50,38,uniform,300,0.011643528134658762,0.000958534651250574,0.010926503612300678,1.0
2,0.2,50,39,learned_mean,300,0.0025677608262809322,0.0008243727634018237,0.006755045840052786,0.22480479661977426
2,0.2,50,39,learned_occupancy,300,0.0004859153645650266,3.5302965132038255e-05,0.00068799269675947,0.04254138609306481
2,0.2,50,39,oracle_no_cov,300,0.00022610291945311312,1.9120647295731714e-05,0.0025097202921280843,0.01979507604546391
2,0.2,50,39,oracle_tail,300,0.00022610291945311312,1.9120647295731714e-05,0.0025097202921280843,0.01979507604546391
2,0.2,50,39,tis,300,0.004491775251579868,0.0007683928669878506,0.026731230176386813,0.3932502636375491
2,0.2,50,39,tis_no_cov,300,0.004491775251579868,0.0007683928669878506,0.026731230176386813,0.3932502636375491
2,0.2,50,39,uniform,300,0.011422179886241213,0.0008653927183105502,0.015486497400213083,1.0
2,0.2,50,40,learned_mean,300,0.0003276319469119009,2.919432996096274e-05,0.0028313890623894267,0.10543819916489726
2,0.2,50,40,learned_occupancy,300,0.0003218246281385761,2.694672247747805e-05,0.0024923714147863213,0.10356929340278452
2,0.2,50,40,oracle_no_cov,300,0.00010019852830064351,8.205289031535822e-06,0.0022463848541307762,0.03224579435116463
2,0.2,50,40,oracle_tail,300,0.00010019852830064351,8.205289031535822e-06,0.0022463848541307762,0.03224579435116463
2,0.2,50,40,tis,300,0.00043163577228290476,4.019110977357175e-05,0.003254177450824151,0.13890861057238987
2,0.2,50,40,tis_no_cov,300,0.00043163577228290476,4.019110977357175e-05,0.003254177450824151,0.13890861057238987
2,0.2,50,40,uniform,300,0.0031073363307306647,0.00023805822066387905,0.008486091275372643,1.0
2,0.2,50,41,learned_mean,300,0.002611343477237918,0.00038614539329569756,0.002375235467672141,0.5316535052903082
2,0.2,50,41,learned_occupancy,300,0.0008975690468328718,0.00012011410816959266,0.0020221146511826284,0.18273954925819208
2,0.2,50,41,oracle_no_cov,300,0.00020371002614096554,1.6793113966920004e-05,0.0026653548910116577,0.041474111086749706
2,0.2,50,41,oracle_tail,300,0.00020371002614096554,1.6793113966920004e-05,0.0026653548910116577,0.041474111086749706
2,0.2,50,41,tis,300,0.002462604669399161,0.0003014568977604447,0.0036574266453312855,0.5013711968734089
2,0.2,50,41,tis_no_cov,300,0.002462604669399161,0.0003014568977604447,0.0036574266453312855,0.5013711968734089
2,0.2,50,41,uniform,300,0.004911739415339695,0.0003931872076037604,0.014494096830560339,1.0
2,0.2,50,42,learned_mean,300,0.0002928961086451926,6.741001167656627e-05,0.0010343224093940172,0.29877726382769276
2,0.2,50,42,learned_occupancy,300,0.00020231125146130368,3.00700108245307e-05,0.0013915119110035053,0.2063735241576305
2,0.2,50,42,oracle_no_cov,300,3.733812714450635e-05,3.0683489903756874e-06,0.00017094492634031733,0.03808785141013929
2,0.2,50,42,oracle_tail,300,3.733812714450635e-05,3.0683489903756874e-06,0.00017094492634031733,0.03808785141013929
2,0.2,50,42,tis,300,0.00035037587653851386,7.646888548799312e-05,0.00036582100987506323,0.35741118647028114
2,0.2,50,42,tis_no_cov,300,0.00035037587653851386,7.646888548799312e-05,0.00036582100987506323,0.35741118647028114
2,0.2,50,42,uniform,300,0.0009803159212747464,7.876911040712027e-05,0.004901408203669507,1.0
2,0.2,50,43,learned_mean,300,7.580459271973804e-05,1.1037416587918658e-05,0.0005080334936698824,0.046033850222336394
2,0.2,50,43,learned_occupancy,300,6.57740202306494e-05,5.980707260566313e-06,0.0006798006593859172,0.039942585101842384
2,0.2,50,43,oracle_no_cov,300,1.7300807349312997e-05,1.408176990741628e-06,0.00020752215914903078,0.010506260183842374
2,0.2,50,43,oracle_tail,300,1.7300807349312997e-05,1.408176990741628e-06,0.00020752215914903078,0.010506260183842374
2,0.2,50,43,tis,300,0.0005779816057658836,0.00013455919484196244,0.0014730164830411493,0.35099085314608247
2,0.2,50,43,tis_no_cov,300,0.0005779816057658836,0.00013455919484196244,0.0014730164830411493,0.35099085314608247
2,0.2,50,43,uniform,300,0.0016467141539022602,0.00014252166939890328,0.0050407243419261566,1.0
2,0.2,50,44,learned_mean,300,0.0,0.0,0.0,0.0
2,0.2,50,44,learned_occupancy,300,0.0,0.0,0.0,0.0
2,0.2,50,44,oracle_no_cov,300,2.136502057613176e-06,1.999940704843336e-06,0.00010303703703703732,1.0
2,0.2,50,44,oracle_tail,300,2.136502057613176e-06,1.999940704843336e-06,0.00010303703703703732,1.0
2,0.2,50,44,tis,300,3.3426229551500328e-06,1.709361925248583e-06,0.0002093174255336422,1.5645306510419617
2,0.2,50,44,tis_no_cov,300,3.3426229551500328e-06,1.709361925248583e-06,0.0002093174255336422,1.5645306510419617
2,0.2,50,44,uniform,300,2.136502057613176e-06,1.999940704843336e-06,0.00010303703703703732,1.0
2,0.2,50,45,learned_mean,300,0.000594114916367761,5.060655408656366e-05,0.0029836629711183964,0.025221625609569042
2,0.2,50,45,learned_occupancy,300,0.0008924385054870781,7.160064944738928e-05,0.00021092682422536036,0.037886188757168565
2,0.2,50,45,oracle_no_cov,300,0.0003690277504942244,3.168861312946623e-05,0.0012515172950640853,0.015666127050655287
2,0.2,50,45,oracle_tail,300,0.0003690277504942244,3.168861312946623e-05,0.0012515172950640853,0.015666127050655287
2,0.2,50,45,tis,300,0.004102252387480938,0.0009478732617394832,0.008016866182867738,0.17415060794225062
2,0.2,50,45,tis_no_cov,300,0.004102252387480938,0.0009478732617394832,0.008016866182867738,0.17415060794225062
2,0.2,50,45,uniform,300,0.02355577414258163,0.0018844364724144894,0.03244537104794707,1.0
2,0.2,50,46,learned_mean,300,0.004645878249875498,0.001511166853593207,0.0008737867411006269,1.0697671284275996
2,0.2,50,46,learned_occupancy,300,0.00027821817068702284,2.6474360751183288e-05,-0.0003479030648866351,0.06406294731038467
2,0.2,50,46,oracle_no_cov,300,0.0001098683981395326,8.183608292602469e-06,8.8775082654405e-05,0.025298467687098283
2,0.2,50,46,oracle_tail,300,0.0001098683981395326,8.183608292602469e-06,8.8775082654405e-05,0.025298467687098283
2,0.2,50,46,tis,300,0.005092361901005713,0.001529731968899423,-0.001965012936132787,1.172575146130655
2,0.2,50,46,tis_no_cov,300,0.005092361901005713,0.001529731968899423,-0.001965012936132787,1.172575146130655
2,0.2,50,46,uniform,300,0.004342887462530519,0.0004551630747999765,-0.006502124165499926,1.0
2,0.2,50,47,learned_mean,300,0.03642858697555413,0.004149871645231168,0.01439364606834817,2.042520094099217
2,0.2,50,47,learned_occupancy,300,0.0007125071085578931,6.064465059183085e-05,0.0005034994818482008,0.03994967159705188
2,0.2,50,47,oracle_no_cov,300,0.00029189269808205107,2.4455506299501932e-05,0.0010140706450252753,0.01636617696847563
2,0.2,50,47,oracle_tail,300,0.00029189269808205107,2.4455506299501932e-05,0.0010140706450252753,0.01636617696847563
2,0.2,50,47,tis,300,0.012307863099918222,0.0016626658203223548,0.0010207145785373184,0.690091485400604
2,0.2,50,47,tis_no_cov,300,0.012307863099918222,0.0016626658203223548,0.0010207145785373184,0.690091485400604
2,0.2,50,47,uniform,300,0.017835118039129842,0.0016642746374274469,-0.010348176029724866,1.0
2,0.2,50,48,learned_mean,300,0.0378184228149331,0.004801815295600313,0.017363433789810413,2.4185162633505404
2,0.2,50,48,learned_occupancy,300,0.0007667724885087524,5.934765845692877e-05,0.0021569163872722313,0.04903567086398771
2,0.2,50,48,oracle_no_cov,300,0.0004559239521795484,3.4292315968333776e-05,0.002642857655846133,0.02915667579775147
2,0.2,50,48,oracle_tail,300,0.0004559239521795484,3.4292315968333776e-05,0.002642857655846133,0.02915667579775147
2,0.2,50,48,tis,300,0.034996679271438014,0.0040292776117248534,0.028932196847852747,2.238063665304793
2,0.2,50,48,tis_no_cov,300,0.034996679271438014,0.0040292776117248534,0.028932196847852747,2.238063665304793
2,0.2,50,48,uniform,300,0.015637034734073105,0.0011862367209572882,0.00387529039812834,1.0
2,0.2,50,49,learned_mean,300,0.0014713842184359302,0.00017355028264865686,-0.002779620860903663,0.8131004406392982
2,0.2,50,49,learned_occupancy,300,0.00021930343411662599,2.1457617904494276e-05,-0.0006156912932408476,0.12118909301846942
2,0.2,50,49,oracle_no_cov,300,7.620367411277905e-05,6.1490149383088186e-06,-0.00032118990011870574,0.0421108506011424
2,0.2,50,49,oracle_tail,300,7.620367411277905e-05,6.1490149383088186e-06,-0.00032118990011870574,0.0421108506011424
2,0.2,50,49,tis,300,0.0026846103966241355,0.0003512452463359467,-0.001683485211447374,1.4835403758511738
2,0.2,50,49,tis_no_cov,300,0.0026846103966241355,0.0003512452463359467,-0.001683485211447374,1.4835403758511738
2,0.2,50,49,uniform,300,0.0018095971234243313,0.00016949063797658284,-0.002863910081788027,1.0
2,0.2,100,0,learned_mean,300,1.0901644129003038e-05,8.209011097277923e-06,-0.00021077121967900828,0.12141680801704784
2,0.2,100,0,learned_occupancy,300,2.575213371119435e-06,1.9675292315392452e-07,-2.0191026831530104e-05,0.028681379045596974
2,0.2,100,0,oracle_no_cov,300,1.921172850784877e-06,1.3848610947729156e-07,1.8113896310737454e-05,0.02139701795720275
2,0.2,100,0,oracle_tail,300,1.921172850784877e-06,1.3848610947729156e-07,1.8113896310737454e-05,0.02139701795720275
2,0.2,100,0,tis,300,0.00021034608877366898,9.567537252253733e-05,-0.0005062036552969458,2.3427246730448057
2,0.2,100,0,tis_no_cov,300,0.00021034608877366898,9.567537252253733e-05,-0.0005062036552969458,2.3427246730448057
2,0.2,100,0,uniform,300,8.978694389225225e-05,1.5932407186470067e-05,7.483109864352041e-06,1.0
2,0.2,100,1,learned_mean,300,0.0,0.0,0.0,0.0
2,0.2,100,1,learned_occupancy,300,0.0,0.0,0.0,0.0
2,0.2,100,1,oracle_no_cov,300,0.0,0.0,0.0,0.0
2,0.2,100,1,oracle_tail,300,0.0,0.0,0.0,0.0
2,0.2,100,1,tis,300,0.0,0.0,0.0,0.0
2,0.2,100,1,tis_no_cov,300,0.0,0.0,0.0,0.0
2,0.2,100,1,uniform,300,0.0,0.0,0.0,0.0
2,0.2,100,2,learned_mean,300,0.0007649165935147994,0.00020120538685285114,0.0005432238339434507,0.3243504080027207
2,0.2,100,2,learned_occupancy,300,0.0001223223583757184,1.0625278184998187e-05,-3.1211736832942686e-05,0.05186880136134955
2,0.2,100,2,oracle_no_cov,300,5.858486788829244e-05,4.795065644093927e-06,-0.00018020216811872084,0.024841957885942366
2,0.2,100,2,oracle_tail,300,5.858486788829244e-05,4.795065644093927e-06,-0.00018020216811872084,0.024841957885942366
2,0.2,100,2,tis,300,0.0007944119671274832,0.00020260145774250507,0.0008004203819413987,0.3368574402028027
2,0.2,100,2,tis_no_cov,300,0.0007944119671274832,0.00020260145774250507,0.0008004203819413987,0.3368574402028027
2,0.2,100,2,uniform,300,0.0023583031642382987,0.0003024226795291629,-0.000488718967695374,1.0
2,0.2,100,3,learned_mean,300,0.0009006412008659261,0.00019634943359100215,0.00036955358041278625,1.7444574257458827
2,0.2,100,3,learned_occupancy,300,7.494445411251352e-05,6.938588694073879e-06,-0.0006060394171238248,0.14516036948936784
2,0.2,100,3,oracle_no_cov,300,2.1079257073749555e-05,1.6675381648173236e-06,-0.00022872115287602874,0.04082854137269574
2,0.2,100,3,oracle_tail,300,2.1079257073749555e-05,1.6675381648173236e-06,-0.00022872115287602874,0.04082854137269574
2,0.2,100,3,tis,300,0.001038288418349339,0.00021172781073723818,-0.0001482815201402114,2.0110671593904614
2,0.2,100,3,tis_no_cov,300,0.001038288418349339,0.00021172781073723818,-0.0001482815201402114,2.0110671593904614
2,0.2,100,3,uniform,300,0.0005162872922971085,3.460330183563198e-05,-0.00020336381355050558,1.0
2,0.2,100,4,learned_mean,300,0.0,0.0,0.0,0.0
2,0.2,100,4,learned_occupancy,300,0.0,0.0,0.0,0.0
2,0.2,100,4,oracle_no_cov,300,0.0,0.0,0.0,0.0
2,0.2,100,4,oracle_tail,300,0.0,0.0,0.0,0.0
2,0.2,100,4,tis,300,0.0,0.0,0.0,0.0
2,0.2,100,4,tis_no_cov,300,0.0,0.0,0.0,0.0
2,0.2,100,4,uniform,300,0.0,0.0,0.0,0.0
2,0.2,100,5,learned_mean,300,2.4532872276603933e-06,1.7994239417799547e-06,0.0001828318535404865,0.01650476571165514
2,0.2,100,5,learned_occupancy,300,0.0,0.0,0.0,0.0
2,0.2,100,5,oracle_no_cov,300,0.00014864114223251047,4.0768163737194376e-05,0.0042289814814814855,1.0
2,0.2,100,5,oracle_tail,300,0.00014864114223251047,4.0768163737194376e-05,0.0042289814814814855,1.0
2,0.2,100,5,tis,300,0.0001061331509960544,3.35440448055486e-05,0.0027956116029724835,0.7140227086659268
2,0.2,100,5,tis_no_cov,300,0.0001061331509960544,3.35440448055486e-05,0.0027956116029724835,0.7140227086659268
2,0.2,100,5,uniform,300,0.00014864114223251047,4.0768163737194376e-05,0.0042289814814814855,1.0
2,0.2,100,6,learned_mean,300,0.002304273976492716,0.0003368610191740764,-0.0035492316748910874,0.20554992220443125
2,0.2,100,6,learned_occupancy,300,0.0003741629150233897,3.0965840351714795e-05,-0.000704645654629709,0.03337674202783069
2,0.2,100,6,oracle_no_cov,300,0.00019873840033364276,1.7997631737265985e-05,-0.00018103111216333974,0.017728214242036994
2,0.2,100,6,oracle_tail,300,0.00019873840033364276,1.7997631737265985e-05,-0.00018103111216333974,0.017728214242036994
2,0.2,100,6,tis,300,0.004397507539249765,0.0005837309693128507,2.4184657497611597e-05,0.392274244212056
2,0.2,100,6,tis_no_cov,300,0.004397507539249765,0.0005837309693128507,2.4184657497611597e-05,0.392274244212056
2,0.2,100,6,uniform,300,0.011210288730739497,0.0009987522118961917,-0.007275560787422535,1.0
2,0.2,100,7,learned_mean,300,0.0003258358935892278,2.630320193176614e-05,0.0019684456295816126,0.025009977807150797
2,0.2,100,7,learned_occupancy,300,0.0005086854519878267,3.737277014414314e-05,0.0004952844786629075,0.039044844706625705
2,0.2,100,7,oracle_no_cov,300,0.00019748745715751084,1.464579263084559e-05,0.0011363577220949233,0.015158418755812846
2,0.2,100,7,oracle_tail,300,0.00019748745715751084,1.464579263084559e-05,0.0011363577220949233,0.015158418755812846
2,0.2,100,7,tis,300,0.0014189880507323486,0.00030867479670850705,0.0043978574739426506,0.1089163605227852
2,0.2,100,7,tis_no_cov,300,0.0014189880507323486,0.00030867479670850705,0.0043978574739426506,0.1089163605227852
2,0.2,100,7,uniform,300,0.013028236014510398,0.001117961116485267,0.01613131885776822,1.0
2,0.2,100,8,learned_mean,300,0.0,0.0,0.0,0.0
2,0.2,100,8,learned_occupancy,300,0.0,0.0,0.0,0.0
2,0.2,100,8,oracle_no_cov,300,1.0979447273662622e-06,7.889321598081937e-07,8.930555555555599e-05,1.0
2,0.2,100,8,oracle_tail,300,1.0979447273662622e-06,7.889321598081937e-07,8.930555555555599e-05,1.0
2,0.2,100,8,tis,300,1.3384365505642489e-06,8.117267596900649e-07,0.00013434606481481566,1.2190381876279655
2,0.2,100,8,tis_no_cov,300,1.3384365505642489e-06,8.117267596900649e-07,0.00013434606481481566,1.2190381876279655
2,0.2,100,8,uniform,300,1.0979447273662622e-06,7.889321598081937e-07,8.930555555555599e-05,1.0
2,0.2,100,9,learned_mean,300,2.588796950553094e-05,2.691231859234946e-06,-0.0001566564513071748,0.020013727695062756
2,0.2,100,9,learned_occupancy,300,3.1495938096765066e-05,2.8855442065440105e-06,0.00021457671714724457,0.024349191559211905
2,0.2,100,9,oracle_no_cov,300,1.3641684891504237e-05,1.1603697045121864e-06,0.0001990235225679256,0.010546248776370308
2,0.2,100,9,oracle_tail,300,1.3641684891504237e-05,1.1603697045121864e-06,0.0001990235225679256,0.010546248776370308
2,0.2,100,9,tis,300,0.0002295504505256796,7.607443599540314e-05,0.0007281131185958443,0.1774631342994432
2,0.2,100,9,tis_no_cov,300,0.0002295504505256796,7.607443599540314e-05,0.0007281131185958443,0.1774631342994432
2,0.2,100,9,uniform,300,0.001293510629302572,0.00011693872384932421,0.00237328858831785,1.0
2,0.2,100,10,learned_mean,300,5.163124031625553e-05,1.0127419230300856e-05,-0.0001158228183589823,0.06586532832750237
2,0.2,100,10,learned_occupancy,300,4.126952007077873e-05,3.1938928755826453e-06,-0.00012807247183792262,0.05264701124223205
2,0.2,100,10,oracle_no_cov,300,1.6338426795251594e-05,1.285193246065873e-06,-2.772045619366383e-05,0.020842726973678744
2,0.2,100,10,oracle_tail,300,1.6338426795251594e-05,1.285193246065873e-06,-2.772045619366383e-05,0.020842726973678744
2,0.2,100,10,tis,300,0.00023542756155455166,4.0218219105109924e-05,0.00012104616715605088,0.3003319994668376
2,0.2,100,10,tis_no_cov,300,0.00023542756155455166,4.0218219105109924e-05,0.00012104616715605088,0.3003319994668376
2,0.2,100,10,uniform,300,0.0007838910338308702,6.623002037004194e-05,0.0021075344674696987,1.0
2,0.2,100,11,learned_mean,300,0.0,0.0,0.0,0.0
2,0.2,100,11,learned_occupancy,300,0.0,0.0,0.0,0.0
2,0.2,100,11,oracle_no_cov,300,0.0,0.0,0.0,0.0
2,0.2,100,11,oracle_tail,300,0.0,0.0,0.0,0.0
2,0.2,100,11,tis,300,0.0,0.0,0.0,0.0
2,0.2,100,11,tis_no_cov,300,0.0,0.0,0.0,0.0
2,0.2,100,11,uniform,300,0.0,0.0,0.0,0.0
2,0.2,100,12,learned_mean,300,0.00013175986807844415,1.0431567670570771e-05,0.00014991872290516314,0.08349133618492187
2,0.2,100,12,learned_occupancy,300,0.0001399583572883661,1.1129367656740777e-05,7.490778476278622e-06,0.08868641438905701
2,0.2,100,12,oracle_no_cov,300,4.8272925444956204e-05,3.7019417762723266e-06,-0.0003297630695988814,0.03058876049082713
2,0.2,100,12,oracle_tail,300,4.8272925444956204e-05,3.7019417762723266e-06,-0.0003297630695988814,0.03058876049082713
2,0.2,100,12,tis,300,0.00023696273730930496,2.6322128873865745e-05,0.0008835130518127292,0.15015448825595185
2,0.2,100,12,tis_no_cov,300,0.00023696273730930496,2.6322128873865745e-05,0.0008835130518127292,0.15015448825595185
2,0.2,100,12,uniform,300,0.0015781262355966386,0.00012859426785259953,0.006622779073267379,1.0
2,0.2,100,13,learned_mean,300,0.0,0.0,0.0,0.0
2,0.2,100,13,learned_occupancy,300,0.0,0.0,0.0,0.0
2,0.2,100,13,oracle_no_cov,300,0.0,0.0,0.0,0.0
2,0.2,100,13,oracle_tail,300,0.0,0.0,0.0,0.0
2,0.2,100,13,tis,300,0.0,0.0,0.0,0.0
2,0.2,100,13,tis_no_cov,300,0.0,0.0,0.0,0.0
2,0.2,100,13,uniform,300,0.0,0.0,0.0,0.0
2,0.2,100,14,learned_mean,300,4.5078076916461784e-05,4.7895046295976845e-06,0.0005527213237951993,0.04247719792351574
2,0.2,100,14,learned_occupancy,300,4.559603634714008e-05,4.5721341859628914e-06,0.0007593101238671111,0.04296527254333696
2,0.2,100,14,oracle_no_cov,300,2.0401254718758357e-05,1.704572614322042e-06,0.000337333191944665,0.019224159366485624
2,0.2,100,14,oracle_tail,300,2.0401254718758357e-05,1.704572614322042e-06,0.000337333191944665,0.019224159366485624
2,0.2,100,14,tis,300,0.000647042039926039,0.00012448926585499693,0.007145705881268194,0.6097095234498974
2,0.2,100,14,tis_no_cov,300,0.000647042039926039,0.00012448926585499693,0.007145705881268194,0.6097095234498974
2,0.2,100,14,uniform,300,0.0010612300038629944,0.00014741219169815367,0.012391557925284014,1.0
2,0.2,100,15,learned_mean,300,4.587603787054473e-06,2.0314186797459966e-06,0.00035959645474137845,0.01939471439413635
2,0.2,100,15,learned_occupancy,300,1.5061224533401568e-07,1.0084552712217902e-07,3.7892947090220616e-05,0.0006367336017019781
2,0.2,100,15,oracle_no_cov,300,0.0002365388679526755,3.79282972674123e-05,0.006881777777777788,1.0
2,0.2,100,15,oracle_tail,300,0.0002365388679526755,3.79282972674123e-05,0.006881777777777788,1.0
2,0.2,100,15,tis,300,0.00020566195812906634,4.634678178931595e-05,0.004914870408438538,0.8694636949484905
2,0.2,100,15,tis_no_cov,300,0.00020566195812906634,4.634678178931595e-05,0.004914870408438538,0.8694636949484905
2,0.2,100,15,uniform,300,0.0002365388679526755,3.79282972674123e-05,0.006881777777777788,1.0
2,0.2,100,16,learned_mean,300,0.00883835197994062,0.0015079772182937017,0.008359601826491089,0.6166754061118686
2,0.2,100,16,learned_occupancy,300,0.0009292656486380936,9.133277950969251e-05,-0.0013938964675186724,0.06483734440089084
2,0.2,100,16,oracle_no_cov,300,0.00037623461427307883,3.129475391790628e-05,-0.0005203260627551306,0.02625089316161766
2,0.2,100,16,oracle_tail,300,0.00037623461427307883,3.129475391790628e-05,-0.0005203260627551306,0.02625089316161766
2,0.2,100,16,tis,300,0.00892966339649276,0.0015003837863032613,0.010952374513249178,0.6230464473436209
2,0.2,100,16,tis_no_cov,300,0.00892966339649276,0.0015003837863032613,0.010952374513249178,0.6230464473436209
2,0.2,100,16,uniform,300,0.014332259552341041,0.0010265193184136089,0.004902139808586667,1.0
2,0.2,100,17,learned_mean,300,0.0001222243097412131,1.7209878381669264e-05,0.004972895029922881,0.03965254509146574
2,0.2,100,17,learned_occupancy,300,9.434209218235225e-05,7.4628198005819444e-06,-0.0003776648490885659,0.030606874133342198
2,0.2,100,17,oracle_no_cov,300,6.258952052007017e-05,5.106218486608311e-06,-0.000782651797942869,0.020305565970714968
2,0.2,100,17,oracle_tail,300,6.258952052007017e-05,5.106218486608311e-06,-0.000782651797942869,0.020305565970714968
2,0.2,100,17,tis,300,0.00042735008520960717,9.056025019416506e-05,0.005856956073263701,0.13864278357958912
2,0.2,100,17,tis_no_cov,300,0.00042735008520960717,9.056025019416506e-05,0.005856956073263701,0.13864278357958912
2,0.2,100,17,uniform,300,0.0030823824664792817,0.0002894722924911301,-0.0016145275857986086,1.0
2,0.2,100,18,learned_mean,300,0.00017275231441976938,3.516490090516508e-05,0.0007988379934012594,0.0469530691382898
2,0.2,100,18,learned_occupancy,300,0.0001413543211230679,1.1816237683761358e-05,0.0011749853690403852,0.03841927811490958
2,0.2,100,18,oracle_no_cov,300,6.734999365319774e-05,5.5820229366357265e-06,0.000720029478328934,0.0183053345425981
2,0.2,100,18,oracle_tail,300,6.734999365319774e-05,5.5820229366357265e-06,0.000720029478328934,0.0183053345425981
2,0.2,100,18,tis,300,0.0005776057760724722,0.00020012211179566434,-0.00042120756002851,0.15698987321644087
2,0.2,100,18,tis_no_cov,300,0.0005776057760724722,0.00020012211179566434,-0.00042120756002851,0.15698987321644087
2,0.2,100,18,uniform,300,0.0036792550005829423,0.0002943944640174734,-0.0004157451459219123,1.0
2,0.2,100,19,learned_mean,300,0.0002776549447999469,2.462389084788827e-05,0.0009780630686710525,0.03939811249643542
2,0.2,100,19,learned_occupancy,300,0.0003526144421608241,2.804267621573837e-05,0.0003657317529440096,0.05003456167557015
2,0.2,100,19,oracle_no_cov,300,0.00015580504882018776,1.1976767576529403e-05,0.0011773640039553605,0.02210810560335299
2,0.2,100,19,oracle_tail,300,0.00015580504882018776,1.1976767576529403e-05,0.0011773640039553605,0.02210810560335299
2,0.2,100,19,tis,300,0.0006469925449997689,0.00010915137375894805,0.0019251468935450584,0.09180562258893661
2,0.2,100,19,tis_no_cov,300,0.0006469925449997689,0.00010915137375894805,0.0019251468935450584,0.09180562258893661
2,0.2,100,19,uniform,300,0.007047417432118556,0.0005227558890394123,0.00689556266592898,1.0
2,0.2,100,20,learned_mean,300,0.0001912344952288783,1.636155410823982e-05,0.00014133617238372661,0.04206774041187032
2,0.2,100,20,learned_occupancy,300,0.00023420849846761242,1.943406449569025e-05,0.0003116154775939232,0.05152115628510104
2,0.2,100,20,oracle_no_cov,300,7.159846125458803e-05,6.2469609554646336e-06,0.001291211346780209,0.01575022057784335
2,0.2,100,20,oracle_tail,300,7.159846125458803e-05,6.2469609554646336e-06,0.001291211346780209,0.01575022057784335
2,0.2,100,20,tis,300,0.00024393792330043142,2.4224212373849674e-05,-0.00022010870761659935,0.05366143394648201
2,0.2,100,20,tis_no_cov,300,0.00024393792330043142,2.4224212373849674e-05,-0.00022010870761659935,0.05366143394648201
2,0.2,100,20,uniform,300,0.004545870383257318,0.00037116913844188,0.004693029619495303,1.0
2,0.2,100,21,learned_mean,300,2.3822687260527744e-05,2.126239052589027e-06,-0.0004912734236479886,0.0285798194020595
2,0.2,100,21,learned_occupancy,300,3.0826807363661236e-05,2.532844861000388e-06,-0.0006008384114593072,0.03698258628678311
2,0.2,100,21,oracle_no_cov,300,9.159900627002367e-06,8.059677955627511e-07,-0.00013880622202683306,0.010989033386435004
2,0.2,100,21,oracle_tail,300,9.159900627002367e-06,8.059677955627511e-07,-0.00013880622202683306,0.010989033386435004
2,0.2,100,21,tis,300,0.0001128877275878135,2.9477442103611945e-05,0.0003781355531794384,0.13543018182144106
2,0.2,100,21,tis_no_cov,300,0.0001128877275878135,2.9477442103611945e-05,0.0003781355531794384,0.13543018182144106
2,0.2,100,21,uniform,300,0.0008335492581458037,7.87825799272473e-05,0.00202774704941742,1.0
2,0.2,100,22,learned_mean,300,0.0,0.0,0.0,0.0
2,0.2,100,22,learned_occupancy,300,0.0,0.0,0.0,0.0
2,0.2,100,22,oracle_no_cov,300,0.0,0.0,0.0,0.0
2,0.2,100,22,oracle_tail,300,0.0,0.0,0.0,0.0
2,0.2,100,22,tis,300,0.0,0.0,0.0,0.0
2,0.2,100,22,tis_no_cov,300,0.0,0.0,0.0,0.0
2,0.2,100,22,uniform,300,0.0,0.0,0.0,0.0
2,0.2,100,23,learned_mean,300,2.943443375260232e-05,3.2682115873411405e-06,0.0006603064633988839,0.032190625351929646
2,0.2,100,23,learned_occupancy,300,3.095237957637734e-05,3.2513536936775886e-06,0.0004437475282476185,0.03385070910717932
2,0.2,100,23,oracle_no_cov,300,1.0275432578729975e-05,8.270707453719943e-07,0.00016245701810493524,0.011237607057471084
2,0.2,100,23,oracle_tail,300,1.0275432578729975e-05,8.270707453719943e-07,0.00016245701810493524,0.011237607057471084
2,0.2,100,23,tis,300,0.00012354870801052452,3.222659367554659e-05,0.0004714629640774145,0.1351176042899118
2,0.2,100,23,tis_no_cov,300,0.00012354870801052452,3.222659367554659e-05,0.0004714629640774145,0.1351176042899118
2,0.2,100,23,uniform,300,0.0009143790600774363,8.681553784099098e-05,0.0017528811170459265,1.0
2,0.2,100,24,learned_mean,300,0.0,0.0,0.0,0.0
2,0.2,100,24,learned_occupancy,300,0.0,0.0,0.0,0.0
2,0.2,100,24,oracle_no_cov,300,0.0,0.0,0.0,0.0
2,0.2,100,24,oracle_tail,300,0.0,0.0,0.0,0.0
2,0.2,100,24,tis,300,0.0,0.0,0.0,0.0
2,0.2,100,24,tis_no_cov,300,0.0,0.0,0.0,0.0
2,0.2,100,24,uniform,300,0.0,0.0,0.0,0.0
2,0.2,100,25,learned_mean,300,0.0004554733201866246,0.00029819132585797803,-0.0006548105955005589,2.046470915412992
2,0.2,100,25,learned_occupancy,300,1.1239867493261858e-05,8.768049834640323e-07,0.0002633416647024641,0.050501447392421385
2,0.2,100,25,oracle_no_cov,300,5.669878317578181e-06,4.3649154694978573e-07,0.00024626127316358014,0.025475127865009103
2,0.2,100,25,oracle_tail,300,5.669878317578181e-06,4.3649154694978573e-07,0.00024626127316358014,0.025475127865009103
2,0.2,100,25,tis,300,0.0002483056712495439,0.00011592152511891998,4.9000317521079584e-05,1.1156533474586023
2,0.2,100,25,tis_no_cov,300,0.0002483056712495439,0.00011592152511891998,4.9000317521079584e-05,1.1156533474586023
2,0.2,100,25,uniform,300,0.00022256525453463724,2.533629518248677e-05,-0.0009997038742365276,1.0
2,0.2,100,26,learned_mean,300,0.0005751190017152054,0.0005260256385558341,-0.0008630205443162553,5.73982292225773
2,0.2,100,26,learned_occupancy,300,3.519735289462383e-06,9.560824815574634e-07,-3.65630809336337e-05,0.035127786135537624
2,0.2,100,26,oracle_no_cov,300,2.090903251618703e-06,1.75342437505057e-07,4.5074734733977864e-05,0.02086770629395282
2,0.2,100,26,oracle_tail,300,2.090903251618703e-06,1.75342437505057e-07,4.5074734733977864e-05,0.02086770629395282
2,0.2,100,26,tis,300,0.0005844320398944781,0.0005260121809489235,-0.000869851527725715,5.832769233991177
2,0.2,100,26,tis_no_cov,300,0.0005844320398944781,0.0005260121809489235,-0.000869851527725715,5.832769233991177
2,0.2,100,26,uniform,300,0.00010019803912155974,1.3488600110405532e-05,-0.00016614900520306157,1.0
2,0.2,100,27,learned_mean,300,4.651065991020155e-05,4.516828087647505e-06,-0.0001737448177640564,0.05343455898639764
2,0.2,100,27,learned_occupancy,300,3.750566781306089e-05,3.144818944717638e-06,-0.0005387921468832744,0.04308902137597197
2,0.2,100,27,oracle_no_cov,300,1.54911987090871e-05,1.1838429531710431e-06,-0.00019029615047888305,0.01779732587731272
2,0.2,100,27,oracle_tail,300,1.54911987090871e-05,1.1838429531710431e-06,-0.00019029615047888305,0.01779732587731272
2,0.2,100,27,tis,300,0.00017591379676089596,3.0642407262669276e-05,-0.0005275229779707916,0.20210154333844468
2,0.2,100,27,tis_no_cov,300,0.00017591379676089596,3.0642407262669276e-05,-0.0005275229779707916,0.20210154333844468
2,0.2,100,27,uniform,300,0.0008704228273324266,6.355079991174088e-05,-3.4981665819366624e-05,1.0
2,0.2,100,28,learned_mean,300,3.4783782072744824e-05,3.127098324426828e-06,-0.0007167333521849545,0.03754114173808334
2,0.2,100,28,learned_occupancy,300,3.7067987567497264e-05,3.1404066449775785e-06,-0.0005829277232369183,0.040006419437272976
2,0.2,100,28,oracle_no_cov,300,1.2587564906567474e-05,1.0423324006274769e-06,-0.00041280627873779765,0.01358539900309017
2,0.2,100,28,oracle_tail,300,1.2587564906567474e-05,1.0423324006274769e-06,-0.00041280627873779765,0.01358539900309017
2,0.2,100,28,tis,300,0.00016990987145859576,3.155490245848055e-05,-0.00023066452852153196,0.1833788675937194
2,0.2,100,28,tis_no_cov,300,0.00016990987145859576,3.155490245848055e-05,-0.00023066452852153196,0.1833788675937194
2,0.2,100,28,uniform,300,0.0009265509907882922,6.956031042504921e-05,0.0008951085334070485,1.0
2,0.2,100,29,learned_mean,300,6.852580659016486e-05,8.554891570684437e-06,0.0017760561924679086,0.11503440118263802
2,0.2,100,29,learned_occupancy,300,4.693288619392232e-05,5.781812260573183e-06,0.0012368342601913286,0.07878632485685515
2,0.2,100,29,oracle_no_cov,300,1.7975862043148496e-05,1.4028320797822099e-06,0.0004228915564872773,0.030176113624499616
2,0.2,100,29,oracle_tail,300,1.7975862043148496e-05,1.4028320797822099e-06,0.0004228915564872773,0.030176113624499616
2,0.2,100,29,tis,300,0.0003156565129755281,5.338539261076851e-05,0.005959583560348501,0.5298931855951486
2,0.2,100,29,tis_no_cov,300,0.0003156565129755281,5.338539261076851e-05,0.005959583560348501,0.5298931855951486
2,0.2,100,29,uniform,300,0.0005956983814030351,6.31965454860106e-05,0.011789286113004007,1.0
2,0.2,100,30,learned_mean,300,1.2202043900014914e-05,2.0723589482140825e-06,0.0015603094091653409,0.023479618027213912
2,0.2,100,30,learned_occupancy,300,8.67629801174434e-06,1.5266881365478688e-06,0.0011724490859302125,0.016695249162788507
2,0.2,100,30,oracle_no_cov,300,0.006029953156565429,0.0008426657395216056,0.04171882505884057,11.603055848535018
2,0.2,100,30,oracle_tail,300,0.006029953156565429,0.0008426657395216056,0.04171882505884057,11.603055848535018
2,0.2,100,30,tis,300,0.0014448707326733398,0.00043909198767337447,0.012214682741276883,2.7802729755651225
2,0.2,100,30,tis_no_cov,300,0.0014448707326733398,0.00043909198767337447,0.012214682741276883,2.7802729755651225
2,0.2,100,30,uniform,300,0.0005196866442150894,7.298113238384741e-05,0.011041678136374185,1.0
2,0.2,100,31,learned_mean,300,4.574427431506742e-05,1.0209441315755397e-05,-0.00045577944928239245,0.0712953215377527
2,0.2,100,31,learned_occupancy,300,2.2448073116252882e-05,2.2277557578713877e-06,-0.0002672409304224175,0.034986730354558744
2,0.2,100,31,oracle_no_cov,300,8.931792821131745e-06,8.061982324285125e-07,-0.0001878508124862157,0.013920759496701187
2,0.2,100,31,oracle_tail,300,8.931792821131745e-06,8.061982324285125e-07,-0.0001878508124862157,0.013920759496701187
2,0.2,100,31,tis,300,0.0001959859095885909,3.42512335103081e-05,-8.402598772307257e-05,0.3054563363438269
2,0.2,100,31,tis_no_cov,300,0.0001959859095885909,3.42512335103081e-05,-8.402598772307257e-05,0.3054563363438269
2,0.2,100,31,uniform,300,0.0006416167755249503,4.67445118862531e-05,2.1010495731090076e-05,1.0
2,0.2,100,32,learned_mean,300,5.591579217839197e-05,6.856963340389204e-06,-0.000149866635569664,0.08634409147609823
2,0.2,100,32,learned_occupancy,300,4.296929815356448e-05,3.2059799400947635e-06,-0.00027468333431466337,0.06635236425871212
2,0.2,100,32,oracle_no_cov,300,1.9256668791525524e-05,1.5705598782836262e-06,-4.05580270931651e-05,0.029735777798797547
2,0.2,100,32,oracle_tail,300,1.9256668791525524e-05,1.5705598782836262e-06,-4.05580270931651e-05,0.029735777798797547
2,0.2,100,32,tis,300,0.0002670278558573875,3.541507382126305e-05,0.001199892074718792,0.41233928224174343
2,0.2,100,32,tis_no_cov,300,0.0002670278558573875,3.541507382126305e-05,0.001199892074718792,0.41233928224174343
2,0.2,100,32,uniform,300,0.0006475925708694333,4.524664818358709e-05,0.004170426088064381,1.0
2,0.2,100,33,learned_mean,300,0.00016473073656447847,1.381289920121926e-05,0.0007021296613876724,0.022019274094345162
2,0.2,100,33,learned_occupancy,300,0.00017962643436883135,1.442176589812801e-05,0.00010195150968522767,0.024010356387917008
2,0.2,100,33,oracle_no_cov,300,7.878322360836301e-05,6.805888611662529e-06,0.0007599916656136134,0.010530817932630433
2,0.2,100,33,oracle_tail,300,7.878322360836301e-05,6.805888611662529e-06,0.0007599916656136134,0.010530817932630433
2,0.2,100,33,tis,300,0.0017890625866338826,0.0008816444127970101,0.005310297151201458,0.23914091740620705
2,0.2,100,33,tis_no_cov,300,0.0017890625866338826,0.0008816444127970101,0.005310297151201458,0.23914091740620705
2,0.2,100,33,uniform,300,0.007481206503841264,0.001002118750349957,0.02625235225339256,1.0
2,0.2,100,34,learned_mean,300,0.0,0.0,0.0,0.0
2,0.2,100,34,learned_occupancy,300,0.0,0.0,0.0,0.0
2,0.2,100,34,oracle_no_cov,300,0.0,0.0,0.0,0.0
2,0.2,100,34,oracle_tail,300,0.0,0.0,0.0,0.0
2,0.2,100,34,tis,300,0.0,0.0,0.0,0.0
2,0.2,100,34,tis_no_cov,300,0.0,0.0,0.0,0.0
2,0.2,100,34,uniform,300,0.0,0.0,0.0,0.0
2,0.2,100,35,learned_mean,300,0.0,0.0,0.0,0.0
2,0.2,100,35,learned_occupancy,300,0.0,0.0,0.0,0.0
2,0.2,100,35,oracle_no_cov,300,0.0,0.0,0.0,0.0
2,0.2,100,35,oracle_tail,300,0.0,0.0,0.0,0.0
2,0.2,100,35,tis,300,0.0,0.0,0.0,0.0
2,0.2,100,35,tis_no_cov,300,0.0,0.0,0.0,0.0
2,0.2,100,35,uniform,300,0.0,0.0,0.0,0.0
2,0.2,100,36,learned_mean,300,1.4774303865540438e-07,4.1514761911206444e-09,0.0003463269628544685,0.011914004908809873
2,0.2,100,36,learned_occupancy,300,4.4871047373582326e-07,5.2717935722281675e-08,-3.7881018826595446e-05,0.03618403164965262
2,0.2,100,36,oracle_no_cov,300,2.6326544715621824e-07,2.856711015433118e-08,5.308561822126764e-06,0.02122973683419958
2,0.2,100,36,oracle_tail,300,2.6326544715621824e-07,2.856711015433118e-08,5.308561822126764e-06,0.02122973683419958
2,0.2,100,36,tis,300,1.3158133998823154e-05,8.52131010547485e-06,5.4248109632673016e-05,1.0610724842230848
2,0.2,100,36,tis_no_cov,300,1.3158133998823154e-05,8.52131010547485e-06,5.4248109632673016e-05,1.0610724842230848
2,0.2,100,36,uniform,300,1.2400787122905666e-05,6.699581763122983e-06,1.525033048129935e-05,1.0
2,0.2,100,37,learned_mean,300,0.007362401007583953,0.0022410637553519817,-0.0014707591862205016,4.391940327395914
2,0.2,100,37,learned_occupancy,300,4.687980354187049e-05,3.6026447759384997e-06,0.00035218241347857894,0.02796551009702537
2,0.2,100,37,oracle_no_cov,300,2.3432172560191527e-05,2.035670507069546e-06,-2.7185667584407694e-05,0.013978144292819086
2,0.2,100,37,oracle_tail,300,2.3432172560191527e-05,2.035670507069546e-06,-2.7185667584407694e-05,0.013978144292819086
2,0.2,100,37,tis,300,0.004392999993671739,0.0010616272741736526,0.005568829105745504,2.6205844819621364
2,0.2,100,37,tis_no_cov,300,0.004392999993671739,0.0010616272741736526,0.005568829105745504,2.6205844819621364
2,0.2,100,37,uniform,300,0.0016763435881992723,0.0001658572254560463,0.0019803343258014898,1.0
2,0.2,100,38,learned_mean,300,0.003556794532075261,0.0012284033499726109,0.0008348879559388903,0.5977641657150472
2,0.2,100,38,learned_occupancy,300,0.0002488564832420325,1.9765566517722207e-05,-0.0020378013178952038,0.04182346962875012
2,0.2,100,38,oracle_no_cov,300,0.00011619989266208088,9.017329573510845e-06,-0.0005324628687677661,0.01952885702756615
2,0.2,100,38,oracle_tail,300,0.00011619989266208088,9.017329573510845e-06,-0.0005324628687677661,0.01952885702756615
2,0.2,100,38,tis,300,0.0020956284437242565,0.001093000728624297,-0.0020036749180653932,0.35219678196610726
2,0.2,100,38,tis_no_cov,300,0.0020956284437242565,0.001093000728624297,-0.0020036749180653932,0.35219678196610726
2,0.2,100,38,uniform,300,0.005950163519455223,0.0005172605513043849,-0.0016106537951067232,1.0
2,0.2,100,39,learned_mean,300,0.0004749907343888631,0.00030949404903844605,0.0016717896487118307,0.091209136989983
2,0.2,100,39,learned_occupancy,300,0.00018910817410541618,1.571128765117142e-05,0.00034834168690614026,0.036313115412869565
2,0.2,100,39,oracle_no_cov,300,0.00010603338669628565,8.902799783423452e-06,0.0006477033555775967,0.020360847049230597
2,0.2,100,39,oracle_tail,300,0.00010603338669628565,8.902799783423452e-06,0.0006477033555775967,0.020360847049230597
2,0.2,100,39,tis,300,0.0011730572683188883,0.00032287822169882306,0.010301904051843981,0.22525395410260735
2,0.2,100,39,tis_no_cov,300,0.0011730572683188883,0.00032287822169882306,0.010301904051843981,0.22525395410260735
2,0.2,100,39,uniform,300,0.0052077099955570106,0.0004303930497173597,0.006168117770583477,1.0
2,0.2,100,40,learned_mean,300,0.00014270275790112625,2.334933384948712e-05,0.0011355077551392298,0.11445657242969046
2,0.2,100,40,learned_occupancy,300,0.00013160014793624637,1.6000405304965224e-05,0.0015607372897249265,0.10555158208266194
2,0.2,100,40,oracle_no_cov,300,4.34378666915053e-05,4.011432009962463e-06,0.0003012681038186142,0.034839896637542674
2,0.2,100,40,oracle_tail,300,4.34378666915053e-05,4.011432009962463e-06,0.0003012681038186142,0.034839896637542674
2,0.2,100,40,tis,300,0.00018038961457431097,2.456004726857047e-05,0.0011198826311931602,0.144683797915062
2,0.2,100,40,tis_no_cov,300,0.00018038961457431097,2.456004726857047e-05,0.0011198826311931602,0.144683797915062
2,0.2,100,40,uniform,300,0.00124678517687385,0.00010142783373645087,0.00411178571981708,1.0
2,0.2,100,41,learned_mean,300,0.0012656877787340442,0.00014366315027321226,-0.0015982438589912454,0.40318809145403717
2,0.2,100,41,learned_occupancy,300,0.0003081291113073836,3.625813015683798e-05,-0.0006771284693120812,0.0981553195004481
2,0.2,100,41,oracle_no_cov,300,0.00010030415551327207,7.597175545366995e-06,-0.00020877887580262878,0.03195214626055338
2,0.2,100,41,oracle_tail,300,0.00010030415551327207,7.597175545366995e-06,-0.00020877887580262878,0.03195214626055338
2,0.2,100,41,tis,300,0.001609965571217281,0.00023469438053227247,-0.002411998646129955,0.5128586661515059
2,0.2,100,41,tis_no_cov,300,0.001609965571217281,0.00023469438053227247,-0.002411998646129955,0.5128586661515059
2,0.2,100,41,uniform,300,0.0031391993105985144,0.0002385957814008314,0.0058251060898195945,1.0
2,0.2,100,42,learned_mean,300,0.00020582027983703273,6.28316068661023e-05,-0.0009115462893408018,0.4434197429294041
2,0.2,100,42,learned_occupancy,300,8.120451032507826e-05,8.750345949894002e-06,0.0001709186349042128,0.17494720695922197
2,0.2,100,42,oracle_no_cov,300,1.936540162929531e-05,1.6064604628101296e-06,1.2647848468669842e-05,0.04172087133000658
2,0.2,100,42,oracle_tail,300,1.936540162929531e-05,1.6064604628101296e-06,1.2647848468669842e-05,0.04172087133000658
2,0.2,100,42,tis,300,0.00025101345930823274,6.759415896404649e-05,-0.0007303889798647845,0.5407840456072021
2,0.2,100,42,tis_no_cov,300,0.00025101345930823274,6.759415896404649e-05,-0.0007303889798647845,0.5407840456072021
2,0.2,100,42,uniform,300,0.0004641658002805728,5.074552033991936e-05,0.0017948989444102443,1.0
2,0.2,100,43,learned_mean,300,2.758801945090139e-05,2.810972946461027e-06,3.37009122545856e-05,0.04937327531576018
2,0.2,100,43,learned_occupancy,300,2.789077451824782e-05,2.3734552767009526e-06,0.00046270932209504714,0.04991510505166928
2,0.2,100,43,oracle_no_cov,300,7.821136239751145e-06,6.530362878906395e-07,-5.702475595944593e-05,0.013997203153149354
2,0.2,100,43,oracle_tail,300,7.821136239751145e-06,6.530362878906395e-07,-5.702475595944593e-05,0.013997203153149354
2,0.2,100,43,tis,300,0.00010504977427381214,2.619482892178223e-05,-0.00011392405264940785,0.18800376142658998
2,0.2,100,43,tis_no_cov,300,0.00010504977427381214,2.619482892178223e-05,-0.00011392405264940785,0.18800376142658998
2,0.2,100,43,uniform,300,0.0005587642155491184,5.20266876866396e-05,0.0009192798974817158,1.0
2,0.2,100,44,learned_mean,300,0.0,0.0,0.0,0.0
2,0.2,100,44,learned_occupancy,300,0.0,0.0,0.0,0.0
2,0.2,100,44,oracle_no_cov,300,0.0,0.0,0.0,0.0
2,0.2,100,44,oracle_tail,300,0.0,0.0,0.0,0.0
2,0.2,100,44,tis,300,9.595003481264439e-07,9.578998460144904e-07,5.655381944444436e-05,959500348.1264439
2,0.2,100,44,tis_no_cov,300,9.595003481264439e-07,9.578998460144904e-07,5.655381944444436e-05,959500348.1264439
2,0.2,100,44,uniform,300,0.0,0.0,0.0,0.0
2,0.2,100,45,learned_mean,300,0.0002696250517002232,2.2116126739221802e-05,-0.0013858294530931714,0.024445339482871805
2,0.2,100,45,learned_occupancy,300,0.0004169653307712769,3.530408779931604e-05,-0.0010272924093841815,0.03780382794186538
2,0.2,100,45,oracle_no_cov,300,0.00019072617597362418,1.6137665694461538e-05,-0.0010612264188653167,0.01729203607211151
2,0.2,100,45,oracle_tail,300,0.00019072617597362418,1.6137665694461538e-05,-0.0010612264188653167,0.01729203607211151
2,0.2,100,45,tis,300,0.0013999676308604633,0.0003564887516416985,0.003275833697629708,0.12692694460552403
2,0.2,100,45,tis_no_cov,300,0.0013999676308604633,0.0003564887516416985,0.003275833697629708,0.12692694460552403
2,0.2,100,45,uniform,300,0.011029711896173185,0.0008471998974352282,0.007514630307206309,1.0
2,0.2,100,46,learned_mean,300,0.0022267975404654966,0.0003885937927798793,-0.001288996841043625,1.0934551348438375
2,0.2,100,46,learned_occupancy,300,0.00012717392851972222,1.2601167133817159e-05,0.00025488239061228915,0.062447969620571836
2,0.2,100,46,oracle_no_cov,300,5.303125429642863e-05,3.903369254133203e-06,-7.427796365701234e-05,0.026040668836699615
2,0.2,100,46,oracle_tail,300,5.303125429642863e-05,3.903369254133203e-06,-7.427796365701234e-05,0.026040668836699615
2,0.2,100,46,tis,300,0.0024777114522862957,0.00040616015020741674,-0.0015245978824913586,1.2166648565623432
2,0.2,100,46,tis_no_cov,300,0.0024777114522862957,0.00040616015020741674,-0.0015245978824913586,1.2166648565623432
2,0.2,100,46,uniform,300,0.002036478196047356,0.000144375369661637,0.00405554250116673,1.0
2,0.2,100,47,learned_mean,300,0.0202210035278082,0.0033532667828845147,0.014853601455725132,2.253504224786702
2,0.2,100,47,learned_occupancy,300,0.00029612022767757593,2.2871849232408067e-05,0.001596913774015707,0.033000745150878696
2,0.2,100,47,oracle_no_cov,300,0.0001419384778159741,1.0981669087216293e-05,0.0005083181333127665,0.015818154572705398
2,0.2,100,47,oracle_tail,300,0.0001419384778159741,1.0981669087216293e-05,0.0005083181333127665,0.015818154572705398
2,0.2,100,47,tis,300,0.008025563075009479,0.002148534532127839,0.0012132666205966992,0.8943987508312531
2,0.2,100,47,tis_no_cov,300,0.008025563075009479,0.002148534532127839,0.0012132666205966992,0.8943987508312531
2,0.2,100,47,uniform,300,0.00897313761624838,0.0008558156843947049,0.0026389443406455043,1.0
2,0.2,100,48,learned_mean,300,0.022199490025597193,0.00312612006911432,0.008881325543624013,2.724424875289554
2,0.2,100,48,learned_occupancy,300,0.00031345304308351185,2.388656295504625e-05,-0.0016715719873673914,0.038468418275701126
2,0.2,100,48,oracle_no_cov,300,0.0002137940925165275,1.8061923619125987e-05,-0.0008183485594401045,0.026237807407754395
2,0.2,100,48,oracle_tail,300,0.0002137940925165275,1.8061923619125987e-05,-0.0008183485594401045,0.026237807407754395
2,0.2,100,48,tis,300,0.02270101482983667,0.003119482771181971,0.008093495327340596,2.785974336591109
2,0.2,100,48,tis_no_cov,300,0.02270101482983667,0.003119482771181971,0.008093495327340596,2.785974336591109
2,0.2,100,48,uniform,300,0.008148321587776508,0.0006016131580438768,0.004245540398128352,1.0
2,0.2,100,49,learned_mean,300,0.0005155218312484873,7.303282587860688e-05,0.0023832395481382437,0.6252194321100764
2,0.2,100,49,learned_occupancy,300,9.257664551331485e-05,7.725941584770622e-06,0.0009912843812534145,0.1122759779043992
2,0.2,100,49,oracle_no_cov,300,3.629901010278891e-05,3.323092350831288e-06,-0.0002702283600469143,0.04402305607050895
2,0.2,100,49,oracle_tail,300,3.629901010278891e-05,3.323092350831288e-06,-0.0002702283600469143,0.04402305607050895
2,0.2,100,49,tis,300,0.0009420037384058775,0.00012726391138792356,0.0021282852833973175,1.1424521847025464
2,0.2,100,49,tis_no_cov,300,0.0009420037384058775,0.00012726391138792356,0.0021282852833973175,1.1424521847025464
2,0.2,100,49,uniform,300,0.000824545439204654,6.86588751520492e-05,-0.00038108600771395035,1.0
2,0.2,200,0,learned_mean,300,1.0941696080495257e-06,9.919130557868272e-08,5.672779237948437e-05,0.04291640696469017
2,0.2,200,0,learned_occupancy,300,1.0802971546753179e-06,7.629094068214606e-08,6.405434945674582e-05,0.0423722903576977
2,0.2,200,0,oracle_no_cov,300,7.678269001959875e-07,5.804561943184318e-08,1.5025632965490384e-05,0.03011632884410733
2,0.2,200,0,oracle_tail,300,7.678269001959875e-07,5.804561943184318e-08,1.5025632965490384e-05,0.03011632884410733
2,0.2,200,0,tis,300,4.5765054149136895e-05,1.3028423060772581e-05,0.00040795397336376607,1.7950340369319975
2,0.2,200,0,tis_no_cov,300,4.5765054149136895e-05,1.3028423060772581e-05,0.00040795397336376607,1.7950340369319975
2,0.2,200,0,uniform,300,2.5495368448476192e-05,2.117499244207087e-06,-0.0002108803160615728,1.0
2,0.2,200,1,learned_mean,300,0.0,0.0,0.0,0.0
2,0.2,200,1,learned_occupancy,300,0.0,0.0,0.0,0.0
2,0.2,200,1,oracle_no_cov,300,0.0,0.0,0.0,0.0
2,0.2,200,1,oracle_tail,300,0.0,0.0,0.0,0.0
2,0.2,200,1,tis,300,0.0,0.0,0.0,0.0
2,0.2,200,1,tis_no_cov,300,0.0,0.0,0.0,0.0
2,0.2,200,1,uniform,300,0.0,0.0,0.0,0.0
2,0.2,200,2,learned_mean,300,0.0002606279479702651,4.6824349158198737e-05,0.0020411445745656446,0.20100785315645903
2,0.2,200,2,learned_occupancy,300,4.958877785763989e-05,3.9812581834642985e-06,0.0006216893814564443,0.03824506870979915
2,0.2,200,2,oracle_no_cov,300,2.6103234787672405e-05,2.1111600755515518e-06,0.0002981371880544718,0.020131974433178018
2,0.2,200,2,oracle_tail,300,2.6103234787672405e-05,2.1111600755515518e-06,0.0002981371880544718,0.020131974433178018
2,0.2,200,2,tis,300,0.0002591586100862662,4.634254257770888e-05,0.00228528333893984,0.19987463449773799
2,0.2,200,2,tis_no_cov,300,0.0002591586100862662,4.634254257770888e-05,0.00228528333893984,0.19987463449773799
2,0.2,200,2,uniform,300,0.0012966057986172283,0.00010244913193210072,0.0018978620508231388,1.0
2,0.2,200,3,learned_mean,300,0.00041747098988717107,7.985346854319919e-05,-0.00025101060277701686,1.4457508934273486
2,0.2,200,3,learned_occupancy,300,3.150172041806332e-05,2.5471185866464704e-06,-1.6535661619316855e-05,0.10909414436491162
2,0.2,200,3,oracle_no_cov,300,1.0727677945119482e-05,8.573447479213359e-07,-5.315279560726971e-06,0.03715120415372835
2,0.2,200,3,oracle_tail,300,1.0727677945119482e-05,8.573447479213359e-07,-5.315279560726971e-06,0.03715120415372835
2,0.2,200,3,tis,300,0.0004911266663164073,8.146135338814126e-05,0.00010900232305639968,1.7008291206170851
2,0.2,200,3,tis_no_cov,300,0.0004911266663164073,8.146135338814126e-05,0.00010900232305639968,1.7008291206170851
2,0.2,200,3,uniform,300,0.00028875720691930504,2.099452424435455e-05,-0.002657708720957903,1.0
2,0.2,200,4,learned_mean,300,0.0,0.0,0.0,0.0
2,0.2,200,4,learned_occupancy,300,0.0,0.0,0.0,0.0
2,0.2,200,4,oracle_no_cov,300,0.0,0.0,0.0,0.0
2,0.2,200,4,oracle_tail,300,0.0,0.0,0.0,0.0
2,0.2,200,4,tis,300,0.0,0.0,0.0,0.0
2,0.2,200,4,tis_no_cov,300,0.0,0.0,0.0,0.0
2,0.2,200,4,uniform,300,0.0,0.0,0.0,0.0
2,0.2,200,5,learned_mean,300,2.266419861782894e-09,2.2626393422839275e-09,2.7485874322294434e-06,0.00012952647307220704
2,0.2,200,5,learned_occupancy,300,0.0,0.0,0.0,0.0
2,0.2,200,5,oracle_no_cov,300,1.7497734694894642e-05,4.785587021037545e-06,0.001151682870370374,1.0
2,0.2,200,5,oracle_tail,300,1.7497734694894642e-05,4.785587021037545e-06,0.001151682870370374,1.0
2,0.2,200,5,tis,300,2.4415827988824563e-05,9.938330195481882e-06,0.0010910384142063722,1.3953707959664305
2,0.2,200,5,tis_no_cov,300,2.4415827988824563e-05,9.938330195481882e-06,0.0010910384142063722,1.3953707959664305
2,0.2,200,5,uniform,300,1.7497734694894642e-05,4.785587021037545e-06,0.001151682870370374,1.0
2,0.2,200,6,learned_mean,300,0.0005953216415795156,9.299128387375533e-05,0.002037356249512068,0.11313184783926065
2,0.2,200,6,learned_occupancy,300,0.0001384897597925167,1.1511865015174112e-05,-0.0005700137285138888,0.026317878165109637
2,0.2,200,6,oracle_no_cov,300,8.03722129390813e-05,6.550230944653297e-06,-0.00036800737249125323,0.015273519942268584
2,0.2,200,6,oracle_tail,300,8.03722129390813e-05,6.550230944653297e-06,-0.00036800737249125323,0.015273519942268584
2,0.2,200,6,tis,300,0.0013526567097249672,0.0002597460807636938,0.0019099649682643202,0.2570518898949188
2,0.2,200,6,tis_no_cov,300,0.0013526567097249672,0.0002597460807636938,0.0019099649682643202,0.2570518898949188
2,0.2,200,6,uniform,300,0.00526219321039781,0.00046510950293478606,-0.0064098084726077215,1.0
2,0.2,200,7,learned_mean,300,0.00015817537310487296,1.151267516901967e-05,0.0006163055546169073,0.02290174525911385
2,0.2,200,7,learned_occupancy,300,0.00026485699448427667,1.9750012280083735e-05,0.000398252080557549,0.03834786224118322
2,0.2,200,7,oracle_no_cov,300,0.00010802077846135382,7.988709879436914e-06,0.00024963022284549,0.015640009582104056
2,0.2,200,7,oracle_tail,300,0.00010802077846135382,7.988709879436914e-06,0.00024963022284549,0.015640009582104056
2,0.2,200,7,tis,300,0.0006662922226421219,0.00015911558558043504,0.0022813485511395644,0.09647048368876932
2,0.2,200,7,tis_no_cov,300,0.0006662922226421219,0.00015911558558043504,0.0022813485511395644,0.09647048368876932
2,0.2,200,7,uniform,300,0.006906695158611389,0.0005254692192406265,0.004268929968879331,1.0
2,0.2,200,8,learned_mean,300,0.0,0.0,0.0,0.0
2,0.2,200,8,learned_occupancy,300,0.0,0.0,0.0,0.0
2,0.2,200,8,oracle_no_cov,300,0.0,0.0,0.0,0.0
2,0.2,200,8,oracle_tail,300,0.0,0.0,0.0,0.0
2,0.2,200,8,tis,300,1.1882118908046235e-07,1.1862298846027555e-07,1.9901523315269307e-05,118821189.08046234
2,0.2,200,8,tis_no_cov,300,1.1882118908046235e-07,1.1862298846027555e-07,1.9901523315269307e-05,118821189.08046234
2,0.2,200,8,uniform,300,0.0,0.0,0.0,0.0
2,0.2,200,9,learned_mean,300,1.5523181693977392e-05,1.655786646561355e-06,0.00016448845711588666,0.028843697351010337
2,0.2,200,9,learned_occupancy,300,1.642266450398537e-05,1.3204851666812458e-06,4.348681726513019e-05,0.030515030616044023
2,0.2,200,9,oracle_no_cov,300,5.95916288871021e-06,5.090083875900771e-07,-8.026878502364202e-05,0.011072748758330685
2,0.2,200,9,oracle_tail,300,5.95916288871021e-06,5.090083875900771e-07,-8.026878502364202e-05,0.011072748758330685
2,0.2,200,9,tis,300,7.36466169323146e-05,2.226867608698143e-05,0.0009869897715741108,0.13684312736902562
2,0.2,200,9,tis_no_cov,300,7.36466169323146e-05,2.226867608698143e-05,0.0009869897715741108,0.13684312736902562
2,0.2,200,9,uniform,300,0.0005381827962299586,4.752564110451255e-05,0.0029922330327622985,1.0
2,0.2,200,10,learned_mean,300,2.24896635802788e-05,2.869373204636798e-06,-0.0002555575070547925,0.05466509560079159
2,0.2,200,10,learned_occupancy,300,1.947999353564142e-05,1.6892569133903146e-06,-0.0006591342961969908,0.04734956150533219
2,0.2,200,10,oracle_no_cov,300,8.769189072004855e-06,6.413307030542719e-07,-0.0002141650684577756,0.021315061350358343
2,0.2,200,10,oracle_tail,300,8.769189072004855e-06,6.413307030542719e-07,-0.0002141650684577756,0.021315061350358343
2,0.2,200,10,tis,300,0.0001369413855486467,2.1905595664160372e-05,0.0005424234434066034,0.3328602006873075
2,0.2,200,10,tis_no_cov,300,0.0001369413855486467,2.1905595664160372e-05,0.0005424234434066034,0.3328602006873075
2,0.2,200,10,uniform,300,0.00041140810846680627,3.279144346865322e-05,0.0006432474304326686,1.0
2,0.2,200,11,learned_mean,300,0.0,0.0,0.0,0.0
2,0.2,200,11,learned_occupancy,300,0.0,0.0,0.0,0.0
2,0.2,200,11,oracle_no_cov,300,0.0,0.0,0.0,0.0
2,0.2,200,11,oracle_tail,300,0.0,0.0,0.0,0.0
2,0.2,200,11,tis,300,0.0,0.0,0.0,0.0
2,0.2,200,11,tis_no_cov,300,0.0,0.0,0.0,0.0
2,0.2,200,11,uniform,300,0.0,0.0,0.0,0.0
2,0.2,200,12,learned_mean,300,6.468835469925008e-05,5.309595117228242e-06,-8.519386506915897e-05,0.07194813620229396
2,0.2,200,12,learned_occupancy,300,6.650946288776562e-05,5.082230459219104e-06,-0.00018168253535703506,0.07397362194227905
2,0.2,200,12,oracle_no_cov,300,2.633227855247373e-05,2.144454634547384e-06,4.2420036580677056e-05,0.029287471796404913
2,0.2,200,12,oracle_tail,300,2.633227855247373e-05,2.144454634547384e-06,4.2420036580677056e-05,0.029287471796404913
2,0.2,200,12,tis,300,9.968725244697448e-05,1.1728989777630012e-05,-0.00023990503811289235,0.11087485607004514
2,0.2,200,12,tis_no_cov,300,9.968725244697448e-05,1.1728989777630012e-05,-0.00023990503811289235,0.11087485607004514
2,0.2,200,12,uniform,300,0.0008990970178486374,7.686470414450524e-05,0.002440929536230345,1.0
2,0.2,200,13,learned_mean,300,0.0,0.0,0.0,0.0
2,0.2,200,13,learned_occupancy,300,0.0,0.0,0.0,0.0
2,0.2,200,13,oracle_no_cov,300,0.0,0.0,0.0,0.0
2,0.2,200,13,oracle_tail,300,0.0,0.0,0.0,0.0
2,0.2,200,13,tis,300,0.0,0.0,0.0,0.0
2,0.2,200,13,tis_no_cov,300,0.0,0.0,0.0,0.0
2,0.2,200,13,uniform,300,0.0,0.0,0.0,0.0
2,0.2,200,14,learned_mean,300,1.723959143667329e-05,2.054828454529099e-06,-5.936279823475739e-05,0.03671162578061227
2,0.2,200,14,learned_occupancy,300,1.9823552370173462e-05,1.7543785209716964e-06,2.7088743087565112e-05,0.04221415797059119
2,0.2,200,14,oracle_no_cov,300,9.644581255852016e-06,7.678890038002557e-07,-4.173141141688097e-05,0.020538088688247413
2,0.2,200,14,oracle_tail,300,9.644581255852016e-06,7.678890038002557e-07,-4.173141141688097e-05,0.020538088688247413
2,0.2,200,14,tis,300,0.0001783888297037151,4.1624604896869695e-05,0.0020930020519423853,0.379878141751827
2,0.2,200,14,tis_no_cov,300,0.0001783888297037151,4.1624604896869695e-05,0.0020930020519423853,0.379878141751827
2,0.2,200,14,uniform,300,0.00046959487819190157,6.031824624394645e-05,0.00616812736972846,1.0
2,0.2,200,15,learned_mean,300,0.0,0.0,0.0,0.0
2,0.2,200,15,learned_occupancy,300,0.0,0.0,0.0,0.0
2,0.2,200,15,oracle_no_cov,300,8.356623910751058e-05,1.6887079814737616e-05,0.003676564814814825,1.0
2,0.2,200,15,oracle_tail,300,8.356623910751058e-05,1.6887079814737616e-05,0.003676564814814825,1.0
2,0.2,200,15,tis,300,5.779693623852694e-05,1.2866547982999912e-05,0.0025029423702614463,0.691630218803665
2,0.2,200,15,tis_no_cov,300,5.779693623852694e-05,1.2866547982999912e-05,0.0025029423702614463,0.691630218803665
2,0.2,200,15,uniform,300,8.356623910751058e-05,1.6887079814737616e-05,0.003676564814814825,1.0
2,0.2,200,16,learned_mean,300,0.003273090884273261,0.000641103951739438,0.0011396035996258892,0.4469980102535705
2,0.2,200,16,learned_occupancy,300,0.0002921444926916815,2.3080468230151452e-05,0.0001525662058307035,0.03989745826099034
2,0.2,200,16,oracle_no_cov,300,0.00017164268242432005,1.2872913567830558e-05,-0.0011418730922253748,0.02344082099489025
2,0.2,200,16,oracle_tail,300,0.00017164268242432005,1.2872913567830558e-05,-0.0011418730922253748,0.02344082099489025
2,0.2,200,16,tis,300,0.0037586590132909444,0.0006502159253475071,0.001564837088619174,0.5133108610687857
2,0.2,200,16,tis_no_cov,300,0.0037586590132909444,0.0006502159253475071,0.001564837088619174,0.5133108610687857
2,0.2,200,16,uniform,300,0.0073223835659056305,0.0005676913873837167,-0.004520114821042975,1.0
2,0.2,200,17,learned_mean,300,0.0016777288527251347,0.0007214886449232342,-0.0010551320065019666,1.2420695394129044
2,0.2,200,17,learned_occupancy,300,3.743896327776834e-05,3.070953044004503e-06,-0.00015395261012741615,0.027717110425192665
2,0.2,200,17,oracle_no_cov,300,2.7392508920141873e-05,2.192561516110257e-06,-0.00018345947798815117,0.02027943960225771
2,0.2,200,17,oracle_tail,300,2.7392508920141873e-05,2.192561516110257e-06,-0.00018345947798815117,0.02027943960225771
2,0.2,200,17,tis,300,0.0018024532542769251,0.0007221450446694256,-0.0006549990991587566,1.334406498235155
2,0.2,200,17,tis_no_cov,300,0.0018024532542769251,0.0007221450446694256,-0.0006549990991587566,1.334406498235155
2,0.2,200,17,uniform,300,0.0013507527553716162,0.00011430884571020268,0.0011858450993865726,1.0
2,0.2,200,18,learned_mean,300,0.00013040410705286503,3.0314113639592895e-05,-0.0002456498162827218,0.06176017930620508
2,0.2,200,18,learned_occupancy,300,6.150766557494576e-05,5.036222833880289e-06,0.0006186117019437084,0.029130405019182164
2,0.2,200,18,oracle_no_cov,300,3.064665684900389e-05,2.318488216734269e-06,-0.00010308368648986359,0.014514443332393755
2,0.2,200,18,oracle_tail,300,3.064665684900389e-05,2.318488216734269e-06,-0.00010308368648986359,0.014514443332393755
2,0.2,200,18,tis,300,0.0002484512051203006,4.9627044035405846e-05,-0.0005071460451233885,0.11766800389846602
2,0.2,200,18,tis_no_cov,300,0.0002484512051203006,4.9627044035405846e-05,-0.0005071460451233885,0.11766800389846602
2,0.2,200,18,uniform,300,0.002111459333793794,0.00017678187838520736,-0.003332337738514507,1.0
2,0.2,200,19,learned_mean,300,0.00015122731602486804,1.3509390637861607e-05,-0.000101064808847246,0.0314632943162001
2,0.2,200,19,learned_occupancy,300,0.00018636096729129852,1.4956103225967855e-05,-0.00024616471289843565,0.038772955290522104
2,0.2,200,19,oracle_no_cov,300,8.804836322902874e-05,7.1520053015364894e-06,-0.0006428466724480772,0.018318724679865846
2,0.2,200,19,oracle_tail,300,8.804836322902874e-05,7.1520053015364894e-06,-0.0006428466724480772,0.018318724679865846
2,0.2,200,19,tis,300,0.000275702024309468,3.6756426996196734e-05,0.002545572189828139,0.05736062877023156
2,0.2,200,19,tis_no_cov,300,0.000275702024309468,3.6756426996196734e-05,0.002545572189828139,0.05736062877023156
2,0.2,200,19,uniform,300,0.004806467959300841,0.0003926697330361786,0.012451122851114165,1.0
2,0.2,200,20,learned_mean,300,8.29603069276351e-05,7.086622284061644e-06,0.001044891160084439,0.037082289797586716
2,0.2,200,20,learned_occupancy,300,9.677732025351578e-05,7.576131321226975e-06,0.0011584208527602253,0.043258333634241676
2,0.2,200,20,oracle_no_cov,300,4.234526160932353e-05,3.6833648412788966e-06,0.0004667998840728227,0.018927838151819632
2,0.2,200,20,oracle_tail,300,4.234526160932353e-05,3.6833648412788966e-06,0.0004667998840728227,0.018927838151819632
2,0.2,200,20,tis,300,9.808296605589805e-05,7.529456840770918e-06,0.0009412113007969824,0.04384194208278774
2,0.2,200,20,tis_no_cov,300,9.808296605589805e-05,7.529456840770918e-06,0.0009412113007969824,0.04384194208278774
2,0.2,200,20,uniform,300,0.0022371948275166677,0.0001731019062417929,0.008252481008384206,1.0
2,0.2,200,21,learned_mean,300,1.186761315519714e-05,1.0145658913189647e-06,0.00011145873811776507,0.025639642369182918
2,0.2,200,21,learned_occupancy,300,1.3889879193943758e-05,1.0717516906382397e-06,0.00016178269872597055,0.03000869091590783
2,0.2,200,21,oracle_no_cov,300,4.71567549199203e-06,4.496507359816173e-07,0.00010322277761444047,0.010188083447162875
2,0.2,200,21,oracle_tail,300,4.71567549199203e-06,4.496507359816173e-07,0.00010322277761444047,0.010188083447162875
2,0.2,200,21,tis,300,2.6701633645675525e-05,7.713816019096997e-06,6.99538267845414e-05,0.05768812383712129
2,0.2,200,21,tis_no_cov,300,2.6701633645675525e-05,7.713816019096997e-06,6.99538267845414e-05,0.05768812383712129
2,0.2,200,21,uniform,300,0.00046286188334129,4.113864864627748e-05,0.0016164669568248247,1.0
2,0.2,200,22,learned_mean,300,0.0,0.0,0.0,0.0
2,0.2,200,22,learned_occupancy,300,0.0,0.0,0.0,0.0
2,0.2,200,22,oracle_no_cov,300,0.0,0.0,0.0,0.0
2,0.2,200,22,oracle_tail,300,0.0,0.0,0.0,0.0
2,0.2,200,22,tis,300,0.0,0.0,0.0,0.0
2,0.2,200,22,tis_no_cov,300,0.0,0.0,0.0,0.0
2,0.2,200,22,uniform,300,0.0,0.0,0.0,0.0
2,0.2,200,23,learned_mean,300,1.0138395873468668e-05,8.507315012150915e-07,-0.0003591641365844846,0.023796923380184923
2,0.2,200,23,learned_occupancy,300,1.050781440063271e-05,7.938774078856738e-07,-0.0004396933940731701,0.024664025483501762
2,0.2,200,23,oracle_no_cov,300,4.579219953879663e-06,4.077575079233792e-07,-0.00017630164506972468,0.010748381474100567
2,0.2,200,23,oracle_tail,300,4.579219953879663e-06,4.077575079233792e-07,-0.00017630164506972468,0.010748381474100567
2,0.2,200,23,tis,300,4.938055248188746e-05,2.664833745812425e-05,-6.67403602390217e-05,0.11590642529138442
2,0.2,200,23,tis_no_cov,300,4.938055248188746e-05,2.664833745812425e-05,-6.67403602390217e-05,0.11590642529138442
2,0.2,200,23,uniform,300,0.00042603809372730283,3.669314924325655e-05,0.00025464500593481304,1.0
2,0.2,200,24,learned_mean,300,0.0,0.0,0.0,0.0
2,0.2,200,24,learned_occupancy,300,0.0,0.0,0.0,0.0
2,0.2,200,24,oracle_no_cov,300,0.0,0.0,0.0,0.0
2,0.2,200,24,oracle_tail,300,0.0,0.0,0.0,0.0
2,0.2,200,24,tis,300,0.0,0.0,0.0,0.0
2,0.2,200,24,tis_no_cov,300,0.0,0.0,0.0,0.0
2,0.2,200,24,uniform,300,0.0,0.0,0.0,0.0
2,0.2,200,25,learned_mean,300,7.853018247287185e-05,6.779743454560467e-05,0.0006643428246274396,0.7132614656375146
2,0.2,200,25,learned_occupancy,300,4.615352261779508e-06,3.982558895585764e-07,1.2994072785759148e-05,0.04191958830361142
2,0.2,200,25,oracle_no_cov,300,2.293583322034234e-06,1.81860043939398e-07,7.855212206913913e-05,0.020831794226392194
2,0.2,200,25,oracle_tail,300,2.293583322034234e-06,1.81860043939398e-07,7.855212206913913e-05,0.020831794226392194
2,0.2,200,25,tis,300,0.00010316113993152802,6.798500026782783e-05,0.00046278066863227,0.9369756130366413
2,0.2,200,25,tis_no_cov,300,0.00010316113993152802,6.798500026782783e-05,0.00046278066863227,0.9369756130366413
2,0.2,200,25,uniform,300,0.00011010013333985652,1.0900333201156539e-05,-0.0006939307260883802,1.0
2,0.2,200,26,learned_mean,300,1.8208350356404474e-05,8.452274721046223e-06,0.0006803177050987823,0.4572771969755323
2,0.2,200,26,learned_occupancy,300,1.281990709225327e-06,9.846360220456755e-08,8.764416902713309e-05,0.03219539972532644
2,0.2,200,26,oracle_no_cov,300,1.0827743089731064e-06,7.801490151851515e-08,-2.118823541375603e-05,0.027192359070034495
2,0.2,200,26,oracle_tail,300,1.0827743089731064e-06,7.801490151851515e-08,-2.118823541375603e-05,0.027192359070034495
2,0.2,200,26,tis,300,1.923043583368709e-05,8.47023605462512e-06,0.0007911858096665695,0.48294544110379856
2,0.2,200,26,tis_no_cov,300,1.923043583368709e-05,8.47023605462512e-06,0.0007911858096665695,0.48294544110379856
2,0.2,200,26,uniform,300,3.981906484039867e-05,3.6886036412520636e-06,9.411025405620185e-05,1.0
2,0.2,200,27,learned_mean,300,1.4853947423193372e-05,1.909333891597992e-06,-0.00029392568087091456,0.03563784582719868
2,0.2,200,27,learned_occupancy,300,1.659309279600477e-05,2.140755143781803e-06,-1.794517321944152e-05,0.039810433281666315
2,0.2,200,27,oracle_no_cov,300,7.087547990067134e-06,6.458863093417776e-07,-0.00010035667910244794,0.017004566891659464
2,0.2,200,27,oracle_tail,300,7.087547990067134e-06,6.458863093417776e-07,-0.00010035667910244794,0.017004566891659464
2,0.2,200,27,tis,300,7.809639360329936e-05,1.8416109170505214e-05,-0.0005253358138164037,0.18737020911686147
2,0.2,200,27,tis_no_cov,300,7.809639360329936e-05,1.8416109170505214e-05,-0.0005253358138164037,0.18737020911686147
2,0.2,200,27,uniform,300,0.00041680261750997563,3.3391850096960124e-05,-0.0025681992584119617,1.0
2,0.2,200,28,learned_mean,300,1.3601222854227387e-05,1.4074189045496742e-06,-0.00025212717743592,0.037975786547205244
2,0.2,200,28,learned_occupancy,300,1.5345711608218612e-05,1.2102628915828671e-06,-0.00018492822730668232,0.042846549512094115
2,0.2,200,28,oracle_no_cov,300,7.0604763395345585e-06,5.800377289362928e-07,-0.00012262815373201933,0.01971345850777094
2,0.2,200,28,oracle_tail,300,7.0604763395345585e-06,5.800377289362928e-07,-0.00012262815373201933,0.01971345850777094
2,0.2,200,28,tis,300,5.7619224436471156e-05,1.332835829238291e-05,-0.0006860179650327462,0.16087784103433378
2,0.2,200,28,tis_no_cov,300,5.7619224436471156e-05,1.332835829238291e-05,-0.0006860179650327462,0.16087784103433378
2,0.2,200,28,uniform,300,0.0003581551322793693,2.7263421173683365e-05,0.0009393122371107502,1.0
2,0.2,200,29,learned_mean,300,2.0336618208278077e-05,1.7580351673031935e-06,0.00048706882947293197,0.04917411930272885
2,0.2,200,29,learned_occupancy,300,1.9604812577000997e-05,1.5267946857486806e-06,0.00035643787806531444,0.047404606935909685
2,0.2,200,29,oracle_no_cov,300,9.642064379208263e-06,7.493548296158704e-07,6.074747084782959e-05,0.02331459533988691
2,0.2,200,29,oracle_tail,300,9.642064379208263e-06,7.493548296158704e-07,6.074747084782959e-05,0.02331459533988691
2,0.2,200,29,tis,300,0.00024690185364295304,4.303977801042935e-05,0.005180081947473817,0.5970108246493692
2,0.2,200,29,tis_no_cov,300,0.00024690185364295304,4.303977801042935e-05,0.005180081947473817,0.5970108246493692
2,0.2,200,29,uniform,300,0.000413563445500274,5.072951897003833e-05,0.00904216805744846,1.0
2,0.2,200,30,learned_mean,300,2.6155350338809605e-06,2.8522498681275987e-07,0.0006179114990915198,0.010382426130944221
2,0.2,200,30,learned_occupancy,300,2.130528621078511e-06,2.3604189166203112e-07,0.00045123542794147617,0.00845718208384619
2,0.2,200,30,oracle_no_cov,300,0.003914314798680079,0.00045398731492288615,0.03744641016769606,15.537962108752756
2,0.2,200,30,oracle_tail,300,0.003914314798680079,0.00045398731492288615,0.03744641016769606,15.537962108752756
2,0.2,200,30,tis,300,0.0013433293549193785,0.0002950101478930732,0.013620219858402578,5.332376594583272
2,0.2,200,30,tis_no_cov,300,0.0013433293549193785,0.0002950101478930732,0.013620219858402578,5.332376594583272
2,0.2,200,30,uniform,300,0.0002519194455027722,3.162684962581759e-05,0.008066715173411215,1.0
2,0.2,200,31,learned_mean,300,8.272655354445163e-06,1.2084478131460523e-06,2.0046427508476998e-05,0.02951649451394761
2,0.2,200,31,learned_occupancy,300,9.999994212593155e-06,1.115734150440264e-06,-7.931095613901243e-05,0.035679568611172975
2,0.2,200,31,oracle_no_cov,300,4.306699124871374e-06,3.5426068015131124e-07,-3.695379051522377e-05,0.015366125584354719
2,0.2,200,31,oracle_tail,300,4.306699124871374e-06,3.5426068015131124e-07,-3.695379051522377e-05,0.015366125584354719
2,0.2,200,31,tis,300,4.001086881377677e-05,8.039736335180496e-06,0.00010578856697481302,0.14275713652274186
2,0.2,200,31,tis_no_cov,300,4.001086881377677e-05,8.039736335180496e-06,0.00010578856697481302,0.14275713652274186
2,0.2,200,31,uniform,300,0.00028027228472324295,2.4532516833952217e-05,-9.412839315780093e-05,1.0
2,0.2,200,32,learned_mean,300,3.090899195497373e-05,3.877279524478138e-06,0.0005076719171075343,0.05746928273124745
2,0.2,200,32,learned_occupancy,300,1.770496199478796e-05,1.2593203819320288e-06,0.00011084942059596925,0.032918946955846295
2,0.2,200,32,oracle_no_cov,300,8.555282873900394e-06,6.092701540902026e-07,0.0002577800156177227,0.01590689114165253
2,0.2,200,32,oracle_tail,300,8.555282873900394e-06,6.092701540902026e-07,0.0002577800156177227,0.01590689114165253
2,0.2,200,32,tis,300,0.00021752311131807345,3.713774215347487e-05,0.001965200826868383,0.40444208608062965
2,0.2,200,32,tis_no_cov,300,0.00021752311131807345,3.713774215347487e-05,0.001965200826868383,0.40444208608062965
2,0.2,200,32,uniform,300,0.000537835004823677,4.1836591982311665e-05,0.0025427524769532778,1.0
2,0.2,200,33,learned_mean,300,8.173926112657884e-05,7.312740310261406e-06,-9.591332308846771e-05,0.02791829381131841
2,0.2,200,33,learned_occupancy,300,8.803155217816396e-05,6.948070385256059e-06,-0.00017961894004714208,0.030067445001374385
2,0.2,200,33,oracle_no_cov,300,3.613032388507621e-05,2.743455148430524e-06,0.00025844309644689145,0.012340422262437834
2,0.2,200,33,oracle_tail,300,3.613032388507621e-05,2.743455148430524e-06,0.00025844309644689145,0.012340422262437834
2,0.2,200,33,tis,300,0.00015519638947251077,3.5930789786578446e-05,-0.0010158900384278817,0.053007799924196686
2,0.2,200,33,tis_no_cov,300,0.00015519638947251077,3.5930789786578446e-05,-0.0010158900384278817,0.053007799924196686
2,0.2,200,33,uniform,300,0.0029278028836218052,0.0003909488196343307,0.0103262828089481,1.0
2,0.2,200,34,learned_mean,300,0.0,0.0,0.0,0.0
2,0.2,200,34,learned_occupancy,300,0.0,0.0,0.0,0.0
2,0.2,200,34,oracle_no_cov,300,0.0,0.0,0.0,0.0
2,0.2,200,34,oracle_tail,300,0.0,0.0,0.0,0.0
2,0.2,200,34,tis,300,0.0,0.0,0.0,0.0
2,0.2,200,34,tis_no_cov,300,0.0,0.0,0.0,0.0
2,0.2,200,34,uniform,300,0.0,0.0,0.0,0.0
2,0.2,200,35,learned_mean,300,0.0,0.0,0.0,0.0
2,0.2,200,35,learned_occupancy,300,0.0,0.0,0.0,0.0
2,0.2,200,35,oracle_no_cov,300,0.0,0.0,0.0,0.0
2,0.2,200,35,oracle_tail,300,0.0,0.0,0.0,0.0
2,0.2,200,35,tis,300,0.0,0.0,0.0,0.0
2,0.2,200,35,tis_no_cov,300,0.0,0.0,0.0,0.0
2,0.2,200,35,uniform,300,0.0,0.0,0.0,0.0
2,0.2,200,36,learned_mean,300,0.00012292116344832438,0.00012258084253286223,-0.00028280469157101253,14.14290502331347
2,0.2,200,36,learned_occupancy,300,1.8195119166508677e-07,1.7817738930503237e-08,-1.4699653589728504e-05,0.02093470603766162
2,0.2,200,36,oracle_no_cov,300,1.352975539212269e-07,1.1699845005558385e-08,-6.867810816980994e-06,0.015566891829810688
2,0.2,200,36,oracle_tail,300,1.352975539212269e-07,1.1699845005558385e-08,-6.867810816980994e-06,0.015566891829810688
2,0.2,200,36,tis,300,1.0581973611833659e-05,3.565340996480194e-06,-0.0001583887295266765,1.2175271007281776
2,0.2,200,36,tis_no_cov,300,1.0581973611833659e-05,3.565340996480194e-06,-0.0001583887295266765,1.2175271007281776
2,0.2,200,36,uniform,300,8.691365970831204e-06,2.6857388738879928e-06,-0.00015295800285203647,1.0
2,0.2,200,37,learned_mean,300,0.0032784922721095316,0.001173934869024352,-0.00039673130466105544,3.0024348684294586
2,0.2,200,37,learned_occupancy,300,2.3308927239196734e-05,2.2079472540513287e-06,-0.00041182441522385593,0.02134625616903433
2,0.2,200,37,oracle_no_cov,300,1.3166369908704864e-05,1.5182142280906178e-06,-0.00015798819684119373,0.012057728011388512
2,0.2,200,37,oracle_tail,300,1.3166369908704864e-05,1.5182142280906178e-06,-0.00015798819684119373,0.012057728011388512
2,0.2,200,37,tis,300,0.0031474567292484137,0.000918479931887231,0.0019691911039319233,2.882432852186591
2,0.2,200,37,tis_no_cov,300,0.0031474567292484137,0.000918479931887231,0.0019691911039319233,2.882432852186591
2,0.2,200,37,uniform,300,0.0010919445102982287,0.00010205755245140463,-0.002716596229754069,1.0
2,0.2,200,38,learned_mean,300,0.0002454710422978131,0.00011636711579392872,0.0004532030830394503,0.08348408468624091
2,0.2,200,38,learned_occupancy,300,0.00011212974955807808,8.556556249474219e-06,-0.0001612901413847049,0.0381350460743816
2,0.2,200,38,oracle_no_cov,300,4.7197690599235745e-05,4.122865267847073e-06,-0.00023526605192923785,0.01605181597836356
2,0.2,200,38,oracle_tail,300,4.7197690599235745e-05,4.122865267847073e-06,-0.00023526605192923785,0.01605181597836356
2,0.2,200,38,tis,300,0.0001824399305508758,5.7630046305210665e-05,-0.0005241703033693964,0.06204736196044954
2,0.2,200,38,tis_no_cov,300,0.0001824399305508758,5.7630046305210665e-05,-0.0005241703033693964,0.06204736196044954
2,0.2,200,38,uniform,300,0.0029403333967230926,0.00023912699667742295,-0.0018752926839956151,1.0
2,0.2,200,39,learned_mean,300,9.533347495802596e-05,1.295033295386361e-05,0.001680504799790084,0.03250638016760656
2,0.2,200,39,learned_occupancy,300,9.370793214666333e-05,7.952968625263607e-06,0.0008009585511153197,0.03195210987977599
2,0.2,200,39,oracle_no_cov,300,5.629184586237383e-05,4.2785807637365415e-06,0.0009936925017306835,0.01919414080672387
2,0.2,200,39,oracle_tail,300,5.629184586237383e-05,4.2785807637365415e-06,0.0009936925017306835,0.01919414080672387
2,0.2,200,39,tis,300,0.0004448202460556648,5.991646533007727e-05,0.006403376205445405,0.1516728099012446
2,0.2,200,39,tis_no_cov,300,0.0004448202460556648,5.991646533007727e-05,0.006403376205445405,0.1516728099012446
2,0.2,200,39,uniform,300,0.002932761952160647,0.0002400435471584851,0.0095722659187316,1.0
2,0.2,200,40,learned_mean,300,4.8455298442749256e-05,5.680418974033831e-06,0.0007065994223930986,0.08169992799077166
2,0.2,200,40,learned_occupancy,300,4.575012411782656e-05,5.756906904700006e-06,0.0005533086025860194,0.07713876430689097
2,0.2,200,40,oracle_no_cov,300,1.994115273924917e-05,1.656450248745424e-06,0.00046403002555544935,0.03362255099459458
2,0.2,200,40,oracle_tail,300,1.994115273924917e-05,1.656450248745424e-06,0.00046403002555544935,0.03362255099459458
2,0.2,200,40,tis,300,5.918760086870905e-05,7.939043025588429e-06,0.0007669653810691031,0.09979554113433917
2,0.2,200,40,tis_no_cov,300,5.918760086870905e-05,7.939043025588429e-06,0.0007669653810691031,0.09979554113433917
2,0.2,200,40,uniform,300,0.000593088630974344,4.941756072464438e-05,0.0003721097938911511,1.0
2,0.2,200,41,learned_mean,300,0.0005258706283205078,6.077770742199799e-05,0.0030532842901937053,0.45242229010892704
2,0.2,200,41,learned_occupancy,300,0.00010896065512870121,1.0519904421324464e-05,0.0012607122213188398,0.0937421230056814
2,0.2,200,41,oracle_no_cov,300,4.7305786743672544e-05,3.6646813599109285e-06,0.000525114428306576,0.04069858862878464
2,0.2,200,41,oracle_tail,300,4.7305786743672544e-05,3.6646813599109285e-06,0.000525114428306576,0.04069858862878464
2,0.2,200,41,tis,300,0.0006485343808948575,7.080101025818956e-05,0.004122575140817085,0.5579535992643387
2,0.2,200,41,tis_no_cov,300,0.0006485343808948575,7.080101025818956e-05,0.004122575140817085,0.5579535992643387
2,0.2,200,41,uniform,300,0.0011623446497163016,0.00010538230605860636,0.003984844515745527,1.0
2,0.2,200,42,learned_mean,300,9.625958628481533e-05,2.9758338456171806e-05,-0.00024337740945985212,0.32090673845731943
2,0.2,200,42,learned_occupancy,300,3.412960906547892e-05,4.195554467573165e-06,-0.00014334782754890307,0.11378006028012519
2,0.2,200,42,oracle_no_cov,300,9.272372847056898e-06,7.504555367382489e-07,-0.00012776305659646382,0.030911902314903518
2,0.2,200,42,oracle_tail,300,9.272372847056898e-06,7.504555367382489e-07,-0.00012776305659646382,0.030911902314903518
2,0.2,200,42,tis,300,0.00010307873908735122,3.0657871155979454e-05,-0.00016274667615311453,0.3436401842299726
2,0.2,200,42,tis_no_cov,300,0.00010307873908735122,3.0657871155979454e-05,-0.00016274667615311453,0.3436401842299726
2,0.2,200,42,uniform,300,0.0002999612496376976,2.5879072198973543e-05,-0.0006465547592934598,1.0
2,0.2,200,43,learned_mean,300,8.919508450100074e-06,1.0389289318226908e-06,-0.00016255840126736402,0.03585384711013136
2,0.2,200,43,learned_occupancy,300,1.0382457105982983e-05,1.0016018929430045e-06,-0.0001489579251674583,0.041734478058735876
2,0.2,200,43,oracle_no_cov,300,3.4809867082531136e-06,2.9169443513747735e-07,-8.048010610507361e-05,0.013992560904934876
2,0.2,200,43,oracle_tail,300,3.4809867082531136e-06,2.9169443513747735e-07,-8.048010610507361e-05,0.013992560904934876
2,0.2,200,43,tis,300,1.9275641717445076e-05,5.7880447455907135e-06,-8.16703136473688e-05,0.07748251094253872
2,0.2,200,43,tis_no_cov,300,1.9275641717445076e-05,5.7880447455907135e-06,-8.16703136473688e-05,0.07748251094253872
2,0.2,200,43,uniform,300,0.0002487740973151987,2.1541388702185706e-05,0.00033949054562986433,1.0
2,0.2,200,44,learned_mean,300,0.0,0.0,0.0,0.0
2,0.2,200,44,learned_occupancy,300,0.0,0.0,0.0,0.0
2,0.2,200,44,oracle_no_cov,300,0.0,0.0,0.0,0.0
2,0.2,200,44,oracle_tail,300,0.0,0.0,0.0,0.0
2,0.2,200,44,tis,300,0.0,0.0,0.0,0.0
2,0.2,200,44,tis_no_cov,300,0.0,0.0,0.0,0.0
2,0.2,200,44,uniform,300,0.0,0.0,0.0,0.0
2,0.2,200,45,learned_mean,300,0.00010225308749191746,8.369838488893439e-06,-0.00026585457795571236,0.015825876039064317
2,0.2,200,45,learned_occupancy,300,0.00017666916689564752,1.3668914040141463e-05,-0.000886596825557389,0.027343373230038524
2,0.2,200,45,oracle_no_cov,300,7.73635036859135e-05,6.157599326975931e-06,-0.00036133756772656843,0.011973674823048647
2,0.2,200,45,oracle_tail,300,7.73635036859135e-05,6.157599326975931e-06,-0.00036133756772656843,0.011973674823048647
2,0.2,200,45,tis,300,0.00026409410198328443,3.3641991780293334e-05,0.0005115618030125272,0.04087427209438382
2,0.2,200,45,tis_no_cov,300,0.00026409410198328443,3.3641991780293334e-05,0.0005115618030125272,0.04087427209438382
2,0.2,200,45,uniform,300,0.00646113284594911,0.0005159712046595957,0.013934553918317431,1.0
2,0.2,200,46,learned_mean,300,0.0011944732892864589,0.00020462286258222354,-0.0018940089666800838,1.4024436304293564
2,0.2,200,46,learned_occupancy,300,5.250390611593294e-05,4.9466811279806975e-06,5.292576993570627e-05,0.0616453874401307
2,0.2,200,46,oracle_no_cov,300,2.4269157245329666e-05,2.0466156855242864e-06,-9.545781650938704e-05,0.02849467233790818
2,0.2,200,46,oracle_tail,300,2.4269157245329666e-05,2.0466156855242864e-06,-9.545781650938704e-05,0.02849467233790818
2,0.2,200,46,tis,300,0.001248481484780542,0.00020601552687080733,-0.001847266337359125,1.4658552198227928
2,0.2,200,46,tis_no_cov,300,0.001248481484780542,0.00020601552687080733,-0.001847266337359125,1.4658552198227928
2,0.2,200,46,uniform,300,0.0008517085916107533,7.788374016452751e-05,1.4720741907479814e-05,1.0
2,0.2,200,47,learned_mean,300,0.0069155575720041005,0.0019399917379475532,0.0003624944731833683,1.8943050122192122
2,0.2,200,47,learned_occupancy,300,0.00014768882815601337,1.1980282277797838e-05,0.0003895460656376493,0.04045482732401612
2,0.2,200,47,oracle_no_cov,300,6.995991979510165e-05,6.155549095191608e-06,0.00020922328864926584,0.019163375525758194
2,0.2,200,47,oracle_tail,300,6.995991979510165e-05,6.155549095191608e-06,0.00020922328864926584,0.019163375525758194
2,0.2,200,47,tis,300,0.002213506906513085,0.0005029131345678937,0.006090060868893923,0.60632236575748
2,0.2,200,47,tis_no_cov,300,0.002213506906513085,0.0005029131345678937,0.006090060868893923,0.60632236575748
2,0.2,200,47,uniform,300,0.0036507096414755305,0.00028153184410264896,0.005358719803608453,1.0
2,0.2,200,48,learned_mean,300,0.00992246175584891,0.0017355823639938377,0.004760707908874381,2.589205191191727
2,0.2,200,48,learned_occupancy,300,0.0001757833997947213,1.5092166170383433e-05,-0.00037904861868698423,0.045869593904510245
2,0.2,200,48,oracle_no_cov,300,0.00012603786941751624,1.0737565668598677e-05,0.00010949573888046367,0.03288880459430488
2,0.2,200,48,oracle_tail,300,0.00012603786941751624,1.0737565668598677e-05,0.00010949573888046367,0.03288880459430488
2,0.2,200,48,tis,300,0.010463810356384464,0.0017359842019099687,0.00600190076497997,2.7304667693403966
2,0.2,200,48,tis_no_cov,300,0.010463810356384464,0.0017359842019099687,0.00600190076497997,2.7304667693403966
2,0.2,200,48,uniform,300,0.0038322423381523976,0.0003223348041070056,-0.0026837859907605406,1.0
2,0.2,200,49,learned_mean,300,0.0002537178410180195,4.435229135569286e-05,0.0009648186986945651,0.614989027632151
2,0.2,200,49,learned_occupancy,300,3.33161662474275e-05,2.9883604957319555e-06,-6.153601372799484e-05,0.08075536431622621
2,0.2,200,49,oracle_no_cov,300,1.584494031266382e-05,1.3677628609306048e-06,-3.760124291636302e-06,0.03840669775793388
2,0.2,200,49,oracle_tail,300,1.584494031266382e-05,1.3677628609306048e-06,-3.760124291636302e-06,0.03840669775793388
2,0.2,200,49,tis,300,0.00036008788801110154,5.2701800666844154e-05,0.002141486230278274,0.872820370934555
2,0.2,200,49,tis_no_cov,300,0.00036008788801110154,5.2701800666844154e-05,0.002141486230278274,0.872820370934555
2,0.2,200,49,uniform,300,0.000412556695515189,3.408134832528437e-05,-0.0013172295262324648,1.0
2,0.2,400,0,learned_mean,300,5.137806111309202e-07,4.1107187069097377e-08,1.600873001580035e-06,0.03243011738784406
2,0.2,400,0,learned_occupancy,300,5.187765688666085e-07,4.315237940510594e-08,1.0049916319258001e-05,0.032745465013509514
2,0.2,400,0,oracle_no_cov,300,4.6336502523618794e-07,3.552533813274832e-08,-6.829439807084133e-08,0.029247857619138073
2,0.2,400,0,oracle_tail,300,4.6336502523618794e-07,3.552533813274832e-08,-6.829439807084133e-08,0.029247857619138073
2,0.2,400,0,tis,300,2.789112195197409e-05,5.960546569371169e-06,0.0006156840584140788,1.7605031007110323
2,0.2,400,0,tis_no_cov,300,2.789112195197409e-05,5.960546569371169e-06,0.0006156840584140788,1.7605031007110323
2,0.2,400,0,uniform,300,1.5842699703686645e-05,1.2246597536079032e-06,0.00028024873486434676,1.0
2,0.2,400,1,learned_mean,300,0.0,0.0,0.0,0.0
2,0.2,400,1,learned_occupancy,300,0.0,0.0,0.0,0.0
2,0.2,400,1,oracle_no_cov,300,0.0,0.0,0.0,0.0
2,0.2,400,1,oracle_tail,300,0.0,0.0,0.0,0.0
2,0.2,400,1,tis,300,0.0,0.0,0.0,0.0
2,0.2,400,1,tis_no_cov,300,0.0,0.0,0.0,0.0
2,0.2,400,1,uniform,300,0.0,0.0,0.0,0.0
2,0.2,400,2,learned_mean,300,0.00021630623889213653,4.185092323476771e-05,-0.0005122163817157007,0.3349277253638148
2,0.2,400,2,learned_occupancy,300,1.779731781455393e-05,1.517641566073646e-06,-0.00011007480811600227,0.027557296561278907
2,0.2,400,2,oracle_no_cov,300,1.1081537075970436e-05,1.0098868062920767e-06,0.00011504132579307492,0.01715860820935611
2,0.2,400,2,oracle_tail,300,1.1081537075970436e-05,1.0098868062920767e-06,0.00011504132579307492,0.01715860820935611
2,0.2,400,2,tis,300,0.0002409861772209274,4.200689912277709e-05,-0.0006876673480149117,0.3731420443262147
2,0.2,400,2,tis_no_cov,300,0.0002409861772209274,4.200689912277709e-05,-0.0006876673480149117,0.3731420443262147
2,0.2,400,2,uniform,300,0.0006458295999746636,5.99376555298203e-05,-0.0024584504491768746,1.0
2,0.2,400,3,learned_mean,300,0.00021093174911593923,3.9747579484063955e-05,-0.0002750619753380971,1.5230687710489401
2,0.2,400,3,learned_occupancy,300,1.281104922659733e-05,1.0188613371959174e-06,-4.3416672148412306e-05,0.09250437206907237
2,0.2,400,3,oracle_no_cov,300,5.371382038988535e-06,4.507103118590999e-07,-5.6843842032838025e-05,0.038784982702911724
2,0.2,400,3,oracle_tail,300,5.371382038988535e-06,4.507103118590999e-07,-5.6843842032838025e-05,0.038784982702911724
2,0.2,400,3,tis,300,0.0003181645493841161,5.005391371091211e-05,-0.0007051485486946785,2.297361545868807
2,0.2,400,3,tis_no_cov,300,0.0003181645493841161,5.005391371091211e-05,-0.0007051485486946785,2.297361545868807
2,0.2,400,3,uniform,300,0.00013849128360150814,1.033449734404285e-05,0.0008946622281161683,1.0
2,0.2,400,4,learned_mean,300,0.0,0.0,0.0,0.0
2,0.2,400,4,learned_occupancy,300,0.0,0.0,0.0,0.0
2,0.2,400,4,oracle_no_cov,300,0.0,0.0,0.0,0.0
2,0.2,400,4,oracle_tail,300,0.0,0.0,0.0,0.0
2,0.2,400,4,tis,300,0.0,0.0,0.0,0.0
2,0.2,400,4,tis_no_cov,300,0.0,0.0,0.0,0.0
2,0.2,400,4,uniform,300,0.0,0.0,0.0,0.0
2,0.2,400,5,learned_mean,300,0.0,0.0,0.0,0.0
2,0.2,400,5,learned_occupancy,300,0.0,0.0,0.0,0.0
2,0.2,400,5,oracle_no_cov,300,8.713642862453475e-07,3.6899965454257706e-07,0.00015949016203703795,1.0
2,0.2,400,5,oracle_tail,300,8.713642862453475e-07,3.6899965454257706e-07,0.00015949016203703795,1.0
2,0.2,400,5,tis,300,2.097319422320639e-06,1.0919499910135547e-06,0.0002251535957350039,2.4069375523271135
2,0.2,400,5,tis_no_cov,300,2.097319422320639e-06,1.0919499910135547e-06,0.0002251535957350039,2.4069375523271135
2,0.2,400,5,uniform,300,8.713642862453475e-07,3.6899965454257706e-07,0.00015949016203703795,1.0
2,0.2,400,6,learned_mean,300,0.0002959734406374546,4.595204223318268e-05,-0.001284086968378236,0.13003070790783455
2,0.2,400,6,learned_occupancy,300,5.801118650638611e-05,4.66704511170452e-06,-0.0003793776751989745,0.025486191030359064
2,0.2,400,6,oracle_no_cov,300,4.2499247826113534e-05,3.70767062060764e-06,-1.4450136667691164e-05,0.018671294520474335
2,0.2,400,6,oracle_tail,300,4.2499247826113534e-05,3.70767062060764e-06,-1.4450136667691164e-05,0.018671294520474335
2,0.2,400,6,tis,300,0.000410549730088562,5.111950178719331e-05,-0.0008796740452570129,0.18036777867571446
2,0.2,400,6,tis_no_cov,300,0.000410549730088562,5.111950178719331e-05,-0.0008796740452570129,0.18036777867571446
2,0.2,400,6,uniform,300,0.002276181106752413,0.00016728967195385122,-0.0021679982874225597,1.0
2,0.2,400,7,learned_mean,300,6.746411863151211e-05,5.39807850455981e-06,-0.0006244675475609286,0.022478529958389837
2,0.2,400,7,learned_occupancy,300,0.00010059729894629827,8.297154028941916e-06,0.0005109376780018183,0.03351825302052094
2,0.2,400,7,oracle_no_cov,300,4.9561060562506584e-05,3.725933919828742e-06,-0.0003509946924517819,0.01651336750886576
2,0.2,400,7,oracle_tail,300,4.9561060562506584e-05,3.725933919828742e-06,-0.0003509946924517819,0.01651336750886576
2,0.2,400,7,tis,300,0.0001434182213890434,3.5591501055322414e-05,-0.0002432201352600801,0.04778585789701201
2,0.2,400,7,tis_no_cov,300,0.0001434182213890434,3.5591501055322414e-05,-0.0002432201352600801,0.04778585789701201
2,0.2,400,7,uniform,300,0.003001269155785339,0.00023704800754004526,0.0031392268438792995,1.0
2,0.2,400,8,learned_mean,300,0.0,0.0,0.0,0.0
2,0.2,400,8,learned_occupancy,300,0.0,0.0,0.0,0.0
2,0.2,400,8,oracle_no_cov,300,0.0,0.0,0.0,0.0
2,0.2,400,8,oracle_tail,300,0.0,0.0,0.0,0.0
2,0.2,400,8,tis,300,0.0,0.0,0.0,0.0
2,0.2,400,8,tis_no_cov,300,0.0,0.0,0.0,0.0
2,0.2,400,8,uniform,300,0.0,0.0,0.0,0.0
2,0.2,400,9,learned_mean,300,5.815974177649398e-06,5.09168459090899e-07,-0.00024614176801038577,0.024658157811186857
2,0.2,400,9,learned_occupancy,300,6.810964604515572e-06,4.881879505532865e-07,-0.00010538806513943455,0.02887664816497352
2,0.2,400,9,oracle_no_cov,300,3.3559646292800258e-06,2.454305785892575e-07,-0.00010297972944796249,0.014228382539173058
2,0.2,400,9,oracle_tail,300,3.3559646292800258e-06,2.454305785892575e-07,-0.00010297972944796249,0.014228382539173058
2,0.2,400,9,tis,300,1.8512832451354134e-05,4.772360943798178e-06,-8.308276733302996e-05,0.07848940352449241
2,0.2,400,9,tis_no_cov,300,1.8512832451354134e-05,4.772360943798178e-06,-8.308276733302996e-05,0.07848940352449241
2,0.2,400,9,uniform,300,0.00023586409910195398,2.0925278877468448e-05,0.00032119946794747584,1.0
2,0.2,400,10,learned_mean,300,9.425973747534384e-06,8.462441871716578e-07,6.931401230054461e-05,0.027781471732994775
2,0.2,400,10,learned_occupancy,300,7.847247229993637e-06,6.087835612238838e-07,0.00010489393357746688,0.02312844093788354
2,0.2,400,10,oracle_no_cov,300,4.778457915550934e-06,3.884151545890317e-07,3.1026308159596654e-05,0.014083700746875982
2,0.2,400,10,oracle_tail,300,4.778457915550934e-06,3.884151545890317e-07,3.1026308159596654e-05,0.014083700746875982
2,0.2,400,10,tis,300,0.0001181403536883464,2.1221568887431448e-05,-1.902573605236833e-05,0.34819881578572454
2,0.2,400,10,tis_no_cov,300,0.0001181403536883464,2.1221568887431448e-05,-1.902573605236833e-05,0.34819881578572454
2,0.2,400,10,uniform,300,0.0003392899353254777,2.577110648080745e-05,0.001456005532284504,1.0
2,0.2,400,11,learned_mean,300,0.0,0.0,0.0,0.0
2,0.2,400,11,learned_occupancy,300,0.0,0.0,0.0,0.0
2,0.2,400,11,oracle_no_cov,300,0.0,0.0,0.0,0.0
2,0.2,400,11,oracle_tail,300,0.0,0.0,0.0,0.0
2,0.2,400,11,tis,300,0.0,0.0,0.0,0.0
2,0.2,400,11,tis_no_cov,300,0.0,0.0,0.0,0.0
2,0.2,400,11,uniform,300,0.0,0.0,0.0,0.0
2,0.2,400,12,learned_mean,300,2.5144033218016386e-05,2.124435552659352e-06,-4.565356363101181e-05,0.059887105646606764
2,0.2,400,12,learned_occupancy,300,2.508797124100387e-05,2.255531551968165e-06,1.5506430854520896e-06,0.05975357935386783
2,0.2,400,12,oracle_no_cov,300,1.0413214490578205e-05,8.351294673989887e-07,0.00017220284198349534,0.024801799731603704
2,0.2,400,12,oracle_tail,300,1.0413214490578205e-05,8.351294673989887e-07,0.00017220284198349534,0.024801799731603704
2,0.2,400,12,tis,300,3.056331408309743e-05,4.589258090593254e-06,-0.0003519915207564354,0.07279454348212465
2,0.2,400,12,tis_no_cov,300,3.056331408309743e-05,4.589258090593254e-06,-0.0003519915207564354,0.07279454348212465
2,0.2,400,12,uniform,300,0.00041985721210824724,3.178238408653313e-05,0.0029248919204896053,1.0
2,0.2,400,13,learned_mean,300,0.0,0.0,0.0,0.0
2,0.2,400,13,learned_occupancy,300,0.0,0.0,0.0,0.0
2,0.2,400,13,oracle_no_cov,300,0.0,0.0,0.0,0.0
2,0.2,400,13,oracle_tail,300,0.0,0.0,0.0,0.0
2,0.2,400,13,tis,300,0.0,0.0,0.0,0.0
2,0.2,400,13,tis_no_cov,300,0.0,0.0,0.0,0.0
2,0.2,400,13,uniform,300,0.0,0.0,0.0,0.0
2,0.2,400,14,learned_mean,300,7.39448575964387e-06,6.343498257971134e-07,0.0002694366490706268,0.025284168516257758
2,0.2,400,14,learned_occupancy,300,9.523051002219112e-06,7.966756482336694e-07,-5.8601843166661284e-05,0.032562430188603386
2,0.2,400,14,oracle_no_cov,300,5.19128324619623e-06,4.1148101135087397e-07,-7.664275688613091e-05,0.017750697570992773
2,0.2,400,14,oracle_tail,300,5.19128324619623e-06,4.1148101135087397e-07,-7.664275688613091e-05,0.017750697570992773
2,0.2,400,14,tis,300,8.602309345576098e-05,1.558844153767012e-05,0.0008737009197475665,0.2941411292040953
2,0.2,400,14,tis_no_cov,300,8.602309345576098e-05,1.558844153767012e-05,0.0008737009197475665,0.2941411292040953
2,0.2,400,14,uniform,300,0.000292455168335443,3.115469987501712e-05,0.005124315448432148,1.0
2,0.2,400,15,learned_mean,300,0.0,0.0,0.0,0.0
2,0.2,400,15,learned_occupancy,300,0.0,0.0,0.0,0.0
2,0.2,400,15,oracle_no_cov,300,2.9965523513655954e-05,7.346246774068431e-06,0.0017800381944444502,1.0
2,0.2,400,15,oracle_tail,300,2.9965523513655954e-05,7.346246774068431e-06,0.0017800381944444502,1.0
2,0.2,400,15,tis,300,1.502879921691784e-05,4.268370346740669e-06,0.0010471922275763197,0.5015363475985621
2,0.2,400,15,tis_no_cov,300,1.502879921691784e-05,4.268370346740669e-06,0.0010471922275763197,0.5015363475985621
2,0.2,400,15,uniform,300,2.9965523513655954e-05,7.346246774068431e-06,0.0017800381944444502,1.0
2,0.2,400,16,learned_mean,300,0.0015777476141568857,0.00029149360288698766,-0.0007506368967743733,0.4445605576856834
2,0.2,400,16,learned_occupancy,300,0.0001358470884764831,1.528599549068587e-05,0.0004812557057830317,0.03827751464885214
2,0.2,400,16,oracle_no_cov,300,8.500249229007291e-05,7.425885410546924e-06,-0.00017758788445318307,0.02395107749685384
2,0.2,400,16,oracle_tail,300,8.500249229007291e-05,7.425885410546924e-06,-0.00017758788445318307,0.02395107749685384
2,0.2,400,16,tis,300,0.0019156548218784986,0.00034842754529194094,-0.0008796722524272941,0.5397723744318027
2,0.2,400,16,tis_no_cov,300,0.0019156548218784986,0.00034842754529194094,-0.0008796722524272941,0.5397723744318027
2,0.2,400,16,uniform,300,0.003549004937303495,0.0003078138363914243,-0.00019178958956155438,1.0
2,0.2,400,17,learned_mean,300,0.0006062085776112274,0.00022894099014556026,0.00020893428697794128,0.8582142375364297
2,0.2,400,17,learned_occupancy,300,1.9034591650854012e-05,1.5111332071324015e-06,0.00021227802395823152,0.026947420679572412
2,0.2,400,17,oracle_no_cov,300,1.406004013268296e-05,1.2832632915217437e-06,8.53584049230638e-05,0.01990490908220139
2,0.2,400,17,oracle_tail,300,1.406004013268296e-05,1.2832632915217437e-06,8.53584049230638e-05,0.01990490908220139
2,0.2,400,17,tis,300,0.0006433688025518487,0.00022950148478991455,-0.00022958786742605688,0.910822259415246
2,0.2,400,17,tis_no_cov,300,0.0006433688025518487,0.00022950148478991455,-0.00022958786742605688,0.910822259415246
2,0.2,400,17,uniform,300,0.0007063604297120449,6.050308030845941e-05,-0.0007342110348726923,1.0
2,0.2,400,18,learned_mean,300,5.351874458112806e-05,1.0923933470789082e-05,0.00034495759794048804,0.04629972920405608
2,0.2,400,18,learned_occupancy,300,3.772857134540673e-05,3.4052477687809086e-06,0.00010574444072884695,0.032639454647525705
2,0.2,400,18,oracle_no_cov,300,1.7378627878984643e-05,1.586155982880617e-06,0.00018673209071582136,0.015034466354406565
2,0.2,400,18,oracle_tail,300,1.7378627878984643e-05,1.586155982880617e-06,0.00018673209071582136,0.015034466354406565
2,0.2,400,18,tis,300,0.00010036261734744398,1.6463766501628114e-05,0.0002833863414204522,0.08682494407829425
2,0.2,400,18,tis_no_cov,300,0.00010036261734744398,1.6463766501628114e-05,0.0002833863414204522,0.08682494407829425
2,0.2,400,18,uniform,300,0.0011559191706123318,9.972425373252818e-05,-0.00221194248388487,1.0
2,0.2,400,19,learned_mean,300,5.990969832115498e-05,5.323505518800539e-06,5.8675663204195707e-05,0.0342103409584891
2,0.2,400,19,learned_occupancy,300,7.435591178769895e-05,5.701876810344378e-06,0.00010859748436875724,0.0424595877765969
2,0.2,400,19,oracle_no_cov,300,3.78361261999799e-05,2.8747757661214166e-06,0.00037193619030886064,0.02160563004191707
2,0.2,400,19,oracle_tail,300,3.78361261999799e-05,2.8747757661214166e-06,0.00037193619030886064,0.02160563004191707
2,0.2,400,19,tis,300,8.65249463868757e-05,9.333078723447197e-06,0.00023768605858882279,0.049408493119798794
2,0.2,400,19,tis_no_cov,300,8.65249463868757e-05,9.333078723447197e-06,0.00023768605858882279,0.049408493119798794
2,0.2,400,19,uniform,300,0.0017512160546382608,0.00013164325291949497,0.0010687235455585837,1.0
2,0.2,400,20,learned_mean,300,3.9728623835866194e-05,3.570969884554097e-06,2.5945140576983197e-05,0.03181210056985522
2,0.2,400,20,learned_occupancy,300,4.553199307198373e-05,3.8054334309604116e-06,-2.943424870737547e-06,0.03645906157575612
2,0.2,400,20,oracle_no_cov,300,2.2565234277692394e-05,1.7464518891261105e-06,-8.73527554878739e-05,0.01806877341611407
2,0.2,400,20,oracle_tail,300,2.2565234277692394e-05,1.7464518891261105e-06,-8.73527554878739e-05,0.01806877341611407
2,0.2,400,20,tis,300,4.381970876431234e-05,4.053207241455442e-06,0.00047564218847041465,0.035087975559163424
2,0.2,400,20,tis_no_cov,300,4.381970876431234e-05,4.053207241455442e-06,0.00047564218847041465,0.035087975559163424
2,0.2,400,20,uniform,300,0.0012488525788678217,0.00011425137549791392,0.0007873727907915801,1.0
2,0.2,400,21,learned_mean,300,5.378819560562859e-06,4.0887860944132616e-07,-4.378629210300337e-05,0.03067183480706125
2,0.2,400,21,learned_occupancy,300,6.5554716112352666e-06,5.041802098038658e-07,-0.00013940301264106557,0.03738149980274617
2,0.2,400,21,oracle_no_cov,300,2.1841572655903863e-06,1.7387670503428242e-07,5.331597365286026e-07,0.012454797951210812
2,0.2,400,21,oracle_tail,300,2.1841572655903863e-06,1.7387670503428242e-07,5.331597365286026e-07,0.012454797951210812
2,0.2,400,21,tis,300,5.868325612212663e-06,9.413386115798181e-07,-3.986837506391024e-05,0.033463162641023475
2,0.2,400,21,tis_no_cov,300,5.868325612212663e-06,9.413386115798181e-07,-3.986837506391024e-05,0.033463162641023475
2,0.2,400,21,uniform,300,0.00017536673610815584,1.5111455624820733e-05,0.0017308842021951842,1.0
2,0.2,400,22,learned_mean,300,0.0,0.0,0.0,0.0
2,0.2,400,22,learned_occupancy,300,0.0,0.0,0.0,0.0
2,0.2,400,22,oracle_no_cov,300,0.0,0.0,0.0,0.0
2,0.2,400,22,oracle_tail,300,0.0,0.0,0.0,0.0
2,0.2,400,22,tis,300,0.0,0.0,0.0,0.0
2,0.2,400,22,tis_no_cov,300,0.0,0.0,0.0,0.0
2,0.2,400,22,uniform,300,0.0,0.0,0.0,0.0
2,0.2,400,23,learned_mean,300,4.391081303470589e-06,4.5973303104865033e-07,0.00011113655351190022,0.029867490192120625
2,0.2,400,23,learned_occupancy,300,4.9922694500723785e-06,4.11612035758119e-07,0.0002121386540729812,0.033956683680306826
2,0.2,400,23,oracle_no_cov,300,2.1363417391565614e-06,1.5437504410957576e-07,0.00011111836863286687,0.014531082786111269
2,0.2,400,23,oracle_tail,300,2.1363417391565614e-06,1.5437504410957576e-07,0.00011111836863286687,0.014531082786111269
2,0.2,400,23,tis,300,3.99395218503372e-06,6.374625849045822e-07,0.00010463142790481735,0.027166276247267477
2,0.2,400,23,tis_no_cov,300,3.99395218503372e-06,6.374625849045822e-07,0.00010463142790481735,0.027166276247267477
2,0.2,400,23,uniform,300,0.0001470187576935743,1.1406374910315975e-05,0.0009648244040829486,1.0
2,0.2,400,24,learned_mean,300,0.0,0.0,0.0,0.0
2,0.2,400,24,learned_occupancy,300,0.0,0.0,0.0,0.0
2,0.2,400,24,oracle_no_cov,300,0.0,0.0,0.0,0.0
2,0.2,400,24,oracle_tail,300,0.0,0.0,0.0,0.0
2,0.2,400,24,tis,300,0.0,0.0,0.0,0.0
2,0.2,400,24,tis_no_cov,300,0.0,0.0,0.0,0.0
2,0.2,400,24,uniform,300,0.0,0.0,0.0,0.0
2,0.2,400,25,learned_mean,300,9.704907013107185e-05,3.0345930260599982e-05,-0.00047734596064426943,1.6830210455789916
2,0.2,400,25,learned_occupancy,300,2.9652028796333727e-06,2.666209415247037e-07,0.0001010080186798253,0.0514224283045099
2,0.2,400,25,oracle_no_cov,300,1.3183079887637286e-06,9.85473233417939e-08,0.0001250928062944808,0.022862043774841922
2,0.2,400,25,oracle_tail,300,1.3183079887637286e-06,9.85473233417939e-08,0.0001250928062944808,0.022862043774841922
2,0.2,400,25,tis,300,0.00011043937000585757,3.310957948384275e-05,-0.000609118446165462,1.9152350839560865
2,0.2,400,25,tis_no_cov,300,0.00011043937000585757,3.310957948384275e-05,-0.000609118446165462,1.9152350839560865
2,0.2,400,25,uniform,300,5.7663610556744465e-05,5.146367246062883e-06,-6.435934421718711e-06,1.0
2,0.2,400,26,learned_mean,300,2.297430994272616e-05,1.8817722716085446e-05,0.0003133330473738316,1.0782106697509857
2,0.2,400,26,learned_occupancy,300,6.780502217861118e-07,6.6261730579178e-08,-2.989470400614221e-05,0.03182167323324867
2,0.2,400,26,oracle_no_cov,300,5.11486045125134e-07,4.2991721855479996e-08,-3.847350421728679e-05,0.024004625717050507
2,0.2,400,26,oracle_tail,300,5.11486045125134e-07,4.2991721855479996e-08,-3.847350421728679e-05,0.024004625717050507
2,0.2,400,26,tis,300,2.309910088866601e-05,1.881746884184631e-05,0.00030655058797101064,1.0840672517217214
2,0.2,400,26,tis_no_cov,300,2.309910088866601e-05,1.881746884184631e-05,0.00030655058797101064,1.0840672517217214
2,0.2,400,26,uniform,300,2.130781171738183e-05,2.1764637182571915e-06,-0.0005998972690919446,1.0
2,0.2,400,27,learned_mean,300,7.707321594556297e-06,8.900969293513178e-07,-0.00016096503341717287,0.031124074794678866
2,0.2,400,27,learned_occupancy,300,7.688237030621157e-06,6.00302718147195e-07,-8.043015891277816e-05,0.03104700659555757
2,0.2,400,27,oracle_no_cov,300,3.742101414179621e-06,2.946115945043375e-07,-8.889375810762749e-05,0.0151115329593179
2,0.2,400,27,oracle_tail,300,3.742101414179621e-06,2.946115945043375e-07,-8.889375810762749e-05,0.0151115329593179
2,0.2,400,27,tis,300,2.9340304206495847e-05,7.66325405164745e-06,-0.0003908825046633024,0.11848342013736603
2,0.2,400,27,tis_no_cov,300,2.9340304206495847e-05,7.66325405164745e-06,-0.0003908825046633024,0.11848342013736603
2,0.2,400,27,uniform,300,0.00024763215116916444,2.0462300785002104e-05,-0.0012247166195230783,1.0
2,0.2,400,28,learned_mean,300,5.815273261285492e-06,4.2787334387398033e-07,0.00022903366488610428,0.024916912378780857
2,0.2,400,28,learned_occupancy,300,7.928145162331973e-06,6.103835976322446e-07,0.00018949583704094367,0.033970011289273946
2,0.2,400,28,oracle_no_cov,300,3.382788633360631e-06,2.7008622411526956e-07,0.00021708023992983105,0.014494357218692471
2,0.2,400,28,oracle_tail,300,3.382788633360631e-06,2.7008622411526956e-07,0.00021708023992983105,0.014494357218692471
2,0.2,400,28,tis,300,1.8348699875738897e-05,6.50384078877539e-06,0.0002998609754353134,0.07861934023153175
2,0.2,400,28,tis_no_cov,300,1.8348699875738897e-05,6.50384078877539e-06,0.0002998609754353134,0.07861934023153175
2,0.2,400,28,uniform,300,0.00023338659192130706,1.7467766669479994e-05,0.0014155668667403776,1.0
2,0.2,400,29,learned_mean,300,8.696126127813815e-06,8.938486128824267e-07,-0.0001420567714926933,0.05227099631387625
2,0.2,400,29,learned_occupancy,300,9.622462617793088e-06,6.561084659650053e-07,-9.610907915744381e-05,0.05783905392268286
2,0.2,400,29,oracle_no_cov,300,5.033605951032527e-06,3.83040495713598e-07,-6.23902436816153e-05,0.03025618467864523
2,0.2,400,29,oracle_tail,300,5.033605951032527e-06,3.83040495713598e-07,-6.23902436816153e-05,0.03025618467864523
2,0.2,400,29,tis,300,0.00010235412654376493,1.7687174603971433e-05,0.0024124188969008344,0.6152339665551948
2,0.2,400,29,tis_no_cov,300,0.00010235412654376493,1.7687174603971433e-05,0.0024124188969008344,0.6152339665551948
2,0.2,400,29,uniform,300,0.00016636618279849537,2.1408211175278787e-05,0.003810164006522545,1.0
2,0.2,400,30,learned_mean,300,1.2976694897636951e-06,2.1789836860107212e-07,0.0003914726744933713,0.022325189749400447
2,0.2,400,30,learned_occupancy,300,1.2204137764918566e-06,1.58532792680464e-07,0.00035450935815879584,0.02099607746647766
2,0.2,400,30,oracle_no_cov,300,0.0020228398103614934,0.0002713525230094347,0.02376030407991948,34.80106680105827
2,0.2,400,30,oracle_tail,300,0.0020228398103614934,0.0002713525230094347,0.02376030407991948,34.80106680105827
2,0.2,400,30,tis,300,0.0007412679372516948,0.00020250480604052715,0.007829119662817362,12.752821488701489
2,0.2,400,30,tis_no_cov,300,0.0007412679372516948,0.00020250480604052715,0.007829119662817362,12.752821488701489
2,0.2,400,30,uniform,300,5.812579889935962e-05,8.40491937861562e-06,0.0030740051039667544,1.0
2,0.2,400,31,learned_mean,300,3.5997091171914053e-06,2.7066835282946234e-07,-5.353308635442551e-06,0.023586388585654754
2,0.2,400,31,learned_occupancy,300,4.1402675058425896e-06,3.494764914036439e-07,-0.00012175429219468811,0.02712829149860734
2,0.2,400,31,oracle_no_cov,300,2.196499317248392e-06,1.8613710646333982e-07,-1.6755093686276108e-05,0.014392131346759372
2,0.2,400,31,oracle_tail,300,2.196499317248392e-06,1.8613710646333982e-07,-1.6755093686276108e-05,0.014392131346759372
2,0.2,400,31,tis,300,8.933905298895028e-06,2.5677731761355993e-06,9.288977111465571e-05,0.05853766376867328
2,0.2,400,31,tis_no_cov,300,8.933905298895028e-06,2.5677731761355993e-06,9.288977111465571e-05,0.05853766376867328
2,0.2,400,31,uniform,300,0.0001526180705502643,1.1358404082209002e-05,-0.0004932875366763195,1.0
2,0.2,400,32,learned_mean,300,8.344764330249359e-06,8.128117063591797e-07,-0.00022532144494879448,0.030078258294651484
2,0.2,400,32,learned_occupancy,300,9.753016272059461e-06,7.240304669979235e-07,1.907332733369377e-05,0.035154227366200205
2,0.2,400,32,oracle_no_cov,300,4.289785654452917e-06,3.231006932290284e-07,2.3390651995284413e-05,0.0154623037675972
2,0.2,400,32,oracle_tail,300,4.289785654452917e-06,3.231006932290284e-07,2.3390651995284413e-05,0.0154623037675972
2,0.2,400,32,tis,300,7.30343645596937e-05,1.1705846074620961e-05,-0.0003654712403129076,0.26324847469318097
2,0.2,400,32,tis_no_cov,300,7.30343645596937e-05,1.1705846074620961e-05,-0.0003654712403129076,0.26324847469318097
2,0.2,400,32,uniform,300,0.00027743509110476737,2.0113466612801537e-05,0.0011792084954718007,1.0
2,0.2,400,33,learned_mean,300,3.888707950314152e-05,3.4114350117197706e-06,0.00037003727972671004,0.03279110009863706
2,0.2,400,33,learned_occupancy,300,4.594630839924113e-05,3.917548673157506e-06,0.0005302883572052254,0.038743716862580296
2,0.2,400,33,oracle_no_cov,300,1.8869001205244263e-05,1.6344012371944346e-06,0.00025664566108849206,0.015911076768634246
2,0.2,400,33,oracle_tail,300,1.8869001205244263e-05,1.6344012371944346e-06,0.00025664566108849206,0.015911076768634246
2,0.2,400,33,tis,300,4.182183470043764e-05,3.6645531395015663e-06,0.00046162277664707745,0.03526579999045481
2,0.2,400,33,tis_no_cov,300,4.182183470043764e-05,3.6645531395015663e-06,0.00046162277664707745,0.03526579999045481
2,0.2,400,33,uniform,300,0.0011859034733866045,0.00013735784135789783,0.004458470887651789,1.0
2,0.2,400,34,learned_mean,300,0.0,0.0,0.0,0.0
2,0.2,400,34,learned_occupancy,300,0.0,0.0,0.0,0.0
2,0.2,400,34,oracle_no_cov,300,0.0,0.0,0.0,0.0
2,0.2,400,34,oracle_tail,300,0.0,0.0,0.0,0.0
2,0.2,400,34,tis,300,0.0,0.0,0.0,0.0
2,0.2,400,34,tis_no_cov,300,0.0,0.0,0.0,0.0
2,0.2,400,34,uniform,300,0.0,0.0,0.0,0.0
2,0.2,400,35,learned_mean,300,0.0,0.0,0.0,0.0
2,0.2,400,35,learned_occupancy,300,0.0,0.0,0.0,0.0
2,0.2,400,35,oracle_no_cov,300,0.0,0.0,0.0,0.0
2,0.2,400,35,oracle_tail,300,0.0,0.0,0.0,0.0
2,0.2,400,35,tis,300,0.0,0.0,0.0,0.0
2,0.2,400,35,tis_no_cov,300,0.0,0.0,0.0,0.0
2,0.2,400,35,uniform,300,0.0,0.0,0.0,0.0
2,0.2,400,36,learned_mean,300,5.4005989453716973e-05,5.3779284416349265e-05,-7.873374364116504e-05,18.538889901659047
2,0.2,400,36,learned_occupancy,300,7.96804167174816e-08,6.602919957082283e-09,3.6177613697708404e-05,0.02735227125335145
2,0.2,400,36,oracle_no_cov,300,5.901741513971597e-08,3.9413478516783e-09,3.1941380847295694e-05,0.020259185557434452
2,0.2,400,36,oracle_tail,300,5.901741513971597e-08,3.9413478516783e-09,3.1941380847295694e-05,0.020259185557434452
2,0.2,400,36,tis,300,3.6676638076704932e-06,9.435255315545791e-07,-2.065794619908597e-05,1.2590161982861912
2,0.2,400,36,tis_no_cov,300,3.6676638076704932e-06,9.435255315545791e-07,-2.065794619908597e-05,1.2590161982861912
2,0.2,400,36,uniform,300,2.913118840458941e-06,7.144774942698043e-07,6.096973999816235e-06,1.0
2,0.2,400,37,learned_mean,300,0.0008147434098217262,0.00023159989230219665,-0.002262339317211448,1.6916014232819945
2,0.2,400,37,learned_occupancy,300,1.3433917111252665e-05,1.0470864599812222e-06,5.628225568862888e-05,0.02789201241973809
2,0.2,400,37,oracle_no_cov,300,6.027111759230955e-06,5.059720815384799e-07,5.403213715371003e-05,0.012513719911432726
2,0.2,400,37,oracle_tail,300,6.027111759230955e-06,5.059720815384799e-07,5.403213715371003e-05,0.012513719911432726
2,0.2,400,37,tis,300,0.0011818234681846443,0.00031062446213622427,0.003797535067278899,2.4537470776064896
2,0.2,400,37,tis_no_cov,300,0.0011818234681846443,0.00031062446213622427,0.003797535067278899,2.4537470776064896
2,0.2,400,37,uniform,300,0.00048164029576245297,3.424981643065716e-05,7.166245080147404e-05,1.0
2,0.2,400,38,learned_mean,300,5.1768254843621225e-05,5.654363031702085e-06,0.0002649536267010207,0.03125314630147192
2,0.2,400,38,learned_occupancy,300,5.7366504664989925e-05,4.4961803494010845e-06,0.00036025305233552295,0.03463288010219485
2,0.2,400,38,oracle_no_cov,300,2.4514496556536116e-05,1.8745805554180833e-06,0.0003310296796957109,0.014799709777791686
2,0.2,400,38,oracle_tail,300,2.4514496556536116e-05,1.8745805554180833e-06,0.0003310296796957109,0.014799709777791686
2,0.2,400,38,tis,300,0.00014945538881794716,5.6020731917849315e-05,-0.0007112618273393346,0.09022809724570457
2,0.2,400,38,tis_no_cov,300,0.00014945538881794716,5.6020731917849315e-05,-0.0007112618273393346,0.09022809724570457
2,0.2,400,38,uniform,300,0.001656417384165354,0.00015265278306624688,0.003356437061374715,1.0
2,0.2,400,39,learned_mean,300,3.7834930931042164e-05,3.0772161321707534e-06,2.7388751560588065e-05,0.02617253518941523
2,0.2,400,39,learned_occupancy,300,4.310056849567305e-05,3.35614147262715e-06,2.8270529567085236e-06,0.029815070832104523
2,0.2,400,39,oracle_no_cov,300,2.5612433585582224e-05,2.0647933524150797e-06,4.2703552923734624e-05,0.01771755102518821
2,0.2,400,39,oracle_tail,300,2.5612433585582224e-05,2.0647933524150797e-06,4.2703552923734624e-05,0.01771755102518821
2,0.2,400,39,tis,300,0.00016507829330079772,3.3276545610476874e-05,0.0023257547056257767,0.11419387677218969
2,0.2,400,39,tis_no_cov,300,0.00016507829330079772,3.3276545610476874e-05,0.0023257547056257767,0.11419387677218969
2,0.2,400,39,uniform,300,0.001445596716451965,0.00012199084135268368,0.0019507086270649189,1.0
2,0.2,400,40,learned_mean,300,2.0408988405448605e-05,1.8175127469621318e-06,0.0007255089670796066,0.061582533105660815
2,0.2,400,40,learned_occupancy,300,2.0084750449378464e-05,1.7503013261864577e-06,0.0004987074652430268,0.06060417032416839
2,0.2,400,40,oracle_no_cov,300,1.0339820580886422e-05,8.630718021179754e-07,0.0005044449104546814,0.031199603360009594
2,0.2,400,40,oracle_tail,300,1.0339820580886422e-05,8.630718021179754e-07,0.0005044449104546814,0.031199603360009594
2,0.2,400,40,tis,300,2.18895027899462e-05,1.980670097543564e-06,0.000772936600966813,0.06604986996163106
2,0.2,400,40,tis_no_cov,300,2.18895027899462e-05,1.980670097543564e-06,0.000772936600966813,0.06604986996163106
2,0.2,400,40,uniform,300,0.00033140871893710006,2.432515162346865e-05,0.0003116173170393048,1.0
2,0.2,400,41,learned_mean,300,0.0002670174767442314,3.9971751416711873e-05,0.0014178002683702187,0.3964082780501943
2,0.2,400,41,learned_occupancy,300,4.704078347572095e-05,5.7094384623401505e-06,0.0009229806047154998,0.06983571338891932
2,0.2,400,41,oracle_no_cov,300,2.2452185183598197e-05,2.012716013972476e-06,0.0005186313537642747,0.033332020718701984
2,0.2,400,41,oracle_tail,300,2.2452185183598197e-05,2.012716013972476e-06,0.0005186313537642747,0.033332020718701984
2,0.2,400,41,tis,300,0.0003430587285760306,4.314857598636592e-05,0.0017880668120372723,0.5092974494518783
2,0.2,400,41,tis_no_cov,300,0.0003430587285760306,4.314857598636592e-05,0.0017880668120372723,0.5092974494518783
2,0.2,400,41,uniform,300,0.0006735920805125592,5.066159517269184e-05,0.0012930441685233,1.0
2,0.2,400,42,learned_mean,300,3.4374486349279026e-05,1.2827433722265491e-05,0.00018708201327808077,0.22785563317649243
2,0.2,400,42,learned_occupancy,300,1.109809883380367e-05,1.1426541992065215e-06,4.78415324476722e-05,0.07356515268728274
2,0.2,400,42,oracle_no_cov,300,4.142079371143336e-06,3.3365153324700156e-07,-0.000124112860359226,0.027456297330212986
2,0.2,400,42,oracle_tail,300,4.142079371143336e-06,3.3365153324700156e-07,-0.000124112860359226,0.027456297330212986
2,0.2,400,42,tis,300,4.980462451856703e-05,1.4394605236542127e-05,-4.016697465785146e-06,0.33013625685881903
2,0.2,400,42,tis_no_cov,300,4.980462451856703e-05,1.4394605236542127e-05,-4.016697465785146e-06,0.33013625685881903
2,0.2,400,42,uniform,300,0.00015086081423606163,1.2028680739469401e-05,0.0002686223240398689,1.0
2,0.2,400,43,learned_mean,300,4.638493227943712e-06,5.115511652868996e-07,-2.525185035553231e-05,0.03594579523632872
2,0.2,400,43,learned_occupancy,300,5.871451735443424e-06,5.720570780406622e-07,3.909564070974536e-05,0.045500551892753004
2,0.2,400,43,oracle_no_cov,300,1.7433186725590086e-06,1.548842232562518e-07,-5.747551858658587e-05,0.013509769866205992
2,0.2,400,43,oracle_tail,300,1.7433186725590086e-06,1.548842232562518e-07,-5.747551858658587e-05,0.013509769866205992
2,0.2,400,43,tis,300,4.189101311865171e-06,5.302218201256405e-07,-5.8401466732369196e-05,0.032463252737634216
2,0.2,400,43,tis_no_cov,300,4.189101311865171e-06,5.302218201256405e-07,-5.8401466732369196e-05,0.032463252737634216
2,0.2,400,43,uniform,300,0.00012904133007623115,1.1801048310161343e-05,-0.0003341280886294049,1.0
2,0.2,400,44,learned_mean,300,0.0,0.0,0.0,0.0
2,0.2,400,44,learned_occupancy,300,0.0,0.0,0.0,0.0
2,0.2,400,44,oracle_no_cov,300,0.0,0.0,0.0,0.0
2,0.2,400,44,oracle_tail,300,0.0,0.0,0.0,0.0
2,0.2,400,44,tis,300,0.0,0.0,0.0,0.0
2,0.2,400,44,tis_no_cov,300,0.0,0.0,0.0,0.0
2,0.2,400,44,uniform,300,0.0,0.0,0.0,0.0
2,0.2,400,45,learned_mean,300,5.055383364205323e-05,4.644582060214762e-06,-0.0002574668801958389,0.017142865221013562
2,0.2,400,45,learned_occupancy,300,7.542128554704927e-05,6.518599067282409e-06,3.1771352238660716e-05,0.025575447790632314
2,0.2,400,45,oracle_no_cov,300,4.2749577887794665e-05,3.676158806290393e-06,-0.0002997752340857653,0.014496432796266983
2,0.2,400,45,oracle_tail,300,4.2749577887794665e-05,3.676158806290393e-06,-0.0002997752340857653,0.014496432796266983
2,0.2,400,45,tis,300,0.00010016734655967446,1.2888356666315901e-05,1.4539905518865156e-05,0.03396686656401542
2,0.2,400,45,tis_no_cov,300,0.00010016734655967446,1.2888356666315901e-05,1.4539905518865156e-05,0.03396686656401542
2,0.2,400,45,uniform,300,0.002948972239487995,0.00024764316681436806,0.00935565287665075,1.0
2,0.2,400,46,learned_mean,300,0.00046435986713203427,9.905518280071645e-05,0.0007682171932246192,0.9758065850629143
2,0.2,400,46,learned_occupancy,300,2.261503699026197e-05,2.0163098887675676e-06,-0.00012426049215239783,0.04752327575773106
2,0.2,400,46,oracle_no_cov,300,1.1865273276095396e-05,9.936755607462025e-07,-0.0003113364784321937,0.024933704688766312
2,0.2,400,46,oracle_tail,300,1.1865273276095396e-05,9.936755607462025e-07,-0.0003113364784321937,0.024933704688766312
2,0.2,400,46,tis,300,0.0005007900390888763,9.956327366853434e-05,0.0015317567255901654,1.0523610080582007
2,0.2,400,46,tis_no_cov,300,0.0005007900390888763,9.956327366853434e-05,0.0015317567255901654,1.0523610080582007
2,0.2,400,46,uniform,300,0.00047587285660927886,3.689777535419195e-05,0.002941071436351908,1.0
2,0.2,400,47,learned_mean,300,0.0009585345808349316,0.0003664988535231121,0.0012910381256977803,0.41355330028847714
2,0.2,400,47,learned_occupancy,300,6.616590610798293e-05,5.681090195816249e-06,-0.0004163626882469832,0.02854683533034269
2,0.2,400,47,oracle_no_cov,300,3.395741095509427e-05,2.6750842536552553e-06,0.0004312650721475679,0.014650696647270664
2,0.2,400,47,oracle_tail,300,3.395741095509427e-05,2.6750842536552553e-06,0.0004312650721475679,0.014650696647270664
2,0.2,400,47,tis,300,0.0005876125572573644,0.00018811137646600263,-0.0004990955282750875,0.2535214870735928
2,0.2,400,47,tis_no_cov,300,0.0005876125572573644,0.00018811137646600263,-0.0004990955282750875,0.2535214870735928
2,0.2,400,47,uniform,300,0.0023178017928192057,0.00017469671092106042,-0.002430169085280456,1.0
2,0.2,400,48,learned_mean,300,0.0018322331993826386,0.000455098496264004,0.0027364781620380935,0.9292150275370114
2,0.2,400,48,learned_occupancy,300,6.277050725715635e-05,5.390233078963456e-06,0.00020013640963147876,0.03183399288317873
2,0.2,400,48,oracle_no_cov,300,5.091898138226894e-05,4.6344110384219804e-06,1.068240866488453e-05,0.025823504728123056
2,0.2,400,48,oracle_tail,300,5.091898138226894e-05,4.6344110384219804e-06,1.068240866488453e-05,0.025823504728123056
2,0.2,400,48,tis,300,0.002201132315356018,0.0004614702559768246,0.004313640850118547,1.1163018035669856
2,0.2,400,48,tis_no_cov,300,0.002201132315356018,0.0004614702559768246,0.004313640850118547,1.1163018035669856
2,0.2,400,48,uniform,300,0.0019718075419412643,0.00015098160259916958,0.0018662238472023844,1.0
2,0.2,400,49,learned_mean,300,6.12829804002876e-05,1.2484596087217007e-05,-0.0004970234836143872,0.32363209434531265
2,0.2,400,49,learned_occupancy,300,1.4719552855975458e-05,1.2706676983424443e-06,0.00013621339658609788,0.07773315996529942
2,0.2,400,49,oracle_no_cov,300,9.652076366682938e-06,7.663440196912308e-07,0.00012832050258596128,0.05097209158116982
2,0.2,400,49,oracle_tail,300,9.652076366682938e-06,7.663440196912308e-07,0.00012832050258596128,0.05097209158116982
2,0.2,400,49,tis,300,0.00011808780589711132,2.9727299579065455e-05,-0.0005380774715148625,0.6236152956253013
2,0.2,400,49,tis_no_cov,300,0.00011808780589711132,2.9727299579065455e-05,-0.0005380774715148625,0.6236152956253013
2,0.2,400,49,uniform,300,0.00018936002167603067,1.62948466549616e-05,0.0009374487145082577,1.0
4,0.1,50,0,learned_mean,300,0.0027620243499469534,0.002099814629986162,-0.0037561021394894967,0.4997381078932633
4,0.1,50,0,learned_occupancy,300,0.0005656070434739648,4.77621515886924e-05,-0.0008421148052496837,0.10233631492865385
4,0.1,50,0,oracle_no_cov,300,0.00024307534748713915,1.9114284009551313e-05,0.0006417235141789705,0.04398006637090415
4,0.1,50,0,oracle_tail,300,0.00023644567823060897,1.8259433697200846e-05,0.0008360532069828215,0.04278054820942228
4,0.1,50,0,tis,300,0.0034611875474209208,0.002114197335830727,-0.00035201253429423783,0.6262389815806929
4,0.1,50,0,tis_no_cov,300,0.0034471693962686086,0.0021132173854455836,-0.0008822741503884246,0.6237026519016469
4,0.1,50,0,uniform,300,0.0055269436257138135,0.00047448240347319954,0.007430182656638839,1.0
4,0.1,50,1,learned_mean,300,0.0,0.0,0.0,0.0
4,0.1,50,1,learned_occupancy,300,0.0,0.0,0.0,0.0
4,0.1,50,1,oracle_no_cov,300,0.0,0.0,0.0,0.0
4,0.1,50,1,oracle_tail,300,0.0,0.0,0.0,0.0
4,0.1,50,1,tis,300,0.0,0.0,0.0,0.0
4,0.1,50,1,tis_no_cov,300,0.0,0.0,0.0,0.0
4,0.1,50,1,uniform,300,0.0,0.0,0.0,0.0
4,0.1,50,2,learned_mean,300,0.04149204405279227,0.006594819595369397,0.03217131283846251,0.6993992413846125
4,0.1,50,2,learned_occupancy,300,0.009690919629591621,0.0008769903161534094,0.006664574351895697,0.16335232433070518
4,0.1,50,2,oracle_no_cov,300,0.0027797983981744353,0.00023036548032864427,0.003407611855840362,0.04685690799931858
4,0.1,50,2,oracle_tail,300,0.0027863619354331,0.0002040142121875557,0.0011775942310969286,0.0469675444619057
4,0.1,50,2,tis,300,0.04146535253850882,0.006476556751546917,0.04240086059955941,0.698949323207106
4,0.1,50,2,tis_no_cov,300,0.04154677090500661,0.006506457105367703,0.04241840606085698,0.7003217295337472
4,0.1,50,2,uniform,300,0.0593252631653557,0.006198267798323368,0.0371556031851095,1.0
4,0.1,50,3,learned_mean,300,0.10641960434093006,0.018973241601551026,0.0360237054606406,2.27210293569049
4,0.1,50,3,learned_occupancy,300,0.007115726235063275,0.0009959622043357096,0.004921787051379994,0.15192372278007854
4,0.1,50,3,oracle_no_cov,300,0.0022610691487588205,0.00018072367960636284,-0.0007820324693366058,0.04827476932009438
4,0.1,50,3,oracle_tail,300,0.0023031192177781616,0.00018026086387149852,0.0008484491569655065,0.049172555830921366
4,0.1,50,3,tis,300,0.11298517877532215,0.021134061418774424,0.03498145890552385,2.4122806880817302
4,0.1,50,3,tis_no_cov,300,0.11324703057071768,0.021119230993888176,0.03692738098227216,2.4178713331204773
4,0.1,50,3,uniform,300,0.04683749255778733,0.004635096981165445,0.0009135916243323594,1.0
4,0.1,50,4,learned_mean,300,0.0,0.0,0.0,0.0
4,0.1,50,4,learned_occupancy,300,0.0,0.0,0.0,0.0
4,0.1,50,4,oracle_no_cov,300,0.0,0.0,0.0,0.0
4,0.1,50,4,oracle_tail,300,0.0,0.0,0.0,0.0
4,0.1,50,4,tis,300,0.0,0.0,0.0,0.0
4,0.1,50,4,tis_no_cov,300,0.0,0.0,0.0,0.0
4,0.1,50,4,uniform,300,0.0,0.0,0.0,0.0
4,0.1,50,5,learned_mean,300,5.4016866548286834e-05,3.29534023788795e-05,0.0011747252297148367,2.046589220894824
4,0.1,50,5,learned_occupancy,300,0.0,0.0,0.0,0.0
4,0.1,50,5,oracle_no_cov,300,2.6393604538124753e-05,2.016933774860283e-05,0.0005487452444444422,1.0
4,0.1,50,5,oracle_tail,300,2.6393604538124753e-05,2.016933774860283e-05,0.0005487452444444422,1.0
4,0.1,50,5,tis,300,9.181301593275183e-05,5.2697974528995696e-05,0.001435412695744781,3.478608456079985
4,0.1,50,5,tis_no_cov,300,9.181301593275183e-05,5.2697974528995696e-05,0.001435412695744781,3.478608456079985
4,0.1,50,5,uniform,300,2.6393604538124753e-05,2.016933774860283e-05,0.0005487452444444422,1.0
4,0.1,50,6,learned_mean,300,0.14965547480281488,0.009292827871972841,0.21427427037670413,0.4141177909389924
4,0.1,50,6,learned_occupancy,300,0.041661937567227164,0.002868323380237201,0.010186035588803887,0.11528445300321095
4,0.1,50,6,oracle_no_cov,300,0.016974999809258685,0.001283204833552049,0.0014981105302520718,0.04697221689659029
4,0.1,50,6,oracle_tail,300,0.017269243941060615,0.0013470371187398406,0.000193792010020332,0.04778643187949772
4,0.1,50,6,tis,300,0.26382881911146827,0.01878544805424602,0.23589840206798185,0.7300515260162688
4,0.1,50,6,tis_no_cov,300,0.2615999234417948,0.018667466026933643,0.23764261148945925,0.7238838575619416
4,0.1,50,6,uniform,300,0.3613838334824452,0.025307961053149638,0.11953390922595301,1.0
4,0.1,50,7,learned_mean,300,0.0014263261401505842,0.0001904733151848431,0.004567476713155472,0.05221560911210087
4,0.1,50,7,learned_occupancy,300,0.001806776735534076,0.000240374671571923,0.008936554100098824,0.06614332102581029
4,0.1,50,7,oracle_no_cov,300,0.0003627470787399013,2.4640744691575865e-05,0.0009369844919666181,0.013279613362508706
4,0.1,50,7,oracle_tail,300,0.00032850666174651685,2.3787599442681332e-05,0.0007275322750297009,0.012026124290666313
4,0.1,50,7,tis,300,0.015088013324925115,0.003258648203687459,0.0393041718287779,0.5523489921942286
4,0.1,50,7,tis_no_cov,300,0.01504580210203144,0.0032591225149047453,0.038980583876137856,0.5508037041617684
4,0.1,50,7,uniform,300,0.027316087361701113,0.004322908361810166,0.07334527407702457,1.0
4,0.1,50,8,learned_mean,300,0.0,0.0,0.0,0.0
4,0.1,50,8,learned_occupancy,300,0.0,0.0,0.0,0.0
4,0.1,50,8,oracle_no_cov,300,0.0,0.0,0.0,0.0
4,0.1,50,8,oracle_tail,300,0.0,0.0,0.0,0.0
4,0.1,50,8,tis,300,0.0,0.0,0.0,0.0
4,0.1,50,8,tis_no_cov,300,0.0,0.0,0.0,0.0
4,0.1,50,8,uniform,300,0.0,0.0,0.0,0.0
4,0.1,50,9,learned_mean,300,0.00072853167597235,0.00015957642269592715,0.008872737665709987,0.09092415897061434
4,0.1,50,9,learned_occupancy,300,0.0004574461457435329,9.859647963641167e-05,0.008475979882767699,0.05709141750160275
4,0.1,50,9,oracle_no_cov,300,0.008012520371046853,0.0009520600464168037,0.04955618657777771,1.0
4,0.1,50,9,oracle_tail,300,0.008012520371046853,0.0009520600464168037,0.04955618657777771,1.0
4,0.1,50,9,tis,300,0.005457269261655636,0.0008817584956790822,0.03278897270083159,0.6810927160167247
4,0.1,50,9,tis_no_cov,300,0.005454279207435272,0.0008817824207059448,0.03278966927601313,0.680719543271833
4,0.1,50,9,uniform,300,0.008012520371046853,0.0009520600464168037,0.04955618657777771,1.0
4,0.1,50,10,learned_mean,300,1.6238508358782332e-05,1.4545647680475592e-05,0.0003954385419972413,0.015813387616407246
4,0.1,50,10,learned_occupancy,300,5.405288469999309e-08,4.104577252818607e-08,2.0028840968724927e-05,5.263779151757352e-05
4,0.1,50,10,oracle_no_cov,300,0.0010268835971575124,0.0002727128710446515,0.008915690725925894,1.0
4,0.1,50,10,oracle_tail,300,0.0010268835971575124,0.0002727128710446515,0.008915690725925894,1.0
4,0.1,50,10,tis,300,0.0016804300391894049,0.000463184686955038,0.011959062497151117,1.6364367332781982
4,0.1,50,10,tis_no_cov,300,0.0016804300391894049,0.000463184686955038,0.011959062497151117,1.6364367332781982
4,0.1,50,10,uniform,300,0.0010268835971575124,0.0002727128710446515,0.008915690725925894,1.0
4,0.1,50,11,learned_mean,300,0.0,0.0,0.0,0.0
4,0.1,50,11,learned_occupancy,300,0.0,0.0,0.0,0.0
4,0.1,50,11,oracle_no_cov,300,0.0,0.0,0.0,0.0
4,0.1,50,11,oracle_tail,300,0.0,0.0,0.0,0.0
4,0.1,50,11,tis,300,0.0,0.0,0.0,0.0
4,0.1,50,11,tis_no_cov,300,0.0,0.0,0.0,0.0
4,0.1,50,11,uniform,300,0.0,0.0,0.0,0.0
4,0.1,50,12,learned_mean,300,0.0025410596959790826,0.0003758927221621665,-0.0067203189126112655,0.30429281699142446
4,0.1,50,12,learned_occupancy,300,0.003140683480472861,0.0003916426627684792,-0.007927479987836923,0.37609798190250204
4,0.1,50,12,oracle_no_cov,300,0.0005043478558013953,4.075651577715416e-05,-0.0018159540645442376,0.060395838015233565
4,0.1,50,12,oracle_tail,300,0.0005392238166265765,4.3864591127400974e-05,-0.002681130053382879,0.06457224692903041
4,0.1,50,12,tis,300,0.0025577458305330865,0.00025258870709702014,-0.003295091575339771,0.3062909876350226
4,0.1,50,12,tis_no_cov,300,0.0023829765161958606,0.0002534225036683118,-0.004770495543194917,0.28536229907745475
4,0.1,50,12,uniform,300,0.008350705485271755,0.0007574269059078637,0.010894569532435096,1.0
4,0.1,50,13,learned_mean,300,0.0,0.0,0.0,0.0
4,0.1,50,13,learned_occupancy,300,0.0,0.0,0.0,0.0
4,0.1,50,13,oracle_no_cov,300,0.0,0.0,0.0,0.0
4,0.1,50,13,oracle_tail,300,0.0,0.0,0.0,0.0
4,0.1,50,13,tis,300,0.0,0.0,0.0,0.0
4,0.1,50,13,tis_no_cov,300,0.0,0.0,0.0,0.0
4,0.1,50,13,uniform,300,0.0,0.0,0.0,0.0
4,0.1,50,14,learned_mean,300,0.0009863047855679017,0.00027715550748183944,0.002901229242153113,0.5650520720591854
4,0.1,50,14,learned_occupancy,300,0.0005109136207081613,0.0002338615664971902,-0.00017761969609004927,0.2927014085794805
4,0.1,50,14,oracle_no_cov,300,3.772290318042123e-05,3.495597832395079e-06,0.0004775215217204698,0.021611377049044648
4,0.1,50,14,oracle_tail,300,3.5699263896592273e-05,3.6155344171990686e-06,0.0006266538969925639,0.020452038082875556
4,0.1,50,14,tis,300,0.003947393558708453,0.0009698781203153513,0.0037067699087745677,2.2614540071373677
4,0.1,50,14,tis_no_cov,300,0.0038557496504785533,0.0009727840281973618,0.003909014233458759,2.208951392332462
4,0.1,50,14,uniform,300,0.0017455113153971283,0.00020394232004827652,0.014332032696053893,1.0
4,0.1,50,15,learned_mean,300,0.0,0.0,0.0,0.0
4,0.1,50,15,learned_occupancy,300,0.0,0.0,0.0,0.0
4,0.1,50,15,oracle_no_cov,300,0.00012066378132210083,8.380470280450021e-05,0.0010989719407407388,1.0
4,0.1,50,15,oracle_tail,300,0.00012066378132210083,8.380470280450021e-05,0.0010989719407407388,1.0
4,0.1,50,15,tis,300,0.0006925841947452315,0.0003102735832155177,0.004287229483644298,5.739785270747002
4,0.1,50,15,tis_no_cov,300,0.0006925841947452315,0.0003102735832155177,0.004287229483644298,5.739785270747002
4,0.1,50,15,uniform,300,0.00012066378132210083,8.380470280450021e-05,0.0010989719407407388,1.0
4,0.1,50,16,learned_mean,300,0.05546287715933224,0.012219125267753456,0.07786761322054364,0.3130647441185514
4,0.1,50,16,learned_occupancy,300,0.008865009109603167,0.000986724679909305,0.0159727370319433,0.05003926861806454
4,0.1,50,16,oracle_no_cov,300,0.002254203104652833,0.00020568218494568274,0.005988718620801211,0.012724033701353691
4,0.1,50,16,oracle_tail,300,0.0021401682941387568,0.00018457824583916917,0.005568048872830627,0.012080354891261708
4,0.1,50,16,tis,300,0.06027454838200833,0.012109864131020198,0.08099767168086863,0.34022461568060985
4,0.1,50,16,tis_no_cov,300,0.060438699220251156,0.012107475686223102,0.08043894645211119,0.3411511785061139
4,0.1,50,16,uniform,300,0.17716104480397687,0.022815936952485117,0.14526662900149073,1.0
4,0.1,50,17,learned_mean,300,0.05198098539798533,0.024939716288274117,0.001256650300050075,2.8537774718670144
4,0.1,50,17,learned_occupancy,300,0.003701340545651751,0.00044522076787856214,0.0025535683634446307,0.20320511787178086
4,0.1,50,17,oracle_no_cov,300,0.001112104805117545,8.475960464723417e-05,0.0034482197050988866,0.06105501107569445
4,0.1,50,17,oracle_tail,300,0.0009545252686807834,7.609838471684591e-05,0.0029671489960495082,0.05240382973183507
4,0.1,50,17,tis,300,0.052565713777775865,0.02493637887007817,0.0010157782541807931,2.8858793003458603
4,0.1,50,17,tis_no_cov,300,0.05233422170845677,0.024938270935528764,0.0022805313150243787,2.8731702905554397
4,0.1,50,17,uniform,300,0.018214799825992754,0.0024546936033612845,0.023702499798027025,1.0
4,0.1,50,18,learned_mean,300,0.04484724687056904,0.012590841904574438,-0.004615203224483979,0.39735830215118834
4,0.1,50,18,learned_occupancy,300,0.011733404255037142,0.0010752087606923904,0.0015623236310488972,0.1039610214355156
4,0.1,50,18,oracle_no_cov,300,0.0037523552836249826,0.00028416406839716743,-0.0006440777519141724,0.03324684631974032
4,0.1,50,18,oracle_tail,300,0.003527820184768519,0.00026142433936949264,-0.000325771588949646,0.03125740679154702
4,0.1,50,18,tis,300,0.0733668931299551,0.016368675277115084,-0.0032781669411437275,0.6500498051165374
4,0.1,50,18,tis_no_cov,300,0.07347447448729048,0.016436602183944472,-0.0033427164432254567,0.6510030039966667
4,0.1,50,18,uniform,300,0.11286349530833609,0.011343610116333919,0.020788521018702037,1.0
4,0.1,50,19,learned_mean,300,0.0050879307100728495,0.0003919570727325514,-0.010247284499541582,0.11371997192876468
4,0.1,50,19,learned_occupancy,300,0.005471391703336676,0.00041222683569558686,-0.008773546128610855,0.12229068090155143
4,0.1,50,19,oracle_no_cov,300,0.001088249870636597,9.693600973984327e-05,-0.0006145629650568085,0.024323394281936608
4,0.1,50,19,oracle_tail,300,0.001094319297003623,9.596436156268157e-05,0.0012750119310229943,0.024459051592425413
4,0.1,50,19,tis,300,0.01927917759092699,0.003400190195527857,0.019053661614142736,0.4309075062892307
4,0.1,50,19,tis_no_cov,300,0.019221396399778136,0.0034009979839455936,0.018657762736424773,0.4296160430579313
4,0.1,50,19,uniform,300,0.04474087201903268,0.004509107021319097,0.05736941644017812,1.0
4,0.1,50,20,learned_mean,300,0.003332787882884416,0.0002761290746987356,-0.00527254694181097,0.11205054687489868
4,0.1,50,20,learned_occupancy,300,0.0037923970609882846,0.0003012446151850552,-0.007060124449834653,0.1275029133515465
4,0.1,50,20,oracle_no_cov,300,0.0005544175167726752,6.068883642703721e-05,0.0013984865872891535,0.01863988592566425
4,0.1,50,20,oracle_tail,300,0.000515409895664335,5.108807237039372e-05,0.0005364377253875414,0.017328423741129553
4,0.1,50,20,tis,300,0.006075966895327661,0.0008634425705739015,0.0011496754396195818,0.20427805109097488
4,0.1,50,20,tis_no_cov,300,0.00602649522844801,0.0008628869094111652,0.00039438172560340507,0.2026147807229009
4,0.1,50,20,uniform,300,0.029743611038377,0.003295311203171556,0.028930963652196322,1.0
4,0.1,50,21,learned_mean,300,0.0019358545594792256,0.00013306504780428202,-0.015494775725783002,0.22603820165336838
4,0.1,50,21,learned_occupancy,300,0.002333624456314277,0.00015581875596369893,-0.012184406377139323,0.2724834222987811
4,0.1,50,21,oracle_no_cov,300,0.0003711361376647986,3.102992364630428e-05,-0.0020542480571675813,0.043335355290790016
4,0.1,50,21,oracle_tail,300,0.0003457859349884457,2.6945897927848978e-05,-0.0016113889618522368,0.040375363179578565
4,0.1,50,21,tis,300,0.004075235057721769,0.0003875811664352627,-0.013678528449422979,0.4758409144176592
4,0.1,50,21,tis_no_cov,300,0.004046469919046875,0.000387647004862145,-0.013956452015082442,0.4724821805786191
4,0.1,50,21,uniform,300,0.008564280485861749,0.0006784546863874487,0.014142955707454273,1.0
4,0.1,50,22,learned_mean,300,2.6240952960086146e-06,2.619718153184821e-06,9.352531379273055e-05,2624095296.0086145
4,0.1,50,22,learned_occupancy,300,0.0,0.0,0.0,0.0
4,0.1,50,22,oracle_no_cov,300,0.0,0.0,0.0,0.0
4,0.1,50,22,oracle_tail,300,0.0,0.0,0.0,0.0
4,0.1,50,22,tis,300,0.0,0.0,0.0,0.0
4,0.1,50,22,tis_no_cov,300,0.0,0.0,0.0,0.0
4,0.1,50,22,uniform,300,0.0,0.0,0.0,0.0
4,0.1,50,23,learned_mean,300,0.0024237770979021983,0.00019786070266130057,-0.0042662060224675415,0.2551505642271459
4,0.1,50,23,learned_occupancy,300,0.0019627737270851687,0.00019291966873016543,0.00012121023970815103,0.20662082513670435
4,0.1,50,23,oracle_no_cov,300,0.00035464334782677327,3.0197893195771637e-05,0.0003804213230452262,0.037333239255261094
4,0.1,50,23,oracle_tail,300,0.000349045074399463,2.8624926922132005e-05,1.6192352967751012e-05,0.036743910052954354
4,0.1,50,23,tis,300,0.004973810671550392,0.0005973440888040086,0.010865289407835361,0.5235921241699472
4,0.1,50,23,tis_no_cov,300,0.00499123869607774,0.0005970890565915849,0.01102225000682235,0.5254267690699943
4,0.1,50,23,uniform,300,0.009499399326212929,0.0007906648294676311,0.031019177514005337,1.0
4,0.1,50,24,learned_mean,300,0.0,0.0,0.0,0.0
4,0.1,50,24,learned_occupancy,300,0.0,0.0,0.0,0.0
4,0.1,50,24,oracle_no_cov,300,0.0,0.0,0.0,0.0
4,0.1,50,24,oracle_tail,300,0.0,0.0,0.0,0.0
4,0.1,50,24,tis,300,0.0,0.0,0.0,0.0
4,0.1,50,24,tis_no_cov,300,0.0,0.0,0.0,0.0
4,0.1,50,24,uniform,300,0.0,0.0,0.0,0.0
4,0.1,50,25,learned_mean,300,0.0035224364001261647,0.002327809239070627,0.011483038533241837,0.39653809720242417
4,0.1,50,25,learned_occupancy,300,0.00089226504611365,9.22014851096299e-05,-0.0013142937765587793,0.10044669183337623
4,0.1,50,25,oracle_no_cov,300,0.0003205162270590433,2.762843531645864e-05,8.988202997928981e-05,0.036082097833176174
4,0.1,50,25,oracle_tail,300,0.0003015274559496606,2.6200206001867267e-05,-0.0008538433420466592,0.03394443789880311
4,0.1,50,25,tis,300,0.006207379816447557,0.00136609473045442,0.0125473043150171,0.6987954646785628
4,0.1,50,25,tis_no_cov,300,0.006204544036633064,0.0013661111947046586,0.01262199352501562,0.6984762269112935
4,0.1,50,25,uniform,300,0.008882970955317912,0.0013052758244731831,0.00014457194781839118,1.0
4,0.1,50,26,learned_mean,300,0.0005670494304969236,7.876359850891312e-05,0.009404033847436499,0.34031656429474727
4,0.1,50,26,learned_occupancy,300,0.00012712352191427036,1.157767393150659e-05,0.00033196837950331276,0.07629359609972698
4,0.1,50,26,oracle_no_cov,300,7.74471642041945e-05,6.486253537083553e-06,-9.877543675788302e-05,0.04648016807502216
4,0.1,50,26,oracle_tail,300,7.781241730312784e-05,5.847094782948004e-06,-4.721371342914763e-05,0.04669937591307267
4,0.1,50,26,tis,300,0.001435324926627374,0.00039568486982835815,0.010842467815862754,0.8614149338768944
4,0.1,50,26,tis_no_cov,300,0.001435063829482857,0.0003956877586373299,0.01083428443420439,0.8612582355744355
4,0.1,50,26,uniform,300,0.0016662410531560364,0.0003302920376029929,0.010392067834134424,1.0
4,0.1,50,27,learned_mean,300,0.0006538892160506713,0.00022354948407701371,0.00752623996413836,0.159543054547077
4,0.1,50,27,learned_occupancy,300,0.0001006986619508855,3.7487870645215816e-05,0.0023216254784143996,0.02456956273645415
4,0.1,50,27,oracle_no_cov,300,0.00409851257961045,0.0005709142654386391,0.030580287911110997,1.0
4,0.1,50,27,oracle_tail,300,0.00409851257961045,0.0005709142654386391,0.030580287911110997,1.0
4,0.1,50,27,tis,300,0.004667820962228677,0.0008695976571633406,0.027298986783601827,1.1389060961897397
4,0.1,50,27,tis_no_cov,300,0.0046646302579006205,0.0008696400283601481,0.02724484097302278,1.1381275931923522
4,0.1,50,27,uniform,300,0.00409851257961045,0.0005709142654386391,0.030580287911110997,1.0
4,0.1,50,28,learned_mean,300,0.0029426730103355872,0.0005781882787616229,0.018802290191214745,0.3974044790396074
4,0.1,50,28,learned_occupancy,300,0.0018335251938647167,0.00040870245095260104,0.013376442432880442,0.24761538978831577
4,0.1,50,28,oracle_no_cov,300,0.00019536025662658196,2.3325504617563485e-05,0.003790776138006741,0.02638316956625669
4,0.1,50,28,oracle_tail,300,0.0001938749588641975,2.0540553015296496e-05,0.004206564171236155,0.02618258187560744
4,0.1,50,28,tis,300,0.006442996391659296,0.0009202732649076129,0.03414782620280212,0.8701189753289754
4,0.1,50,28,tis_no_cov,300,0.00645042242689069,0.0009203365394654719,0.034165373640124,0.8711218525267126
4,0.1,50,28,uniform,300,0.007404730357964347,0.0008052406107973485,0.04458867207377295,1.0
4,0.1,50,29,learned_mean,300,1.556354376560145e-05,1.1881457066157817e-05,0.00037986297922077973,0.059371300449296796
4,0.1,50,29,learned_occupancy,300,4.787121765154362e-06,4.7258787133229645e-06,0.00013896425550649443,0.01826175637675306
4,0.1,50,29,oracle_no_cov,300,0.00026213917579408165,0.00011644103898773115,0.003239909244444436,1.0
4,0.1,50,29,oracle_tail,300,0.00026213917579408165,0.00011644103898773115,0.003239909244444436,1.0
4,0.1,50,29,tis,300,0.0008708348506485556,0.00032570866798898516,0.006400722740793805,3.3220324585617185
4,0.1,50,29,tis_no_cov,300,0.0008708348506485556,0.00032570866798898516,0.006400722740793805,3.3220324585617185
4,0.1,50,29,uniform,300,0.00026213917579408165,0.00011644103898773115,0.003239909244444436,1.0
4,0.1,50,30,learned_mean,300,1.921212976699366e-05,2.120364406445244e-06,8.574512843435652e-05,0.037745628838168725
4,0.1,50,30,learned_occupancy,300,3.063780122564188e-05,2.9526235509702085e-06,-0.00045091929083517667,0.06019338238425978
4,0.1,50,30,oracle_no_cov,300,0.11217671266913655,0.01696904452285349,0.1278584786713423,220.39100360280864
4,0.1,50,30,oracle_tail,300,0.11218559428556096,0.016970171784123845,0.12757668367838554,220.40845311002647
4,0.1,50,30,tis,300,0.015596767770408259,0.007145575163165079,0.019401344129476285,30.642610396497677
4,0.1,50,30,tis_no_cov,300,0.01561249262617535,0.0071594105569461495,0.01936872711103866,30.673504658430993
4,0.1,50,30,uniform,300,0.0005089895269559314,0.00011146374886638665,0.0008314957908160855,1.0
4,0.1,50,31,learned_mean,300,0.0034787341010700194,0.00047330278415296304,0.004749131807859281,0.3413482151263761
4,0.1,50,31,learned_occupancy,300,0.002391962039575664,0.00022323659847130818,6.441668480179907e-06,0.23470950901595364
4,0.1,50,31,oracle_no_cov,300,0.00033716691345717515,2.9201999895117246e-05,0.0011566999807734717,0.033084254434069926
4,0.1,50,31,oracle_tail,300,0.0003189275881947197,2.5402815795342153e-05,0.0012379763308601093,0.0312945341097906
4,0.1,50,31,tis,300,0.005153923438261604,0.0005930057845054459,0.008395899823931066,0.5057249319536835
4,0.1,50,31,tis_no_cov,300,0.005200029699686978,0.0005937723151967231,0.007959363223976446,0.5102490748132543
4,0.1,50,31,uniform,300,0.01019115948733495,0.0006867349464515124,0.0179837468302221,1.0
4,0.1,50,32,learned_mean,300,0.0004886615008490605,0.0001924266147263401,0.003865534411830569,0.8724785718555101
4,0.1,50,32,learned_occupancy,300,0.00010994102798232773,9.741619452952052e-05,0.0008483752518073651,0.19629373485671106
4,0.1,50,32,oracle_no_cov,300,0.0005600842434557659,0.0001342036477587233,0.007604871733333324,1.0
4,0.1,50,32,oracle_tail,300,0.0005600842434557659,0.0001342036477587233,0.007604871733333324,1.0
4,0.1,50,32,tis,300,0.0014815483676347944,0.00037337815247029925,0.011324037225578757,2.645224151448216
4,0.1,50,32,tis_no_cov,300,0.0014788470496651233,0.0003733722211655556,0.0112843646722622,2.6404010949147847
4,0.1,50,32,uniform,300,0.0005600842434557659,0.0001342036477587233,0.007604871733333324,1.0
4,0.1,50,33,learned_mean,300,0.0005585242723278969,4.7733231999758534e-05,0.0007105189979417559,0.07393213688304415
4,0.1,50,33,learned_occupancy,300,0.0007706974624232296,6.35370951482115e-05,-0.00098340547967218,0.10201760802588312
4,0.1,50,33,oracle_no_cov,300,9.69227157790385e-05,8.231527257015102e-06,0.00019872202772724612,0.012829708295730855
4,0.1,50,33,oracle_tail,300,9.45389899604307e-05,8.333297543572464e-06,0.00020846657537560654,0.012514173318569655
4,0.1,50,33,tis,300,0.001716506872248903,0.0005850706307536127,0.0028169746519372315,0.22721487198910637
4,0.1,50,33,tis_no_cov,300,0.0017016250443074462,0.000585471034581669,0.0030530602992760903,0.22524495699176536
4,0.1,50,33,uniform,300,0.007554553349532506,0.0008320150089337752,0.02212617971006891,1.0
4,0.1,50,34,learned_mean,300,0.0,0.0,0.0,0.0
4,0.1,50,34,learned_occupancy,300,0.0,0.0,0.0,0.0
4,0.1,50,34,oracle_no_cov,300,0.0,0.0,0.0,0.0
4,0.1,50,34,oracle_tail,300,0.0,0.0,0.0,0.0
4,0.1,50,34,tis,300,0.0,0.0,0.0,0.0
4,0.1,50,34,tis_no_cov,300,0.0,0.0,0.0,0.0
4,0.1,50,34,uniform,300,0.0,0.0,0.0,0.0
4,0.1,50,35,learned_mean,300,4.528020547525354e-07,4.5204675471919673e-07,3.8850227573444805e-05,452802054.75253534
4,0.1,50,35,learned_occupancy,300,0.0,0.0,0.0,0.0
4,0.1,50,35,oracle_no_cov,300,0.0,0.0,0.0,0.0
4,0.1,50,35,oracle_tail,300,0.0,0.0,0.0,0.0
4,0.1,50,35,tis,300,0.0,0.0,0.0,0.0
4,0.1,50,35,tis_no_cov,300,0.0,0.0,0.0,0.0
4,0.1,50,35,uniform,300,0.0,0.0,0.0,0.0
4,0.1,50,36,learned_mean,300,0.0022701400903771514,0.0022615853819441603,-0.0019537706971761077,2.76316369636872
4,0.1,50,36,learned_occupancy,300,1.6215463405012232e-05,3.7600320219751628e-06,-5.288835052601026e-05,0.019737099040914887
4,0.1,50,36,oracle_no_cov,300,5.939478417227782e-06,8.66728299384867e-07,5.641675972174613e-05,0.007229400162314553
4,0.1,50,36,oracle_tail,300,6.017131692074264e-06,8.044925999662268e-07,4.5314212848245695e-05,0.007323917990033412
4,0.1,50,36,tis,300,0.0022695199380767784,0.0022605997020784894,-0.0019372268289800454,2.7624088608720587
4,0.1,50,36,tis_no_cov,300,0.0022694744735869557,0.0022605998535572564,-0.0019333035830173672,2.7623535225128606
4,0.1,50,36,uniform,300,0.0008215727838927937,0.00029933120942711135,0.003676953369095586,1.0
4,0.1,50,37,learned_mean,300,0.18995497244427792,0.03887577284239758,-0.0016546673269839946,2.8329040138938146
4,0.1,50,37,learned_occupancy,300,0.004906004575835967,0.0003354975656978519,0.00095092352742292,0.07316597126271118
4,0.1,50,37,oracle_no_cov,300,0.0016778466814392915,0.00014007701263677892,-0.0013155184362668242,0.025022659514438876
4,0.1,50,37,oracle_tail,300,0.0016405180903763233,0.00012529534913857803,-0.000510611172573047,0.024465957501880062
4,0.1,50,37,tis,300,0.18504265560335023,0.038452244634384236,0.009446055939710742,2.7596439043156646
4,0.1,50,37,tis_no_cov,300,0.18258174748695802,0.038479337108201284,0.007627393984075457,2.722943014673008
4,0.1,50,37,uniform,300,0.06705309163764628,0.005859393326559278,0.01712857076528734,1.0
4,0.1,50,38,learned_mean,300,0.07986269776219486,0.01044664965830686,0.03104118218387383,0.9459738239807999
4,0.1,50,38,learned_occupancy,300,0.012900353326731203,0.0011041715517883346,-0.007915316422105268,0.15280471245197721
4,0.1,50,38,oracle_no_cov,300,0.002564079209255932,0.00021316129050288207,0.004124241329102614,0.03037152365916819
4,0.1,50,38,oracle_tail,300,0.0027347601528329105,0.00023110784523242632,0.003465076830335154,0.032393239796994384
4,0.1,50,38,tis,300,0.07859236934134482,0.010450292522941792,0.03281502963630723,0.930926781147846
4,0.1,50,38,tis_no_cov,300,0.07837682969291934,0.010451972434358485,0.0323939551535115,0.9283737135561693
4,0.1,50,38,uniform,300,0.08442379243235361,0.0061915648964730174,0.01972454040146056,1.0
4,0.1,50,39,learned_mean,300,0.005730587034453532,0.0010790817334694206,-0.006738495801799177,0.27537927524774086
4,0.1,50,39,learned_occupancy,300,0.0031094765218955913,0.0002761414207263657,-0.005395552650234044,0.14942367786254715
4,0.1,50,39,oracle_no_cov,300,0.002982645876975821,0.00018564767142201924,0.04098075230897975,0.14332892162427277
4,0.1,50,39,oracle_tail,300,0.00303342751042936,0.00018815180801861454,0.04156453759887254,0.14576919682335027
4,0.1,50,39,tis,300,0.011127291245201698,0.0014749730124928777,0.021039388531529955,0.5347140493899469
4,0.1,50,39,tis_no_cov,300,0.011046924280271181,0.0014720668961367212,0.02051662277144147,0.5308520721748087
4,0.1,50,39,uniform,300,0.020809797793599736,0.0019653167871405536,0.03377563249062012,1.0
4,0.1,50,40,learned_mean,300,0.0017922245810282034,0.0001437653547465742,0.0019545525544978305,0.17196986078315035
4,0.1,50,40,learned_occupancy,300,0.0017189387028971445,0.0001662342663932977,0.0017970321821492666,0.16493783901926026
4,0.1,50,40,oracle_no_cov,300,0.0006057072512144657,5.1943083352148236e-05,0.0022521162686186904,0.058119608875656405
4,0.1,50,40,oracle_tail,300,0.000600621392136933,4.870101588481661e-05,0.001141563770946914,0.05763160391981306
4,0.1,50,40,tis,300,0.003583617229759304,0.0004946034358536293,0.007930551088575623,0.34385989491799546
4,0.1,50,40,tis_no_cov,300,0.0033909987301459807,0.0004705062439041462,0.007108847742501784,0.3253775144655642
4,0.1,50,40,uniform,300,0.010421736534916157,0.0008314594692991478,0.015808617673311324,1.0
4,0.1,50,41,learned_mean,300,0.023313007509846228,0.00448423122434077,0.0340091325839824,0.7416655377016663
4,0.1,50,41,learned_occupancy,300,0.009624929865207077,0.001580562392955426,0.011922856149577611,0.3062015392396156
4,0.1,50,41,oracle_no_cov,300,0.0014445481876855504,0.00011845043951278152,0.0015321263073313422,0.0459559586168056
4,0.1,50,41,oracle_tail,300,0.0014104481579819473,0.00011831815690442202,0.0017298158241667286,0.044871121456474226
4,0.1,50,41,tis,300,0.024701902045551106,0.004595753147399723,0.03196350594216988,0.7858509656092156
4,0.1,50,41,tis_no_cov,300,0.024236776292769147,0.004609880465163027,0.030195164017042444,0.7710537438697971
4,0.1,50,41,uniform,300,0.03143331640039589,0.0031907983728007346,0.045610320291684,1.0
4,0.1,50,42,learned_mean,300,0.03007977635092739,0.015013672757692751,-0.012807582322775901,2.148510508021212
4,0.1,50,42,learned_occupancy,300,0.005273960466865833,0.0009542218839794702,-0.003312579411630453,0.37670358149455946
4,0.1,50,42,oracle_no_cov,300,0.0007671060456782238,6.399124421230483e-05,0.00030039856987487717,0.05479214275658835
4,0.1,50,42,oracle_tail,300,0.0007720964982995,5.9522477413384335e-05,0.0006705150015709372,0.055148596201304974
4,0.1,50,42,tis,300,0.030653364779701472,0.015127975308050752,-0.012851591391657022,2.189480253012767
4,0.1,50,42,tis_no_cov,300,0.030756057529168938,0.015033066293735483,-0.012045386632483007,2.196815295958378
4,0.1,50,42,uniform,300,0.014000292872028353,0.001502582259937859,0.006976570032705274,1.0
4,0.1,50,43,learned_mean,300,0.0023621286218337523,0.00020570809285190485,-0.007298268292883949,0.3065859901620228
4,0.1,50,43,learned_occupancy,300,0.0023763737975586265,0.00022661964906033733,-0.007219031087362519,0.30843490358031594
4,0.1,50,43,oracle_no_cov,300,0.0002675014211565889,2.1613981095405856e-05,0.0004375011450372727,0.034719611505055946
4,0.1,50,43,oracle_tail,300,0.00025409991262075325,2.0269130888256365e-05,0.0003289517906463783,0.03298019955003111
4,0.1,50,43,tis,300,0.004289172674843687,0.0004606191668153417,-0.002508281314194355,0.5567013749115793
4,0.1,50,43,tis_no_cov,300,0.004270660875123497,0.00045993817601140897,-0.0017798089210486132,0.5542986867622398
4,0.1,50,43,uniform,300,0.00770462022933738,0.000509808843026437,0.0022396088198500894,1.0
4,0.1,50,44,learned_mean,300,0.0,0.0,0.0,0.0
4,0.1,50,44,learned_occupancy,300,0.0,0.0,0.0,0.0
4,0.1,50,44,oracle_no_cov,300,0.0,0.0,0.0,0.0
4,0.1,50,44,oracle_tail,300,0.0,0.0,0.0,0.0
4,0.1,50,44,tis,300,0.0,0.0,0.0,0.0
4,0.1,50,44,tis_no_cov,300,0.0,0.0,0.0,0.0
4,0.1,50,44,uniform,300,0.0,0.0,0.0,0.0
4,0.1,50,45,learned_mean,300,0.0009240842246664095,9.593618638537001e-05,-0.001650761950103945,0.03856801606611693
4,0.1,50,45,learned_occupancy,300,0.0017232905364812435,0.0001232286701566238,0.005129401914789862,0.07192406852480253
4,0.1,50,45,oracle_no_cov,300,0.00032063575583236777,2.6391492469153624e-05,-0.0003098578855132426,0.013382205487577153
4,0.1,50,45,oracle_tail,300,0.0003050420964534089,2.578931596935212e-05,6.691336559730902e-05,0.012731381147756453
4,0.1,50,45,tis,300,0.005938374714973307,0.0012285478340595328,0.01448328665092639,0.24784681450047735
4,0.1,50,45,tis_no_cov,300,0.005920242775417057,0.001228629091516296,0.014087316561136725,0.24709005129919256
4,0.1,50,45,uniform,300,0.023959858943282362,0.0040945214297213334,0.06477802026629098,1.0
4,0.1,50,46,learned_mean,300,0.12131007573910658,0.014404423257607013,0.11758005424823686,1.1062442233051244
4,0.1,50,46,learned_occupancy,300,0.015029761625040172,0.0015319520734100025,0.009046144784988367,0.1370585821008917
4,0.1,50,46,oracle_no_cov,300,0.005028940652846156,0.0003978805908943288,0.005128933513055038,0.04585964119352987
4,0.1,50,46,oracle_tail,300,0.004695145147715406,0.00036348414833616336,0.003585969033751312,0.042815711436942724
4,0.1,50,46,tis,300,0.12964212717838022,0.013815831267127801,0.11553846742746107,1.1822254121455353
4,0.1,50,46,tis_no_cov,300,0.13028332895587527,0.013937247730491154,0.1160008928419993,1.1880726244072142
4,0.1,50,46,uniform,300,0.10965939815411521,0.0069003698634782255,0.05584428692216472,1.0
4,0.1,50,47,learned_mean,300,0.23067835298806827,0.017437859479675497,0.07937298993609355,1.2315720917529567
4,0.1,50,47,learned_occupancy,300,0.027514100345651046,0.002323483173984274,-0.00921744914904352,0.14689543980378134
4,0.1,50,47,oracle_no_cov,300,0.005235549139979502,0.00043266774672551055,-0.0020318741618045263,0.027952151219553165
4,0.1,50,47,oracle_tail,300,0.005044755758864817,0.0004313457107725407,8.005707872018079e-05,0.026933521597708305
4,0.1,50,47,tis,300,0.24960634457313902,0.01767090898868197,0.09402983697009717,1.3326270277152994
4,0.1,50,47,tis_no_cov,300,0.24962270032546915,0.017674861556150837,0.09492993064690745,1.332714349684823
4,0.1,50,47,uniform,300,0.18730397881924438,0.01217118693517233,0.03728617772583598,1.0
4,0.1,50,48,learned_mean,300,0.09767329397913646,0.01737497233514049,0.06658213346535015,1.5760767574364816
4,0.1,50,48,learned_occupancy,300,0.009420664287029907,0.0011157390824784522,-0.008864457181245785,0.1520138148056244
4,0.1,50,48,oracle_no_cov,300,0.0016384081509628794,0.00012953983861408125,0.0008161963010518673,0.026437697560181193
4,0.1,50,48,oracle_tail,300,0.0016263085445878066,0.00013379765687336314,0.001821576642667293,0.026242455773967287
4,0.1,50,48,tis,300,0.0986191658399028,0.017377313750628502,0.06449304788593399,1.5913395441669613
4,0.1,50,48,tis_no_cov,300,0.09860236786367892,0.01737651273891023,0.06716822074917213,1.5910684884994408
4,0.1,50,48,uniform,300,0.061972422039903635,0.005433772333570491,0.017163182939312672,1.0
4,0.1,50,49,learned_mean,300,0.021067781854164278,0.00154120513499649,0.044561582136733106,1.1060375537720115
4,0.1,50,49,learned_occupancy,300,0.004235222124706347,0.0005356723608475972,0.002613347228103248,0.22234494124332332
4,0.1,50,49,oracle_no_cov,300,0.0010694311051712986,8.698395695189239e-05,-0.0010939582719899003,0.05614406735740727
4,0.1,50,49,oracle_tail,300,0.001059283474321968,8.579721113661369e-05,-0.0012493607300285703,0.055611326849703734
4,0.1,50,49,tis,300,0.026972179271594926,0.0019573920704215276,0.05498467817488307,1.416012534587657
4,0.1,50,49,tis_no_cov,300,0.026358989601265276,0.0019009392633514387,0.05381670909856441,1.3838206879250898
4,0.1,50,49,uniform,300,0.0190479805882857,0.001861205401756087,0.027280285729843475,1.0
4,0.1,100,0,learned_mean,300,0.00033068432620113265,0.00010421837979807875,-0.0027150555770455967,0.09696357318484827
4,0.1,100,0,learned_occupancy,300,0.00024626387133219496,2.4976706708469024e-05,-0.001473918759171892,0.07220972697744256
4,0.1,100,0,oracle_no_cov,300,0.00010797479580433265,9.876777082240704e-06,-0.001347560992027991,0.031660472497642665
4,0.1,100,0,oracle_tail,300,0.00010132128218673008,8.662891926764223e-06,-0.001209326178119879,0.029709522895621336
4,0.1,100,0,tis,300,0.0014885272522578447,0.00047861146074079956,-0.0006814399115199935,0.43646737908635197
4,0.1,100,0,tis_no_cov,300,0.001482396649494322,0.00047986422296458114,-0.0003686029289806925,0.4346697579031619
4,0.1,100,0,uniform,300,0.0034103974857725857,0.00027187875432041253,0.004947143734416642,1.0
4,0.1,100,1,learned_mean,300,0.0,0.0,0.0,0.0
4,0.1,100,1,learned_occupancy,300,0.0,0.0,0.0,0.0
4,0.1,100,1,oracle_no_cov,300,0.0,0.0,0.0,0.0
4,0.1,100,1,oracle_tail,300,0.0,0.0,0.0,0.0
4,0.1,100,1,tis,300,0.0,0.0,0.0,0.0
4,0.1,100,1,tis_no_cov,300,0.0,0.0,0.0,0.0
4,0.1,100,1,uniform,300,0.0,0.0,0.0,0.0
4,0.1,100,2,learned_mean,300,0.024658333990189508,0.002875685199961452,0.044282504785317214,0.6924424933797116
4,0.1,100,2,learned_occupancy,300,0.0044563323477717605,0.0005044327446481297,0.00904574539931514,0.1251404041914361
4,0.1,100,2,oracle_no_cov,300,0.0015500769849298148,0.00011531879070951494,0.004528500033015271,0.04352845463129595
4,0.1,100,2,oracle_tail,300,0.0014375312139005688,0.00011399686159736214,0.0017794136238210195,0.040368002901595194
4,0.1,100,2,tis,300,0.025841731906201447,0.002884638171091077,0.043208024715713576,0.7256740573592441
4,0.1,100,2,tis_no_cov,300,0.026025980364906845,0.0029172468678085707,0.0432713789160955,0.7308480266224593
4,0.1,100,2,uniform,300,0.035610659695126085,0.003358266933212787,0.0066313898091836165,1.0
4,0.1,100,3,learned_mean,300,0.08997967014850874,0.014139187703743965,0.014132064287499399,4.590684727535034
4,0.1,100,3,learned_occupancy,300,0.002958800265342023,0.0005193659219166909,0.0009589078194617798,0.15095542323631586
4,0.1,100,3,oracle_no_cov,300,0.0009047611846756735,7.327589194141925e-05,0.0025418257155440825,0.04616013090181301
4,0.1,100,3,oracle_tail,300,0.0009819397109239758,8.63051139551824e-05,0.002290446750863661,0.050097712370571194
4,0.1,100,3,tis,300,0.10208417534016336,0.014438491494702091,0.003859889415157355,5.208246083627851
4,0.1,100,3,tis_no_cov,300,0.10386753050673882,0.014511417864258292,0.002580053410755448,5.299231317441851
4,0.1,100,3,uniform,300,0.019600490011611682,0.001713653272942329,0.005286458987295307,1.0
4,0.1,100,4,learned_mean,300,0.0,0.0,0.0,0.0
4,0.1,100,4,learned_occupancy,300,0.0,0.0,0.0,0.0
4,0.1,100,4,oracle_no_cov,300,0.0,0.0,0.0,0.0
4,0.1,100,4,oracle_tail,300,0.0,0.0,0.0,0.0
4,0.1,100,4,tis,300,0.0,0.0,0.0,0.0
4,0.1,100,4,tis_no_cov,300,0.0,0.0,0.0,0.0
4,0.1,100,4,uniform,300,0.0,0.0,0.0,0.0
4,0.1,100,5,learned_mean,300,2.068757240779718e-06,1.3101051906356704e-06,0.00014032127343330313,2068757240.7797177
4,0.1,100,5,learned_occupancy,300,0.0,0.0,0.0,0.0
4,0.1,100,5,oracle_no_cov,300,0.0,0.0,0.0,0.0
4,0.1,100,5,oracle_tail,300,0.0,0.0,0.0,0.0
4,0.1,100,5,tis,300,0.0,0.0,0.0,0.0
4,0.1,100,5,tis_no_cov,300,0.0,0.0,0.0,0.0
4,0.1,100,5,uniform,300,0.0,0.0,0.0,0.0
4,0.1,100,6,learned_mean,300,0.09784668783248417,0.006297924922482681,0.08692954667257531,0.4764010624025341
4,0.1,100,6,learned_occupancy,300,0.016263925100690475,0.0012624102616771028,-0.012717952854680992,0.07918664768775005
4,0.1,100,6,oracle_no_cov,300,0.009450246215602958,0.0006932995735586863,-0.013474266100633691,0.04601185218232926
4,0.1,100,6,oracle_tail,300,0.00909300246340964,0.0007284693759936383,-0.012112686855377098,0.04427248514955922
4,0.1,100,6,tis,300,0.17458575406716886,0.011416295232230478,0.12473742009885112,0.8500322347174454
4,0.1,100,6,tis_no_cov,300,0.17360590342347787,0.011562526362950918,0.12752365526541307,0.8452614867443574
4,0.1,100,6,uniform,300,0.2053872158450579,0.01579808658980318,0.05606439252780504,1.0
4,0.1,100,7,learned_mean,300,0.0008448837027922427,8.22964508069817e-05,0.002713695322274195,0.06873339951600635
4,0.1,100,7,learned_occupancy,300,0.0010110694340929878,0.000133178446441322,0.004767657591650825,0.08225302384489767
4,0.1,100,7,oracle_no_cov,300,0.0001681979817348696,1.4266382284132317e-05,0.0015680387237771377,0.013683325927771554
4,0.1,100,7,oracle_tail,300,0.00015736223301445723,1.2427756082660235e-05,0.0014152758171263112,0.012801810704559468
4,0.1,100,7,tis,300,0.006149076565827269,0.0015233337892306567,0.021358595928796156,0.5002427373811553
4,0.1,100,7,tis_no_cov,300,0.006135021866444737,0.0015234136856971637,0.021535600327128833,0.4990993524815008
4,0.1,100,7,uniform,300,0.012292185585779002,0.0021543442247186407,0.04162828505109881,1.0
4,0.1,100,8,learned_mean,300,0.0,0.0,0.0,0.0
4,0.1,100,8,learned_occupancy,300,0.0,0.0,0.0,0.0
4,0.1,100,8,oracle_no_cov,300,0.0,0.0,0.0,0.0
4,0.1,100,8,oracle_tail,300,0.0,0.0,0.0,0.0
4,0.1,100,8,tis,300,0.0,0.0,0.0,0.0
4,0.1,100,8,tis_no_cov,300,0.0,0.0,0.0,0.0
4,0.1,100,8,uniform,300,0.0,0.0,0.0,0.0
4,0.1,100,9,learned_mean,300,0.00036633520698199184,0.00010910785273159757,0.0057706152914351605,0.11296952043686778
4,0.1,100,9,learned_occupancy,300,0.00014738759591426665,3.9664704335414745e-05,0.003936281406455007,0.045451012382754806
4,0.1,100,9,oracle_no_cov,300,0.0032427791634887545,0.0004265362846827522,0.02975735349629626,1.0
4,0.1,100,9,oracle_tail,300,0.0032427791634887545,0.0004265362846827522,0.02975735349629626,1.0
4,0.1,100,9,tis,300,0.0011237251157322121,0.00021269665505697344,0.013273007172838887,0.34653149631171576
4,0.1,100,9,tis_no_cov,300,0.0011299697384978013,0.00021317265369644428,0.01332448673245547,0.34845719721540325
4,0.1,100,9,uniform,300,0.0032427791634887545,0.0004265362846827522,0.02975735349629626,1.0
4,0.1,100,10,learned_mean,300,6.31728312966552e-05,6.129770175523371e-05,0.0005296337393594023,0.6101933868413995
4,0.1,100,10,learned_occupancy,300,2.9071541940379208e-06,2.902304892590123e-06,9.844040826879175e-05,0.02808052492375946
4,0.1,100,10,oracle_no_cov,300,0.00010352919690536565,7.85554609528509e-05,0.0010427096555555514,1.0
4,0.1,100,10,oracle_tail,300,0.00010352919690536565,7.85554609528509e-05,0.0010427096555555514,1.0
4,0.1,100,10,tis,300,0.00016095559157979406,8.167856274045368e-05,0.0020209895984618295,1.5546879179109343
4,0.1,100,10,tis_no_cov,300,0.00016095559157979406,8.167856274045368e-05,0.0020209895984618295,1.5546879179109343
4,0.1,100,10,uniform,300,0.00010352919690536565,7.85554609528509e-05,0.0010427096555555514,1.0
4,0.1,100,11,learned_mean,300,0.0,0.0,0.0,0.0
4,0.1,100,11,learned_occupancy,300,0.0,0.0,0.0,0.0
4,0.1,100,11,oracle_no_cov,300,0.0,0.0,0.0,0.0
4,0.1,100,11,oracle_tail,300,0.0,0.0,0.0,0.0
4,0.1,100,11,tis,300,0.0,0.0,0.0,0.0
4,0.1,100,11,tis_no_cov,300,0.0,0.0,0.0,0.0
4,0.1,100,11,uniform,300,0.0,0.0,0.0,0.0
4,0.1,100,12,learned_mean,300,0.0008745434344860966,7.15474201068814e-05,0.001104718234255988,0.21877140943545076
4,0.1,100,12,learned_occupancy,300,0.001188582674256643,0.00010506912130881032,0.00036939359292378053,0.29732989423273404
4,0.1,100,12,oracle_no_cov,300,0.0002341198555198341,1.8495080066879096e-05,0.0009671482648318763,0.058566251542435506
4,0.1,100,12,oracle_tail,300,0.0002175496005176688,1.6033114160881625e-05,0.0009348633050632301,0.05442111946713873
4,0.1,100,12,tis,300,0.0008597994165620196,6.960900835309379e-05,0.00358778392530974,0.21508311968928476
4,0.1,100,12,tis_no_cov,300,0.0007861512609110417,6.411151271638344e-05,0.0027078382463765495,0.19665966560029058
4,0.1,100,12,uniform,300,0.0039975215991106625,0.0003123949083937184,0.010225141234286963,1.0
4,0.1,100,13,learned_mean,300,0.0,0.0,0.0,0.0
4,0.1,100,13,learned_occupancy,300,0.0,0.0,0.0,0.0
4,0.1,100,13,oracle_no_cov,300,0.0,0.0,0.0,0.0
4,0.1,100,13,oracle_tail,300,0.0,0.0,0.0,0.0
4,0.1,100,13,tis,300,0.0,0.0,0.0,0.0
4,0.1,100,13,tis_no_cov,300,0.0,0.0,0.0,0.0
4,0.1,100,13,uniform,300,0.0,0.0,0.0,0.0
4,0.1,100,14,learned_mean,300,0.000260484576612299,3.778166294642588e-05,0.00040348868058942187,0.42338487306550526
4,0.1,100,14,learned_occupancy,300,0.00012165624308508166,1.0863807615751975e-05,0.00016283272633110506,0.1977369013784887
4,0.1,100,14,oracle_no_cov,300,1.7049098803265037e-05,1.6379936461486582e-06,-1.7125116688914885e-05,0.027711162889483748
4,0.1,100,14,oracle_tail,300,1.6672201148925914e-05,1.4791822446856007e-06,-1.0063035496078084e-05,0.02709856321998945
4,0.1,100,14,tis,300,0.0034441635962420597,0.001137330441991662,-3.5246952976593824e-07,5.598054157279914
4,0.1,100,14,tis_no_cov,300,0.0032506362950550007,0.00101122931124326,0.0002652041417141415,5.283499902615747
4,0.1,100,14,uniform,300,0.0006152429932752872,7.043180936190668e-05,0.004693572027535339,1.0
4,0.1,100,15,learned_mean,300,0.0,0.0,0.0,0.0
4,0.1,100,15,learned_occupancy,300,0.0,0.0,0.0,0.0
4,0.1,100,15,oracle_no_cov,300,5.85604379021356e-07,5.846275570251753e-07,4.418160925925914e-05,1.0
4,0.1,100,15,oracle_tail,300,5.85604379021356e-07,5.846275570251753e-07,4.418160925925914e-05,1.0
4,0.1,100,15,tis,300,1.9226141704737743e-06,1.9194071387657365e-06,8.005444335937417e-05,3.2831280628174055
4,0.1,100,15,tis_no_cov,300,1.9226141704737743e-06,1.9194071387657365e-06,8.005444335937417e-05,3.2831280628174055
4,0.1,100,15,uniform,300,5.85604379021356e-07,5.846275570251753e-07,4.418160925925914e-05,1.0
4,0.1,100,16,learned_mean,300,0.015185076136459136,0.0024058146132370866,0.036565035066155056,0.3690493180089462
4,0.1,100,16,learned_occupancy,300,0.003880844049879788,0.0005118540692320144,0.004239602353046289,0.09431779182644116
4,0.1,100,16,oracle_no_cov,300,0.0009871011603583915,9.011307260779611e-05,0.0016180142762919547,0.02398993635346032
4,0.1,100,16,oracle_tail,300,0.0010018195925778149,9.315086033201352e-05,0.0018951915309276897,0.024347644627289604
4,0.1,100,16,tis,300,0.017420054208229434,0.0025210761655449217,0.041401240357072246,0.423366933919439
4,0.1,100,16,tis_no_cov,300,0.017392431950923524,0.0025170917482550976,0.04154633050502979,0.4226956185352416
4,0.1,100,16,uniform,300,0.04114646849473661,0.0038714737887526377,0.028536054121861103,1.0
4,0.1,100,17,learned_mean,300,0.026550613363555867,0.01347447921115754,0.008974051906437849,2.0487598450885334
4,0.1,100,17,learned_occupancy,300,0.001236674237143636,0.0001573057183046393,-0.0038835774763706804,0.09542711815438262
4,0.1,100,17,oracle_no_cov,300,0.000500159217608752,3.886365791288407e-05,-0.00033822841284484093,0.0385944425146219
4,0.1,100,17,oracle_tail,300,0.000511773356848123,4.156613752718557e-05,-0.0006585611096893862,0.03949063959237195
4,0.1,100,17,tis,300,0.026936230531325524,0.013429664521092548,0.012062331498558813,2.0785157289954443
4,0.1,100,17,tis_no_cov,300,0.02678444907078263,0.013427848032164166,0.012386714673657836,2.066803616837011
4,0.1,100,17,uniform,300,0.012959358524721833,0.0015077137740628886,0.01555849455913811,1.0
4,0.1,100,18,learned_mean,300,0.01720040871758172,0.005560659186798243,0.004864800430599942,0.26735929031283723
4,0.1,100,18,learned_occupancy,300,0.006143874006920759,0.00048484610460224656,-0.002177968745886787,0.09549899779897585
4,0.1,100,18,oracle_no_cov,300,0.0017969863793778525,0.00014418524670345624,0.000852685192146545,0.027931952721635372
4,0.1,100,18,oracle_tail,300,0.0018218697044090732,0.00016720892990681847,0.0007110075375784186,0.02831873353773136
4,0.1,100,18,tis,300,0.032486230919453817,0.007523578615924418,0.0007913773598661663,0.504958677795027
4,0.1,100,18,tis_no_cov,300,0.03146128923654093,0.007546495982115869,0.0017758140272785535,0.48902721445279074
4,0.1,100,18,uniform,300,0.06433443437651078,0.005304597445317583,-0.004991310427594275,1.0
4,0.1,100,19,learned_mean,300,0.002594438809872381,0.00018550465042748633,-0.007262748123604382,0.1182538069475201
4,0.1,100,19,learned_occupancy,300,0.0025309261377900716,0.00020458203376085913,-0.007161795298251957,0.11535891683310957
4,0.1,100,19,oracle_no_cov,300,0.0006160048668075182,4.904464756734412e-05,-0.0010625687415538587,0.02807733230053411
4,0.1,100,19,oracle_tail,300,0.000551233349071047,4.627118628386969e-05,-0.0009825796998610237,0.025125064347649415
4,0.1,100,19,tis,300,0.006245920175987279,0.0009624940096072251,-0.006325740835474469,0.28468732270357605
4,0.1,100,19,tis_no_cov,300,0.006253961944383017,0.0009619554252136109,-0.005545404434197464,0.2850538642939068
4,0.1,100,19,uniform,300,0.021939579594454563,0.0019169038497050964,0.02057405721054852,1.0
4,0.1,100,20,learned_mean,300,0.0016263593753999468,0.0001324701118804942,0.000332262121989891,0.12258057256407062
4,0.1,100,20,learned_occupancy,300,0.0016786789171455258,0.00015185292373929137,5.7612708290799564e-05,0.1265239564683112
4,0.1,100,20,oracle_no_cov,300,0.00018783642029806624,1.4262289637499721e-05,0.0005726511129473085,0.01415744656242422
4,0.1,100,20,oracle_tail,300,0.00018018761470519874,1.4440485188293426e-05,-1.6888914197028166e-05,0.013580947306978668
4,0.1,100,20,tis,300,0.0022259786382174693,0.00024621332726186063,0.0067584903216529,0.167774564536812
4,0.1,100,20,tis_no_cov,300,0.0022717568487080095,0.0002466928711081141,0.005673555432983642,0.17122492079740723
4,0.1,100,20,uniform,300,0.01326767644644406,0.001267530371352142,0.008595755983677794,1.0
4,0.1,100,21,learned_mean,300,0.0009900953712402628,7.47343708299258e-05,-0.008203580741606606,0.19965030902999364
4,0.1,100,21,learned_occupancy,300,0.0011407878630707814,8.614753838760048e-05,-0.007514385095832566,0.2300370812909075
4,0.1,100,21,oracle_no_cov,300,0.00015568931482806884,1.1287785998979502e-05,-0.00025889067774990227,0.03139436939206639
4,0.1,100,21,oracle_tail,300,0.0001618010061156326,1.1665698795054454e-05,-0.0005039692152927492,0.03262677698602324
4,0.1,100,21,tis,300,0.0024236077186102945,0.00026212391117020787,-0.00311439272380348,0.4887145663370678
4,0.1,100,21,tis_no_cov,300,0.002414752162901354,0.00026194741812135634,-0.0029964622826872313,0.48692886519627004
4,0.1,100,21,uniform,300,0.004959147702052993,0.00039248524023949153,0.004373790533380218,1.0
4,0.1,100,22,learned_mean,300,0.0,0.0,0.0,0.0
4,0.1,100,22,learned_occupancy,300,0.0,0.0,0.0,0.0
4,0.1,100,22,oracle_no_cov,300,0.0,0.0,0.0,0.0
4,0.1,100,22,oracle_tail,300,0.0,0.0,0.0,0.0
4,0.1,100,22,tis,300,0.0,0.0,0.0,0.0
4,0.1,100,22,tis_no_cov,300,0.0,0.0,0.0,0.0
4,0.1,100,22,uniform,300,0.0,0.0,0.0,0.0
4,0.1,100,23,learned_mean,300,0.0011546089310468372,9.226714338206574e-05,-0.00628565317939721,0.1741367897328535
4,0.1,100,23,learned_occupancy,300,0.0009212314167408194,7.630980403917684e-05,-0.0008404784109695557,0.13893906170191167
4,0.1,100,23,oracle_no_cov,300,0.00017235260993365273,1.387096540344894e-05,-8.491030466979502e-05,0.025994022208639504
4,0.1,100,23,oracle_tail,300,0.00017788304313903915,1.4171257077344054e-05,4.51082183835122e-05,0.026828115777745024
4,0.1,100,23,tis,300,0.003209968755161352,0.00036705353629383903,0.0011847041000456829,0.484123792165511
4,0.1,100,23,tis_no_cov,300,0.0032086460774007164,0.00036727967538668915,0.0011674194045062918,0.4839243074283894
4,0.1,100,23,uniform,300,0.006630470980992267,0.00048203223196230643,0.011952555595486868,1.0
4,0.1,100,24,learned_mean,300,0.0,0.0,0.0,0.0
4,0.1,100,24,learned_occupancy,300,0.0,0.0,0.0,0.0
4,0.1,100,24,oracle_no_cov,300,0.0,0.0,0.0,0.0
4,0.1,100,24,oracle_tail,300,0.0,0.0,0.0,0.0
4,0.1,100,24,tis,300,0.0,0.0,0.0,0.0
4,0.1,100,24,tis_no_cov,300,0.0,0.0,0.0,0.0
4,0.1,100,24,uniform,300,0.0,0.0,0.0,0.0
4,0.1,100,25,learned_mean,300,0.00928727710245649,0.004719974659030563,0.0032403677772174506,2.207878987892491
4,0.1,100,25,learned_occupancy,300,0.0004849954941617753,4.033472254820184e-05,0.0011453125665948618,0.11529874138234648
4,0.1,100,25,oracle_no_cov,300,0.00019051044876121958,1.5219189310447988e-05,0.0010324693800860215,0.04529034852234683
4,0.1,100,25,oracle_tail,300,0.0001784547710306762,1.4601949855332355e-05,0.0013702767037388848,0.04242433330040089
4,0.1,100,25,tis,300,0.010318823968308495,0.004712579151352231,0.004672440451924755,2.4531102462059304
4,0.1,100,25,tis_no_cov,300,0.010321901296059031,0.004717002967268214,0.004786767665934389,2.4538418241705275
4,0.1,100,25,uniform,300,0.0042064248780779275,0.0004391387782804076,0.005679856084855439,1.0
4,0.1,100,26,learned_mean,300,0.00048689055516527266,0.00018123219936562004,0.005679312516149192,0.5480044791321005
4,0.1,100,26,learned_occupancy,300,5.021919306008412e-05,4.251138768726383e-06,0.0006073641502984329,0.056522646503143086
4,0.1,100,26,oracle_no_cov,300,3.53993715068569e-05,3.3088817526252294e-06,0.0005395865894791108,0.03984265855728898
4,0.1,100,26,oracle_tail,300,3.27174250642068e-05,2.914161670209877e-06,0.0005414447926796396,0.03682407738381403
4,0.1,100,26,tis,300,0.0007428763418365487,0.0002126430071824645,0.006146691092932782,0.8361212975871141
4,0.1,100,26,tis_no_cov,300,0.0007425376968516671,0.00021264601871444903,0.0061750698726612055,0.835740146286104
4,0.1,100,26,uniform,300,0.0008884791524631027,0.00013410184609423758,0.005988439556356604,1.0
4,0.1,100,27,learned_mean,300,0.0004487077421161123,0.00017914146825489087,0.003861137351270309,0.22024177628345334
4,0.1,100,27,learned_occupancy,300,2.6511023675417645e-06,1.5120388843199929e-06,0.00023093624164172415,0.0013012556720841582
4,0.1,100,27,oracle_no_cov,300,0.0020373416419354564,0.00033328574355492385,0.020868113920370256,1.0
4,0.1,100,27,oracle_tail,300,0.0020373416419354564,0.00033328574355492385,0.020868113920370256,1.0
4,0.1,100,27,tis,300,0.0014633993885727716,0.0003356715359230499,0.012737490044893558,0.718288655398294
4,0.1,100,27,tis_no_cov,300,0.0014639826682049614,0.00033566385658327224,0.01276814966812807,0.7185749498617182
4,0.1,100,27,uniform,300,0.0020373416419354564,0.00033328574355492385,0.020868113920370256,1.0
4,0.1,100,28,learned_mean,300,0.0004283124381432222,9.753948715686415e-05,0.002634227419110157,0.11142262063252394
4,0.1,100,28,learned_occupancy,300,0.00027618400956814804,3.3405149785593985e-05,0.002423941549081389,0.07184742580973326
4,0.1,100,28,oracle_no_cov,300,9.027365974353547e-05,1.0967924473421344e-05,0.0015060568419526835,0.023484089760078503
4,0.1,100,28,oracle_tail,300,8.116523386962737e-05,9.734091494974132e-06,0.0016926543467222577,0.02111459359249683
4,0.1,100,28,tis,300,0.002061237885386788,0.00033991174039799,0.01727118780517142,0.5362172715143979
4,0.1,100,28,tis_no_cov,300,0.002051417835388002,0.00034001395774671485,0.01707632701647827,0.5336626510827558
4,0.1,100,28,uniform,300,0.0038440348621471845,0.00042041382055622677,0.030579176877476636,1.0
4,0.1,100,29,learned_mean,300,1.0333132150267704e-08,1.0315895887808926e-08,5.868881821456766e-06,0.00014203779593295165
4,0.1,100,29,learned_occupancy,300,0.0,0.0,0.0,0.0
4,0.1,100,29,oracle_no_cov,300,7.274917272826041e-05,3.9788484539849764e-05,0.00118175125555555,1.0
4,0.1,100,29,oracle_tail,300,7.274917272826041e-05,3.9788484539849764e-05,0.00118175125555555,1.0
4,0.1,100,29,tis,300,0.0002470781586672785,8.364498112160823e-05,0.0031303104157624343,3.3963019701981794
4,0.1,100,29,tis_no_cov,300,0.0002470781586672785,8.364498112160823e-05,0.0031303104157624343,3.3963019701981794
4,0.1,100,29,uniform,300,7.274917272826041e-05,3.9788484539849764e-05,0.00118175125555555,1.0
4,0.1,100,30,learned_mean,300,8.136535794795427e-06,6.67006801165121e-07,-6.882319223319907e-06,0.038338948429016716
4,0.1,100,30,learned_occupancy,300,1.2223413961216378e-05,9.639807504382903e-07,-7.402653852331298e-05,0.05759611329742576
4,0.1,100,30,oracle_no_cov,300,0.014518631098124502,0.005654118674696464,0.027384143259450346,68.41106128814229
4,0.1,100,30,oracle_tail,300,0.014432167877686787,0.0056449752553219285,0.02728822005065517,68.00365093157646
4,0.1,100,30,tis,300,0.0003002181100080148,6.0211255480195244e-05,0.002052291252860188,1.4146126714536915
4,0.1,100,30,tis_no_cov,300,0.000299831279364587,6.0191131843046036e-05,0.0020097697303750727,1.412789944870392
4,0.1,100,30,uniform,300,0.00021222636843730737,4.307139987655442e-05,0.0002296420111864598,1.0
4,0.1,100,31,learned_mean,300,0.0011844899095279126,0.0002240198545567071,0.0032259149433167965,0.21399379700231566
4,0.1,100,31,learned_occupancy,300,0.0007414397862151139,7.482197291470718e-05,0.001208121053458621,0.13395092167901537
4,0.1,100,31,oracle_no_cov,300,0.00016231753729690444,1.2249019357038444e-05,5.414945576272312e-05,0.029324813868674866
4,0.1,100,31,oracle_tail,300,0.00015269475940968242,1.1743285831506798e-05,-1.7750740622906788e-05,0.02758633153865884
4,0.1,100,31,tis,300,0.0016422078811685595,0.00026628619382331755,0.002956802924947476,0.29668661347942565
4,0.1,100,31,tis_no_cov,300,0.0016269781933027328,0.00026572564623190574,0.0027456021481849116,0.293935168568538
4,0.1,100,31,uniform,300,0.005535160019218197,0.00035375870638989024,0.0027811585876294826,1.0
4,0.1,100,32,learned_mean,300,0.00012049808398489095,7.392900800340935e-05,0.0012395191614313524,0.5022887357826947
4,0.1,100,32,learned_occupancy,300,5.184712714723473e-05,4.2033000831486514e-05,0.0005614403938392785,0.2161215107122745
4,0.1,100,32,oracle_no_cov,300,0.0002398980415061947,0.00010121229646957912,0.0032057880370370355,1.0
4,0.1,100,32,oracle_tail,300,0.0002398980415061947,0.00010121229646957912,0.0032057880370370355,1.0
4,0.1,100,32,tis,300,0.00032324776785854447,0.00013321006493216794,0.0035487470208932,1.3474381275855372
4,0.1,100,32,tis_no_cov,300,0.0003232434696523827,0.0001332100967369098,0.003548337455445926,1.3474202107816535
4,0.1,100,32,uniform,300,0.0002398980415061947,0.00010121229646957912,0.0032057880370370355,1.0
4,0.1,100,33,learned_mean,300,0.00027638965466370035,2.4673020733216656e-05,-0.0011106850755321022,0.10690722808285254
4,0.1,100,33,learned_occupancy,300,0.00033273099184346613,2.7502076037368146e-05,-0.001604768136279403,0.12869999811868843
4,0.1,100,33,oracle_no_cov,300,4.384766580784282e-05,3.4490545094873355e-06,-7.104454095175165e-05,0.01696023107349465
4,0.1,100,33,oracle_tail,300,4.4973904324917445e-05,3.6745712027478093e-06,-0.00011806655806052114,0.017395858948811085
4,0.1,100,33,tis,300,0.0003375298020962093,6.0032345578612015e-05,0.0005585299941582959,0.1305561728834081
4,0.1,100,33,tis_no_cov,300,0.0003275800366752728,5.9315752363179736e-05,0.0005844507178344797,0.1267076140705929
4,0.1,100,33,uniform,300,0.0025853224297378644,0.00020711771566076843,-0.0012730298399311127,1.0
4,0.1,100,34,learned_mean,300,0.0,0.0,0.0,0.0
4,0.1,100,34,learned_occupancy,300,0.0,0.0,0.0,0.0
4,0.1,100,34,oracle_no_cov,300,0.0,0.0,0.0,0.0
4,0.1,100,34,oracle_tail,300,0.0,0.0,0.0,0.0
4,0.1,100,34,tis,300,0.0,0.0,0.0,0.0
4,0.1,100,34,tis_no_cov,300,0.0,0.0,0.0,0.0
4,0.1,100,34,uniform,300,0.0,0.0,0.0,0.0
4,0.1,100,35,learned_mean,300,0.0,0.0,0.0,0.0
4,0.1,100,35,learned_occupancy,300,0.0,0.0,0.0,0.0
4,0.1,100,35,oracle_no_cov,300,0.0,0.0,0.0,0.0
4,0.1,100,35,oracle_tail,300,0.0,0.0,0.0,0.0
4,0.1,100,35,tis,300,0.0,0.0,0.0,0.0
4,0.1,100,35,tis_no_cov,300,0.0,0.0,0.0,0.0
4,0.1,100,35,uniform,300,0.0,0.0,0.0,0.0
4,0.1,100,36,learned_mean,300,3.0188059491635092e-06,9.504536586890038e-07,0.0008347739298593307,0.017280556479939497
4,0.1,100,36,learned_occupancy,300,5.83886551570102e-06,7.669635247694479e-07,-2.342934705410915e-05,0.033423428674109024
4,0.1,100,36,oracle_no_cov,300,2.9983664033533065e-06,4.652804429043498e-07,-1.0740822048238563e-05,0.01716355435004261
4,0.1,100,36,oracle_tail,300,2.9194159664665335e-06,4.319076232683137e-07,-1.3652433280776736e-05,0.016711618218104147
4,0.1,100,36,tis,300,3.7340384303210336e-06,1.0825161513093536e-06,0.0008096565384764665,0.021374763095092956
4,0.1,100,36,tis_no_cov,300,3.7309079724933923e-06,1.0816720315506924e-06,0.0008108637429697578,0.021356843409558478
4,0.1,100,36,uniform,300,0.00017469379256784668,6.280443299472318e-05,0.0008115217172437653,1.0
4,0.1,100,37,learned_mean,300,0.09354238481301794,0.024920824174177247,0.024705442127334023,2.4775119329174307
4,0.1,100,37,learned_occupancy,300,0.0027536074111601987,0.00021785361605380812,0.00010783322405995517,0.07293052484556564
4,0.1,100,37,oracle_no_cov,300,0.0008117822575051438,6.354505787522367e-05,0.0002427840305190306,0.021500416457414854
4,0.1,100,37,oracle_tail,300,0.0007478379997830733,5.9713113135915555e-05,0.0004014910278623803,0.01980682416912064
4,0.1,100,37,tis,300,0.09489673637636184,0.024895197570265086,0.021656501269340545,2.5133825403031316
4,0.1,100,37,tis_no_cov,300,0.09203618820819269,0.02486985208986681,0.024785668273507363,2.4376196416397025
4,0.1,100,37,uniform,300,0.037756582953312245,0.0031757579369379118,0.0019204473152873013,1.0
4,0.1,100,38,learned_mean,300,0.030490626694161235,0.006273429792548953,-0.010158885611063134,0.6615127525012281
4,0.1,100,38,learned_occupancy,300,0.006469031867198882,0.0005793261886114482,-0.013035644708410855,0.1403495939723784
4,0.1,100,38,oracle_no_cov,300,0.001364761591485126,0.0001305657578887215,-0.0030600096477279436,0.02960933554914974
4,0.1,100,38,oracle_tail,300,0.00132476975391798,0.00012928204282584502,-0.0030470195995898,0.028741688228811433
4,0.1,100,38,tis,300,0.029547734752446347,0.006215230360472233,-0.004316554548153744,0.6410561364424153
4,0.1,100,38,tis_no_cov,300,0.029320669265047273,0.006211286661265884,-0.005036753882086556,0.6361298121305521
4,0.1,100,38,uniform,300,0.04609227347299647,0.003138379442604006,0.039770806388497594,1.0
4,0.1,100,39,learned_mean,300,0.0008418623970597835,6.998600363045204e-05,-0.0031094769838754177,0.09447885525461279
4,0.1,100,39,learned_occupancy,300,0.0009515799329390599,8.344150024290308e-05,-0.0036701803454224744,0.1067920162028085
4,0.1,100,39,oracle_no_cov,300,0.001874255325641759,0.00012735501343375845,0.02942155633325229,0.21034019127109208
4,0.1,100,39,oracle_tail,300,0.0018983496564630258,0.00012985304931998316,0.029845162472482905,0.2130442018101892
4,0.1,100,39,tis,300,0.0026695742501541713,0.0003685245407536419,0.016514858455264188,0.2995956584503994
4,0.1,100,39,tis_no_cov,300,0.002655024382386925,0.0003684461664919874,0.01690167885843015,0.297962784888691
4,0.1,100,39,uniform,300,0.008910590573848859,0.000870654864690432,0.011960016670249731,1.0
4,0.1,100,40,learned_mean,300,0.0008510678692225997,7.369213770555461e-05,0.0018555580660857274,0.15054067573466956
4,0.1,100,40,learned_occupancy,300,0.0007470760471554843,6.020544903643465e-05,0.002472985390723001,0.13214613902261746
4,0.1,100,40,oracle_no_cov,300,0.0003279068775033183,2.419937324180448e-05,0.0006751928759101948,0.05800162913268661
4,0.1,100,40,oracle_tail,300,0.0003189764963847017,2.374676353934672e-05,0.0009168948688204814,0.05642198354062272
4,0.1,100,40,tis,300,0.0012164805656877697,0.0001969633595028092,0.0023971908612390653,0.21517650119256435
4,0.1,100,40,tis_no_cov,300,0.0012490422221550289,0.00021009881862001805,0.001713695380006334,0.22093615203227815
4,0.1,100,40,uniform,300,0.005653408057783804,0.00040214637585572326,0.008842165867755786,1.0
4,0.1,100,41,learned_mean,300,0.010033016252178891,0.001811433243263376,0.022964329388860533,0.5342326909007302
4,0.1,100,41,learned_occupancy,300,0.0023716714373079426,0.00028226199960960994,0.007643782739148053,0.12628549401684286
4,0.1,100,41,oracle_no_cov,300,0.0007444765121456908,6.543661271208703e-05,0.003782992352706384,0.03964148770411969
4,0.1,100,41,oracle_tail,300,0.0007313877042536047,6.767749054335136e-05,0.003388615105090902,0.038944541852033256
4,0.1,100,41,tis,300,0.011175949138741769,0.0018329682941708395,0.02625548403341067,0.5950909708197746
4,0.1,100,41,tis_no_cov,300,0.011032096094443226,0.0018250077631456277,0.02586887733674887,0.5874311607468883
4,0.1,100,41,uniform,300,0.018780236445776026,0.0020294011321560276,0.036056712878720976,1.0
4,0.1,100,42,learned_mean,300,0.0030128144396587057,0.0007100043134994269,0.0018002830234247898,0.42894289540294733
4,0.1,100,42,learned_occupancy,300,0.0022774112659284234,0.00033815190906088746,-0.0022879572215519285,0.3242414698932774
4,0.1,100,42,oracle_no_cov,300,0.0004162926482230709,3.387802901559004e-05,-0.0017362813676633682,0.05926875930798869
4,0.1,100,42,oracle_tail,300,0.0003804369734184625,3.370734245442869e-05,-0.002034801940575961,0.05416388568389072
4,0.1,100,42,tis,300,0.0033524981165113147,0.000896044472588763,0.004253148439587656,0.4773046192291192
4,0.1,100,42,tis_no_cov,300,0.003385740458201511,0.000932415439174921,0.0044138434583382725,0.48203742524162035
4,0.1,100,42,uniform,300,0.007023812428058703,0.0006737173530238451,0.006305540904927516,1.0
4,0.1,100,43,learned_mean,300,0.0009202582633001207,9.980312907634935e-05,-0.003850476428004351,0.17811265586205585
4,0.1,100,43,learned_occupancy,300,0.0009817526111257583,0.00010426542712887724,-0.002175756365468544,0.19001466429657
4,0.1,100,43,oracle_no_cov,300,0.00013465509723160335,9.609876917044037e-06,-0.00034582043940905026,0.026062006666776858
4,0.1,100,43,oracle_tail,300,0.00012083981860049338,9.10064261649832e-06,-0.0001206456903563946,0.023388109494001552
4,0.1,100,43,tis,300,0.0014842857145259216,0.00018686020026835595,-0.003496714926309476,0.2872781274728995
4,0.1,100,43,tis_no_cov,300,0.0014879148590875458,0.0001866077088768355,-0.003313156021423151,0.28798053526662054
4,0.1,100,43,uniform,300,0.005166720235831189,0.0003563775958593336,1.9912105035269265e-05,1.0
4,0.1,100,44,learned_mean,300,0.0,0.0,0.0,0.0
4,0.1,100,44,learned_occupancy,300,0.0,0.0,0.0,0.0
4,0.1,100,44,oracle_no_cov,300,0.0,0.0,0.0,0.0
4,0.1,100,44,oracle_tail,300,0.0,0.0,0.0,0.0
4,0.1,100,44,tis,300,0.0,0.0,0.0,0.0
4,0.1,100,44,tis_no_cov,300,0.0,0.0,0.0,0.0
4,0.1,100,44,uniform,300,0.0,0.0,0.0,0.0
4,0.1,100,45,learned_mean,300,0.0005709629493326104,5.611745479397069e-05,-0.00022555882447405622,0.05612723559508426
4,0.1,100,45,learned_occupancy,300,0.0007970719994987646,5.71478125783496e-05,0.00023961661507550266,0.07835438000732786
4,0.1,100,45,oracle_no_cov,300,0.00017961397172524263,1.375344734920688e-05,-4.57188170956746e-05,0.017656549727044973
4,0.1,100,45,oracle_tail,300,0.00017074606600766908,1.275091860104991e-05,0.00020601054084920615,0.016784810091352263
4,0.1,100,45,tis,300,0.005637386820814721,0.0012523586632635151,0.016935195859457224,0.5541707016231765
4,0.1,100,45,tis_no_cov,300,0.005638742322425402,0.001252379943892462,0.016789329812336464,0.5543039511770068
4,0.1,100,45,uniform,300,0.010172654029349996,0.0013030547369708614,0.03569994551814274,1.0
4,0.1,100,46,learned_mean,300,0.10490763675389514,0.013087299837550559,0.0776124190911717,1.466535258772897
4,0.1,100,46,learned_occupancy,300,0.006251760365332943,0.0007185137441372144,-0.0046758485585730696,0.08739522964060356
4,0.1,100,46,oracle_no_cov,300,0.002445350564376142,0.00021437716944822417,-0.00309757462878988,0.03418428756650704
4,0.1,100,46,oracle_tail,300,0.0023651373677397434,0.00019874213381154742,-0.002711005296448121,0.03306296327853242
4,0.1,100,46,tis,300,0.10849354204263603,0.011691517856498494,0.09041771508173198,1.5166637022616734
4,0.1,100,46,tis_no_cov,300,0.10818893721743422,0.011659758391281805,0.09061149460870546,1.5124055402253027
4,0.1,100,46,uniform,300,0.07153434336224221,0.005361668087435214,0.019608169598090648,1.0
4,0.1,100,47,learned_mean,300,0.1729815297090163,0.016397808179329586,0.04035603968902735,1.6854169276541002
4,0.1,100,47,learned_occupancy,300,0.010238348450711096,0.0008940530426043335,-0.014245828499358536,0.0997556549481143
4,0.1,100,47,oracle_no_cov,300,0.002286080036613618,0.00017689344639237745,-0.004082926777910638,0.022274042773017907
4,0.1,100,47,oracle_tail,300,0.002236429776805939,0.0001658818581154017,-0.002873129400480491,0.021790283677563888
4,0.1,100,47,tis,300,0.18421750573337206,0.016218782784875187,0.04506596049063435,1.794892801881947
4,0.1,100,47,tis_no_cov,300,0.1834102825327371,0.01625560994058759,0.04862685275422205,1.7870277561222414
4,0.1,100,47,uniform,300,0.1026342662582522,0.007259605557499647,0.005681261990650705,1.0
4,0.1,100,48,learned_mean,300,0.08771503215759727,0.018430768256284504,0.007530399319995406,2.982661893826695
4,0.1,100,48,learned_occupancy,300,0.004015571419842172,0.0004443874564930321,-0.008843313018304317,0.1365454878290828
4,0.1,100,48,oracle_no_cov,300,0.0006504742954192988,5.481260500712864e-05,4.7514227823636603e-05,0.02211872749901134
4,0.1,100,48,oracle_tail,300,0.0006841974120758939,5.50598820471857e-05,0.0003398614102001159,0.02326544833486509
4,0.1,100,48,tis,300,0.0874629279279737,0.018426925156001073,0.008554321789188975,2.974089341774046
4,0.1,100,48,tis_no_cov,300,0.08727834675900896,0.01843130934930723,0.007307932208411979,2.967812843830114
4,0.1,100,48,uniform,300,0.02940830549354042,0.002171878326411984,0.0011452310874608051,1.0
4,0.1,100,49,learned_mean,300,0.008058447147096344,0.000819042543531063,0.016332725433261322,0.7362199682365945
4,0.1,100,49,learned_occupancy,300,0.0013041702139041573,0.00019133348821018703,6.666824273378799e-07,0.11914902907833791
4,0.1,100,49,oracle_no_cov,300,0.0005545531549217548,5.1654036052242914e-05,0.0007705820404449723,0.05066399253472904
4,0.1,100,49,oracle_tail,300,0.0005506533515611656,5.30458166358357e-05,0.0012115365747436123,0.050307706385070976
4,0.1,100,49,tis,300,0.011170126667627431,0.0011480840744074934,0.022696424048272445,1.0205031007000642
4,0.1,100,49,tis_no_cov,300,0.011204196713584235,0.001141827716087575,0.02276126747184086,1.023615741100166
4,0.1,100,49,uniform,300,0.010945705760192923,0.0011518547910563377,0.01679310899280644,1.0
4,0.1,200,0,learned_mean,300,9.978732944631933e-05,7.927124929119034e-06,-0.0008553102455748133,0.058853963654344
4,0.1,200,0,learned_occupancy,300,0.00010591390504976609,9.682135630043942e-06,-0.0013088992041746872,0.06246738090773203
4,0.1,200,0,oracle_no_cov,300,5.809116014468058e-05,4.744638386926186e-06,-0.00016260055395024065,0.03426181506974695
4,0.1,200,0,oracle_tail,300,5.548387110150904e-05,4.301723665117373e-06,-2.7170208080006624e-05,0.03272405175415752
4,0.1,200,0,tis,300,0.00016837640707695144,2.265221317638214e-05,-0.0002751113508582666,0.09930738699332381
4,0.1,200,0,tis_no_cov,300,0.00016127396691699455,2.277253379986206e-05,-0.00021163576011843082,0.09511841072398569
4,0.1,200,0,uniform,300,0.0016955073753805543,0.00012547500379863299,0.0001525223140462876,1.0
4,0.1,200,1,learned_mean,300,0.0,0.0,0.0,0.0
4,0.1,200,1,learned_occupancy,300,0.0,0.0,0.0,0.0
4,0.1,200,1,oracle_no_cov,300,0.0,0.0,0.0,0.0
4,0.1,200,1,oracle_tail,300,0.0,0.0,0.0,0.0
4,0.1,200,1,tis,300,0.0,0.0,0.0,0.0
4,0.1,200,1,tis_no_cov,300,0.0,0.0,0.0,0.0
4,0.1,200,1,uniform,300,0.0,0.0,0.0,0.0
4,0.1,200,2,learned_mean,300,0.018307957632410162,0.0020423630560057644,0.015746152549251047,0.9848018856943996
4,0.1,200,2,learned_occupancy,300,0.0017980613376178782,0.0001868928103105788,0.003517049644770025,0.09671937369712887
4,0.1,200,2,oracle_no_cov,300,0.0006742223912166701,5.8918914785527385e-05,2.8310418265181288e-05,0.03626704275697816
4,0.1,200,2,oracle_tail,300,0.0006531219656455303,6.029549124529447e-05,-0.000913274861271461,0.035132031451586734
4,0.1,200,2,tis,300,0.01974162869347659,0.00209029421994522,0.01761582694234255,1.061920371150379
4,0.1,200,2,tis_no_cov,300,0.019788996670439082,0.0020637343447808395,0.01795977012244709,1.0644683382131612
4,0.1,200,2,uniform,300,0.018590498148265553,0.0014204101141383058,0.010514352098651177,1.0
4,0.1,200,3,learned_mean,300,0.060230238178028396,0.010031245332432631,-0.009173870378173184,6.563587900887391
4,0.1,200,3,learned_occupancy,300,0.001116957102797184,0.00011384420108587442,0.0011392588144165572,0.12172035753968216
4,0.1,200,3,oracle_no_cov,300,0.00048765449374158165,3.5726818177632046e-05,0.001966837343376976,0.053142129796578313
4,0.1,200,3,oracle_tail,300,0.0005256650803851646,3.771148881501074e-05,0.002621110942398445,0.05728433202168032
4,0.1,200,3,tis,300,0.0737596674385799,0.010676972146189638,-0.021118918341056225,8.037956936885358
4,0.1,200,3,tis_no_cov,300,0.0751244952143638,0.01080091635251289,-0.01918220860089963,8.186688991529602
4,0.1,200,3,uniform,300,0.009176419831276324,0.0006538081687515723,-0.004489956788051911,1.0
4,0.1,200,4,learned_mean,300,0.0,0.0,0.0,0.0
4,0.1,200,4,learned_occupancy,300,0.0,0.0,0.0,0.0
4,0.1,200,4,oracle_no_cov,300,0.0,0.0,0.0,0.0
4,0.1,200,4,oracle_tail,300,0.0,0.0,0.0,0.0
4,0.1,200,4,tis,300,0.0,0.0,0.0,0.0
4,0.1,200,4,tis_no_cov,300,0.0,0.0,0.0,0.0
4,0.1,200,4,uniform,300,0.0,0.0,0.0,0.0
4,0.1,200,5,learned_mean,300,0.0,0.0,0.0,0.0
4,0.1,200,5,learned_occupancy,300,0.0,0.0,0.0,0.0
4,0.1,200,5,oracle_no_cov,300,0.0,0.0,0.0,0.0
4,0.1,200,5,oracle_tail,300,0.0,0.0,0.0,0.0
4,0.1,200,5,tis,300,0.0,0.0,0.0,0.0
4,0.1,200,5,tis_no_cov,300,0.0,0.0,0.0,0.0
4,0.1,200,5,uniform,300,0.0,0.0,0.0,0.0
4,0.1,200,6,learned_mean,300,0.06431597723553302,0.004790058430860475,0.04971798555530687,0.5538722473641943
4,0.1,200,6,learned_occupancy,300,0.007864698861374312,0.0005774357189957372,0.009798564777509408,0.06772871408358862
4,0.1,200,6,oracle_no_cov,300,0.00433745393112903,0.00032690503486485265,0.0014246413260057,0.03735301024619788
4,0.1,200,6,oracle_tail,300,0.004273682879056622,0.00033940907914217035,0.00255728937766727,0.03680383075073949
4,0.1,200,6,tis,300,0.09470615233750045,0.0062801311757707656,0.0747824381293703,0.8155844269035989
4,0.1,200,6,tis_no_cov,300,0.09083091911484441,0.005699578002262585,0.07364087642508349,0.7822119395940682
4,0.1,200,6,uniform,300,0.11612059918438658,0.008491951019169284,0.04632163038000409,1.0
4,0.1,200,7,learned_mean,300,0.000459861353789838,4.054686715145122e-05,0.0014061876230211136,0.1054554383992092
4,0.1,200,7,learned_occupancy,300,0.0004778901606270955,4.065985395466286e-05,0.0023628515038052636,0.10958980566701518
4,0.1,200,7,oracle_no_cov,300,9.638306345919934e-05,7.384772896958756e-06,0.0008843323453426719,0.022102570976194245
4,0.1,200,7,oracle_tail,300,9.087018492172704e-05,7.090194505344615e-06,0.0010912621880848129,0.020838357277392274
4,0.1,200,7,tis,300,0.0023865977590183016,0.0006087297248864964,0.011043521922683628,0.5472947680549511
4,0.1,200,7,tis_no_cov,300,0.002398346792176995,0.0006086354302152704,0.011205995847147366,0.549989057175587
4,0.1,200,7,uniform,300,0.004360717292255707,0.0006345667719821031,0.021757386765566385,1.0
4,0.1,200,8,learned_mean,300,0.0,0.0,0.0,0.0
4,0.1,200,8,learned_occupancy,300,0.0,0.0,0.0,0.0
4,0.1,200,8,oracle_no_cov,300,0.0,0.0,0.0,0.0
4,0.1,200,8,oracle_tail,300,0.0,0.0,0.0,0.0
4,0.1,200,8,tis,300,0.0,0.0,0.0,0.0
4,0.1,200,8,tis_no_cov,300,0.0,0.0,0.0,0.0
4,0.1,200,8,uniform,300,0.0,0.0,0.0,0.0
4,0.1,200,9,learned_mean,300,4.620934932460923e-05,1.4321253191031984e-05,0.0019375609252178139,0.030928373810945656
4,0.1,200,9,learned_occupancy,300,2.4235934272327766e-05,1.0486467486176002e-05,0.0010860782148216885,0.01622135013342132
4,0.1,200,9,oracle_no_cov,300,0.0014940762681889075,0.00023997641396689544,0.018275289661342564,1.0
4,0.1,200,9,oracle_tail,300,0.0014940762681889075,0.00023997641396689544,0.018275289661342564,1.0
4,0.1,200,9,tis,300,0.001042404998308096,0.00024678466838751347,0.011495359439009863,0.697691958906275
4,0.1,200,9,tis_no_cov,300,0.00104268137424746,0.00024678690809357904,0.011484317400686674,0.6978769400516479
4,0.1,200,9,uniform,300,0.0014940762681889075,0.00023997641396689544,0.018275289661342564,1.0
4,0.1,200,10,learned_mean,300,1.2360823689457213e-07,1.2340205120158e-07,2.0298459456698688e-05,0.06030996645989
4,0.1,200,10,learned_occupancy,300,0.0,0.0,0.0,0.0
4,0.1,200,10,oracle_no_cov,300,2.0495490903112927e-06,2.0399147240245315e-06,8.70809070601843e-05,1.0
4,0.1,200,10,oracle_tail,300,2.0495490903112927e-06,2.0399147240245315e-06,8.70809070601843e-05,1.0
4,0.1,200,10,tis,300,1.952359694934406e-05,1.4982290204621933e-05,0.0003877489834231858,9.525801085534745
4,0.1,200,10,tis_no_cov,300,1.952359694934406e-05,1.4982290204621933e-05,0.0003877489834231858,9.525801085534745
4,0.1,200,10,uniform,300,2.0495490903112927e-06,2.0399147240245315e-06,8.70809070601843e-05,1.0
4,0.1,200,11,learned_mean,300,0.0,0.0,0.0,0.0
4,0.1,200,11,learned_occupancy,300,0.0,0.0,0.0,0.0
4,0.1,200,11,oracle_no_cov,300,0.0,0.0,0.0,0.0
4,0.1,200,11,oracle_tail,300,0.0,0.0,0.0,0.0
4,0.1,200,11,tis,300,0.0,0.0,0.0,0.0
4,0.1,200,11,tis_no_cov,300,0.0,0.0,0.0,0.0
4,0.1,200,11,uniform,300,0.0,0.0,0.0,0.0
4,0.1,200,12,learned_mean,300,0.000333588688970961,4.233718591003416e-05,-0.0010500419280360593,0.16383876085184942
4,0.1,200,12,learned_occupancy,300,0.0004626396242170152,4.673933038152248e-05,-0.0019958882487064143,0.2272208418891544
4,0.1,200,12,oracle_no_cov,300,0.00010534421189207946,8.654403095192605e-06,-0.0002706310580610379,0.051738760065738916
4,0.1,200,12,oracle_tail,300,0.00010173270707834238,8.336449006606787e-06,-0.00012729505125825232,0.04996500545997445
4,0.1,200,12,tis,300,0.0002592272347738404,2.6592464025130995e-05,0.0005511392717258193,0.12731687352893015
4,0.1,200,12,tis_no_cov,300,0.0002708833195154898,2.9389876573090304e-05,0.000410657668562114,0.13304164341350566
4,0.1,200,12,uniform,300,0.0020360791746502974,0.00015791593722471533,0.006804917736370319,1.0
4,0.1,200,13,learned_mean,300,0.0,0.0,0.0,0.0
4,0.1,200,13,learned_occupancy,300,0.0,0.0,0.0,0.0
4,0.1,200,13,oracle_no_cov,300,0.0,0.0,0.0,0.0
4,0.1,200,13,oracle_tail,300,0.0,0.0,0.0,0.0
4,0.1,200,13,tis,300,0.0,0.0,0.0,0.0
4,0.1,200,13,tis_no_cov,300,0.0,0.0,0.0,0.0
4,0.1,200,13,uniform,300,0.0,0.0,0.0,0.0
4,0.1,200,14,learned_mean,300,9.05152633575356e-05,1.118910712843897e-05,3.185094478729648e-06,0.4046962305985683
4,0.1,200,14,learned_occupancy,300,4.660747788446293e-05,5.108088137627923e-06,-0.0005793897516438929,0.20838331479016778
4,0.1,200,14,oracle_no_cov,300,7.472769275311835e-06,6.393084381317597e-07,6.402036070856098e-06,0.03341095684498964
4,0.1,200,14,oracle_tail,300,7.516519808702632e-06,6.163088623701245e-07,2.2670912444331393e-05,0.03360656668241557
4,0.1,200,14,tis,300,0.0006782389234320225,0.0001370035263462132,0.0005026367326924112,3.0324248704218055
4,0.1,200,14,tis_no_cov,300,0.0006683782337060067,0.00013483737293625684,0.000852957740875353,2.988337455601414
4,0.1,200,14,uniform,300,0.00022366223481661414,2.3133756090721303e-05,0.0009758738158455064,1.0
4,0.1,200,15,learned_mean,300,0.0,0.0,0.0,0.0
4,0.1,200,15,learned_occupancy,300,0.0,0.0,0.0,0.0
4,0.1,200,15,oracle_no_cov,300,0.0,0.0,0.0,0.0
4,0.1,200,15,oracle_tail,300,0.0,0.0,0.0,0.0
4,0.1,200,15,tis,300,0.0,0.0,0.0,0.0
4,0.1,200,15,tis_no_cov,300,0.0,0.0,0.0,0.0
4,0.1,200,15,uniform,300,0.0,0.0,0.0,0.0
4,0.1,200,16,learned_mean,300,0.009094663538171925,0.0014784668095867372,0.015862662117498823,0.48090986555479853
4,0.1,200,16,learned_occupancy,300,0.0014226503341921337,0.00011746425811508687,0.00216842967556517,0.0752272558601271
4,0.1,200,16,oracle_no_cov,300,0.0006332526958634307,5.473110096842964e-05,-0.0011928282713754154,0.03348529250716072
4,0.1,200,16,oracle_tail,300,0.0006102761918704811,5.1376114955903165e-05,-0.0006812063237961707,0.03227033525230556
4,0.1,200,16,tis,300,0.010180916917211024,0.0014786261040183487,0.020114772784907007,0.538349040108049
4,0.1,200,16,tis_no_cov,300,0.010303593338640076,0.0014861591966741398,0.020683368635899955,0.5448359542295633
4,0.1,200,16,uniform,300,0.018911368199277686,0.0025396173458938466,0.010325039693041669,1.0
4,0.1,200,17,learned_mean,300,0.011167476907109475,0.00624334753042529,0.010473554773259933,1.9867192343377336
4,0.1,200,17,learned_occupancy,300,0.0004561411053181011,3.7898500818158065e-05,0.0006552408009884318,0.08114852755420715
4,0.1,200,17,oracle_no_cov,300,0.00026036757439826393,2.0500548788988465e-05,-0.00010254348868422655,0.04631997651372631
4,0.1,200,17,oracle_tail,300,0.00023995128124184694,1.8911448898362213e-05,-0.0003426952583475022,0.04268787208717414
4,0.1,200,17,tis,300,0.012596887920239259,0.006415004542150888,0.010772518197038403,2.241014665363091
4,0.1,200,17,tis_no_cov,300,0.012232977861870178,0.006331218902470707,0.010596159414631792,2.1762742482980197
4,0.1,200,17,uniform,300,0.005621064473577776,0.0004887539413614436,0.01450208780242517,1.0
4,0.1,200,18,learned_mean,300,0.012419556795497262,0.003876318554922714,-0.0013295980945925198,0.4658537943770581
4,0.1,200,18,learned_occupancy,300,0.002668238538804331,0.00036842509254848626,0.0025411914192335562,0.10008481526939436
4,0.1,200,18,oracle_no_cov,300,0.0008020343554487283,6.16403726306478e-05,0.0012269236278212236,0.03008406450075649
4,0.1,200,18,oracle_tail,300,0.000782359113148459,6.830063895740368e-05,0.0013802491660474619,0.02934605215202344
4,0.1,200,18,tis,300,0.024706560191561158,0.0056366196729936225,-0.009321176564796115,0.9267355510960575
4,0.1,200,18,tis_no_cov,300,0.02485493544226251,0.005626610578284245,-0.009025813183680164,0.9323010615783585
4,0.1,200,18,uniform,300,0.026659773829050274,0.001965637010731479,0.01729281093097051,1.0
4,0.1,200,19,learned_mean,300,0.001235400467474822,9.230455007399589e-05,-0.0051742963650727,0.11817969215374693
4,0.1,200,19,learned_occupancy,300,0.001181665290188872,8.788384806771174e-05,-0.004033083100461224,0.11303932927007333
4,0.1,200,19,oracle_no_cov,300,0.0002800391419175352,2.335004648097655e-05,-0.0003843690184060759,0.026788835243409238
4,0.1,200,19,oracle_tail,300,0.00026597357566110756,2.432232188232406e-05,-0.00031959158958231313,0.025443308562858074
4,0.1,200,19,tis,300,0.00264455219668428,0.00035911388219813577,-0.004523956013421395,0.2529806105120589
4,0.1,200,19,tis_no_cov,300,0.002652241159467886,0.00035975031334491755,-0.00401419763914396,0.25371614467986237
4,0.1,200,19,uniform,300,0.010453576625226073,0.0007969154153844555,0.008071949883117956,1.0
4,0.1,200,20,learned_mean,300,0.0006313572831573193,6.415165537588455e-05,-0.00017526123249597014,0.11193635588408965
4,0.1,200,20,learned_occupancy,300,0.0007646340382250801,6.831169795415524e-05,0.00035683852193020874,0.13556562996442711
4,0.1,200,20,oracle_no_cov,300,0.00011966586229706974,9.405893624662194e-06,-0.0002928757892503168,0.021216133727443763
4,0.1,200,20,oracle_tail,300,0.00011098553483391607,8.24038745169104e-06,-0.000435739035319741,0.019677156907144857
4,0.1,200,20,tis,300,0.000725262095338502,7.565970808967828e-05,0.0022159426521336572,0.12858518968382943
4,0.1,200,20,tis_no_cov,300,0.0007393560623894182,7.719344745050763e-05,0.002036380051178626,0.131083976588988
4,0.1,200,20,uniform,300,0.005640323719409726,0.0005299437379600937,0.010773980627890764,1.0
4,0.1,200,21,learned_mean,300,0.000472085226822666,3.6219587007269954e-05,-0.004112847175794315,0.14406502837582802
4,0.1,200,21,learned_occupancy,300,0.0005521988680279466,4.630280201844875e-05,-0.003466457780293724,0.16851310117660032
4,0.1,200,21,oracle_no_cov,300,6.988481649159257e-05,5.659351348801639e-06,-0.00020452532949237156,0.021326568803396898
4,0.1,200,21,oracle_tail,300,7.261255023673006e-05,5.940729660192047e-06,0.00017665067300857447,0.022158984259478414
4,0.1,200,21,tis,300,0.0013228589823050185,0.0001358104201659194,-0.002584457689070376,0.40369345617031993
4,0.1,200,21,tis_no_cov,300,0.001323365129494586,0.00013568631542590007,-0.002580729922269869,0.4038479157998198
4,0.1,200,21,uniform,300,0.003276889833326649,0.00022681495928691023,0.00010141141196816342,1.0
4,0.1,200,22,learned_mean,300,0.0,0.0,0.0,0.0
4,0.1,200,22,learned_occupancy,300,0.0,0.0,0.0,0.0
4,0.1,200,22,oracle_no_cov,300,0.0,0.0,0.0,0.0
4,0.1,200,22,oracle_tail,300,0.0,0.0,0.0,0.0
4,0.1,200,22,tis,300,0.0,0.0,0.0,0.0
4,0.1,200,22,tis_no_cov,300,0.0,0.0,0.0,0.0
4,0.1,200,22,uniform,300,0.0,0.0,0.0,0.0
4,0.1,200,23,learned_mean,300,0.0004666767487132024,5.4244641861219005e-05,-0.0015131997618991358,0.13531902962125347
4,0.1,200,23,learned_occupancy,300,0.0004165012207515785,4.9032863637673516e-05,0.000698162780264453,0.12076997875633957
4,0.1,200,23,oracle_no_cov,300,9.605931475211658e-05,7.395869073766879e-06,0.00012236415555379502,0.02785365522105181
4,0.1,200,23,oracle_tail,300,9.327070503301422e-05,7.499040779441257e-06,0.0004935482137473474,0.027045061344837012
4,0.1,200,23,tis,300,0.0011612454195597517,0.00013775837109776195,0.0007718103336547638,0.3367183039657306
4,0.1,200,23,tis_no_cov,300,0.001173430903802448,0.00013781884032278992,0.000671791925033044,0.3402516445654786
4,0.1,200,23,uniform,300,0.0034487148630860803,0.00025827885715362176,0.005214408590509979,1.0
4,0.1,200,24,learned_mean,300,0.0,0.0,0.0,0.0
4,0.1,200,24,learned_occupancy,300,0.0,0.0,0.0,0.0
4,0.1,200,24,oracle_no_cov,300,0.0,0.0,0.0,0.0
4,0.1,200,24,oracle_tail,300,0.0,0.0,0.0,0.0
4,0.1,200,24,tis,300,0.0,0.0,0.0,0.0
4,0.1,200,24,tis_no_cov,300,0.0,0.0,0.0,0.0
4,0.1,200,24,uniform,300,0.0,0.0,0.0,0.0
4,0.1,200,25,learned_mean,300,0.00656234918433213,0.002884048680459132,0.003787403330026824,2.752243875380923
4,0.1,200,25,learned_occupancy,300,0.00020272854297091202,1.888124372950795e-05,-3.578597923404795e-05,0.0850241849502216
4,0.1,200,25,oracle_no_cov,300,9.075581057661177e-05,7.519031121379669e-06,-7.904256075852138e-05,0.038062912654979665
4,0.1,200,25,oracle_tail,300,9.153514649129056e-05,8.157409095343176e-06,-0.0009745395543418859,0.03838976549956163
4,0.1,200,25,tis,300,0.00528766377551859,0.0023462243766254947,0.006797358349104037,2.217641858496395
4,0.1,200,25,tis_no_cov,300,0.0052861889555005145,0.00234740416094256,0.006833027637602174,2.217023320188234
4,0.1,200,25,uniform,300,0.0023843632619307297,0.00021457026717859948,-0.0019752235622510486,1.0
4,0.1,200,26,learned_mean,300,0.0016352733404806476,0.0013823344112347032,0.0012523981584058467,2.316449019287151
4,0.1,200,26,learned_occupancy,300,2.1442781232937674e-05,1.8877242109961729e-06,0.0001527935217109026,0.030374805439699656
4,0.1,200,26,oracle_no_cov,300,1.6776886779187902e-05,1.3702616851219817e-06,0.00014313881039206797,0.023765325321648455
4,0.1,200,26,oracle_tail,300,1.6269049545289674e-05,1.4887062086157513e-06,0.0002227605604041205,0.023045947690215115
4,0.1,200,26,tis,300,0.0016910637122143964,0.0013824660926737215,0.0026043789680813547,2.395478958006951
4,0.1,200,26,tis_no_cov,300,0.001690634157762637,0.0013825078072132624,0.002561480605950915,2.3948704719735296
4,0.1,200,26,uniform,300,0.0007059397063630936,0.00012088610649275619,0.0019454354303149479,1.0
4,0.1,200,27,learned_mean,300,9.095342996071554e-05,6.335641489195877e-05,0.0010909154278621641,0.23942036669214356
4,0.1,200,27,learned_occupancy,300,2.9486369655686284e-08,2.9425848238850476e-08,1.0106370342481963e-05,7.761815511997396e-05
4,0.1,200,27,oracle_no_cov,300,0.0003798901121794169,8.942826314651468e-05,0.006702714640856433,1.0
4,0.1,200,27,oracle_tail,300,0.0003798901121794169,8.942826314651468e-05,0.006702714640856433,1.0
4,0.1,200,27,tis,300,0.00034401688571121167,0.00011760253727296736,0.004444108425687789,0.9055694651740165
4,0.1,200,27,tis_no_cov,300,0.00034401688571121167,0.00011760253727296736,0.004444108425687789,0.9055694651740165
4,0.1,200,27,uniform,300,0.0003798901121794169,8.942826314651468e-05,0.006702714640856433,1.0
4,0.1,200,28,learned_mean,300,0.00011054567095779383,1.1352115736045441e-05,7.127363942877052e-06,0.0639989022233529
4,0.1,200,28,learned_occupancy,300,0.00013492757067393792,1.3608319000541181e-05,0.0009821447445114784,0.07811446914183372
4,0.1,200,28,oracle_no_cov,300,3.780877109221532e-05,3.3394157185574656e-06,0.0007827830259755209,0.021888870214010148
4,0.1,200,28,oracle_tail,300,3.569883972312431e-05,3.3618375735570186e-06,0.0009460318106890636,0.020667354344429
4,0.1,200,28,tis,300,0.0008269827499328206,0.00017035651732392622,0.006691244780363463,0.47877033713565453
4,0.1,200,28,tis_no_cov,300,0.0008296587208663561,0.00017030693447038297,0.006821263209457682,0.4803195538588789
4,0.1,200,28,uniform,300,0.0017273057367764699,0.0002256732511125106,0.01560062233280073,1.0
4,0.1,200,29,learned_mean,300,0.0,0.0,0.0,0.0
4,0.1,200,29,learned_occupancy,300,0.0,0.0,0.0,0.0
4,0.1,200,29,oracle_no_cov,300,0.0,0.0,0.0,0.0
4,0.1,200,29,oracle_tail,300,0.0,0.0,0.0,0.0
4,0.1,200,29,tis,300,1.3228157643655848e-05,1.3206092311123904e-05,0.0002099853776151715,13228157643.655848
4,0.1,200,29,tis_no_cov,300,1.3228157643655848e-05,1.3206092311123904e-05,0.0002099853776151715,13228157643.655848
4,0.1,200,29,uniform,300,0.0,0.0,0.0,0.0
4,0.1,200,30,learned_mean,300,3.527928884564501e-06,4.7375278908172425e-07,7.553756790692516e-05,0.03251795146134196
4,0.1,200,30,learned_occupancy,300,5.2308244755984245e-06,5.266981454107832e-07,-4.061160905350432e-05,0.048214037744501254
4,0.1,200,30,oracle_no_cov,300,0.010410087013262513,0.004849675584860069,0.018398710744321596,95.9528140396186
4,0.1,200,30,oracle_tail,300,0.010423906588426889,0.00485352662852553,0.018417761439356813,96.08019310226857
4,0.1,200,30,tis,300,0.006410164614721352,0.004022961000020917,0.009083795616347565,59.08436043388439
4,0.1,200,30,tis_no_cov,300,0.006411140627187822,0.004023051734646614,0.009092336394239172,59.09335662599846
4,0.1,200,30,uniform,300,0.00010849173229004229,1.3564693399807632e-05,-0.0006381974706422481,1.0
4,0.1,200,31,learned_mean,300,0.0005611715239153486,0.00011335620466910185,0.002191947244461939,0.18373024903921056
4,0.1,200,31,learned_occupancy,300,0.0003784927808430341,8.527249819860385e-05,0.000663036820166174,0.12392035219221857
4,0.1,200,31,oracle_no_cov,300,8.790955806166109e-05,7.080336160262405e-06,-0.0002375137966585709,0.028782011038094607
4,0.1,200,31,oracle_tail,300,8.573355033902224e-05,6.8163801654189124e-06,-0.0003509504811167793,0.028069575670736247
4,0.1,200,31,tis,300,0.0009027927249175151,0.00015824258979929453,0.002235147664549205,0.29557866910742203
4,0.1,200,31,tis_no_cov,300,0.0008793951948663729,0.00015497611416572744,0.0022441102295748376,0.2879182055236582
4,0.1,200,31,uniform,300,0.003054322991722429,0.0002173130321137541,0.0013926766117034908,1.0
4,0.1,200,32,learned_mean,300,2.1253803348566845e-06,2.1201399656160495e-06,8.651208316819148e-05,0.1448255895285691
4,0.1,200,32,learned_occupancy,300,0.0,0.0,0.0,0.0
4,0.1,200,32,oracle_no_cov,300,1.467544749360347e-05,1.0471527031797522e-05,0.00048568425219907375,1.0
4,0.1,200,32,oracle_tail,300,1.467544749360347e-05,1.0471527031797522e-05,0.00048568425219907375,1.0
4,0.1,200,32,tis,300,9.900162342061762e-06,7.187818074961725e-06,0.00037305926555470124,0.6746071863482805
4,0.1,200,32,tis_no_cov,300,9.900162342061762e-06,7.187818074961725e-06,0.00037305926555470124,0.6746071863482805
4,0.1,200,32,uniform,300,1.467544749360347e-05,1.0471527031797522e-05,0.00048568425219907375,1.0
4,0.1,200,33,learned_mean,300,0.00013572172274176192,1.0607884490667958e-05,0.0003193595387662544,0.08849749405082484
4,0.1,200,33,learned_occupancy,300,0.00015316853221307878,1.187421767982544e-05,-0.0004945656473028251,0.09987370477231347
4,0.1,200,33,oracle_no_cov,300,2.5905663218397586e-05,2.170811708338673e-06,1.4325622501455415e-05,0.016891815328007015
4,0.1,200,33,oracle_tail,300,2.50784415433437e-05,2.115841383633829e-06,-2.6685316490678845e-05,0.01635242455261813
4,0.1,200,33,tis,300,0.00014274529547461635,1.5401871906201085e-05,0.00036509096227877423,0.0930772221413972
4,0.1,200,33,tis_no_cov,300,0.0001456226222838436,1.576259240642014e-05,0.00044280785180836666,0.09495338615580752
4,0.1,200,33,uniform,300,0.0015336222137975546,0.00014625628816618388,0.00014887150578647793,1.0
4,0.1,200,34,learned_mean,300,0.0,0.0,0.0,0.0
4,0.1,200,34,learned_occupancy,300,0.0,0.0,0.0,0.0
4,0.1,200,34,oracle_no_cov,300,0.0,0.0,0.0,0.0
4,0.1,200,34,oracle_tail,300,0.0,0.0,0.0,0.0
4,0.1,200,34,tis,300,0.0,0.0,0.0,0.0
4,0.1,200,34,tis_no_cov,300,0.0,0.0,0.0,0.0
4,0.1,200,34,uniform,300,0.0,0.0,0.0,0.0
4,0.1,200,35,learned_mean,300,0.0,0.0,0.0,0.0
4,0.1,200,35,learned_occupancy,300,0.0,0.0,0.0,0.0
4,0.1,200,35,oracle_no_cov,300,0.0,0.0,0.0,0.0
4,0.1,200,35,oracle_tail,300,0.0,0.0,0.0,0.0
4,0.1,200,35,tis,300,0.0,0.0,0.0,0.0
4,0.1,200,35,tis_no_cov,300,0.0,0.0,0.0,0.0
4,0.1,200,35,uniform,300,0.0,0.0,0.0,0.0
4,0.1,200,36,learned_mean,300,0.000961239132761197,0.0006688307683450282,-0.002119337369643038,16.03082254386583
4,0.1,200,36,learned_occupancy,300,2.965954865995511e-06,4.722327473571323e-07,-4.126791266180282e-05,0.049463962201902516
4,0.1,200,36,oracle_no_cov,300,1.465983196015868e-06,1.7124172891598038e-07,1.944810563870932e-05,0.02444856401144672
4,0.1,200,36,oracle_tail,300,1.497005930563357e-06,1.6560699063628265e-07,1.3789886321221207e-05,0.024965937821361934
4,0.1,200,36,tis,300,0.0009593955643623532,0.0006674152340590001,-0.002091174759182984,16.000076898123705
4,0.1,200,36,tis_no_cov,300,0.000959394849328345,0.0006674152375015396,-0.002092185542705893,16.00006497332486
4,0.1,200,36,uniform,300,5.9961934587630604e-05,1.482106429237797e-05,-0.0006886992379645444,1.0
4,0.1,200,37,learned_mean,300,0.0536571819228341,0.011643408550972345,-0.006735391658602314,2.9503960363676045
4,0.1,200,37,learned_occupancy,300,0.001094054266909148,9.073401533233481e-05,0.0032755006994861077,0.060157713412939566
4,0.1,200,37,oracle_no_cov,300,0.00041230375449091613,3.30275083637643e-05,-0.0004757090956276633,0.02267095138874243
4,0.1,200,37,oracle_tail,300,0.0003704768188036689,3.087857415669984e-05,-0.0002531194229263593,0.020371053763806952
4,0.1,200,37,tis,300,0.0526641831854713,0.011565546826881599,-0.012229576623586662,2.8957949665043645
4,0.1,200,37,tis_no_cov,300,0.05201580750331491,0.01157320862157684,-0.010849661150635544,2.860143354284728
4,0.1,200,37,uniform,300,0.018186433706335377,0.0015160256598934492,-0.003431061638995114,1.0
4,0.1,200,38,learned_mean,300,0.004669849325513734,0.0016942710290490219,-0.002705006464631332,0.16827742740573776
4,0.1,200,38,learned_occupancy,300,0.0027205011316255258,0.0002567660518874202,-0.0027790650232372423,0.09803291279295803
4,0.1,200,38,oracle_no_cov,300,0.0006133906815070438,5.04381152984455e-05,-0.00023644212252191228,0.022103455311655536
4,0.1,200,38,oracle_tail,300,0.000618363980634296,5.252874444421138e-05,-0.0003706625350321972,0.022282667514130855
4,0.1,200,38,tis,300,0.004078546955080932,0.0016601102331781068,-0.0008407567829648895,0.146969921578577
4,0.1,200,38,tis_no_cov,300,0.004138213817091265,0.00166476535842069,-0.00016354538368321605,0.1491200093738331
4,0.1,200,38,uniform,300,0.02775089563411347,0.002078299008111322,0.0009432296580579209,1.0
4,0.1,200,39,learned_mean,300,0.0003442347127243054,2.7977516983263826e-05,-0.0028332879459464382,0.07757720272219529
4,0.1,200,39,learned_occupancy,300,0.00038559852412587694,3.1548845284917755e-05,-0.0029821774362009026,0.0868990074788014
4,0.1,200,39,oracle_no_cov,300,0.0014291372961035226,0.00010752428486518419,0.024123564293858528,0.3220723234453889
4,0.1,200,39,oracle_tail,300,0.0014391613151826224,0.0001090227559260264,0.0242203709631744,0.3243313500090849
4,0.1,200,39,tis,300,0.0016224379936971797,0.0001646044272165371,0.015200165000439138,0.3656348313775126
4,0.1,200,39,tis_no_cov,300,0.0016078602473417786,0.0001660873074035179,0.015009635328573653,0.36234957064568335
4,0.1,200,39,uniform,300,0.004437317931622428,0.0003495661689505002,0.007185668728814537,1.0
4,0.1,200,40,learned_mean,300,0.0003407880818934771,2.862325186964451e-05,-1.022400160910634e-05,0.12463432420597936
4,0.1,200,40,learned_occupancy,300,0.0003687478074941123,2.934176180379193e-05,-0.0015968550219841405,0.13485986227602562
4,0.1,200,40,oracle_no_cov,300,0.0001761986150010143,1.4310576239265118e-05,-3.700172217724784e-05,0.06444003318621129
4,0.1,200,40,oracle_tail,300,0.00018119783224130134,1.4567327849956204e-05,-0.00023175303417564722,0.06626836608693995
4,0.1,200,40,tis,300,0.0004112750612187872,3.498199497468329e-05,0.0005311281463359381,0.15041309259693764
4,0.1,200,40,tis_no_cov,300,0.00043900078337661156,3.69916025114086e-05,0.0002689635030631295,0.160553050030494
4,0.1,200,40,uniform,300,0.002734303604280527,0.00021151822526382062,0.00140710284345028,1.0
4,0.1,200,41,learned_mean,300,0.00802012529488173,0.0014732139885536173,0.002193580538655501,1.3716600236176772
4,0.1,200,41,learned_occupancy,300,0.0009700390687013109,0.0001934661563645654,0.0012371454151934474,0.1659031203333004
4,0.1,200,41,oracle_no_cov,300,0.00035351652110865184,2.720265850042141e-05,0.0003762917586033332,0.06046096062895527
4,0.1,200,41,oracle_tail,300,0.00035472937778146396,2.536328923701719e-05,0.00013015170176923293,0.060668392177878325
4,0.1,200,41,tis,300,0.009489807709440972,0.0015766328496546816,0.0002469988479868812,1.6230157744750016
4,0.1,200,41,tis_no_cov,300,0.009489054375507091,0.0015766315875496832,0.0009875578954246554,1.6228869338392824
4,0.1,200,41,uniform,300,0.005847021241990485,0.0005770709782934062,0.010714614788790443,1.0
4,0.1,200,42,learned_mean,300,0.0027125127604327665,0.000730318482649465,-0.0022740843702031524,0.763214460873327
4,0.1,200,42,learned_occupancy,300,0.0008249719991608145,9.354587477368911e-05,0.00037472417374991035,0.232120773313766
4,0.1,200,42,oracle_no_cov,300,0.00020435778625958173,1.624399139936685e-05,0.00044221039660727286,0.05749975444926176
4,0.1,200,42,oracle_tail,300,0.00019295747882259442,1.5746396218581424e-05,0.0006861767648731565,0.05429207202976145
4,0.1,200,42,tis,300,0.004949955326730346,0.0022469525579123053,-0.0048544858893911245,1.3927593415025314
4,0.1,200,42,tis_no_cov,300,0.005048707475989145,0.0022729090359240233,-0.004865296835220207,1.42054504244228
4,0.1,200,42,uniform,300,0.0035540636341309714,0.00035673337110712135,0.001390974370089569,1.0
4,0.1,200,43,learned_mean,300,0.00041265312721874945,5.2281879907018995e-05,-0.0016467546210714372,0.13457431396160532
4,0.1,200,43,learned_occupancy,300,0.0004999174198408433,5.39082070796821e-05,-0.002083751903194608,0.1630329188729835
4,0.1,200,43,oracle_no_cov,300,6.18938416256619e-05,4.93146015684439e-06,-0.0009907703585988275,0.02018480104915402
4,0.1,200,43,oracle_tail,300,5.740343332577907e-05,4.81768603847224e-06,-0.00081076660880443,0.018720390442509345
4,0.1,200,43,tis,300,0.0007133360098504609,9.701209745227727e-05,-0.0014930680081256045,0.23263292537426086
4,0.1,200,43,tis_no_cov,300,0.0007476941379303273,9.85474547418927e-05,-0.0017742256886021605,0.24383778778864879
4,0.1,200,43,uniform,300,0.003066358765436332,0.00024011669089183085,-0.0021087176404508395,1.0
4,0.1,200,44,learned_mean,300,0.0,0.0,0.0,0.0
4,0.1,200,44,learned_occupancy,300,0.0,0.0,0.0,0.0
4,0.1,200,44,oracle_no_cov,300,0.0,0.0,0.0,0.0
4,0.1,200,44,oracle_tail,300,0.0,0.0,0.0,0.0
4,0.1,200,44,tis,300,0.0,0.0,0.0,0.0
4,0.1,200,44,tis_no_cov,300,0.0,0.0,0.0,0.0
4,0.1,200,44,uniform,300,0.0,0.0,0.0,0.0
4,0.1,200,45,learned_mean,300,0.0002753371703149291,2.518713405305873e-05,-0.0009346395247356644,0.05833415759583575
4,0.1,200,45,learned_occupancy,300,0.00031351941993652257,2.7434662388388848e-05,0.0002515287511711739,0.06642361883436727
4,0.1,200,45,oracle_no_cov,300,7.944818838926976e-05,7.070562653544427e-06,0.00020023188360141628,0.016832246575725122
4,0.1,200,45,oracle_tail,300,8.070408784064775e-05,7.065708835966453e-06,0.00016533978214666807,0.01709832701970372
4,0.1,200,45,tis,300,0.002082844603598608,0.00040475475516129006,0.007481113968707373,0.4412807221596165
4,0.1,200,45,tis_no_cov,300,0.002080248549550084,0.00040480274697207903,0.007387223021478245,0.4407307106017121
4,0.1,200,45,uniform,300,0.0047199990822287,0.0005041566409192187,0.018077467598003803,1.0
4,0.1,200,46,learned_mean,300,0.0675422610962413,0.00867133318631586,0.059609951275191975,1.9868240189052235
4,0.1,200,46,learned_occupancy,300,0.002473096927507487,0.0002754053074754875,-0.0011983178764119406,0.07274865094686661
4,0.1,200,46,oracle_no_cov,300,0.0013427791771566148,0.00010612973288575764,-0.002644073356659874,0.039499209501723656
4,0.1,200,46,oracle_tail,300,0.0013454315368372385,0.00011226603456138556,-0.0026425026946169704,0.03957723134811595
4,0.1,200,46,tis,300,0.07375180562578074,0.008762113169368384,0.06601180860930231,2.1694840604482666
4,0.1,200,46,tis_no_cov,300,0.07352865414082559,0.008770399694481259,0.06710976198838516,2.1629198335040205
4,0.1,200,46,uniform,300,0.03399508987890046,0.002518744638920615,-0.004354500355381599,1.0
4,0.1,200,47,learned_mean,300,0.04549841168563946,0.0090405104889514,0.012295114621215212,0.7997938950611027
4,0.1,200,47,learned_occupancy,300,0.003864101422520733,0.000422486555882254,-0.0011742374197771961,0.06792511239693332
4,0.1,200,47,oracle_no_cov,300,0.0010121594708576566,8.976884829103254e-05,0.0007970734565681966,0.017792246709916165
4,0.1,200,47,oracle_tail,300,0.0010415539749183936,8.622883343461508e-05,0.00033106789880666434,0.018308958041699786
4,0.1,200,47,tis,300,0.048403007380019,0.008947019076727321,0.013827316339140795,0.8508523346399671
4,0.1,200,47,tis_no_cov,300,0.04822002627132129,0.008972845289805357,0.015633796325161074,0.8476358009583281
4,0.1,200,47,uniform,300,0.05688767064440204,0.004056507933403035,0.027716798931391368,1.0
4,0.1,200,48,learned_mean,300,0.03516747789950048,0.007439460072942618,0.015338356498309193,2.986912436450139
4,0.1,200,48,learned_occupancy,300,0.001972443218149407,0.00016028830475113694,-0.0010633621986454382,0.16752737274247015
4,0.1,200,48,oracle_no_cov,300,0.00044609837739311033,3.593728501616923e-05,0.0009278429267334583,0.037888892547925226
4,0.1,200,48,oracle_tail,300,0.00041236298202844776,3.2392752412583136e-05,0.0012614607798963314,0.035023612522691906
4,0.1,200,48,tis,300,0.03564920300567094,0.007469026519188666,0.01410236086531961,3.0278272474207393
4,0.1,200,48,tis_no_cov,300,0.03567948954057078,0.00748755234053638,0.013579106167296129,3.030399602140285
4,0.1,200,48,uniform,300,0.011773856330819002,0.0009189108748822847,-0.0007549143858030953,1.0
4,0.1,200,49,learned_mean,300,0.0033730831919105003,0.0004307470602522828,0.00683346078013385,0.8403399202375349
4,0.1,200,49,learned_occupancy,300,0.0005913191325208394,5.1762463002392695e-05,3.437041147902035e-05,0.14731598492714415
4,0.1,200,49,oracle_no_cov,300,0.0003014031267347961,2.4041590612578093e-05,-1.0701574608484125e-05,0.0750888919926712
4,0.1,200,49,oracle_tail,300,0.0002905951533162612,2.3499730642323922e-05,0.0003507184586749664,0.07239628970457976
4,0.1,200,49,tis,300,0.0040863283321143805,0.0005317071162941073,0.010993652103865527,1.0180314653693519
4,0.1,200,49,tis_no_cov,300,0.004022278743543684,0.0005290233021140682,0.011415289912084663,1.0020747210234584
4,0.1,200,49,uniform,300,0.004013950915192803,0.0003627771080963398,7.891513817681901e-05,1.0
4,0.1,400,0,learned_mean,300,4.609432704890374e-05,3.881729678481262e-06,-0.001268287707113814,0.04507864098580525
4,0.1,400,0,learned_occupancy,300,5.448882874889369e-05,4.562864087558045e-06,-0.0011203618088190045,0.05328817028400072
4,0.1,400,0,oracle_no_cov,300,2.76768819984219e-05,2.4558326313499806e-06,-0.0007253402108014742,0.02706702336471207
4,0.1,400,0,oracle_tail,300,2.712442819937269e-05,2.318019912937436e-06,-0.0006955088074604565,0.02652674285595962
4,0.1,400,0,tis,300,9.20067579609529e-05,1.8488758543069035e-05,-0.0011935408805152086,0.0899793939065288
4,0.1,400,0,tis_no_cov,300,8.641511788349698e-05,1.8542845499337497e-05,-0.0008965073734957681,0.08451096532298427
4,0.1,400,0,uniform,300,0.0010225314259899342,7.80488308722034e-05,0.0006191657868110305,1.0
4,0.1,400,1,learned_mean,300,0.0,0.0,0.0,0.0
4,0.1,400,1,learned_occupancy,300,0.0,0.0,0.0,0.0
4,0.1,400,1,oracle_no_cov,300,0.0,0.0,0.0,0.0
4,0.1,400,1,oracle_tail,300,0.0,0.0,0.0,0.0
4,0.1,400,1,tis,300,0.0,0.0,0.0,0.0
4,0.1,400,1,tis_no_cov,300,0.0,0.0,0.0,0.0
4,0.1,400,1,uniform,300,0.0,0.0,0.0,0.0
4,0.1,400,2,learned_mean,300,0.011515632748765894,0.0011157579280407022,0.014350910904025656,1.5066074412993384
4,0.1,400,2,learned_occupancy,300,0.0006308210762328353,5.6054230138811805e-05,0.0027727983572316613,0.082531264092518
4,0.1,400,2,oracle_no_cov,300,0.00033710356075381643,3.293242183306617e-05,0.00297864112568979,0.04410376261561764
4,0.1,400,2,oracle_tail,300,0.00033025748585765725,2.8429113272445987e-05,0.002623147840241612,0.04320808040628777
4,0.1,400,2,tis,300,0.012908814283629097,0.001214191503824303,0.016182469091591573,1.6888794634538031
4,0.1,400,2,tis_no_cov,300,0.012854480450372671,0.0012079696650901688,0.016036037026619272,1.6817708868532493
4,0.1,400,2,uniform,300,0.007643419535240384,0.0005716118272614126,0.006944962227571827,1.0
4,0.1,400,3,learned_mean,300,0.02554695217310761,0.0043782593423749485,0.011212204330694623,5.705087955340975
4,0.1,400,3,learned_occupancy,300,0.000455170523441741,3.942628672043971e-05,-0.0001336829798439935,0.10164765852762944
4,0.1,400,3,oracle_no_cov,300,0.00022703870263090207,1.9150281193736533e-05,0.0006034370569186157,0.05070177291596031
4,0.1,400,3,oracle_tail,300,0.0002097182107159141,1.677731520747646e-05,0.0007232336484885119,0.046833799580620616
4,0.1,400,3,tis,300,0.033508140124315154,0.0049255821554144005,0.013800677347773606,7.482962559829065
4,0.1,400,3,tis_no_cov,300,0.03372184431558112,0.0049667791860169355,0.01497932830938368,7.530686499629632
4,0.1,400,3,uniform,300,0.004477924332295548,0.00035823010207472304,-0.0010053122006604184,1.0
4,0.1,400,4,learned_mean,300,0.0,0.0,0.0,0.0
4,0.1,400,4,learned_occupancy,300,0.0,0.0,0.0,0.0
4,0.1,400,4,oracle_no_cov,300,0.0,0.0,0.0,0.0
4,0.1,400,4,oracle_tail,300,0.0,0.0,0.0,0.0
4,0.1,400,4,tis,300,0.0,0.0,0.0,0.0
4,0.1,400,4,tis_no_cov,300,0.0,0.0,0.0,0.0
4,0.1,400,4,uniform,300,0.0,0.0,0.0,0.0
4,0.1,400,5,learned_mean,300,0.0,0.0,0.0,0.0
4,0.1,400,5,learned_occupancy,300,0.0,0.0,0.0,0.0
4,0.1,400,5,oracle_no_cov,300,0.0,0.0,0.0,0.0
4,0.1,400,5,oracle_tail,300,0.0,0.0,0.0,0.0
4,0.1,400,5,tis,300,0.0,0.0,0.0,0.0
4,0.1,400,5,tis_no_cov,300,0.0,0.0,0.0,0.0
4,0.1,400,5,uniform,300,0.0,0.0,0.0,0.0
4,0.1,400,6,learned_mean,300,0.026227377940126768,0.002517767803935627,0.010364892078129668,0.48755209759191226
4,0.1,400,6,learned_occupancy,300,0.003297499665583778,0.0002547523050045486,0.0019106821472496716,0.06129865068609407
4,0.1,400,6,oracle_no_cov,300,0.00205870027584365,0.00016241464763316362,0.00035083997175515544,0.038270071834552916
4,0.1,400,6,oracle_tail,300,0.0021753092270428535,0.00017961597660656398,-0.001113503525623291,0.04043776617612802
4,0.1,400,6,tis,300,0.04346707204504783,0.003939625207171846,0.014483533797424855,0.8080282443834493
4,0.1,400,6,tis_no_cov,300,0.0433731727284209,0.003983313950507246,0.015027372383085871,0.8062827092831272
4,0.1,400,6,uniform,300,0.05379400082507581,0.004467807914020954,0.011833084930835768,1.0
4,0.1,400,7,learned_mean,300,0.00018439863068845042,1.4519216119727821e-05,-0.0013129990281180311,0.1173258179677242
4,0.1,400,7,learned_occupancy,300,0.00021774363977129254,1.6312606033408626e-05,-0.001341624514499811,0.13854197587073774
4,0.1,400,7,oracle_no_cov,300,4.182165807895125e-05,3.3277341175332986e-06,-0.0002597200466178251,0.026609526462100595
4,0.1,400,7,oracle_tail,300,4.219021612221665e-05,3.3409704638060137e-06,2.591791264775674e-06,0.02684402589267259
4,0.1,400,7,tis,300,0.001110213672080612,0.00020493566126594982,0.005543241069442552,0.7063866293881704
4,0.1,400,7,tis_no_cov,300,0.001113987244408037,0.0002048907599181625,0.00560596670013713,0.7087876095815838
4,0.1,400,7,uniform,300,0.001571679907138407,0.00021869744907070568,0.008831888112108551,1.0
4,0.1,400,8,learned_mean,300,0.0,0.0,0.0,0.0
4,0.1,400,8,learned_occupancy,300,0.0,0.0,0.0,0.0
4,0.1,400,8,oracle_no_cov,300,0.0,0.0,0.0,0.0
4,0.1,400,8,oracle_tail,300,0.0,0.0,0.0,0.0
4,0.1,400,8,tis,300,0.0,0.0,0.0,0.0
4,0.1,400,8,tis_no_cov,300,0.0,0.0,0.0,0.0
4,0.1,400,8,uniform,300,0.0,0.0,0.0,0.0
4,0.1,400,9,learned_mean,300,1.0096356823440759e-05,4.994686880645275e-06,0.0005429488059500213,0.023318505770355512
4,0.1,400,9,learned_occupancy,300,3.100181276990382e-06,1.2059234801861937e-06,0.0003995965131789697,0.007160166410601555
4,0.1,400,9,oracle_no_cov,300,0.00043297614876662105,7.918406016331086e-05,0.00880774973878757,1.0
4,0.1,400,9,oracle_tail,300,0.00043297614876662105,7.918406016331086e-05,0.00880774973878757,1.0
4,0.1,400,9,tis,300,0.0003685199420797394,8.64574346906774e-05,0.006303462099508511,0.8511322000750109
4,0.1,400,9,tis_no_cov,300,0.0003686249084534217,8.645603834038462e-05,0.00632087976957213,0.8513746299963387
4,0.1,400,9,uniform,300,0.00043297614876662105,7.918406016331086e-05,0.00880774973878757,1.0
4,0.1,400,10,learned_mean,300,0.0,0.0,0.0,0.0
4,0.1,400,10,learned_occupancy,300,0.0,0.0,0.0,0.0
4,0.1,400,10,oracle_no_cov,300,0.0,0.0,0.0,0.0
4,0.1,400,10,oracle_tail,300,0.0,0.0,0.0,0.0
4,0.1,400,10,tis,300,0.0,0.0,0.0,0.0
4,0.1,400,10,tis_no_cov,300,0.0,0.0,0.0,0.0
4,0.1,400,10,uniform,300,0.0,0.0,0.0,0.0
4,0.1,400,11,learned_mean,300,0.0,0.0,0.0,0.0
4,0.1,400,11,learned_occupancy,300,0.0,0.0,0.0,0.0
4,0.1,400,11,oracle_no_cov,300,0.0,0.0,0.0,0.0
4,0.1,400,11,oracle_tail,300,0.0,0.0,0.0,0.0
4,0.1,400,11,tis,300,0.0,0.0,0.0,0.0
4,0.1,400,11,tis_no_cov,300,0.0,0.0,0.0,0.0
4,0.1,400,11,uniform,300,0.0,0.0,0.0,0.0
4,0.1,400,12,learned_mean,300,0.00010415110893030222,1.0349274169214872e-05,-0.00044198750237628057,0.12221860608464678
4,0.1,400,12,learned_occupancy,300,0.00014452993654736604,1.168112733096722e-05,-0.0003398182896721128,0.1696021056688164
4,0.1,400,12,oracle_no_cov,300,5.578931389866619e-05,3.848797363638633e-06,0.0003617651141632979,0.06546730274064311
4,0.1,400,12,oracle_tail,300,5.349286513633323e-05,3.970343983301254e-06,0.00012987684788453655,0.06277248009727625
4,0.1,400,12,tis,300,0.00011809157400870293,1.4141816916022117e-05,0.0005047329641579834,0.13857737775354953
4,0.1,400,12,tis_no_cov,300,0.00012262321530725942,1.4979402699324855e-05,0.00036058991284123524,0.14389514045884946
4,0.1,400,12,uniform,300,0.000852170649517707,6.549474781789782e-05,0.002226987571656786,1.0
4,0.1,400,13,learned_mean,300,0.0,0.0,0.0,0.0
4,0.1,400,13,learned_occupancy,300,0.0,0.0,0.0,0.0
4,0.1,400,13,oracle_no_cov,300,0.0,0.0,0.0,0.0
4,0.1,400,13,oracle_tail,300,0.0,0.0,0.0,0.0
4,0.1,400,13,tis,300,0.0,0.0,0.0,0.0
4,0.1,400,13,tis_no_cov,300,0.0,0.0,0.0,0.0
4,0.1,400,13,uniform,300,0.0,0.0,0.0,0.0
4,0.1,400,14,learned_mean,300,3.307679615206735e-05,2.6019654543903827e-06,2.876708329265713e-05,0.31043478948151965
4,0.1,400,14,learned_occupancy,300,2.298150915785946e-05,1.7262772935664598e-06,-5.094434358410283e-06,0.21568775659494507
4,0.1,400,14,oracle_no_cov,300,3.838610330049981e-06,2.8811341916278186e-07,1.7481765494931817e-05,0.03602640909452693
4,0.1,400,14,oracle_tail,300,3.673644267299304e-06,2.635755148917275e-07,2.850207092938965e-05,0.0344781574220807
4,0.1,400,14,tis,300,0.00033400344626806057,9.390026533974927e-05,-0.0008768964939673044,3.134713805159358
4,0.1,400,14,tis_no_cov,300,0.00033368141451851853,9.379216087741007e-05,-0.001060819335345881,3.1316914490062455
4,0.1,400,14,uniform,300,0.00010654990121213984,1.0642628867018646e-05,0.0005766643373443333,1.0
4,0.1,400,15,learned_mean,300,0.0,0.0,0.0,0.0
4,0.1,400,15,learned_occupancy,300,0.0,0.0,0.0,0.0
4,0.1,400,15,oracle_no_cov,300,0.0,0.0,0.0,0.0
4,0.1,400,15,oracle_tail,300,0.0,0.0,0.0,0.0
4,0.1,400,15,tis,300,0.0,0.0,0.0,0.0
4,0.1,400,15,tis_no_cov,300,0.0,0.0,0.0,0.0
4,0.1,400,15,uniform,300,0.0,0.0,0.0,0.0
4,0.1,400,16,learned_mean,300,0.0036051658033401054,0.0006869275179596815,0.007020913273740973,0.3763198021758648
4,0.1,400,16,learned_occupancy,300,0.0005460625413096034,4.951238798694499e-05,0.00046548803125865106,0.05699991587929027
4,0.1,400,16,oracle_no_cov,300,0.0002586156033714813,2.29309185039545e-05,0.0003531697919046232,0.026995200223573892
4,0.1,400,16,oracle_tail,300,0.00025249048823189135,2.1718140222793037e-05,0.0006123692210420269,0.02635583930555471
4,0.1,400,16,tis,300,0.004711777724677948,0.000717831078220898,0.009553628809900558,0.4918318207735915
4,0.1,400,16,tis_no_cov,300,0.004679342196248086,0.0007153441911389799,0.00988712774802793,0.48844608699377845
4,0.1,400,16,uniform,300,0.009580058722648112,0.0008509469347671634,0.006337337974609814,1.0
4,0.1,400,17,learned_mean,300,0.0032835078499091827,0.0016609879275646944,0.007601565946007359,1.1093593127450698
4,0.1,400,17,learned_occupancy,300,0.00022291943489651086,1.927863001410401e-05,-0.0005496731512091616,0.07531510884042886
4,0.1,400,17,oracle_no_cov,300,0.0001358346832379815,1.2358308944724615e-05,-8.501388287657748e-05,0.04589283100023631
4,0.1,400,17,oracle_tail,300,0.00012544315604191988,1.1008967462181853e-05,-0.0004580081956998742,0.04238197066563608
4,0.1,400,17,tis,300,0.003849661727083765,0.0016892474793622288,0.006455616133328909,1.3006389151701783
4,0.1,400,17,tis_no_cov,300,0.0037057346119578043,0.0016974626009501359,0.006673426835663667,1.2520119915202372
4,0.1,400,17,uniform,300,0.0029598235776145967,0.0003036199717443936,-0.0010232194518500718,1.0
4,0.1,400,18,learned_mean,300,0.003911320190958323,0.0014786165390421491,0.005262230422724556,0.2587302323633376
4,0.1,400,18,learned_occupancy,300,0.0011014985553447758,9.130998274680265e-05,0.001758184689737212,0.07286311609850793
4,0.1,400,18,oracle_no_cov,300,0.00040316201663035685,3.257628201766254e-05,0.00027649216811488576,0.026668796506093936
4,0.1,400,18,oracle_tail,300,0.0004367277819450197,3.324245885380925e-05,0.000482192953554339,0.02888914100240789
4,0.1,400,18,tis,300,0.01321783107523573,0.0032271713715220887,-0.0016601420273070684,0.8743473657157117
4,0.1,400,18,tis_no_cov,300,0.013409642715181039,0.00320580718477264,-0.0012228723354862402,0.887035529238546
4,0.1,400,18,uniform,300,0.01511736821488111,0.0013324663959430282,-0.0027683049407888024,1.0
4,0.1,400,19,learned_mean,300,0.0005311040394955686,4.98312003676687e-05,0.0010682709393875127,0.09064683424919216
4,0.1,400,19,learned_occupancy,300,0.000586130691395996,4.74387394119009e-05,0.0003161547794741263,0.1000385756466847
4,0.1,400,19,oracle_no_cov,300,0.00014088166847071903,1.0758053379187585e-05,0.0004887982865249455,0.024045151798777576
4,0.1,400,19,oracle_tail,300,0.00014103204180711772,1.058349340316291e-05,0.00031166488765365464,0.024070816952657743
4,0.1,400,19,tis,300,0.0014347435272865916,0.00028345832491279756,0.002817237958128278,0.24487661368867092
4,0.1,400,19,tis_no_cov,300,0.0014398471217567212,0.0002834869640709816,0.0033285756426448035,0.2457476759431556
4,0.1,400,19,uniform,300,0.005859046748787057,0.0004216861222544505,0.007383806622737368,1.0
4,0.1,400,20,learned_mean,300,0.000186533083404685,2.2226221115456623e-05,-0.000456318203037294,0.07261176660009734
4,0.1,400,20,learned_occupancy,300,0.00022368847038156694,2.3118186947276356e-05,-0.0009986589536994336,0.08707525070628398
4,0.1,400,20,oracle_no_cov,300,5.31150231179735e-05,4.732021896569729e-06,-0.00020474716537727662,0.020676094509378594
4,0.1,400,20,oracle_tail,300,5.1237356847476404e-05,4.504557522323284e-06,-0.00035007424518650204,0.019945175025833584
4,0.1,400,20,tis,300,0.000205845123083113,2.0552236531032962e-05,-0.0005873833702758787,0.08012936772536032
4,0.1,400,20,tis_no_cov,300,0.0002130733747442684,2.0606537259820917e-05,-0.00039414768692397204,0.08294311053691243
4,0.1,400,20,uniform,300,0.0025689098632181596,0.00020274486088084297,0.004215707154605076,1.0
4,0.1,400,21,learned_mean,300,0.00022309079729368247,1.872669069615899e-05,-0.0014816020192042689,0.12156632695332098
4,0.1,400,21,learned_occupancy,300,0.00027818267246390794,2.3429594075930212e-05,-0.0013092550499225124,0.1515869149410839
4,0.1,400,21,oracle_no_cov,300,3.8128627075597826e-05,3.0045363484351627e-06,0.00016979373602261797,0.020776998431053757
4,0.1,400,21,oracle_tail,300,3.956413299844867e-05,3.291202479272124e-06,5.359041096638817e-05,0.02155923232181791
4,0.1,400,21,tis,300,0.0004769472053025218,7.51385600789327e-05,-0.0007366350048319476,0.2598974077041455
4,0.1,400,21,tis_no_cov,300,0.00048030633288988515,7.514534873885779e-05,-0.0005288486560342989,0.26172785883667593
4,0.1,400,21,uniform,300,0.0018351364467838601,0.0001365154174030619,-0.001612333849222593,1.0
4,0.1,400,22,learned_mean,300,0.0,0.0,0.0,0.0
4,0.1,400,22,learned_occupancy,300,0.0,0.0,0.0,0.0
4,0.1,400,22,oracle_no_cov,300,0.0,0.0,0.0,0.0
4,0.1,400,22,oracle_tail,300,0.0,0.0,0.0,0.0
4,0.1,400,22,tis,300,0.0,0.0,0.0,0.0
4,0.1,400,22,tis_no_cov,300,0.0,0.0,0.0,0.0
4,0.1,400,22,uniform,300,0.0,0.0,0.0,0.0
4,0.1,400,23,learned_mean,300,0.0001559274891564057,2.1055620122571228e-05,0.00044669176648858775,0.0902344474120631
4,0.1,400,23,learned_occupancy,300,0.000142359881696439,1.2359511557395495e-05,0.00023630205234602132,0.0823829417636533
4,0.1,400,23,oracle_no_cov,300,4.823464104660024e-05,4.085405148300736e-06,-0.00043787156207757193,0.02791314222082686
4,0.1,400,23,oracle_tail,300,4.3126180046983575e-05,3.667952402205893e-06,-0.0003642485258555781,0.024956901740585992
4,0.1,400,23,tis,300,0.0005320645271683775,7.540243323876395e-05,-0.001122165945840594,0.307903044269772
4,0.1,400,23,tis_no_cov,300,0.0005376830761943357,7.545361116487611e-05,-0.0010040390106046083,0.3111544701046765
4,0.1,400,23,uniform,300,0.001728026198734834,0.00012421432935007116,0.0014769578470275207,1.0
4,0.1,400,24,learned_mean,300,0.0,0.0,0.0,0.0
4,0.1,400,24,learned_occupancy,300,0.0,0.0,0.0,0.0
4,0.1,400,24,oracle_no_cov,300,0.0,0.0,0.0,0.0
4,0.1,400,24,oracle_tail,300,0.0,0.0,0.0,0.0
4,0.1,400,24,tis,300,0.0,0.0,0.0,0.0
4,0.1,400,24,tis_no_cov,300,0.0,0.0,0.0,0.0
4,0.1,400,24,uniform,300,0.0,0.0,0.0,0.0
4,0.1,400,25,learned_mean,300,0.0027235347977453274,0.0016851672773527185,0.007281970130836837,2.446206809786619
4,0.1,400,25,learned_occupancy,300,8.671801601413734e-05,7.023870604887542e-06,0.0004777142790679223,0.07788782485194586
4,0.1,400,25,oracle_no_cov,300,4.7095448997660946e-05,4.255107585307385e-06,-7.319829510795165e-05,0.04229988474662009
4,0.1,400,25,oracle_tail,300,4.0687429915372235e-05,3.7322840281308402e-06,0.0003002813256452145,0.03654437175324323
4,0.1,400,25,tis,300,0.0029347541941336926,0.0016488402593607609,0.006561364341006149,2.6359184764897488
4,0.1,400,25,tis_no_cov,300,0.0029714950909435797,0.0017012603134636465,0.006999459960190102,2.66891817675002
4,0.1,400,25,uniform,300,0.0011133706221604785,0.00011272497882007344,0.0020759279069908635,1.0
4,0.1,400,26,learned_mean,300,0.0001069470004864697,4.102437811726077e-05,0.002657386831551962,0.28274335397306744
4,0.1,400,26,learned_occupancy,300,1.2711219098796227e-05,1.0791811786158487e-06,-0.00015044878288207405,0.03360554952202563
4,0.1,400,26,oracle_no_cov,300,8.751054239398544e-06,7.358775910824874e-07,-0.00020531770771656206,0.023135781416897323
4,0.1,400,26,oracle_tail,300,8.869675720383613e-06,6.988754436186143e-07,-9.941476748642319e-05,0.023449389421183655
4,0.1,400,26,tis,300,0.00028639633872916447,7.436659325678435e-05,0.0021292173517527607,0.7571662693628828
4,0.1,400,26,tis_no_cov,300,0.0002934685045534087,7.733413584383007e-05,0.002068270023216304,0.7758634546593839
4,0.1,400,26,uniform,300,0.0003782476192054257,5.331390332824938e-05,0.001301547793690189,1.0
4,0.1,400,27,learned_mean,300,1.569339679190933e-06,1.156777292410538e-06,0.00011107652790478502,0.016492630437729014
4,0.1,400,27,learned_occupancy,300,0.0,0.0,0.0,0.0
4,0.1,400,27,oracle_no_cov,300,9.51539953020997e-05,3.786126208825342e-05,0.0025448102474898526,1.0
4,0.1,400,27,oracle_tail,300,9.51539953020997e-05,3.786126208825342e-05,0.0025448102474898526,1.0
4,0.1,400,27,tis,300,7.852744453327862e-05,3.679750194319585e-05,0.0018083852653158602,0.8252669189976284
4,0.1,400,27,tis_no_cov,300,7.852744453327862e-05,3.679750194319585e-05,0.0018083852653158602,0.8252669189976284
4,0.1,400,27,uniform,300,9.51539953020997e-05,3.786126208825342e-05,0.0025448102474898526,1.0
4,0.1,400,28,learned_mean,300,4.448204983373212e-05,4.345186849080525e-06,0.00100467462326569,0.049264580657065786
4,0.1,400,28,learned_occupancy,300,6.686367235866739e-05,6.744104219417055e-06,0.0015657670704633752,0.07405258508215687
4,0.1,400,28,oracle_no_cov,300,2.0177381545855047e-05,2.3058376285917763e-06,0.0008707477436788539,0.02234677233467696
4,0.1,400,28,oracle_tail,300,1.855354822099836e-05,1.7542521105611682e-06,0.0007784552526307261,0.020548350991572192
4,0.1,400,28,tis,300,0.0003424755657620483,6.839732382955688e-05,0.004133972561741278,0.37929715909279366
4,0.1,400,28,tis_no_cov,300,0.00034360235867129566,6.838464251649528e-05,0.004268877882439209,0.3805451002368938
4,0.1,400,28,uniform,300,0.0009029215156295513,9.890812929772348e-05,0.011458306317616946,1.0
4,0.1,400,29,learned_mean,300,0.0,0.0,0.0,0.0
4,0.1,400,29,learned_occupancy,300,0.0,0.0,0.0,0.0
4,0.1,400,29,oracle_no_cov,300,0.0,0.0,0.0,0.0
4,0.1,400,29,oracle_tail,300,0.0,0.0,0.0,0.0
4,0.1,400,29,tis,300,0.0,0.0,0.0,0.0
4,0.1,400,29,tis_no_cov,300,0.0,0.0,0.0,0.0
4,0.1,400,29,uniform,300,0.0,0.0,0.0,0.0
4,0.1,400,30,learned_mean,300,1.6133208564826457e-06,1.3493386057626518e-07,-4.2888062906964265e-05,0.0318303525154286
4,0.1,400,30,learned_occupancy,300,3.1428345942582224e-06,2.7347577518490646e-07,-2.713751496653464e-05,0.06200721488906093
4,0.1,400,30,oracle_no_cov,300,0.000431979580625068,0.00022258438741432616,0.003605964952734968,8.522831819543166
4,0.1,400,30,oracle_tail,300,0.0004397078588226988,0.0002274441919497617,0.0036364198262047467,8.675308506607264
4,0.1,400,30,tis,300,0.0007768785757008388,0.0005660679756992804,0.0025691131360361546,15.32758894604161
4,0.1,400,30,tis_no_cov,300,0.0007808009989282617,0.0005696528104472959,0.002561715795877831,15.404977218524357
4,0.1,400,30,uniform,300,5.0684982382794766e-05,5.213408188366014e-06,2.713162524704179e-06,1.0
4,0.1,400,31,learned_mean,300,0.00015216278855467675,3.3285255929557404e-05,0.00010382747014749302,0.07990027855712022
4,0.1,400,31,learned_occupancy,300,0.00013005769806630823,1.4858571943197215e-05,-0.0009159432720136349,0.06829295389957858
4,0.1,400,31,oracle_no_cov,300,4.183953427446886e-05,3.3051126809300534e-06,-3.976831274465797e-05,0.021969828990279064
4,0.1,400,31,oracle_tail,300,4.0273968951065324e-05,3.5119413994467986e-06,-0.00012668279380284513,0.021147754772085026
4,0.1,400,31,tis,300,0.00039108163430006857,6.422361697647875e-05,0.0009062555328307399,0.20535593370728156
4,0.1,400,31,tis_no_cov,300,0.00040208067909202466,6.469400541021007e-05,0.0007178247261495735,0.21113150308982967
4,0.1,400,31,uniform,300,0.0019044087367717562,0.00014910426150298645,-0.0018738569107647326,1.0
4,0.1,400,32,learned_mean,300,0.0,0.0,0.0,0.0
4,0.1,400,32,learned_occupancy,300,0.0,0.0,0.0,0.0
4,0.1,400,32,oracle_no_cov,300,0.0,0.0,0.0,0.0
4,0.1,400,32,oracle_tail,300,0.0,0.0,0.0,0.0
4,0.1,400,32,tis,300,0.0,0.0,0.0,0.0
4,0.1,400,32,tis_no_cov,300,0.0,0.0,0.0,0.0
4,0.1,400,32,uniform,300,0.0,0.0,0.0,0.0
4,0.1,400,33,learned_mean,300,5.814679223728569e-05,4.895049791824429e-06,-0.0007148327215492145,0.09274157264419336
4,0.1,400,33,learned_occupancy,300,7.372704984884159e-05,6.594130747990419e-06,-0.000432440792651055,0.1175913973292912
4,0.1,400,33,oracle_no_cov,300,1.0304836829007798e-05,9.337293774250519e-07,-0.0002936959231056328,0.01643576088366173
4,0.1,400,33,oracle_tail,300,1.01996908291604e-05,8.779764161246561e-07,-0.0002879414643003316,0.016268057644877723
4,0.1,400,33,tis,300,5.4750213951195196e-05,5.961686128284373e-06,-0.0006890612128373164,0.08732417987425892
4,0.1,400,33,tis_no_cov,300,5.343638789981281e-05,5.750617271878615e-06,-0.0006040706542859842,0.08522868518748614
4,0.1,400,33,uniform,300,0.0006269765605589644,4.458984777517322e-05,-0.001421177566254915,1.0
4,0.1,400,34,learned_mean,300,0.0,0.0,0.0,0.0
4,0.1,400,34,learned_occupancy,300,0.0,0.0,0.0,0.0
4,0.1,400,34,oracle_no_cov,300,0.0,0.0,0.0,0.0
4,0.1,400,34,oracle_tail,300,0.0,0.0,0.0,0.0
4,0.1,400,34,tis,300,0.0,0.0,0.0,0.0
4,0.1,400,34,tis_no_cov,300,0.0,0.0,0.0,0.0
4,0.1,400,34,uniform,300,0.0,0.0,0.0,0.0
4,0.1,400,35,learned_mean,300,0.0,0.0,0.0,0.0
4,0.1,400,35,learned_occupancy,300,0.0,0.0,0.0,0.0
4,0.1,400,35,oracle_no_cov,300,0.0,0.0,0.0,0.0
4,0.1,400,35,oracle_tail,300,0.0,0.0,0.0,0.0
4,0.1,400,35,tis,300,0.0,0.0,0.0,0.0
4,0.1,400,35,tis_no_cov,300,0.0,0.0,0.0,0.0
4,0.1,400,35,uniform,300,0.0,0.0,0.0,0.0
4,0.1,400,36,learned_mean,300,0.00039286148898667357,0.0002369446492720178,-0.0013172274265480014,9.34601587207157
4,0.1,400,36,learned_occupancy,300,1.1217761626658407e-06,1.0730694645841457e-07,3.535682938649328e-05,0.026686601041575046
4,0.1,400,36,oracle_no_cov,300,7.69346648681567e-07,8.288586377903517e-08,-4.2002561059957996e-05,0.018302445496119632
4,0.1,400,36,oracle_tail,300,7.627846431416489e-07,7.81439130825853e-08,-2.8152984183669184e-05,0.01814633803929844
4,0.1,400,36,tis,300,0.00039328671698825145,0.00023704904144862508,-0.0012372176597033899,9.356131874182765
4,0.1,400,36,tis_no_cov,300,0.0003933427475205431,0.00023704875252923227,-0.0012586503588904807,9.35746481787615
4,0.1,400,36,uniform,300,4.2035183158702973e-05,1.2966842515019684e-05,-0.0004646468769040668,1.0
4,0.1,400,37,learned_mean,300,0.01313276346993139,0.004522885280182547,0.00022333417136141787,1.4707889939439147
4,0.1,400,37,learned_occupancy,300,0.000509323607760066,4.4034320460334774e-05,-0.0017802201159466838,0.057041121494684634
4,0.1,400,37,oracle_no_cov,300,0.0001952516827982589,1.635833169425769e-05,-0.0020696353479060826,0.021866991419301627
4,0.1,400,37,oracle_tail,300,0.00018000601988824047,1.4117264283431635e-05,-0.0018443246049988518,0.020159570641886896
4,0.1,400,37,tis,300,0.013256594970374019,0.004522073099970722,-1.750234107287844e-05,1.4846573628041004
4,0.1,400,37,tis_no_cov,300,0.01301828188556723,0.004525266107586794,0.0006914584552621002,1.4579677583618087
4,0.1,400,37,uniform,300,0.008929060201025803,0.0007995545117512031,-0.002562987587656941,1.0
4,0.1,400,38,learned_mean,300,0.0011062921688674064,9.436506202500095e-05,-0.0020805438075469146,0.10360419442792906
4,0.1,400,38,learned_occupancy,300,0.0013489913033097407,0.00010819478934063021,-0.0019230358668279822,0.12633295362903246
4,0.1,400,38,oracle_no_cov,300,0.0002624176151039415,2.124470162559702e-05,4.968785841130696e-05,0.02457539371753498
4,0.1,400,38,oracle_tail,300,0.00026495867237189637,2.2228943083598314e-05,-8.069186473204093e-05,0.024813363576357376
4,0.1,400,38,tis,300,0.0008910360513615664,8.334390082543881e-05,0.00043680672163677326,0.0834454720962797
4,0.1,400,38,tis_no_cov,300,0.0009496211904084443,8.557010304065277e-05,-0.00022373388040197137,0.08893196681007123
4,0.1,400,38,uniform,300,0.01067806351833549,0.0007627508475649982,0.0038895763828696995,1.0
4,0.1,400,39,learned_mean,300,0.0001735294922126221,1.53585897809258e-05,-0.0009077976253136562,0.09530074530503813
4,0.1,400,39,learned_occupancy,300,0.00019493419601341065,1.7164439703076474e-05,-0.0009742197904984662,0.1070560048821785
4,0.1,400,39,oracle_no_cov,300,0.0008888785623530113,8.763971310265872e-05,0.015108346691872226,0.4881636452558647
4,0.1,400,39,oracle_tail,300,0.0009057384687514887,9.021252893468859e-05,0.015332832476039485,0.49742294536134385
4,0.1,400,39,tis,300,0.0007563278360015381,8.776425305778517e-05,0.009922727543749588,0.4153680480870468
4,0.1,400,39,tis_no_cov,300,0.0007555647853311952,8.791281987515244e-05,0.010112164439960774,0.41494898792233376
4,0.1,400,39,uniform,300,0.0018208618585005794,0.00019577215297166085,0.002797685796790471,1.0
4,0.1,400,40,learned_mean,300,0.00019528223941295107,4.33996930166349e-05,0.00026904534302365205,0.1551722305540668
4,0.1,400,40,learned_occupancy,300,0.00013444535413578438,1.0400122514556587e-05,0.0002914450774372342,0.10683094147013103
4,0.1,400,40,oracle_no_cov,300,8.148178647822512e-05,6.2654438988860684e-06,0.0005962705025835957,0.06474582939731416
4,0.1,400,40,oracle_tail,300,8.10840862117792e-05,6.287868196994342e-06,0.0006802594300853985,0.06442981480417002
4,0.1,400,40,tis,300,0.00020831812136840055,4.55232211148952e-05,0.00020348826338247416,0.16553060664780414
4,0.1,400,40,tis_no_cov,300,0.0001971961142489731,4.227710013040022e-05,0.00017940936214659863,0.15669300493784896
4,0.1,400,40,uniform,300,0.0012584870289978124,0.00011251815109377739,0.0037387435778107776,1.0
4,0.1,400,41,learned_mean,300,0.00299246210918878,0.0005849909303616851,0.0031974246671375717,1.2231835427178712
4,0.1,400,41,learned_occupancy,300,0.0002984364863467959,2.7953615606429292e-05,0.0003554274518063168,0.12198737538732145
4,0.1,400,41,oracle_no_cov,300,0.0001425454656522352,1.2484962809947457e-05,7.676164385178967e-06,0.05826615720194911
4,0.1,400,41,oracle_tail,300,0.00013846137432475187,1.2029345697612895e-05,-0.00041954310630241574,0.05659676486999787
4,0.1,400,41,tis,300,0.0037965865160867794,0.0006329191462729278,0.002401425637727188,1.5518733322377263
4,0.1,400,41,tis_no_cov,300,0.0038204187469180677,0.000639611411716969,0.002123350251662015,1.5616148733083959
4,0.1,400,41,uniform,300,0.0024464538678632265,0.00020463420505557862,-0.0006583639506627599,1.0
4,0.1,400,42,learned_mean,300,0.0013591146369915648,0.00037780087033163377,0.0020250806939639656,0.8058130788421426
4,0.1,400,42,learned_occupancy,300,0.00026027456529306123,2.6475419524295816e-05,0.0008989427701734861,0.15431564276825874
4,0.1,400,42,oracle_no_cov,300,9.485953723011712e-05,7.182642416567524e-06,0.000570468768579547,0.05624180159088077
4,0.1,400,42,oracle_tail,300,9.043938896340832e-05,7.174128980992707e-06,0.0006668160784481359,0.05362111516253096
4,0.1,400,42,tis,300,0.0026428961410691998,0.0011756070005696799,0.000819183285280937,1.5669614751623098
4,0.1,400,42,tis_no_cov,300,0.002627468282902095,0.0011646461352466722,0.0011212964859563933,1.5578143660434698
4,0.1,400,42,uniform,300,0.0016866375995590076,0.00013238334629605623,0.006144514337732768,1.0
4,0.1,400,43,learned_mean,300,0.00011254331537554774,1.1567114594239845e-05,-0.0007508380007701062,0.08475382423066771
4,0.1,400,43,learned_occupancy,300,0.00015007397501301574,1.2491230385144411e-05,-0.000641680045007453,0.11301731477704703
4,0.1,400,43,oracle_no_cov,300,3.3535077768526e-05,3.1268420732592526e-06,-0.00041546160554093434,0.02525450825107783
4,0.1,400,43,oracle_tail,300,3.1118001877073396e-05,2.5363541309482456e-06,-0.0006037491434583978,0.023434263089712457
4,0.1,400,43,tis,300,0.00022542217371230845,3.123600627612691e-05,-0.000930072085306165,0.1697603382729123
4,0.1,400,43,tis_no_cov,300,0.00021939231752542214,3.100363373050161e-05,-0.0008962998888661755,0.16521939001939565
4,0.1,400,43,uniform,300,0.0013278848051652228,9.970531126919315e-05,-0.00018172808300013222,1.0
4,0.1,400,44,learned_mean,300,0.0,0.0,0.0,0.0
4,0.1,400,44,learned_occupancy,300,0.0,0.0,0.0,0.0
4,0.1,400,44,oracle_no_cov,300,0.0,0.0,0.0,0.0
4,0.1,400,44,oracle_tail,300,0.0,0.0,0.0,0.0
4,0.1,400,44,tis,300,0.0,0.0,0.0,0.0
4,0.1,400,44,tis_no_cov,300,0.0,0.0,0.0,0.0
4,0.1,400,44,uniform,300,0.0,0.0,0.0,0.0
4,0.1,400,45,learned_mean,300,0.00011487097574112188,9.896808598035463e-06,-0.0005183220603372529,0.05186960365069507
4,0.1,400,45,learned_occupancy,300,0.00016671684140686526,1.3105064314725775e-05,0.0004273760546472042,0.07528043032522284
4,0.1,400,45,oracle_no_cov,300,3.833826897232894e-05,3.063203960597396e-06,-2.6635541119332527e-05,0.017311516711845602
4,0.1,400,45,oracle_tail,300,3.737105463722823e-05,3.0076123794766686e-06,0.00012832409547322085,0.01687477432428195
4,0.1,400,45,tis,300,0.0010699851805784808,0.00019290911371816637,0.004633861936625202,0.4831482179954638
4,0.1,400,45,tis_no_cov,300,0.0010685780815724913,0.00019288693157828383,0.004728852998783658,0.48251284716077664
4,0.1,400,45,uniform,300,0.002214610632359875,0.00018383337766635628,0.006628330680483473,1.0
4,0.1,400,46,learned_mean,300,0.0400775428989773,0.004422701721870098,0.023345832417584783,2.3315349611079186
4,0.1,400,46,learned_occupancy,300,0.001132381890998236,0.00010585554332883228,0.001564786761265428,0.06587699188153712
4,0.1,400,46,oracle_no_cov,300,0.0006193332297502709,5.032630351490348e-05,0.0008837810622873284,0.03603008002208357
4,0.1,400,46,oracle_tail,300,0.0005853816399518055,4.8580073534830364e-05,0.0008681174231790859,0.03405492603622539
4,0.1,400,46,tis,300,0.048503380929710446,0.005033837506581368,0.02162977819708554,2.8217131138655898
4,0.1,400,46,tis_no_cov,300,0.04861499300240375,0.005088716351471064,0.021489731204630998,2.8282062127619496
4,0.1,400,46,uniform,300,0.01718933816884861,0.0014284624903386262,0.004275813448596891,1.0
4,0.1,400,47,learned_mean,300,0.008485124503856498,0.0028490916791988085,-0.008050791315612423,0.33888986565816664
4,0.1,400,47,learned_occupancy,300,0.0019312972465522467,0.00015827069372261962,0.003950198630475014,0.07713464476951498
4,0.1,400,47,oracle_no_cov,300,0.0006222751108548594,4.963781119243753e-05,0.0005991746995753267,0.02485322738920067
4,0.1,400,47,oracle_tail,300,0.00055095811299314,4.123004155728949e-05,0.0003714676494600348,0.022004876983320685
4,0.1,400,47,tis,300,0.009954690197752771,0.003290105780717906,-0.009271779838055196,0.39758327909647356
4,0.1,400,47,tis_no_cov,300,0.009831724930082717,0.003344044372148092,-0.009250503727473634,0.3926721333587316
4,0.1,400,47,uniform,300,0.025038000140185136,0.0019570902017932872,-0.004802018589977397,1.0
4,0.1,400,48,learned_mean,300,0.007201680115226127,0.0023042051574226454,-0.0019117354626984192,1.1123562985157451
4,0.1,400,48,learned_occupancy,300,0.0007244242134001003,6.604554648414728e-05,-0.000435700491971045,0.11189303380321189
4,0.1,400,48,oracle_no_cov,300,0.00019768373243674335,1.551384040796443e-05,0.0007148730056618587,0.030533811745567692
4,0.1,400,48,oracle_tail,300,0.0001908273524318879,1.401266086971639e-05,0.00042616172877310896,0.029474789772723664
4,0.1,400,48,tis,300,0.007356642859301331,0.002325813455297256,-0.0008148855425767073,1.136291516638374
4,0.1,400,48,tis_no_cov,300,0.007337341092677104,0.002325451690526718,-2.4421569577163607e-05,1.1333102065366458
4,0.1,400,48,uniform,300,0.006474256607200025,0.0005075968955842091,-0.00035382386516518,1.0
4,0.1,400,49,learned_mean,300,0.0008276999148751408,0.00017341035790185568,0.003097332118971412,0.37711584647078406
4,0.1,400,49,learned_occupancy,300,0.00025662567828631466,2.038399976522721e-05,0.0005658030443419564,0.11692354699309307
4,0.1,400,49,oracle_no_cov,300,0.00013979066523527492,1.1881595229879918e-05,0.0004882150341230895,0.06369128968300927
4,0.1,400,49,oracle_tail,300,0.00013916641967382057,1.1252995808788127e-05,0.00042110866490260965,0.06340687151516519
4,0.1,400,49,tis,300,0.0010316178398184991,0.00020843152715944752,0.0024766464638632762,0.47002473711284837
4,0.1,400,49,tis_no_cov,300,0.0010161008345170811,0.00020031170998697942,0.0016845842354009876,0.4629548939441214
4,0.1,400,49,uniform,300,0.002194816056183055,0.00015723371192078519,0.0053630560474432635,1.0
4,0.2,50,0,learned_mean,300,0.0014454270009687466,0.0009866932470105985,0.005107960534259838,0.23068233305544225
4,0.2,50,0,learned_occupancy,300,0.0002730442915364213,2.7428555901328414e-05,0.0021114860566976337,0.04357639241336818
4,0.2,50,0,oracle_no_cov,300,0.00011984777882491422,1.1465636978741438e-05,0.0009670481802907482,0.019127057410934324
4,0.2,50,0,oracle_tail,300,0.00010635991164042423,9.464334340445872e-06,0.001116342273078165,0.016974466745356073
4,0.2,50,0,tis,300,0.001856261252464012,0.0011064471176793055,0.006987620133859246,0.2962492579644805
4,0.2,50,0,tis_no_cov,300,0.0018138920708322607,0.0010706657907703803,0.006715562187728399,0.28948736569187755
4,0.2,50,0,uniform,300,0.0062658764623355545,0.0006927926322826814,0.01581202966866437,1.0
4,0.2,50,1,learned_mean,300,8.947082489893911e-05,8.895223259303973e-05,0.0005800761036007492,5.261088385599339
4,0.2,50,1,learned_occupancy,300,0.0,0.0,0.0,0.0
4,0.2,50,1,oracle_no_cov,300,1.700614366104147e-05,1.3831550984392833e-05,0.00032271314074073983,1.0
4,0.2,50,1,oracle_tail,300,1.700614366104147e-05,1.3831550984392833e-05,0.00032271314074073983,1.0
4,0.2,50,1,tis,300,1.2355386269474749e-05,6.779874568303326e-06,0.00039851877819026624,0.7265248674676957
4,0.2,50,1,tis_no_cov,300,1.2355386269474749e-05,6.779874568303326e-06,0.00039851877819026624,0.7265248674676957
4,0.2,50,1,uniform,300,1.700614366104147e-05,1.3831550984392833e-05,0.00032271314074073983,1.0
4,0.2,50,2,learned_mean,300,0.02165831487923709,0.004459685807718857,0.004348125069864504,0.7993041348483401
4,0.2,50,2,learned_occupancy,300,0.002753549152783278,0.000256994697410446,-0.001627243241618747,0.10162024310754433
4,0.2,50,2,oracle_no_cov,300,0.0009903577113839048,7.627475992617224e-05,-0.001299229619173555,0.036549335352353045
4,0.2,50,2,oracle_tail,300,0.0010047582378595915,8.592588408615101e-05,-0.0020857060097468623,0.03708078945763267
4,0.2,50,2,tis,300,0.022612068557848124,0.004491780567952125,0.0027574011964867366,0.8345025915699864
4,0.2,50,2,tis_no_cov,300,0.022470719196478715,0.004476816283253168,0.0029440022399542976,0.8292860671251853
4,0.2,50,2,uniform,300,0.027096462954425398,0.0026065148745036846,-0.0017400896670922246,1.0
4,0.2,50,3,learned_mean,300,0.045031861143883474,0.008299384322065471,0.014718224646941766,3.170037481643504
4,0.2,50,3,learned_occupancy,300,0.0020731001458677944,0.00028986796742641043,0.0003418935772037305,0.14593678783569775
4,0.2,50,3,oracle_no_cov,300,0.0006297981463418261,4.8232617702687375e-05,9.789435132254721e-05,0.04433491485937319
4,0.2,50,3,oracle_tail,300,0.0006251874711534234,4.692871512155241e-05,-9.230298085500798e-06,0.04401034437102006
4,0.2,50,3,tis,300,0.042103323185629885,0.00783002435832815,0.01839505022429832,2.963881776365918
4,0.2,50,3,tis_no_cov,300,0.04195647045269169,0.007840361566240303,0.018883812022463763,2.953544014259919
4,0.2,50,3,uniform,300,0.014205466466767683,0.0016010543552611484,-0.0010447107876102176,1.0
4,0.2,50,4,learned_mean,300,0.0,0.0,0.0,0.0
4,0.2,50,4,learned_occupancy,300,0.0,0.0,0.0,0.0
4,0.2,50,4,oracle_no_cov,300,0.0,0.0,0.0,0.0
4,0.2,50,4,oracle_tail,300,0.0,0.0,0.0,0.0
4,0.2,50,4,tis,300,0.0,0.0,0.0,0.0
4,0.2,50,4,tis_no_cov,300,0.0,0.0,0.0,0.0
4,0.2,50,4,uniform,300,0.0,0.0,0.0,0.0
4,0.2,50,5,learned_mean,300,0.0007776392453077858,0.00017363533289689248,0.010267220493810505,0.4222208286869333
4,0.2,50,5,learned_occupancy,300,3.559743787321397e-05,7.106920331075054e-06,0.0026294604030139353,0.019327702155787205
4,0.2,50,5,oracle_no_cov,300,0.0018417832387051347,0.0003332839050758074,0.021073758948148086,1.0
4,0.2,50,5,oracle_tail,300,0.0018417832387051347,0.0003332839050758074,0.021073758948148086,1.0
4,0.2,50,5,tis,300,0.002096781100663438,0.0003985916258129101,0.019054609781369157,1.1384516139573402
4,0.2,50,5,tis_no_cov,300,0.0020970943710980545,0.00039858643923048205,0.019051743950060606,1.1386217047845524
4,0.2,50,5,uniform,300,0.0018417832387051347,0.0003332839050758074,0.021073758948148086,1.0
4,0.2,50,6,learned_mean,300,0.08906811027877423,0.01227213074819814,0.051532769906395035,0.6098093472241028
4,0.2,50,6,learned_occupancy,300,0.011833592726834092,0.0008914081970381897,0.0016426010430088016,0.08101929448688759
4,0.2,50,6,oracle_no_cov,300,0.005451483743963908,0.000399954067399362,-0.0033352514990369745,0.0373238607275321
4,0.2,50,6,oracle_tail,300,0.004804114586489395,0.0003536532113142747,-0.00045256153059225924,0.03289161486426011
4,0.2,50,6,tis,300,0.14964669216503113,0.01498626174676644,0.02265938899406156,1.0245636892686052
4,0.2,50,6,tis_no_cov,300,0.15247308688852024,0.015378231578861827,0.02100740293727188,1.043914744499641
4,0.2,50,6,uniform,300,0.14605894561016297,0.011520358055002716,0.015440756106181517,1.0
4,0.2,50,7,learned_mean,300,0.005565838740987945,0.00040830139596297076,-0.004222518002162084,0.06860897432493272
4,0.2,50,7,learned_occupancy,300,0.008114856370815783,0.0006561780676417093,0.0054537658163187255,0.10003020179075336
4,0.2,50,7,oracle_no_cov,300,0.002257517080724849,0.00019838203863609087,0.0037129514970270085,0.027827958846334763
4,0.2,50,7,oracle_tail,300,0.002392120627238815,0.00020698448872499516,0.0034056205949100984,0.029487189682257678
4,0.2,50,7,tis,300,0.014308758753147896,0.0034385865372951675,0.009353670186538932,0.17638119025743196
4,0.2,50,7,tis_no_cov,300,0.013918823685922257,0.0034396163012917003,0.010316346775619635,0.17157453913786933
4,0.2,50,7,uniform,300,0.08112406278846383,0.006400588017251797,0.0726188558821683,1.0
4,0.2,50,8,learned_mean,300,2.4021914442281414e-05,1.4982883404292575e-05,0.0007714358003681833,0.12221404568094983
4,0.2,50,8,learned_occupancy,300,0.0,0.0,0.0,0.0
4,0.2,50,8,oracle_no_cov,300,0.00019655608574641793,7.689652452144108e-05,0.002869190518518517,1.0
4,0.2,50,8,oracle_tail,300,0.00019655608574641793,7.689652452144108e-05,0.002869190518518517,1.0
4,0.2,50,8,tis,300,0.0006858667962775234,0.0003625499639373133,0.005123678655779073,3.489420302978448
4,0.2,50,8,tis_no_cov,300,0.0006855778329849571,0.0003625433257190605,0.005121318843792864,3.4879501714815317
4,0.2,50,8,uniform,300,0.00019655608574641793,7.689652452144108e-05,0.002869190518518517,1.0
4,0.2,50,9,learned_mean,300,0.0018241269831910927,0.000258853107677938,0.004627363428250342,0.16240536327646685
4,0.2,50,9,learned_occupancy,300,0.0013058552989691856,0.00013148293769013974,0.003383167944261352,0.1162626868468251
4,0.2,50,9,oracle_no_cov,300,0.0001827536834226995,1.778692254631664e-05,0.0007902559852716025,0.016270894855386655
4,0.2,50,9,oracle_tail,300,0.0001703134686889076,1.611492406993538e-05,0.0005626970688512123,0.015163319773335977
4,0.2,50,9,tis,300,0.0038720736872560526,0.0007559881160219403,0.009950751307127121,0.34473780586918207
4,0.2,50,9,tis_no_cov,300,0.0038994524543639274,0.0007565644934245539,0.010212509512556736,0.34717538760509703
4,0.2,50,9,uniform,300,0.011231938073903595,0.0009749892040600524,0.02049778274544527,1.0
4,0.2,50,10,learned_mean,300,0.0013438820593877124,0.00018558130978990148,0.002049124793838971,0.21943489200842833
4,0.2,50,10,learned_occupancy,300,0.0007349985391773452,6.63505241702045e-05,-4.836794991775658e-06,0.12001374967697408
4,0.2,50,10,oracle_no_cov,300,0.0001693767274736834,1.4351606664469417e-05,0.0016700505912063128,0.02765656676662719
4,0.2,50,10,oracle_tail,300,0.00016736262029943262,1.3724595648587916e-05,0.0013058224222044924,0.027327694610631236
4,0.2,50,10,tis,300,0.0029939914238477318,0.0003835834303540504,0.0036438229246596255,0.48887190670996666
4,0.2,50,10,tis_no_cov,300,0.0029856523379471842,0.00038367773993522786,0.003848051102192901,0.48751026459170715
4,0.2,50,10,uniform,300,0.0061242861018478995,0.00047651204653936774,0.01619665330830619,1.0
4,0.2,50,11,learned_mean,300,4.384886535915666e-07,4.377572291397555e-07,3.823125482252998e-05,438488653.59156656
4,0.2,50,11,learned_occupancy,300,0.0,0.0,0.0,0.0
4,0.2,50,11,oracle_no_cov,300,0.0,0.0,0.0,0.0
4,0.2,50,11,oracle_tail,300,0.0,0.0,0.0,0.0
4,0.2,50,11,tis,300,0.0,0.0,0.0,0.0
4,0.2,50,11,tis_no_cov,300,0.0,0.0,0.0,0.0
4,0.2,50,11,uniform,300,0.0,0.0,0.0,0.0
4,0.2,50,12,learned_mean,300,0.0014554661726863618,0.00012155328922831898,0.0003919989521295841,0.21255044446771473
4,0.2,50,12,learned_occupancy,300,0.0017214736575293507,0.00014582416975169842,-0.0010452437624339562,0.2513971110520435
4,0.2,50,12,oracle_no_cov,300,0.0004470336652347539,3.371993469103489e-05,0.0001710580055613331,0.06528300418161197
4,0.2,50,12,oracle_tail,300,0.00041422971923493805,2.966872109374738e-05,0.0009313261589814603,0.06049244742845391
4,0.2,50,12,tis,300,0.0017526090861317348,0.0001500964819507294,0.0051285516525444354,0.25594400421405694
4,0.2,50,12,tis_no_cov,300,0.00176050413815515,0.0001484939651176655,0.0037155340886066237,0.25709696595797393
4,0.2,50,12,uniform,300,0.006847627048399042,0.0005687698821786802,0.01352430004466621,1.0
4,0.2,50,13,learned_mean,300,0.0,0.0,0.0,0.0
4,0.2,50,13,learned_occupancy,300,0.0,0.0,0.0,0.0
4,0.2,50,13,oracle_no_cov,300,0.0,0.0,0.0,0.0
4,0.2,50,13,oracle_tail,300,0.0,0.0,0.0,0.0
4,0.2,50,13,tis,300,0.0,0.0,0.0,0.0
4,0.2,50,13,tis_no_cov,300,0.0,0.0,0.0,0.0
4,0.2,50,13,uniform,300,0.0,0.0,0.0,0.0
4,0.2,50,14,learned_mean,300,0.0011518212284199502,0.00032162564849473596,0.0016508632036270753,0.3282550878343994
4,0.2,50,14,learned_occupancy,300,0.0005282438854938357,6.0421103200133446e-05,-0.002186902644432789,0.1505431040445652
4,0.2,50,14,oracle_no_cov,300,0.00016888725241042427,1.307514512235976e-05,0.00012435563616333727,0.048130819702067215
4,0.2,50,14,oracle_tail,300,0.0001526637471514331,1.2189490395055552e-05,0.0008834501516387702,0.04350731736301296
4,0.2,50,14,tis,300,0.0018663320580741638,0.00045988025409089716,0.002982236878580052,0.5318820130548298
4,0.2,50,14,tis_no_cov,300,0.0018261632875499687,0.0004525011851130696,0.0026647726276477625,0.520434400377377
4,0.2,50,14,uniform,300,0.003508921174745141,0.0002378890485223511,-0.0021281557348201887,1.0
4,0.2,50,15,learned_mean,300,0.0008960536028805384,0.0001811533610387518,0.009673401410131692,0.1676197462465262
4,0.2,50,15,learned_occupancy,300,0.0003759003269568106,7.41281756906879e-05,0.008405707796909667,0.07031757610921305
4,0.2,50,15,oracle_no_cov,300,0.005345752054550127,0.0008864610005041174,0.03745995445925923,1.0
4,0.2,50,15,oracle_tail,300,0.005345752054550127,0.0008864610005041174,0.03745995445925923,1.0
4,0.2,50,15,tis,300,0.00494524430674343,0.001304822140007494,0.028382013980664245,0.9250792510165528
4,0.2,50,15,tis_no_cov,300,0.00493486592179311,0.0013047937536061454,0.02821041656328538,0.9231378244699388
4,0.2,50,15,uniform,300,0.005345752054550127,0.0008864610005041174,0.03745995445925923,1.0
4,0.2,50,16,learned_mean,300,0.15818937268304645,0.014224674310299014,0.15996934023748988,0.8612920241996923
4,0.2,50,16,learned_occupancy,300,0.018982027646910114,0.0016592363909358116,0.004539408187108466,0.1033512475466938
4,0.2,50,16,oracle_no_cov,300,0.007677821573338194,0.0005730734961418711,0.009029268947833987,0.041803354878928826
4,0.2,50,16,oracle_tail,300,0.007891404840530976,0.0007049962538516788,0.012730036850836386,0.042966249461640384
4,0.2,50,16,tis,300,0.15225462631667058,0.013607879395015711,0.16082152322980106,0.8289791726831159
4,0.2,50,16,tis_no_cov,300,0.15216279524481513,0.013696304172082627,0.16275725842754252,0.8284791810059172
4,0.2,50,16,uniform,300,0.18366520092884306,0.013367767118283922,0.056238441538308294,1.0
4,0.2,50,17,learned_mean,300,0.012613921949248562,0.006921718300366266,0.0026800396330826353,1.611526721738288
4,0.2,50,17,learned_occupancy,300,0.0015847761534269955,0.0003972588593569222,-0.002388887937400592,0.20246749024583602
4,0.2,50,17,oracle_no_cov,300,0.00042091102213765406,3.528359751644146e-05,-0.0017752168892417434,0.05377465964813695
4,0.2,50,17,oracle_tail,300,0.0003940253265509695,3.5288875242844446e-05,-0.0011808127831950252,0.050339802745994436
4,0.2,50,17,tis,300,0.0136344233522543,0.007611538990327041,0.0034756314030999413,1.741903720036833
4,0.2,50,17,tis_no_cov,300,0.01377372269125888,0.007755462049249011,0.0034818205528686,1.7597002949664675
4,0.2,50,17,uniform,300,0.007827311690892994,0.0006769109034425375,0.008739584715981507,1.0
4,0.2,50,18,learned_mean,300,0.016417980548867252,0.005587555091292118,-0.010240730076336448,0.409122282017887
4,0.2,50,18,learned_occupancy,300,0.00348209548970318,0.00032911805115517313,-0.0024765936655235282,0.08677089418587758
4,0.2,50,18,oracle_no_cov,300,0.001081338590416759,9.033078577909848e-05,-0.0022701557041776253,0.02694604920675416
4,0.2,50,18,oracle_tail,300,0.0010562223559784077,9.003363654807588e-05,-0.003711695432268658,0.026320173745485967
4,0.2,50,18,tis,300,0.018522879600111123,0.004834608495281986,-0.006408091186877039,0.4615745979832383
4,0.2,50,18,tis_no_cov,300,0.018532421481277702,0.004822279697778631,-0.006266945046763435,0.4618123736454761
4,0.2,50,18,uniform,300,0.04012976381508708,0.004097087691257292,-0.02304454785325736,1.0
4,0.2,50,19,learned_mean,300,0.0030028053915593374,0.00023443881903413108,-0.011325980502653599,0.09485144905772121
4,0.2,50,19,learned_occupancy,300,0.003794528215124275,0.00033328212661560674,-0.008400534786949328,0.11986008174443954
4,0.2,50,19,oracle_no_cov,300,0.00081099858353285,7.156787095604039e-05,-0.0010729076700376216,0.02561750789714143
4,0.2,50,19,oracle_tail,300,0.0007481491347173502,6.182632231940967e-05,-0.0011309337301268275,0.023632243947174447
4,0.2,50,19,tis,300,0.005266701882289483,0.0011718901864288143,-0.010343175067953575,0.16636253108323149
4,0.2,50,19,tis_no_cov,300,0.005226317573639852,0.001172970793961535,-0.009319252854960505,0.16508688724517956
4,0.2,50,19,uniform,300,0.03165798120524232,0.0023863505256454523,0.014739623273492406,1.0
4,0.2,50,20,learned_mean,300,0.005675572912436256,0.00046456646120957945,-0.015934964625447554,0.201816666156712
4,0.2,50,20,learned_occupancy,300,0.005399044771799669,0.0004240715416971658,-0.012860003952475883,0.19198365223850394
4,0.2,50,20,oracle_no_cov,300,0.0011615276202691985,9.920765401087746e-05,-0.0020849250098285486,0.04130254964358222
4,0.2,50,20,oracle_tail,300,0.0010855744572284241,9.536804267793536e-05,-0.0014521592527918566,0.03860174491682796
4,0.2,50,20,tis,300,0.006913629210497842,0.0005980081588401193,-0.009899018277339194,0.2458404851515519
4,0.2,50,20,tis_no_cov,300,0.006696896698965011,0.0005723656932034877,-0.01045187946857021,0.2381337331460435
4,0.2,50,20,uniform,300,0.028122419325018157,0.0021915218561226876,0.0104207492962044,1.0
4,0.2,50,21,learned_mean,300,0.0011185890053814203,0.00010974339189092944,0.0018099771205219572,0.06915310722547768
4,0.2,50,21,learned_occupancy,300,0.0012837232932028735,0.00010223995129997196,0.005168397240042862,0.07936199454457481
4,0.2,50,21,oracle_no_cov,300,0.0002084873273705166,1.7591226540110657e-05,0.001676160442086344,0.012889047215237431
4,0.2,50,21,oracle_tail,300,0.00021496623550500352,1.7340225494211872e-05,0.0022602105536300193,0.013289584523196596
4,0.2,50,21,tis,300,0.0018618279147003976,0.0002916645721662636,0.002939437969643139,0.11510142223931666
4,0.2,50,21,tis_no_cov,300,0.001861045316285506,0.0002914957754004212,0.0030601723629667225,0.11505304065158503
4,0.2,50,21,uniform,300,0.01617554221727444,0.0025247028332816626,0.04646988990153649,1.0
4,0.2,50,22,learned_mean,300,0.0006459827610232472,0.00024182619179176208,0.004764590948111822,8.553892629664707
4,0.2,50,22,learned_occupancy,300,0.0,0.0,0.0,0.0
4,0.2,50,22,oracle_no_cov,300,7.55191570657543e-05,4.40574174250272e-05,0.0012383314518518485,1.0
4,0.2,50,22,oracle_tail,300,7.55191570657543e-05,4.40574174250272e-05,0.0012383314518518485,1.0
4,0.2,50,22,tis,300,0.00011924564151170671,6.0961945440799286e-05,0.00180206643379604,1.5790118182579804
4,0.2,50,22,tis_no_cov,300,0.00011924564151170671,6.0961945440799286e-05,0.00180206643379604,1.5790118182579804
4,0.2,50,22,uniform,300,7.55191570657543e-05,4.40574174250272e-05,0.0012383314518518485,1.0
4,0.2,50,23,learned_mean,300,0.00105527438144253,0.00016701945577125003,0.0025724564683491918,0.1536612301687745
4,0.2,50,23,learned_occupancy,300,0.000667635190015308,9.199848717447637e-05,0.0008606703502437385,0.09721608560370681
4,0.2,50,23,oracle_no_cov,300,9.403298360926074e-05,7.399817145666776e-06,0.0009706536470093934,0.013692385783200325
4,0.2,50,23,oracle_tail,300,8.938724959358253e-05,7.853677498154069e-06,0.0007730825111198887,0.013015908445704273
4,0.2,50,23,tis,300,0.0013592427209485646,0.00020198960095997934,0.003794228309971873,0.19792284572795094
4,0.2,50,23,tis_no_cov,300,0.001374136520481082,0.00020197801020014456,0.004153412987350893,0.20009157037274455
4,0.2,50,23,uniform,300,0.006867538287201428,0.0006395842210792411,0.01614652465329897,1.0
4,0.2,50,24,learned_mean,300,3.1569457709899505e-05,2.7683567674544042e-05,0.00046026177748072363,31569457709.8995
4,0.2,50,24,learned_occupancy,300,0.0,0.0,0.0,0.0
4,0.2,50,24,oracle_no_cov,300,0.0,0.0,0.0,0.0
4,0.2,50,24,oracle_tail,300,0.0,0.0,0.0,0.0
4,0.2,50,24,tis,300,0.0,0.0,0.0,0.0
4,0.2,50,24,tis_no_cov,300,0.0,0.0,0.0,0.0
4,0.2,50,24,uniform,300,0.0,0.0,0.0,0.0
4,0.2,50,25,learned_mean,300,0.0033000776926360403,0.00222868326354081,0.002466836360673795,1.344146912975085
4,0.2,50,25,learned_occupancy,300,0.00019386475862743968,1.633624218949985e-05,-0.0002207466762640194,0.07896260061549774
4,0.2,50,25,oracle_no_cov,300,9.539385126335184e-05,1.0746097991796764e-05,-0.00017185157379224917,0.03885464605229229
4,0.2,50,25,oracle_tail,300,8.878227629387252e-05,9.338380710431733e-06,-0.00034847923000392927,0.036161700942254515
4,0.2,50,25,tis,300,0.0020677757386977223,0.0005637311559994855,0.001661098927477352,0.8422208913739818
4,0.2,50,25,tis_no_cov,300,0.0020938576023749717,0.0005774615246443857,0.0015123794521650824,0.8528442341591053
4,0.2,50,25,uniform,300,0.0024551465771935383,0.00035909027523568375,-0.0018539604853500494,1.0
4,0.2,50,26,learned_mean,300,0.00029079752050582705,4.980072875665533e-05,0.00502586023986144,0.38913458439169185
4,0.2,50,26,learned_occupancy,300,5.9781062877580505e-05,6.502077086529887e-06,-0.00015304318088444163,0.07999682740381119
4,0.2,50,26,oracle_no_cov,300,3.062696111504238e-05,2.531937151934408e-06,-9.369575438855933e-05,0.04098387690497419
4,0.2,50,26,oracle_tail,300,2.720086887506478e-05,2.1596223443202634e-06,-0.00018818276143916919,0.03639920583359699
4,0.2,50,26,tis,300,0.0003262004953509887,5.0392709673059794e-05,0.005298970182552383,0.43650954783236345
4,0.2,50,26,tis_no_cov,300,0.0003272967541493181,5.038636219207438e-05,0.0052184616838355305,0.4379765211790812
4,0.2,50,26,uniform,300,0.0007472929217031979,0.0001745033369974433,0.0013620122837860915,1.0
4,0.2,50,27,learned_mean,300,0.0013347267573656973,0.00016501120002295288,-0.0019891724194194185,0.2269354833564312
4,0.2,50,27,learned_occupancy,300,0.0008199146110928249,8.881661299220287e-05,0.0003274898454430434,0.1394051011209109
4,0.2,50,27,oracle_no_cov,300,0.0001601834692605469,1.4541548317659211e-05,-0.0006660936924157975,0.02723502231580158
4,0.2,50,27,oracle_tail,300,0.00014576001469202986,1.3359792037935953e-05,-0.00018146404581053174,0.024782689944315955
4,0.2,50,27,tis,300,0.00189996360077519,0.00022292527556362366,5.288379065709392e-05,0.3230392705639066
4,0.2,50,27,tis_no_cov,300,0.001905918475279743,0.00022260568392412725,0.00010159052647865263,0.32405174170570406
4,0.2,50,27,uniform,300,0.00588152517017067,0.0004098982288803902,0.0017048715112306504,1.0
4,0.2,50,28,learned_mean,300,0.0016418462482997902,0.0002720267316333993,0.0012091693581512942,0.2437489487543397
4,0.2,50,28,learned_occupancy,300,0.0007141419961823738,9.031474762177105e-05,-0.00014472439888498076,0.10602171854461918
4,0.2,50,28,oracle_no_cov,300,0.0001430031604736196,1.3599868562709377e-05,-0.00036885166861522954,0.02123028881059287
4,0.2,50,28,oracle_tail,300,0.00012490996373938913,1.1903779636155273e-05,-0.0004792604798732133,0.018544167812270952
4,0.2,50,28,tis,300,0.0020830409499274162,0.0003424100183981367,0.005960310781847538,0.3092488363528782
4,0.2,50,28,tis_no_cov,300,0.0021306954246481263,0.0003487075278611084,0.0063104957580836,0.31632363286847276
4,0.2,50,28,uniform,300,0.006735808530417544,0.0005589167857623804,0.006840543430267877,1.0
4,0.2,50,29,learned_mean,300,0.002002966930273036,0.00018531835568901504,-0.0009076443171332986,0.4454430235761482
4,0.2,50,29,learned_occupancy,300,0.0010224254334915625,8.394739208561108e-05,0.0009637948499074644,0.2273788296712183
4,0.2,50,29,oracle_no_cov,300,0.00020551972746990293,1.5518139204680656e-05,4.725991270861596e-05,0.04570586135251878
4,0.2,50,29,oracle_tail,300,0.00021076679217328564,1.5689204941787057e-05,5.571077422439711e-06,0.046872764475605226
4,0.2,50,29,tis,300,0.0038221916373541256,0.0004846820019614675,0.006605342579379959,0.850023319855013
4,0.2,50,29,tis_no_cov,300,0.0038219061240174624,0.00048281155904019547,0.006362768409520675,0.8499598240867942
4,0.2,50,29,uniform,300,0.004496572679919029,0.0004016438673560982,0.014874613235740505,1.0
4,0.2,50,30,learned_mean,300,0.0007720423460595867,0.0001676562197534854,0.008507575187509433,0.17917088792288804
4,0.2,50,30,learned_occupancy,300,8.783100798974418e-05,1.4632795885403687e-05,0.0025842474943460216,0.020383285669501563
4,0.2,50,30,oracle_no_cov,300,2.651888902799334e-05,2.498180811081713e-06,0.0011880287519152855,0.006154342333843153
4,0.2,50,30,oracle_tail,300,2.6276151003715974e-05,2.499944361034097e-06,0.0011686075240326702,0.006098009170818613
4,0.2,50,30,tis,300,0.009185438764295718,0.0037323040893294667,0.03027493714784742,2.131700712739348
4,0.2,50,30,tis_no_cov,300,0.00918363394320297,0.0037323258656137824,0.03029567472475237,2.131281860846858
4,0.2,50,30,uniform,300,0.004308972037867335,0.0007053533079381758,0.03032855452096437,1.0
4,0.2,50,31,learned_mean,300,0.0012818228466345714,0.00029836263026559664,-0.0003348543996019476,0.3237127675589423
4,0.2,50,31,learned_occupancy,300,0.0005227205572504723,5.123646538401641e-05,-0.0005024297075933089,0.13200834943125533
4,0.2,50,31,oracle_no_cov,300,8.627868454047722e-05,6.219082622305574e-06,0.0004822620950034103,0.021788901506375705
4,0.2,50,31,oracle_tail,300,8.097426791701899e-05,6.054048675433734e-06,0.00045437876008289747,0.02044931905941465
4,0.2,50,31,tis,300,0.0013693394176959863,0.00030831174832402945,-0.0009599381794126352,0.345814286111167
4,0.2,50,31,tis_no_cov,300,0.0013676722097163674,0.0003085421108803408,-0.0009609456632804897,0.34539324781356157
4,0.2,50,31,uniform,300,0.003959753754232676,0.0003306346786414052,0.000957773044740607,1.0
4,0.2,50,32,learned_mean,300,0.0019233437270456636,0.00016836020764139287,-0.006163609395283204,0.3051253307944495
4,0.2,50,32,learned_occupancy,300,0.000812257873511472,7.526639603081928e-05,-0.001825561929843205,0.1288591575496894
4,0.2,50,32,oracle_no_cov,300,0.0001797866230065448,1.380959890979862e-05,-0.0015807888242452947,0.028521918389258643
4,0.2,50,32,oracle_tail,300,0.0001655189891372404,1.2028065151085221e-05,-0.00195533736278208,0.02625845583557739
4,0.2,50,32,tis,300,0.0027614254682956645,0.0005202129471876602,-0.002252313509917528,0.4380812683815865
4,0.2,50,32,tis_no_cov,300,0.0027685463997670686,0.000520215428603603,-0.0025484358312659527,0.4392109554677915
4,0.2,50,32,uniform,300,0.0063034547870473,0.0005608754438114897,0.008586774919167806,1.0
4,0.2,50,33,learned_mean,300,0.0033690577171938863,0.0002921732413006585,-0.006655561728738151,0.06010809324930434
4,0.2,50,33,learned_occupancy,300,0.0030532401701465067,0.00027317914860094657,-0.004474203188199436,0.05447352353836995
4,0.2,50,33,oracle_no_cov,300,0.0005392777911494165,4.5102457829275253e-05,-0.0013588066778436696,0.009621372644421974
4,0.2,50,33,oracle_tail,300,0.0005602535999451605,5.2183434612351186e-05,-0.001804243295012155,0.009995606622260829
4,0.2,50,33,tis,300,0.003373387889459437,0.00029409796843363206,-0.008848336257771934,0.060185348796751616
4,0.2,50,33,tis_no_cov,300,0.0034698416861978602,0.00029403655600848986,-0.00924153816374056,0.06190620201307214
4,0.2,50,33,uniform,300,0.05604998487009697,0.009793346133245338,0.06402929602264973,1.0
4,0.2,50,34,learned_mean,300,1.6538297582583744e-06,8.309867613185145e-07,0.00017397447680943793,1131.8102610678975
4,0.2,50,34,learned_occupancy,300,0.0,0.0,0.0,0.0
4,0.2,50,34,oracle_no_cov,300,1.4612252734817367e-09,1.458787865156858e-09,2.2069777777779705e-06,1.0
4,0.2,50,34,oracle_tail,300,1.4612252734817367e-09,1.458787865156858e-09,2.2069777777779705e-06,1.0
4,0.2,50,34,tis,300,7.920385719163093e-08,7.239625466916295e-08,2.0344797445857785e-05,54.20372794600508
4,0.2,50,34,tis_no_cov,300,7.920385719163093e-08,7.239625466916295e-08,2.0344797445857785e-05,54.20372794600508
4,0.2,50,34,uniform,300,1.4612252734817367e-09,1.458787865156858e-09,2.2069777777779705e-06,1.0
4,0.2,50,35,learned_mean,300,4.001551219911764e-05,3.688148766426259e-05,0.0005789215791741866,40015512199.11764
4,0.2,50,35,learned_occupancy,300,0.0,0.0,0.0,0.0
4,0.2,50,35,oracle_no_cov,300,0.0,0.0,0.0,0.0
4,0.2,50,35,oracle_tail,300,0.0,0.0,0.0,0.0
4,0.2,50,35,tis,300,0.0,0.0,0.0,0.0
4,0.2,50,35,tis_no_cov,300,0.0,0.0,0.0,0.0
4,0.2,50,35,uniform,300,0.0,0.0,0.0,0.0
4,0.2,50,36,learned_mean,300,0.0001968006301100346,1.7698514201394712e-05,0.00156910786514228,0.021356650993987356
4,0.2,50,36,learned_occupancy,300,0.00045901326489478366,3.5161576481533385e-05,-0.00021900903929747528,0.0498117617534433
4,0.2,50,36,oracle_no_cov,300,0.00018661828208390522,1.6028335635248618e-05,0.0008513247018242239,0.02025167052226948
4,0.2,50,36,oracle_tail,300,0.00017542369035126085,1.5158839220245932e-05,0.0009651562121944919,0.019036842152458933
4,0.2,50,36,tis,300,0.00019742314585201534,1.7675841740960783e-05,0.0013974884789914065,0.021424205917121047
4,0.2,50,36,tis_no_cov,300,0.00020633494859601732,1.9904057295193822e-05,0.001228278622795993,0.022391307805079915
4,0.2,50,36,uniform,300,0.00921495744653227,0.0011180031519622301,0.02927716932365568,1.0
4,0.2,50,37,learned_mean,300,0.043496724446284635,0.013584893155402768,0.021256931663547796,1.83609996906507
4,0.2,50,37,learned_occupancy,300,0.001615300364740913,0.00011947889936628142,-0.001049910865011592,0.06818566196620632
4,0.2,50,37,oracle_no_cov,300,0.0006345382841148909,5.434510761792432e-05,-0.0008673163439940387,0.026785366913610692
4,0.2,50,37,oracle_tail,300,0.0005958313585996953,4.71398535294823e-05,-0.001474685312278125,0.02515145572499186
4,0.2,50,37,tis,300,0.042791919069630764,0.013557645892860314,0.0233822266336736,1.8063484614114491
4,0.2,50,37,tis_no_cov,300,0.04222111185244197,0.013574759584292329,0.02381451564798065,1.7822533340848676
4,0.2,50,37,uniform,300,0.023689736495356994,0.0021924505978677157,0.018499226181950004,1.0
4,0.2,50,38,learned_mean,300,0.026383757341446223,0.005982640162630563,0.007720477410154264,0.9326298654621135
4,0.2,50,38,learned_occupancy,300,0.003098620155375776,0.00027349755263165706,-0.008874159414389503,0.10953199960214216
4,0.2,50,38,oracle_no_cov,300,0.0006159912457486347,5.8280123154654664e-05,-0.0018998320868490277,0.021774451046285212
4,0.2,50,38,oracle_tail,300,0.0005968030536571452,5.360024772950851e-05,-0.001026848030217109,0.021096174606081788
4,0.2,50,38,tis,300,0.025870934621702604,0.005989340422903527,0.00928543246410072,0.9145022812090137
4,0.2,50,38,tis_no_cov,300,0.025792933867122104,0.005989468972441451,0.008664514682201347,0.9117450608363081
4,0.2,50,38,uniform,300,0.028289633774887964,0.002171503744336252,0.008407561799113753,1.0
4,0.2,50,39,learned_mean,300,0.0037924891048076535,0.0007748981541375633,-0.0034270259956884885,0.21605381788740965
4,0.2,50,39,learned_occupancy,300,0.0022820572500476255,0.00019932487121146315,-0.0038191962591064936,0.1300062222684853
4,0.2,50,39,oracle_no_cov,300,0.0005077619325756388,4.4567398188765884e-05,-0.0002467742986489866,0.02892662340724646
4,0.2,50,39,oracle_tail,300,0.00046268863930308573,3.792845570845588e-05,-0.0002532093318358271,0.026358848833036342
4,0.2,50,39,tis,300,0.009749388718300505,0.0011585421290309502,0.019181604327538397,0.5554116561566483
4,0.2,50,39,tis_no_cov,300,0.009655300573635752,0.0011578941891834226,0.019461211216324107,0.5500515608970488
4,0.2,50,39,uniform,300,0.0175534463676268,0.0014626929261751704,0.00420039359439988,1.0
4,0.2,50,40,learned_mean,300,0.0012803852595579955,0.00013974995423553807,-0.00010992315385216205,0.18101812053001873
4,0.2,50,40,learned_occupancy,300,0.001282125180550344,0.00012921238644276434,-0.0006466424279510097,0.18126410682637328
4,0.2,50,40,oracle_no_cov,300,0.00046806008893616053,4.015874987923513e-05,-0.0003799991853235311,0.0661733310047525
4,0.2,50,40,oracle_tail,300,0.00046575599628032315,3.643791815307981e-05,0.0005091852228339426,0.06584758332922032
4,0.2,50,40,tis,300,0.00141183293018491,0.00012476416037444232,0.0019610305438538707,0.19960191014123865
4,0.2,50,40,tis_no_cov,300,0.001358495976883952,0.00012217693463345813,0.0020049331386781705,0.19206124613463346
4,0.2,50,40,uniform,300,0.00707324358362049,0.000567817480986912,0.01337843976505324,1.0
4,0.2,50,41,learned_mean,300,0.03920936380150859,0.004660862844684066,0.04557267326979756,0.7938103504708056
4,0.2,50,41,learned_occupancy,300,0.010295133059620619,0.001153330222457769,0.003292869136320083,0.2084293747680391
4,0.2,50,41,oracle_no_cov,300,0.0024267760918604314,0.000170131628618368,0.004541729511488943,0.04913112055951752
4,0.2,50,41,oracle_tail,300,0.0025163996075899756,0.00018389206657232101,0.005374335507418179,0.05094558699135894
4,0.2,50,41,tis,300,0.04239273525409168,0.004763793540373553,0.04408495148780878,0.8582590679059126
4,0.2,50,41,tis_no_cov,300,0.042055662849742784,0.004832974319307322,0.04383773163940571,0.8514348928240425
4,0.2,50,41,uniform,300,0.04939386816794929,0.004673752151480187,0.026597284424127683,1.0
4,0.2,50,42,learned_mean,300,0.003301056826880229,0.0012015667476651304,-0.00032773243831988837,0.7927250708539247
4,0.2,50,42,learned_occupancy,300,0.0029462955724977907,0.0012291682609413236,-0.003589628517094856,0.7075317054363627
4,0.2,50,42,oracle_no_cov,300,0.00026998578665730146,2.4275852306223465e-05,0.00010143168281109579,0.06483514616127731
4,0.2,50,42,oracle_tail,300,0.0002509359943291215,2.2235648070683543e-05,0.0002126926676528207,0.06026047545275124
4,0.2,50,42,tis,300,0.003609148163643927,0.0012264238893072209,-0.00043998790752114805,0.8667109909922043
4,0.2,50,42,tis_no_cov,300,0.003693736945108151,0.0012269421692194624,-0.0007050112846252433,0.8870243788847257
4,0.2,50,42,uniform,300,0.004164188756291415,0.0003678589470933143,0.00200719383895827,1.0
4,0.2,50,43,learned_mean,300,0.0016182575151987412,0.00019827889978031083,0.0033845881934183334,0.2929107772095966
4,0.2,50,43,learned_occupancy,300,0.0013998591994527428,0.00013098889713356295,0.0005224754500491158,0.2533798497733839
4,0.2,50,43,oracle_no_cov,300,0.0001401120237055818,1.2210925458057197e-05,0.0007984825206765974,0.02536081023851828
4,0.2,50,43,oracle_tail,300,0.0001378025465670562,1.1663317392261378e-05,0.00044278335326323565,0.024942786075342834
4,0.2,50,43,tis,300,0.0020364950713737304,0.00022062355056058386,0.007723699377215093,0.3686133687235394
4,0.2,50,43,tis_no_cov,300,0.002051347694223363,0.00022601395234847716,0.00822224616710382,0.3713017500606423
4,0.2,50,43,uniform,300,0.005524745557725838,0.00048233385999804293,0.021920645458459613,1.0
4,0.2,50,44,learned_mean,300,0.0,0.0,0.0,0.0
4,0.2,50,44,learned_occupancy,300,0.0,0.0,0.0,0.0
4,0.2,50,44,oracle_no_cov,300,4.426519010918212e-05,2.8657985006576968e-05,0.0006676099703703698,1.0
4,0.2,50,44,oracle_tail,300,4.426519010918212e-05,2.8657985006576968e-05,0.0006676099703703698,1.0
4,0.2,50,44,tis,300,4.3634960210343646e-05,2.4959613723823656e-05,0.0009085975695949406,0.9857624038825095
4,0.2,50,44,tis_no_cov,300,4.3634960210343646e-05,2.4959613723823656e-05,0.0009085975695949406,0.9857624038825095
4,0.2,50,44,uniform,300,4.426519010918212e-05,2.8657985006576968e-05,0.0006676099703703698,1.0
4,0.2,50,45,learned_mean,300,0.0034234884694045514,0.0006357995324074747,0.0047191392977889695,0.048558266563647395
4,0.2,50,45,learned_occupancy,300,0.005624975669065933,0.000892304038004068,0.0010242796487832577,0.07978384340813673
4,0.2,50,45,oracle_no_cov,300,0.0016185223740742556,0.00013527837708837614,0.002974548139531429,0.022956887859241066
4,0.2,50,45,oracle_tail,300,0.001573683683446401,0.00012691977634164225,0.003018406515061642,0.022320902339987667
4,0.2,50,45,tis,300,0.01418687997515895,0.0028200012188982233,0.028486370632273002,0.2012246589105815
4,0.2,50,45,tis_no_cov,300,0.01447212894267015,0.00282148689227824,0.03023723932813627,0.2052705891145828
4,0.2,50,45,uniform,300,0.07050269113122559,0.006711229031001966,0.08204874594810005,1.0
4,0.2,50,46,learned_mean,300,0.09628162454930589,0.01690672051895087,0.010060525862691126,2.3426508027704678
4,0.2,50,46,learned_occupancy,300,0.0031434738257000655,0.00026971220344458526,0.010316798087628509,0.07648459937953239
4,0.2,50,46,oracle_no_cov,300,0.0014060201174952414,0.00011199525219277438,0.005861471549486386,0.034210205450728455
4,0.2,50,46,oracle_tail,300,0.0013720332191073323,0.0001094220489482738,0.0057683148160123845,0.033383262249834074
4,0.2,50,46,tis,300,0.09499219032699643,0.016512582070769,0.008070068224207297,2.3112772760964755
4,0.2,50,46,tis_no_cov,300,0.09474239039831112,0.016515474263888493,0.008293465399505987,2.3051993354073157
4,0.2,50,46,uniform,300,0.04109943506537177,0.00300653058132112,0.0165710513331309,1.0
4,0.2,50,47,learned_mean,300,0.12253374999164236,0.014278826598158273,0.04244619677486344,2.4840095240257707
4,0.2,50,47,learned_occupancy,300,0.006618857877110616,0.0005519556901684009,-0.0057065399592125705,0.1341777755600981
4,0.2,50,47,oracle_no_cov,300,0.0012669918588306065,9.864417412717526e-05,0.0002996472139959394,0.02568451422088203
4,0.2,50,47,oracle_tail,300,0.001248102949044679,0.00010434473416745982,-0.0005317779887879766,0.025301597417879528
4,0.2,50,47,tis,300,0.12398682408721368,0.01418709322599895,0.048312010549889026,2.5134663054656636
4,0.2,50,47,tis_no_cov,300,0.1244805617517788,0.014192919796316176,0.04714270188385956,2.523475376935635
4,0.2,50,47,uniform,300,0.04932901778615367,0.003916514233468512,0.024289647366621505,1.0
4,0.2,50,48,learned_mean,300,0.08524578189206512,0.014075048755398615,-0.005821149641314843,3.232385935062185
4,0.2,50,48,learned_occupancy,300,0.0037934419541632227,0.0003889897774123731,-0.009129201873793874,0.14384135080885888
4,0.2,50,48,oracle_no_cov,300,0.0009119126054169695,7.005326761084245e-05,0.00016218241110689923,0.03457829131637185
4,0.2,50,48,oracle_tail,300,0.0009187604356299979,7.236994458045264e-05,0.00014458111526524173,0.03483795026459187
4,0.2,50,48,tis,300,0.08553602648887577,0.014035363810217607,-0.005465304546965489,3.243391553541307
4,0.2,50,48,tis_no_cov,300,0.08508201295984831,0.014031024926250092,-0.005620995726785337,3.2261760748046058
4,0.2,50,48,uniform,300,0.026372402183597907,0.0029229712040652256,-0.003248177145650583,1.0
4,0.2,50,49,learned_mean,300,0.02182716750393673,0.0019228481725586876,0.025253991383106692,1.3571064595452056
4,0.2,50,49,learned_occupancy,300,0.002817529455146204,0.000232562418607873,-0.003094001597576231,0.17518019334612062
4,0.2,50,49,oracle_no_cov,300,0.0012566142938783302,9.967560720371069e-05,-0.000649593236478753,0.0781301272861695
4,0.2,50,49,oracle_tail,300,0.0012086586393243533,9.936004411410126e-05,-0.0018291125566382179,0.07514847936711712
4,0.2,50,49,tis,300,0.023799338902232695,0.002019084868797933,0.028449075042477425,1.479726425854395
4,0.2,50,49,tis_no_cov,300,0.023815205789574277,0.0020061046193935498,0.02877922899391692,1.4807129512613335
4,0.2,50,49,uniform,300,0.016083607406342657,0.0012101817430498502,0.01716835496010383,1.0
4,0.2,100,0,learned_mean,300,0.00013772906766264692,1.6867940099663348e-05,0.0016376544688245216,0.05207537098382045
4,0.2,100,0,learned_occupancy,300,0.00012588911008693988,1.1695541367655554e-05,0.0015926235179290734,0.047598682121757836
4,0.2,100,0,oracle_no_cov,300,5.3972585266012796e-05,4.457800265913575e-06,0.0008438795865934493,0.02040703860399226
4,0.2,100,0,oracle_tail,300,5.7308510631463214e-05,5.570276618321179e-06,0.0012979465719972667,0.021668352239002667
4,0.2,100,0,tis,300,0.00044647512332066124,0.00010253663663533886,0.004507449774398774,0.1688122781671605
4,0.2,100,0,tis_no_cov,300,0.0004472695843011605,0.0001028341713082481,0.004829355974918516,0.1691126639244576
4,0.2,100,0,uniform,300,0.0026448024288763805,0.0002352191825940885,0.015898686051071795,1.0
4,0.2,100,1,learned_mean,300,4.818194526546483e-07,3.274441203987229e-07,7.701959628015953e-05,481819452.65464824
4,0.2,100,1,learned_occupancy,300,0.0,0.0,0.0,0.0
4,0.2,100,1,oracle_no_cov,300,0.0,0.0,0.0,0.0
4,0.2,100,1,oracle_tail,300,0.0,0.0,0.0,0.0
4,0.2,100,1,tis,300,3.8954038940791943e-07,3.8889061349365746e-07,3.603426098441683e-05,389540389.4079194
4,0.2,100,1,tis_no_cov,300,3.8954038940791943e-07,3.8889061349365746e-07,3.603426098441683e-05,389540389.4079194
4,0.2,100,1,uniform,300,0.0,0.0,0.0,0.0
4,0.2,100,2,learned_mean,300,0.019906118066062146,0.004229611634314976,0.00044642133891300043,1.7397748428280777
4,0.2,100,2,learned_occupancy,300,0.0011920914860062781,0.0001111997891711679,0.0031037779796609117,0.10418760558037511
4,0.2,100,2,oracle_no_cov,300,0.0005248073534342796,4.7495418883421396e-05,0.0008908722949485392,0.04586763867299635
4,0.2,100,2,oracle_tail,300,0.0005421514628090295,4.497899200941497e-05,8.033500941666402e-05,0.04738349651435485
4,0.2,100,2,tis,300,0.0200224049897827,0.004218747382649402,0.0010058014839354223,1.7499382038494218
4,0.2,100,2,tis_no_cov,300,0.02002772830576427,0.004218723660585846,0.0003649645421501709,1.75040345635091
4,0.2,100,2,uniform,300,0.01144177831293612,0.0009363741084875669,0.013557196437537389,1.0
4,0.2,100,3,learned_mean,300,0.029267669029679304,0.0057238095184852286,0.006286859251998774,4.55246989580838
4,0.2,100,3,learned_occupancy,300,0.0010093776829210516,0.00011920174392650576,-0.0020286752034038833,0.15700469724251404
4,0.2,100,3,oracle_no_cov,300,0.0004083920714573099,3.31300074350195e-05,0.0004544860432678262,0.06352376778317695
4,0.2,100,3,oracle_tail,300,0.0003777167151073127,2.801700855424235e-05,0.00017137049940761263,0.0587523377049926
4,0.2,100,3,tis,300,0.029071142998413714,0.005637133659747644,0.009946224230384687,4.521901050705887
4,0.2,100,3,tis_no_cov,300,0.028991626344992246,0.005655768907338164,0.01216447121539898,4.50953255048301
4,0.2,100,3,uniform,300,0.006428964869515575,0.0004961435218840797,-0.001052370670943533,1.0
4,0.2,100,4,learned_mean,300,0.0,0.0,0.0,0.0
4,0.2,100,4,learned_occupancy,300,0.0,0.0,0.0,0.0
4,0.2,100,4,oracle_no_cov,300,0.0,0.0,0.0,0.0
4,0.2,100,4,oracle_tail,300,0.0,0.0,0.0,0.0
4,0.2,100,4,tis,300,0.0,0.0,0.0,0.0
4,0.2,100,4,tis_no_cov,300,0.0,0.0,0.0,0.0
4,0.2,100,4,uniform,300,0.0,0.0,0.0,0.0
4,0.2,100,5,learned_mean,300,0.00016578347890162747,5.876507580998336e-05,0.0036653756993051067,0.13822476182001378
4,0.2,100,5,learned_occupancy,300,2.5163962576526343e-05,1.795887788279141e-05,0.0013270958484934575,0.020980876723259233
4,0.2,100,5,oracle_no_cov,300,0.0011993761227637248,0.0001732921730592429,0.017253977450925884,1.0
4,0.2,100,5,oracle_tail,300,0.0011993761227637248,0.0001732921730592429,0.017253977450925884,1.0
4,0.2,100,5,tis,300,0.0011250796911363458,0.0002163464598833286,0.013328746272087955,0.9380541014471945
4,0.2,100,5,tis_no_cov,300,0.00112524595630662,0.00021634360646713584,0.013345288570822133,0.938192727827292
4,0.2,100,5,uniform,300,0.0011993761227637248,0.0001732921730592429,0.017253977450925884,1.0
4,0.2,100,6,learned_mean,300,0.07426921971607207,0.008893590929472617,0.010834212576568095,0.9172742431441288
4,0.2,100,6,learned_occupancy,300,0.005525171198753238,0.00044213609938249836,0.011510449234443398,0.06823953784560045
4,0.2,100,6,oracle_no_cov,300,0.002558481970264469,0.00020320193241325673,0.009279367575138624,0.031598953400130844
4,0.2,100,6,oracle_tail,300,0.002668512363272566,0.0002157357695098223,0.006879394751122268,0.032957901910094956
4,0.2,100,6,tis,300,0.07917550503286012,0.007953423983175655,0.02458256915254002,0.9778701288665153
4,0.2,100,6,tis_no_cov,300,0.07803236996514049,0.00780075221209759,0.02187105916209891,0.9637516507397398
4,0.2,100,6,uniform,300,0.08096730096933764,0.006701774860485001,0.02738417855525562,1.0
4,0.2,100,7,learned_mean,300,0.0024938519958910884,0.00019842675966272712,-0.002133520352716457,0.06124571911751564
4,0.2,100,7,learned_occupancy,300,0.004087343670889274,0.0003570489139937959,0.003938672476697109,0.10037977506944734
4,0.2,100,7,oracle_no_cov,300,0.00102447731211773,8.398326471617804e-05,-0.0009733453611286809,0.02515981293340958
4,0.2,100,7,oracle_tail,300,0.0010610069954334793,9.335458438494834e-05,-0.0011601123113534994,0.026056933824101715
4,0.2,100,7,tis,300,0.006002908756917986,0.0009483534326788988,0.00818424657930987,0.14742352963208089
4,0.2,100,7,tis_no_cov,300,0.006066635433706631,0.0009506102865391148,0.008822548509534088,0.14898857284768496
4,0.2,100,7,uniform,300,0.04071879686980233,0.0030761516441236833,0.034394050212723876,1.0
4,0.2,100,8,learned_mean,300,1.6759438101753718e-06,9.753308024059883e-07,0.00012900714330182288,0.09901511474645948
4,0.2,100,8,learned_occupancy,300,0.0,0.0,0.0,0.0
4,0.2,100,8,oracle_no_cov,300,1.6926141170131798e-05,1.0066537180548863e-05,0.0004545504990740736,1.0
4,0.2,100,8,oracle_tail,300,1.6926141170131798e-05,1.0066537180548863e-05,0.0004545504990740736,1.0
4,0.2,100,8,tis,300,0.00010239275131407388,5.029830852892206e-05,0.0015517271095558413,6.0493854024305405
4,0.2,100,8,tis_no_cov,300,0.00010239275131407388,5.029830852892206e-05,0.0015517271095558413,6.0493854024305405
4,0.2,100,8,uniform,300,1.6926141170131798e-05,1.0066537180548863e-05,0.0004545504990740736,1.0
4,0.2,100,9,learned_mean,300,0.0006011026331804949,7.235660374695805e-05,0.0011029206971352378,0.09823387736056366
4,0.2,100,9,learned_occupancy,300,0.00044309485312833094,4.705559480465173e-05,0.00039586120939722434,0.07241180300774938
4,0.2,100,9,oracle_no_cov,300,8.539550569741673e-05,9.489201640788915e-06,0.0011049463466126157,0.013955572926769131
4,0.2,100,9,oracle_tail,300,8.041404939525051e-05,8.319027640297285e-06,0.0008244613863279967,0.013141489373558236
4,0.2,100,9,tis,300,0.0008554523945082282,0.00012600722939145882,0.003032913262403364,0.1398004283649321
4,0.2,100,9,tis_no_cov,300,0.0008564090262684086,0.000125680198094877,0.0027725337665764887,0.1399567638088671
4,0.2,100,9,uniform,300,0.00611909709085564,0.0006918113118960941,0.02059800766118601,1.0
4,0.2,100,10,learned_mean,300,0.0005694153294417651,7.681875520655545e-05,-0.0020438017475296433,0.14509260024313247
4,0.2,100,10,learned_occupancy,300,0.0003273614776969035,3.1915193896887236e-05,0.0006341165009195652,0.08341490922810783
4,0.2,100,10,oracle_no_cov,300,8.569947070635671e-05,6.980430400953081e-06,-0.00015200812205479864,0.02183706409245369
4,0.2,100,10,oracle_tail,300,8.78583415614776e-05,6.454778412048159e-06,2.5998447623879668e-05,0.022387165520642655
4,0.2,100,10,tis,300,0.0014530805980405752,0.000191914119235146,-2.753760028742854e-05,0.37025916133878
4,0.2,100,10,tis_no_cov,300,0.0014563649111665321,0.00019179281554502394,-0.00014211328499764622,0.37109603647511485
4,0.2,100,10,uniform,300,0.003924496001088909,0.0002616260936115876,0.0061124611203432055,1.0
4,0.2,100,11,learned_mean,300,0.0,0.0,0.0,0.0
4,0.2,100,11,learned_occupancy,300,0.0,0.0,0.0,0.0
4,0.2,100,11,oracle_no_cov,300,0.0,0.0,0.0,0.0
4,0.2,100,11,oracle_tail,300,0.0,0.0,0.0,0.0
4,0.2,100,11,tis,300,0.0,0.0,0.0,0.0
4,0.2,100,11,tis_no_cov,300,0.0,0.0,0.0,0.0
4,0.2,100,11,uniform,300,0.0,0.0,0.0,0.0
4,0.2,100,12,learned_mean,300,0.0005448478398436155,4.651084359387418e-05,0.0005345482036821014,0.1895779284269034
4,0.2,100,12,learned_occupancy,300,0.0006051550868409399,5.9521813602211984e-05,-0.00044771391206210875,0.2105616272118043
4,0.2,100,12,oracle_no_cov,300,0.00020742868151342326,1.6062372047392145e-05,0.0004495575184327283,0.07217409497103926
4,0.2,100,12,oracle_tail,300,0.00019913230653647714,1.6885282065417022e-05,0.00044317312919430754,0.06928739988561197
4,0.2,100,12,tis,300,0.0005821471628740263,5.055577913262534e-05,-0.000590059315279996,0.20255609934864324
4,0.2,100,12,tis_no_cov,300,0.0006091232646244762,5.5220423391286796e-05,-8.582788760985356e-06,0.21194234099796594
4,0.2,100,12,uniform,300,0.0028740046078396487,0.0002313090556513969,0.004910734828925509,1.0
4,0.2,100,13,learned_mean,300,0.0,0.0,0.0,0.0
4,0.2,100,13,learned_occupancy,300,0.0,0.0,0.0,0.0
4,0.2,100,13,oracle_no_cov,300,0.0,0.0,0.0,0.0
4,0.2,100,13,oracle_tail,300,0.0,0.0,0.0,0.0
4,0.2,100,13,tis,300,0.0,0.0,0.0,0.0
4,0.2,100,13,tis_no_cov,300,0.0,0.0,0.0,0.0
4,0.2,100,13,uniform,300,0.0,0.0,0.0,0.0
4,0.2,100,14,learned_mean,300,0.00036876329884780103,9.325844653621539e-05,-0.00020825146201427873,0.18414525711516463
4,0.2,100,14,learned_occupancy,300,0.00019761647597179674,1.9171544533554078e-05,0.00038703926849869376,0.0986815577681403
4,0.2,100,14,oracle_no_cov,300,7.649094447141059e-05,6.245883343753563e-06,0.0003752423257560104,0.03819643842182663
4,0.2,100,14,oracle_tail,300,7.827348289514146e-05,6.083783384694448e-06,0.0005701578734665524,0.03908656495388984
4,0.2,100,14,tis,300,0.0008723936300352304,0.00015570641688349897,0.0008881114792383072,0.4356375751339964
4,0.2,100,14,tis_no_cov,300,0.0008375822554440972,0.00014697832412055895,0.00042983239237258885,0.41825420334877367
4,0.2,100,14,uniform,300,0.0020025674547630413,0.00014992365948551822,-0.0030837186348201613,1.0
4,0.2,100,15,learned_mean,300,0.0005510684729940385,0.00013037971164931662,0.007728627157033758,0.22114931417532177
4,0.2,100,15,learned_occupancy,300,8.872006405443098e-05,1.6996472113125623e-05,0.003800667011278766,0.03560425297536534
4,0.2,100,15,oracle_no_cov,300,0.002491838941707795,0.0003893816142796255,0.02552771816388887,1.0
4,0.2,100,15,oracle_tail,300,0.002491838941707795,0.0003893816142796255,0.02552771816388887,1.0
4,0.2,100,15,tis,300,0.0015723224860229928,0.00025868276121139084,0.017663753753537216,0.6309888089899555
4,0.2,100,15,tis_no_cov,300,0.0015716246130692243,0.0002585961443686578,0.01769720675815665,0.6307087455628665
4,0.2,100,15,uniform,300,0.002491838941707795,0.0003893816142796255,0.02552771816388887,1.0
4,0.2,100,16,learned_mean,300,0.09668831768893298,0.010256960064956761,0.07762438439797723,1.0184727236851432
4,0.2,100,16,learned_occupancy,300,0.008259738603105941,0.0007394856601406552,4.522221875197907e-05,0.0870044972661212
4,0.2,100,16,oracle_no_cov,300,0.0036323212124417877,0.0002830598348662114,-0.0015391835885620372,0.038261293266439234
4,0.2,100,16,oracle_tail,300,0.0035814701865317412,0.0002827101346182696,-0.0017301085161202457,0.037725650656259484
4,0.2,100,16,tis,300,0.09915229739363486,0.010202696403568391,0.08328674811595357,1.0444272151990635
4,0.2,100,16,tis_no_cov,300,0.0984610393584894,0.01022808067646216,0.08436803316996401,1.0371458034354537
4,0.2,100,16,uniform,300,0.09493461674563589,0.007655650452757251,0.03429390846145654,1.0
4,0.2,100,17,learned_mean,300,0.027994908716988228,0.010119353429040183,-0.014452587877190162,5.989046901064711
4,0.2,100,17,learned_occupancy,300,0.00044437829944300207,7.177589140097262e-05,0.000792839934278294,0.09506737471747824
4,0.2,100,17,oracle_no_cov,300,0.0001984276625281417,1.489655664910026e-05,0.0002621546397150768,0.042450310853434786
4,0.2,100,17,oracle_tail,300,0.00018845413806524295,1.4876020279264356e-05,0.00042061557626405253,0.04031664053569699
4,0.2,100,17,tis,300,0.026917917076779905,0.00982224834618704,-0.01293622626268569,5.7586423832122176
4,0.2,100,17,tis_no_cov,300,0.027208597514919556,0.009926939914819018,-0.01288224305007491,5.820828646966096
4,0.2,100,17,uniform,300,0.004674351224735173,0.00047423885538526683,0.005528880333574101,1.0
4,0.2,100,18,learned_mean,300,0.0075263113449770755,0.0029250618913229227,-0.0012456654265382502,0.40864687242146325
4,0.2,100,18,learned_occupancy,300,0.0017008210510467332,0.00016610166220602774,-0.005084131186708721,0.09234738920582755
4,0.2,100,18,oracle_no_cov,300,0.0004788401120115299,3.956582938039429e-05,-0.0024545499883522675,0.02599899275945391
4,0.2,100,18,oracle_tail,300,0.000470923805559311,3.881812335552409e-05,-0.0018554973005869184,0.025569170802249328
4,0.2,100,18,tis,300,0.008692068749864798,0.002927100862862355,0.005560950726362693,0.4719425687691115
4,0.2,100,18,tis_no_cov,300,0.0086609904842983,0.0029169252062666855,0.005362159522108231,0.47025515039882193
4,0.2,100,18,uniform,300,0.018417640884853554,0.0017988552691254056,-0.012297309093072169,1.0
4,0.2,100,19,learned_mean,300,0.0015794209926393117,0.0001277984597461304,-0.003140184952968891,0.08871026224829515
4,0.2,100,19,learned_occupancy,300,0.00190406386230153,0.00015437998481735712,-0.0022155737000181665,0.1069442570090266
4,0.2,100,19,oracle_no_cov,300,0.00046437641632760446,3.8365392725927905e-05,0.001728723204950419,0.026082313623998325
4,0.2,100,19,oracle_tail,300,0.000466346814293871,4.033836876150261e-05,0.0018618758049090568,0.026192983623406732
4,0.2,100,19,tis,300,0.0020302515030840335,0.00018557508418048623,-0.003078182600644114,0.114031752210419
4,0.2,100,19,tis_no_cov,300,0.0020156525612586135,0.00018101137102889778,-0.003173162929110408,0.11321178339658397
4,0.2,100,19,uniform,300,0.017804264722142284,0.001228708257884236,0.01775153436793688,1.0
4,0.2,100,20,learned_mean,300,0.0026254728402694025,0.0002272757062094138,-0.006942463114177994,0.1656734114766371
4,0.2,100,20,learned_occupancy,300,0.0025250687376569825,0.00021330059106089948,-0.005829984953832726,0.15933768027008496
4,0.2,100,20,oracle_no_cov,300,0.0005573538959410944,4.41749687520416e-05,-0.00020122495295412879,0.03517032053200777
4,0.2,100,20,oracle_tail,300,0.0005954955780115342,5.287976107939958e-05,3.810389073661232e-05,0.03757714892921893
4,0.2,100,20,tis,300,0.002974854683233193,0.0002683416957711054,-0.004976661932177281,0.18772021422545795
4,0.2,100,20,tis_no_cov,300,0.002899690786976945,0.0002577841041745819,-0.003889262997694174,0.18297719844496682
4,0.2,100,20,uniform,300,0.015847279396667947,0.0012387210838205904,0.001778096700834016,1.0
4,0.2,100,21,learned_mean,300,0.0005782083485711769,5.7169679818331465e-05,0.0006618464012036351,0.11428191491757969
4,0.2,100,21,learned_occupancy,300,0.0006245503546464441,5.550392330894998e-05,0.0009768552075536537,0.12344133506170395
4,0.2,100,21,oracle_no_cov,300,0.0001368437581856234,1.3999302484878909e-05,0.0023154389938040585,0.027046940378181252
4,0.2,100,21,oracle_tail,300,0.00012739405549954487,1.2354777484640529e-05,0.0018770443487924056,0.025179222416246785
4,0.2,100,21,tis,300,0.000772452705114014,0.00016043550897802239,0.0026019024448683615,0.15267398774479501
4,0.2,100,21,tis_no_cov,300,0.0007623729048108543,0.0001600652554265452,0.0019996132092936427,0.15068173204063842
4,0.2,100,21,uniform,300,0.005059491250108836,0.0004775782571961576,0.02144026389412905,1.0
4,0.2,100,22,learned_mean,300,2.6811529373935937e-05,2.6440781639363454e-05,0.000343227027467059,1.6149943485054854
4,0.2,100,22,learned_occupancy,300,0.0,0.0,0.0,0.0
4,0.2,100,22,oracle_no_cov,300,1.6601624271160643e-05,1.6316355588658163e-05,0.00026279189444444425,1.0
4,0.2,100,22,oracle_tail,300,1.6601624271160643e-05,1.6316355588658163e-05,0.00026279189444444425,1.0
4,0.2,100,22,tis,300,1.2179366518974476e-05,9.86845812991621e-06,0.0002722191478587956,0.7336249947622142
4,0.2,100,22,tis_no_cov,300,1.2179366518974476e-05,9.86845812991621e-06,0.0002722191478587956,0.7336249947622142
4,0.2,100,22,uniform,300,1.6601624271160643e-05,1.6316355588658163e-05,0.00026279189444444425,1.0
4,0.2,100,23,learned_mean,300,0.00035130220381588984,5.171793422332675e-05,-0.0015193633616299132,0.11930305912928939
4,0.2,100,23,learned_occupancy,300,0.0002723568450054378,3.8189694531373626e-05,-0.00014348123349047632,0.09249302859762121
4,0.2,100,23,oracle_no_cov,300,4.240727233115533e-05,3.5770295345230352e-06,-0.00026121703054569846,0.014401609962820456
4,0.2,100,23,oracle_tail,300,4.0230175698058315e-05,3.404695309536761e-06,-0.00016099400554748752,0.013662262798107902
4,0.2,100,23,tis,300,0.00035620525490727564,5.120170255824496e-05,-0.0006576481610826057,0.12096814687401666
4,0.2,100,23,tis_no_cov,300,0.00035637304025896413,5.15885741120448e-05,-0.0008199210230579738,0.12102512717620689
4,0.2,100,23,uniform,300,0.0029446202501411277,0.00027979738478810007,0.010451183944965635,1.0
4,0.2,100,24,learned_mean,300,0.0,0.0,0.0,0.0
4,0.2,100,24,learned_occupancy,300,0.0,0.0,0.0,0.0
4,0.2,100,24,oracle_no_cov,300,0.0,0.0,0.0,0.0
4,0.2,100,24,oracle_tail,300,0.0,0.0,0.0,0.0
4,0.2,100,24,tis,300,0.0,0.0,0.0,0.0
4,0.2,100,24,tis_no_cov,300,0.0,0.0,0.0,0.0
4,0.2,100,24,uniform,300,0.0,0.0,0.0,0.0
4,0.2,100,25,learned_mean,300,0.0033055184723252,0.0022210877345718626,0.0028135598417327163,2.9899379903430066
4,0.2,100,25,learned_occupancy,300,9.487362698991138e-05,9.272843817694402e-06,0.0006865248326103328,0.0858159662375834
4,0.2,100,25,oracle_no_cov,300,4.304078752476458e-05,3.8002569033590114e-06,-0.0003276123284056354,0.03893164925018588
4,0.2,100,25,oracle_tail,300,3.8694350759543365e-05,3.169466831979514e-06,-0.0001450096262196802,0.03500017026564492
4,0.2,100,25,tis,300,0.0020439637328974317,0.0014266354022118627,0.0021412502896356665,1.8488248869395818
4,0.2,100,25,tis_no_cov,300,0.002082043492604685,0.0014640470612285357,0.0022406174813153065,1.8832691416503289
4,0.2,100,25,uniform,300,0.0011055475006510052,0.0001500370261015246,0.0001725035516869792,1.0
4,0.2,100,26,learned_mean,300,0.00037766699938078773,0.000211243517381361,0.0019454272462179226,0.7117764194488526
4,0.2,100,26,learned_occupancy,300,2.108622655086099e-05,1.6316161226630212e-06,0.00044644539558146365,0.0397405091222346
4,0.2,100,26,oracle_no_cov,300,1.541890952850817e-05,1.4847623041351484e-06,0.00037972176977318917,0.029059505421446256
4,0.2,100,26,oracle_tail,300,1.4837786270157832e-05,1.302894843412266e-06,0.0003773161032100569,0.027964281764718955
4,0.2,100,26,tis,300,0.000411156920592015,0.00021238132756756738,0.0018606621069717584,0.7748937589210186
4,0.2,100,26,tis_no_cov,300,0.0004042386353687144,0.00020575428762646187,0.0018817011606443237,0.7618550971024312
4,0.2,100,26,uniform,300,0.0005305977959669208,0.00010186524686527327,-5.5040307880590924e-05,1.0
4,0.2,100,27,learned_mean,300,0.0005449850786872821,7.222996602831121e-05,-0.0004388189189524511,0.16994746644259354
4,0.2,100,27,learned_occupancy,300,0.00028696787097763925,2.9705372150382208e-05,1.852759304351544e-05,0.08948770256342975
4,0.2,100,27,oracle_no_cov,300,7.112429591279308e-05,5.700046492071258e-06,0.0002937480255685373,0.02217931162814159
4,0.2,100,27,oracle_tail,300,6.587927238396855e-05,5.327216841348988e-06,0.00015261140055960725,0.020543710040108017
4,0.2,100,27,tis,300,0.0007600692886182942,0.00011730187694005584,-0.0012131743775604766,0.23701905790272768
4,0.2,100,27,tis_no_cov,300,0.0007613926278709495,0.00011744114697818267,-0.0010636494093507966,0.23743172636288903
4,0.2,100,27,uniform,300,0.0032067855443515675,0.00025102280086154786,0.0039323277278973025,1.0
4,0.2,100,28,learned_mean,300,0.0005671957803509057,0.0001350543684474836,-0.0010665677619568637,0.1852843786263917
4,0.2,100,28,learned_occupancy,300,0.00036410890186775146,6.40316392160486e-05,-0.0003646360996105602,0.11894251327674997
4,0.2,100,28,oracle_no_cov,300,6.941186636422315e-05,5.9022764110707276e-06,9.664647262074278e-05,0.02267459486499808
4,0.2,100,28,oracle_tail,300,6.64371531057541e-05,5.380389933080437e-06,-0.00012501369098684082,0.021702852978367437
4,0.2,100,28,tis,300,0.000768236792754875,0.000160496031613744,0.002180768580700872,0.25095792619517815
4,0.2,100,28,tis_no_cov,300,0.0007884221695822867,0.00016269958718586353,0.0019600056989573424,0.2575518310378635
4,0.2,100,28,uniform,300,0.00306121748933083,0.0002562403833981942,0.0053236886497123204,1.0
4,0.2,100,29,learned_mean,300,0.0010957724834917933,9.757238316383595e-05,-0.003387473368964254,0.3949681234180941
4,0.2,100,29,learned_occupancy,300,0.0004651024319272463,4.713860990141866e-05,0.0011684621307477521,0.167644869261651
4,0.2,100,29,oracle_no_cov,300,0.00010823247459851755,8.824249622343538e-06,-0.0004573048725091172,0.039012092408864704
4,0.2,100,29,oracle_tail,300,0.00010147453643170851,8.25242025519644e-06,-0.0005773636621792572,0.03657621251944232
4,0.2,100,29,tis,300,0.0015850939755734114,0.00017067487360801183,0.0016332847694824012,0.571342685096952
4,0.2,100,29,tis_no_cov,300,0.001599066829932729,0.00017049528388326228,0.0018495329395026578,0.5763791613255826
4,0.2,100,29,uniform,300,0.0027743314422664475,0.00022202293790869753,0.006763268037592356,1.0
4,0.2,100,30,learned_mean,300,0.00022849819593103078,4.293427881197682e-05,0.004492626100173811,0.09991994872496075
4,0.2,100,30,learned_occupancy,300,3.0753917289349135e-05,3.5782983353168993e-06,0.0017234307179805986,0.013448376807189208
4,0.2,100,30,oracle_no_cov,300,1.7314100472932543e-05,2.2839794947863032e-06,0.0008826559166355663,0.00757128092160703
4,0.2,100,30,oracle_tail,300,1.773742697688716e-05,2.346299269454002e-06,0.000942104967594655,0.007756397317807503
4,0.2,100,30,tis,300,0.007301341527627082,0.003594775428000715,0.024901582419437834,3.1928027619269685
4,0.2,100,30,tis_no_cov,300,0.007295281854776027,0.0035837766613963625,0.024862869481808852,3.1901529283118695
4,0.2,100,30,uniform,300,0.0022868125819399086,0.00038504893809700576,0.02375506014596437,1.0
4,0.2,100,31,learned_mean,300,0.0003808219891964488,9.413097133614422e-05,0.0002761810813681479,0.24235673843266176
4,0.2,100,31,learned_occupancy,300,0.0002033893102223996,2.1348032007504523e-05,0.000165938094036772,0.12943782464237297
4,0.2,100,31,oracle_no_cov,300,3.296388115825645e-05,2.5666306943003747e-06,-0.000259417799264432,0.020978354586230926
4,0.2,100,31,oracle_tail,300,3.318561557685142e-05,2.6919211304880636e-06,-0.0003320755940639242,0.02111946731609805
4,0.2,100,31,tis,300,0.0003549304311064555,9.109731788897973e-05,0.000613298544780723,0.22587924041614466
4,0.2,100,31,tis_no_cov,300,0.0003689538371689331,9.209552736826304e-05,0.0003804748807073329,0.23480379585526262
4,0.2,100,31,uniform,300,0.0015713282480167528,0.000129806387003796,0.0022835657512220832,1.0
4,0.2,100,32,learned_mean,300,0.0009015130856946228,0.0001373170727288877,-0.0023067387227283746,0.29010421090241667
4,0.2,100,32,learned_occupancy,300,0.0002717752564095502,2.292817156534669e-05,-0.0017075121328075941,0.08745646353291175
4,0.2,100,32,oracle_no_cov,300,8.350795394150675e-05,6.042086304887168e-06,0.0004453976952619091,0.026872609468125298
4,0.2,100,32,oracle_tail,300,8.270330746257313e-05,6.053968672392325e-06,0.0004396036519301294,0.026613676641158525
4,0.2,100,32,tis,300,0.0013526837945343044,0.0001753797165052277,0.001810650087620985,0.43528959372952314
4,0.2,100,32,tis_no_cov,300,0.0013589358325347086,0.00017497889438997726,0.001624216791022322,0.4373014808329052
4,0.2,100,32,uniform,300,0.003107549121366831,0.00022433910717013165,0.004562957079352966,1.0
4,0.2,100,33,learned_mean,300,0.001517252588938006,0.00013024906860957766,-0.0072925226186192895,0.09786571807938697
4,0.2,100,33,learned_occupancy,300,0.0014862449111663193,0.00013741740699635258,-0.005079856483311405,0.09586566306335012
4,0.2,100,33,oracle_no_cov,300,0.00028820262006015176,2.492534309734594e-05,-0.0013313047284315574,0.01858962480616992
4,0.2,100,33,oracle_tail,300,0.00028349890017328474,2.608276358645178e-05,-0.0012697905569439738,0.018286225802122254
4,0.2,100,33,tis,300,0.0015496583739181729,0.0001322266774574758,-0.005646042737786142,0.09995595370668624
4,0.2,100,33,tis_no_cov,300,0.0016513205187254475,0.00013556020618842748,-0.005961766825111799,0.10651335810697694
4,0.2,100,33,uniform,300,0.015503412417688867,0.0016932941134457451,0.02809075565690898,1.0
4,0.2,100,34,learned_mean,300,0.0,0.0,0.0,0.0
4,0.2,100,34,learned_occupancy,300,0.0,0.0,0.0,0.0
4,0.2,100,34,oracle_no_cov,300,0.0,0.0,0.0,0.0
4,0.2,100,34,oracle_tail,300,0.0,0.0,0.0,0.0
4,0.2,100,34,tis,300,0.0,0.0,0.0,0.0
4,0.2,100,34,tis_no_cov,300,0.0,0.0,0.0,0.0
4,0.2,100,34,uniform,300,0.0,0.0,0.0,0.0
4,0.2,100,35,learned_mean,300,0.0,0.0,0.0,0.0
4,0.2,100,35,learned_occupancy,300,0.0,0.0,0.0,0.0
4,0.2,100,35,oracle_no_cov,300,0.0,0.0,0.0,0.0
4,0.2,100,35,oracle_tail,300,0.0,0.0,0.0,0.0
4,0.2,100,35,tis,300,0.0,0.0,0.0,0.0
4,0.2,100,35,tis_no_cov,300,0.0,0.0,0.0,0.0
4,0.2,100,35,uniform,300,0.0,0.0,0.0,0.0
4,0.2,100,36,learned_mean,300,0.00011902788865849961,9.428589356313526e-06,0.00044034813628141656,0.027291846348722868
4,0.2,100,36,learned_occupancy,300,0.00024082116302655453,2.012544032726217e-05,-0.0002728850421591167,0.05521776663365302
4,0.2,100,36,oracle_no_cov,300,0.00010233077532581369,8.548859947392357e-06,-0.00027259308903329507,0.02346337340277067
4,0.2,100,36,oracle_tail,300,0.00010177436523526887,8.910077472823163e-06,-0.0002298010357492153,0.023335794405367833
4,0.2,100,36,tis,300,0.00011821319872142068,8.723301709189261e-06,0.0005961911555836978,0.027105046491687674
4,0.2,100,36,tis_no_cov,300,0.00011894970858455497,8.856439780168999e-06,0.0005969127680790262,0.027273920477822556
4,0.2,100,36,uniform,300,0.004361298504235114,0.0003618399817099452,0.01275914131254457,1.0
4,0.2,100,37,learned_mean,300,0.04755806478472532,0.0192848009851901,0.008094138627270195,3.5038283769004486
4,0.2,100,37,learned_occupancy,300,0.0007475180061009421,6.828805158791662e-05,0.0002640595132047278,0.055073199758576996
4,0.2,100,37,oracle_no_cov,300,0.00031420080381386486,2.952347688185324e-05,-0.00015916783450060793,0.02314866463619308
4,0.2,100,37,oracle_tail,300,0.0003234810678498911,2.8851810712476635e-05,0.00019606421125758575,0.023832385738423483
4,0.2,100,37,tis,300,0.04725322145671622,0.01927227415926197,0.0070244997172497275,3.4813691219239904
4,0.2,100,37,tis_no_cov,300,0.04698579358173135,0.019278810528625234,0.005137028459982867,3.461666440972029
4,0.2,100,37,uniform,300,0.013573171876299507,0.0016441265620992269,0.012950477453246312,1.0
4,0.2,100,38,learned_mean,300,0.008721812450743337,0.0018341413193524764,-0.006811962725901291,0.6090871064912952
4,0.2,100,38,learned_occupancy,300,0.0015277682715248025,0.00013193071246958324,-0.00557765423625268,0.10669158058001367
4,0.2,100,38,oracle_no_cov,300,0.0003287660199078859,2.6711045798061106e-05,-0.0012647073865839668,0.022959349895363457
4,0.2,100,38,oracle_tail,300,0.0003291772885129124,2.67688634438768e-05,-0.0012928367575885359,0.0229880708069906
4,0.2,100,38,tis,300,0.008344835084608853,0.0018157946365804098,-0.006757088394886027,0.582760920913664
4,0.2,100,38,tis_no_cov,300,0.008393963465122278,0.001816487992282623,-0.006806150031560496,0.5861917976153266
4,0.2,100,38,uniform,300,0.014319482973439017,0.0011280418144569426,0.0046401388046693175,1.0
4,0.2,100,39,learned_mean,300,0.0009132221735162603,0.00011151270559463272,-0.002609921394502374,0.1028047378904123
4,0.2,100,39,learned_occupancy,300,0.0009584562460895398,8.412585605814231e-05,-0.002034548541523215,0.10789690177941044
4,0.2,100,39,oracle_no_cov,300,0.0002584817069612651,2.1024142141986397e-05,0.0005193692525145115,0.02909822483974769
4,0.2,100,39,oracle_tail,300,0.0002550591099399426,1.9556685243762033e-05,0.0009493613108370532,0.028712930658456877
4,0.2,100,39,tis,300,0.0045925538449034025,0.0008324941817349182,0.006658641729062399,0.5170004714789078
4,0.2,100,39,tis_no_cov,300,0.004673184728387612,0.000844032952278279,0.007484994021806745,0.5260773829719235
4,0.2,100,39,uniform,300,0.008883074771220524,0.0007631362448444004,0.009759785801807312,1.0
4,0.2,100,40,learned_mean,300,0.0005233067668316129,4.351803676746585e-05,0.0015030119834787451,0.17064779239051742
4,0.2,100,40,learned_occupancy,300,0.00045580098347172704,3.775402119563975e-05,0.0012434182334187078,0.14863448464427187
4,0.2,100,40,oracle_no_cov,300,0.00023138404912014765,1.8946241186268604e-05,-0.00013091291098104918,0.07545321344838941
4,0.2,100,40,oracle_tail,300,0.0002085488592776652,1.6678248751267128e-05,0.00022475529449586713,0.06800676906351892
4,0.2,100,40,tis,300,0.0005593452496930982,4.9562942708830375e-05,-0.00012993014775920298,0.18239976643558997
4,0.2,100,40,tis_no_cov,300,0.0005560706179815186,4.73470568130037e-05,-3.5151708678151646e-05,0.18133192495542647
4,0.2,100,40,uniform,300,0.003066589725544508,0.000237182663467644,0.002650172070608804,1.0
4,0.2,100,41,learned_mean,300,0.027355019864312848,0.003895697745226404,0.021399700178950595,1.2011889745079027
4,0.2,100,41,learned_occupancy,300,0.004063244123645715,0.00042839620065244095,0.002476167643789927,0.17842151335538284
4,0.2,100,41,oracle_no_cov,300,0.0013661857158506537,0.00010940720424545618,0.002019429934315995,0.05999071567668242
4,0.2,100,41,oracle_tail,300,0.0013524628743118111,0.00010715329113341327,0.0013432921437075477,0.05938813062877751
4,0.2,100,41,tis,300,0.028696162849336182,0.003844213586273668,0.024347826897279115,1.2600800363619757
4,0.2,100,41,tis_no_cov,300,0.028362359263209184,0.003836435249558993,0.024333485707623826,1.245422354178018
4,0.2,100,41,uniform,300,0.022773285839989933,0.001755449387264889,0.010417844965794353,1.0
4,0.2,100,42,learned_mean,300,0.0033517390463174796,0.0014456793992930412,-0.00232326487388321,1.5623045213678506
4,0.2,100,42,learned_occupancy,300,0.0008912781980748362,0.00027460161792800024,-0.0009286474412785021,0.4154404443206207
4,0.2,100,42,oracle_no_cov,300,0.0001375910635212191,1.1584593523136894e-05,-0.00038957568088847426,0.06413361472015104
4,0.2,100,42,oracle_tail,300,0.00013593091629089847,1.165154686170261e-05,-0.00047987028271213666,0.06335979089668965
4,0.2,100,42,tis,300,0.0034406594987225745,0.0014089590319097945,-0.001692937680938531,1.603751908206389
4,0.2,100,42,tis_no_cov,300,0.0034532054527154103,0.0014305274700012948,-0.001973253925616468,1.6095997980262768
4,0.2,100,42,uniform,300,0.002145381390423756,0.00021041303731437352,0.0011864809148841907,1.0
4,0.2,100,43,learned_mean,300,0.0004612984755236098,5.395432112605157e-05,-5.4621546645935065e-06,0.1586677211882271
4,0.2,100,43,learned_occupancy,300,0.00044827562442367215,5.004634155554622e-05,-0.0006955396540592081,0.15418839550856758
4,0.2,100,43,oracle_no_cov,300,6.0878333814686134e-05,5.770710642850001e-06,0.0008048363903137823,0.02093964538935065
4,0.2,100,43,oracle_tail,300,6.047936684271031e-05,5.508129620276785e-06,0.0006861744654803592,0.020802417144230353
4,0.2,100,43,tis,300,0.000620935592876834,8.401168012535769e-05,0.002686087171566722,0.2135763301940188
4,0.2,100,43,tis_no_cov,300,0.0006440783884181979,8.539293564808627e-05,0.0030082993814280036,0.2215365009409636
4,0.2,100,43,uniform,300,0.0029073240106371264,0.00029823234679514983,0.013383464329755871,1.0
4,0.2,100,44,learned_mean,300,0.0,0.0,0.0,0.0
4,0.2,100,44,learned_occupancy,300,0.0,0.0,0.0,0.0
4,0.2,100,44,oracle_no_cov,300,3.0266500350438794e-08,3.0216014076174376e-08,1.0044318518518946e-05,1.0
4,0.2,100,44,oracle_tail,300,3.0266500350438794e-08,3.0216014076174376e-08,1.0044318518518946e-05,1.0
4,0.2,100,44,tis,300,1.4414911160748593e-06,1.4390866254666537e-06,6.931789369936306e-05,47.62662017030856
4,0.2,100,44,tis_no_cov,300,1.4414911160748593e-06,1.4390866254666537e-06,6.931789369936306e-05,47.62662017030856
4,0.2,100,44,uniform,300,3.0266500350438794e-08,3.0216014076174376e-08,1.0044318518518946e-05,1.0
4,0.2,100,45,learned_mean,300,0.0012810835687234623,0.00010291339262604632,8.967693925485799e-05,0.03588449049319322
4,0.2,100,45,learned_occupancy,300,0.0021872833791903466,0.00016173880453724255,0.00023835967854642814,0.06126809487119295
4,0.2,100,45,oracle_no_cov,300,0.0007441779466742244,5.974463828333356e-05,-0.0012509468593249024,0.020845202533730834
4,0.2,100,45,oracle_tail,300,0.0007656162971320361,6.212549271103909e-05,-0.0005782628757426615,0.021445713149880304
4,0.2,100,45,tis,300,0.007495031316741979,0.001958663978756264,0.011037422338221858,0.2099436653455902
4,0.2,100,45,tis_no_cov,300,0.007520369883462853,0.001959008624738277,0.010447156916995782,0.2106534250980413
4,0.2,100,45,uniform,300,0.035700202263327825,0.003347319083415934,0.04022242205087786,1.0
4,0.2,100,46,learned_mean,300,0.04717539294346008,0.009060897127484695,0.037580587094682594,1.9538578155763922
4,0.2,100,46,learned_occupancy,300,0.0015924320283488556,0.00012724456608805056,0.0010519471742455164,0.06595357389163856
4,0.2,100,46,oracle_no_cov,300,0.0008191870165914675,6.933008919136403e-05,0.00041907147454010917,0.03392817430697913
4,0.2,100,46,oracle_tail,300,0.0008034088821026662,6.592614504949611e-05,-7.771302736379789e-05,0.03327469312828269
4,0.2,100,46,tis,300,0.047471037305269,0.009012284158110805,0.042983360885435785,1.9661024840552275
4,0.2,100,46,tis_no_cov,300,0.047567706793672816,0.0090154100507878,0.042492548963428134,1.9701062331214398
4,0.2,100,46,uniform,300,0.02414474204180678,0.0018836335211397208,0.001976646991464223,1.0
4,0.2,100,47,learned_mean,300,0.07044555718236065,0.013336132210681367,-0.00407159420035334,2.426250431299358
4,0.2,100,47,learned_occupancy,300,0.0026061838209394776,0.00023061305835376348,-0.000877057432789267,0.08976087169317103
4,0.2,100,47,oracle_no_cov,300,0.0006375575220263676,5.4281964974047626e-05,-0.0007097629889021162,0.02195843534589797
4,0.2,100,47,oracle_tail,300,0.0006629896176195529,5.286785447481003e-05,-0.0018485124737002278,0.02283435478453736
4,0.2,100,47,tis,300,0.07155444139704895,0.013326517137853608,-0.007466954855364843,2.464442063415829
4,0.2,100,47,tis_no_cov,300,0.07179345621269961,0.0133300538923602,-0.007056203782590983,2.4726740914209193
4,0.2,100,47,uniform,300,0.029034742775762894,0.002450213540985601,-0.0028047747509710886,1.0
4,0.2,100,48,learned_mean,300,0.04372865951305296,0.008903585476189748,0.008819055808163875,3.765138024150225
4,0.2,100,48,learned_occupancy,300,0.0016274925679844454,0.00014046688191487038,-0.005368502285619225,0.14013084828065694
4,0.2,100,48,oracle_no_cov,300,0.00044684667634739225,3.6919302116418705e-05,-0.0001436279583987421,0.03847452519276309
4,0.2,100,48,oracle_tail,300,0.00044808565730707555,3.30422900257283e-05,0.00013722684294434906,0.03858120429919921
4,0.2,100,48,tis,300,0.04348247842264752,0.008877020476722581,0.008927777300301289,3.7439412668145557
4,0.2,100,48,tis_no_cov,300,0.0434860759509146,0.008907392639572128,0.010435510869856748,3.744251022261491
4,0.2,100,48,uniform,300,0.01161409202865075,0.0008366366428505368,-0.0033122282771320425,1.0
4,0.2,100,49,learned_mean,300,0.009965229504705301,0.0008947320194374676,0.012970863135808829,1.0592095810787316
4,0.2,100,49,learned_occupancy,300,0.0011061676992915194,0.0001049856512015313,0.0019452797444055362,0.11757515718189612
4,0.2,100,49,oracle_no_cov,300,0.000542772251800286,4.058219148145464e-05,0.0021036247324945838,0.05769155333342645
4,0.2,100,49,oracle_tail,300,0.0005314719109435471,4.2971017206098877e-05,0.0020860100803040326,0.05649043405170177
4,0.2,100,49,tis,300,0.011426329751742688,0.0010071497481860027,0.015425159207694546,1.2145107088498244
4,0.2,100,49,tis_no_cov,300,0.011329824305568403,0.0009998299928176532,0.014748444933698443,1.2042530932910642
4,0.2,100,49,uniform,300,0.009408175381642984,0.0007513150139565649,0.01391116860732606,1.0
4,0.2,200,0,learned_mean,300,5.202233633080676e-05,4.726366433283596e-06,0.0012228932888140834,0.04680917150194749
4,0.2,200,0,learned_occupancy,300,5.9339295873599115e-05,5.082757543939416e-06,0.0011915206023331833,0.05339289761400515
4,0.2,200,0,oracle_no_cov,300,2.6336254237090893e-05,2.4876035139889263e-06,0.0008878455044537866,0.023697094906766962
4,0.2,200,0,oracle_tail,300,2.3461359120832753e-05,2.2485569953435645e-06,0.0009212395543078866,0.021110293389601197
4,0.2,200,0,tis,300,6.281251404137466e-05,6.194113969044221e-06,0.0012885648763834815,0.05651806415487827
4,0.2,200,0,tis_no_cov,300,5.799988955732868e-05,5.6249275658134795e-06,0.00125404796493977,0.052187713372174656
4,0.2,200,0,uniform,300,0.0011113705853273302,9.971395375185074e-05,0.005007140317506965,1.0
4,0.2,200,1,learned_mean,300,0.0,0.0,0.0,0.0
4,0.2,200,1,learned_occupancy,300,0.0,0.0,0.0,0.0
4,0.2,200,1,oracle_no_cov,300,0.0,0.0,0.0,0.0
4,0.2,200,1,oracle_tail,300,0.0,0.0,0.0,0.0
4,0.2,200,1,tis,300,0.0,0.0,0.0,0.0
4,0.2,200,1,tis_no_cov,300,0.0,0.0,0.0,0.0
4,0.2,200,1,uniform,300,0.0,0.0,0.0,0.0
4,0.2,200,2,learned_mean,300,0.010105637899322525,0.0014071663990766754,-0.0032483563263935385,1.695001975664814
4,0.2,200,2,learned_occupancy,300,0.0005936876001228046,5.1572583657328164e-05,-0.00021799546306651893,0.09957824188449475
4,0.2,200,2,oracle_no_cov,300,0.0002387182800631129,1.8876829802972636e-05,-0.00034851472695144546,0.040039823350627744
4,0.2,200,2,oracle_tail,300,0.0002457233549577937,1.8737736882998797e-05,-0.0008935563008785404,0.04121477300788392
4,0.2,200,2,tis,300,0.010083333241257767,0.001378440456673982,-0.0022948406254077844,1.6912608521590107
4,0.2,200,2,tis_no_cov,300,0.010209055751158337,0.00139903776714306,-0.002028811692077852,1.712348081366114
4,0.2,200,2,uniform,300,0.005962021309950916,0.0005175623366347335,-0.002421616241918594,1.0
4,0.2,200,3,learned_mean,300,0.019994637622658545,0.0031940034636712693,-0.00963496705118057,6.647032021702022
4,0.2,200,3,learned_occupancy,300,0.00035329829988249133,3.053824143721017e-05,-0.00029107828857661834,0.11745074638764849
4,0.2,200,3,oracle_no_cov,300,0.0001726895546594364,1.4588141760201718e-05,0.0003185771784050691,0.0574090424291526
4,0.2,200,3,oracle_tail,300,0.00016874438365705195,1.3910923041533279e-05,0.00026219545686026653,0.056097506882530734
4,0.2,200,3,tis,300,0.02196371072592344,0.003258908827554342,-0.011961260294889663,7.301632130865373
4,0.2,200,3,tis_no_cov,300,0.02207279993084866,0.0032809449358215032,-0.010511720441821436,7.337897826300544
4,0.2,200,3,uniform,300,0.003008054957066202,0.00026214653171904986,-0.0006460479784666735,1.0
4,0.2,200,4,learned_mean,300,0.0,0.0,0.0,0.0
4,0.2,200,4,learned_occupancy,300,0.0,0.0,0.0,0.0
4,0.2,200,4,oracle_no_cov,300,0.0,0.0,0.0,0.0
4,0.2,200,4,oracle_tail,300,0.0,0.0,0.0,0.0
4,0.2,200,4,tis,300,0.0,0.0,0.0,0.0
4,0.2,200,4,tis_no_cov,300,0.0,0.0,0.0,0.0
4,0.2,200,4,uniform,300,0.0,0.0,0.0,0.0
4,0.2,200,5,learned_mean,300,6.154830106737062e-05,2.163638808274001e-05,0.0019926404239530944,0.20876537799037215
4,0.2,200,5,learned_occupancy,300,3.17898051349253e-06,7.450150711237322e-07,0.0007329891443398225,0.010782768281399898
4,0.2,200,5,oracle_no_cov,300,0.0002948204422584338,5.7284431080663356e-05,0.008269229275578684,1.0
4,0.2,200,5,oracle_tail,300,0.0002948204422584338,5.7284431080663356e-05,0.008269229275578684,1.0
4,0.2,200,5,tis,300,0.0002838080918574333,5.8346524732502404e-05,0.0065398262304658325,0.9626472631387368
4,0.2,200,5,tis_no_cov,300,0.00028397976365234265,5.834379599978649e-05,0.006591409575984906,0.963229555850851
4,0.2,200,5,uniform,300,0.0002948204422584338,5.7284431080663356e-05,0.008269229275578684,1.0
4,0.2,200,6,learned_mean,300,0.03457333320808414,0.004327374797865049,0.0046631005440722455,0.9985834707839524
4,0.2,200,6,learned_occupancy,300,0.0019962430755536384,0.00015962025876392223,0.005691138144309279,0.05765759774786979
4,0.2,200,6,oracle_no_cov,300,0.0011044513075999373,9.092163883101304e-05,0.004423908853456815,0.03189992742143637
4,0.2,200,6,oracle_tail,300,0.0011259525938225555,9.120851330680633e-05,0.0044647697472829815,0.03252095024539368
4,0.2,200,6,tis,300,0.042220946664392675,0.004620819702318081,0.0022331102862703242,1.2194699078090339
4,0.2,200,6,tis_no_cov,300,0.041309814856243306,0.004559302326452795,-0.00013039053926509206,1.1931536380456456
4,0.2,200,6,uniform,300,0.03462237681637354,0.0027134918646866263,-0.0026438565206703285,1.0
4,0.2,200,7,learned_mean,300,0.0013545404493252563,0.00012772831194806422,-0.002369037515905751,0.06482837951064373
4,0.2,200,7,learned_occupancy,300,0.0018199323211753515,0.00014858033394580757,-0.003165232043360398,0.0871020597868554
4,0.2,200,7,oracle_no_cov,300,0.0005405667032363135,4.687903078903697e-05,-0.0010882446122574619,0.025871551791368005
4,0.2,200,7,oracle_tail,300,0.0005291195787622644,4.594222145142879e-05,-0.0013824679788139874,0.02532369179200151
4,0.2,200,7,tis,300,0.0026589651809779684,0.00030277922600738136,0.0007521037622655121,0.12725821805018367
4,0.2,200,7,tis_no_cov,300,0.002758582805311375,0.00031091398729650183,0.000970712565006406,0.1320259229640176
4,0.2,200,7,uniform,300,0.0208942512453649,0.0015000413957550428,-0.0032073561753548463,1.0
4,0.2,200,8,learned_mean,300,2.467329494140255e-07,2.463213845746831e-07,2.8678269904466312e-05,0.18405922676596173
4,0.2,200,8,learned_occupancy,300,0.0,0.0,0.0,0.0
4,0.2,200,8,oracle_no_cov,300,1.3405084534433897e-06,1.3382724077608458e-06,6.684580399305529e-05,1.0
4,0.2,200,8,oracle_tail,300,1.3405084534433897e-06,1.3382724077608458e-06,6.684580399305529e-05,1.0
4,0.2,200,8,tis,300,1.4243695915673185e-06,1.3910795226408873e-06,7.958673270545059e-05,1.0625592012556975
4,0.2,200,8,tis_no_cov,300,1.4243695915673185e-06,1.3910795226408873e-06,7.958673270545059e-05,1.0625592012556975
4,0.2,200,8,uniform,300,1.3405084534433897e-06,1.3382724077608458e-06,6.684580399305529e-05,1.0
4,0.2,200,9,learned_mean,300,0.0002270146346152037,3.5453456853838256e-05,1.4921214153830188e-05,0.0898380304129275
4,0.2,200,9,learned_occupancy,300,0.0001379215265724081,1.2159941165062189e-05,0.00045501531799571507,0.05458061468068702
4,0.2,200,9,oracle_no_cov,300,3.4208266831984956e-05,2.6108205855221383e-06,-5.721537571977316e-05,0.013537467843139589
4,0.2,200,9,oracle_tail,300,3.275819180626754e-05,2.7025525663394542e-06,3.858152857442546e-06,0.012963619886234774
4,0.2,200,9,tis,300,0.00024820751183542145,3.674397107766008e-05,0.0007505992384326535,0.09822483045986972
4,0.2,200,9,tis_no_cov,300,0.0002514694241925716,3.663426381095786e-05,0.0007439264625923851,0.09951568900756942
4,0.2,200,9,uniform,300,0.0025269324535696497,0.0002193213429907236,0.011789015804588776,1.0
4,0.2,200,10,learned_mean,300,0.0003562817042612422,4.687885273655289e-05,0.0004909439873534678,0.18262281519138193
4,0.2,200,10,learned_occupancy,300,0.0001498097546059244,1.2749549159932973e-05,-0.0001088358838400962,0.07678945845954346
4,0.2,200,10,oracle_no_cov,300,3.836226901286006e-05,2.9524866632672e-06,-3.6290220327521344e-05,0.01966372530631162
4,0.2,200,10,oracle_tail,300,3.6566630844156815e-05,2.7497360489000864e-06,-9.955171938314448e-05,0.018743317400119402
4,0.2,200,10,tis,300,0.0008909653463894851,0.0001225365440852092,5.8964705506857985e-05,0.4566908652606691
4,0.2,200,10,tis_no_cov,300,0.0008892046112016994,0.00012255967010647026,0.0001736018239187705,0.4557883479184814
4,0.2,200,10,uniform,300,0.0019509156284107888,0.00013204840945092806,0.0003403474726001574,1.0
4,0.2,200,11,learned_mean,300,0.0,0.0,0.0,0.0
4,0.2,200,11,learned_occupancy,300,0.0,0.0,0.0,0.0
4,0.2,200,11,oracle_no_cov,300,0.0,0.0,0.0,0.0
4,0.2,200,11,oracle_tail,300,0.0,0.0,0.0,0.0
4,0.2,200,11,tis,300,0.0,0.0,0.0,0.0
4,0.2,200,11,tis_no_cov,300,0.0,0.0,0.0,0.0
4,0.2,200,11,uniform,300,0.0,0.0,0.0,0.0
4,0.2,200,12,learned_mean,300,0.00022231077209700577,2.1068023994441707e-05,-0.0012830354456943738,0.13038062966978883
4,0.2,200,12,learned_occupancy,300,0.0002574322488075481,2.646060814002962e-05,-0.0008311831940021911,0.1509786430060711
4,0.2,200,12,oracle_no_cov,300,8.651513510919755e-05,7.91292933111714e-06,0.0002510802781065798,0.050739321739128436
4,0.2,200,12,oracle_tail,300,8.067149815277179e-05,7.480186484055907e-06,0.00015644469398783242,0.04731215058249198
4,0.2,200,12,tis,300,0.00023196370336165135,2.326933817406009e-05,-0.001225209226149495,0.13604187246325325
4,0.2,200,12,tis_no_cov,300,0.00023329925388010153,2.149362536471427e-05,-0.0012325907594249572,0.13682514497816028
4,0.2,200,12,uniform,300,0.001705090492813585,0.00015366168318350836,0.0051207218863907975,1.0
4,0.2,200,13,learned_mean,300,0.0,0.0,0.0,0.0
4,0.2,200,13,learned_occupancy,300,0.0,0.0,0.0,0.0
4,0.2,200,13,oracle_no_cov,300,0.0,0.0,0.0,0.0
4,0.2,200,13,oracle_tail,300,0.0,0.0,0.0,0.0
4,0.2,200,13,tis,300,0.0,0.0,0.0,0.0
4,0.2,200,13,tis_no_cov,300,0.0,0.0,0.0,0.0
4,0.2,200,13,uniform,300,0.0,0.0,0.0,0.0
4,0.2,200,14,learned_mean,300,9.354623602607655e-05,7.780283368231212e-06,0.0002858605723762701,0.08409063369811567
4,0.2,200,14,learned_occupancy,300,9.738444998626194e-05,7.502012677821534e-06,0.0007086273825596686,0.08754088309234008
4,0.2,200,14,oracle_no_cov,300,3.9688336278317634e-05,3.3651423686621537e-06,-0.00011074470998887402,0.035676660973695616
4,0.2,200,14,oracle_tail,300,3.8540937236942935e-05,3.4092985338343e-06,-1.4115631007364608e-06,0.03464524039930807
4,0.2,200,14,tis,300,0.0003368301346270873,6.575311512118208e-05,0.0006147853891900971,0.30278352900824185
4,0.2,200,14,tis_no_cov,300,0.0003323647162902615,6.439380176538502e-05,0.0005701904754873628,0.29876947271242044
4,0.2,200,14,uniform,300,0.0011124453689088177,8.298634132543431e-05,-0.0002849077039173838,1.0
4,0.2,200,15,learned_mean,300,0.00013607819979480438,3.3353415956819455e-05,0.004055170683702689,0.12454204514509075
4,0.2,200,15,learned_occupancy,300,2.109289440750551e-05,4.443396344273328e-06,0.0015754413388348529,0.019304724867770358
4,0.2,200,15,oracle_no_cov,300,0.0010926285949156695,0.00015367088204868798,0.017393202072395805,1.0
4,0.2,200,15,oracle_tail,300,0.0010926285949156695,0.00015367088204868798,0.017393202072395805,1.0
4,0.2,200,15,tis,300,0.0006555401986310316,0.00012734504223280737,0.010819124497644331,0.5999661748570905
4,0.2,200,15,tis_no_cov,300,0.0006562709453184092,0.0001274711351856358,0.010817840207383078,0.6006349718213819
4,0.2,200,15,uniform,300,0.0010926285949156695,0.00015367088204868798,0.017393202072395805,1.0
4,0.2,200,16,learned_mean,300,0.06109288591044337,0.006602656300601913,0.025244784612574758,1.2002273496768177
4,0.2,200,16,learned_occupancy,300,0.0034124123262449096,0.0002474387690194085,0.0043787564310176046,0.067040057795556
4,0.2,200,16,oracle_no_cov,300,0.0019295604142772738,0.000151364641872507,0.00021848455596074808,0.03790803376786342
4,0.2,200,16,oracle_tail,300,0.0018724250898370246,0.00014123189476002358,0.0018532614547384825,0.036785556444949415
4,0.2,200,16,tis,300,0.0631512455118674,0.006574755984770046,0.02930256223357571,1.2406657649240616
4,0.2,200,16,tis_no_cov,300,0.06325614422560971,0.006582787245244637,0.028861263759664267,1.2427265990670744
4,0.2,200,16,uniform,300,0.05090109463585687,0.003917989353113129,0.020517232369558353,1.0
4,0.2,200,17,learned_mean,300,0.019568361892693575,0.007653262743838804,-0.014075766403651315,7.693506180189221
4,0.2,200,17,learned_occupancy,300,0.00015837830252225454,1.3801903983920743e-05,0.000498363142306267,0.06226808641135161
4,0.2,200,17,oracle_no_cov,300,8.75375976174406e-05,7.2198512083132575e-06,4.9813831610729944e-05,0.03441632222266682
4,0.2,200,17,oracle_tail,300,8.583358456685068e-05,6.857072677335537e-06,-7.0581679910006e-05,0.03374637166636954
4,0.2,200,17,tis,300,0.018871864787885002,0.0076079107200250845,-0.012260991662029274,7.41967105746853
4,0.2,200,17,tis_no_cov,300,0.01888876376632316,0.007616120633325694,-0.012095033118183047,7.4263150676194964
4,0.2,200,17,uniform,300,0.002543490761479091,0.00020865834135217232,-0.00037500689194674606,1.0
4,0.2,200,18,learned_mean,300,0.007761747942124965,0.0020317477617404983,-0.009608758121456841,0.8177140182226904
4,0.2,200,18,learned_occupancy,300,0.0005545909736323247,4.712358175562195e-05,0.0005973648024122547,0.058427150288877676
4,0.2,200,18,oracle_no_cov,300,0.0002486404667854028,1.9827237149259308e-05,-0.0010806680232261397,0.026194717569274
4,0.2,200,18,oracle_tail,300,0.000241460252011137,1.9408215193750536e-05,-0.001184868205575215,0.025438269109655586
4,0.2,200,18,tis,300,0.010303766827976266,0.002243766119196154,-0.012205728617982007,1.0855202511803603
4,0.2,200,18,tis_no_cov,300,0.01016353426128853,0.0022671973839400016,-0.011717558126040816,1.0707464996430853
4,0.2,200,18,uniform,300,0.009492007925943598,0.0008142101784563521,-0.0037679086648314216,1.0
4,0.2,200,19,learned_mean,300,0.0008096372625797764,6.038469022462507e-05,-0.003260204808001077,0.10325613404403235
4,0.2,200,19,learned_occupancy,300,0.000821043698134824,7.928523311819253e-05,-0.0025264923192304346,0.10471084035891191
4,0.2,200,19,oracle_no_cov,300,0.0002164510063564682,1.6545974208645126e-05,-0.0009778560388115317,0.027604823986355206
4,0.2,200,19,oracle_tail,300,0.00021361220975652412,1.668601673547047e-05,-0.0006760495774808695,0.02724278140778912
4,0.2,200,19,tis,300,0.0008745936886795963,0.00010678363220304828,-0.0020913661623751735,0.1115402752889808
4,0.2,200,19,tis_no_cov,300,0.0008301133024887935,0.00010540902628540976,-0.0021912271854117624,0.10586752166075299
4,0.2,200,19,uniform,300,0.007841057289967066,0.0005879093024415846,0.003079659437091977,1.0
4,0.2,200,20,learned_mean,300,0.0008225411189194654,7.508565676586687e-05,-0.003997867941748041,0.11119348191528704
4,0.2,200,20,learned_occupancy,300,0.0009497162986331016,8.136834952051129e-05,-0.0036028033240188507,0.12838538967564075
4,0.2,200,20,oracle_no_cov,300,0.00026732230723416575,2.0955810751704885e-05,-0.0015843395400158237,0.03613740085607237
4,0.2,200,20,oracle_tail,300,0.0002708300671453174,2.1182674367616577e-05,-0.001512515918940805,0.03661158996257709
4,0.2,200,20,tis,300,0.0010307449013834881,0.00010840361471644845,-0.0017170155702718832,0.1393390700051809
4,0.2,200,20,tis_no_cov,300,0.0011123590714151393,0.00010943840021620705,-0.002614834816031079,0.15037190900946912
4,0.2,200,20,uniform,300,0.007397386112489218,0.0005662195423249747,0.0028797135382182927,1.0
4,0.2,200,21,learned_mean,300,0.00027624196291134185,2.7683057649822927e-05,0.0005346596935055533,0.09836190627553165
4,0.2,200,21,learned_occupancy,300,0.0003514887909425056,3.575731935487213e-05,0.00030243698978970685,0.1251551616098337
4,0.2,200,21,oracle_no_cov,300,5.959228082332874e-05,6.111472226743533e-06,0.0005043166070728,0.02121911631134286
4,0.2,200,21,oracle_tail,300,5.725789004815892e-05,5.493827327677687e-06,0.0003230887216673639,0.020387906149723016
4,0.2,200,21,tis,300,0.000269926879339117,3.198060802778698e-05,0.00018561691302904784,0.09611328462548681
4,0.2,200,21,tis_no_cov,300,0.00027147402478871834,3.3662827690988986e-05,0.0005347198458875716,0.09666417911705666
4,0.2,200,21,uniform,300,0.0028084242505175944,0.00028802008289190216,0.014846025228156827,1.0
4,0.2,200,22,learned_mean,300,0.0,0.0,0.0,0.0
4,0.2,200,22,learned_occupancy,300,0.0,0.0,0.0,0.0
4,0.2,200,22,oracle_no_cov,300,0.0,0.0,0.0,0.0
4,0.2,200,22,oracle_tail,300,0.0,0.0,0.0,0.0
4,0.2,200,22,tis,300,0.0,0.0,0.0,0.0
4,0.2,200,22,tis_no_cov,300,0.0,0.0,0.0,0.0
4,0.2,200,22,uniform,300,0.0,0.0,0.0,0.0
4,0.2,200,23,learned_mean,300,0.00012692471822257873,1.7272270356831645e-05,-6.243829561325076e-05,0.09191423091527615
4,0.2,200,23,learned_occupancy,300,7.686766076640227e-05,7.218595178807014e-06,-2.573087751481943e-05,0.0556647437988432
4,0.2,200,23,oracle_no_cov,300,2.015695122554317e-05,1.6292407349665827e-06,0.00014015618284637303,0.01459692560627606
4,0.2,200,23,oracle_tail,300,1.8889172606056623e-05,1.448736228298473e-06,6.272708234724218e-05,0.013678846776456706
4,0.2,200,23,tis,300,0.00014537117414251582,3.076821660266951e-05,0.0010070448991097492,0.10527247848703988
4,0.2,200,23,tis_no_cov,300,0.0001497447052554054,3.0822181085722525e-05,0.0010388419040366747,0.1084396294900489
4,0.2,200,23,uniform,300,0.0013809038813540663,0.00012095717208458485,0.0019829401135998868,1.0
4,0.2,200,24,learned_mean,300,2.1307854746430476e-07,2.1272312011516986e-07,2.6650737792432987e-05,213078547.46430475
4,0.2,200,24,learned_occupancy,300,0.0,0.0,0.0,0.0
4,0.2,200,24,oracle_no_cov,300,0.0,0.0,0.0,0.0
4,0.2,200,24,oracle_tail,300,0.0,0.0,0.0,0.0
4,0.2,200,24,tis,300,0.0,0.0,0.0,0.0
4,0.2,200,24,tis_no_cov,300,0.0,0.0,0.0,0.0
4,0.2,200,24,uniform,300,0.0,0.0,0.0,0.0
4,0.2,200,25,learned_mean,300,0.003236302576973969,0.001554711398491507,-0.00023974177626398418,6.473351541673462
4,0.2,200,25,learned_occupancy,300,5.4192000190755085e-05,5.340409691188072e-06,-0.0002366779763777386,0.10839649867015962
4,0.2,200,25,oracle_no_cov,300,2.495287937759693e-05,2.033119012699669e-06,-7.92250457505661e-05,0.04991151363207602
4,0.2,200,25,oracle_tail,300,2.1502200119689607e-05,1.704245942470735e-06,-7.578952503904723e-05,0.0430093592868908
4,0.2,200,25,tis,300,0.002481576375784544,0.0012762922438595396,0.002175813319793831,4.963725076962892
4,0.2,200,25,tis_no_cov,300,0.0025007412788122384,0.0012837593096813793,0.0021555770034349933,5.002059303015496
4,0.2,200,25,uniform,300,0.0004999423492049892,3.905819602118162e-05,0.0019072857900550458,1.0
4,0.2,200,26,learned_mean,300,0.0023247071944654373,0.0016484950746710498,-0.0016124619516353549,8.964950077444753
4,0.2,200,26,learned_occupancy,300,1.0457814391139037e-05,8.312109567789109e-07,1.1772945484338493e-05,0.04032928712869721
4,0.2,200,26,oracle_no_cov,300,7.433460558937266e-06,6.240806782846688e-07,-0.0002512204533962,0.028666235030451247
4,0.2,200,26,oracle_tail,300,7.0176220531471675e-06,5.751431744650138e-07,-0.00018567907828797618,0.027062604494286154
4,0.2,200,26,tis,300,0.0023289462350677714,0.0016484756370859005,-0.001285950411737346,8.981297421087282
4,0.2,200,26,tis_no_cov,300,0.0023286078856858826,0.001646916079728038,-0.0012465500122304377,8.979992617916977
4,0.2,200,26,uniform,300,0.00025931066814462845,2.8893963616936766e-05,-0.0007025617864106767,1.0
4,0.2,200,27,learned_mean,300,0.00021172587344377977,3.869498321004308e-05,0.00024446769872476625,0.1428791654023841
4,0.2,200,27,learned_occupancy,300,0.0001131715281730633,9.2357179299594e-06,-8.945320608475786e-05,0.07637164617470957
4,0.2,200,27,oracle_no_cov,300,3.709983382946e-05,3.1231608115265473e-06,-3.6814500374289978e-06,0.025036114896594897
4,0.2,200,27,oracle_tail,300,3.45756952220066e-05,2.9431120621351455e-06,5.175335997956535e-05,0.023332748124613476
4,0.2,200,27,tis,300,0.0002884467237720928,4.9713594350925094e-05,0.001499883080622338,0.19465276720916241
4,0.2,200,27,tis_no_cov,300,0.00029565642528716035,4.9334429481322894e-05,0.0013774307751385358,0.19951809669638113
4,0.2,200,27,uniform,300,0.0014818526749334363,0.00014684301665104422,0.00361580275405471,1.0
4,0.2,200,28,learned_mean,300,0.00014121826033576738,2.447347947403784e-05,-0.000981695114541417,0.09327399848848109
4,0.2,200,28,learned_occupancy,300,0.00011551001181990384,9.958891171020349e-06,-0.0014116111678400122,0.07629382094268239
4,0.2,200,28,oracle_no_cov,300,3.129035995231742e-05,2.6478018590235767e-06,-0.00012046232466124129,0.02066713596355835
4,0.2,200,28,oracle_tail,300,2.9894575303777865e-05,2.606126771950667e-06,-0.00011034516399365369,0.019745226750907126
4,0.2,200,28,tis,300,0.00019486073349225905,3.5685025693982194e-05,-0.0002207146155180976,0.12870460036829856
4,0.2,200,28,tis_no_cov,300,0.0001950764115123355,3.614532639377521e-05,-0.0003718649807589247,0.12884705468880056
4,0.2,200,28,uniform,300,0.0015140152949828477,0.00015276672715706693,0.0006799262842609187,1.0
4,0.2,200,29,learned_mean,300,0.00025110533005453974,3.8756380453950685e-05,-0.0005152111366507884,0.14955140514915818
4,0.2,200,29,learned_occupancy,300,0.00015905427681069215,1.26036477295241e-05,0.0005273959408861601,0.09472833805182758
4,0.2,200,29,oracle_no_cov,300,5.3275978387793316e-05,4.7412587155943114e-06,0.00016474146887784127,0.0317297025390108
4,0.2,200,29,oracle_tail,300,4.895858734576349e-05,4.076041644029545e-06,0.00036230015251168755,0.029158383575874056
4,0.2,200,29,tis,300,0.0007732109744443657,9.654074578036846e-05,0.004313791849458394,0.46050311906875496
4,0.2,200,29,tis_no_cov,300,0.0007880461118605982,9.617978505124904e-05,0.004041264571559781,0.469338517527627
4,0.2,200,29,uniform,300,0.001679056975787654,0.00011058022265108461,0.0030870009577312237,1.0
4,0.2,200,30,learned_mean,300,6.335000848818586e-05,1.4697351663734408e-05,0.0015955841924216688,0.07550268857588643
4,0.2,200,30,learned_occupancy,300,1.1298370852822583e-05,1.1987205465396896e-06,0.0008042933919637389,0.013465781556676864
4,0.2,200,30,oracle_no_cov,300,6.741025775052666e-06,6.670632314229845e-07,0.00048524857267014684,0.008034183134651702
4,0.2,200,30,oracle_tail,300,7.257348525380672e-06,7.165742437167871e-07,0.0005645119616997825,0.008649554099123326
4,0.2,200,30,tis,300,0.004731163996001836,0.0019527726023251038,0.02029623112209801,5.638761703689276
4,0.2,200,30,tis_no_cov,300,0.004729300857624775,0.001952426745620488,0.02029426550176238,5.6365411521848
4,0.2,200,30,uniform,300,0.0008390430815521738,0.00011439333921522092,0.013743718282480553,1.0
4,0.2,200,31,learned_mean,300,0.00014861850754446703,5.7433640601842904e-05,0.000526165465350233,0.15302032743974048
4,0.2,200,31,learned_occupancy,300,0.00010152445750691939,1.2370756837505517e-05,-0.0004285711198719559,0.10453143412305241
4,0.2,200,31,oracle_no_cov,300,1.9940165363176384e-05,1.5688335655473478e-06,-0.00039876922957259606,0.020530758136989635
4,0.2,200,31,oracle_tail,300,1.7810153569566437e-05,1.4350377701679573e-06,-0.0003348813127308366,0.01833765912466654
4,0.2,200,31,tis,300,0.00012958417996188182,4.9848860666589566e-05,0.00044532728952620095,0.13342223641187165
4,0.2,200,31,tis_no_cov,300,0.00013481992255162323,5.103321228608235e-05,0.0006598687923546424,0.13881305252696896
4,0.2,200,31,uniform,300,0.0009712337571816602,7.894878243491549e-05,-0.0010856758075742158,1.0
4,0.2,200,32,learned_mean,300,0.0003471506691543024,5.659121371991092e-05,0.0009457476031311673,0.17259224521393604
4,0.2,200,32,learned_occupancy,300,0.0001410594269389785,1.2671764825320282e-05,0.000786329005739965,0.07013024996696235
4,0.2,200,32,oracle_no_cov,300,4.810965200508168e-05,4.34845653824539e-06,0.000646994399351135,0.02391858519600748
4,0.2,200,32,oracle_tail,300,4.3319733245672726e-05,3.7618745127571134e-06,0.0005960794139039331,0.02153719029594094
4,0.2,200,32,tis,300,0.0006357573545716338,0.0001052691858803893,-0.0002493932137984565,0.31607828815107103
4,0.2,200,32,tis_no_cov,300,0.0006435724517078048,0.00010527437416202464,3.4408036384820375e-05,0.31996370529453394
4,0.2,200,32,uniform,300,0.0020113920455927387,0.00013471974710929684,0.0006647016529061953,1.0
4,0.2,200,33,learned_mean,300,0.0005987288414957361,5.112123397595299e-05,-0.0011686284602451698,0.06596916364542786
4,0.2,200,33,learned_occupancy,300,0.0005946304541874787,4.696415373854637e-05,-0.0018976196715099066,0.06551759498148084
4,0.2,200,33,oracle_no_cov,300,0.0001414715269007827,1.1135355024535379e-05,0.000323143549691296,0.015587621077299893
4,0.2,200,33,oracle_tail,300,0.0001335627205452007,1.0684801838587647e-05,-0.00045936208940428085,0.01471621267912086
4,0.2,200,33,tis,300,0.0005663088323137373,5.2424777579408046e-05,-0.0006491497196798158,0.06239706097910127
4,0.2,200,33,tis_no_cov,300,0.0005708431888913974,5.313689175362944e-05,-0.0007377000876065676,0.06289666562542348
4,0.2,200,33,uniform,300,0.009075889527928437,0.0010023144327443738,0.020573367739605723,1.0
4,0.2,200,34,learned_mean,300,0.0,0.0,0.0,0.0
4,0.2,200,34,learned_occupancy,300,0.0,0.0,0.0,0.0
4,0.2,200,34,oracle_no_cov,300,0.0,0.0,0.0,0.0
4,0.2,200,34,oracle_tail,300,0.0,0.0,0.0,0.0
4,0.2,200,34,tis,300,0.0,0.0,0.0,0.0
4,0.2,200,34,tis_no_cov,300,0.0,0.0,0.0,0.0
4,0.2,200,34,uniform,300,0.0,0.0,0.0,0.0
4,0.2,200,35,learned_mean,300,0.0,0.0,0.0,0.0
4,0.2,200,35,learned_occupancy,300,0.0,0.0,0.0,0.0
4,0.2,200,35,oracle_no_cov,300,0.0,0.0,0.0,0.0
4,0.2,200,35,oracle_tail,300,0.0,0.0,0.0,0.0
4,0.2,200,35,tis,300,0.0,0.0,0.0,0.0
4,0.2,200,35,tis_no_cov,300,0.0,0.0,0.0,0.0
4,0.2,200,35,uniform,300,0.0,0.0,0.0,0.0
4,0.2,200,36,learned_mean,300,5.653037629773566e-05,4.441149807940086e-06,0.0005690179545294871,0.0219316683144294
4,0.2,200,36,learned_occupancy,300,0.00011048708670780408,1.0792299276556388e-05,-0.0007704865619681866,0.042864850676754135
4,0.2,200,36,oracle_no_cov,300,4.979856524743422e-05,4.049691400088953e-06,0.00018585577145884712,0.019319977807841785
4,0.2,200,36,oracle_tail,300,4.9329762880527374e-05,3.936660707420807e-06,-1.3832908520402162e-05,0.019138100051326087
4,0.2,200,36,tis,300,5.694832700957118e-05,4.4916277473256514e-06,0.0005856971329570208,0.02209381753373547
4,0.2,200,36,tis_no_cov,300,5.914295489931281e-05,4.888151712633476e-06,0.0005272565693212809,0.02294525094181872
4,0.2,200,36,uniform,300,0.0025775684497536784,0.00020696977575581935,0.002188452145762169,1.0
4,0.2,200,37,learned_mean,300,0.01567700192020885,0.004473626589331531,-0.005441980467037395,2.94907279044263
4,0.2,200,37,learned_occupancy,300,0.00031910352821027825,2.5272148066705115e-05,-0.0006248407602572452,0.06002802941333294
4,0.2,200,37,oracle_no_cov,300,0.00015257716660730303,1.2101962863263601e-05,-0.0008211430952317237,0.028701991157148166
4,0.2,200,37,oracle_tail,300,0.00014717617484801834,1.1515736862558549e-05,-0.0006393851375410087,0.027685985806139114
4,0.2,200,37,tis,300,0.015821464826007308,0.00445816855014207,-0.006421517998753982,2.976248370753641
4,0.2,200,37,tis_no_cov,300,0.015566913976165721,0.004458691077076528,-0.006901262554790913,2.9283636419724206
4,0.2,200,37,uniform,300,0.005315908773433791,0.0004619675807117515,0.0029385942803875765,1.0
4,0.2,200,38,learned_mean,300,0.004127680353937179,0.0011450881837331234,0.0030879973400185106,0.6110266939599895
4,0.2,200,38,learned_occupancy,300,0.0007350647207807458,6.0840434901035974e-05,-0.004095245682532612,0.10881272958960272
4,0.2,200,38,oracle_no_cov,300,0.0001822835470276047,1.503505241513499e-05,-0.002335779901813324,0.026983705992964766
4,0.2,200,38,oracle_tail,300,0.0001691389417744444,1.3758057566935698e-05,-0.0017231752337281676,0.025037890425248475
4,0.2,200,38,tis,300,0.004077028725484328,0.0011426228989444562,0.002141399512266577,0.6035286576724378
4,0.2,200,38,tis_no_cov,300,0.00405226873534288,0.0011424803393727924,0.002536897369087217,0.5998633993139072
4,0.2,200,38,uniform,300,0.0067553191942993284,0.0006037866659236951,-0.003477904543999683,1.0
4,0.2,200,39,learned_mean,300,0.00043605911221099406,4.5108845573960984e-05,-0.0004391736985707125,0.09091869541628204
4,0.2,200,39,learned_occupancy,300,0.0005015464314477048,4.414081839675489e-05,0.0003091612239598644,0.10457285712184086
4,0.2,200,39,oracle_no_cov,300,0.0001287189742158732,1.0064851047384656e-05,0.00033630680823238724,0.026838015496776446
4,0.2,200,39,oracle_tail,300,0.00012984521801297704,9.136562287876513e-06,0.0005536110611578904,0.02707283828544418
4,0.2,200,39,tis,300,0.001394368867676194,0.00030174953186764083,0.0007380616537496306,0.2907270937084701
4,0.2,200,39,tis_no_cov,300,0.001354648428394185,0.00028978038830285185,0.00039690522750569573,0.2824453483676355
4,0.2,200,39,uniform,300,0.004796143523776332,0.0004407522141799764,0.011527963433173046,1.0
4,0.2,200,40,learned_mean,300,0.00027306259281539077,2.3195847471751535e-05,-0.0004121331453489822,0.1727280936430817
4,0.2,200,40,learned_occupancy,300,0.00021806353032757756,1.9761232479137946e-05,-0.0003860371133899617,0.1379379632274547
4,0.2,200,40,oracle_no_cov,300,0.000118008225917347,9.229843032890154e-06,-0.0006015993180238081,0.07464711913391228
4,0.2,200,40,oracle_tail,300,0.00012356489090915767,9.919354041226763e-06,-0.00040694013355407823,0.07816203540696472
4,0.2,200,40,tis,300,0.00027171753234773034,2.2287675425901893e-05,0.0005997802016936952,0.17187726406581064
4,0.2,200,40,tis_no_cov,300,0.0002666408742610972,2.265464336944249e-05,0.0007336613721849039,0.16866598029258903
4,0.2,200,40,uniform,300,0.001580881181839685,0.0001415887327534942,0.006247645036060215,1.0
4,0.2,200,41,learned_mean,300,0.014029481938977044,0.001552187237383007,0.014435582832105928,1.1367419564509724
4,0.2,200,41,learned_occupancy,300,0.001246678574028131,9.360701833897876e-05,0.0010822455894787127,0.10101241424810427
4,0.2,200,41,oracle_no_cov,300,0.0006803574348494387,5.3022451522334904e-05,-0.00170094509952178,0.05512611548599403
4,0.2,200,41,oracle_tail,300,0.00060889939540086,4.956250756701261e-05,-0.00047538811593898463,0.049336211630652466
4,0.2,200,41,tis,300,0.015123839690618623,0.0015955589225586505,0.015135850349187118,1.2254125415138621
4,0.2,200,41,tis_no_cov,300,0.015126269211590847,0.001595810516074789,0.01580638498417595,1.2256093940017312
4,0.2,200,41,uniform,300,0.012341835241815615,0.0009124178001537503,-0.00684699964768943,1.0
4,0.2,200,42,learned_mean,300,0.0013239449523061784,0.000835255463079543,0.0002444865512928033,1.1538769259657475
4,0.2,200,42,learned_occupancy,300,0.00019006160942345896,2.2398245515738685e-05,-0.0007557223197717767,0.16564714812623552
4,0.2,200,42,oracle_no_cov,300,6.204117278924714e-05,5.73581983444146e-06,0.00022864803672993262,0.05407164219076285
4,0.2,200,42,oracle_tail,300,5.5249479733840874e-05,4.190493013177546e-06,0.00029706456074871654,0.048152379542248484
4,0.2,200,42,tis,300,0.0015973844514700283,0.0008631393131167779,-0.0004612681394629818,1.3921916143394601
4,0.2,200,42,tis_no_cov,300,0.0015868100905990581,0.0008613462467183764,-0.00042203085573240263,1.3829755884053048
4,0.2,200,42,uniform,300,0.0011473883587697978,8.774743393363962e-05,-0.00013759843737276345,1.0
4,0.2,200,43,learned_mean,300,0.0001409353956828944,1.822506728092647e-05,-0.0001928305490138038,0.12955384724509608
4,0.2,200,43,learned_occupancy,300,0.00014508155781768218,1.6943677299235113e-05,-3.134055539150138e-06,0.13336517692037717
4,0.2,200,43,oracle_no_cov,300,2.898524878530606e-05,2.2129533756539893e-06,0.0006335054645185626,0.02664448114894971
4,0.2,200,43,oracle_tail,300,2.8267203134531167e-05,2.1553539642233795e-06,0.00045624139519635657,0.025984422856958928
4,0.2,200,43,tis,300,0.00027086381440959736,4.260080009341309e-05,0.0023080112017442407,0.24898961021261848
4,0.2,200,43,tis_no_cov,300,0.00030069739560723994,4.612266378521263e-05,0.0028724505032170266,0.2764139148205962
4,0.2,200,43,uniform,300,0.0010878518753384928,8.611509987623983e-05,0.0051180495290035774,1.0
4,0.2,200,44,learned_mean,300,0.0,0.0,0.0,0.0
4,0.2,200,44,learned_occupancy,300,0.0,0.0,0.0,0.0
4,0.2,200,44,oracle_no_cov,300,0.0,0.0,0.0,0.0
4,0.2,200,44,oracle_tail,300,0.0,0.0,0.0,0.0
4,0.2,200,44,tis,300,0.0,0.0,0.0,0.0
4,0.2,200,44,tis_no_cov,300,0.0,0.0,0.0,0.0
4,0.2,200,44,uniform,300,0.0,0.0,0.0,0.0
4,0.2,200,45,learned_mean,300,0.000620624219790871,5.62930168528003e-05,-0.0006860790612138131,0.03902435840671127
4,0.2,200,45,learned_occupancy,300,0.0012337100429030692,9.987168725542213e-05,-5.5244883121337385e-05,0.07757470841281643
4,0.2,200,45,oracle_no_cov,300,0.0003687913866968391,3.248239442863022e-05,-0.00023440597291078243,0.023189309718874743
4,0.2,200,45,oracle_tail,300,0.00035505396831679483,2.8572857467038386e-05,-0.0004646129920340669,0.022325511753293517
4,0.2,200,45,tis,300,0.002049506340750202,0.00031316551314738235,0.004223608729376705,0.1288713321971449
4,0.2,200,45,tis_no_cov,300,0.002106559828790577,0.00033569785555740095,0.004575753056421497,0.13245881024689107
4,0.2,200,45,uniform,300,0.015903508606669066,0.0012315285346083766,0.0072046030323014935,1.0
4,0.2,200,46,learned_mean,300,0.053002816129655274,0.008204690769635727,-0.013633664151769143,4.1623125066804185
4,0.2,200,46,learned_occupancy,300,0.0007049038408056535,5.9386733946572704e-05,0.0007076331384789765,0.055356116652655246
4,0.2,200,46,oracle_no_cov,300,0.0004189330066412371,3.2492758443754706e-05,0.0023742587660496137,0.032898819729475254
4,0.2,200,46,oracle_tail,300,0.00042264165076216396,3.2274887943220073e-05,0.0018741776002093916,0.03319005964717321
4,0.2,200,46,tis,300,0.057483038218599784,0.008689781863390663,-0.013996649614039267,4.514144461946771
4,0.2,200,46,tis_no_cov,300,0.05767765183424395,0.00873098670954366,-0.014381336990050416,4.529427474162283
4,0.2,200,46,uniform,300,0.012733982862792483,0.0010439457012803432,0.0010776209433160577,1.0
4,0.2,200,47,learned_mean,300,0.015209820054815784,0.003349029578024663,0.0041487148942208904,1.0208323483767445
4,0.2,200,47,learned_occupancy,300,0.0014025916855437536,0.00012393881311872738,0.0016440219262505288,0.09413727177620235
4,0.2,200,47,oracle_no_cov,300,0.000362643272463061,2.621337711784171e-05,-0.00022298978696685696,0.024339405865244332
4,0.2,200,47,oracle_tail,300,0.0003439661741748296,2.645782605218756e-05,-0.00037477444380431917,0.023085861376373026
4,0.2,200,47,tis,300,0.015607397737961598,0.0033834401496536165,0.004395356978998876,1.0475164352683195
4,0.2,200,47,tis_no_cov,300,0.01561854955722759,0.0033807816550044966,0.004975064391286821,1.0482649081502438
4,0.2,200,47,uniform,300,0.014899429939697117,0.0011773932007585182,0.014052483174144623,1.0
4,0.2,200,48,learned_mean,300,0.016172132222007113,0.0035669775105444143,-0.005501097862711255,2.8486442965806296
4,0.2,200,48,learned_occupancy,300,0.0007634748739790358,7.695708033714849e-05,-0.0031565521939487385,0.13448247364583282
4,0.2,200,48,oracle_no_cov,300,0.0002038171183086203,1.703100706985744e-05,-0.00013348170023680012,0.03590141755242788
4,0.2,200,48,oracle_tail,300,0.00019878943880242842,1.6945591164538557e-05,0.00030458349620950733,0.035015815681645544
4,0.2,200,48,tis,300,0.016066861469475516,0.0035826401427073297,-0.0059280504757564184,2.8301013534065804
4,0.2,200,48,tis_no_cov,300,0.016077210456548773,0.0035904256698589456,-0.005234093482291466,2.831924278336758
4,0.2,200,48,uniform,300,0.005677132887886119,0.0004444637884268647,0.000872454001803189,1.0
4,0.2,200,49,learned_mean,300,0.005212482515640301,0.0007351501501364433,0.0013779660280626323,1.0835294821085755
4,0.2,200,49,learned_occupancy,300,0.00040797290163703553,3.2645746737374324e-05,-0.0012524221214294255,0.08480616779024504
4,0.2,200,49,oracle_no_cov,300,0.0002498126636171681,1.9043018375059172e-05,-0.0010736053627880763,0.05192907318558625
4,0.2,200,49,oracle_tail,300,0.00025447410680768404,1.960385706023105e-05,-0.0006450162846924767,0.05289805698763126
4,0.2,200,49,tis,300,0.0054047853143258115,0.0007708949375185932,0.0010094586291336622,1.1235038611578154
4,0.2,200,49,tis_no_cov,300,0.005397465650104539,0.0007734964461075616,0.0010905705127182053,1.1219823074721988
4,0.2,200,49,uniform,300,0.0048106513036421305,0.0003909610736474797,0.0017573947174533593,1.0
4,0.2,400,0,learned_mean,300,2.321093394173594e-05,1.8870670466744193e-06,0.00042804761776810217,0.03898025623972014
4,0.2,400,0,learned_occupancy,300,2.714654876628602e-05,2.343949667073593e-06,0.0001904709041722315,0.04558969620051173
4,0.2,400,0,oracle_no_cov,300,1.4905992936775093e-05,1.1873752385180513e-06,4.824058749204478e-05,0.025033004946783965
4,0.2,400,0,oracle_tail,300,1.3860758486890874e-05,1.1678990990401086e-06,-2.0572111232384965e-05,0.02327764659759629
4,0.2,400,0,tis,300,2.5630042699409974e-05,2.2235098800806877e-06,0.0005392234194224144,0.043042888078774544
4,0.2,400,0,tis_no_cov,300,2.3182206180809387e-05,2.160683822750695e-06,0.0005517865963079934,0.03893201106850379
4,0.2,400,0,uniform,300,0.0005954536008946098,5.5040774653002865e-05,0.005015300461021855,1.0
4,0.2,400,1,learned_mean,300,0.0,0.0,0.0,0.0
4,0.2,400,1,learned_occupancy,300,0.0,0.0,0.0,0.0
4,0.2,400,1,oracle_no_cov,300,0.0,0.0,0.0,0.0
4,0.2,400,1,oracle_tail,300,0.0,0.0,0.0,0.0
4,0.2,400,1,tis,300,0.0,0.0,0.0,0.0
4,0.2,400,1,tis_no_cov,300,0.0,0.0,0.0,0.0
4,0.2,400,1,uniform,300,0.0,0.0,0.0,0.0
4,0.2,400,2,learned_mean,300,0.00498263443446058,0.000616780947517365,0.004157900545904769,1.8638438273593216
4,0.2,400,2,learned_occupancy,300,0.00021101136281463436,2.2859125556133537e-05,0.0002457425741799568,0.07893258701956375
4,0.2,400,2,oracle_no_cov,300,0.000122218008777447,9.876818626467808e-06,0.00027496772691557145,0.045717839477953416
4,0.2,400,2,oracle_tail,300,0.00010459457884950172,7.43329642266321e-06,0.0006472573175756727,0.03912547924760543
4,0.2,400,2,tis,300,0.005195682354514777,0.0006096867566419376,0.004825661353989447,1.9435382251619062
4,0.2,400,2,tis_no_cov,300,0.005166870968467594,0.0006039798454461196,0.004830783431802954,1.9327608091688098
4,0.2,400,2,uniform,300,0.002673311122595467,0.00021758730516978965,0.0072001574715217604,1.0
4,0.2,400,3,learned_mean,300,0.009834812314639261,0.001465359421016934,-0.003378904961154654,5.88929210881773
4,0.2,400,3,learned_occupancy,300,0.00014792765303364407,1.4560072576346911e-05,-0.0007237851428445078,0.08858218457206239
4,0.2,400,3,oracle_no_cov,300,8.160329337794085e-05,6.494534917089777e-06,0.00021099025495799524,0.04886576544311745
4,0.2,400,3,oracle_tail,300,8.202925770185811e-05,6.256477508963131e-06,0.00019596713142185104,0.049120841823959996
4,0.2,400,3,tis,300,0.011552608051687566,0.001528120011431366,-0.005263822228848598,6.917944263541681
4,0.2,400,3,tis_no_cov,300,0.011622020144300464,0.0015111820235002734,-0.005808671576361387,6.959509681996406
4,0.2,400,3,uniform,300,0.001669948124990117,0.00013116532901542917,0.0016185111911441415,1.0
4,0.2,400,4,learned_mean,300,0.0,0.0,0.0,0.0
4,0.2,400,4,learned_occupancy,300,0.0,0.0,0.0,0.0
4,0.2,400,4,oracle_no_cov,300,0.0,0.0,0.0,0.0
4,0.2,400,4,oracle_tail,300,0.0,0.0,0.0,0.0
4,0.2,400,4,tis,300,0.0,0.0,0.0,0.0
4,0.2,400,4,tis_no_cov,300,0.0,0.0,0.0,0.0
4,0.2,400,4,uniform,300,0.0,0.0,0.0,0.0
4,0.2,400,5,learned_mean,300,1.9114404858758938e-05,1.1018289013161851e-05,0.000772449709407968,0.21827980325759977
4,0.2,400,5,learned_occupancy,300,3.7099778572146273e-07,8.622867164050651e-08,0.0001911376914746778,0.004236664665977155
4,0.2,400,5,oracle_no_cov,300,8.75683621365617e-05,1.7613457094089405e-05,0.003948800367220044,1.0
4,0.2,400,5,oracle_tail,300,8.75683621365617e-05,1.7613457094089405e-05,0.003948800367220044,1.0
4,0.2,400,5,tis,300,3.936229419370249e-05,1.0063491420237946e-05,0.0021321739526732573,0.4495036019095288
4,0.2,400,5,tis_no_cov,300,3.940940704537919e-05,1.0062929135236378e-05,0.002151865549843902,0.45004161416106814
4,0.2,400,5,uniform,300,8.75683621365617e-05,1.7613457094089405e-05,0.003948800367220044,1.0
4,0.2,400,6,learned_mean,300,0.012221668085344178,0.0021895038329343823,0.005760784854130592,0.7801225127063975
4,0.2,400,6,learned_occupancy,300,0.0009191419423178832,7.215593783660486e-05,-0.0029105823526964633,0.058669840857052936
4,0.2,400,6,oracle_no_cov,300,0.0005077540822594143,4.5995499994222494e-05,-0.001573208367344036,0.03241050139171654
4,0.2,400,6,oracle_tail,300,0.00048932937314258,4.409283148249193e-05,-0.0014612799370695869,0.031234431949170853
4,0.2,400,6,tis,300,0.018689768328732998,0.0033773931329787385,0.0035200877603807196,1.192988463497537
4,0.2,400,6,tis_no_cov,300,0.018415195199080477,0.0033757198954179482,0.0048234121696747664,1.1754621587140641
4,0.2,400,6,uniform,300,0.015666344562913357,0.0013974120356242219,-0.0028486269209778746,1.0
4,0.2,400,7,learned_mean,300,0.0005389397450342997,4.61698413121176e-05,-0.0014587847086102801,0.045816257491901956
4,0.2,400,7,learned_occupancy,300,0.0008013746649473483,7.63806893041609e-05,0.0002832895896385035,0.06812633199723961
4,0.2,400,7,oracle_no_cov,300,0.0002613412933042683,2.231190143597793e-05,-0.0008560338347485627,0.022217103298872474
4,0.2,400,7,oracle_tail,300,0.0002605395779672407,2.152433397283695e-05,-0.0009527375644969608,0.022148948005716047
4,0.2,400,7,tis,300,0.0006738702749387499,8.220435513217981e-05,0.0002553339736466446,0.057286949639922376
4,0.2,400,7,tis_no_cov,300,0.0006993525914726121,8.398438395050435e-05,-0.00039936118769083205,0.059453248166915
4,0.2,400,7,uniform,300,0.011763067839610371,0.0008420358527998065,0.00814549737297399,1.0
4,0.2,400,8,learned_mean,300,0.0,0.0,0.0,0.0
4,0.2,400,8,learned_occupancy,300,0.0,0.0,0.0,0.0
4,0.2,400,8,oracle_no_cov,300,0.0,0.0,0.0,0.0
4,0.2,400,8,oracle_tail,300,0.0,0.0,0.0,0.0
4,0.2,400,8,tis,300,0.0,0.0,0.0,0.0
4,0.2,400,8,tis_no_cov,300,0.0,0.0,0.0,0.0
4,0.2,400,8,uniform,300,0.0,0.0,0.0,0.0
4,0.2,400,9,learned_mean,300,6.218679180832835e-05,6.421454697267758e-06,-0.00041740014204012446,0.05570975152438222
4,0.2,400,9,learned_occupancy,300,5.544277107375051e-05,4.6571019172051615e-06,-0.0002670698637517658,0.04966815155639197
4,0.2,400,9,oracle_no_cov,300,1.6011485965911585e-05,1.5611637456627754e-06,0.00015435709401509032,0.014343816086322162
4,0.2,400,9,oracle_tail,300,1.5638148249091116e-05,1.3187666473742488e-06,0.00017764137657360918,0.014009363209208743
4,0.2,400,9,tis,300,0.00012820891100408558,4.7497596444016656e-05,0.0007150368065846095,0.11485536345505261
4,0.2,400,9,tis_no_cov,300,0.00013118637974643955,4.754932133571011e-05,0.0007290627758666357,0.11752271513833946
4,0.2,400,9,uniform,300,0.0011162640311025505,9.926201798865152e-05,0.005753428078858087,1.0
4,0.2,400,10,learned_mean,300,0.00012453426617574264,1.4507636294851549e-05,-0.001300463256570805,0.10367970672176725
4,0.2,400,10,learned_occupancy,300,6.079831087516259e-05,5.084825524543079e-06,0.00012445864405324005,0.05061700072026862
4,0.2,400,10,oracle_no_cov,300,2.1354912989012797e-05,1.6722794336449145e-06,-0.0001996877947199105,0.017778810473297442
4,0.2,400,10,oracle_tail,300,2.029811702511282e-05,1.6148631803683882e-06,-0.0002234660365729696,0.016898985996335623
4,0.2,400,10,tis,300,0.0003493643569819322,4.9156897662507974e-05,0.0010181175692824222,0.29085965801419733
4,0.2,400,10,tis_no_cov,300,0.0003495892676737656,4.9171879991569055e-05,0.000938384726161284,0.2910469050690358
4,0.2,400,10,uniform,300,0.0012011440822256594,8.479991400123314e-05,0.0015917054948439788,1.0
4,0.2,400,11,learned_mean,300,0.0,0.0,0.0,0.0
4,0.2,400,11,learned_occupancy,300,0.0,0.0,0.0,0.0
4,0.2,400,11,oracle_no_cov,300,0.0,0.0,0.0,0.0
4,0.2,400,11,oracle_tail,300,0.0,0.0,0.0,0.0
4,0.2,400,11,tis,300,0.0,0.0,0.0,0.0
4,0.2,400,11,tis_no_cov,300,0.0,0.0,0.0,0.0
4,0.2,400,11,uniform,300,0.0,0.0,0.0,0.0
4,0.2,400,12,learned_mean,300,8.593169310692517e-05,6.959909658753088e-06,0.000325154386286924,0.122377319433707
4,0.2,400,12,learned_occupancy,300,0.00011199498442549443,1.0598103509323738e-05,-0.00012122260435930196,0.1594946577737946
4,0.2,400,12,oracle_no_cov,300,5.126141454747343e-05,4.103116401770194e-06,0.0006997778543482032,0.07300257071502152
4,0.2,400,12,oracle_tail,300,4.6403268038072365e-05,4.071651403566734e-06,0.0005515921131614876,0.06608397146786191
4,0.2,400,12,tis,300,8.351252702815423e-05,9.769381410264983e-06,0.0003942211271817471,0.11893212884940696
4,0.2,400,12,tis_no_cov,300,9.179863311740786e-05,9.98021153840794e-06,0.0006557378216554073,0.1307325649293107
4,0.2,400,12,uniform,300,0.0007021864304968308,5.6753027244223964e-05,-0.00011777842459008406,1.0
4,0.2,400,13,learned_mean,300,0.0,0.0,0.0,0.0
4,0.2,400,13,learned_occupancy,300,0.0,0.0,0.0,0.0
4,0.2,400,13,oracle_no_cov,300,0.0,0.0,0.0,0.0
4,0.2,400,13,oracle_tail,300,0.0,0.0,0.0,0.0
4,0.2,400,13,tis,300,0.0,0.0,0.0,0.0
4,0.2,400,13,tis_no_cov,300,0.0,0.0,0.0,0.0
4,0.2,400,13,uniform,300,0.0,0.0,0.0,0.0
4,0.2,400,14,learned_mean,300,4.021227787684427e-05,3.778301885629627e-06,-0.00044230617802004435,0.07467494885183011
4,0.2,400,14,learned_occupancy,300,3.859069120748168e-05,2.9857416536759105e-06,8.744858838378869e-05,0.07166363220957668
4,0.2,400,14,oracle_no_cov,300,1.9086969988732378e-05,1.4121946221457568e-06,0.00014958367695169005,0.03544485870733919
4,0.2,400,14,oracle_tail,300,1.6161815135280915e-05,1.2914676513700004e-06,0.00024247910837142653,0.030012791672137638
4,0.2,400,14,tis,300,4.973354329825741e-05,7.757697375588209e-06,-6.0657260865542755e-05,0.09235611604475219
4,0.2,400,14,tis_no_cov,300,4.926006776819724e-05,7.100230904955992e-06,-0.00010421640383059335,0.09147686316835157
4,0.2,400,14,uniform,300,0.0005384975617008241,4.143744048905834e-05,0.002472685365320831,1.0
4,0.2,400,15,learned_mean,300,6.707814713576054e-05,2.0876961126130555e-05,0.0023859991895295945,0.1554891184145039
4,0.2,400,15,learned_occupancy,300,4.28594889889921e-06,1.5218963193622532e-06,0.0005382995814558531,0.009934955634816165
4,0.2,400,15,oracle_no_cov,300,0.00043140090972117526,6.446091590274105e-05,0.010031192092093414,1.0
4,0.2,400,15,oracle_tail,300,0.00043140090972117526,6.446091590274105e-05,0.010031192092093414,1.0
4,0.2,400,15,tis,300,0.0003838233048091497,6.548125616872582e-05,0.007991370784743785,0.8897137121412746
4,0.2,400,15,tis_no_cov,300,0.0003820697403403888,6.562883080014594e-05,0.007916355285362725,0.8856488981150494
4,0.2,400,15,uniform,300,0.00043140090972117526,6.446091590274105e-05,0.010031192092093414,1.0
4,0.2,400,16,learned_mean,300,0.021485232610158993,0.0032207806334743705,0.019089143747831074,0.9045779916063716
4,0.2,400,16,learned_occupancy,300,0.0014025492184642709,0.00012020480489984665,0.0029756974219694574,0.05905056641404953
4,0.2,400,16,oracle_no_cov,300,0.0008658708109526671,6.77974171936892e-05,-0.000317153303865186,0.036455164036334246
4,0.2,400,16,oracle_tail,300,0.0008480026591708748,7.026125597579131e-05,-8.08398389665177e-05,0.035702873514478366
4,0.2,400,16,tis,300,0.022976019806323928,0.003252785965483961,0.016100593016829597,0.9673435809899251
4,0.2,400,16,tis_no_cov,300,0.023415793958834783,0.0032549609648943943,0.015903991669679828,0.985859090077342
4,0.2,400,16,uniform,300,0.023751664101405997,0.0016485725054200958,-0.0007290396381966247,1.0
4,0.2,400,17,learned_mean,300,0.006461968130181803,0.002881464105460157,-0.0035101389318867794,5.348029641937488
4,0.2,400,17,learned_occupancy,300,8.075656882878708e-05,6.696959774130097e-06,0.0008750197073976122,0.06683544628768812
4,0.2,400,17,oracle_no_cov,300,4.96131637724661e-05,3.594121859466493e-06,0.0007242118126396916,0.04106065909643892
4,0.2,400,17,oracle_tail,300,4.818840859742575e-05,3.534640788778674e-06,0.0005730431273022817,0.03988150860310381
4,0.2,400,17,tis,300,0.006590253780937713,0.002888353772900852,-0.003603030666321201,5.454200927381223
4,0.2,400,17,tis_no_cov,300,0.006557971148629647,0.002888284897402635,-0.0036579671711666926,5.427483297237409
4,0.2,400,17,uniform,300,0.0012082895127411366,9.854035082002002e-05,0.0017455320531305659,1.0
4,0.2,400,18,learned_mean,300,0.002718525181514512,0.0010892413650480997,-0.0036575624793018426,0.6725110166595104
4,0.2,400,18,learned_occupancy,300,0.00028669706413473277,2.47186941331445e-05,0.000663315107588202,0.07092335777707666
4,0.2,400,18,oracle_no_cov,300,0.0001246796721912417,9.906880426870592e-06,-0.0003338145303453821,0.030843360831181933
4,0.2,400,18,oracle_tail,300,0.00012139596088898872,9.682354490271489e-06,-0.00022259871893064,0.03003103360268659
4,0.2,400,18,tis,300,0.00437587316609117,0.0013457193591002606,-0.002553753097112484,1.0825071372197381
4,0.2,400,18,tis_no_cov,300,0.004478488434706473,0.001360913562698829,-0.0029697269553223635,1.1078921875737027
4,0.2,400,18,uniform,300,0.004042350406418532,0.00032533615254932237,-0.0009681687321853453,1.0
4,0.2,400,19,learned_mean,300,0.00029133110817441076,2.97490705162803e-05,-0.003034935673174738,0.07842718428927946
4,0.2,400,19,learned_occupancy,300,0.00035361040758773616,3.137557278295035e-05,-0.0020882529127001265,0.09519295339338747
4,0.2,400,19,oracle_no_cov,300,0.00010198532869285858,1.0051984646911213e-05,-0.0011982542858145185,0.027454748029891667
4,0.2,400,19,oracle_tail,300,0.00010228684736732902,9.432740055855946e-06,-0.0012283166742789965,0.027535917736750418
4,0.2,400,19,tis,300,0.00025991594922619937,2.8359700721524463e-05,-0.002466585369579725,0.06997013184559267
4,0.2,400,19,tis_no_cov,300,0.00026690772789905476,2.8454905633997766e-05,-0.0026251733394366274,0.07185233906308489
4,0.2,400,19,uniform,300,0.003714669993759218,0.0002889574886015615,-0.00566215399138394,1.0
4,0.2,400,20,learned_mean,300,0.0003166336909799513,3.0465120532984964e-05,-0.001776659631512459,0.07342224902200498
4,0.2,400,20,learned_occupancy,300,0.00037922214926973397,3.5754723231293596e-05,-0.0012418873564863109,0.08793550361671823
4,0.2,400,20,oracle_no_cov,300,0.00013433236672540878,1.2647468880401008e-05,-0.00029672288065734595,0.03114951049871937
4,0.2,400,20,oracle_tail,300,0.00012247013787127937,1.0907539423172785e-05,-0.0006708723259858066,0.02839885083837688
4,0.2,400,20,tis,300,0.000331616174730601,3.127003094946752e-05,-0.00039745286070586396,0.07689644549649827
4,0.2,400,20,tis_no_cov,300,0.00036165197286123493,3.1147625684392276e-05,-0.00019808398103006016,0.08386126292668673
4,0.2,400,20,uniform,300,0.004312503296991826,0.00034528353628090883,0.007152379405477988,1.0
4,0.2,400,21,learned_mean,300,0.00013192438131663078,1.1345041743391842e-05,0.0003389570952707151,0.10973715381543948
4,0.2,400,21,learned_occupancy,300,0.00017288800039438892,1.5939116034813012e-05,0.0008169348752609706,0.14381145397671175
4,0.2,400,21,oracle_no_cov,300,3.129100178137002e-05,2.597627021732646e-06,0.0005249000799999936,0.02602843720964655
4,0.2,400,21,oracle_tail,300,2.9968762824268415e-05,2.665465147812388e-06,0.00045606652865930614,0.024928574255065207
4,0.2,400,21,tis,300,0.00013953367855019038,1.2795674750725205e-05,0.001193294714663791,0.11606670876663834
4,0.2,400,21,tis_no_cov,300,0.0001362445004849967,1.2581743179236096e-05,0.0009329139609588266,0.1133307092822047
4,0.2,400,21,uniform,300,0.0012021851918859378,0.00011748998761026812,0.008960060929910961,1.0
4,0.2,400,22,learned_mean,300,0.0,0.0,0.0,0.0
4,0.2,400,22,learned_occupancy,300,0.0,0.0,0.0,0.0
4,0.2,400,22,oracle_no_cov,300,0.0,0.0,0.0,0.0
4,0.2,400,22,oracle_tail,300,0.0,0.0,0.0,0.0
4,0.2,400,22,tis,300,0.0,0.0,0.0,0.0
4,0.2,400,22,tis_no_cov,300,0.0,0.0,0.0,0.0
4,0.2,400,22,uniform,300,0.0,0.0,0.0,0.0
4,0.2,400,23,learned_mean,300,4.045374260171696e-05,7.023699189882556e-06,-0.0006474183008291556,0.06033191508503609
4,0.2,400,23,learned_occupancy,300,3.565950526132821e-05,2.824369590417486e-06,-0.000384069048126574,0.05318188392560593
4,0.2,400,23,oracle_no_cov,300,1.2350513955800733e-05,9.971801375155877e-07,-0.00036451199532427887,0.01841931330245567
4,0.2,400,23,oracle_tail,300,1.1692931652883671e-05,8.720843096398455e-07,-0.000418235988636992,0.01743860800525702
4,0.2,400,23,tis,300,5.4632119033134926e-05,2.0920463624957384e-05,-0.0003880754550102054,0.08147726648863354
4,0.2,400,23,tis_no_cov,300,5.594977842014363e-05,2.0667928753564385e-05,-0.00038337725304003517,0.08344239775054639
4,0.2,400,23,uniform,300,0.0006705197828495678,5.286394452328596e-05,-0.0013640331390766724,1.0
4,0.2,400,24,learned_mean,300,0.0,0.0,0.0,0.0
4,0.2,400,24,learned_occupancy,300,0.0,0.0,0.0,0.0
4,0.2,400,24,oracle_no_cov,300,0.0,0.0,0.0,0.0
4,0.2,400,24,oracle_tail,300,0.0,0.0,0.0,0.0
4,0.2,400,24,tis,300,0.0,0.0,0.0,0.0
4,0.2,400,24,tis_no_cov,300,0.0,0.0,0.0,0.0
4,0.2,400,24,uniform,300,0.0,0.0,0.0,0.0
4,0.2,400,25,learned_mean,300,0.000975219810053864,0.0004798586836524035,0.0018572784007066352,3.415462594649456
4,0.2,400,25,learned_occupancy,300,2.203796248818346e-05,1.94036715374138e-06,0.0003888519519759622,0.07718243186274192
4,0.2,400,25,oracle_no_cov,300,1.1835781006609463e-05,1.0871899944856536e-06,-0.0002468675520936747,0.041451852074563936
4,0.2,400,25,oracle_tail,300,1.0670003782702028e-05,9.196182808944728e-07,-0.00015542183278160148,0.03736900996973609
4,0.2,400,25,tis,300,0.0010345501549369619,0.0004687230087509185,0.002430065764205951,3.6232522350841396
4,0.2,400,25,tis_no_cov,300,0.0010312002872667763,0.00046473201439503235,0.0025068564368243237,3.611520164420078
4,0.2,400,25,uniform,300,0.00028553081259961947,2.9910173888369686e-05,-6.864391023070126e-05,1.0
4,0.2,400,26,learned_mean,300,5.985107236206149e-05,6.866237102531631e-06,0.0015237336964043131,0.42279478319439234
4,0.2,400,26,learned_occupancy,300,5.014711644964639e-06,3.8650716384489886e-07,-6.392711486161791e-05,0.035424493480908315
4,0.2,400,26,oracle_no_cov,300,3.964316811198402e-06,2.7922588539357677e-07,1.8980491391234663e-05,0.02800438489330991
4,0.2,400,26,oracle_tail,300,3.6490505965901095e-06,2.8320658415394734e-07,-2.102611454093258e-05,0.025777308491946687
4,0.2,400,26,tis,300,6.318237626605123e-05,6.850181665414041e-06,0.0018219564206918932,0.4463274929062866
4,0.2,400,26,tis_no_cov,300,6.302716502604179e-05,6.797536130999872e-06,0.0017053656736886946,0.445231063051661
4,0.2,400,26,uniform,300,0.00014156057439938468,1.4808282850106478e-05,-0.0005460033389750674,1.0
4,0.2,400,27,learned_mean,300,0.000116204949378511,2.307627548445735e-05,-0.0007092707692767512,0.13918091373750285
4,0.2,400,27,learned_occupancy,300,4.9134472278986346e-05,4.179869943339416e-06,-0.0003627624860081128,0.05884930705941115
4,0.2,400,27,oracle_no_cov,300,1.7985760425160873e-05,1.3524300432433375e-06,-0.0001637662826683454,0.02154189286795233
4,0.2,400,27,oracle_tail,300,1.6507678995130672e-05,1.2910061008928398e-06,-0.00017281196709374039,0.019771566172658572
4,0.2,400,27,tis,300,0.00019845309736676224,4.461246832284404e-05,-0.0010836784838558074,0.23769111017444608
4,0.2,400,27,tis_no_cov,300,0.00020002859485780358,4.4763178410270815e-05,-0.0010766388858970692,0.23957811396875114
4,0.2,400,27,uniform,300,0.0008349201500262828,6.69501959675236e-05,-0.00047176612722787503,1.0
4,0.2,400,28,learned_mean,300,3.28393697766964e-05,2.7188302894782757e-06,-0.00048251632063366616,0.04405625708828639
4,0.2,400,28,learned_occupancy,300,4.371773499403167e-05,4.092914925468217e-06,-0.0005756089690339312,0.05865032688847145
4,0.2,400,28,oracle_no_cov,300,1.3866283841432189e-05,1.2823162784711565e-06,4.949501664880322e-05,0.018602566673212913
4,0.2,400,28,oracle_tail,300,1.2660669446617946e-05,1.0655015909275024e-06,2.5627644062230134e-05,0.01698515263364853
4,0.2,400,28,tis,300,4.225432186611594e-05,6.442056649427314e-06,1.9890628879873176e-05,0.05668705824390751
4,0.2,400,28,tis_no_cov,300,4.072739797985031e-05,6.451298861147379e-06,-5.1749196985044394e-05,0.054638585579998455
4,0.2,400,28,uniform,300,0.0007453962716553078,7.973367487209518e-05,-0.001327138761518185,1.0
4,0.2,400,29,learned_mean,300,9.774348304174799e-05,1.8942258884715337e-05,-0.0004132058928359241,0.10634959254028514
4,0.2,400,29,learned_occupancy,300,8.076832079831562e-05,6.275725854999325e-06,-0.0008021386451539434,0.08787980272193797
4,0.2,400,29,oracle_no_cov,300,2.9033728613339677e-05,2.2668855613772684e-06,-0.000447632068070134,0.03159008776713093
4,0.2,400,29,oracle_tail,300,2.575595895662071e-05,1.9421652419752977e-06,-0.00029886063836511936,0.028023717339303186
4,0.2,400,29,tis,300,0.00027624645573590855,3.9057450785905825e-05,-0.0002469709292776271,0.30056937909265646
4,0.2,400,29,tis_no_cov,300,0.0002807653038071356,3.9001921974194765e-05,-0.0003007391849879273,0.30548610229681306
4,0.2,400,29,uniform,300,0.0009190771746936673,5.827348142385719e-05,-0.0009725886661403451,1.0
4,0.2,400,30,learned_mean,300,3.219226725642537e-05,7.1770859059525185e-06,0.0010559611530025408,0.08811839657694331
4,0.2,400,30,learned_occupancy,300,5.1709911349288525e-06,4.785952034764292e-07,0.0002148195836643659,0.014154313639794107
4,0.2,400,30,oracle_no_cov,300,3.27728277636606e-06,2.9914237743954065e-07,5.142580873301994e-05,0.008970753786376132
4,0.2,400,30,oracle_tail,300,3.2185290647779165e-06,3.25741153857877e-07,5.549914630477974e-05,0.008809929983043113
4,0.2,400,30,tis,300,0.0013538999367971058,0.0003752554689869374,0.011732233397456118,3.705967355634874
4,0.2,400,30,tis_no_cov,300,0.00135295931421232,0.00037491820058726134,0.0117601490365589,3.703392633162077
4,0.2,400,30,uniform,300,0.0003653296985302688,6.618787642023842e-05,0.007386257525988175,1.0
4,0.2,400,31,learned_mean,300,4.062997038875414e-05,1.6787692482665614e-05,-9.239822864439066e-05,0.0910671136665042
4,0.2,400,31,learned_occupancy,300,2.4641629532146193e-05,2.03317175980609e-06,-0.0003001145133884916,0.05523120140281881
4,0.2,400,31,oracle_no_cov,300,9.078966039441704e-06,7.849878331293005e-07,-0.0002941643559860748,0.0203493929327848
4,0.2,400,31,oracle_tail,300,9.130080823741035e-06,7.799524554494301e-07,-0.000311910686209379,0.020463960475593408
4,0.2,400,31,tis,300,6.348384900017108e-05,1.8395266544241027e-05,-0.00015417451581234754,0.1422912898426812
4,0.2,400,31,tis_no_cov,300,7.087178372192421e-05,1.8779093462498653e-05,-0.00019961781641442245,0.1588504427199579
4,0.2,400,31,uniform,300,0.0004461541466829032,3.44887239966476e-05,0.0004650171833075841,1.0
4,0.2,400,32,learned_mean,300,5.6246311513012505e-05,6.84653965778902e-06,-1.6192347271141531e-06,0.057872487671064385
4,0.2,400,32,learned_occupancy,300,6.790371168372747e-05,5.430626991795975e-06,0.00013854866841301976,0.06986692303062192
4,0.2,400,32,oracle_no_cov,300,2.150717660449079e-05,1.5239783312235513e-06,-0.00020754701861431412,0.022128985517474227
4,0.2,400,32,oracle_tail,300,2.0546898376772035e-05,1.5080259272183817e-06,-0.00020895493984226965,0.021140944019293704
4,0.2,400,32,tis,300,0.0001630207442190429,3.534146488040366e-05,-0.00021703446182301783,0.167733950123319
4,0.2,400,32,tis_no_cov,300,0.00016625572359790187,3.531988066495911e-05,-0.0002537777912467176,0.1710624582367061
4,0.2,400,32,uniform,300,0.0009719007040565676,7.416617878082308e-05,-0.00313297919486943,1.0
4,0.2,400,33,learned_mean,300,0.00023632850810229765,2.4050108075890748e-05,0.0002660693040055606,0.07048456355939293
4,0.2,400,33,learned_occupancy,300,0.0002708252532042142,2.116761604399427e-05,0.0011691181526429272,0.08077315735729274
4,0.2,400,33,oracle_no_cov,300,7.030136703802858e-05,6.21993598243583e-06,0.0004109329762022299,0.020967259570560295
4,0.2,400,33,oracle_tail,300,6.335681548220114e-05,5.473442233647263e-06,0.0005660126646559423,0.01889605923396645
4,0.2,400,33,tis,300,0.00019614094624632007,2.0378184071824125e-05,-0.0010689204690395703,0.05849869363332984
4,0.2,400,33,tis_no_cov,300,0.0002153240162424019,2.2549627032769007e-05,-0.001027588834775227,0.06422001065623355
4,0.2,400,33,uniform,300,0.0033529115620210717,0.00027900784869827556,0.006121434787739277,1.0
4,0.2,400,34,learned_mean,300,0.0,0.0,0.0,0.0
4,0.2,400,34,learned_occupancy,300,0.0,0.0,0.0,0.0
4,0.2,400,34,oracle_no_cov,300,0.0,0.0,0.0,0.0
4,0.2,400,34,oracle_tail,300,0.0,0.0,0.0,0.0
4,0.2,400,34,tis,300,0.0,0.0,0.0,0.0
4,0.2,400,34,tis_no_cov,300,0.0,0.0,0.0,0.0
4,0.2,400,34,uniform,300,0.0,0.0,0.0,0.0
4,0.2,400,35,learned_mean,300,0.0,0.0,0.0,0.0
4,0.2,400,35,learned_occupancy,300,0.0,0.0,0.0,0.0
4,0.2,400,35,oracle_no_cov,300,0.0,0.0,0.0,0.0
4,0.2,400,35,oracle_tail,300,0.0,0.0,0.0,0.0
4,0.2,400,35,tis,300,0.0,0.0,0.0,0.0
4,0.2,400,35,tis_no_cov,300,0.0,0.0,0.0,0.0
4,0.2,400,35,uniform,300,0.0,0.0,0.0,0.0
4,0.2,400,36,learned_mean,300,0.00017952636972326966,0.00010822110411341616,-0.00021828400611627016,0.11788264466887619
4,0.2,400,36,learned_occupancy,300,5.592839492747677e-05,4.673883678599995e-06,2.023010747066086e-05,0.03672433813650362
4,0.2,400,36,oracle_no_cov,300,2.3876652110531013e-05,1.790389801236374e-06,0.00033903157550168336,0.015678158595679965
4,0.2,400,36,oracle_tail,300,2.2557693842914426e-05,1.649304399917443e-06,0.0003498094950210081,0.014812089231974844
4,0.2,400,36,tis,300,0.00019357900908512416,0.00010920720794903841,-0.00038195856974693263,0.12711004839294668
4,0.2,400,36,tis_no_cov,300,0.00019374871208660332,0.00010879942848394114,-0.00041080057270425886,0.12722148070594586
4,0.2,400,36,uniform,300,0.00152292451723955,0.00012156069232723688,0.005630430481916624,1.0
4,0.2,400,37,learned_mean,300,0.0018858747195002043,0.0004508258708550414,0.0032769980528508983,0.5870743629311104
4,0.2,400,37,learned_occupancy,300,0.00015563605233982056,1.1066214715498425e-05,-0.0003430248001440139,0.048449632062901836
4,0.2,400,37,oracle_no_cov,300,6.16324426290187e-05,5.3942517055575906e-06,-0.0003851240892547499,0.019186230462810677
4,0.2,400,37,oracle_tail,300,5.8074790434582404e-05,4.853697215431936e-06,-0.0002518053323089712,0.018078730386595285
4,0.2,400,37,tis,300,0.001883565222152263,0.0004499430967799581,0.002615848153924298,0.586355414492906
4,0.2,400,37,tis_no_cov,300,0.001698191418981535,0.0004456443130277989,0.003265141017748343,0.5286483959538304
4,0.2,400,37,uniform,300,0.0032123268168014014,0.00024388246238107153,0.0016140059837331606,1.0
4,0.2,400,38,learned_mean,300,0.0005179059340640148,0.00022900943534303367,0.0010450277698602147,0.14055608110591292
4,0.2,400,38,learned_occupancy,300,0.00030199421827629643,2.6677575120403702e-05,0.0008895436076201994,0.08195913783894451
4,0.2,400,38,oracle_no_cov,300,7.870629879274336e-05,6.547837313663911e-06,0.0005941602560804522,0.021360344010446643
4,0.2,400,38,oracle_tail,300,7.782858941375652e-05,5.888467488345513e-06,0.0008808956936862885,0.021122139768042565
4,0.2,400,38,tis,300,0.0004941564631153771,0.0002027353436742709,0.0009704651362033275,0.13411063928854494
4,0.2,400,38,tis_no_cov,300,0.0004937572551517331,0.00020268819126975044,0.0010946780280853437,0.13400229701396282
4,0.2,400,38,uniform,300,0.003684692472848316,0.0002799660416811426,0.0006181698788228577,1.0
4,0.2,400,39,learned_mean,300,0.00021339227466305618,1.967655066613915e-05,-0.0013601130021955036,0.09842290548681856
4,0.2,400,39,learned_occupancy,300,0.0002317871675976738,2.000434239752012e-05,-0.0015313975402350185,0.10690718080373311
4,0.2,400,39,oracle_no_cov,300,7.619466295721318e-05,5.8875751899185664e-06,-0.0002716660726044495,0.035143259626802766
4,0.2,400,39,oracle_tail,300,7.412405363586723e-05,5.5960991152144365e-06,-0.0005562927841662661,0.03418823261911587
4,0.2,400,39,tis,300,0.00023619297015082903,4.175854317016176e-05,-0.0013503831328961046,0.10893926883956984
4,0.2,400,39,tis_no_cov,300,0.00023103956391212497,4.084313844337716e-05,-0.0013991573203860237,0.10656236360263924
4,0.2,400,39,uniform,300,0.002168115984867314,0.0001511722968592912,-0.0010924024451256324,1.0
4,0.2,400,40,learned_mean,300,0.00011955390876490266,1.0468569352776046e-05,0.0006715893254940811,0.12182459009350133
4,0.2,400,40,learned_occupancy,300,0.00010163577693171854,8.330646029490494e-06,0.00010867842024920934,0.10356614009073743
4,0.2,400,40,oracle_no_cov,300,5.491700478510672e-05,4.68065426790381e-06,0.0001877203750868824,0.055960040673070206
4,0.2,400,40,oracle_tail,300,5.383180956704e-05,4.633257633825566e-06,-9.551019952295607e-05,0.05485423439723879
4,0.2,400,40,tis,300,0.0001325346646820722,1.0726455943225453e-05,0.0006757880847146517,0.13505188884976932
4,0.2,400,40,tis_no_cov,300,0.00013306328216164311,1.032261831222132e-05,0.0007735658172999231,0.13559054633433237
4,0.2,400,40,uniform,300,0.0009813610591518846,7.616925878574672e-05,0.0018963346123839948,1.0
4,0.2,400,41,learned_mean,300,0.005741103922631912,0.0006494775551442063,0.00706543734065497,0.961211869743757
4,0.2,400,41,learned_occupancy,300,0.0005361753367286124,4.076880201932283e-05,0.0001978968549417385,0.08976986044369176
4,0.2,400,41,oracle_no_cov,300,0.00034302865502704063,2.779240744688793e-05,-0.0006639442927696774,0.05743202340832596
4,0.2,400,41,oracle_tail,300,0.0003516819948309187,2.8891057748862226e-05,-0.0007529622003500173,0.05888082019802083
4,0.2,400,41,tis,300,0.006946238973611725,0.0007754817020126088,0.004106297477883933,1.1629831895555398
4,0.2,400,41,tis_no_cov,300,0.006888679178034958,0.0007834046192388876,0.0051541450015143014,1.1533461651306192
4,0.2,400,41,uniform,300,0.005972776765815838,0.0004608221864761857,0.0017434370014134985,1.0
4,0.2,400,42,learned_mean,300,0.0006227220281487618,0.0003160906563639635,-5.563156682636183e-05,1.0529732455042193
4,0.2,400,42,learned_occupancy,300,7.510070497329192e-05,5.946946458554859e-06,0.0003599753760253558,0.12698929776174692
4,0.2,400,42,oracle_no_cov,300,2.7354693199278638e-05,2.2493388822116024e-06,-2.6790519707076872e-05,0.04625460281764066
4,0.2,400,42,oracle_tail,300,2.562887081631956e-05,2.073193764602415e-06,-9.321945724106347e-06,0.04333637491882908
4,0.2,400,42,tis,300,0.000752504907429185,0.00032094140278063853,0.000609754308278007,1.2724257354266466
4,0.2,400,42,tis_no_cov,300,0.0007560901336607394,0.00032716533510201843,0.00044724223783005446,1.2784880668205263
4,0.2,400,42,uniform,300,0.0005913939701768676,5.1045509501412296e-05,-0.0031014540276577958,1.0
4,0.2,400,43,learned_mean,300,5.5042089741449236e-05,6.6672303952387436e-06,-0.0003080759935815995,0.1006860291157997
4,0.2,400,43,learned_occupancy,300,6.237912187685776e-05,6.690777027108793e-06,-0.00010708484475637215,0.11410733333370619
4,0.2,400,43,oracle_no_cov,300,1.4123342943914422e-05,1.207604954977256e-06,-0.00029639234591310906,0.025835198582450303
4,0.2,400,43,oracle_tail,300,1.41366749853831e-05,1.2734856287667598e-06,-0.00014680168750869972,0.025859586288690995
4,0.2,400,43,tis,300,0.00011269817845453968,2.44635920967266e-05,0.0016233215276130052,0.20615372945454244
4,0.2,400,43,tis_no_cov,300,0.00011483521122020564,2.468617751331918e-05,0.0017895310649985205,0.21006290776292394
4,0.2,400,43,uniform,300,0.0005466705780813438,4.625905838250254e-05,0.004865266070326551,1.0
4,0.2,400,44,learned_mean,300,0.0,0.0,0.0,0.0
4,0.2,400,44,learned_occupancy,300,0.0,0.0,0.0,0.0
4,0.2,400,44,oracle_no_cov,300,0.0,0.0,0.0,0.0
4,0.2,400,44,oracle_tail,300,0.0,0.0,0.0,0.0
4,0.2,400,44,tis,300,0.0,0.0,0.0,0.0
4,0.2,400,44,tis_no_cov,300,0.0,0.0,0.0,0.0
4,0.2,400,44,uniform,300,0.0,0.0,0.0,0.0
4,0.2,400,45,learned_mean,300,0.00025024666394843153,2.0750998967275897e-05,0.0008091337383098822,0.027545293706830676
4,0.2,400,45,learned_occupancy,300,0.0004996082773138407,4.286723352269004e-05,0.0007106725771196043,0.054993167620445746
4,0.2,400,45,oracle_no_cov,300,0.00017856850454903262,1.3477256137138385e-05,0.0009543507463506807,0.019655494410931434
4,0.2,400,45,oracle_tail,300,0.0001796234147776561,1.33701645049199e-05,0.0007021248558805541,0.019771611092062345
4,0.2,400,45,tis,300,0.0006408674079214871,0.0001255449888375872,0.004121743480488728,0.0705419233159902
4,0.2,400,45,tis_no_cov,300,0.0006470810804447703,0.00012590983577035397,0.004241061018571026,0.07122587822652267
4,0.2,400,45,uniform,300,0.009084915434623789,0.0007627798642317282,0.012197256983838537,1.0
4,0.2,400,46,learned_mean,300,0.016445260500670803,0.002840519012188318,0.003027789584519773,3.4623035073539072
4,0.2,400,46,learned_occupancy,300,0.00028131651129705937,2.5454744937831964e-05,-0.001061920226305005,0.059226981761744915
4,0.2,400,46,oracle_no_cov,300,0.00019175229626178163,1.5366405317794523e-05,-0.000596888265471612,0.04037057654776897
4,0.2,400,46,oracle_tail,300,0.00018601986627036815,1.4489390807356697e-05,-0.00010028616230853605,0.03916369919461776
4,0.2,400,46,tis,300,0.01961011122074433,0.0031991411154738024,0.0028859739797550523,4.128615466833974
4,0.2,400,46,tis_no_cov,300,0.019692313829252968,0.0032608552577881164,0.003116882753188146,4.145921995954719
4,0.2,400,46,uniform,300,0.004749803264139377,0.000396485313440508,0.006256256039597818,1.0
4,0.2,400,47,learned_mean,300,0.007224199986775033,0.004505552132831538,0.003287605491085637,1.0363499495208135
4,0.2,400,47,learned_occupancy,300,0.000594507688136985,4.673465308266253e-05,0.001369477496900254,0.0852852930038475
4,0.2,400,47,oracle_no_cov,300,0.0001592068323921251,1.328827107085104e-05,-0.0003385851097387456,0.022839067718916056
4,0.2,400,47,oracle_tail,300,0.00014631465145664555,1.2574638696098644e-05,-3.854624173678619e-05,0.02098961572614781
4,0.2,400,47,tis,300,0.007643593683774225,0.004660931994710508,0.0021429172522569344,1.0965142081944563
4,0.2,400,47,tis_no_cov,300,0.007714809626278754,0.0047178476794883005,0.0015824393701214616,1.1067305142982127
4,0.2,400,47,uniform,300,0.006970811346220793,0.0005797194069245816,-0.0010294234454264657,1.0
4,0.2,400,48,learned_mean,300,0.0039718195925834724,0.0009250547964405009,-0.0028072595435620165,1.350571081258778
4,0.2,400,48,learned_occupancy,300,0.0002830685573607168,2.6279819947787785e-05,0.0009933035547076009,0.09625417234430723
4,0.2,400,48,oracle_no_cov,300,0.00010047633998961787,8.2281078839093e-06,0.0008937990026315375,0.0341658114064633
4,0.2,400,48,oracle_tail,300,9.629020029486975e-05,8.450474190170423e-06,0.000611849824460912,0.03274236326586967
4,0.2,400,48,tis,300,0.003982256510387626,0.0009391560165150958,-0.0025962166186802153,1.3541200338320736
4,0.2,400,48,tis_no_cov,300,0.003958172785383172,0.0009399571182410164,-0.002541029755479453,1.3459306431103142
4,0.2,400,48,uniform,300,0.0029408445417634754,0.0002518266506470501,-0.0015418510416539248,1.0
4,0.2,400,49,learned_mean,300,0.0010979572500942677,0.0002247181843015878,0.0022937370333821726,0.4415145737944009
4,0.2,400,49,learned_occupancy,300,0.00021492177527475582,1.6819843052286695e-05,-0.0005104928677718842,0.08642512811989969
4,0.2,400,49,oracle_no_cov,300,0.00014774444239370056,1.1339061278456267e-05,0.00037185597398137947,0.05941153401769106
4,0.2,400,49,oracle_tail,300,0.00014588388951113437,1.1406716101151283e-05,7.781162813559413e-05,0.05866336170688604
4,0.2,400,49,tis,300,0.0013060518977397375,0.00024963715320202765,0.0037355196869488945,0.5251943524526295
4,0.2,400,49,tis_no_cov,300,0.0013006206580751022,0.00024755858599218744,0.0038847939663173912,0.5230103225502805
4,0.2,400,49,uniform,300,0.0024867973001623973,0.00020054342866567294,-0.00011712754819340828,1.0
6,0.1,50,0,learned_mean,300,0.0022147424026412337,0.0004721249049251557,0.0023202236407183093,0.09789214826576395
6,0.1,50,0,learned_occupancy,300,0.0023797257708563766,0.00018847721078610305,0.0015576260377095415,0.10518445292541251
6,0.1,50,0,oracle_no_cov,300,0.0006248688176630057,5.67426054705236e-05,-0.00030173104149409696,0.027619352423275234
6,0.1,50,0,oracle_tail,300,0.0005698925015590455,5.070256362271298e-05,2.789446124653594e-05,0.025189385994341437
6,0.1,50,0,tis,300,0.0025311233214731685,0.0003439759427631307,0.0021111317735887495,0.11187626117109284
6,0.1,50,0,tis_no_cov,300,0.0024809210032591122,0.00033007609779082383,0.0012727224766939617,0.10965730660010767
6,0.1,50,0,uniform,300,0.022624310957284413,0.0023505876137146155,0.017176803101484037,1.0
6,0.1,50,1,learned_mean,300,0.00042271966212047596,0.0002982800820846885,0.0017113598220172969,422719662120.47595
6,0.1,50,1,learned_occupancy,300,0.0,0.0,0.0,0.0
6,0.1,50,1,oracle_no_cov,300,0.0,0.0,0.0,0.0
6,0.1,50,1,oracle_tail,300,0.0,0.0,0.0,0.0
6,0.1,50,1,tis,300,0.0,0.0,0.0,0.0
6,0.1,50,1,tis_no_cov,300,0.0,0.0,0.0,0.0
6,0.1,50,1,uniform,300,0.0,0.0,0.0,0.0
6,0.1,50,2,learned_mean,300,0.13765675201536087,0.013246017577510857,0.10848063284632746,0.8676567817910853
6,0.1,50,2,learned_occupancy,300,0.030297565558285687,0.0035114367511551053,0.023281816226719067,0.1909669365544319
6,0.1,50,2,oracle_no_cov,300,0.00874990802820706,0.0006337996433529015,0.006286384635114108,0.05515106908722465
6,0.1,50,2,oracle_tail,300,0.008375198660983591,0.0006221991462144332,0.002987315183342852,0.05278925886787696
6,0.1,50,2,tis,300,0.14081598438023452,0.013420452016536036,0.10596709851150513,0.8875695673719235
6,0.1,50,2,tis_no_cov,300,0.14144811064603272,0.01337105745179292,0.10824958145944559,0.8915538880350093
6,0.1,50,2,uniform,300,0.15865346171927452,0.012225103020820027,0.06396242331575606,1.0
6,0.1,50,3,learned_mean,300,0.2537500265403505,0.034873214077863784,0.21651536181616854,1.436195152712276
6,0.1,50,3,learned_occupancy,300,0.022405875172355712,0.002273207693233418,0.01794351325105628,0.12681460472555486
6,0.1,50,3,oracle_no_cov,300,0.010073777588346438,0.0008042205020130203,0.008150020518903052,0.05701639026068861
6,0.1,50,3,oracle_tail,300,0.009733984007656524,0.0008120478464567887,0.010566683755239765,0.05509319876328003
6,0.1,50,3,tis,300,0.26377497888900636,0.03491091384711482,0.2385724647407367,1.4929351978882777
6,0.1,50,3,tis_no_cov,300,0.26234455177079574,0.03382840936598863,0.2405465229324371,1.4848391494996656
6,0.1,50,3,uniform,300,0.17668213547521017,0.010069891759663049,0.08440476421157662,1.0
6,0.1,50,4,learned_mean,300,0.0,0.0,0.0,0.0
6,0.1,50,4,learned_occupancy,300,0.0,0.0,0.0,0.0
6,0.1,50,4,oracle_no_cov,300,0.0,0.0,0.0,0.0
6,0.1,50,4,oracle_tail,300,0.0,0.0,0.0,0.0
6,0.1,50,4,tis,300,0.0,0.0,0.0,0.0
6,0.1,50,4,tis_no_cov,300,0.0,0.0,0.0,0.0
6,0.1,50,4,uniform,300,0.0,0.0,0.0,0.0
6,0.1,50,5,learned_mean,300,0.00023083480017162603,0.00013536126434734875,0.0017267470865809658,1.324221823850736
6,0.1,50,5,learned_occupancy,300,2.264361737830386e-07,2.260584651401287e-07,2.7473391598844544e-05,0.0012989883796109484
6,0.1,50,5,oracle_no_cov,300,0.00017431732056822328,8.82407798988184e-05,0.0020961341753481435,1.0
6,0.1,50,5,oracle_tail,300,0.00017431732056822328,8.82407798988184e-05,0.0020961341753481435,1.0
6,0.1,50,5,tis,300,0.0005514635907811644,0.00020569585479020036,0.00475317406001081,3.1635616528727897
6,0.1,50,5,tis_no_cov,300,0.000551463082869439,0.00020569585932793857,0.004752496038042335,3.163558739153581
6,0.1,50,5,uniform,300,0.00017431732056822328,8.82407798988184e-05,0.0020961341753481435,1.0
6,0.1,50,6,learned_mean,300,0.6665287707931822,0.03771888799446698,0.5128097208466978,0.5537777489852437
6,0.1,50,6,learned_occupancy,300,0.1274154537786117,0.01243032184809865,0.10285261198881371,0.10586166159862141
6,0.1,50,6,oracle_no_cov,300,0.042195139095937,0.00401268707932903,0.042470302419971545,0.035057345114840856
6,0.1,50,6,oracle_tail,300,0.043688613436637096,0.004376548014449764,0.03725511894226348,0.03629818106191619
6,0.1,50,6,tis,300,1.1094233521704584,0.046528801109478754,0.7052999222011784,0.9217516085697288
6,0.1,50,6,tis_no_cov,300,1.0971126575421957,0.04601879204011034,0.700283931609822,0.9115234097905954
6,0.1,50,6,uniform,300,1.2036033806243502,0.09732569517200007,0.425935154886413,1.0
6,0.1,50,7,learned_mean,300,0.006526317443994176,0.0005442616400889482,-0.015905871980320212,0.09546507361487956
6,0.1,50,7,learned_occupancy,300,0.008573238803472407,0.0010716136726511309,-0.0018756980893729505,0.12540684398436774
6,0.1,50,7,oracle_no_cov,300,0.000979008357346433,8.666980033785771e-05,-0.0024415593495934903,0.01432064954021917
6,0.1,50,7,oracle_tail,300,0.0009075820789061071,6.692561660507559e-05,-0.0004865230610333008,0.013275846711080435
6,0.1,50,7,tis,300,0.03376426144584309,0.007845253508472042,0.027525811868479588,0.49389379725095806
6,0.1,50,7,tis_no_cov,300,0.03379148067013485,0.00784461179759946,0.029142663039108008,0.49429195214811894
6,0.1,50,7,uniform,300,0.0683634045087769,0.013097864387831552,0.09675591731642134,1.0
6,0.1,50,8,learned_mean,300,0.0,0.0,0.0,0.0
6,0.1,50,8,learned_occupancy,300,0.0,0.0,0.0,0.0
6,0.1,50,8,oracle_no_cov,300,0.0,0.0,0.0,0.0
6,0.1,50,8,oracle_tail,300,0.0,0.0,0.0,0.0
6,0.1,50,8,tis,300,2.9584343068470652e-05,2.745758841581213e-05,0.0003871797129252989,29584343068.47065
6,0.1,50,8,tis_no_cov,300,2.9584343068470652e-05,2.745758841581213e-05,0.0003871797129252989,29584343068.47065
6,0.1,50,8,uniform,300,0.0,0.0,0.0,0.0
6,0.1,50,9,learned_mean,300,0.005018011880600702,0.0007124364131544288,0.02429352434155333,0.26667262670643466
6,0.1,50,9,learned_occupancy,300,0.003177554768658897,0.0005559924021162779,0.01797312442487635,0.16886505987315195
6,0.1,50,9,oracle_no_cov,300,0.000531981264656654,5.905229497407497e-05,0.007367421962107681,0.02827112501527565
6,0.1,50,9,oracle_tail,300,0.0004489839979984005,5.070166325662082e-05,0.00656870984551813,0.023860394304418643
6,0.1,50,9,tis,300,0.014674395960418325,0.0021546524628369163,0.052898567494529355,0.7798426566552081
6,0.1,50,9,tis_no_cov,300,0.014774759017062709,0.002155839490210905,0.05318068803794303,0.7851762590014109
6,0.1,50,9,uniform,300,0.01881712398672533,0.002139862130593735,0.07345449772891265,1.0
6,0.1,50,10,learned_mean,300,0.0008878533352413816,0.00030099131660730354,0.007605666586071386,0.4130852612293006
6,0.1,50,10,learned_occupancy,300,9.368783515332434e-05,9.117159900366232e-05,0.0006408687390692861,0.04358947848948153
6,0.1,50,10,oracle_no_cov,300,0.0021493222309583704,0.0006622341481870314,0.01156631373839405,1.0
6,0.1,50,10,oracle_tail,300,0.0021493222309583704,0.0006622341481870314,0.01156631373839405,1.0
6,0.1,50,10,tis,300,0.001735764406071963,0.0007261001291799444,0.009482695087314722,0.8075868667203036
6,0.1,50,10,tis_no_cov,300,0.001735640640032513,0.0007261006753533191,0.009480456026089091,0.8075292829677757
6,0.1,50,10,uniform,300,0.0021493222309583704,0.0006622341481870314,0.01156631373839405,1.0
6,0.1,50,11,learned_mean,300,1.686184251851432e-07,1.683371598931086e-07,2.370783451274727e-05,168618425.1851432
6,0.1,50,11,learned_occupancy,300,0.0,0.0,0.0,0.0
6,0.1,50,11,oracle_no_cov,300,0.0,0.0,0.0,0.0
6,0.1,50,11,oracle_tail,300,0.0,0.0,0.0,0.0
6,0.1,50,11,tis,300,0.0,0.0,0.0,0.0
6,0.1,50,11,tis_no_cov,300,0.0,0.0,0.0,0.0
6,0.1,50,11,uniform,300,0.0,0.0,0.0,0.0
6,0.1,50,12,learned_mean,300,0.0049648900318865034,0.0004657246767238674,0.0023856014926529846,0.39628466838323234
6,0.1,50,12,learned_occupancy,300,0.006041954390474029,0.0005790079426786723,0.0010549160432634609,0.4822531569960761
6,0.1,50,12,oracle_no_cov,300,0.0010911862775012777,8.783182013568042e-05,0.0012395887558158208,0.08709566361928489
6,0.1,50,12,oracle_tail,300,0.0009515834641135568,8.153955579024704e-05,0.00033419843745921145,0.07595292848247091
6,0.1,50,12,tis,300,0.005597135471829228,0.0005000371430394178,0.0022800367329357633,0.4467488625336338
6,0.1,50,12,tis_no_cov,300,0.005937484453182582,0.0005612158289815287,0.0010991039271407653,0.47391463707122944
6,0.1,50,12,uniform,300,0.012528594790563891,0.0009874087403533161,0.004004810998778587,1.0
6,0.1,50,13,learned_mean,300,0.0,0.0,0.0,0.0
6,0.1,50,13,learned_occupancy,300,0.0,0.0,0.0,0.0
6,0.1,50,13,oracle_no_cov,300,0.0,0.0,0.0,0.0
6,0.1,50,13,oracle_tail,300,0.0,0.0,0.0,0.0
6,0.1,50,13,tis,300,0.0,0.0,0.0,0.0
6,0.1,50,13,tis_no_cov,300,0.0,0.0,0.0,0.0
6,0.1,50,13,uniform,300,0.0,0.0,0.0,0.0
6,0.1,50,14,learned_mean,300,0.006947211447427773,0.0018833948394260558,0.0031337886834797647,0.8852728668586629
6,0.1,50,14,learned_occupancy,300,0.0028619387046698148,0.0003577292809484813,0.0017377768856167701,0.36469261098924627
6,0.1,50,14,oracle_no_cov,300,0.0005899486714474688,8.555403217583509e-05,0.0019776070957387214,0.07517628556780585
6,0.1,50,14,oracle_tail,300,0.0005785181630678825,8.364351765265017e-05,0.0020985838356863814,0.07371971281204283
6,0.1,50,14,tis,300,0.014232316819421763,0.003198820399765658,0.006852707123412487,1.81360305614928
6,0.1,50,14,tis_no_cov,300,0.01438937438856691,0.0033171910722258804,0.008029903716476921,1.8336166696042808
6,0.1,50,14,uniform,300,0.007847536852766686,0.0007499485450272933,0.023730061373290347,1.0
6,0.1,50,15,learned_mean,300,9.268003401410924e-06,9.029442789182034e-06,0.00020103175759919562,0.16194070709298902
6,0.1,50,15,learned_occupancy,300,0.0,0.0,0.0,0.0
6,0.1,50,15,oracle_no_cov,300,5.7230844349031305e-05,4.3247784279715804e-05,0.0007792029666370341,1.0
6,0.1,50,15,oracle_tail,300,5.7230844349031305e-05,4.3247784279715804e-05,0.0007792029666370341,1.0
6,0.1,50,15,tis,300,0.00041681680091175844,0.00014983846205833727,0.003847154427331433,7.2830797038348
6,0.1,50,15,tis_no_cov,300,0.00041681680091175844,0.00014983846205833727,0.003847154427331433,7.2830797038348
6,0.1,50,15,uniform,300,5.7230844349031305e-05,4.3247784279715804e-05,0.0007792029666370341,1.0
6,0.1,50,16,learned_mean,300,0.08890915473510222,0.016286123982427878,0.09336813999774986,0.3846786890417719
6,0.1,50,16,learned_occupancy,300,0.02255871471746405,0.001971107621693304,0.004195100889714544,0.09760363631660186
6,0.1,50,16,oracle_no_cov,300,0.005342984519636799,0.0004948124186434623,0.0011967857830400138,0.023117217644325436
6,0.1,50,16,oracle_tail,300,0.0052848408014060325,0.0005346113522423111,-0.000593607648823271,0.02286565019470042
6,0.1,50,16,tis,300,0.09241571376217932,0.015497157571382968,0.098092856520535,0.39985033850354607
6,0.1,50,16,tis_no_cov,300,0.0939946637435008,0.016522921954930037,0.09880747065823157,0.4066819005703202
6,0.1,50,16,uniform,300,0.2311257609735892,0.03856052152310616,0.09072267517206707,1.0
6,0.1,50,17,learned_mean,300,0.14965029420450154,0.059158695658997444,-0.008844023123375866,2.261872018126516
6,0.1,50,17,learned_occupancy,300,0.018000086464317062,0.002940246969802572,-0.004877003766267371,0.2720602195533267
6,0.1,50,17,oracle_no_cov,300,0.0035295691640701856,0.0003730167030679507,-0.0018339308119859495,0.05334726383726953
6,0.1,50,17,oracle_tail,300,0.003103141723603341,0.00032659959607655054,0.001274388920487808,0.04690207573737034
6,0.1,50,17,tis,300,0.15924525027437858,0.05967785501099159,-0.013659099207713006,2.4068938690020705
6,0.1,50,17,tis_no_cov,300,0.15726155954760335,0.059682895708258854,-0.010683852567550237,2.3769116055433797
6,0.1,50,17,uniform,300,0.06616214047709704,0.008006517517330388,0.007680119377729824,1.0
6,0.1,50,18,learned_mean,300,0.09763172057756124,0.028249089660974717,0.03347590700279019,0.2750963108176663
6,0.1,50,18,learned_occupancy,300,0.04601771948488114,0.005880185084036058,-0.004179786398332394,0.12966385092513197
6,0.1,50,18,oracle_no_cov,300,0.013612610337459674,0.001009898069846387,-0.01195305086750591,0.03835617012873015
6,0.1,50,18,oracle_tail,300,0.012734665053261046,0.0009847091464294092,-0.007229319008813444,0.03588238899126735
6,0.1,50,18,tis,300,0.11621796012875978,0.030693304308331434,0.03730814713196507,0.3274666460146805
6,0.1,50,18,tis_no_cov,300,0.11134183408366634,0.030115187369642128,0.04016133589970239,0.31372721503720946
6,0.1,50,18,uniform,300,0.35490014492514044,0.03336851735868713,0.014428405661878042,1.0
6,0.1,50,19,learned_mean,300,0.01425997038941981,0.0010230709298797947,-0.041344525817612394,0.21335215538172703
6,0.1,50,19,learned_occupancy,300,0.015628736383465954,0.001157611269083714,-0.022641089616868726,0.23383110218652742
6,0.1,50,19,oracle_no_cov,300,0.0026353601249709817,0.00019461284999728373,-0.0030263098491646904,0.03942923775541535
6,0.1,50,19,oracle_tail,300,0.0022046115535223052,0.00016382027800139105,0.0008636198843954679,0.03298454441899993
6,0.1,50,19,tis,300,0.030287844312764368,0.0037138211688821365,-0.01816448531445977,0.45315499889038524
6,0.1,50,19,tis_no_cov,300,0.030306856636924197,0.0037201195590980734,-0.02013519953415021,0.45343945392272705
6,0.1,50,19,uniform,300,0.0668377142190387,0.005424855671020137,0.03495812063216319,1.0
6,0.1,50,20,learned_mean,300,0.01674116730813534,0.0015479535194006528,-0.006738007749136191,0.31735546562434064
6,0.1,50,20,learned_occupancy,300,0.01865769862991765,0.0015912507429394587,-0.005871460583049619,0.3536863664995916
6,0.1,50,20,oracle_no_cov,300,0.0021369065125775187,0.00018309002456964527,0.005252066513633171,0.04050846328769286
6,0.1,50,20,oracle_tail,300,0.0021147194243355118,0.00016979085080876907,0.00482049595753317,0.04008787172497257
6,0.1,50,20,tis,300,0.023058018211956688,0.0024591826125353994,0.008248503059575606,0.4371014261636386
6,0.1,50,20,tis_no_cov,300,0.0228135566299446,0.0024296432101402203,0.009981800349391647,0.43246726787833145
6,0.1,50,20,uniform,300,0.05275210015746873,0.004500893187114861,0.03579433102510716,1.0
6,0.1,50,21,learned_mean,300,0.007262182417756827,0.0005013946002765552,-0.03391705307574379,0.34093958534370167
6,0.1,50,21,learned_occupancy,300,0.008842995375352224,0.0006506018476709068,-0.030988506530420765,0.4151544264568504
6,0.1,50,21,oracle_no_cov,300,0.000854760446701672,7.164623442798508e-05,-0.0029680479410400637,0.040128663190022264
6,0.1,50,21,oracle_tail,300,0.000743992070741974,6.295437638866654e-05,-0.0015801852760683425,0.034928391151061305
6,0.1,50,21,tis,300,0.011976106997471356,0.0011860031198062603,-0.016121555408704368,0.5622454406771706
6,0.1,50,21,tis_no_cov,300,0.011934680734428039,0.0011843517661185754,-0.016398756064848287,0.5603005910256673
6,0.1,50,21,uniform,300,0.021300496422073757,0.0014276905653023981,0.02003421828694177,1.0
6,0.1,50,22,learned_mean,300,0.00014272240019657008,8.625549213517721e-05,0.0011777408515716056,142722400196.57007
6,0.1,50,22,learned_occupancy,300,0.0,0.0,0.0,0.0
6,0.1,50,22,oracle_no_cov,300,0.0,0.0,0.0,0.0
6,0.1,50,22,oracle_tail,300,0.0,0.0,0.0,0.0
6,0.1,50,22,tis,300,7.72278916398438e-06,5.786314658503785e-06,0.00022307333106873938,7722789163.98438
6,0.1,50,22,tis_no_cov,300,7.72278916398438e-06,5.786314658503785e-06,0.00022307333106873938,7722789163.98438
6,0.1,50,22,uniform,300,0.0,0.0,0.0,0.0
6,0.1,50,23,learned_mean,300,0.01005591516835738,0.0007857830720911968,-0.01604914230687139,0.44247952508883814
6,0.1,50,23,learned_occupancy,300,0.00795180476009372,0.0006857354256467454,-0.008844703746710193,0.3498946376275145
6,0.1,50,23,oracle_no_cov,300,0.0010206208139945795,7.859953736556651e-05,-0.003979011695890358,0.04490927036587897
6,0.1,50,23,oracle_tail,300,0.0009055706774589841,7.244905480675901e-05,-0.0032119668412218597,0.03984684403039588
6,0.1,50,23,tis,300,0.017627050224833435,0.001776875448233458,0.008798775154893664,0.7756239667518448
6,0.1,50,23,tis_no_cov,300,0.017629151649972124,0.0017777926944564837,0.009197310226236122,0.7757164334823022
6,0.1,50,23,uniform,300,0.022726283586429044,0.0017171101732907249,0.020111562419880505,1.0
6,0.1,50,24,learned_mean,300,0.00012233190237064405,9.83691300569594e-05,0.0011660824170476383,122331902370.64404
6,0.1,50,24,learned_occupancy,300,0.0,0.0,0.0,0.0
6,0.1,50,24,oracle_no_cov,300,0.0,0.0,0.0,0.0
6,0.1,50,24,oracle_tail,300,0.0,0.0,0.0,0.0
6,0.1,50,24,tis,300,0.0,0.0,0.0,0.0
6,0.1,50,24,tis_no_cov,300,0.0,0.0,0.0,0.0
6,0.1,50,24,uniform,300,0.0,0.0,0.0,0.0
6,0.1,50,25,learned_mean,300,0.029181297912553337,0.015181174859402312,0.014411679556168651,1.4652296872871686
6,0.1,50,25,learned_occupancy,300,0.003099973161792165,0.0003720887802479998,-0.004221799484804857,0.15565355317857119
6,0.1,50,25,oracle_no_cov,300,0.0011052162694595042,9.932048081321535e-05,-0.0009702690194144085,0.05549429959344618
6,0.1,50,25,oracle_tail,300,0.001004301859297075,8.438460179483667e-05,-0.0015931176895333395,0.050427260077652164
6,0.1,50,25,tis,300,0.0292342890983748,0.015162708235301404,0.016535851362038632,1.467890441406565
6,0.1,50,25,tis_no_cov,300,0.029241411379391895,0.015161454034016777,0.016629922831250147,1.4682480600984655
6,0.1,50,25,uniform,300,0.019915852214666553,0.0032671089334516627,0.00993021146962849,1.0
6,0.1,50,26,learned_mean,300,0.001075462796429862,0.0001585227399362671,0.018200578983305436,0.20419853628404627
6,0.1,50,26,learned_occupancy,300,0.00036261545964812826,3.955803796116807e-05,0.0007134002650435149,0.0688499372920367
6,0.1,50,26,oracle_no_cov,300,0.0002142437278513877,2.0514020926780135e-05,0.00020487867035894189,0.04067853930467788
6,0.1,50,26,oracle_tail,300,0.00019538630758803434,1.68828939234667e-05,0.0010371435861570256,0.03709807364035864
6,0.1,50,26,tis,300,0.0010706826591355178,0.00015847917308367386,0.019403944447339155,0.20329092977084828
6,0.1,50,26,tis_no_cov,300,0.0010714661011501298,0.00015848905944053262,0.019382807764099574,0.20343968220856928
6,0.1,50,26,uniform,300,0.005266750761297628,0.0014827611465024746,0.01515462716784762,1.0
6,0.1,50,27,learned_mean,300,0.004807511030611213,0.0011651459582880705,0.024309275579300887,0.31071681151003555
6,0.1,50,27,learned_occupancy,300,0.0018833864242071014,0.0008195990484671797,0.014448145443428482,0.1217261532723966
6,0.1,50,27,oracle_no_cov,300,0.015472323519437054,0.0020754353831529044,0.06587856886615691,1.0
6,0.1,50,27,oracle_tail,300,0.015472323519437054,0.0020754353831529044,0.06587856886615691,1.0
6,0.1,50,27,tis,300,0.013576911730019313,0.002315205114412243,0.05074144452125056,0.8774966289299319
6,0.1,50,27,tis_no_cov,300,0.01354498664222696,0.0023146298731724128,0.050914772816286334,0.8754332615402668
6,0.1,50,27,uniform,300,0.015472323519437054,0.0020754353831529044,0.06587856886615691,1.0
6,0.1,50,28,learned_mean,300,0.009618210795848316,0.001252509933108127,0.012986490307182075,0.48623067116349705
6,0.1,50,28,learned_occupancy,300,0.005934780408730635,0.0007527580442855798,0.003836117209027539,0.3000217319619014
6,0.1,50,28,oracle_no_cov,300,0.001151831587180257,8.435763478321226e-05,0.0028871434041013093,0.05822869321430546
6,0.1,50,28,oracle_tail,300,0.0010713551236905111,8.168617001959228e-05,0.0027999630377010154,0.05416035600626941
6,0.1,50,28,tis,300,0.014631621642404485,0.0020074590940802463,0.031617736171879504,0.7396742868712729
6,0.1,50,28,tis_no_cov,300,0.014656577864394815,0.0020138863615422158,0.032583668153176606,0.7409359020329308
6,0.1,50,28,uniform,300,0.01978116841710743,0.001848295316251936,0.0404823366233031,1.0
6,0.1,50,29,learned_mean,300,0.0009919654528050483,0.0003595057999170802,0.006739779067036903,0.36775959973755024
6,0.1,50,29,learned_occupancy,300,0.00021177088434631546,0.00020381725002612572,0.0009852551368607543,0.07851158066345884
6,0.1,50,29,oracle_no_cov,300,0.002697320351427833,0.000772076180872294,0.014368751842180718,1.0
6,0.1,50,29,oracle_tail,300,0.002697320351427833,0.000772076180872294,0.014368751842180718,1.0
6,0.1,50,29,tis,300,0.00465592350129733,0.001105341410371287,0.020588084586909767,1.7261292300088515
6,0.1,50,29,tis_no_cov,300,0.004677389687876294,0.0011098803176313057,0.02061696013437106,1.7340875678338712
6,0.1,50,29,uniform,300,0.002697320351427833,0.000772076180872294,0.014368751842180718,1.0
6,0.1,50,30,learned_mean,300,0.0003773762517446519,0.0002527384466699793,0.0022119862735209494,0.49889638188035657
6,0.1,50,30,learned_occupancy,300,3.899898113502223e-05,4.207606703038796e-06,7.873440887200027e-05,0.05155716740344301
6,0.1,50,30,oracle_no_cov,300,0.2700135322867068,0.0482826481608477,0.18189850907148564,356.9614507902906
6,0.1,50,30,oracle_tail,300,0.21141958778245512,0.04193211043881592,0.14465224300729715,279.4994833820994
6,0.1,50,30,tis,300,0.018249809940320588,0.015433764380604691,0.01167341007638501,24.126489431006274
6,0.1,50,30,tis_no_cov,300,0.01824352703189269,0.01543376831854348,0.011801706663786172,24.118183343201668
6,0.1,50,30,uniform,300,0.0007564221057733644,0.00017583910949616743,-0.0005630010698433497,1.0
6,0.1,50,31,learned_mean,300,0.01194360858671376,0.001094706370036041,-0.012723009225115387,0.5572256457822443
6,0.1,50,31,learned_occupancy,300,0.008582355930738724,0.0007630978245668203,-0.01420177735621183,0.40040736358012163
6,0.1,50,31,oracle_no_cov,300,0.0009635867417840598,7.179032719845557e-05,0.0017143506686832933,0.044955864097482715
6,0.1,50,31,oracle_tail,300,0.0007858576997404243,6.155919387240887e-05,-0.00012651269521983478,0.036663966426188244
6,0.1,50,31,tis,300,0.01514018572124907,0.0013355843438913435,-0.00031813652071368214,0.7063610385868646
6,0.1,50,31,tis_no_cov,300,0.014909762524131832,0.001330499428493439,0.0001689814983647464,0.6956107101677222
6,0.1,50,31,uniform,300,0.02143406118709251,0.0014157450191927797,0.01602256113175981,1.0
6,0.1,50,32,learned_mean,300,0.0033836607000287465,0.0010699977670797299,0.014743876823258596,0.8378964758700965
6,0.1,50,32,learned_occupancy,300,0.00039223433138052245,0.0002888667988784835,0.0024452349480043943,0.09712905433343576
6,0.1,50,32,oracle_no_cov,300,0.004038280142561828,0.0007967417102683507,0.025421565991881456,1.0
6,0.1,50,32,oracle_tail,300,0.004038280142561828,0.0007967417102683507,0.025421565991881456,1.0
6,0.1,50,32,tis,300,0.005861184962019612,0.0012876132281574224,0.027291575850168462,1.451406231144073
6,0.1,50,32,tis_no_cov,300,0.005896581986377124,0.0012901983179136101,0.02748624081026558,1.460171602318906
6,0.1,50,32,uniform,300,0.004038280142561828,0.0007967417102683507,0.025421565991881456,1.0
6,0.1,50,33,learned_mean,300,0.002440893341921055,0.00022716491814910798,-0.007499721945610585,0.1304664937434576
6,0.1,50,33,learned_occupancy,300,0.0027770002322311054,0.0002558461309302046,-0.008543641092989128,0.14843150956313997
6,0.1,50,33,oracle_no_cov,300,0.0002219904305781884,2.5890137898178348e-05,0.0006921594550764739,0.011865456234700726
6,0.1,50,33,oracle_tail,300,0.0001951813009604275,1.9380165703956867e-05,0.00016556225026780484,0.010432500078250908
6,0.1,50,33,tis,300,0.0027358854287098063,0.0002686147503569124,-0.005441726717377778,0.1462339107724639
6,0.1,50,33,tis_no_cov,300,0.002687305805758883,0.00027435918226327935,-0.0050362433122977494,0.14363731510606004
6,0.1,50,33,uniform,300,0.018708967121632766,0.0023070960664371438,0.014893113418438832,1.0
6,0.1,50,34,learned_mean,300,1.1868516159431263e-07,1.1848718787584535e-07,1.9890128338308315e-05,118685161.59431262
6,0.1,50,34,learned_occupancy,300,0.0,0.0,0.0,0.0
6,0.1,50,34,oracle_no_cov,300,0.0,0.0,0.0,0.0
6,0.1,50,34,oracle_tail,300,0.0,0.0,0.0,0.0
6,0.1,50,34,tis,300,0.0,0.0,0.0,0.0
6,0.1,50,34,tis_no_cov,300,0.0,0.0,0.0,0.0
6,0.1,50,34,uniform,300,0.0,0.0,0.0,0.0
6,0.1,50,35,learned_mean,300,1.2310896055242995e-06,9.483822503214222e-07,9.746513348264226e-05,1231089605.5242994
6,0.1,50,35,learned_occupancy,300,0.0,0.0,0.0,0.0
6,0.1,50,35,oracle_no_cov,300,0.0,0.0,0.0,0.0
6,0.1,50,35,oracle_tail,300,0.0,0.0,0.0,0.0
6,0.1,50,35,tis,300,0.0,0.0,0.0,0.0
6,0.1,50,35,tis_no_cov,300,0.0,0.0,0.0,0.0
6,0.1,50,35,uniform,300,0.0,0.0,0.0,0.0
6,0.1,50,36,learned_mean,300,0.0007525502209656579,0.00024548203596292637,0.002678458295596542,0.021141218208195537
6,0.1,50,36,learned_occupancy,300,0.0014310054306590314,0.0001714045227501734,-0.0038599577362555355,0.04020090250967582
6,0.1,50,36,oracle_no_cov,300,0.0004798078097034423,4.833481756112331e-05,-0.0006031212415275621,0.013479129126984518
6,0.1,50,36,oracle_tail,300,0.00046050657441662203,5.262045121039468e-05,-0.0005069297379749985,0.012936904016263285
6,0.1,50,36,tis,300,0.0007695139984473817,0.0002460346163456893,0.0028531907860177906,0.021617777660820774
6,0.1,50,36,tis_no_cov,300,0.0007778048091779063,0.0002467222181335251,0.0029063925142351734,0.021850689477060703
6,0.1,50,36,uniform,300,0.03559635086089442,0.003567795536857274,0.02676166155342081,1.0
6,0.1,50,37,learned_mean,300,0.4221063558619643,0.08781904059304341,0.025406380652103523,2.3802312232850733
6,0.1,50,37,learned_occupancy,300,0.020472507134358296,0.002048712714521259,-0.001081432302024193,0.11544318161383316
6,0.1,50,37,oracle_no_cov,300,0.005255572453012878,0.000392354051786373,-0.004224997573032665,0.029635842898771653
6,0.1,50,37,oracle_tail,300,0.005002642845248799,0.0004027857728377434,-0.0030845526733178433,0.028209588730046975
6,0.1,50,37,tis,300,0.39532995901710327,0.0861610680733189,0.03738544399695551,2.2292408036145095
6,0.1,50,37,tis_no_cov,300,0.38003990627078504,0.08622046214090087,0.03886209457859034,2.1430211567244646
6,0.1,50,37,uniform,300,0.17733838281450437,0.01606766985007239,0.016623029816452604,1.0
6,0.1,50,38,learned_mean,300,0.15263193467176753,0.023957040009043647,-0.010573149754951853,1.035581780054583
6,0.1,50,38,learned_occupancy,300,0.04107150042787034,0.00374831127084181,-0.06168483000927343,0.2786631619003771
6,0.1,50,38,oracle_no_cov,300,0.005912757919988622,0.0004661907399018411,-0.007572854860017487,0.04011705928370346
6,0.1,50,38,oracle_tail,300,0.005762011492431068,0.00044478102877571114,-0.007715276087021865,0.03909427034950936
6,0.1,50,38,tis,300,0.13473457821679372,0.022251935218940186,0.005015449951741996,0.9141512531090222
6,0.1,50,38,tis_no_cov,300,0.13429773194059783,0.022216553202089248,0.005200061306112823,0.9111873252436904
6,0.1,50,38,uniform,300,0.14738762076687237,0.01055383131478727,0.022714326648089502,1.0
6,0.1,50,39,learned_mean,300,0.010041775555854662,0.001205373107762073,0.0013405939521925815,0.367076483951972
6,0.1,50,39,learned_occupancy,300,0.006449268859593549,0.000490572192025917,-0.00969380874012918,0.23575262401282135
6,0.1,50,39,oracle_no_cov,300,0.0007859908073872991,7.709528177639455e-05,0.00021655894811076475,0.02873184531853893
6,0.1,50,39,oracle_tail,300,0.000762684935067467,7.364749361604627e-05,0.002902846863945279,0.0278799005983037
6,0.1,50,39,tis,300,0.016786967450146677,0.0016639003028240252,0.03725683091238854,0.6136465561833185
6,0.1,50,39,tis_no_cov,300,0.016807652790421387,0.0016853734912856684,0.037628888037969044,0.6144027075168309
6,0.1,50,39,uniform,300,0.027356085161719376,0.002667949211301237,0.03477744954439504,1.0
6,0.1,50,40,learned_mean,300,0.005265283501609009,0.0005753021987884965,-0.008379734257251905,0.28751311472392155
6,0.1,50,40,learned_occupancy,300,0.005141704458242382,0.0005257336228562687,-0.007223327971320049,0.28076502686462895
6,0.1,50,40,oracle_no_cov,300,0.0015990688498652304,0.0001207772105240558,-0.003632540429785931,0.08731785582718501
6,0.1,50,40,oracle_tail,300,0.001549727950410251,0.00012384864857220354,-0.0020219266045265628,0.0846235743737275
6,0.1,50,40,tis,300,0.006340400735045348,0.000775994427035492,0.0019271313941880263,0.3462203627541913
6,0.1,50,40,tis_no_cov,300,0.006501586415427088,0.0008131650983384368,-0.0016493378737020502,0.35502197752028825
6,0.1,50,40,uniform,300,0.01831319418825429,0.0014889735955836815,0.0028472743894307198,1.0
6,0.1,50,41,learned_mean,300,0.03985994753509787,0.007261634072893083,0.09721820092926706,0.5943522741007395
6,0.1,50,41,learned_occupancy,300,0.017054901169783435,0.0019185721512760324,0.033611267186097665,0.25430588652678365
6,0.1,50,41,oracle_no_cov,300,0.004439723436170091,0.00037889044836604026,0.014411740501148091,0.06620078258614207
6,0.1,50,41,oracle_tail,300,0.00437042643328992,0.00038335525021659976,0.013814378498468791,0.06516749393933867
6,0.1,50,41,tis,300,0.049431136441803906,0.008111633434500791,0.10910933010074193,0.7370684150976506
6,0.1,50,41,tis_no_cov,300,0.0463674075208618,0.007290484351284483,0.11128398254812377,0.6913851073164058
6,0.1,50,41,uniform,300,0.06706451589742184,0.009283658975696678,0.07155310417361387,1.0
6,0.1,50,42,learned_mean,300,0.017091767179077462,0.0046849490040445675,0.01988829080731124,0.4961547215253449
6,0.1,50,42,learned_occupancy,300,0.013307466306314625,0.0016901329255775293,-0.0008281688129411583,0.386300735918041
6,0.1,50,42,oracle_no_cov,300,0.0028194579056276137,0.0002861190989315034,-0.0017613010071568288,0.08184568262382606
6,0.1,50,42,oracle_tail,300,0.0024409451258325388,0.00019126540853209634,-0.0021958457073818316,0.07085788359255314
6,0.1,50,42,tis,300,0.016732681460062435,0.00399908519092104,0.024315771734129077,0.4857308681545991
6,0.1,50,42,tis_no_cov,300,0.01710884282318613,0.0042499940922613106,0.024301466299504453,0.4966504082123232
6,0.1,50,42,uniform,300,0.03444846221866372,0.00420993074917907,0.001153820777355543,1.0
6,0.1,50,43,learned_mean,300,0.008016107160425093,0.0007130186894029156,-0.01800725540936844,0.49650091951689673
6,0.1,50,43,learned_occupancy,300,0.007681716627158998,0.0007071594552740279,-0.0156308030451817,0.47578946894347934
6,0.1,50,43,oracle_no_cov,300,0.0006836708898794636,5.7028476860581794e-05,0.00029563132693133376,0.042345145677180306
6,0.1,50,43,oracle_tail,300,0.0005431199934931926,4.731042983456246e-05,-0.00012978121032288458,0.03363971698241133
6,0.1,50,43,tis,300,0.011804427020725901,0.0010269401894723819,-0.017694379591013967,0.7311415320263395
6,0.1,50,43,tis_no_cov,300,0.01165362325576824,0.0009958456786306287,-0.017683393315716545,0.7218010620862996
6,0.1,50,43,uniform,300,0.016145201036535627,0.0011429085412910114,0.0018438407943974725,1.0
6,0.1,50,44,learned_mean,300,0.0,0.0,0.0,0.0
6,0.1,50,44,learned_occupancy,300,0.0,0.0,0.0,0.0
6,0.1,50,44,oracle_no_cov,300,0.0,0.0,0.0,0.0
6,0.1,50,44,oracle_tail,300,0.0,0.0,0.0,0.0
6,0.1,50,44,tis,300,0.0,0.0,0.0,0.0
6,0.1,50,44,tis_no_cov,300,0.0,0.0,0.0,0.0
6,0.1,50,44,uniform,300,0.0,0.0,0.0,0.0
6,0.1,50,45,learned_mean,300,0.0032690715294157882,0.0004004196904991122,-0.003555514423993653,0.09102012486386749
6,0.1,50,45,learned_occupancy,300,0.004642909313694018,0.00040133393781978247,-0.0014132836173113594,0.12927162396460773
6,0.1,50,45,oracle_no_cov,300,0.0008690488565967482,6.742680656540133e-05,0.0036720154577663897,0.024196758843748306
6,0.1,50,45,oracle_tail,300,0.0008488316224178632,6.457936155608938e-05,0.0040043828108477335,0.023633854311741014
6,0.1,50,45,tis,300,0.029246428970702152,0.00761502690169485,0.03747233277891608,0.8143026522308205
6,0.1,50,45,tis_no_cov,300,0.029262105621461743,0.007614923749030731,0.03712304513263403,0.8147391341789044
6,0.1,50,45,uniform,300,0.03591592007048016,0.005359367417465407,0.06348360684321676,1.0
6,0.1,50,46,learned_mean,300,0.4737261020905055,0.036043543323756214,0.3395308342948763,0.9214070746775973
6,0.1,50,46,learned_occupancy,300,0.05711528401397428,0.005298892781388697,0.02980048598124154,0.11109040969129856
6,0.1,50,46,oracle_no_cov,300,0.025027071583925257,0.002016954247941174,0.029085133580444802,0.04867817229012589
6,0.1,50,46,oracle_tail,300,0.023329677838664072,0.0020858753854829377,0.0267653468256342,0.045376706319609536
6,0.1,50,46,tis,300,0.49915619763120256,0.03637793710338375,0.35420816015420237,0.9708691369062243
6,0.1,50,46,tis_no_cov,300,0.49812135863397866,0.03623127354062332,0.3541653686222489,0.9688563536354975
6,0.1,50,46,uniform,300,0.5141333457378363,0.02767389040116147,0.12754225602133418,1.0
6,0.1,50,47,learned_mean,300,0.5370597394831492,0.03712263961571648,0.1356742750403163,1.6364006795651165
6,0.1,50,47,learned_occupancy,300,0.08859901697744227,0.007300028598456388,-0.03352705995988755,0.2699578481347638
6,0.1,50,47,oracle_no_cov,300,0.012690352478000195,0.0011560623077670822,-0.00456426784414127,0.03866702322334841
6,0.1,50,47,oracle_tail,300,0.012061356047748654,0.0010642171735616454,-0.003368774710172558,0.036750494930056096
6,0.1,50,47,tis,300,0.5679074781982152,0.03813516135400175,0.14236183455160087,1.7303925707557704
6,0.1,50,47,tis_no_cov,300,0.565017552846323,0.03817064652033806,0.1458968629563229,1.7215870776940863
6,0.1,50,47,uniform,300,0.3281957445934795,0.023543473163688097,0.10011360721488376,1.0
6,0.1,50,48,learned_mean,300,0.288208522651527,0.0614917591027477,0.04115284201082889,3.4607949102165687
6,0.1,50,48,learned_occupancy,300,0.025325527572860176,0.0035148616250517376,-0.01909242859937042,0.3041077901387296
6,0.1,50,48,oracle_no_cov,300,0.0047895561436679295,0.0004476175840523947,0.0008256293020444572,0.057512773639397594
6,0.1,50,48,oracle_tail,300,0.00421421277376232,0.0003635512454314108,0.0014183780493136843,0.05060407646459657
6,0.1,50,48,tis,300,0.2779670507822816,0.06063480278013089,0.04568574797350211,3.337815779023195
6,0.1,50,48,tis_no_cov,300,0.2765687203203935,0.060657059714759674,0.04665611644478883,3.3210246900547586
6,0.1,50,48,uniform,300,0.08327812832846879,0.007677039694177509,0.026079917904935745,1.0
6,0.1,50,49,learned_mean,300,0.06281537440695761,0.006251772483349769,0.07436817924732564,1.3293474779423162
6,0.1,50,49,learned_occupancy,300,0.01366026463844068,0.001662363093084417,0.010176713774937236,0.2890890728038764
6,0.1,50,49,oracle_no_cov,300,0.0030361896690386334,0.00024945184323773114,0.0016499935562335288,0.06425419122621621
6,0.1,50,49,oracle_tail,300,0.0028532308369380154,0.00023202220205983994,0.0020650511425798048,0.06038227508599675
6,0.1,50,49,tis,300,0.0666075859228433,0.005759425538754494,0.08363137871394694,1.4096011875167682
6,0.1,50,49,tis_no_cov,300,0.06701923851657277,0.006175378239857692,0.08480260027835312,1.4183128977060186
6,0.1,50,49,uniform,300,0.04725278788973137,0.004961822932655377,0.05658016629637487,1.0
6,0.1,100,0,learned_mean,300,0.005944238665737432,0.004907047782814064,-0.01030804172723415,0.658729866322874
6,0.1,100,0,learned_occupancy,300,0.0012603149764189889,0.00014441750517111047,-0.005952366169185142,0.13966584496791945
6,0.1,100,0,oracle_no_cov,300,0.0002783214122076955,2.0106713293017883e-05,-0.0019056034195893544,0.03084307965545392
6,0.1,100,0,oracle_tail,300,0.00027898284818341163,2.2099992947904322e-05,-0.0019261691110074015,0.03091637880381686
6,0.1,100,0,tis,300,0.006450683817094307,0.00498279408075508,-0.010807559833018381,0.7148532095486619
6,0.1,100,0,tis_no_cov,300,0.0065643732942772485,0.005025466891540008,-0.011213882346623192,0.7274520734769738
6,0.1,100,0,uniform,300,0.009023788004207306,0.0007218927069746578,0.005760009349933508,1.0
6,0.1,100,1,learned_mean,300,0.0,0.0,0.0,0.0
6,0.1,100,1,learned_occupancy,300,0.0,0.0,0.0,0.0
6,0.1,100,1,oracle_no_cov,300,0.0,0.0,0.0,0.0
6,0.1,100,1,oracle_tail,300,0.0,0.0,0.0,0.0
6,0.1,100,1,tis,300,0.0,0.0,0.0,0.0
6,0.1,100,1,tis_no_cov,300,0.0,0.0,0.0,0.0
6,0.1,100,1,uniform,300,0.0,0.0,0.0,0.0
6,0.1,100,2,learned_mean,300,0.10294380509955663,0.011205522187890945,0.09440211761716766,1.3285386337192426
6,0.1,100,2,learned_occupancy,300,0.01343948103858837,0.0012749367284120067,0.004390079077034873,0.17344287749646006
6,0.1,100,2,oracle_no_cov,300,0.005220276396814062,0.0003935120032694919,0.0018468410548884565,0.06737014301300617
6,0.1,100,2,oracle_tail,300,0.004589442025846024,0.00035919384961411555,0.0022270896038552213,0.05922892623460457
6,0.1,100,2,tis,300,0.10562274660705258,0.011185435025267866,0.09449680021846417,1.3631116445647273
6,0.1,100,2,tis_no_cov,300,0.10727654549757615,0.011614997678367335,0.09510550846655455,1.3844547036865245
6,0.1,100,2,uniform,300,0.07748649718327388,0.006919758392618302,0.03015241247197326,1.0
6,0.1,100,3,learned_mean,300,0.2294765498631424,0.02885768856186261,0.1500586084569329,2.132185831803873
6,0.1,100,3,learned_occupancy,300,0.009966741051076628,0.0008391906851813735,0.01552874886875645,0.09260616856509953
6,0.1,100,3,oracle_no_cov,300,0.004422377688070686,0.00036824750700979714,0.007514402289810086,0.0410906084086302
6,0.1,100,3,oracle_tail,300,0.004435114570835322,0.000369964214758909,0.0048810446965611536,0.04120895340287166
6,0.1,100,3,tis,300,0.26601805782426213,0.030277360688521385,0.1690135401931712,2.4717119646218655
6,0.1,100,3,tis_no_cov,300,0.267761918967351,0.030439661618073724,0.16755505407211338,2.4879150843922515
6,0.1,100,3,uniform,300,0.10762502331656547,0.007474632048829896,0.05703189281278783,1.0
6,0.1,100,4,learned_mean,300,0.0,0.0,0.0,0.0
6,0.1,100,4,learned_occupancy,300,0.0,0.0,0.0,0.0
6,0.1,100,4,oracle_no_cov,300,0.0,0.0,0.0,0.0
6,0.1,100,4,oracle_tail,300,0.0,0.0,0.0,0.0
6,0.1,100,4,tis,300,0.0,0.0,0.0,0.0
6,0.1,100,4,tis_no_cov,300,0.0,0.0,0.0,0.0
6,0.1,100,4,uniform,300,0.0,0.0,0.0,0.0
6,0.1,100,5,learned_mean,300,1.0553154153861441e-05,3.5262290476442357e-06,0.0005827816726474381,2.416977356315999
6,0.1,100,5,learned_occupancy,300,0.0,0.0,0.0,0.0
6,0.1,100,5,oracle_no_cov,300,4.366261076581516e-06,2.647955961892885e-06,0.0002296174883803696,1.0
6,0.1,100,5,oracle_tail,300,4.366261076581516e-06,2.647955961892885e-06,0.0002296174883803696,1.0
6,0.1,100,5,tis,300,0.0001119030429545503,0.00010572573230101447,0.0008983741723808818,25.629031565414945
6,0.1,100,5,tis_no_cov,300,0.0001119030429545503,0.00010572573230101447,0.0008983741723808818,25.629031565414945
6,0.1,100,5,uniform,300,4.366261076581516e-06,2.647955961892885e-06,0.0002296174883803696,1.0
6,0.1,100,6,learned_mean,300,0.40814671272404146,0.024664121243209252,0.3403595739877978,0.7263917437455878
6,0.1,100,6,learned_occupancy,300,0.04740957026539286,0.004308437510241824,0.02365152252429852,0.08437632680038773
6,0.1,100,6,oracle_no_cov,300,0.022863845758189266,0.0021811989642664606,0.021271088152528712,0.040691516729795235
6,0.1,100,6,oracle_tail,300,0.019701565549188317,0.0018035239563931383,0.023335352552376173,0.03506350561610176
6,0.1,100,6,tis,300,0.7178103444244789,0.03921972667463248,0.4810175245004108,1.2775100019429975
6,0.1,100,6,tis_no_cov,300,0.715980880314585,0.0393683198412801,0.48216515826716905,1.2742540462205159
6,0.1,100,6,uniform,300,0.5618823675217751,0.05072781336688009,0.1873301476423104,1.0
6,0.1,100,7,learned_mean,300,0.0045042808588835375,0.0005023413233808154,-0.0076553527951186496,0.17418919166103652
6,0.1,100,7,learned_occupancy,300,0.00455141915209589,0.0003598077910339771,-0.00793736104400042,0.1760121199925917
6,0.1,100,7,oracle_no_cov,300,0.0004916774026143532,3.860066661078639e-05,-0.0014009545621742733,0.01901410946665984
6,0.1,100,7,oracle_tail,300,0.0004308037949847282,3.338655773246473e-05,-0.0011406852595614184,0.01666001014676891
6,0.1,100,7,tis,300,0.011313997901645827,0.002113109617666421,0.010820900547493463,0.43753402833562205
6,0.1,100,7,tis_no_cov,300,0.01125994477612992,0.0021148051618709684,0.010777051803813664,0.4354436901583748
6,0.1,100,7,uniform,300,0.025858555378387906,0.0034074772093839537,0.05037860989178434,1.0
6,0.1,100,8,learned_mean,300,0.0,0.0,0.0,0.0
6,0.1,100,8,learned_occupancy,300,0.0,0.0,0.0,0.0
6,0.1,100,8,oracle_no_cov,300,0.0,0.0,0.0,0.0
6,0.1,100,8,oracle_tail,300,0.0,0.0,0.0,0.0
6,0.1,100,8,tis,300,0.0,0.0,0.0,0.0
6,0.1,100,8,tis_no_cov,300,0.0,0.0,0.0,0.0
6,0.1,100,8,uniform,300,0.0,0.0,0.0,0.0
6,0.1,100,9,learned_mean,300,0.0020816848449522725,0.0003452917388359601,0.012607495745356937,0.21023052245283913
6,0.1,100,9,learned_occupancy,300,0.0014995519265207716,0.0002352700042192759,0.012128090159023277,0.15144059184657757
6,0.1,100,9,oracle_no_cov,300,0.0002439892688265193,2.5799577654601322e-05,0.0034341042368109197,0.02464061338711499
6,0.1,100,9,oracle_tail,300,0.00021958500060525576,2.146346084947411e-05,0.003498950314327048,0.022176012623615137
6,0.1,100,9,tis,300,0.006244035144404945,0.0010009445623533236,0.03166864649983125,0.6305886185438587
6,0.1,100,9,tis_no_cov,300,0.006241802106328951,0.0010014855939051866,0.03156284196147255,0.6303631027735386
6,0.1,100,9,uniform,300,0.009901915386331476,0.0011367793504202359,0.05401394628668799,1.0
6,0.1,100,10,learned_mean,300,0.00029982376330107486,0.00016732309510249972,0.002493159018929014,0.9372889651094586
6,0.1,100,10,learned_occupancy,300,0.00016195692396926153,0.00016168677044679078,0.000734749217917836,0.506298887013257
6,0.1,100,10,oracle_no_cov,300,0.0003198840213232008,0.00010968360630538581,0.003760575637315542,1.0
6,0.1,100,10,oracle_tail,300,0.0003198840213232008,0.00010968360630538581,0.003760575637315542,1.0
6,0.1,100,10,tis,300,0.0009123398435049301,0.0002859566478507102,0.006905001255208782,2.8520957055967813
6,0.1,100,10,tis_no_cov,300,0.0009098757147146082,0.0002845517055341713,0.006899527205634522,2.8443925112323702
6,0.1,100,10,uniform,300,0.0003198840213232008,0.00010968360630538581,0.003760575637315542,1.0
6,0.1,100,11,learned_mean,300,0.0,0.0,0.0,0.0
6,0.1,100,11,learned_occupancy,300,0.0,0.0,0.0,0.0
6,0.1,100,11,oracle_no_cov,300,0.0,0.0,0.0,0.0
6,0.1,100,11,oracle_tail,300,0.0,0.0,0.0,0.0
6,0.1,100,11,tis,300,0.0,0.0,0.0,0.0
6,0.1,100,11,tis_no_cov,300,0.0,0.0,0.0,0.0
6,0.1,100,11,uniform,300,0.0,0.0,0.0,0.0
6,0.1,100,12,learned_mean,300,0.0016668978764666964,0.0001524885766444754,-0.0033279425959547087,0.2504865765828078
6,0.1,100,12,learned_occupancy,300,0.0023623951305285925,0.00023569024948130057,-0.005134358978356373,0.3549997136215233
6,0.1,100,12,oracle_no_cov,300,0.0005162284040990583,4.2603272181881314e-05,-0.0022845057530309692,0.0775742098560187
6,0.1,100,12,oracle_tail,300,0.0004926503905421713,4.119289171515158e-05,-0.0015756299108763757,0.07403111583576204
6,0.1,100,12,tis,300,0.0014675588633302334,0.00013545689837000138,0.0007295013544103431,0.2205316839136854
6,0.1,100,12,tis_no_cov,300,0.001712003761153676,0.0001563693607362467,0.0008078406056005427,0.2572646874667988
6,0.1,100,12,uniform,300,0.006654639538800356,0.0005686459203937239,0.00847904657116099,1.0
6,0.1,100,13,learned_mean,300,0.0,0.0,0.0,0.0
6,0.1,100,13,learned_occupancy,300,0.0,0.0,0.0,0.0
6,0.1,100,13,oracle_no_cov,300,0.0,0.0,0.0,0.0
6,0.1,100,13,oracle_tail,300,0.0,0.0,0.0,0.0
6,0.1,100,13,tis,300,0.0,0.0,0.0,0.0
6,0.1,100,13,tis_no_cov,300,0.0,0.0,0.0,0.0
6,0.1,100,13,uniform,300,0.0,0.0,0.0,0.0
6,0.1,100,14,learned_mean,300,0.001819132880005504,0.0002609328988428831,0.0009600367839401021,0.4799059228545668
6,0.1,100,14,learned_occupancy,300,0.0011176869813547539,9.938388321847921e-05,0.00046797184929684506,0.2948572961025064
6,0.1,100,14,oracle_no_cov,300,0.00023054037720397834,2.4580554588412627e-05,0.0010234046917882973,0.06081891745971872
6,0.1,100,14,oracle_tail,300,0.00022458606513410894,2.2726731319630104e-05,0.0012286289550167136,0.059248108828715305
6,0.1,100,14,tis,300,0.004183946578108659,0.000752821966047058,0.0036549071903234243,1.1037680456500614
6,0.1,100,14,tis_no_cov,300,0.003941557488872999,0.0007310203066874769,0.003473445341820603,1.0398233163572979
6,0.1,100,14,uniform,300,0.0037906031023434224,0.00034243320319838624,0.01741375460383358,1.0
6,0.1,100,15,learned_mean,300,0.0,0.0,0.0,0.0
6,0.1,100,15,learned_occupancy,300,0.0,0.0,0.0,0.0
6,0.1,100,15,oracle_no_cov,300,0.0,0.0,0.0,0.0
6,0.1,100,15,oracle_tail,300,0.0,0.0,0.0,0.0
6,0.1,100,15,tis,300,1.741135915048702e-05,1.4421448942451714e-05,0.00037885841267550123,17411359150.48702
6,0.1,100,15,tis_no_cov,300,1.741135915048702e-05,1.4421448942451714e-05,0.00037885841267550123,17411359150.48702
6,0.1,100,15,uniform,300,0.0,0.0,0.0,0.0
6,0.1,100,16,learned_mean,300,0.05694513188953395,0.010946301432543593,0.07869492960106332,0.5347072428842193
6,0.1,100,16,learned_occupancy,300,0.008371062055304333,0.000853520925797316,0.017159656589773486,0.07860316348529084
6,0.1,100,16,oracle_no_cov,300,0.0020989592011883993,0.00016295920386121435,0.0014393923069230975,0.01970894877495555
6,0.1,100,16,oracle_tail,300,0.0022711814647817853,0.00018124888203854548,0.0018097755449324282,0.02132609300965393
6,0.1,100,16,tis,300,0.06599750338192696,0.011114002229341051,0.0906487880648035,0.6197078117063418
6,0.1,100,16,tis_no_cov,300,0.06476998288285434,0.011092266392628782,0.0877334993750915,0.6081815568735979
6,0.1,100,16,uniform,300,0.10649777546002745,0.015191711195227832,0.07800143306630007,1.0
6,0.1,100,17,learned_mean,300,0.14508531050060508,0.061908391871569976,-0.014608058991431992,5.323758846845945
6,0.1,100,17,learned_occupancy,300,0.004662298511401496,0.0007744630877260715,0.005538374066026547,0.17107833219688273
6,0.1,100,17,oracle_no_cov,300,0.0016254234303226442,0.0001293487025815995,-0.0006307804897939355,0.05964327013667432
6,0.1,100,17,oracle_tail,300,0.0014013283053013665,9.889884646002142e-05,-0.0007205290255172617,0.05142032599263501
6,0.1,100,17,tis,300,0.13915000171934852,0.05956044331057551,-0.011119180549817689,5.1059686892900205
6,0.1,100,17,tis_no_cov,300,0.14353590879130557,0.05994576266513775,-0.01575827023856901,5.266905116935313
6,0.1,100,17,uniform,300,0.027252419704652985,0.0025503895014265606,0.01811428635665368,1.0
6,0.1,100,18,learned_mean,300,0.04731349736659726,0.017019008804095678,0.049742117384276176,0.3399084572960895
6,0.1,100,18,learned_occupancy,300,0.01748501039813296,0.0014188011466953567,0.015775376424631688,0.1256153791419223
6,0.1,100,18,oracle_no_cov,300,0.005455775870629315,0.00043335857846587596,0.0021069808567702264,0.03919525003975015
6,0.1,100,18,oracle_tail,300,0.005226005927411385,0.00039617297615850513,0.003407879824420069,0.037544542497945074
6,0.1,100,18,tis,300,0.06279654970566548,0.019061750458326948,0.06366753430882449,0.4511414188763673
6,0.1,100,18,tis_no_cov,300,0.05929368948334324,0.018677613429301288,0.0680882716161644,0.4259762571241529
6,0.1,100,18,uniform,300,0.13919482246181106,0.010087737573775495,0.03994806571614248,1.0
6,0.1,100,19,learned_mean,300,0.00900813840798666,0.00078046872553274,-0.01632701320822395,0.2732966966475166
6,0.1,100,19,learned_occupancy,300,0.00793762317701288,0.0006434112496498336,-0.010261986487912947,0.2408184793860461
6,0.1,100,19,oracle_no_cov,300,0.0012178521883286024,9.409502071185884e-05,-0.003120181276152858,0.03694825334611457
6,0.1,100,19,oracle_tail,300,0.0012402576188413849,0.00010299690644729457,-0.0016889648394689456,0.03762800868165426
6,0.1,100,19,tis,300,0.013517881458636317,0.0019710550176727432,-0.0060779361026026815,0.410117183040011
6,0.1,100,19,tis_no_cov,300,0.013501642466331454,0.001974505247633585,-0.005181146147151601,0.4096245104418781
6,0.1,100,19,uniform,300,0.0329610219167957,0.0024750365145959157,0.028433220706343024,1.0
6,0.1,100,20,learned_mean,300,0.006736001674537048,0.0005957028724598537,-0.0023078183908325878,0.21177723700684103
6,0.1,100,20,learned_occupancy,300,0.007233279673585131,0.0006143856642146782,-0.0028062636836513437,0.22741146124713288
6,0.1,100,20,oracle_no_cov,300,0.0011365203693902888,8.898354601999702e-05,0.0012679769237383639,0.035731752345208825
6,0.1,100,20,oracle_tail,300,0.0009649250505899491,7.841598717575333e-05,0.0012367242896868006,0.03033686317286586
6,0.1,100,20,tis,300,0.008503010533113142,0.000976648368351387,0.00709784730066566,0.26733129888459084
6,0.1,100,20,tis_no_cov,300,0.008377104008516972,0.0009813234567444228,0.0057704999554286825,0.26337284738941014
6,0.1,100,20,uniform,300,0.03180701462414232,0.0025842352448203544,0.02258950576009255,1.0
6,0.1,100,21,learned_mean,300,0.004305635002136128,0.0003589580659957715,-0.029123004199227663,0.3803839107944652
6,0.1,100,21,learned_occupancy,300,0.00501547040131707,0.0004247669472358329,-0.02362179036078547,0.4430947455556187
6,0.1,100,21,oracle_no_cov,300,0.0003546309912492334,3.1514063257001034e-05,-0.002963857534135313,0.03133008795993532
6,0.1,100,21,oracle_tail,300,0.0003570490287789663,3.147597655065531e-05,-0.0015984783449271107,0.03154371093809098
6,0.1,100,21,tis,300,0.005754785283052581,0.0005023019325305563,-0.024942546588687046,0.5084099629123104
6,0.1,100,21,tis_no_cov,300,0.005614736268953155,0.0004930135422604647,-0.024653758167908206,0.4960372486298366
6,0.1,100,21,uniform,300,0.011319182751824152,0.0007526822608655241,-0.0015274633137200848,1.0
6,0.1,100,22,learned_mean,300,0.0,0.0,0.0,0.0
6,0.1,100,22,learned_occupancy,300,0.0,0.0,0.0,0.0
6,0.1,100,22,oracle_no_cov,300,0.0,0.0,0.0,0.0
6,0.1,100,22,oracle_tail,300,0.0,0.0,0.0,0.0
6,0.1,100,22,tis,300,0.0,0.0,0.0,0.0
6,0.1,100,22,tis_no_cov,300,0.0,0.0,0.0,0.0
6,0.1,100,22,uniform,300,0.0,0.0,0.0,0.0
6,0.1,100,23,learned_mean,300,0.005153573688485924,0.0004924792558034415,-0.00832820507654393,0.4237212184286723
6,0.1,100,23,learned_occupancy,300,0.0032987944501259433,0.00032930498246444264,-0.0034457373944117484,0.2712232885843841
6,0.1,100,23,oracle_no_cov,300,0.0004178164719682565,3.0775550046711496e-05,-0.0007859072951787578,0.03435241548549023
6,0.1,100,23,oracle_tail,300,0.000384930818569584,2.8095619358251634e-05,-0.00014248693962212695,0.03164859286274583
6,0.1,100,23,tis,300,0.006413527699020369,0.0005900218184153952,-0.004137462352080457,0.5273132655746195
6,0.1,100,23,tis_no_cov,300,0.006400270414073939,0.0005885452575953717,-0.003216017527821278,0.5262232660383545
6,0.1,100,23,uniform,300,0.012162651914382377,0.0007947992794068789,0.00596301553906955,1.0
6,0.1,100,24,learned_mean,300,4.894451082067001e-08,4.4796904582181266e-08,1.597312718477406e-05,48944510.82067
6,0.1,100,24,learned_occupancy,300,0.0,0.0,0.0,0.0
6,0.1,100,24,oracle_no_cov,300,0.0,0.0,0.0,0.0
6,0.1,100,24,oracle_tail,300,0.0,0.0,0.0,0.0
6,0.1,100,24,tis,300,0.0,0.0,0.0,0.0
6,0.1,100,24,tis_no_cov,300,0.0,0.0,0.0,0.0
6,0.1,100,24,uniform,300,0.0,0.0,0.0,0.0
6,0.1,100,25,learned_mean,300,0.0219453507982942,0.010834629041894294,0.012751931300319276,1.5440896023583002
6,0.1,100,25,learned_occupancy,300,0.0012348008467991005,0.00017216038954135038,-0.0010691643538443697,0.08688141584293645
6,0.1,100,25,oracle_no_cov,300,0.0004993203665133171,4.063602333713911e-05,0.0018463488146302047,0.035132515914891534
6,0.1,100,25,oracle_tail,300,0.0004525523753105069,4.111190831134226e-05,0.0006813256411320208,0.03184188868349376
6,0.1,100,25,tis,300,0.022474002130769846,0.010831741201267267,0.016815893996081476,1.5812858647125094
6,0.1,100,25,tis_no_cov,300,0.022592041841061946,0.010834432031181044,0.016190554754655785,1.5895912179056597
6,0.1,100,25,uniform,300,0.014212485314826868,0.0019510337353499442,-2.0893482346192963e-05,1.0
6,0.1,100,26,learned_mean,300,0.011279949289793735,0.00733427982801479,0.0004984827343550228,4.00036093662272
6,0.1,100,26,learned_occupancy,300,0.00015138752547744553,1.1369500950639905e-05,0.00013137126390295962,0.05368860512164802
6,0.1,100,26,oracle_no_cov,300,8.899456385648053e-05,8.374353192332636e-06,0.0001816471660346064,0.031561345505813965
6,0.1,100,26,oracle_tail,300,8.582779012514706e-05,7.302440884009012e-06,0.0002101018514686744,0.03043826971845987
6,0.1,100,26,tis,300,0.011313384532494686,0.007334124638266618,0.0016572049026639787,4.012218528830905
6,0.1,100,26,tis_no_cov,300,0.011317164483312289,0.007334111426477406,0.0015720148920129844,4.013559063899336
6,0.1,100,26,uniform,300,0.0028197328862322015,0.0006854462708847205,0.008786954291186427,1.0
6,0.1,100,27,learned_mean,300,0.0029201756402983583,0.0008005305949453055,0.01911078690194757,0.44846234148448877
6,0.1,100,27,learned_occupancy,300,0.00029144412260820963,9.531325734156177e-05,0.0066281970916157815,0.04475816859543974
6,0.1,100,27,oracle_no_cov,300,0.006511529219225111,0.000992497373685178,0.03863570987209913,1.0
6,0.1,100,27,oracle_tail,300,0.006511529219225111,0.000992497373685178,0.03863570987209913,1.0
6,0.1,100,27,tis,300,0.0056714449852935415,0.0011115063625540692,0.02992748552580764,0.8709851087742578
6,0.1,100,27,tis_no_cov,300,0.0056676281049794445,0.0011114241758055554,0.029853389256246102,0.8703989361279264
6,0.1,100,27,uniform,300,0.006511529219225111,0.000992497373685178,0.03863570987209913,1.0
6,0.1,100,28,learned_mean,300,0.003764741779341733,0.000767184663081734,-0.0001619633575586939,0.3581594533075164
6,0.1,100,28,learned_occupancy,300,0.002453811150533991,0.00030681878098577447,-0.002460978608531338,0.23344380882048446
6,0.1,100,28,oracle_no_cov,300,0.0005537358744617245,3.9838701299804396e-05,-0.0010013372535434373,0.052679771867022475
6,0.1,100,28,oracle_tail,300,0.0005301857771456579,4.082691699047991e-05,-0.0014871500386189032,0.05043932870400267
6,0.1,100,28,tis,300,0.005864084766678971,0.0008582177537838405,0.018911173662989767,0.5578808633589498
6,0.1,100,28,tis_no_cov,300,0.005937915028421839,0.0008568487572557661,0.02031093215639732,0.5649047199029703
6,0.1,100,28,uniform,300,0.01051135672833775,0.0008272945894908331,0.020997791550730092,1.0
6,0.1,100,29,learned_mean,300,0.00020841537601172966,0.00019153503951546648,0.00120172977929388,1.1706158070810613
6,0.1,100,29,learned_occupancy,300,4.935543034399417e-07,4.927310262972477e-07,4.0560831000689225e-05,0.002772168159162891
6,0.1,100,29,oracle_no_cov,300,0.0001780390925451578,8.532478290190522e-05,0.0020570537424005487,1.0
6,0.1,100,29,oracle_tail,300,0.0001780390925451578,8.532478290190522e-05,0.0020570537424005487,1.0
6,0.1,100,29,tis,300,0.00016043322571681893,0.00010400913352691701,0.0016824198863043544,0.9011123536036149
6,0.1,100,29,tis_no_cov,300,0.00016043322571681893,0.00010400913352691701,0.0016824198863043544,0.9011123536036149
6,0.1,100,29,uniform,300,0.0001780390925451578,8.532478290190522e-05,0.0020570537424005487,1.0
6,0.1,100,30,learned_mean,300,9.668326662170685e-06,9.55608932789043e-07,-0.00033696395821008584,0.04510233965452959
6,0.1,100,30,learned_occupancy,300,1.9467342356380572e-05,2.0943821665015732e-06,-0.00035534669720162096,0.09081433817952503
6,0.1,100,30,oracle_no_cov,300,0.05339469683658784,0.021149985793416065,0.051976932749117175,249.0840283559201
6,0.1,100,30,oracle_tail,300,0.05339364406555202,0.021143056418482683,0.052219424362107116,249.07911722305346
6,0.1,100,30,tis,300,0.0037759661592106936,0.0031309658967510097,0.006129363053118183,17.614724262791327
6,0.1,100,30,tis_no_cov,300,0.0037851031746656337,0.0031413488874655797,0.006178266856102391,17.657348057877794
6,0.1,100,30,uniform,300,0.00021436419343712923,4.485700034738364e-05,-6.05735393050307e-05,1.0
6,0.1,100,31,learned_mean,300,0.004468750202315896,0.0005183691914688727,0.0010332001780290734,0.3441330974166534
6,0.1,100,31,learned_occupancy,300,0.00311495222517286,0.00035390235652251,-0.003783230152834037,0.23987873768332332
6,0.1,100,31,oracle_no_cov,300,0.0004909492127071817,3.777788696125696e-05,-0.0009318471966075418,0.037807410482606926
6,0.1,100,31,oracle_tail,300,0.0004079793857200967,3.082545300944489e-05,-0.00037856771100347464,0.03141800354319192
6,0.1,100,31,tis,300,0.0049914063696357095,0.0005531751779596165,0.0020731596659940826,0.3843822224741406
6,0.1,100,31,tis_no_cov,300,0.005047351754171553,0.0005519159354768191,0.0027527364023698345,0.3886905094883729
6,0.1,100,31,uniform,300,0.012985528668593687,0.0008569876896513032,6.178372344679588e-05,1.0
6,0.1,100,32,learned_mean,300,0.0007833190514383906,0.0003032521130943582,0.0054520776716061575,0.579061540976295
6,0.1,100,32,learned_occupancy,300,3.576462300457869e-07,1.7314762406075555e-07,8.477854722507468e-05,0.0002643867485597145
6,0.1,100,32,oracle_no_cov,300,0.001352738864538851,0.0004267117925373528,0.011883324558392944,1.0
6,0.1,100,32,oracle_tail,300,0.001352738864538851,0.0004267117925373528,0.011883324558392944,1.0
6,0.1,100,32,tis,300,0.00191858327403028,0.0004827553562142936,0.012909563416325391,1.4182953741661926
6,0.1,100,32,tis_no_cov,300,0.0019180970338158359,0.00048259011254045317,0.012908488207725879,1.4179359254749553
6,0.1,100,32,uniform,300,0.001352738864538851,0.0004267117925373528,0.011883324558392944,1.0
6,0.1,100,33,learned_mean,300,0.0012364205447058319,0.0001329409549096306,0.00019686340903076008,0.190655592620235
6,0.1,100,33,learned_occupancy,300,0.0013229003388442065,0.00013187464402471087,-0.00170387523184882,0.20399074502588393
6,0.1,100,33,oracle_no_cov,300,0.00011804716742323462,9.512897469719046e-06,-0.00027607752966983664,0.01820282973991797
6,0.1,100,33,oracle_tail,300,9.707618808726967e-05,6.950933012493432e-06,-0.000743217402245242,0.014969112449919077
6,0.1,100,33,tis,300,0.0013910727793906062,0.00016764166304490867,0.0026621597459488763,0.21450291025024448
6,0.1,100,33,tis_no_cov,300,0.0013784383408936695,0.00016229847097270193,0.003184496746277599,0.21255468448727763
6,0.1,100,33,uniform,300,0.006485099795465459,0.000724144909049115,0.004962628695660095,1.0
6,0.1,100,34,learned_mean,300,5.716367554006005e-07,5.706832322089983e-07,4.365152747997869e-05,571636755.4006004
6,0.1,100,34,learned_occupancy,300,0.0,0.0,0.0,0.0
6,0.1,100,34,oracle_no_cov,300,0.0,0.0,0.0,0.0
6,0.1,100,34,oracle_tail,300,0.0,0.0,0.0,0.0
6,0.1,100,34,tis,300,0.0,0.0,0.0,0.0
6,0.1,100,34,tis_no_cov,300,0.0,0.0,0.0,0.0
6,0.1,100,34,uniform,300,0.0,0.0,0.0,0.0
6,0.1,100,35,learned_mean,300,0.0,0.0,0.0,0.0
6,0.1,100,35,learned_occupancy,300,0.0,0.0,0.0,0.0
6,0.1,100,35,oracle_no_cov,300,0.0,0.0,0.0,0.0
6,0.1,100,35,oracle_tail,300,0.0,0.0,0.0,0.0
6,0.1,100,35,tis,300,0.0,0.0,0.0,0.0
6,0.1,100,35,tis_no_cov,300,0.0,0.0,0.0,0.0
6,0.1,100,35,uniform,300,0.0,0.0,0.0,0.0
6,0.1,100,36,learned_mean,300,0.0021972863524912785,0.0019464114418172736,-0.0019154315502553768,0.10646777285636438
6,0.1,100,36,learned_occupancy,300,0.0006234118147531038,5.95719049856958e-05,-0.002505373383793604,0.0302069265636923
6,0.1,100,36,oracle_no_cov,300,0.00022811108263822197,1.6968299544565483e-05,-7.958155893589798e-05,0.011052942146029181
6,0.1,100,36,oracle_tail,300,0.00022719550226905712,1.8453635614854438e-05,-0.00011425964274205391,0.011008578423173728
6,0.1,100,36,tis,300,0.0022196625470136473,0.0019508947784921257,-0.0019194588855725064,0.10755199366950341
6,0.1,100,36,tis_no_cov,300,0.002222861487615884,0.001955222973876023,-0.0017600903126450485,0.10770699580704174
6,0.1,100,36,uniform,300,0.02063804185568563,0.0020792141602135675,0.02147506594611432,1.0
6,0.1,100,37,learned_mean,300,0.46353803119604114,0.09763481093743423,-0.05965578135427552,4.063159815772097
6,0.1,100,37,learned_occupancy,300,0.008784811089189005,0.0007681057878611464,0.0033605585854022514,0.07700358763366712
6,0.1,100,37,oracle_no_cov,300,0.0018399680231716798,0.00015370000375354952,-0.00035890482500908314,0.01612830799398848
6,0.1,100,37,oracle_tail,300,0.0016751052219834547,0.00013554003037100106,0.0001323271599672893,0.014683196991607061
6,0.1,100,37,tis,300,0.46328710488421015,0.09756858337262574,-0.06640511902689732,4.060960311873095
6,0.1,100,37,tis_no_cov,300,0.4495123583602112,0.09751561166859295,-0.061896174525607556,3.940217259993737
6,0.1,100,37,uniform,300,0.11408314026849517,0.01163884917636587,-0.014181640074625369,1.0
6,0.1,100,38,learned_mean,300,0.04846195621653551,0.0077539793574124515,-0.010779051792409539,0.6857913985985787
6,0.1,100,38,learned_occupancy,300,0.015898221068757188,0.0014629394816161208,-0.03746219382578914,0.22497777871897504
6,0.1,100,38,oracle_no_cov,300,0.0027436181626419322,0.00025421574549299076,-0.005482383232585791,0.03882529480592196
6,0.1,100,38,oracle_tail,300,0.0024936489815071275,0.00022115500006274604,-0.004802613525268035,0.03528794865400398
6,0.1,100,38,tis,300,0.04482700945121379,0.007545368301003089,-0.004999518129768831,0.6343527976703974
6,0.1,100,38,tis_no_cov,300,0.04484076234512738,0.007511962557408605,-0.004214848439683063,0.6345474166475934
6,0.1,100,38,uniform,300,0.07066573934226644,0.005642149311357928,-0.003953808592694599,1.0
6,0.1,100,39,learned_mean,300,0.0029168713734270533,0.0002553988951926792,-0.005456189822360496,0.2221509683185635
6,0.1,100,39,learned_occupancy,300,0.003055169545813982,0.00025289229480735594,-0.0067161615582098065,0.23268385406468645
6,0.1,100,39,oracle_no_cov,300,0.0004343250723614354,4.2496265502984996e-05,0.0025024136740115816,0.03307850194188071
6,0.1,100,39,oracle_tail,300,0.0004075618800736496,4.100673314414218e-05,0.0035433220571931983,0.03104019845815796
6,0.1,100,39,tis,300,0.007790987753410638,0.0007959826458615564,0.021836584642594317,0.5933670882253345
6,0.1,100,39,tis_no_cov,300,0.007613989559602826,0.0007512463220283495,0.021576958949579103,0.5798867817218479
6,0.1,100,39,uniform,300,0.013130131259406768,0.0011581017205547358,0.029522186087831893,1.0
6,0.1,100,40,learned_mean,300,0.0023713488056067325,0.00039375774756813934,-0.00017513451225119306,0.2754683888218096
6,0.1,100,40,learned_occupancy,300,0.0018243444556812034,0.00013207593362595955,-0.004862841518749321,0.21192547746425697
6,0.1,100,40,oracle_no_cov,300,0.0007690516159724021,6.385818473105884e-05,0.002138536245185193,0.0893370933334807
6,0.1,100,40,oracle_tail,300,0.0007278819892472719,5.777786220045883e-05,0.0015260393785696902,0.08455461227647515
6,0.1,100,40,tis,300,0.003004208817170785,0.0006232006060633852,0.004943458218507562,0.34898474682157526
6,0.1,100,40,tis_no_cov,300,0.002952580523616626,0.0006017741969065864,0.003421936693837306,0.3429873318443447
6,0.1,100,40,uniform,300,0.008608424421216154,0.0006573955009359362,0.005682522989629247,1.0
6,0.1,100,41,learned_mean,300,0.03958243776520259,0.009942232105963629,0.024967033301550437,1.2243409825857499
6,0.1,100,41,learned_occupancy,300,0.0076741162770426405,0.0011288270916591109,-0.0007577774127552968,0.23737130893367034
6,0.1,100,41,oracle_no_cov,300,0.0018904122628610057,0.0001530792418928227,0.0002141819482785771,0.05847313450305247
6,0.1,100,41,oracle_tail,300,0.0019443863646255034,0.0001474232648794281,-0.00039549789787796406,0.06014263008037193
6,0.1,100,41,tis,300,0.043133468947246345,0.01013890339394669,0.03123747121401615,1.3341794173078827
6,0.1,100,41,tis_no_cov,300,0.041864801763186466,0.009722468686312498,0.0300151215908365,1.2949377405844829
6,0.1,100,41,uniform,300,0.03232958655162091,0.003311633198934817,0.024073143934082157,1.0
6,0.1,100,42,learned_mean,300,0.01629864216630594,0.009350098745482108,0.011402467612743156,0.7893574765916339
6,0.1,100,42,learned_occupancy,300,0.006063671448812142,0.0012665149772946298,-0.003863508825385266,0.2936689047391927
6,0.1,100,42,oracle_no_cov,300,0.001360350764045457,0.00012212313014635184,-3.873361295109845e-05,0.06588297573685543
6,0.1,100,42,oracle_tail,300,0.001239456255763326,0.00010062964686165234,-0.00021698843545309526,0.06002794910226566
6,0.1,100,42,tis,300,0.017149234208607186,0.009947597492468912,0.013296088181901726,0.8305523921722618
6,0.1,100,42,tis_no_cov,300,0.017107651093747404,0.009612379385476145,0.01206358874386062,0.8285384855977378
6,0.1,100,42,uniform,300,0.020647986051493216,0.002623932547093444,-0.011374802729483734,1.0
6,0.1,100,43,learned_mean,300,0.0030015579140652508,0.00037806574365858504,-0.006333404751888058,0.42320111390732273
6,0.1,100,43,learned_occupancy,300,0.003311310650837008,0.0004064795307280238,-0.007076384485435356,0.46687433527792316
6,0.1,100,43,oracle_no_cov,300,0.00032664717838308034,2.3752402227384838e-05,-6.65908178696284e-05,0.04605523321693216
6,0.1,100,43,oracle_tail,300,0.00030796114212028173,2.349560506336891e-05,7.883711923722761e-05,0.04342061759819881
6,0.1,100,43,tis,300,0.004039206929736777,0.000490459060535837,-0.006337179328323925,0.5695032116343901
6,0.1,100,43,tis_no_cov,300,0.004026842028932104,0.00046963430305380717,-0.006590757578298937,0.5677598370456907
6,0.1,100,43,uniform,300,0.007092509484090265,0.0005624242068073352,-0.0032900519958677294,1.0
6,0.1,100,44,learned_mean,300,0.0,0.0,0.0,0.0
6,0.1,100,44,learned_occupancy,300,0.0,0.0,0.0,0.0
6,0.1,100,44,oracle_no_cov,300,0.0,0.0,0.0,0.0
6,0.1,100,44,oracle_tail,300,0.0,0.0,0.0,0.0
6,0.1,100,44,tis,300,0.0,0.0,0.0,0.0
6,0.1,100,44,tis_no_cov,300,0.0,0.0,0.0,0.0
6,0.1,100,44,uniform,300,0.0,0.0,0.0,0.0
6,0.1,100,45,learned_mean,300,0.002424999119895089,0.00030033976872459537,0.0004769094187229491,0.1874874332725613
6,0.1,100,45,learned_occupancy,300,0.0023393072150248236,0.0002595908480266862,0.004528460842360012,0.18086221218915832
6,0.1,100,45,oracle_no_cov,300,0.00032756798784845545,2.603091471394664e-05,0.001072204315532922,0.025325733424027556
6,0.1,100,45,oracle_tail,300,0.000319423374818749,2.413199694501872e-05,0.0013973081062027732,0.024696037281290818
6,0.1,100,45,tis,300,0.005693930349676241,0.0010516578258466514,0.012664181521106108,0.44022299956122046
6,0.1,100,45,tis_no_cov,300,0.005720591552350118,0.0010522800564734126,0.01273132017528254,0.4422842953432581
6,0.1,100,45,uniform,300,0.012934195522159226,0.0014202322086453913,0.025240985877940648,1.0
6,0.1,100,46,learned_mean,300,0.44549360324018106,0.036273967392323386,0.285806799146118,1.5725936736696289
6,0.1,100,46,learned_occupancy,300,0.02329620587702711,0.0020997594975442676,0.0035281717179098996,0.08223567233347369
6,0.1,100,46,oracle_no_cov,300,0.01130346432191496,0.0009000081471252364,0.0030982858162654945,0.03990126087985667
6,0.1,100,46,oracle_tail,300,0.010472615137576316,0.0008313970764040969,0.0025584684402434436,0.0369683609199888
6,0.1,100,46,tis,300,0.45936019572297404,0.03604480573138664,0.3152635096764529,1.6215427841735532
6,0.1,100,46,tis_no_cov,300,0.4562712956401498,0.03597768530440953,0.31425007426929347,1.6106389581847698
6,0.1,100,46,uniform,300,0.2832858930435775,0.019252532523211668,0.0417071315185293,1.0
6,0.1,100,47,learned_mean,300,0.28285548087497636,0.031035739518617034,0.03933954919918915,1.3304496375315626
6,0.1,100,47,learned_occupancy,300,0.03663344877054204,0.0033977232922549395,-0.011924004197181141,0.17231046217499885
6,0.1,100,47,oracle_no_cov,300,0.0067138801079418865,0.0004921488138026639,-0.0026927998508876378,0.03157965802327817
6,0.1,100,47,oracle_tail,300,0.006146068735422801,0.0005079591468793218,-0.004325782511128445,0.02890887917742569
6,0.1,100,47,tis,300,0.27821573224929014,0.02946812648489535,0.05211923308916189,1.308625942059279
6,0.1,100,47,tis_no_cov,300,0.27837262372474925,0.029636274937826317,0.059541745844938286,1.3093639026814692
6,0.1,100,47,uniform,300,0.21260141902084295,0.015769084763764898,0.037133901608762045,1.0
6,0.1,100,48,learned_mean,300,0.15203074380534223,0.041448453812171895,-0.010840378538319402,3.604752005778335
6,0.1,100,48,learned_occupancy,300,0.01082337134607097,0.0012129909362750227,-0.01601835919989629,0.2566294723847961
6,0.1,100,48,oracle_no_cov,300,0.002244422203736275,0.00019549565951781266,-0.002204925303102381,0.053216772070067794
6,0.1,100,48,oracle_tail,300,0.0020980620172500893,0.00018381007045630083,-0.0030445922803660386,0.049746472822714966
6,0.1,100,48,tis,300,0.15284821270672155,0.04145618450862504,-0.011395743508021729,3.6241347476379784
6,0.1,100,48,tis_no_cov,300,0.15316713878592872,0.04144022404618982,-0.01090402989232938,3.631696701193827
6,0.1,100,48,uniform,300,0.042175090980361596,0.003557753451458635,-0.0051233842679135385,1.0
6,0.1,100,49,learned_mean,300,0.022644521906034134,0.0026827584184664706,0.027785161743515027,1.1634197164239484
6,0.1,100,49,learned_occupancy,300,0.0035808494441796116,0.00043813354898314985,-0.0038758808468033626,0.18397521759088964
6,0.1,100,49,oracle_no_cov,300,0.0012546287396796537,0.0001043421647267491,-0.0021047344356343966,0.06445973196486342
6,0.1,100,49,oracle_tail,300,0.0011651862244971823,9.866580599403003e-05,-0.0012332061104197874,0.05986439601201617
6,0.1,100,49,tis,300,0.0279452666445812,0.0032570324311049564,0.031788845943181494,1.435758914670074
6,0.1,100,49,tis_no_cov,300,0.028378428419854204,0.003421933245458991,0.03284599689844621,1.458013698932908
6,0.1,100,49,uniform,300,0.019463759799118366,0.0016930263775652191,0.02912589892749286,1.0
6,0.1,200,0,learned_mean,300,0.0003259530215214045,2.8013090824313545e-05,-0.001688747884003538,0.05516179211126267
6,0.1,200,0,learned_occupancy,300,0.00041195019061226573,3.216871466550219e-05,-0.0016885268552007827,0.06971529415092909
6,0.1,200,0,oracle_no_cov,300,0.0001371821773275107,1.1291414388626441e-05,-0.00032661348322837735,0.023215660685672143
6,0.1,200,0,oracle_tail,300,0.00013507206500353936,1.1554325898143287e-05,-0.0005036664923894296,0.02285856144234245
6,0.1,200,0,tis,300,0.00044193722907642286,6.722912743641459e-05,-0.0014798397173104302,0.07479007079840878
6,0.1,200,0,tis_no_cov,300,0.0004188771415551903,6.279393676901787e-05,-0.0018790717193289182,0.07088755825848371
6,0.1,200,0,uniform,300,0.005909036110791132,0.0004987380616209273,0.008963907394593467,1.0
6,0.1,200,1,learned_mean,300,0.0,0.0,0.0,0.0
6,0.1,200,1,learned_occupancy,300,0.0,0.0,0.0,0.0
6,0.1,200,1,oracle_no_cov,300,0.0,0.0,0.0,0.0
6,0.1,200,1,oracle_tail,300,0.0,0.0,0.0,0.0
6,0.1,200,1,tis,300,0.0,0.0,0.0,0.0
6,0.1,200,1,tis_no_cov,300,0.0,0.0,0.0,0.0
6,0.1,200,1,uniform,300,0.0,0.0,0.0,0.0
6,0.1,200,2,learned_mean,300,0.07186382856466841,0.006407075801513601,0.07005419641813267,1.643511024259966
6,0.1,200,2,learned_occupancy,300,0.004961237722520391,0.0004790856974294443,0.007449797210799973,0.11346248945808989
6,0.1,200,2,oracle_no_cov,300,0.0020894598790769593,0.00017324168603345406,0.003450878602548668,0.04778551901004918
6,0.1,200,2,oracle_tail,300,0.0019992499556449063,0.00017493393016552194,0.0036513006099416056,0.04572243655786936
6,0.1,200,2,tis,300,0.07700273174962344,0.006620101590564475,0.07212888005710248,1.7610366864152744
6,0.1,200,2,tis_no_cov,300,0.07803521345952842,0.00682125930459434,0.07242531879739054,1.7846493314199672
6,0.1,200,2,uniform,300,0.043725796483188785,0.0035847125863932667,0.020122220428976427,1.0
6,0.1,200,3,learned_mean,300,0.21239853670295983,0.026995756696927352,0.046283184139730135,4.487617410158931
6,0.1,200,3,learned_occupancy,300,0.004241011887025443,0.00043024604822757684,-0.0056243320502272634,0.08960531968034573
6,0.1,200,3,oracle_no_cov,300,0.002340873283387086,0.0001899000439999335,-0.0007008309087016329,0.04945864441709876
6,0.1,200,3,oracle_tail,300,0.0021511480809768466,0.0001688055728862859,-0.0005841742017802639,0.045450075739091225
6,0.1,200,3,tis,300,0.23457913409078696,0.026690435686201806,0.054280602566775686,4.956255455177778
6,0.1,200,3,tis_no_cov,300,0.23918168432356282,0.02702259514174644,0.05292261939516719,5.053499461075151
6,0.1,200,3,uniform,300,0.04732991190874215,0.0037505450536581947,0.01356690619309784,1.0
6,0.1,200,4,learned_mean,300,0.0,0.0,0.0,0.0
6,0.1,200,4,learned_occupancy,300,0.0,0.0,0.0,0.0
6,0.1,200,4,oracle_no_cov,300,0.0,0.0,0.0,0.0
6,0.1,200,4,oracle_tail,300,0.0,0.0,0.0,0.0
6,0.1,200,4,tis,300,0.0,0.0,0.0,0.0
6,0.1,200,4,tis_no_cov,300,0.0,0.0,0.0,0.0
6,0.1,200,4,uniform,300,0.0,0.0,0.0,0.0
6,0.1,200,5,learned_mean,300,1.4928609987206798e-05,1.348012028026815e-05,0.00033210697750216974,14928609987.206797
6,0.1,200,5,learned_occupancy,300,0.0,0.0,0.0,0.0
6,0.1,200,5,oracle_no_cov,300,0.0,0.0,0.0,0.0
6,0.1,200,5,oracle_tail,300,0.0,0.0,0.0,0.0
6,0.1,200,5,tis,300,0.0,0.0,0.0,0.0
6,0.1,200,5,tis_no_cov,300,0.0,0.0,0.0,0.0
6,0.1,200,5,uniform,300,0.0,0.0,0.0,0.0
6,0.1,200,6,learned_mean,300,0.25982462006709883,0.019146797350448986,0.2108316797228199,0.9012308423641018
6,0.1,200,6,learned_occupancy,300,0.02083948088037341,0.001779592983692175,0.001836176889152017,0.07228407724948985
6,0.1,200,6,oracle_no_cov,300,0.010062752098269328,0.000961363437401976,0.008872462483921694,0.03490378451311656
6,0.1,200,6,oracle_tail,300,0.00938838894899697,0.000888555555804962,0.0036700573624426523,0.03256468027841746
6,0.1,200,6,tis,300,0.4005280911337593,0.03095237376538326,0.2403401706185443,1.3892766161641832
6,0.1,200,6,tis_no_cov,300,0.39868765123464134,0.03090155883628441,0.24037514894640016,1.3828928439097516
6,0.1,200,6,uniform,300,0.28829974281120796,0.02232304494164243,0.12586312313104775,1.0
6,0.1,200,7,learned_mean,300,0.0022956269369663806,0.00021153224544402538,-0.005951696404319425,0.225457870620616
6,0.1,200,7,learned_occupancy,300,0.002304780364143965,0.0002032993026275163,-0.003955171927926197,0.22635684604519707
6,0.1,200,7,oracle_no_cov,300,0.0002492314377992892,1.8339923602822588e-05,-0.0007259280382685844,0.02447749168346911
6,0.1,200,7,oracle_tail,300,0.00020912878277434168,1.588730524824332e-05,-8.796825752993417e-05,0.020538933957662885
6,0.1,200,7,tis,300,0.003842070219254884,0.0004475855635893683,0.00045425891769877805,0.3773369951621086
6,0.1,200,7,tis_no_cov,300,0.003836044019630344,0.0004463003733494692,0.00016897606255194617,0.3767451506801481
6,0.1,200,7,uniform,300,0.010182066080226995,0.0012945517983396835,0.02454662054425822,1.0
6,0.1,200,8,learned_mean,300,0.0,0.0,0.0,0.0
6,0.1,200,8,learned_occupancy,300,0.0,0.0,0.0,0.0
6,0.1,200,8,oracle_no_cov,300,0.0,0.0,0.0,0.0
6,0.1,200,8,oracle_tail,300,0.0,0.0,0.0,0.0
6,0.1,200,8,tis,300,0.0,0.0,0.0,0.0
6,0.1,200,8,tis_no_cov,300,0.0,0.0,0.0,0.0
6,0.1,200,8,uniform,300,0.0,0.0,0.0,0.0
6,0.1,200,9,learned_mean,300,0.0007992763334927917,0.0001695905153444687,0.006374123167401711,0.17406063669488772
6,0.1,200,9,learned_occupancy,300,0.0006620140919647721,0.00011682833586830753,0.0075878295133058205,0.14416865546966104
6,0.1,200,9,oracle_no_cov,300,0.00010999488168011298,1.0697854870349956e-05,0.0011205341001311528,0.023953892209911124
6,0.1,200,9,oracle_tail,300,0.00010583662206197025,9.561274973013582e-06,0.001406887557807165,0.023048336413565136
6,0.1,200,9,tis,300,0.0031715394462841027,0.000567002530239484,0.020876577490940233,0.6906749921028923
6,0.1,200,9,tis_no_cov,300,0.003173049780246735,0.0005671727304321785,0.020784642544405204,0.6910039017429525
6,0.1,200,9,uniform,300,0.004591941915585714,0.0005814176174544473,0.032988782896631444,1.0
6,0.1,200,10,learned_mean,300,2.724865607734695e-06,2.0574979728563444e-06,0.00013218103696006734,0.045676870952557215
6,0.1,200,10,learned_occupancy,300,0.0,0.0,0.0,0.0
6,0.1,200,10,oracle_no_cov,300,5.965525989214337e-05,5.6619014728002666e-05,0.0006281750579643456,1.0
6,0.1,200,10,oracle_tail,300,5.965525989214337e-05,5.6619014728002666e-05,0.0006281750579643456,1.0
6,0.1,200,10,tis,300,0.00011263791261412697,7.846605311511398e-05,0.0012309842477170984,1.8881472114575673
6,0.1,200,10,tis_no_cov,300,0.00011261607192536533,7.846600990010354e-05,0.0012301187171908324,1.8877810964024804
6,0.1,200,10,uniform,300,5.965525989214337e-05,5.6619014728002666e-05,0.0006281750579643456,1.0
6,0.1,200,11,learned_mean,300,0.0,0.0,0.0,0.0
6,0.1,200,11,learned_occupancy,300,0.0,0.0,0.0,0.0
6,0.1,200,11,oracle_no_cov,300,0.0,0.0,0.0,0.0
6,0.1,200,11,oracle_tail,300,0.0,0.0,0.0,0.0
6,0.1,200,11,tis,300,0.0,0.0,0.0,0.0
6,0.1,200,11,tis_no_cov,300,0.0,0.0,0.0,0.0
6,0.1,200,11,uniform,300,0.0,0.0,0.0,0.0
6,0.1,200,12,learned_mean,300,0.0007315344377816308,7.934248868423651e-05,-0.0005457127521949416,0.28095983572004785
6,0.1,200,12,learned_occupancy,300,0.001165630019871144,0.00010835038797210792,-0.0015904090123104897,0.4476825723837116
6,0.1,200,12,oracle_no_cov,300,0.0002701000597093312,2.2680253884579812e-05,-3.646933560019624e-05,0.10373710994937711
6,0.1,200,12,oracle_tail,300,0.00023407613190525899,1.9050349580502613e-05,3.34113170203428e-05,0.08990142933738073
6,0.1,200,12,tis,300,0.0005920670087381259,6.165005069389305e-05,0.0010461653586906917,0.22739469383665573
6,0.1,200,12,tis_no_cov,300,0.0006515922087955755,7.388136439947977e-05,0.0010803210834409041,0.25025648894237884
6,0.1,200,12,uniform,300,0.0026036975566519818,0.00027495022805738785,0.003801557957343868,1.0
6,0.1,200,13,learned_mean,300,0.0,0.0,0.0,0.0
6,0.1,200,13,learned_occupancy,300,0.0,0.0,0.0,0.0
6,0.1,200,13,oracle_no_cov,300,0.0,0.0,0.0,0.0
6,0.1,200,13,oracle_tail,300,0.0,0.0,0.0,0.0
6,0.1,200,13,tis,300,0.0,0.0,0.0,0.0
6,0.1,200,13,tis_no_cov,300,0.0,0.0,0.0,0.0
6,0.1,200,13,uniform,300,0.0,0.0,0.0,0.0
6,0.1,200,14,learned_mean,300,0.0007028835693725204,6.950844855151486e-05,-0.00032297615571123947,0.36421952553640746
6,0.1,200,14,learned_occupancy,300,0.0004963395294165782,4.749227919079176e-05,-0.00026457977873091415,0.257192735448992
6,0.1,200,14,oracle_no_cov,300,0.00015959646671332835,1.2968535973839367e-05,-0.0007987044720262571,0.08269954216671728
6,0.1,200,14,oracle_tail,300,0.00013846442112818734,1.1410504914367895e-05,-0.0007776865937484478,0.07174935930285434
6,0.1,200,14,tis,300,0.00197703980016205,0.0004423699721270926,-0.002378203550699888,1.0244605641079985
6,0.1,200,14,tis_no_cov,300,0.0017866645317524824,0.0004392086534968631,-0.0008308661380618535,0.925812092361961
6,0.1,200,14,uniform,300,0.0019298349486819592,0.00016905545906557046,0.006080663615441629,1.0
6,0.1,200,15,learned_mean,300,0.0,0.0,0.0,0.0
6,0.1,200,15,learned_occupancy,300,0.0,0.0,0.0,0.0
6,0.1,200,15,oracle_no_cov,300,0.0,0.0,0.0,0.0
6,0.1,200,15,oracle_tail,300,0.0,0.0,0.0,0.0
6,0.1,200,15,tis,300,0.0,0.0,0.0,0.0
6,0.1,200,15,tis_no_cov,300,0.0,0.0,0.0,0.0
6,0.1,200,15,uniform,300,0.0,0.0,0.0,0.0
6,0.1,200,16,learned_mean,300,0.024991247455829223,0.00344123234226549,0.03453404870349016,0.6455517049727127
6,0.1,200,16,learned_occupancy,300,0.0033733143653868814,0.0002578476869928238,0.0064995650348162026,0.08713646022805908
6,0.1,200,16,oracle_no_cov,300,0.0014911196680905772,0.00013316590280499957,0.006805534182060707,0.03851727872950543
6,0.1,200,16,oracle_tail,300,0.001451823329571436,0.00012603308299927136,0.006204271053747489,0.037502210619157886
6,0.1,200,16,tis,300,0.029554692334410486,0.0035922055043778604,0.04507015858422984,0.7634305594446205
6,0.1,200,16,tis_no_cov,300,0.02897217229746654,0.0035555326031162728,0.042963083363283645,0.7483834192930704
6,0.1,200,16,uniform,300,0.03871300666285994,0.004052333598888368,0.027449917265255978,1.0
6,0.1,200,17,learned_mean,300,0.058433620058919736,0.02191627416934248,-0.0025578745694115252,3.6640986897801753
6,0.1,200,17,learned_occupancy,300,0.002244555253698169,0.00020547630138707384,-0.002811603576353945,0.1407455494956838
6,0.1,200,17,oracle_no_cov,300,0.0007508908333155438,5.772586430599217e-05,-0.0007195277285152768,0.04708484799923744
6,0.1,200,17,oracle_tail,300,0.0006817970803603957,5.306657698792913e-05,-0.0011076471209216932,0.04275230229319218
6,0.1,200,17,tis,300,0.061397495522790044,0.020940503939247034,-0.008179179184479518,3.8499494413319106
6,0.1,200,17,tis_no_cov,300,0.0597286249882526,0.02080706142924188,-0.008351102097676696,3.7453023848454974
6,0.1,200,17,uniform,300,0.015947610860455676,0.0014292102691789046,-0.0005990992363891253,1.0
6,0.1,200,18,learned_mean,300,0.06142146192251077,0.019876982028044294,0.006750745587118008,0.801609527538074
6,0.1,200,18,learned_occupancy,300,0.008746521598155641,0.001092216552086377,-0.004188220718509035,0.11415057255954839
6,0.1,200,18,oracle_no_cov,300,0.002870117996163584,0.0002139124824302362,0.002219292704998296,0.03745781781921426
6,0.1,200,18,oracle_tail,300,0.0025547541724086084,0.00020686166550128017,0.002766714795199527,0.03334201468053683
6,0.1,200,18,tis,300,0.101225580943284,0.024073219670831893,0.003689506532053707,1.3210918069173174
6,0.1,200,18,tis_no_cov,300,0.10593312711622178,0.024189263883709636,-0.0015503896886455845,1.3825298408786892
6,0.1,200,18,uniform,300,0.07662266953232219,0.006261191026777928,0.04185446678387993,1.0
6,0.1,200,19,learned_mean,300,0.003449870653979447,0.0004649776127398681,-0.008238438249001993,0.17990636869911714
6,0.1,200,19,learned_occupancy,300,0.0035070507282663256,0.00032006040473155485,-0.007329660614072733,0.1828882368787348
6,0.1,200,19,oracle_no_cov,300,0.0004979231054527203,3.96668874954596e-05,-0.0014392396154433843,0.025966056927396952
6,0.1,200,19,oracle_tail,300,0.0005026549411587936,4.031807732460073e-05,0.00019486671990831428,0.026212816143768882
6,0.1,200,19,tis,300,0.004941371565139394,0.0007410048248586999,-0.002088953440135258,0.25768624503410076
6,0.1,200,19,tis_no_cov,300,0.005081812582213697,0.000746458343875367,-0.0026792250108895665,0.26501006552838624
6,0.1,200,19,uniform,300,0.019175922892141487,0.001500881560211523,0.0035974674739865146,1.0
6,0.1,200,20,learned_mean,300,0.0028873862344361498,0.00029254752809973423,-0.005254948249333853,0.23253084230157947
6,0.1,200,20,learned_occupancy,300,0.0035452086986243387,0.000352572605274925,-0.0031445757538532204,0.28550747904600554
6,0.1,200,20,oracle_no_cov,300,0.00046136585751990587,3.307573904212384e-05,0.00048710238579445714,0.03715533106683396
6,0.1,200,20,oracle_tail,300,0.0004168439738487766,2.885718218789533e-05,-0.00024163294994508088,0.03356983530342346
6,0.1,200,20,tis,300,0.0036356430252794396,0.00040107821288035296,-0.002879762539682932,0.2927904569515206
6,0.1,200,20,tis_no_cov,300,0.0036958916962763788,0.0004316511653948389,-0.0029718865445742737,0.29764248334389715
6,0.1,200,20,uniform,300,0.012417218317608688,0.0011601174886675637,0.01601080139294176,1.0
6,0.1,200,21,learned_mean,300,0.0018461372632565102,0.0001856822105570961,-0.012335098140667938,0.290436721453441
6,0.1,200,21,learned_occupancy,300,0.002168838007338804,0.00019731797717804618,-0.011467179842244638,0.3412044232853848
6,0.1,200,21,oracle_no_cov,300,0.00020783872643674,1.8282580956231105e-05,-0.0010047260900098991,0.0326974594461442
6,0.1,200,21,oracle_tail,300,0.00018083671698163343,1.5451804167064917e-05,-0.0005806672015153391,0.028449468110460775
6,0.1,200,21,tis,300,0.002817436196548991,0.00036411783461184693,-0.01011112017667488,0.4432427361259786
6,0.1,200,21,tis_no_cov,300,0.0028285563966726746,0.00036377064858299,-0.010838352903696034,0.44499218050918316
6,0.1,200,21,uniform,300,0.006356418203654935,0.00045457369937813846,-0.005070865229575481,1.0
6,0.1,200,22,learned_mean,300,0.0,0.0,0.0,0.0
6,0.1,200,22,learned_occupancy,300,0.0,0.0,0.0,0.0
6,0.1,200,22,oracle_no_cov,300,0.0,0.0,0.0,0.0
6,0.1,200,22,oracle_tail,300,0.0,0.0,0.0,0.0
6,0.1,200,22,tis,300,0.0,0.0,0.0,0.0
6,0.1,200,22,tis_no_cov,300,0.0,0.0,0.0,0.0
6,0.1,200,22,uniform,300,0.0,0.0,0.0,0.0
6,0.1,200,23,learned_mean,300,0.0023537974959149076,0.00032582790506709575,-0.0013885803346490658,0.3012724596496057
6,0.1,200,23,learned_occupancy,300,0.001482369201502631,0.0002289131789111809,-0.0005272145969930153,0.18973468032853436
6,0.1,200,23,oracle_no_cov,300,0.00024378878723997331,2.171724188966742e-05,-0.0010681886958700511,0.031203554126576553
6,0.1,200,23,oracle_tail,300,0.00024658850689587164,2.227027062992532e-05,-0.0003957103924295435,0.03156190204245535
6,0.1,200,23,tis,300,0.003169911398319932,0.000355262853038934,-0.0003187758115508262,0.40573031686056793
6,0.1,200,23,tis_no_cov,300,0.0031927273682576837,0.00035832498171794476,-0.00022265583059811005,0.4086506289920779
6,0.1,200,23,uniform,300,0.007812853184962498,0.0005920756337163633,0.01005444412129371,1.0
6,0.1,200,24,learned_mean,300,0.0,0.0,0.0,0.0
6,0.1,200,24,learned_occupancy,300,0.0,0.0,0.0,0.0
6,0.1,200,24,oracle_no_cov,300,0.0,0.0,0.0,0.0
6,0.1,200,24,oracle_tail,300,0.0,0.0,0.0,0.0
6,0.1,200,24,tis,300,0.0,0.0,0.0,0.0
6,0.1,200,24,tis_no_cov,300,0.0,0.0,0.0,0.0
6,0.1,200,24,uniform,300,0.0,0.0,0.0,0.0
6,0.1,200,25,learned_mean,300,0.01031298768601249,0.005318199726417809,0.018883898936427404,1.5240710176971002
6,0.1,200,25,learned_occupancy,300,0.000570613463312826,5.2524281499340196e-05,-0.00047135973731768626,0.08432623680161663
6,0.1,200,25,oracle_no_cov,300,0.00021982986313128376,1.89574810410405e-05,0.0003465975768299945,0.03248683440950092
6,0.1,200,25,oracle_tail,300,0.00020233436048517644,1.544345102794666e-05,5.984776023237141e-05,0.02990131900554674
6,0.1,200,25,tis,300,0.011182370924194496,0.0052030427992518545,0.020897825269808122,1.6525499645285744
6,0.1,200,25,tis_no_cov,300,0.011406859136110345,0.005282571900498009,0.020835948420145276,1.6857252177153528
6,0.1,200,25,uniform,300,0.006766736960588365,0.0008110562533010996,0.003144069903352949,1.0
6,0.1,200,26,learned_mean,300,0.005008565211562452,0.0032253297117490263,0.001243547009941599,3.183653719205102
6,0.1,200,26,learned_occupancy,300,7.742493800592945e-05,6.414963916152395e-06,0.00019799702060552705,0.04921453179300952
6,0.1,200,26,oracle_no_cov,300,5.240394224363043e-05,4.177215383199099e-06,0.0003002396648567481,0.033310139446681555
6,0.1,200,26,oracle_tail,300,4.5257420341349114e-05,3.556508342321618e-06,9.039182574173429e-05,0.028767510954782374
6,0.1,200,26,tis,300,0.005044143535606799,0.0032250607807866303,0.004033841154483525,3.20626879136297
6,0.1,200,26,tis_no_cov,300,0.005044332165831148,0.003225060878535511,0.003937913190316496,3.206388692630086
6,0.1,200,26,uniform,300,0.0015732129349837066,0.00032674705562678547,0.004240005163709266,1.0
6,0.1,200,27,learned_mean,300,0.0012438025774222804,0.00048705050071279023,0.00798000379855313,0.45234163131391875
6,0.1,200,27,learned_occupancy,300,4.185557503478331e-05,9.182494900513438e-06,0.0025180028327566138,0.01522188443286053
6,0.1,200,27,oracle_no_cov,300,0.0027496973334278376,0.00046783902937425537,0.025048833689638342,1.0
6,0.1,200,27,oracle_tail,300,0.0027496973334278376,0.00046783902937425537,0.025048833689638342,1.0
6,0.1,200,27,tis,300,0.0022331391398490957,0.00044980737019887165,0.017449251006029967,0.8121399808993566
6,0.1,200,27,tis_no_cov,300,0.0022331346547258793,0.0004497984898910858,0.017553420670814737,0.8121383497659362
6,0.1,200,27,uniform,300,0.0027496973334278376,0.00046783902937425537,0.025048833689638342,1.0
6,0.1,200,28,learned_mean,300,0.001226661996728633,0.0003029694772806211,-0.0014508755030834127,0.23775846810652587
6,0.1,200,28,learned_occupancy,300,0.001056804750706794,9.48461050635552e-05,-0.0030677330217623792,0.20483578955395973
6,0.1,200,28,oracle_no_cov,300,0.0003122868289001171,2.5239796532986857e-05,-0.0011056001536861111,0.060529174497253306
6,0.1,200,28,oracle_tail,300,0.00028858091016074254,2.4352720703866174e-05,-0.0010696955535580914,0.05593436114234152
6,0.1,200,28,tis,300,0.001786741647617058,0.000267362223559689,-0.0015109140610052151,0.34631622906105286
6,0.1,200,28,tis_no_cov,300,0.0017713585910800027,0.0002673723220730863,-0.0012599518573684228,0.3433345992667001
6,0.1,200,28,uniform,300,0.005159277844013684,0.00041222037243740127,0.0030909925471995507,1.0
6,0.1,200,29,learned_mean,300,7.133785588419537e-05,4.469877029708525e-05,0.0008942980005994557,2.4115032600149258
6,0.1,200,29,learned_occupancy,300,0.0,0.0,0.0,0.0
6,0.1,200,29,oracle_no_cov,300,2.9582317829316904e-05,2.414253383340924e-05,0.00048126431575401714,1.0
6,0.1,200,29,oracle_tail,300,2.9582317829316904e-05,2.414253383340924e-05,0.00048126431575401714,1.0
6,0.1,200,29,tis,300,2.9683023872518136e-05,2.0295984401817803e-05,0.0005339970686656862,1.0034042647970414
6,0.1,200,29,tis_no_cov,300,2.9683023872518136e-05,2.0295984401817803e-05,0.0005339970686656862,1.0034042647970414
6,0.1,200,29,uniform,300,2.9582317829316904e-05,2.414253383340924e-05,0.00048126431575401714,1.0
6,0.1,200,30,learned_mean,300,3.488736831170113e-06,3.4027939832654265e-07,7.553477029705436e-05,0.03645214038166143
6,0.1,200,30,learned_occupancy,300,8.827487912384503e-06,7.710507044781864e-07,-4.250523957118668e-05,0.0922341936842897
6,0.1,200,30,oracle_no_cov,300,0.005800656115807988,0.003130729725811706,0.014584361348127128,60.608277801297255
6,0.1,200,30,oracle_tail,300,0.005318214672628662,0.0028786152580219005,0.014215462156071173,55.5674782042678
6,0.1,200,30,tis,300,0.004907738864718292,0.0027393188166137178,0.00967482926379286,51.27861306559059
6,0.1,200,30,tis_no_cov,300,0.004867856405347606,0.0027285156153409222,0.009598418313462987,50.86190034746374
6,0.1,200,30,uniform,300,9.570732458073295e-05,1.3117469492010371e-05,2.9548433365826168e-05,1.0
6,0.1,200,31,learned_mean,300,0.0016576983027949343,0.00023446936707798458,-0.0033272527108012553,0.25853731925627405
6,0.1,200,31,learned_occupancy,300,0.001195953704644576,0.00018566526538266642,-0.0028221144163096765,0.18652288189720603
6,0.1,200,31,oracle_no_cov,300,0.00021930754876655148,1.8768059017485232e-05,-0.0015257348677318939,0.034203561441290074
6,0.1,200,31,oracle_tail,300,0.0001754429803928861,1.605975046291148e-05,-0.0007281095293770164,0.027362372125634554
6,0.1,200,31,tis,300,0.0016527322090601967,0.0002586551094200895,-0.0002042037203855392,0.2577627992129165
6,0.1,200,31,tis_no_cov,300,0.0017836260888780564,0.0002691045975611377,-0.0007439684291550678,0.2781772212691528
6,0.1,200,31,uniform,300,0.006411833725063683,0.0004898731013859348,-0.005053938914410522,1.0
6,0.1,200,32,learned_mean,300,0.00016042107641663572,0.00012897517686697224,0.0013311332241887712,1.2340544035437353
6,0.1,200,32,learned_occupancy,300,0.0,0.0,0.0,0.0
6,0.1,200,32,oracle_no_cov,300,0.0001299951411833768,6.066541452165376e-05,0.0029437973497044375,1.0
6,0.1,200,32,oracle_tail,300,0.0001299951411833768,6.066541452165376e-05,0.0029437973497044375,1.0
6,0.1,200,32,tis,300,0.00018969138410653317,8.589258287163905e-05,0.0031655034893853656,1.4592190321863356
6,0.1,200,32,tis_no_cov,300,0.00018969103489038452,8.589257927024876e-05,0.003165495307485859,1.4592163458078644
6,0.1,200,32,uniform,300,0.0001299951411833768,6.066541452165376e-05,0.0029437973497044375,1.0
6,0.1,200,33,learned_mean,300,0.00045590525007863536,4.5162031382965175e-05,-0.0024588941326300945,0.1434530568827022
6,0.1,200,33,learned_occupancy,300,0.00045341769102051084,3.982100248293837e-05,-0.0022383893457087614,0.14267033294828235
6,0.1,200,33,oracle_no_cov,300,4.577667361402252e-05,3.849581825040204e-06,-0.0008592977925703416,0.01440387835569038
6,0.1,200,33,oracle_tail,300,3.787598344452253e-05,3.1678604542298484e-06,-0.0006944321237699628,0.011917883390503203
6,0.1,200,33,tis,300,0.0004302462845728855,4.696979602091903e-05,-0.001590548497654373,0.13537932437443925
6,0.1,200,33,tis_no_cov,300,0.00042597180641055295,4.493588967679976e-05,-0.00205447791853894,0.13403433666293738
6,0.1,200,33,uniform,300,0.0031780797146164484,0.00030345806254938526,0.004399047052374464,1.0
6,0.1,200,34,learned_mean,300,0.0,0.0,0.0,0.0
6,0.1,200,34,learned_occupancy,300,0.0,0.0,0.0,0.0
6,0.1,200,34,oracle_no_cov,300,0.0,0.0,0.0,0.0
6,0.1,200,34,oracle_tail,300,0.0,0.0,0.0,0.0
6,0.1,200,34,tis,300,0.0,0.0,0.0,0.0
6,0.1,200,34,tis_no_cov,300,0.0,0.0,0.0,0.0
6,0.1,200,34,uniform,300,0.0,0.0,0.0,0.0
6,0.1,200,35,learned_mean,300,0.0,0.0,0.0,0.0
6,0.1,200,35,learned_occupancy,300,0.0,0.0,0.0,0.0
6,0.1,200,35,oracle_no_cov,300,0.0,0.0,0.0,0.0
6,0.1,200,35,oracle_tail,300,0.0,0.0,0.0,0.0
6,0.1,200,35,tis,300,0.0,0.0,0.0,0.0
6,0.1,200,35,tis_no_cov,300,0.0,0.0,0.0,0.0
6,0.1,200,35,uniform,300,0.0,0.0,0.0,0.0
6,0.1,200,36,learned_mean,300,0.0005189601519346628,0.000406476653222029,0.00036011489815153565,0.05416008431577236
6,0.1,200,36,learned_occupancy,300,0.0002543406554732981,2.2267745338298003e-05,-0.0015789347915967215,0.02654367834218016
6,0.1,200,36,oracle_no_cov,300,0.00011084316157872258,8.970152887766694e-06,-0.0008670107239651722,0.011567891975039747
6,0.1,200,36,oracle_tail,300,0.00011164015620500315,8.529535413341839e-06,-0.000677355102219092,0.011651068488684687
6,0.1,200,36,tis,300,0.0006010799667839805,0.00040474592423648685,-3.3136549291777525e-05,0.06273033018080482
6,0.1,200,36,tis_no_cov,300,0.000597674532419011,0.00040773094320458093,0.00014594255988253774,0.06237492984486188
6,0.1,200,36,uniform,300,0.009581967208709323,0.0008940709209588002,0.010092328407438107,1.0
6,0.1,200,37,learned_mean,300,0.19709269212594646,0.05108987886594036,-0.032669716962031345,3.662663183525475
6,0.1,200,37,learned_occupancy,300,0.004095526607713541,0.00029938596953088564,0.000609836374631391,0.07610903459391434
6,0.1,200,37,oracle_no_cov,300,0.0012618435569408904,0.0001014338580897085,-0.001719297843167647,0.02344941301234477
6,0.1,200,37,oracle_tail,300,0.0011331694573467953,8.65595178221968e-05,-0.0015486029968195666,0.021058203667274695
6,0.1,200,37,tis,300,0.1953523337487969,0.051110569357997335,-0.020124534844684235,3.6303213118641326
6,0.1,200,37,tis_no_cov,300,0.18805585263718547,0.05109263397738752,-0.017418955910075057,3.494727483150734
6,0.1,200,37,uniform,300,0.05381130675964478,0.004053532437348537,-0.010628352640201661,1.0
6,0.1,200,38,learned_mean,300,0.011972390595089385,0.002414319743297311,-0.005048739232951946,0.338094348908661
6,0.1,200,38,learned_occupancy,300,0.008072146077904515,0.000817817396948398,-0.01267355022339613,0.2279533858195472
6,0.1,200,38,oracle_no_cov,300,0.001345220153100198,0.00010930998611582628,0.0014549409011965686,0.037988347288616435
6,0.1,200,38,oracle_tail,300,0.0012771316900012355,9.895442891235428e-05,-0.000740647541882975,0.03606556299446911
6,0.1,200,38,tis,300,0.010579378315496197,0.0023821401406073327,0.002042857904964784,0.2987563757653523
6,0.1,200,38,tis_no_cov,300,0.010543079210550437,0.0023929889111501267,0.0006221693296586573,0.29773130711635265
6,0.1,200,38,uniform,300,0.03541138925786608,0.0026304702959457325,0.012192188580461099,1.0
6,0.1,200,39,learned_mean,300,0.001606969767882836,0.00015744403046377337,-0.002959922066505828,0.22551071555398183
6,0.1,200,39,learned_occupancy,300,0.0015454198867084121,0.00014273738991842728,-0.0035927959924987886,0.21687324270084046
6,0.1,200,39,oracle_no_cov,300,0.00018088889464049654,1.6536249562206677e-05,0.0006729086134893983,0.02538466179104956
6,0.1,200,39,oracle_tail,300,0.00017907989565725543,1.7680357642253815e-05,0.0007249064583949183,0.025130799731351572
6,0.1,200,39,tis,300,0.003608338760494791,0.00046029623502744267,0.011038054570114215,0.5063686150812989
6,0.1,200,39,tis_no_cov,300,0.0035979119677754558,0.00045197378915436316,0.01015691710074421,0.5049053931003602
6,0.1,200,39,uniform,300,0.007125913125392776,0.0006411481724904504,0.018266720465193773,1.0
6,0.1,200,40,learned_mean,300,0.0012691553121247942,0.00028192117572989946,0.0014169959545719765,0.2944191958015537
6,0.1,200,40,learned_occupancy,300,0.0008106592833926881,7.724029268490868e-05,0.0003487255824711581,0.18805708962913015
6,0.1,200,40,oracle_no_cov,300,0.0003690084996184826,3.1491606085567477e-05,0.001986276297885571,0.08560275063555724
6,0.1,200,40,oracle_tail,300,0.0003448034473775409,2.79120366841754e-05,0.002208974663312547,0.07998765219407358
6,0.1,200,40,tis,300,0.0012990635787957377,0.0002507167214507294,0.0035110530447598045,0.3013573283822979
6,0.1,200,40,tis_no_cov,300,0.0013108425715631239,0.0002591353830393757,0.003248944906518827,0.30408982419647856
6,0.1,200,40,uniform,300,0.004310708439609482,0.00030612470160745417,0.007053861876854536,1.0
6,0.1,200,41,learned_mean,300,0.02024924821982086,0.004459369026477052,0.017839552972725953,1.6346707260048563
6,0.1,200,41,learned_occupancy,300,0.003150707923411192,0.00040133797585481854,0.005819609843985897,0.25434870236567186
6,0.1,200,41,oracle_no_cov,300,0.0010398150499150859,8.368294689752383e-05,0.002957378266314721,0.0839416458380748
6,0.1,200,41,oracle_tail,300,0.0010031086214703497,7.329141765575618e-05,0.0025347587341404795,0.08097842846904336
6,0.1,200,41,tis,300,0.023761918066855084,0.004710001867904977,0.024322904031622284,1.9182397013432206
6,0.1,200,41,tis_no_cov,300,0.023710900658635823,0.004667297373866393,0.024484334460469905,1.9141211946793024
6,0.1,200,41,uniform,300,0.012387355996341923,0.0010933165293281599,0.016088525538110257,1.0
6,0.1,200,42,learned_mean,300,0.02022874470781132,0.013980950877552236,-0.0023916053294513904,1.9255253865711017
6,0.1,200,42,learned_occupancy,300,0.0026728190380440283,0.00024725834925400656,-0.0029738861367111903,0.25441919337075714
6,0.1,200,42,oracle_no_cov,300,0.0006947594215559588,6.539076255365407e-05,-0.0017488687651955222,0.06613247253295311
6,0.1,200,42,oracle_tail,300,0.0005985513392847206,5.188341109352822e-05,-0.001632680188611806,0.056974657380189045
6,0.1,200,42,tis,300,0.021790181656058324,0.014193196972263337,0.0008435568216755188,2.0741548011397044
6,0.1,200,42,tis_no_cov,300,0.021648491598302656,0.013965926489192341,-0.00043292186209473724,2.0606676665115278
6,0.1,200,42,uniform,300,0.01050557154368858,0.0011488424009921923,0.0007450346848180711,1.0
6,0.1,200,43,learned_mean,300,0.0012618236729824098,0.00013190796572897848,-0.0019695590039851486,0.3621482927067623
6,0.1,200,43,learned_occupancy,300,0.0013349904483646185,0.000138030433876575,-0.000678144353357808,0.3831474412842319
6,0.1,200,43,oracle_no_cov,300,0.00015688419482227993,1.2713229717848808e-05,-0.0004246101207504579,0.04502637295849479
6,0.1,200,43,oracle_tail,300,0.00014377107244362977,1.0882908244782278e-05,2.611905204726058e-05,0.041262855929004735
6,0.1,200,43,tis,300,0.0014360024392094722,0.0001882161893695214,-0.0004751031300438328,0.4121382747981668
6,0.1,200,43,tis_no_cov,300,0.0014671704817968434,0.00018907098432174873,0.00029879126807783003,0.4210836240190682
6,0.1,200,43,uniform,300,0.0034842734271955554,0.0002936411064221771,0.001378698625084533,1.0
6,0.1,200,44,learned_mean,300,0.0,0.0,0.0,0.0
6,0.1,200,44,learned_occupancy,300,0.0,0.0,0.0,0.0
6,0.1,200,44,oracle_no_cov,300,0.0,0.0,0.0,0.0
6,0.1,200,44,oracle_tail,300,0.0,0.0,0.0,0.0
6,0.1,200,44,tis,300,0.0,0.0,0.0,0.0
6,0.1,200,44,tis_no_cov,300,0.0,0.0,0.0,0.0
6,0.1,200,44,uniform,300,0.0,0.0,0.0,0.0
6,0.1,200,45,learned_mean,300,0.0010069737916189188,0.00010586183908579284,-0.0018342513129062936,0.14284779602602607
6,0.1,200,45,learned_occupancy,300,0.000969849431687313,7.866055018235769e-05,-0.0016649714901291798,0.13758138985017027
6,0.1,200,45,oracle_no_cov,300,0.00018773333119699763,1.3565022215352211e-05,0.0004031069267222938,0.0266315695853422
6,0.1,200,45,oracle_tail,300,0.00017677559331151082,1.3159831921786856e-05,0.0006025180208796607,0.025077121277550442
6,0.1,200,45,tis,300,0.002676584423072907,0.00033035422995489767,0.0016900464629656334,0.3796962630962419
6,0.1,200,45,tis_no_cov,300,0.0026559673202932624,0.0003299810418232328,0.0016169559463607111,0.376771551731332
6,0.1,200,45,uniform,300,0.007049277760193471,0.0007294551215891078,0.016223419626130317,1.0
6,0.1,200,46,learned_mean,300,0.32952326711785657,0.026778398667479296,0.15783260920146536,2.35920936888336
6,0.1,200,46,learned_occupancy,300,0.009374689583938767,0.000728009215068076,0.008655197421820837,0.0671177355403293
6,0.1,200,46,oracle_no_cov,300,0.004996772546133084,0.0004183942542295775,0.00448180510810366,0.03577420407403314
6,0.1,200,46,oracle_tail,300,0.004615883839668279,0.00035130817069254955,0.0030950987303902592,0.033047245784704686
6,0.1,200,46,tis,300,0.3859566569116821,0.027922376625609088,0.16614080111738397,2.7632420888910247
6,0.1,200,46,tis_no_cov,300,0.3903766014498243,0.02847715623541391,0.15995980531970436,2.7948865146565667
6,0.1,200,46,uniform,300,0.13967529608184948,0.010392779138680287,0.03926787076589324,1.0
6,0.1,200,47,learned_mean,300,0.09904666326501405,0.018277044936643116,0.029008971624861726,1.080842993426013
6,0.1,200,47,learned_occupancy,300,0.01759770293115669,0.0015141053685519996,-0.011488336612163717,0.19203427239786303
6,0.1,200,47,oracle_no_cov,300,0.0030294910453338895,0.00028462318176635524,-0.001616425337700429,0.033059207267132545
6,0.1,200,47,oracle_tail,300,0.002633046635554083,0.0002287851025544875,-0.002481254310059043,0.02873302253290364
6,0.1,200,47,tis,300,0.10305971936770725,0.018021472461426897,0.02901983470416346,1.1246353174462163
6,0.1,200,47,tis_no_cov,300,0.10339047921958008,0.01809096475033959,0.030734441214603822,1.1282447219089071
6,0.1,200,47,uniform,300,0.09163834513194176,0.006529268689740864,-0.010024948611355701,1.0
6,0.1,200,48,learned_mean,300,0.08107235044991717,0.024422062313329617,-0.018905648837926736,3.4555716765230367
6,0.1,200,48,learned_occupancy,300,0.0050532881736646655,0.0005169341138215938,-0.011307542433322106,0.21538785281686973
6,0.1,200,48,oracle_no_cov,300,0.0010617571817010233,8.873030841037928e-05,-0.0023730836812522935,0.04525560223762734
6,0.1,200,48,oracle_tail,300,0.0010179716231144816,8.633123703657418e-05,-0.002254069517613623,0.04338931693502146
6,0.1,200,48,tis,300,0.07824409554354193,0.02381387371657485,-0.013021306232363885,3.33502209958071
6,0.1,200,48,tis_no_cov,300,0.0785911690239124,0.023932519818477438,-0.012887981800221097,3.349815519060775
6,0.1,200,48,uniform,300,0.02346134244609025,0.0032174825045808613,0.0013885062137267879,1.0
6,0.1,200,49,learned_mean,300,0.006899704804069837,0.0009345169110343682,0.00784411534038782,0.5926282279144784
6,0.1,200,49,learned_occupancy,300,0.0015981265446181605,0.0001357499595223135,-0.0013704360877716789,0.13726600325879143
6,0.1,200,49,oracle_no_cov,300,0.0007293225184370905,5.9708418432701884e-05,-0.0011147356707478108,0.0626428411001803
6,0.1,200,49,oracle_tail,300,0.0007358628120679322,6.058554754392704e-05,-0.0015266474733498382,0.06320459884700445
6,0.1,200,49,tis,300,0.00813610048844326,0.0013006630053798342,0.012708859319187043,0.6988245079349119
6,0.1,200,49,tis_no_cov,300,0.008010412902039153,0.0012795372487980662,0.011526261226351009,0.6880289719349402
6,0.1,200,49,uniform,300,0.011642551736610033,0.001029300077557644,0.012202076658509975,1.0
6,0.1,400,0,learned_mean,300,0.00016506318836861266,1.3312056486043016e-05,-0.0025218937226425824,0.07706008297437239
6,0.1,400,0,learned_occupancy,300,0.00020793420720839625,1.7542379550965804e-05,-0.0021660447890603876,0.09707450473394749
6,0.1,400,0,oracle_no_cov,300,5.909714972965983e-05,4.963924326730607e-06,-0.0008560198175126832,0.027589623747886236
6,0.1,400,0,oracle_tail,300,5.7158553795441644e-05,4.951006402942059e-06,-0.0007130562526993527,0.02668458631936507
6,0.1,400,0,tis,300,0.00012902615997959163,1.1648646213252445e-05,-0.0007047793116252122,0.06023612346375001
6,0.1,400,0,tis_no_cov,300,0.00013073995695304596,1.097373333608149e-05,-0.0013887074308060131,0.06103621304326726
6,0.1,400,0,uniform,300,0.0021420063669475567,0.00017014812366552778,0.005038633403488994,1.0
6,0.1,400,1,learned_mean,300,0.0,0.0,0.0,0.0
6,0.1,400,1,learned_occupancy,300,0.0,0.0,0.0,0.0
6,0.1,400,1,oracle_no_cov,300,0.0,0.0,0.0,0.0
6,0.1,400,1,oracle_tail,300,0.0,0.0,0.0,0.0
6,0.1,400,1,tis,300,0.0,0.0,0.0,0.0
6,0.1,400,1,tis_no_cov,300,0.0,0.0,0.0,0.0
6,0.1,400,1,uniform,300,0.0,0.0,0.0,0.0
6,0.1,400,2,learned_mean,300,0.04953281440806399,0.004335669138890588,0.0425876040945347,2.101279812476664
6,0.1,400,2,learned_occupancy,300,0.002059748909454838,0.0001728855034855837,0.0007060746237788163,0.08737861665909409
6,0.1,400,2,oracle_no_cov,300,0.0010001195750447014,7.750073566610215e-05,-0.001260415951235568,0.04242704756873335
6,0.1,400,2,oracle_tail,300,0.0010103355722199808,8.378305317354764e-05,0.00034968107445251323,0.04286043034508612
6,0.1,400,2,tis,300,0.05278724638030226,0.004557518401118242,0.04601939085437208,2.239339244109315
6,0.1,400,2,tis_no_cov,300,0.05289487821653682,0.004518027117178652,0.04664242000839523,2.2439051991708685
6,0.1,400,2,uniform,300,0.02357268847011972,0.0018196933574561392,0.02089178823075778,1.0
6,0.1,400,3,learned_mean,300,0.1531982600985077,0.01896652125428837,0.02472270273849957,6.0280288551927494
6,0.1,400,3,learned_occupancy,300,0.0014810591563634253,0.00012970177265773692,0.0006672665330953987,0.058276558265514686
6,0.1,400,3,oracle_no_cov,300,0.000901731418349231,7.756306044598534e-05,0.0004939199014735222,0.03548123200581962
6,0.1,400,3,oracle_tail,300,0.0008740343019797172,7.184449951283441e-05,-0.0004599585093813848,0.03439140881478791
6,0.1,400,3,tis,300,0.17116056647551484,0.019549352536474697,0.02342034085130975,6.734807777334479
6,0.1,400,3,tis_no_cov,300,0.1760196417291305,0.019832476797597243,0.018986772298409508,6.926002153951513
6,0.1,400,3,uniform,300,0.02541432096273685,0.0022696080377131653,0.015949432688197176,1.0
6,0.1,400,4,learned_mean,300,0.0,0.0,0.0,0.0
6,0.1,400,4,learned_occupancy,300,0.0,0.0,0.0,0.0
6,0.1,400,4,oracle_no_cov,300,0.0,0.0,0.0,0.0
6,0.1,400,4,oracle_tail,300,0.0,0.0,0.0,0.0
6,0.1,400,4,tis,300,0.0,0.0,0.0,0.0
6,0.1,400,4,tis_no_cov,300,0.0,0.0,0.0,0.0
6,0.1,400,4,uniform,300,0.0,0.0,0.0,0.0
6,0.1,400,5,learned_mean,300,0.0,0.0,0.0,0.0
6,0.1,400,5,learned_occupancy,300,0.0,0.0,0.0,0.0
6,0.1,400,5,oracle_no_cov,300,0.0,0.0,0.0,0.0
6,0.1,400,5,oracle_tail,300,0.0,0.0,0.0,0.0
6,0.1,400,5,tis,300,0.0,0.0,0.0,0.0
6,0.1,400,5,tis_no_cov,300,0.0,0.0,0.0,0.0
6,0.1,400,5,uniform,300,0.0,0.0,0.0,0.0
6,0.1,400,6,learned_mean,300,0.1220021643892688,0.01279081515301463,0.10053150082223082,0.7291732265026521
6,0.1,400,6,learned_occupancy,300,0.008847893119127759,0.00071735622878159,0.016441038736487404,0.05288141243822461
6,0.1,400,6,oracle_no_cov,300,0.0048232916802270435,0.00036922617920969673,0.007182770736676272,0.028827481663463876
6,0.1,400,6,oracle_tail,300,0.004019098214874953,0.00030354088016048875,0.008313556502388504,0.024021039525338076
6,0.1,400,6,tis,300,0.1899923309590437,0.023503352010113304,0.1240789051751032,1.1355316659312582
6,0.1,400,6,tis_no_cov,300,0.1900975341400208,0.023623665169830308,0.12285335818264291,1.136160436275583
6,0.1,400,6,uniform,300,0.16731574878911856,0.015016663060036043,0.10035358363888779,1.0
6,0.1,400,7,learned_mean,300,0.0007356230256840679,8.381353843053347e-05,-0.002218131323119831,0.13287862825917798
6,0.1,400,7,learned_occupancy,300,0.0008144781564596565,8.020287890384704e-05,-0.000607096516518402,0.14712255652517334
6,0.1,400,7,oracle_no_cov,300,0.00011756727275835438,8.845368114702633e-06,0.00026854299044989666,0.021236662511719826
6,0.1,400,7,oracle_tail,300,0.00011167660594692009,8.168771669843802e-06,0.0006962477821542771,0.02017260701303914
6,0.1,400,7,tis,300,0.002208367883670376,0.00033363126878560215,0.004197130195324999,0.398906620413172
6,0.1,400,7,tis_no_cov,300,0.0022227156118475463,0.0003330665459040865,0.00465583070970188,0.40149830986857615
6,0.1,400,7,uniform,300,0.005536052225413142,0.0005462386500116953,0.01923636375072275,1.0
6,0.1,400,8,learned_mean,300,0.0,0.0,0.0,0.0
6,0.1,400,8,learned_occupancy,300,0.0,0.0,0.0,0.0
6,0.1,400,8,oracle_no_cov,300,0.0,0.0,0.0,0.0
6,0.1,400,8,oracle_tail,300,0.0,0.0,0.0,0.0
6,0.1,400,8,tis,300,0.0,0.0,0.0,0.0
6,0.1,400,8,tis_no_cov,300,0.0,0.0,0.0,0.0
6,0.1,400,8,uniform,300,0.0,0.0,0.0,0.0
6,0.1,400,9,learned_mean,300,0.0003078565073637629,8.214376552708233e-05,0.0025169128912788954,0.1414736031218192
6,0.1,400,9,learned_occupancy,300,0.00027710487615351185,4.49666403904866e-05,0.0034515583638153892,0.12734187627790028
6,0.1,400,9,oracle_no_cov,300,6.634933182096716e-05,6.5144659817361904e-06,0.0018389061760546244,0.030490435683225976
6,0.1,400,9,oracle_tail,300,5.969948990057387e-05,6.138263967307772e-06,0.001580194159555021,0.02743454089404442
6,0.1,400,9,tis,300,0.0012934349883163305,0.00023044870822816612,0.009682658695597578,0.5943902559276496
6,0.1,400,9,tis_no_cov,300,0.0012961836906992122,0.00023047778782310925,0.009759531091087044,0.5956534055467555
6,0.1,400,9,uniform,300,0.0021760703097289166,0.00026214194378347257,0.019581198795201496,1.0
6,0.1,400,10,learned_mean,300,1.3989928038342964e-06,1.1449365369844505e-06,9.183620847623734e-05,2.169695659446142
6,0.1,400,10,learned_occupancy,300,0.0,0.0,0.0,0.0
6,0.1,400,10,oracle_no_cov,300,6.44787575503293e-07,6.437120325101408e-07,4.636045640785162e-05,1.0
6,0.1,400,10,oracle_tail,300,6.44787575503293e-07,6.437120325101408e-07,4.636045640785162e-05,1.0
6,0.1,400,10,tis,300,0.0,0.0,0.0,0.0
6,0.1,400,10,tis_no_cov,300,0.0,0.0,0.0,0.0
6,0.1,400,10,uniform,300,6.44787575503293e-07,6.437120325101408e-07,4.636045640785162e-05,1.0
6,0.1,400,11,learned_mean,300,0.0,0.0,0.0,0.0
6,0.1,400,11,learned_occupancy,300,0.0,0.0,0.0,0.0
6,0.1,400,11,oracle_no_cov,300,0.0,0.0,0.0,0.0
6,0.1,400,11,oracle_tail,300,0.0,0.0,0.0,0.0
6,0.1,400,11,tis,300,0.0,0.0,0.0,0.0
6,0.1,400,11,tis_no_cov,300,0.0,0.0,0.0,0.0
6,0.1,400,11,uniform,300,0.0,0.0,0.0,0.0
6,0.1,400,12,learned_mean,300,0.00025577159218837545,2.476173588176264e-05,0.00025094380640986754,0.17595013469938037
6,0.1,400,12,learned_occupancy,300,0.0003731236054269213,3.204033946562621e-05,-0.0011288902413217983,0.25667881281371263
6,0.1,400,12,oracle_no_cov,300,0.00012560418928546949,9.968388829927647e-06,0.000697227089651052,0.08640550670423222
6,0.1,400,12,oracle_tail,300,0.00011477621725595452,9.76189098013716e-06,0.0004972927008324183,0.07895673915028466
6,0.1,400,12,tis,300,0.00024527899833355453,2.1085802876762946e-05,0.0006566069304833929,0.16873208015975844
6,0.1,400,12,tis_no_cov,300,0.00024996620863964545,2.242393117214594e-05,0.0005275464124362313,0.17195650112717228
6,0.1,400,12,uniform,300,0.0014536595418092406,0.00011325865393669457,-0.0021202107567940233,1.0
6,0.1,400,13,learned_mean,300,0.0,0.0,0.0,0.0
6,0.1,400,13,learned_occupancy,300,0.0,0.0,0.0,0.0
6,0.1,400,13,oracle_no_cov,300,0.0,0.0,0.0,0.0
6,0.1,400,13,oracle_tail,300,0.0,0.0,0.0,0.0
6,0.1,400,13,tis,300,0.0,0.0,0.0,0.0
6,0.1,400,13,tis_no_cov,300,0.0,0.0,0.0,0.0
6,0.1,400,13,uniform,300,0.0,0.0,0.0,0.0
6,0.1,400,14,learned_mean,300,0.0002478659474803193,2.4288844141690984e-05,0.002016258745254658,0.23655691101767176
6,0.1,400,14,learned_occupancy,300,0.0001988477962100979,1.5588753319441654e-05,0.0011455265536474476,0.18977524307919372
6,0.1,400,14,oracle_no_cov,300,5.850493463367818e-05,4.384973348613488e-06,0.0007775010988156561,0.05583561097004903
6,0.1,400,14,oracle_tail,300,5.3022279325334504e-05,4.128606747718621e-06,0.0006039492061689314,0.05060310518577061
6,0.1,400,14,tis,300,0.0009241091907337171,0.0005268905472571378,0.0007048294106647468,0.8819461399406867
6,0.1,400,14,tis_no_cov,300,0.0006685504901799678,0.00031532422103781394,0.0014250459863104034,0.6380474624449197
6,0.1,400,14,uniform,300,0.0010478068318274696,9.823267207418685e-05,0.004860878426452297,1.0
6,0.1,400,15,learned_mean,300,0.0,0.0,0.0,0.0
6,0.1,400,15,learned_occupancy,300,0.0,0.0,0.0,0.0
6,0.1,400,15,oracle_no_cov,300,0.0,0.0,0.0,0.0
6,0.1,400,15,oracle_tail,300,0.0,0.0,0.0,0.0
6,0.1,400,15,tis,300,0.0,0.0,0.0,0.0
6,0.1,400,15,tis_no_cov,300,0.0,0.0,0.0,0.0
6,0.1,400,15,uniform,300,0.0,0.0,0.0,0.0
6,0.1,400,16,learned_mean,300,0.01082756490365465,0.0012839475100185867,0.027761299072391554,0.554772435326965
6,0.1,400,16,learned_occupancy,300,0.0017058784005528935,0.00013645398033593548,0.0010065753733426923,0.087404169179994
6,0.1,400,16,oracle_no_cov,300,0.0006319590931891059,5.073979188821718e-05,0.003020034776825842,0.032379716794604864
6,0.1,400,16,oracle_tail,300,0.0006443817424041699,5.157666627353636e-05,0.0031755453946492314,0.03301621663732827
6,0.1,400,16,tis,300,0.013249061238888657,0.0017075550115964594,0.024169055605733097,0.6788427531672816
6,0.1,400,16,tis_no_cov,300,0.013435655934036301,0.001730473352437719,0.02553673531745145,0.6884033140475226
6,0.1,400,16,uniform,300,0.019517128491204207,0.0017702638319719748,0.019450923519966527,1.0
6,0.1,400,17,learned_mean,300,0.03155849480936304,0.010697483713896224,-0.0002938047531690824,4.797678827385218
6,0.1,400,17,learned_occupancy,300,0.0008834699982591517,7.088095486428376e-05,0.002513935188108641,0.13430948880427726
6,0.1,400,17,oracle_no_cov,300,0.0003757940482716676,3.2567358368389165e-05,0.0005238291123414281,0.057130074160426904
6,0.1,400,17,oracle_tail,300,0.00035150597484712214,2.869354846240083e-05,0.0006060501312480267,0.053437680833976264
6,0.1,400,17,tis,300,0.03196196568190107,0.01059315197925181,0.00025664088171694597,4.859016469574288
6,0.1,400,17,tis_no_cov,300,0.03499593025147664,0.011069699648949717,-0.004198485598319376,5.320254803861734
6,0.1,400,17,uniform,300,0.006577867328097644,0.0007110341201979872,0.006279733222521255,1.0
6,0.1,400,18,learned_mean,300,0.04531537228527204,0.013593651022270352,-0.006137579927852905,1.3594685429666082
6,0.1,400,18,learned_occupancy,300,0.003572462002764791,0.00031902674970998027,0.0009192787062863801,0.1071744414484416
6,0.1,400,18,oracle_no_cov,300,0.0013476686477413445,0.00011096287450548615,-0.002545260072531968,0.040430278745434915
6,0.1,400,18,oracle_tail,300,0.0012144774956800001,0.00010084652993354039,-0.001078822859051985,0.03643452250869913
6,0.1,400,18,tis,300,0.08500036930237104,0.016549414852882756,-0.01857348872157337,2.550024911627497
6,0.1,400,18,tis_no_cov,300,0.089433794399439,0.01730833772113637,-0.01963933276481208,2.6830283860140787
6,0.1,400,18,uniform,300,0.0333331525173695,0.002515843217476311,-0.00451945475181024,1.0
6,0.1,400,19,learned_mean,300,0.0014092623510802915,0.00014006671862909666,-0.0074900351093746,0.13496397188898496
6,0.1,400,19,learned_occupancy,300,0.0014340459303122776,0.0001262432089560302,-0.004451701024552774,0.13733747621783482
6,0.1,400,19,oracle_no_cov,300,0.00033524304086704243,2.5535377184367983e-05,-0.0023409115429306113,0.03210596828111781
6,0.1,400,19,oracle_tail,300,0.00027080245013308386,2.099868534722287e-05,-0.002196496470809099,0.02593454244996534
6,0.1,400,19,tis,300,0.0015872021783297297,0.00023376601094097358,-0.0033962494193123813,0.15200513234034774
6,0.1,400,19,tis_no_cov,300,0.001684330849170748,0.0002349319951202476,-0.004228046838713035,0.16130707047199005
6,0.1,400,19,uniform,300,0.010441767023865338,0.0007619233354926568,0.003923660797525232,1.0
6,0.1,400,20,learned_mean,300,0.0012251182048840126,0.0001407423639693281,0.0026698169515437537,0.20157285482484652
6,0.1,400,20,learned_occupancy,300,0.0014131741205299156,0.0001395166517256368,0.004477138676860214,0.23251433266129254
6,0.1,400,20,oracle_no_cov,300,0.00023721645936116776,1.848156458255146e-05,0.0011966886811330883,0.039030028885579875
6,0.1,400,20,oracle_tail,300,0.00020669641723914615,1.61800642685953e-05,0.0018683245267046033,0.03400846280698838
6,0.1,400,20,tis,300,0.0012865719701950855,0.00013461875304233176,0.0044338773214934605,0.2116840513315231
6,0.1,400,20,tis_no_cov,300,0.0015500969796789924,0.0001647417469974524,0.004707507424151025,0.2550427152283223
6,0.1,400,20,uniform,300,0.006077793589561249,0.0005310754869433731,0.011851529706042767,1.0
6,0.1,400,21,learned_mean,300,0.0006474091708987329,6.29274858659359e-05,-0.0035479295898819254,0.21027913556397887
6,0.1,400,21,learned_occupancy,300,0.0008769060203257293,9.695859639226506e-05,-0.0035698330822787603,0.28481993801380073
6,0.1,400,21,oracle_no_cov,300,8.659568881971053e-05,6.378474978290513e-06,-3.754600041249797e-05,0.0281263649127768
6,0.1,400,21,oracle_tail,300,7.593235726313148e-05,6.335603170960875e-06,2.7804004257845348e-05,0.02466290433368612
6,0.1,400,21,tis,300,0.0007014841367061682,0.00011080998983537622,-0.002628175585927115,0.22784273765175006
6,0.1,400,21,tis_no_cov,300,0.0007119121617281015,0.00011081612258107038,-0.002933782789369095,0.23122977043691686
6,0.1,400,21,uniform,300,0.0030788084094142297,0.00026446249113528476,0.0019606671916640385,1.0
6,0.1,400,22,learned_mean,300,0.0,0.0,0.0,0.0
6,0.1,400,22,learned_occupancy,300,0.0,0.0,0.0,0.0
6,0.1,400,22,oracle_no_cov,300,0.0,0.0,0.0,0.0
6,0.1,400,22,oracle_tail,300,0.0,0.0,0.0,0.0
6,0.1,400,22,tis,300,0.0,0.0,0.0,0.0
6,0.1,400,22,tis_no_cov,300,0.0,0.0,0.0,0.0
6,0.1,400,22,uniform,300,0.0,0.0,0.0,0.0
6,0.1,400,23,learned_mean,300,0.0006119770409157314,0.00010690068763047719,-0.001594323737447014,0.1551004109617633
6,0.1,400,23,learned_occupancy,300,0.0004703060814804767,4.540916413383754e-05,-0.0013700780555482022,0.11919510314682358
6,0.1,400,23,oracle_no_cov,300,0.0001274900324385843,1.0271519182812195e-05,0.0005525787616627453,0.03231127166987264
6,0.1,400,23,oracle_tail,300,0.00011668543028856453,9.60747313584902e-06,0.0007041079084345721,0.02957293653357596
6,0.1,400,23,tis,300,0.0010209321558338565,0.00014743997247184757,0.0012644346327896822,0.2587466299339722
6,0.1,400,23,tis_no_cov,300,0.0010437229057016606,0.00014816196927614161,0.0007661676022962061,0.26452275294887123
6,0.1,400,23,uniform,300,0.00394568291032189,0.00028898988026891426,-0.008924768789385498,1.0
6,0.1,400,24,learned_mean,300,0.0,0.0,0.0,0.0
6,0.1,400,24,learned_occupancy,300,0.0,0.0,0.0,0.0
6,0.1,400,24,oracle_no_cov,300,0.0,0.0,0.0,0.0
6,0.1,400,24,oracle_tail,300,0.0,0.0,0.0,0.0
6,0.1,400,24,tis,300,0.0,0.0,0.0,0.0
6,0.1,400,24,tis_no_cov,300,0.0,0.0,0.0,0.0
6,0.1,400,24,uniform,300,0.0,0.0,0.0,0.0
6,0.1,400,25,learned_mean,300,0.012587185482078447,0.005515186955351509,0.010978710369384866,3.546316893258264
6,0.1,400,25,learned_occupancy,300,0.0002649426747714278,2.6962586773259596e-05,0.00012014285238502787,0.07464501771461929
6,0.1,400,25,oracle_no_cov,300,0.0001256182035197494,1.0050747984880955e-05,-0.0007939519109031501,0.035391705149424885
6,0.1,400,25,oracle_tail,300,0.00011202321690490727,9.222510637874167e-06,-0.00016477918998024124,0.03156145010436507
6,0.1,400,25,tis,300,0.014283736992624604,0.00543992355771574,0.010689820171402726,4.02430375463398
6,0.1,400,25,tis_no_cov,300,0.014509709660540337,0.005492781104412469,0.010071980059079264,4.087969352537911
6,0.1,400,25,uniform,300,0.0035493685028564013,0.0003799422442999818,-0.0027786677539682063,1.0
6,0.1,400,26,learned_mean,300,0.0011825599713008346,0.0005320065549858181,0.0032169489087151043,1.3085536194849847
6,0.1,400,26,learned_occupancy,300,3.284910880592195e-05,3.6763087876890703e-06,-5.508512187800167e-05,0.0363489558821793
6,0.1,400,26,oracle_no_cov,300,2.622361572271865e-05,1.997822144394901e-06,-0.00018360575592968922,0.029017561986475655
6,0.1,400,26,oracle_tail,300,2.229911587184452e-05,1.7291208378776707e-06,-1.991762105094293e-05,0.024674933613150467
6,0.1,400,26,tis,300,0.001457696115539374,0.0005494313291002691,0.004433430185488465,1.613003631435283
6,0.1,400,26,tis_no_cov,300,0.0014883350002817509,0.0005631047629277205,0.004409679889463239,1.6469068790503008
6,0.1,400,26,uniform,300,0.0009037153340084466,0.0001498468640114241,-0.0002085076118014347,1.0
6,0.1,400,27,learned_mean,300,6.725938500828202e-05,4.716526038252862e-05,0.001461306763490661,0.11223719790945921
6,0.1,400,27,learned_occupancy,300,8.132956417998934e-06,2.4665668981791473e-06,0.0009560486206885314,0.013571641176373413
6,0.1,400,27,oracle_no_cov,300,0.0005992610851042414,0.00012921331640217596,0.0109757027267614,1.0
6,0.1,400,27,oracle_tail,300,0.0005992610851042414,0.00012921331640217596,0.0109757027267614,1.0
6,0.1,400,27,tis,300,0.0003555166713546123,0.00010933230740325052,0.00571052138570501,0.5932583980365924
6,0.1,400,27,tis_no_cov,300,0.0003551915060048223,0.00010889012482351411,0.005776473185290059,0.5927157875486555
6,0.1,400,27,uniform,300,0.0005992610851042414,0.00012921331640217596,0.0109757027267614,1.0
6,0.1,400,28,learned_mean,300,0.0003435734874350622,4.068458229891567e-05,0.00044711644953307185,0.11516580115277851
6,0.1,400,28,learned_occupancy,300,0.00044839797059521706,3.428090381546663e-05,0.0003188506916740741,0.15030295819504563
6,0.1,400,28,oracle_no_cov,300,0.0001312082066230397,1.0867396572565623e-05,0.0013378487720668102,0.04398097870231531
6,0.1,400,28,oracle_tail,300,0.00013582902779220814,1.1298780615817804e-05,0.0009602518205422832,0.04552987753005615
6,0.1,400,28,tis,300,0.0009137066135275419,0.00012638921589530174,0.002622236760718887,0.3062743721905501
6,0.1,400,28,tis_no_cov,300,0.0009385942213576349,0.0001261367337349786,0.0029143765232884596,0.31461669602911624
6,0.1,400,28,uniform,300,0.0029832943807622104,0.00023125495102625747,0.00623254210943343,1.0
6,0.1,400,29,learned_mean,300,0.0,0.0,0.0,0.0
6,0.1,400,29,learned_occupancy,300,0.0,0.0,0.0,0.0
6,0.1,400,29,oracle_no_cov,300,0.0,0.0,0.0,0.0
6,0.1,400,29,oracle_tail,300,0.0,0.0,0.0,0.0
6,0.1,400,29,tis,300,0.0,0.0,0.0,0.0
6,0.1,400,29,tis_no_cov,300,0.0,0.0,0.0,0.0
6,0.1,400,29,uniform,300,0.0,0.0,0.0,0.0
6,0.1,400,30,learned_mean,300,1.6760809938730933e-06,1.542347685286823e-07,4.9247600601504495e-05,0.03615289711978158
6,0.1,400,30,learned_occupancy,300,4.348953299377188e-06,3.051302795687605e-07,0.00010391246138552838,0.09380648177854274
6,0.1,400,30,oracle_no_cov,300,0.0011436950471957795,0.0009506288057143684,0.004496877483005195,24.669386222276717
6,0.1,400,30,oracle_tail,300,0.001143732638623457,0.0009676803790693128,0.004402990941087509,24.670197065560767
6,0.1,400,30,tis,300,0.0006751020944081628,0.0006428617477469643,0.001800277128881059,14.561883735754229
6,0.1,400,30,tis_no_cov,300,0.0006726718452229194,0.0006404734693635577,0.0018198760143542092,14.509463507202797
6,0.1,400,30,uniform,300,4.6360904032667455e-05,5.259337586110665e-06,9.92009278799603e-05,1.0
6,0.1,400,31,learned_mean,300,0.0003512412206218128,9.12456328412675e-05,-0.00010007587902386279,0.09373705876948672
6,0.1,400,31,learned_occupancy,300,0.0003791954985758308,4.2262539506667723e-05,-0.001416713524534328,0.10119732152223387
6,0.1,400,31,oracle_no_cov,300,0.0001019503046948194,9.91746009993442e-06,-1.8835054297534627e-05,0.02720785927638894
6,0.1,400,31,oracle_tail,300,9.895145842825003e-05,9.56302347007053e-06,-0.0006378099345110691,0.026407545952592766
6,0.1,400,31,tis,300,0.0005910061894317498,0.0001024379012017146,0.0023437211193476064,0.15772403311268396
6,0.1,400,31,tis_no_cov,300,0.0006388753538508498,0.00010677711550602292,0.00314784048136913,0.17049905613092686
6,0.1,400,31,uniform,300,0.0037470902675276687,0.0002853109744938798,-0.0001436869980819237,1.0
6,0.1,400,32,learned_mean,300,3.4614226135535966e-08,2.6886936220837914e-08,1.4755132118354404e-05,0.0030507345917698387
6,0.1,400,32,learned_occupancy,300,0.0,0.0,0.0,0.0
6,0.1,400,32,oracle_no_cov,300,1.1346193873736827e-05,5.999640276046088e-06,0.0005615454964494867,1.0
6,0.1,400,32,oracle_tail,300,1.1346193873736827e-05,5.999640276046088e-06,0.0005615454964494867,1.0
6,0.1,400,32,tis,300,1.096265354969554e-05,6.191401107600221e-06,0.00046288670491576993,0.9661965652703086
6,0.1,400,32,tis_no_cov,300,1.096265354969554e-05,6.191401107600221e-06,0.00046288670491576993,0.9661965652703086
6,0.1,400,32,uniform,300,1.1346193873736827e-05,5.999640276046088e-06,0.0005615454964494867,1.0
6,0.1,400,33,learned_mean,300,0.00023601719928068276,2.3084450352128187e-05,-0.00040160693665911793,0.19283783745539576
6,0.1,400,33,learned_occupancy,300,0.000240249964717984,2.0074980665454066e-05,0.00040943046088215196,0.19629621818304097
6,0.1,400,33,oracle_no_cov,300,2.6009936306766184e-05,2.1595353946250215e-06,0.0004795916092425475,0.021251416782488246
6,0.1,400,33,oracle_tail,300,2.6991489883073475e-05,2.0755600893713694e-06,0.000393315673626559,0.022053395068725792
6,0.1,400,33,tis,300,0.00016263716350992994,1.561138353128773e-05,0.0009395469800610331,0.1328826839599796
6,0.1,400,33,tis_no_cov,300,0.00017445403823352655,1.6349066773267338e-05,0.0011767980176567209,0.1425376606910174
6,0.1,400,33,uniform,300,0.0012239154016403786,0.00011509349222939473,0.0026908566577994227,1.0
6,0.1,400,34,learned_mean,300,0.0,0.0,0.0,0.0
6,0.1,400,34,learned_occupancy,300,0.0,0.0,0.0,0.0
6,0.1,400,34,oracle_no_cov,300,0.0,0.0,0.0,0.0
6,0.1,400,34,oracle_tail,300,0.0,0.0,0.0,0.0
6,0.1,400,34,tis,300,0.0,0.0,0.0,0.0
6,0.1,400,34,tis_no_cov,300,0.0,0.0,0.0,0.0
6,0.1,400,34,uniform,300,0.0,0.0,0.0,0.0
6,0.1,400,35,learned_mean,300,0.0,0.0,0.0,0.0
6,0.1,400,35,learned_occupancy,300,0.0,0.0,0.0,0.0
6,0.1,400,35,oracle_no_cov,300,0.0,0.0,0.0,0.0
6,0.1,400,35,oracle_tail,300,0.0,0.0,0.0,0.0
6,0.1,400,35,tis,300,0.0,0.0,0.0,0.0
6,0.1,400,35,tis_no_cov,300,0.0,0.0,0.0,0.0
6,0.1,400,35,uniform,300,0.0,0.0,0.0,0.0
6,0.1,400,36,learned_mean,300,0.0005451316138662361,0.00028641410908992196,-0.0013080330288813894,0.1298612289729243
6,0.1,400,36,learned_occupancy,300,0.00010693918518846386,1.0229418835390147e-05,-0.0007857709448162353,0.02547504797134129
6,0.1,400,36,oracle_no_cov,300,4.6161838478855155e-05,3.933644377427433e-06,-0.0004016272600061566,0.010996671123140392
6,0.1,400,36,oracle_tail,300,4.404439572573658e-05,3.7908074728555005e-06,-0.0002074581396035239,0.010492254004034798
6,0.1,400,36,tis,300,0.0005865928952151205,0.00028936494369724927,-0.0010542962550244954,0.13973813358421966
6,0.1,400,36,tis_no_cov,300,0.0005904555953355186,0.00028876171167838626,-0.001247770566309027,0.1406583058362583
6,0.1,400,36,uniform,300,0.004197801131081968,0.0004165490288262372,0.00047742032433664743,1.0
6,0.1,400,37,learned_mean,300,0.036371155685014325,0.011918813635599861,0.000837367060592924,1.6000308059066422
6,0.1,400,37,learned_occupancy,300,0.0016417267884762097,0.00013497143968859524,0.0006958884937580848,0.07222243525042607
6,0.1,400,37,oracle_no_cov,300,0.0004898087449955701,4.362028806334214e-05,0.00035923683089475727,0.02154754409737625
6,0.1,400,37,oracle_tail,300,0.0005152394414939983,4.3607074941025666e-05,-0.0003203287051197516,0.02266628495250702
6,0.1,400,37,tis,300,0.0382636674378656,0.011907850395255774,-0.004689744392867502,1.6832857107363517
6,0.1,400,37,tis_no_cov,300,0.034073140022575645,0.01190412846840081,-0.005513394108452802,1.4989370742638832
6,0.1,400,37,uniform,300,0.022731534637175286,0.0017211937242123663,0.01656806915174046,1.0
6,0.1,400,38,learned_mean,300,0.0035923271147271555,0.00143954063365788,-0.008511997971477158,0.18627927212454579
6,0.1,400,38,learned_occupancy,300,0.0026424652942160535,0.0002189837192557262,-0.005086893234862312,0.13702441228221124
6,0.1,400,38,oracle_no_cov,300,0.0006358286443500648,5.128057349497316e-05,-0.0008835571860413468,0.032970743833405786
6,0.1,400,38,oracle_tail,300,0.0006140681346738202,5.052455922802049e-05,6.928391503209822e-05,0.03184235775549766
6,0.1,400,38,tis,300,0.00318449775182488,0.0011489110266032357,-0.006222391126971396,0.16513137705647005
6,0.1,400,38,tis_no_cov,300,0.0034206992322309672,0.0011396558433617535,-0.007243364610557647,0.17737954890708058
6,0.1,400,38,uniform,300,0.019284631477008006,0.0015679054504176234,0.0034755179170733452,1.0
6,0.1,400,39,learned_mean,300,0.0005387372200149272,5.853230138752658e-05,-0.0024981673714598506,0.1756757620511163
6,0.1,400,39,learned_occupancy,300,0.0005599337337046436,5.211827297031921e-05,-0.0027432667268248077,0.18258769157246002
6,0.1,400,39,oracle_no_cov,300,9.617694652254407e-05,9.779022560469573e-06,-0.0004613054178054018,0.031362151610072976
6,0.1,400,39,oracle_tail,300,8.539272306073104e-05,8.08753438515396e-06,-0.0004438564410484562,0.027845545360497274
6,0.1,400,39,tis,300,0.0016070143531928672,0.00026853072084762877,0.0047817117249251894,0.5240281544245567
6,0.1,400,39,tis_no_cov,300,0.0016094035332603158,0.00027005253027313254,0.004781452323597615,0.5248072374606513
6,0.1,400,39,uniform,300,0.0030666565138232965,0.00026261744973683304,0.007195154509488783,1.0
6,0.1,400,40,learned_mean,300,0.0004879866641389578,4.4798801628377014e-05,0.00029582010520557014,0.26241743645450705
6,0.1,400,40,learned_occupancy,300,0.00039090819594107216,2.9087590867116764e-05,-0.0007281108825496456,0.21021297139116402
6,0.1,400,40,oracle_no_cov,300,0.00016182214365494755,1.3755040213546061e-05,1.58235332715669e-05,0.08702072253231105
6,0.1,400,40,oracle_tail,300,0.00018121117582543792,1.6151902278807826e-05,0.00010870095362941109,0.09744727819749865
6,0.1,400,40,tis,300,0.00046637937578168523,4.0884318102412104e-05,0.0007864979146810613,0.25079800167045696
6,0.1,400,40,tis_no_cov,300,0.0004666991655008405,4.140971648122589e-05,0.000885097553168411,0.2509699703008975
6,0.1,400,40,uniform,300,0.0018595817058961158,0.00014752184281486064,0.0030321804888827617,1.0
6,0.1,400,41,learned_mean,300,0.009117259082746682,0.002061547085601411,0.012102091672246464,1.3720315397290306
6,0.1,400,41,learned_occupancy,300,0.0010122768826895153,7.962252656219499e-05,0.0015412393148558,0.15233479682691914
6,0.1,400,41,oracle_no_cov,300,0.0004897989868504463,3.8647560932300396e-05,-0.0014833294175090872,0.07370851831531841
6,0.1,400,41,oracle_tail,300,0.000463371550523542,3.6701212391936964e-05,-0.0014216174391120855,0.06973152524913367
6,0.1,400,41,tis,300,0.01177429059159769,0.0022688675323194797,0.008640581972991078,1.7718809899981502
6,0.1,400,41,tis_no_cov,300,0.01162040150454093,0.002239162206813959,0.010618676024423384,1.748722639539344
6,0.1,400,41,uniform,300,0.006645079809570045,0.0007132980012962177,0.01194282005967801,1.0
6,0.1,400,42,learned_mean,300,0.004079219082085409,0.0010806189985017476,0.0043308586630014115,0.8696954773153911
6,0.1,400,42,learned_occupancy,300,0.0008268540843298652,7.123460527153035e-05,0.0012635499605446832,0.1762865006931212
6,0.1,400,42,oracle_no_cov,300,0.0003058429531156443,2.574828155211244e-05,-0.001314239443910455,0.06520616513626366
6,0.1,400,42,oracle_tail,300,0.00026771875905723115,1.9689348459014553e-05,-0.0012307372748791145,0.057078031176872164
6,0.1,400,42,tis,300,0.004572304708947923,0.001072508806771127,0.007014162195795611,0.9748220544818033
6,0.1,400,42,tis_no_cov,300,0.00473233535365735,0.0010910791303582594,0.00797823346394353,1.0089408221025173
6,0.1,400,42,uniform,300,0.0046903993276788064,0.00042829926262129145,0.008343578339041832,1.0
6,0.1,400,43,learned_mean,300,0.000338783835135055,3.1485806912467766e-05,-1.9102673983963554e-05,0.19327917451855814
6,0.1,400,43,learned_occupancy,300,0.0003926328307923499,3.4142418993500105e-05,4.242171191319866e-05,0.22400050284033687
6,0.1,400,43,oracle_no_cov,300,8.038281727901389e-05,7.2556064754328325e-06,-0.0002272561041666432,0.045859108251048615
6,0.1,400,43,oracle_tail,300,6.511460061343236e-05,5.914716498200094e-06,-0.0002469177576886594,0.03714845559456141
6,0.1,400,43,tis,300,0.00034686680903885466,4.079183823145741e-05,-0.0008970336140211392,0.19789058262531933
6,0.1,400,43,tis_no_cov,300,0.0003731914353955083,3.881097813351018e-05,-0.0014031349661076428,0.2129090148055182
6,0.1,400,43,uniform,300,0.0017528212026926156,0.00013363742477612395,0.00012954347124575995,1.0
6,0.1,400,44,learned_mean,300,0.0,0.0,0.0,0.0
6,0.1,400,44,learned_occupancy,300,0.0,0.0,0.0,0.0
6,0.1,400,44,oracle_no_cov,300,0.0,0.0,0.0,0.0
6,0.1,400,44,oracle_tail,300,0.0,0.0,0.0,0.0
6,0.1,400,44,tis,300,0.0,0.0,0.0,0.0
6,0.1,400,44,tis_no_cov,300,0.0,0.0,0.0,0.0
6,0.1,400,44,uniform,300,0.0,0.0,0.0,0.0
6,0.1,400,45,learned_mean,300,0.00044911158785648054,4.301522281883253e-05,0.0008164778213660302,0.11798000017158179
6,0.1,400,45,learned_occupancy,300,0.000509847969442698,4.0042780037985885e-05,0.0034555812092722,0.1339352293478396
6,0.1,400,45,oracle_no_cov,300,8.796545854681823e-05,8.504173612091739e-06,0.0014159925633710098,0.023108209841522426
6,0.1,400,45,oracle_tail,300,8.703356102209847e-05,8.628989396275452e-06,0.0013739270372433296,0.02286340371070963
6,0.1,400,45,tis,300,0.0015504095293708098,0.00023828000267712082,0.008584734091603501,0.40728701170730824
6,0.1,400,45,tis_no_cov,300,0.0015478173837084057,0.0002382850282973162,0.008490058626615584,0.4066060643571078
6,0.1,400,45,uniform,300,0.0038066755992822877,0.0002771853971444924,0.011067415096825113,1.0
6,0.1,400,46,learned_mean,300,0.213794179867861,0.019640581517777568,0.082186608327113,2.588980399616483
6,0.1,400,46,learned_occupancy,300,0.004273818830102278,0.00036571681477848153,0.0037586457530825613,0.05175460430908571
6,0.1,400,46,oracle_no_cov,300,0.002494593616746551,0.00019807215959905558,0.0015038499464787888,0.03020874554563163
6,0.1,400,46,oracle_tail,300,0.0025006659306303146,0.00020364626438736653,-0.000651121195556487,0.03028227936042069
6,0.1,400,46,tis,300,0.2619665609095571,0.019872678773093014,0.11358559902811147,3.1723328107854467
6,0.1,400,46,tis_no_cov,300,0.2640618521196253,0.020058252773133223,0.11287269062853923,3.1977061295432727
6,0.1,400,46,uniform,300,0.08257852392375442,0.006144416075593615,0.019825696039353826,1.0
6,0.1,400,47,learned_mean,300,0.02764770565623311,0.008978883556982217,-0.001426215471389809,0.6133648444981713
6,0.1,400,47,learned_occupancy,300,0.005979384828696724,0.0006243312943928478,0.0012428537180434707,0.13265275937359566
6,0.1,400,47,oracle_no_cov,300,0.0014055736896942952,0.00011662558022079612,-0.00036622685205550453,0.031182677446354293
6,0.1,400,47,oracle_tail,300,0.0013101043980905977,0.00010456642332932841,-5.777493616385095e-05,0.02906468950453566
6,0.1,400,47,tis,300,0.023651374919252077,0.006904432597584301,1.4114549119865761e-05,0.5247061756187514
6,0.1,400,47,tis_no_cov,300,0.02521623296760478,0.007101918160866567,-0.0006165968184578737,0.5594225794109473
6,0.1,400,47,uniform,300,0.045075465123621934,0.0035958385777464887,0.006111990275897639,1.0
6,0.1,400,48,learned_mean,300,0.025815371243782456,0.00858014843491263,0.004967756581848632,2.57651801761901
6,0.1,400,48,learned_occupancy,300,0.0016155823723501606,0.00014379355684157583,-0.003122226556275701,0.16124413056079506
6,0.1,400,48,oracle_no_cov,300,0.00047250564360453633,3.816098004762075e-05,0.00042407330967383434,0.04715869830719423
6,0.1,400,48,oracle_tail,300,0.00045273454100204806,3.7498595033929226e-05,-0.000268197674509012,0.045185432007730335
6,0.1,400,48,tis,300,0.025947220866220862,0.0082270739707696,0.006288737289317939,2.589677345239008
6,0.1,400,48,tis_no_cov,300,0.02601832881042021,0.008244331641519812,0.00591925932668189,2.5967743146257876
6,0.1,400,48,uniform,300,0.010019480192744292,0.0008682190907226014,-0.0011710570806351096,1.0
6,0.1,400,49,learned_mean,300,0.0021556513802190353,0.0004949687603027573,0.0053263146591766815,0.4614151236455584
6,0.1,400,49,learned_occupancy,300,0.0006393660206675425,5.331622718812863e-05,0.001723860717252436,0.13685568742154705
6,0.1,400,49,oracle_no_cov,300,0.000331502182334344,2.8234957971147678e-05,0.0007964271605820183,0.07095772621407434
6,0.1,400,49,oracle_tail,300,0.0003300159152988761,2.6187709468474355e-05,0.0006020575609873398,0.0706395921715136
6,0.1,400,49,tis,300,0.002327828652586146,0.0005591873896325727,0.004306636279920195,0.4982695047144272
6,0.1,400,49,tis_no_cov,300,0.0022767193490984966,0.0005438966710856974,0.003844469136923787,0.4873296070089848
6,0.1,400,49,uniform,300,0.004671826452474334,0.0003934139077014903,0.002532047773574041,1.0
6,0.2,50,0,learned_mean,300,0.004387095825421913,0.0006026882748550092,0.001972862430848831,0.10818106039495276
6,0.2,50,0,learned_occupancy,300,0.003901777703667039,0.00029834143015268103,-0.001451543506364629,0.09621363795204776
6,0.2,50,0,oracle_no_cov,300,0.001384090156288534,0.00012058438979421582,-0.0016463409000969371,0.03413017329638783
6,0.2,50,0,oracle_tail,300,0.0013996550879437461,0.00012410218471388268,-0.0014789463085199122,0.03451398775552923
6,0.2,50,0,tis,300,0.0049613472005536115,0.0006868348333715293,0.00851837015750477,0.12234148113047033
6,0.2,50,0,tis_no_cov,300,0.004823511416000856,0.0006659121269086128,0.007298977406353429,0.11894259906209123
6,0.2,50,0,uniform,300,0.04055327068717284,0.0038738420748719426,0.027284399526510406,1.0
6,0.2,50,1,learned_mean,300,0.001142502835597533,0.00030214732500049717,0.010112565282580827,99.31007290374258
6,0.2,50,1,learned_occupancy,300,0.0,0.0,0.0,0.0
6,0.2,50,1,oracle_no_cov,300,1.1504400331121669e-05,7.562987310098152e-06,0.00034694552017777675,1.0
6,0.2,50,1,oracle_tail,300,1.1504400331121669e-05,7.562987310098152e-06,0.00034694552017777675,1.0
6,0.2,50,1,tis,300,4.3896057176163355e-05,2.1696529316949318e-05,0.0010498595204131754,3.8155884629132624
6,0.2,50,1,tis_no_cov,300,4.3896057176163355e-05,2.1696529316949318e-05,0.0010498595204131754,3.8155884629132624
6,0.2,50,1,uniform,300,1.1504400331121669e-05,7.562987310098152e-06,0.00034694552017777675,1.0
6,0.2,50,2,learned_mean,300,0.08819140654472614,0.015445423243304461,0.03886378718701841,1.2593466962587319
6,0.2,50,2,learned_occupancy,300,0.008677488007948526,0.0006816714224422185,0.010664015228254338,0.1239119125409644
6,0.2,50,2,oracle_no_cov,300,0.00415164694997684,0.00035277130111428687,0.0015346390954812635,0.059284266748080704
6,0.2,50,2,oracle_tail,300,0.0036986077903637454,0.00030537387186148064,0.0009114788305377915,0.052815004137497006
6,0.2,50,2,tis,300,0.08758963038066049,0.015310096308094446,0.04089219821780122,1.250753514067914
6,0.2,50,2,tis_no_cov,300,0.08890583927879492,0.015408358118560657,0.03972971099810592,1.269548580303889
6,0.2,50,2,uniform,300,0.07002948973997807,0.005883988741939197,0.002585382144813068,1.0
6,0.2,50,3,learned_mean,300,0.23549747859048645,0.0401998613568752,0.016969100488518917,4.301239944546671
6,0.2,50,3,learned_occupancy,300,0.007485929653211607,0.0009882783220634423,-0.002734120306233431,0.13672664284636177
6,0.2,50,3,oracle_no_cov,300,0.003558742873304249,0.00028670895773514785,-0.007993003869404013,0.06499860249308587
6,0.2,50,3,oracle_tail,300,0.003322195398142894,0.0002774850986855963,-0.006445494837151771,0.06067818490290457
6,0.2,50,3,tis,300,0.2507417433198677,0.04101523358677069,0.014616253057676607,4.579668574745633
6,0.2,50,3,tis_no_cov,300,0.2548019295494671,0.04122855108879121,0.013281826112837423,4.653825781428171
6,0.2,50,3,uniform,300,0.05475106751230237,0.004878491107024048,0.008477617565393987,1.0
6,0.2,50,4,learned_mean,300,0.0,0.0,0.0,0.0
6,0.2,50,4,learned_occupancy,300,0.0,0.0,0.0,0.0
6,0.2,50,4,oracle_no_cov,300,0.0,0.0,0.0,0.0
6,0.2,50,4,oracle_tail,300,0.0,0.0,0.0,0.0
6,0.2,50,4,tis,300,0.0,0.0,0.0,0.0
6,0.2,50,4,tis_no_cov,300,0.0,0.0,0.0,0.0
6,0.2,50,4,uniform,300,0.0,0.0,0.0,0.0
6,0.2,50,5,learned_mean,300,0.004290487119945516,0.0008335768669736701,0.01771114473409119,0.541266141418393
6,0.2,50,5,learned_occupancy,300,0.0005133266586489822,7.759727604372076e-05,0.005465324639895673,0.0647586933713157
6,0.2,50,5,oracle_no_cov,300,0.0001069879593391176,1.1036525132757371e-05,0.0008483467321981915,0.013497059497162055
6,0.2,50,5,oracle_tail,300,9.413440703064028e-05,9.563616954446943e-06,0.0007768022598315223,0.011875520388190824
6,0.2,50,5,tis,300,0.005871989836513034,0.0011361468251656365,0.028431666870567418,0.740780520347487
6,0.2,50,5,tis_no_cov,300,0.005882518927108947,0.0011358684180859898,0.028656667486412216,0.7421088171306193
6,0.2,50,5,uniform,300,0.007926760592676746,0.001119874800902699,0.0425647834311544,1.0
6,0.2,50,6,learned_mean,300,0.48366142415898516,0.046073002348447904,0.15228567963680656,0.8945227317993097
6,0.2,50,6,learned_occupancy,300,0.05062519821917086,0.003689465260684884,-0.004627051391048871,0.09363035451429434
6,0.2,50,6,oracle_no_cov,300,0.027202026486710502,0.0022195604096332832,0.004814900600608566,0.05030963775058267
6,0.2,50,6,oracle_tail,300,0.024121096414994655,0.0019932624990031153,-0.0002675296151991861,0.04461151537287577
6,0.2,50,6,tis,300,0.6397865451446668,0.0449178698843423,0.19997928616020397,1.1832732145764986
6,0.2,50,6,tis_no_cov,300,0.6429916002345211,0.04529920655359525,0.19639139953445317,1.1892009038470022
6,0.2,50,6,uniform,300,0.5406921556773773,0.040343990214915505,0.015289720655459374,1.0
6,0.2,50,7,learned_mean,300,0.021248579787661155,0.0016089596520491157,-0.03161106571515652,0.13735071128639953
6,0.2,50,7,learned_occupancy,300,0.027773419688573286,0.0019290873355611597,-0.03117560802844258,0.17952724310056675
6,0.2,50,7,oracle_no_cov,300,0.006006198996612629,0.00045329234590664875,-0.000960487946011203,0.03882403965612081
6,0.2,50,7,oracle_tail,300,0.0052700542845378825,0.0004060934025475508,0.0008906138416759438,0.03406560399483949
6,0.2,50,7,tis,300,0.04047705198199451,0.004054203150323309,-0.005349692403812946,0.26164345740094547
6,0.2,50,7,tis_no_cov,300,0.0397463545183024,0.0041077198132596785,-0.0056622765153373405,0.25692023272540465
6,0.2,50,7,uniform,300,0.1547030924605426,0.01260549943318682,0.089757698834956,1.0
6,0.2,50,8,learned_mean,300,0.00024167571321412687,7.728806850783638e-05,0.00403158136512498,0.5559012845874824
6,0.2,50,8,learned_occupancy,300,0.0,0.0,0.0,0.0
6,0.2,50,8,oracle_no_cov,300,0.00043474573618491836,0.00018456714922282627,0.00453751719656296,1.0
6,0.2,50,8,oracle_tail,300,0.00043474573618491836,0.00018456714922282627,0.00453751719656296,1.0
6,0.2,50,8,tis,300,0.001121525183690446,0.0003593770724794645,0.008448217286235718,2.5797267007890956
6,0.2,50,8,tis_no_cov,300,0.0011205710902654226,0.0003593487149696745,0.008441103418433299,2.5775320997945097
6,0.2,50,8,uniform,300,0.00043474573618491836,0.00018456714922282627,0.00453751719656296,1.0
6,0.2,50,9,learned_mean,300,0.007194695952169885,0.0007662251087285579,-0.004001991537121716,0.25330411907893924
6,0.2,50,9,learned_occupancy,300,0.005598390663357366,0.0005576237317178169,-0.00429770080428352,0.19710289700481443
6,0.2,50,9,oracle_no_cov,300,0.0011198799668518048,9.344094703383547e-05,-0.0014389077427832693,0.039427685389817564
6,0.2,50,9,oracle_tail,300,0.0008971190847790671,7.45502205415371e-05,-0.0005315094755955079,0.03158492881277772
6,0.2,50,9,tis,300,0.011065794937514913,0.00199438160593462,0.0058039731755211,0.38959414785416
6,0.2,50,9,tis_no_cov,300,0.011024597024293287,0.001984128376104205,0.006197018549887364,0.38814369029683304
6,0.2,50,9,uniform,300,0.02840339106340289,0.0024176545866060268,0.029095853758400382,1.0
6,0.2,50,10,learned_mean,300,0.004297757748443751,0.0006586865920618772,-0.009001532936952512,0.32744622657756656
6,0.2,50,10,learned_occupancy,300,0.0021878414634611647,0.0002046481461775099,-0.003585459843230596,0.16669167354063014
6,0.2,50,10,oracle_no_cov,300,0.0004934752015861196,4.043242971999076e-05,-0.0018779899072937896,0.037597882925693174
6,0.2,50,10,oracle_tail,300,0.0004433959525219137,3.6512678616706e-05,-0.002372728028484067,0.03378234419695718
6,0.2,50,10,tis,300,0.007941176759638457,0.0009290318007584756,0.006836333294290794,0.6050383750621288
6,0.2,50,10,tis_no_cov,300,0.007901840523093917,0.0009291560505962944,0.00659006891593796,0.6020413466165547
6,0.2,50,10,uniform,300,0.01312507947751746,0.0009971688714793402,0.014903968951145392,1.0
6,0.2,50,11,learned_mean,300,0.0,0.0,0.0,0.0
6,0.2,50,11,learned_occupancy,300,0.0,0.0,0.0,0.0
6,0.2,50,11,oracle_no_cov,300,0.0,0.0,0.0,0.0
6,0.2,50,11,oracle_tail,300,0.0,0.0,0.0,0.0
6,0.2,50,11,tis,300,0.0,0.0,0.0,0.0
6,0.2,50,11,tis_no_cov,300,0.0,0.0,0.0,0.0
6,0.2,50,11,uniform,300,0.0,0.0,0.0,0.0
6,0.2,50,12,learned_mean,300,0.003231450343286233,0.0003009708363667021,-6.398513591608257e-05,0.24979794325638693
6,0.2,50,12,learned_occupancy,300,0.0038404301885511783,0.0003582394985651962,-0.0012183593556615068,0.2968733727606123
6,0.2,50,12,oracle_no_cov,300,0.0009427451276542403,7.443762810998311e-05,0.0007753976667392445,0.07287619145758589
6,0.2,50,12,oracle_tail,300,0.0009290092542635821,7.631654324057331e-05,0.001333798766561157,0.07181437940500544
6,0.2,50,12,tis,300,0.003864102533942589,0.0003866227983475654,0.00135786085980708,0.29870329510588833
6,0.2,50,12,tis_no_cov,300,0.004435293236237468,0.0004506372188288513,0.001552238527736242,0.3428575439672002
6,0.2,50,12,uniform,300,0.012936256804843048,0.0010796763673403041,0.007275966409686439,1.0
6,0.2,50,13,learned_mean,300,1.592213339403672e-06,1.5895574354038747e-06,7.285175219589601e-05,1592213339.4036717
6,0.2,50,13,learned_occupancy,300,0.0,0.0,0.0,0.0
6,0.2,50,13,oracle_no_cov,300,0.0,0.0,0.0,0.0
6,0.2,50,13,oracle_tail,300,0.0,0.0,0.0,0.0
6,0.2,50,13,tis,300,0.0,0.0,0.0,0.0
6,0.2,50,13,tis_no_cov,300,0.0,0.0,0.0,0.0
6,0.2,50,13,uniform,300,0.0,0.0,0.0,0.0
6,0.2,50,14,learned_mean,300,0.0033614747286475253,0.0008245157485527709,-0.0025307408418391414,0.6564530540243503
6,0.2,50,14,learned_occupancy,300,0.0011867750247478005,0.00021701376197312607,-0.001119748205687429,0.23176199505416772
6,0.2,50,14,oracle_no_cov,300,0.00029683470249965236,2.9565155672640078e-05,-0.00137734426291425,0.05796802377708385
6,0.2,50,14,oracle_tail,300,0.0002841379388671317,2.870301371507545e-05,-0.0009581964806431594,0.055488508107439966
6,0.2,50,14,tis,300,0.003690565956823574,0.0010068378995395553,0.0021650057234449747,0.7207203650196382
6,0.2,50,14,tis_no_cov,300,0.003630608747786083,0.001004370989577579,0.001300331397668059,0.7090114883626141
6,0.2,50,14,uniform,300,0.005120662792320311,0.0004318701826466664,0.002727097760418838,1.0
6,0.2,50,15,learned_mean,300,0.004433139247332901,0.0008456540802205143,0.015071166502402835,0.41068577183305166
6,0.2,50,15,learned_occupancy,300,0.0011429344135022402,0.00027277020841170866,0.010572405170730824,0.1058813801181905
6,0.2,50,15,oracle_no_cov,300,0.00025295097859998696,3.6929554446496824e-05,0.002746750692499095,0.02343336450456874
6,0.2,50,15,oracle_tail,300,0.0002493635780701105,3.4825313902352793e-05,0.002965586629271557,0.02310102792020068
6,0.2,50,15,tis,300,0.010861323846888855,0.0019282500706062384,0.04075173634730106,1.006192433470682
6,0.2,50,15,tis_no_cov,300,0.010863773926214283,0.0019290007700615568,0.040430894486410345,1.0064194086823046
6,0.2,50,15,uniform,300,0.010794479749191363,0.001652632141083331,0.052894485598282824,1.0
6,0.2,50,16,learned_mean,300,0.494290442477569,0.03587523839815293,0.370454019307866,0.8439642186049795
6,0.2,50,16,learned_occupancy,300,0.05871601791173526,0.0047233761314647675,0.03746698476208197,0.10025323962990122
6,0.2,50,16,oracle_no_cov,300,0.027075312859855448,0.0025276020643192855,0.030988368235845224,0.046229085771348336
6,0.2,50,16,oracle_tail,300,0.025239111887675487,0.0022350077996367173,0.03303430387643852,0.04309390898961663
6,0.2,50,16,tis,300,0.526548750445043,0.03598728604933673,0.3930702782498546,0.8990428835713236
6,0.2,50,16,tis_no_cov,300,0.5241495037906482,0.03595912519189348,0.39421816371660695,0.8949463481057226
6,0.2,50,16,uniform,300,0.5856770128176766,0.05070565216681626,0.21233905097720168,1.0
6,0.2,50,17,learned_mean,300,0.0448850611048595,0.024275946923901864,0.010323793713633527,1.3195179609581698
6,0.2,50,17,learned_occupancy,300,0.006461932026721389,0.0009992064894977406,-0.0034822756322714426,0.1899659967451077
6,0.2,50,17,oracle_no_cov,300,0.0019424668734754165,0.00016288213480606758,0.0023517134479639937,0.05710407572196833
6,0.2,50,17,oracle_tail,300,0.0019866237116796482,0.0001639089140612941,0.0003388235759157195,0.05840218559806917
6,0.2,50,17,tis,300,0.04562287167321158,0.02421176530139476,0.009924995115128822,1.341207901280428
6,0.2,50,17,tis_no_cov,300,0.045233747009809956,0.024236905920052638,0.010416553550409447,1.3297685276943987
6,0.2,50,17,uniform,300,0.03401625626396639,0.00300368773661755,0.0008863694653407854,1.0
6,0.2,50,18,learned_mean,300,0.0322767038377771,0.017153233031765868,0.028472820165055483,0.3712526801824614
6,0.2,50,18,learned_occupancy,300,0.012630733842719335,0.001036613206557247,0.0015514128132868195,0.14528106139179478
6,0.2,50,18,oracle_no_cov,300,0.0037230217789207608,0.0003149096725038592,0.00047851271199207327,0.04282289234826646
6,0.2,50,18,oracle_tail,300,0.003427222288959103,0.0002820245966521149,-0.0005276137632715994,0.03942055132866271
6,0.2,50,18,tis,300,0.03484328052807352,0.01706589429658963,0.030260191532353375,0.4007739249773264
6,0.2,50,18,tis_no_cov,300,0.03740761855726421,0.01725028994700466,0.026184028966905536,0.43026942027373893
6,0.2,50,18,uniform,300,0.08693998874813216,0.007351265467323319,-0.003824544215632869,1.0
6,0.2,50,19,learned_mean,300,0.00967333194968737,0.0007257428808090808,-0.034464764578834475,0.20047333502145576
6,0.2,50,19,learned_occupancy,300,0.010280133402734107,0.000846961745202373,-0.022856352241708233,0.2130488893000491
6,0.2,50,19,oracle_no_cov,300,0.0024759873680436227,0.0002222531595004075,-0.006417476298884529,0.05131318223383657
6,0.2,50,19,oracle_tail,300,0.002093672354796687,0.0001785582606502136,-0.004609073124073023,0.043389959280977775
6,0.2,50,19,tis,300,0.01150534416578007,0.0010493668067927612,-0.02707026732914625,0.23844056292910767
6,0.2,50,19,tis_no_cov,300,0.010780982783671424,0.0009802740585287597,-0.025307782304344693,0.22342865774614076
6,0.2,50,19,uniform,300,0.048252461848116,0.0038974466836270384,-0.00826872042809851,1.0
6,0.2,50,20,learned_mean,300,0.02406442523766629,0.002159878998639925,-0.02770229386055355,0.3896904185469917
6,0.2,50,20,learned_occupancy,300,0.018527776622310737,0.0015336534692207177,-0.030035934878573166,0.30003197480870425
6,0.2,50,20,oracle_no_cov,300,0.0031643903138801927,0.00025723092529411374,-0.005264195309380156,0.05124296855974296
6,0.2,50,20,oracle_tail,300,0.0030631974214970804,0.0002499392739327442,-0.005039285263326898,0.04960428821739958
6,0.2,50,20,tis,300,0.028408389074951104,0.002549108685316166,-0.023768647220963637,0.46003496528708576
6,0.2,50,20,tis_no_cov,300,0.029665759536954925,0.0026328546507208912,-0.02543964320505122,0.48039635837117883
6,0.2,50,20,uniform,300,0.061752673641280266,0.004737465628180299,0.019744214688668417,1.0
6,0.2,50,21,learned_mean,300,0.009147782599668672,0.0010056788283509352,-0.04401734556109944,0.23564449419920816
6,0.2,50,21,learned_occupancy,300,0.010198451102681553,0.00076658782223579,-0.03569661298268842,0.2627094408423954
6,0.2,50,21,oracle_no_cov,300,0.0011418683192173425,0.000117687946525458,-0.005923702698167126,0.02941423012543131
6,0.2,50,21,oracle_tail,300,0.0009845858903634553,8.380193078036246e-05,-0.00475457721052473,0.025362675774430493
6,0.2,50,21,tis,300,0.009637210174399105,0.0010212623291830846,-0.04239996158909935,0.24825202089083231
6,0.2,50,21,tis_no_cov,300,0.0094786583067313,0.0010015234564272751,-0.042660711849372535,0.24416776612703053
6,0.2,50,21,uniform,300,0.038820268772905675,0.0047795813790201,0.032040692085596977,1.0
6,0.2,50,22,learned_mean,300,0.002463200716690337,0.0008889854009201618,0.012392293509285375,3.5034101469796415
6,0.2,50,22,learned_occupancy,300,0.0,0.0,0.0,0.0
6,0.2,50,22,oracle_no_cov,300,0.0007030865965875878,0.0002770930794121041,0.005505086046915543,1.0
6,0.2,50,22,oracle_tail,300,0.0007030865965875878,0.0002770930794121041,0.005505086046915543,1.0
6,0.2,50,22,tis,300,0.0005903949918794599,0.0001957384767162206,0.006130201804333764,0.8397187412545287
6,0.2,50,22,tis_no_cov,300,0.000601265590637837,0.00019610349912455827,0.006243577286428439,0.8551799928430773
6,0.2,50,22,uniform,300,0.0007030865965875878,0.0002770930794121041,0.005505086046915543,1.0
6,0.2,50,23,learned_mean,300,0.004195856355422841,0.0005938426164346466,0.007787141121601818,0.29927981165722894
6,0.2,50,23,learned_occupancy,300,0.0025428818072680947,0.0002510367328088328,0.0021894275285957517,0.18137732178610189
6,0.2,50,23,oracle_no_cov,300,0.0003298637694902318,2.8612728727501048e-05,0.0021245682554637962,0.023528347598932853
6,0.2,50,23,oracle_tail,300,0.00028922750053421415,2.4823467305061603e-05,0.0010917535069389947,0.020629865408547225
6,0.2,50,23,tis,300,0.004918346638917213,0.0007003700978824995,0.012303169068273974,0.35081321453192843
6,0.2,50,23,tis_no_cov,300,0.0048642707918717795,0.0006879841435109207,0.011531771524380797,0.3469561212598849
6,0.2,50,23,uniform,300,0.014019844279467931,0.0012588342495782339,0.02477705222576248,1.0
6,0.2,50,24,learned_mean,300,0.0033038702342095315,0.0011616687331284798,0.010697435169603512,202.21624214322955
6,0.2,50,24,learned_occupancy,300,0.0,0.0,0.0,0.0
6,0.2,50,24,oracle_no_cov,300,1.6338302992839733e-05,1.6311049757865055e-05,0.00023336882820148118,1.0
6,0.2,50,24,oracle_tail,300,1.6338302992839733e-05,1.6311049757865055e-05,0.00023336882820148118,1.0
6,0.2,50,24,tis,300,1.690184396911354e-05,1.4818196997003909e-05,0.00032567839873743823,1.0344920140433667
6,0.2,50,24,tis_no_cov,300,1.690184396911354e-05,1.4818196997003909e-05,0.00032567839873743823,1.0344920140433667
6,0.2,50,24,uniform,300,1.6338302992839733e-05,1.6311049757865055e-05,0.00023336882820148118,1.0
6,0.2,50,25,learned_mean,300,0.013210329010810058,0.007042953023027281,0.003449390884431261,1.9022682417504138
6,0.2,50,25,learned_occupancy,300,0.0007852543884849781,0.00011289726322877416,-0.0016046184486695628,0.11307549446253481
6,0.2,50,25,oracle_no_cov,300,0.00030705043532996637,3.096239665922582e-05,-0.0011943801688921003,0.04421481790997556
6,0.2,50,25,oracle_tail,300,0.0002630603914653284,2.887492187601804e-05,-0.001342398728890529,0.03788031531519294
6,0.2,50,25,tis,300,0.01404548817119156,0.007049985785463815,0.0026840822778148757,2.0225299510765504
6,0.2,50,25,tis_no_cov,300,0.014046793831749959,0.0070467939474092665,0.0027201882938606304,2.022717964305647
6,0.2,50,25,uniform,300,0.0069445143018601226,0.0011415819155069663,-0.00441596079335732,1.0
6,0.2,50,26,learned_mean,300,0.0010288007228191514,0.0001743571672049349,0.011898284528619258,0.3847346544696603
6,0.2,50,26,learned_occupancy,300,0.00014496829724410128,1.0001730617233666e-05,0.0011553208986305149,0.05421295544624987
6,0.2,50,26,oracle_no_cov,300,0.00010270204751517969,1.0870505164952139e-05,0.000657230159592214,0.038406890554863196
6,0.2,50,26,oracle_tail,300,8.564300982375552e-05,6.97944361005969e-06,0.0007179071751263184,0.03202742091976195
6,0.2,50,26,tis,300,0.0010443615212461079,0.0001741110372058238,0.012882828614122727,0.39055383623467893
6,0.2,50,26,tis_no_cov,300,0.0010433273429004014,0.00017412089204708805,0.012865019250791587,0.39016709054168885
6,0.2,50,26,uniform,300,0.0026740526512676836,0.0007099982400388538,0.0038501759138795,1.0
6,0.2,50,27,learned_mean,300,0.005604574315902097,0.0005644169480359307,-0.00838831066253414,0.4624602981641221
6,0.2,50,27,learned_occupancy,300,0.002495757476567993,0.0002542251942344139,-0.00513662726134655,0.2059369154021461
6,0.2,50,27,oracle_no_cov,300,0.00037529540290571985,2.6885005154873596e-05,0.00034684079236078674,0.030967423062792935
6,0.2,50,27,oracle_tail,300,0.00034999894065072806,2.651584495831036e-05,0.00047383038955124636,0.02888009067721853
6,0.2,50,27,tis,300,0.006067362861649095,0.000600316229829749,-0.012713479771595747,0.5006471999321734
6,0.2,50,27,tis_no_cov,300,0.006068479784248738,0.0005969048500251989,-0.012945878623055025,0.5007393625710007
6,0.2,50,27,uniform,300,0.012119038841066299,0.0009124178860889271,0.005549166880448516,1.0
6,0.2,50,28,learned_mean,300,0.011001567839589157,0.0012652125005350606,-0.0036270869876680245,0.5864904796714588
6,0.2,50,28,learned_occupancy,300,0.00463343619871241,0.0008875233689145179,-0.0011642649384009719,0.24700717737076858
6,0.2,50,28,oracle_no_cov,300,0.0007500547926423446,6.43438319920288e-05,0.0019667948037425474,0.03998520952020171
6,0.2,50,28,oracle_tail,300,0.0006704965335336307,5.794725559273369e-05,-8.485633559882559e-05,0.03574398115831413
6,0.2,50,28,tis,300,0.011063045938462787,0.0012855862128921735,0.005181797311732974,0.5897678597888578
6,0.2,50,28,tis_no_cov,300,0.011154132874111572,0.0013175121357482935,0.003296026441305594,0.5946236786466229
6,0.2,50,28,uniform,300,0.018758305924679343,0.001513748599283605,0.02730413481351068,1.0
6,0.2,50,29,learned_mean,300,0.008615092777307556,0.0009392317387453046,-0.018944270355885976,0.61685665944588
6,0.2,50,29,learned_occupancy,300,0.00363681968994099,0.0003330068131250666,-0.012056310706976946,0.26040305112594747
6,0.2,50,29,oracle_no_cov,300,0.0006188659667667254,5.561062664037677e-05,-0.005138184503325281,0.044311953773732274
6,0.2,50,29,oracle_tail,300,0.0005350018920479935,5.2625363025026827e-05,-0.0040578215581546515,0.03830713010952511
6,0.2,50,29,tis,300,0.01042871547912813,0.0011368063266726967,-0.0019826677325763017,0.7467154166593905
6,0.2,50,29,tis_no_cov,300,0.010494796291559609,0.0011361839068650833,-0.0018128519967220078,0.7514469256824067
6,0.2,50,29,uniform,300,0.013966117809356977,0.001130122617534098,0.016292131489117054,1.0
6,0.2,50,30,learned_mean,300,0.002106419981399227,0.00047296241426694795,0.010546782103561128,0.31909143322131256
6,0.2,50,30,learned_occupancy,300,0.00024978812191157033,4.021183884281102e-05,0.004586562063057112,0.03783920135882745
6,0.2,50,30,oracle_no_cov,300,8.469505612212808e-05,1.0848800502726641e-05,0.002269772202986246,0.01283004675393233
6,0.2,50,30,oracle_tail,300,7.265934414858438e-05,8.696666091693518e-06,0.0019928559207989718,0.011006814626725744
6,0.2,50,30,tis,300,0.03341885891247542,0.01642329380199552,0.045128889869686724,5.062462225562008
6,0.2,50,30,tis_no_cov,300,0.03336811207129015,0.016381256974925935,0.04500974030022246,5.054774830632103
6,0.2,50,30,uniform,300,0.006601305337891272,0.0010125150080041068,0.03917083453320145,1.0
6,0.2,50,31,learned_mean,300,0.003019069831069712,0.0003892204306913706,-0.0016340984469248958,0.3903411445916038
6,0.2,50,31,learned_occupancy,300,0.002095877035365847,0.0002018422476260687,-0.0059258515503419155,0.27097983375167295
6,0.2,50,31,oracle_no_cov,300,0.00024950326571160564,1.9664871649664607e-05,-0.002064962188952872,0.032258740528271795
6,0.2,50,31,oracle_tail,300,0.000216754877143726,1.7282472936846906e-05,-0.0022270064895142734,0.028024640559611094
6,0.2,50,31,tis,300,0.00367356178658463,0.0005118406275629114,-0.0026612042945531552,0.4749616248509725
6,0.2,50,31,tis_no_cov,300,0.003670230617583611,0.000510687060337825,-0.0028180888551906126,0.47453093182515893
6,0.2,50,31,uniform,300,0.00773443915124148,0.0007597015859468954,-0.009962570395909698,1.0
6,0.2,50,32,learned_mean,300,0.010017645515734032,0.0011520188386583221,-0.011613757735869938,0.6600013156654738
6,0.2,50,32,learned_occupancy,300,0.0023860515807464663,0.00024697892670830603,-0.002537626672271691,0.15720232664101808
6,0.2,50,32,oracle_no_cov,300,0.0005199913071460523,3.763956687171544e-05,-0.0010048283470347485,0.034259042837158804
6,0.2,50,32,oracle_tail,300,0.0004104809827446302,3.3342303286683325e-05,-0.0013156439552304807,0.0270440781959793
6,0.2,50,32,tis,300,0.010981122594019026,0.001376556610618586,-0.003378043680439308,0.7234789200868784
6,0.2,50,32,tis_no_cov,300,0.011006347823074046,0.001373560421619626,-0.002370371276902785,0.7251408559517607
6,0.2,50,32,uniform,300,0.015178220524656567,0.0012275681013419655,0.011151621128098239,1.0
6,0.2,50,33,learned_mean,300,0.010438358285722527,0.0011303488531421767,-0.016775094066497118,0.18715664998488785
6,0.2,50,33,learned_occupancy,300,0.00853930620530349,0.0007155860669377227,-0.012736694694691221,0.15310721272767097
6,0.2,50,33,oracle_no_cov,300,0.0015325646450431,0.00011283400586580456,0.0016424533201397859,0.027478426875217326
6,0.2,50,33,oracle_tail,300,0.0012761784928639968,9.733382352361047e-05,0.0007920260594498566,0.02288149965439285
6,0.2,50,33,tis,300,0.009928917025717547,0.0009767276789375092,-0.014656474919153565,0.1780225201747409
6,0.2,50,33,tis_no_cov,300,0.009775690272161807,0.0009518551470496635,-0.01642774368834691,0.17527521019566336
6,0.2,50,33,uniform,300,0.055773376401882506,0.007062124263565422,0.04434650172260166,1.0
6,0.2,50,34,learned_mean,300,0.0002754617590194631,0.0001616834294864222,0.0021739441045731034,24.145200109749553
6,0.2,50,34,learned_occupancy,300,0.0,0.0,0.0,0.0
6,0.2,50,34,oracle_no_cov,300,1.1408551503710042e-05,6.973986267409707e-06,0.0004874631047940718,1.0
6,0.2,50,34,oracle_tail,300,1.1408551503710042e-05,6.973986267409707e-06,0.0004874631047940718,1.0
6,0.2,50,34,tis,300,7.756331509233217e-05,2.6913789501686742e-05,0.0018010931325239262,6.798699647988503
6,0.2,50,34,tis_no_cov,300,7.756331509233217e-05,2.6913789501686742e-05,0.0018010931325239262,6.798699647988503
6,0.2,50,34,uniform,300,1.1408551503710042e-05,6.973986267409707e-06,0.0004874631047940718,1.0
6,0.2,50,35,learned_mean,300,0.00038909289910171556,0.00023378398248752685,0.002134572944674932,102657.98383465526
6,0.2,50,35,learned_occupancy,300,0.0,0.0,0.0,0.0
6,0.2,50,35,oracle_no_cov,300,3.790186447927937e-09,3.7838641975749785e-09,3.5544274962961973e-06,1.0
6,0.2,50,35,oracle_tail,300,3.790186447927937e-09,3.7838641975749785e-09,3.5544274962961973e-06,1.0
6,0.2,50,35,tis,300,3.9554010714476e-06,3.5953155805494566e-06,0.0001445088171230354,1043.5901045474911
6,0.2,50,35,tis_no_cov,300,3.9554010714476e-06,3.5953155805494566e-06,0.0001445088171230354,1043.5901045474911
6,0.2,50,35,uniform,300,3.790186447927937e-09,3.7838641975749785e-09,3.5544274962961973e-06,1.0
6,0.2,50,36,learned_mean,300,0.001363147647157043,0.000138768452024455,0.008505647218762543,0.025348263681198125
6,0.2,50,36,learned_occupancy,300,0.003537926336846941,0.00032472046971758185,0.0075011807812454005,0.06578912406010258
6,0.2,50,36,oracle_no_cov,300,0.0009288458278065272,8.6754228169895e-05,0.004523850980448685,0.0172722514773252
6,0.2,50,36,oracle_tail,300,0.0009335940339011831,8.63521467900243e-05,0.004421198870201709,0.01736054622687124
6,0.2,50,36,tis,300,0.0013679594949894825,0.00013646374896852609,0.008257970213421935,0.025437741873751123
6,0.2,50,36,tis_no_cov,300,0.0013830108145258856,0.00014015375285209573,0.008172889397279176,0.025717627047711855
6,0.2,50,36,uniform,300,0.05377676610521244,0.003961225392455258,0.02083461383000366,1.0
6,0.2,50,37,learned_mean,300,0.1853341399260584,0.050968923450234876,0.009680777530358198,2.4953209514581256
6,0.2,50,37,learned_occupancy,300,0.007702655367478955,0.0006334950097347705,-0.0019335597904680446,0.10370780757393076
6,0.2,50,37,oracle_no_cov,300,0.0025704635543374837,0.00018698344169729915,-0.0023841491733832126,0.03460847291630593
6,0.2,50,37,oracle_tail,300,0.0025714243220121918,0.00022290229468219973,-0.0006895030458030135,0.034621408599440934
6,0.2,50,37,tis,300,0.18767236209905738,0.05098314377217424,0.009653207060796849,2.526802548857159
6,0.2,50,37,tis_no_cov,300,0.1845540503409933,0.05100718827760736,0.01063651649410017,2.4848179006634696
6,0.2,50,37,uniform,300,0.07427266613449446,0.005919365172052277,0.017574690469344886,1.0
6,0.2,50,38,learned_mean,300,0.06572127177953217,0.016415262460608895,-0.036379581531768894,1.6940084729850198
6,0.2,50,38,learned_occupancy,300,0.00895689668634038,0.0009298984607428053,-0.024739022818713253,0.23086983053540747
6,0.2,50,38,oracle_no_cov,300,0.0015669790849108013,0.000135482243958489,-0.003151382885030967,0.040389903831043995
6,0.2,50,38,oracle_tail,300,0.0015051014749654407,0.00013443494179138458,-0.0025270839170873018,0.03879496823869674
6,0.2,50,38,tis,300,0.06796483669767134,0.01642404570022838,-0.04145886316088247,1.7518378161810735
6,0.2,50,38,tis_no_cov,300,0.06717601885827959,0.01638486626881979,-0.03996477886762688,1.7315055239507289
6,0.2,50,38,uniform,300,0.03879630641027694,0.003367810240597605,0.007423606582098049,1.0
6,0.2,50,39,learned_mean,300,0.010277554795434235,0.0021396161736129573,-0.013719232892168844,0.3602552068439364
6,0.2,50,39,learned_occupancy,300,0.004683781218025616,0.0004273408911026096,-0.015843809434933978,0.16417879593900725
6,0.2,50,39,oracle_no_cov,300,0.00112458061004693,8.992252544339685e-05,-0.0011617516499807519,0.03941949504031028
6,0.2,50,39,oracle_tail,300,0.0010699618111274138,8.261279450405785e-05,-0.0009423745640409005,0.037504963121583954
6,0.2,50,39,tis,300,0.019580362698579674,0.0036158282187035984,-0.005927727938908701,0.6863429827870923
6,0.2,50,39,tis_no_cov,300,0.019709427229894504,0.003603785710929493,-0.004779505262272764,0.6908670325587069
6,0.2,50,39,uniform,300,0.02852853921383155,0.00276502963944218,0.010249606390643855,1.0
6,0.2,50,40,learned_mean,300,0.005100196294789013,0.0005168949064270247,-0.001956701503006985,0.30118468342301385
6,0.2,50,40,learned_occupancy,300,0.00396184390992897,0.0003235637683785095,0.00019459261753968171,0.23396093695501874
6,0.2,50,40,oracle_no_cov,300,0.0015202667530186834,0.00012413303721938592,-0.002998636688444171,0.08977714469427243
6,0.2,50,40,oracle_tail,300,0.0014565793999875194,0.00010979393738254742,-0.0012918053660571616,0.08601618057602091
6,0.2,50,40,tis,300,0.005368501937852501,0.0005077846360623506,-0.0035420766732629705,0.31702908342174524
6,0.2,50,40,tis_no_cov,300,0.005390810073275027,0.0005394321179144142,-0.00453508234439366,0.31834645795336003
6,0.2,50,40,uniform,300,0.016933783739679045,0.0014272798821294054,0.006518707182882729,1.0
6,0.2,50,41,learned_mean,300,0.147891557054154,0.01783864578363807,0.16032957812412227,0.9452781453367707
6,0.2,50,41,learned_occupancy,300,0.032209597178171345,0.00343436688591929,0.025133569211485785,0.20587401261505003
6,0.2,50,41,oracle_no_cov,300,0.009650230112942621,0.0007257003022838549,0.004223449559667262,0.06168135493965463
6,0.2,50,41,oracle_tail,300,0.010016850048610745,0.0007924350563180962,0.002428577125165692,0.06402467878947352
6,0.2,50,41,tis,300,0.1549616881807719,0.017428104152048957,0.16750781249436553,0.9904682871662325
6,0.2,50,41,tis_no_cov,300,0.15578855249005957,0.017885851047505886,0.16730144909489575,0.9957533539834166
6,0.2,50,41,uniform,300,0.1564529527988455,0.01229781871604912,0.05773439141735857,1.0
6,0.2,50,42,learned_mean,300,0.048528578171749756,0.02519457694041632,-0.013317758339914467,3.0653701774122815
6,0.2,50,42,learned_occupancy,300,0.0038309140631290553,0.0004396790965257943,-0.000851958217179772,0.24198462357137926
6,0.2,50,42,oracle_no_cov,300,0.0007653762575270023,6.68880719006483e-05,0.0012974680869817649,0.04834597762207839
6,0.2,50,42,oracle_tail,300,0.000743632464617098,6.176038422398544e-05,0.0014127508352430476,0.046972502922408524
6,0.2,50,42,tis,300,0.04848438677238766,0.02537701439273753,-0.0118858251290215,3.0625787707235617
6,0.2,50,42,tis_no_cov,300,0.04657802600722145,0.024987327083007604,-0.010203664091950903,2.9421610363269832
6,0.2,50,42,uniform,300,0.015831229301224728,0.00238594984445004,-0.012525293195151815,1.0
6,0.2,50,43,learned_mean,300,0.006554919002765835,0.0006698469355003269,-0.015786749406514245,0.5390174118470916
6,0.2,50,43,learned_occupancy,300,0.006378517669289214,0.0005245039640335986,-0.010245025980757248,0.524511757364279
6,0.2,50,43,oracle_no_cov,300,0.0007974653719743424,5.556623210546231e-05,-0.0023467965199216747,0.06557635886239248
6,0.2,50,43,oracle_tail,300,0.0007541658275762079,5.7270331548107394e-05,-0.0037432107217093996,0.06201579490335763
6,0.2,50,43,tis,300,0.0080324042369572,0.0007787301016245699,-0.005473551012280473,0.6605124702360798
6,0.2,50,43,tis_no_cov,300,0.008484356378121075,0.000778311712560296,-0.006314620243139798,0.6976769376087678
6,0.2,50,43,uniform,300,0.012160866900947781,0.001015386886597828,0.015489850721391502,1.0
6,0.2,50,44,learned_mean,300,8.723637649054945e-08,8.709086116574012e-08,1.7052504849293103e-05,0.0004572438396435277
6,0.2,50,44,learned_occupancy,300,0.0,0.0,0.0,0.0
6,0.2,50,44,oracle_no_cov,300,0.0001907874287788325,0.00010249190539991839,0.0017878804441244418,1.0
6,0.2,50,44,oracle_tail,300,0.0001907874287788325,0.00010249190539991839,0.0017878804441244418,1.0
6,0.2,50,44,tis,300,0.00041251587180158656,0.00019688053756099683,0.0030384613888618283,2.162175330114593
6,0.2,50,44,tis_no_cov,300,0.00041251587180158656,0.00019688053756099683,0.0030384613888618283,2.162175330114593
6,0.2,50,44,uniform,300,0.0001907874287788325,0.00010249190539991839,0.0017878804441244418,1.0
6,0.2,50,45,learned_mean,300,0.005379569091131009,0.0005156018518006672,0.0052504316496292305,0.0528820114408265
6,0.2,50,45,learned_occupancy,300,0.010665676908941548,0.0009220491408236796,0.010135817367033012,0.10484528384488599
6,0.2,50,45,oracle_no_cov,300,0.0024065020469669937,0.00021597472299029964,0.004270924568779582,0.02365629414257146
6,0.2,50,45,oracle_tail,300,0.0025981235847392288,0.00023615898648808283,0.00631308393429711,0.025539964039011
6,0.2,50,45,tis,300,0.026701342421923395,0.00458689753346323,0.02676404453577801,0.26247840143358275
6,0.2,50,45,tis_no_cov,300,0.02730260613486194,0.00460002484687076,0.027773417979905717,0.26838891843000734
6,0.2,50,45,uniform,300,0.10172776988921076,0.010654310111632584,0.07973851304403591,1.0
6,0.2,50,46,learned_mean,300,0.26669996343273816,0.04393706137398425,0.17320899154600594,1.6280385404189714
6,0.2,50,46,learned_occupancy,300,0.017215250545802304,0.001680285461759541,0.009740232883600996,0.10508847099487259
6,0.2,50,46,oracle_no_cov,300,0.008303289437257945,0.0006199198516608845,0.0030494221154341618,0.05068645320425382
6,0.2,50,46,oracle_tail,300,0.008257265470817855,0.0006368597938096698,-3.6820948095896235e-05,0.05040550531741125
6,0.2,50,46,tis,300,0.26833189054446116,0.04390820050098856,0.18363552087879295,1.6380004474205436
6,0.2,50,46,tis_no_cov,300,0.26880043848105434,0.0441476626615085,0.18087283046522903,1.640860643158815
6,0.2,50,46,uniform,300,0.1638167382475501,0.01263799459095725,0.046511816504359565,1.0
6,0.2,50,47,learned_mean,300,0.24468619733381747,0.031811302383165575,0.04126051495797487,2.5652000403956845
6,0.2,50,47,learned_occupancy,300,0.023191406537909232,0.0017159830470775198,-0.007175922616760266,0.24313017095409106
6,0.2,50,47,oracle_no_cov,300,0.003687441490892284,0.0003123231685370795,-0.0012847689425317006,0.038657779492518606
6,0.2,50,47,oracle_tail,300,0.003161536734853255,0.0002505217941959575,-0.0017087331000412071,0.03314438758020272
6,0.2,50,47,tis,300,0.2576658706977257,0.03275241770707647,0.03966353823787659,2.7012741590023674
6,0.2,50,47,tis_no_cov,300,0.2587168428961378,0.032846204652563306,0.03883144428345681,2.7122921647386837
6,0.2,50,47,uniform,300,0.09538678991135303,0.008402820634514408,0.016906167074600253,1.0
6,0.2,50,48,learned_mean,300,0.15923999771333178,0.03678811138941072,-0.019926132141705962,4.597058439944759
6,0.2,50,48,learned_occupancy,300,0.008547020406501824,0.000911524177313205,-0.012423312553938004,0.24674172858770263
6,0.2,50,48,oracle_no_cov,300,0.0020909608798893174,0.00015953046810748343,-0.004861704814991548,0.06036341056594197
6,0.2,50,48,oracle_tail,300,0.0019126904612813663,0.0001422293169282049,-0.005513884055157202,0.055216967811468384
6,0.2,50,48,tis,300,0.1571339516551236,0.03600640128921373,-0.023335900675141415,4.5362595392550755
6,0.2,50,48,tis_no_cov,300,0.1572295194976295,0.036297260137338735,-0.0232470033131134,4.539018462661807
6,0.2,50,48,uniform,300,0.034639541740358055,0.002972657858013001,0.011919130951695037,1.0
6,0.2,50,49,learned_mean,300,0.06955710977094563,0.004752047549557758,0.06300798658032594,1.592819889607731
6,0.2,50,49,learned_occupancy,300,0.008241998601473401,0.0007272205774649441,0.009441787051097252,0.18873727424525016
6,0.2,50,49,oracle_no_cov,300,0.0032521894367283167,0.0002660990990379445,0.006946996705207888,0.07447336493208927
6,0.2,50,49,oracle_tail,300,0.0032987252016215742,0.00029938634528998525,0.008409694188437537,0.07553900857576826
6,0.2,50,49,tis,300,0.07726150558498311,0.0051548673010766415,0.0716110264166837,1.769246353134187
6,0.2,50,49,tis_no_cov,300,0.07778421412145521,0.005220215545074336,0.07000655673497294,1.7812160936266002
6,0.2,50,49,uniform,300,0.04366916198420632,0.0033271312370896844,0.017825109466109632,1.0
6,0.2,100,0,learned_mean,300,0.001482903284595623,0.00011954440561880081,-0.005472345851695275,0.07010619053725081
6,0.2,100,0,learned_occupancy,300,0.00177041356140154,0.00013542456066203894,-0.004692339848695001,0.08369861457228814
6,0.2,100,0,oracle_no_cov,300,0.0006773158964082116,5.355009080968812e-05,7.112351855798505e-05,0.032020994073427705
6,0.2,100,0,oracle_tail,300,0.0006674320616921813,5.18090162295372e-05,-0.00029962615493045095,0.03155372287169882
6,0.2,100,0,tis,300,0.001793614433787662,0.00033082370860429986,-0.0026138718992472086,0.08479546613167724
6,0.2,100,0,tis_no_cov,300,0.0019647941124793754,0.00034537331588259173,-0.003020417479609048,0.09288820912788628
6,0.2,100,0,uniform,300,0.021152244519800068,0.0018748261206175691,0.010730012527948125,1.0
6,0.2,100,1,learned_mean,300,0.0004192764403261138,0.0002139943302343543,0.0026208673960326414,2362.277844154553
6,0.2,100,1,learned_occupancy,300,0.0,0.0,0.0,0.0
6,0.2,100,1,oracle_no_cov,300,1.7748819909716025e-07,1.770788285263224e-07,2.4929793541573765e-05,1.0
6,0.2,100,1,oracle_tail,300,1.7748819909716025e-07,1.770788285263224e-07,2.4929793541573765e-05,1.0
6,0.2,100,1,tis,300,8.562319378314081e-07,8.523099560308293e-07,5.622882670826372e-05,4.824162632709408
6,0.2,100,1,tis_no_cov,300,8.562319378314081e-07,8.523099560308293e-07,5.622882670826372e-05,4.824162632709408
6,0.2,100,1,uniform,300,1.7748819909716025e-07,1.770788285263224e-07,2.4929793541573765e-05,1.0
6,0.2,100,2,learned_mean,300,0.07289012871061737,0.012281572318343264,0.025641226517496077,2.2862707804761735
6,0.2,100,2,learned_occupancy,300,0.004858530880495291,0.000623682774710271,0.001866331929961073,0.1523926131646349
6,0.2,100,2,oracle_no_cov,300,0.0022042093727552546,0.0001848363249348973,0.0031331481148040414,0.0691372010466487
6,0.2,100,2,oracle_tail,300,0.001893982564852418,0.000165127266669486,0.001394135523414457,0.05940663123184554
6,0.2,100,2,tis,300,0.07897637566480205,0.013600724575756885,0.023787794620626294,2.4771719192210098
6,0.2,100,2,tis_no_cov,300,0.07911774597316554,0.01353749991417161,0.025172860096655966,2.4816061383801165
6,0.2,100,2,uniform,300,0.03188166919381096,0.00261722206277252,0.01421292391293823,1.0
6,0.2,100,3,learned_mean,300,0.122680891395062,0.01998014419569764,0.04438080949619723,4.155230776801607
6,0.2,100,3,learned_occupancy,300,0.002839550066181217,0.00022668264588144,-0.0006155709383878112,0.09617623162901269
6,0.2,100,3,oracle_no_cov,300,0.0016256548287632165,0.0001288825776039673,-0.0010038774799156663,0.055061313136211494
6,0.2,100,3,oracle_tail,300,0.0016145717371104506,0.00012898456783889015,0.0002554761969245008,0.05468592620338114
6,0.2,100,3,tis,300,0.1314058521762095,0.020869645840366075,0.05315808419758083,4.450747259865492
6,0.2,100,3,tis_no_cov,300,0.12883341609648483,0.020355762490777782,0.052254893028615544,4.363618242067557
6,0.2,100,3,uniform,300,0.029524447132992404,0.0023550951003887006,-0.0008929207245378201,1.0
6,0.2,100,4,learned_mean,300,0.0,0.0,0.0,0.0
6,0.2,100,4,learned_occupancy,300,0.0,0.0,0.0,0.0
6,0.2,100,4,oracle_no_cov,300,0.0,0.0,0.0,0.0
6,0.2,100,4,oracle_tail,300,0.0,0.0,0.0,0.0
6,0.2,100,4,tis,300,0.0,0.0,0.0,0.0
6,0.2,100,4,tis_no_cov,300,0.0,0.0,0.0,0.0
6,0.2,100,4,uniform,300,0.0,0.0,0.0,0.0
6,0.2,100,5,learned_mean,300,0.0012729080811105086,0.00032196108586049564,0.009535116034999912,0.43044257377781725
6,0.2,100,5,learned_occupancy,300,0.00018338518173495488,2.21000809022731e-05,0.0032974126531941893,0.062012953480380786
6,0.2,100,5,oracle_no_cov,300,5.1202396130040454e-05,4.709371893433495e-06,0.0010496331401300563,0.01731444045400209
6,0.2,100,5,oracle_tail,300,4.4530448165154777e-05,3.879253172187703e-06,0.0010955975903703633,0.015058275616387444
6,0.2,100,5,tis,300,0.0019243174682379938,0.0003825414756483236,0.014273510993546241,0.6507211133983404
6,0.2,100,5,tis_no_cov,300,0.0019334320184575449,0.00038240346888057273,0.014818903893197295,0.6538032608947315
6,0.2,100,5,uniform,300,0.0029572076710226835,0.00044515760759345163,0.021792280155727067,1.0
6,0.2,100,6,learned_mean,300,0.3483870136417585,0.03441889625079517,0.1019580515738969,1.171449637619224
6,0.2,100,6,learned_occupancy,300,0.023000671137935545,0.001674281423543362,0.004429733803743412,0.07733964474703357
6,0.2,100,6,oracle_no_cov,300,0.01312616535767884,0.0009196918804458974,0.0007841526486058766,0.04413666712443672
6,0.2,100,6,oracle_tail,300,0.011765439999178994,0.0009459713197878323,-0.0021730381240812947,0.0395612347297234
6,0.2,100,6,tis,300,0.48661532710170596,0.03616816692575081,0.10641200912191762,1.6362416688109485
6,0.2,100,6,tis_no_cov,300,0.48555214897967647,0.03776599930883874,0.10957485281754872,1.632666737550575
6,0.2,100,6,uniform,300,0.29739820001976097,0.021471340187631974,-0.019764876323358768,1.0
6,0.2,100,7,learned_mean,300,0.009529152968196982,0.0006801840968596748,-0.013269763140071325,0.12533396669624686
6,0.2,100,7,learned_occupancy,300,0.01177859953551521,0.0009474842475254796,-0.007802468090036916,0.1549202333974093
6,0.2,100,7,oracle_no_cov,300,0.0030235151805524055,0.0002481733456179852,-0.003413920960228867,0.03976734891439709
6,0.2,100,7,oracle_tail,300,0.002640861352126374,0.00020292911098092122,-0.002460198654286773,0.034734422866488965
6,0.2,100,7,tis,300,0.0191306075450812,0.0031866341676624363,0.006961057359489426,0.25161889382366054
6,0.2,100,7,tis_no_cov,300,0.01971185266470619,0.0031965424796953188,0.006507464705358058,0.25926382897252076
6,0.2,100,7,uniform,300,0.07603009159752648,0.007664438258110134,0.060967281130402264,1.0
6,0.2,100,8,learned_mean,300,3.9493085130146025e-05,2.5049238631750472e-05,0.0009337054019795965,14.762547207037027
6,0.2,100,8,learned_occupancy,300,0.0,0.0,0.0,0.0
6,0.2,100,8,oracle_no_cov,300,2.6752215980261467e-06,2.199015944379214e-06,0.00014569203174916612,1.0
6,0.2,100,8,oracle_tail,300,2.6752215980261467e-06,2.199015944379214e-06,0.00014569203174916612,1.0
6,0.2,100,8,tis,300,2.692813589778084e-05,1.518604682897702e-05,0.0007396575970167322,10.06575900764601
6,0.2,100,8,tis_no_cov,300,2.6957047702744833e-05,1.5186065655284727e-05,0.0007419879755626713,10.076566263757178
6,0.2,100,8,uniform,300,2.6752215980261467e-06,2.199015944379214e-06,0.00014569203174916612,1.0
6,0.2,100,9,learned_mean,300,0.0025588383087214385,0.0002594710341132455,-0.005736763700720046,0.17247406291780526
6,0.2,100,9,learned_occupancy,300,0.00197064737039136,0.00019214529596887404,0.0022570848424476333,0.13282807178211886
6,0.2,100,9,oracle_no_cov,300,0.0004931748641275265,4.1003826552045734e-05,0.003239778937684404,0.033241597272909554
6,0.2,100,9,oracle_tail,300,0.00041804161541147326,3.4192709867088336e-05,0.0025995005603113444,0.02817737081432312
6,0.2,100,9,tis,300,0.0030181181371916133,0.00037737259900930055,-0.003942805538960674,0.20343102403662802
6,0.2,100,9,tis_no_cov,300,0.003085663249840749,0.00037754558337527194,-0.004096116270466569,0.20798378533034895
6,0.2,100,9,uniform,300,0.014836076018809192,0.0012092633894478229,0.03445072221112943,1.0
6,0.2,100,10,learned_mean,300,0.0025739072323126707,0.00031540267267829826,-0.0035967452307048803,0.3208960911346053
6,0.2,100,10,learned_occupancy,300,0.001070321296777124,0.00010169812127545287,-0.0012760828628436065,0.1334398987197757
6,0.2,100,10,oracle_no_cov,300,0.0002140852072669891,1.6099280568357053e-05,-0.00035409295971759015,0.02669059137768227
6,0.2,100,10,oracle_tail,300,0.00019055667277303404,1.5795326972150283e-05,0.00013827001229910356,0.023757224294964224
6,0.2,100,10,tis,300,0.0036311063411064693,0.0003916676999400675,-0.007542737112778049,0.45270001060146947
6,0.2,100,10,tis_no_cov,300,0.0036161623481350776,0.0003887109966978921,-0.007516634975713731,0.45083690191197956
6,0.2,100,10,uniform,300,0.008020999019377277,0.0005533297238630075,-0.0022423021979246383,1.0
6,0.2,100,11,learned_mean,300,2.0720253978905098e-05,2.0601270501773797e-05,0.0002851762320032077,20720253978.905098
6,0.2,100,11,learned_occupancy,300,0.0,0.0,0.0,0.0
6,0.2,100,11,oracle_no_cov,300,0.0,0.0,0.0,0.0
6,0.2,100,11,oracle_tail,300,0.0,0.0,0.0,0.0
6,0.2,100,11,tis,300,0.0,0.0,0.0,0.0
6,0.2,100,11,tis_no_cov,300,0.0,0.0,0.0,0.0
6,0.2,100,11,uniform,300,0.0,0.0,0.0,0.0
6,0.2,100,12,learned_mean,300,0.001173195055752873,0.00011313556948408044,-0.003162530127827754,0.20139510983218245
6,0.2,100,12,learned_occupancy,300,0.0017840078079323619,0.00016405308258669445,-0.0042312712484431836,0.306249541930981
6,0.2,100,12,oracle_no_cov,300,0.0005225036830010529,3.9300007643716545e-05,-0.0011533321804693603,0.08969496258078583
6,0.2,100,12,oracle_tail,300,0.00048669816961767357,3.6017934469583335e-05,9.434371294160766e-05,0.08354845244584853
6,0.2,100,12,tis,300,0.0014117018634690886,0.00012621884020381038,-0.001230709051702874,0.24233809241652823
6,0.2,100,12,tis_no_cov,300,0.0015632168707200912,0.00013309894859742436,-0.0010970351605841344,0.2683477328227927
6,0.2,100,12,uniform,300,0.005825340330907078,0.00045636285928985783,0.003632612602082226,1.0
6,0.2,100,13,learned_mean,300,0.0,0.0,0.0,0.0
6,0.2,100,13,learned_occupancy,300,0.0,0.0,0.0,0.0
6,0.2,100,13,oracle_no_cov,300,0.0,0.0,0.0,0.0
6,0.2,100,13,oracle_tail,300,0.0,0.0,0.0,0.0
6,0.2,100,13,tis,300,0.0,0.0,0.0,0.0
6,0.2,100,13,tis_no_cov,300,0.0,0.0,0.0,0.0
6,0.2,100,13,uniform,300,0.0,0.0,0.0,0.0
6,0.2,100,14,learned_mean,300,0.0006438052338095517,6.519328004361269e-05,-0.001109422946436518,0.30964689797880257
6,0.2,100,14,learned_occupancy,300,0.0004248416612795599,3.391408695420849e-05,0.0002701310837301237,0.20433338475513518
6,0.2,100,14,oracle_no_cov,300,0.00011442108854419716,8.683736626420787e-06,0.0006133906746499044,0.05503238133281373
6,0.2,100,14,oracle_tail,300,0.00010618287086886337,8.431987746516766e-06,0.00027323328098562084,0.051070098309815105
6,0.2,100,14,tis,300,0.0009791008854666355,0.0002680099294761654,-0.001369592623680956,0.47091190949020295
6,0.2,100,14,tis_no_cov,300,0.0009915844512686607,0.00029682641134354227,-0.0019176690950607907,0.4769160505305581
6,0.2,100,14,uniform,300,0.002079159319896124,0.0001730846135814646,0.0034501501723951285,1.0
6,0.2,100,15,learned_mean,300,0.002891382126210811,0.0005767324502804604,0.012900305063158956,0.46511951831288534
6,0.2,100,15,learned_occupancy,300,0.0006186032397630546,7.416405917058213e-05,0.008211938680928075,0.09951103947732028
6,0.2,100,15,oracle_no_cov,300,0.00014404557002337077,1.4770405349954332e-05,0.0020288149849224555,0.023171757733792653
6,0.2,100,15,oracle_tail,300,0.00013564966961663574,1.2677678223831721e-05,0.0020150945678736,0.021821158960429816
6,0.2,100,15,tis,300,0.004837498915531649,0.0007279079397622168,0.02565738554826831,0.7781798002534711
6,0.2,100,15,tis_no_cov,300,0.004823985305929807,0.000730476858570439,0.02566338381604204,0.7760059459117367
6,0.2,100,15,uniform,300,0.0062164282778298325,0.000696530482713597,0.04190855529257174,1.0
6,0.2,100,16,learned_mean,300,0.33480778007305934,0.023738687452604736,0.2477457141219726,1.2620644211229362
6,0.2,100,16,learned_occupancy,300,0.026820427779213958,0.0022508485049781823,0.013468799476213301,0.10110012273925317
6,0.2,100,16,oracle_no_cov,300,0.012566137195677524,0.0009903670221139927,0.005277341333968802,0.04736829789962902
6,0.2,100,16,oracle_tail,300,0.011838833063357252,0.0009587010449145199,0.004195114205573107,0.04462671086560966
6,0.2,100,16,tis,300,0.34583009473705334,0.023433185845787942,0.26419515989313763,1.3036132500444533
6,0.2,100,16,tis_no_cov,300,0.3493069620428316,0.023540741840695007,0.2681024396339352,1.3167193687930403
6,0.2,100,16,uniform,300,0.2652858082911174,0.020148349425288148,0.10052262171592719,1.0
6,0.2,100,17,learned_mean,300,0.020580323013404542,0.008625059779063818,0.009691094711660775,0.9757569265436653
6,0.2,100,17,learned_occupancy,300,0.0025460620223582784,0.0002711536006095875,0.004275927567823293,0.1207142206712569
6,0.2,100,17,oracle_no_cov,300,0.001036372480155829,8.200529980188511e-05,0.0008559312363765947,0.04913662556863823
6,0.2,100,17,oracle_tail,300,0.001044450565611189,8.581099058495767e-05,0.001004977828780138,0.04951962479713164
6,0.2,100,17,tis,300,0.020705774285819604,0.008661827784053897,0.009813573057178651,0.9817048384361552
6,0.2,100,17,tis_no_cov,300,0.020574305500579083,0.008705785596065184,0.011076161247710282,0.9754716234502112
6,0.2,100,17,uniform,300,0.021091649419599144,0.0014997731707957556,0.010683815820228391,1.0
6,0.2,100,18,learned_mean,300,0.052885423539305365,0.01997337391005317,-0.0008017000405756776,1.357835493122549
6,0.2,100,18,learned_occupancy,300,0.0054153213268252785,0.0004697808940671148,0.002606979141001619,0.1390386048201334
6,0.2,100,18,oracle_no_cov,300,0.0018995814597927813,0.00015253843608031974,0.004786750303652013,0.04877183457304049
6,0.2,100,18,oracle_tail,300,0.0016434304640698318,0.0001266364655191953,0.0034591820730160124,0.042195146890227395
6,0.2,100,18,tis,300,0.06774378239757482,0.021685275782944467,2.7786297793038393e-06,1.7393244871988758
6,0.2,100,18,tis_no_cov,300,0.06803768066486719,0.02204109759010011,0.0029404602120158565,1.7468703376807238
6,0.2,100,18,uniform,300,0.038948329018626035,0.002655146041578,0.009055533419623028,1.0
6,0.2,100,19,learned_mean,300,0.0046910256260231185,0.00042329082272643965,-0.01751654312556838,0.19586471416371581
6,0.2,100,19,learned_occupancy,300,0.004740589780609695,0.0004190665686978077,-0.015045998710132966,0.1979341697038886
6,0.2,100,19,oracle_no_cov,300,0.0009903977003045679,0.00010551837406767382,-0.0026138777354119034,0.041352142994581814
6,0.2,100,19,oracle_tail,300,0.0009322709465532915,8.207890531329405e-05,-7.55373805971756e-05,0.038925172665193485
6,0.2,100,19,tis,300,0.00485079728808459,0.0005125788016792421,-0.01620770487557617,0.20253567130953332
6,0.2,100,19,tis_no_cov,300,0.0048309764420631715,0.0005122898209359956,-0.01785199079634207,0.201708090168443
6,0.2,100,19,uniform,300,0.02395033554692281,0.002002895223780436,0.00554809916262554,1.0
6,0.2,100,20,learned_mean,300,0.007286370508911518,0.0006743390763952927,-0.005362979460000461,0.23558193090965854
6,0.2,100,20,learned_occupancy,300,0.007602637712043524,0.00066634861274521,-0.006382796740007182,0.24580743869932012
6,0.2,100,20,oracle_no_cov,300,0.0015332087719020834,0.00010530411961177978,0.0012163860453438217,0.049571495510770655
6,0.2,100,20,oracle_tail,300,0.0013819614951530348,9.66946163768829e-05,0.0021091462147526906,0.044681389324461564
6,0.2,100,20,tis,300,0.009120630445212727,0.0009349589230527598,-0.006797513691396523,0.29488697133486996
6,0.2,100,20,tis_no_cov,300,0.010255496183424246,0.001068754969596721,-0.009099724946973383,0.331579294570986
6,0.2,100,20,uniform,300,0.030929241817385864,0.002228916462134103,0.010438574678814365,1.0
6,0.2,100,21,learned_mean,300,0.004595674293185017,0.0003594017288901815,-0.016587270884397383,0.2756030615466495
6,0.2,100,21,learned_occupancy,300,0.005189342193419578,0.0004603444128265684,-0.011151640728038951,0.311205386778715
6,0.2,100,21,oracle_no_cov,300,0.0005886148984141692,4.8259815424280805e-05,-0.00014419248517365092,0.03529929619152498
6,0.2,100,21,oracle_tail,300,0.0005933833929591089,4.916952897175082e-05,-0.0008098182718156137,0.03558526330140105
6,0.2,100,21,tis,300,0.005038949924440815,0.0003945959231819897,-0.016365080385610485,0.3021863468904969
6,0.2,100,21,tis_no_cov,300,0.00517320702007009,0.0004037201542829366,-0.0173302742515119,0.3102377587681096
6,0.2,100,21,uniform,300,0.0166749754788451,0.001851862572476076,0.023095398158748993,1.0
6,0.2,100,22,learned_mean,300,0.0012357622079984991,0.0006062875839766335,0.004952364974711082,5.063218273479688
6,0.2,100,22,learned_occupancy,300,0.0,0.0,0.0,0.0
6,0.2,100,22,oracle_no_cov,300,0.00024406654843841518,0.00011696963077590514,0.0025900707178642514,1.0
6,0.2,100,22,oracle_tail,300,0.00024406654843841518,0.00011696963077590514,0.0025900707178642514,1.0
6,0.2,100,22,tis,300,0.0002999011690849714,0.00015595348790791092,0.0029216633105613875,1.2287680184105394
6,0.2,100,22,tis_no_cov,300,0.0002856511272234405,0.00014321879146194435,0.002886201063957268,1.17038213164029
6,0.2,100,22,uniform,300,0.00024406654843841518,0.00011696963077590514,0.0025900707178642514,1.0
6,0.2,100,23,learned_mean,300,0.0022337309481236765,0.00022860803494243655,0.004822243642448966,0.3724844127219156
6,0.2,100,23,learned_occupancy,300,0.0008240342193206788,8.053663169436339e-05,-4.9884310029968405e-05,0.1374113128997265
6,0.2,100,23,oracle_no_cov,300,0.0001442421253347007,1.2772458773198422e-05,0.00027841239274461435,0.024053005752634693
6,0.2,100,23,oracle_tail,300,0.00012478213284733327,1.1367131121444902e-05,4.205431458525403e-05,0.02080796682826527
6,0.2,100,23,tis,300,0.0023856216489777007,0.00024150920449552224,0.006664633552274824,0.3978128519204931
6,0.2,100,23,tis_no_cov,300,0.0024764904561430504,0.0002534908669347432,0.007307228057081145,0.41296562325141717
6,0.2,100,23,uniform,300,0.00599684408751704,0.0006384128716095872,0.014608382732668292,1.0
6,0.2,100,24,learned_mean,300,0.00023012552981890316,0.00020044171456851407,0.001321226566638722,230125529818.90314
6,0.2,100,24,learned_occupancy,300,0.0,0.0,0.0,0.0
6,0.2,100,24,oracle_no_cov,300,0.0,0.0,0.0,0.0
6,0.2,100,24,oracle_tail,300,0.0,0.0,0.0,0.0
6,0.2,100,24,tis,300,0.0,0.0,0.0,0.0
6,0.2,100,24,tis_no_cov,300,0.0,0.0,0.0,0.0
6,0.2,100,24,uniform,300,0.0,0.0,0.0,0.0
6,0.2,100,25,learned_mean,300,0.007807645527986467,0.005117763523437239,0.008094138359895432,2.2566845965531934
6,0.2,100,25,learned_occupancy,300,0.0003056175549556717,2.8817551805605158e-05,-0.0014983389787450582,0.08833423933406685
6,0.2,100,25,oracle_no_cov,300,0.00013432021372092684,1.0510084616412304e-05,-0.0005567317500488519,0.03882327344693381
6,0.2,100,25,oracle_tail,300,0.00012269345450628542,9.478828598438957e-06,-0.0005304324059324964,0.035462730459490985
6,0.2,100,25,tis,300,0.008919096992409113,0.0050849337576609095,0.005725766472032578,2.5779332227348584
6,0.2,100,25,tis_no_cov,300,0.009196747606763398,0.005526797550025716,0.0059411398598151815,2.6581840310471607
6,0.2,100,25,uniform,300,0.0034597858911749033,0.00048827731553579103,-0.006411695889536298,1.0
6,0.2,100,26,learned_mean,300,0.0005787308140033819,8.097081924434293e-05,0.012094060133082578,0.39518338248908697
6,0.2,100,26,learned_occupancy,300,0.0001384386352091318,6.564149861776118e-05,-0.00013532477557022323,0.09453211545911883
6,0.2,100,26,oracle_no_cov,300,4.864574819157849e-05,3.980427664412379e-06,0.00011967709771890434,0.03321750086379198
6,0.2,100,26,oracle_tail,300,4.3434217759701924e-05,3.5995437760087897e-06,0.0002095475888142939,0.029658833908135878
6,0.2,100,26,tis,300,0.000600622268593379,8.087610069747152e-05,0.012753027022509812,0.41013185052146434
6,0.2,100,26,tis_no_cov,300,0.0005992122136964319,8.093255927034148e-05,0.01268978192079535,0.40916900173203113
6,0.2,100,26,uniform,300,0.0014644614112015795,0.0002662519908519994,0.0018100297200142161,1.0
6,0.2,100,27,learned_mean,300,0.0022878085172625424,0.0003232281428626723,-0.002786243732725375,0.32014454043651913
6,0.2,100,27,learned_occupancy,300,0.0008252760292974503,7.183461291155478e-05,0.0020448866380762616,0.11548502120660119
6,0.2,100,27,oracle_no_cov,300,0.0001816213533113824,1.5900606053125816e-05,0.0010657015082738079,0.025415188487410735
6,0.2,100,27,oracle_tail,300,0.00017279827180569776,1.4825143969441321e-05,0.0008269554349365737,0.024180530362590397
6,0.2,100,27,tis,300,0.0022483534951332814,0.00034950031806100867,-0.0019543616510363567,0.3146234009564551
6,0.2,100,27,tis_no_cov,300,0.002286446978445055,0.0003500429460762848,-0.0021143458235845128,0.31995401346902075
6,0.2,100,27,uniform,300,0.007146173769332755,0.0006095309734826362,0.003355914010790627,1.0
6,0.2,100,28,learned_mean,300,0.0030460172114087206,0.00047810724579103154,-0.004632268546402159,0.3392849961117875
6,0.2,100,28,learned_occupancy,300,0.0018624909850608533,0.00026813853758158104,-0.006234222130417766,0.20745622981308204
6,0.2,100,28,oracle_no_cov,300,0.0003573873477444497,3.294560541119996e-05,0.0010537386642194553,0.03980810234286206
6,0.2,100,28,oracle_tail,300,0.0003092032454818727,2.7009476897080343e-05,0.0007306529072962254,0.03444104700004352
6,0.2,100,28,tis,300,0.004180303054220398,0.0006544340729243342,0.0018965067417214458,0.4656290516629483
6,0.2,100,28,tis_no_cov,300,0.0042879655669588535,0.0006787395932965845,0.0028616260460791226,0.4776211950687824
6,0.2,100,28,uniform,300,0.00897775394230849,0.000702986285548321,0.0009375167686071458,1.0
6,0.2,100,29,learned_mean,300,0.00509432711790716,0.0005825867682586102,-0.006837142562597502,0.6634614979099214
6,0.2,100,29,learned_occupancy,300,0.0017851019381879107,0.00017018056060867008,-0.007997903484380016,0.2324833836580572
6,0.2,100,29,oracle_no_cov,300,0.0003039062120144101,2.3102305775509198e-05,-0.0025678381739672146,0.03957933324274706
6,0.2,100,29,oracle_tail,300,0.00025476801027173745,2.0936534766484578e-05,-0.0015127431963366275,0.033179802121512995
6,0.2,100,29,tis,300,0.0060046016433652535,0.0006908353518773917,-0.0006576434717136918,0.7820114233842352
6,0.2,100,29,tis_no_cov,300,0.006070309984239546,0.0007128727456952728,6.610415256729378e-05,0.790568972448643
6,0.2,100,29,uniform,300,0.007678406560072639,0.000646067625365544,0.0031068255001944936,1.0
6,0.2,100,30,learned_mean,300,0.0021019009839653552,0.0003966888966890758,0.013417865701068416,0.9518686118894913
6,0.2,100,30,learned_occupancy,300,6.168891006830079e-05,8.21042501466671e-06,0.0014375795957797565,0.027936490654717247
6,0.2,100,30,oracle_no_cov,300,4.180211987615944e-05,6.073511681535524e-06,0.0010743828331246593,0.018930542458518513
6,0.2,100,30,oracle_tail,300,3.6715019213371233e-05,4.787807143523802e-06,0.0009125718116755584,0.01662679385981186
6,0.2,100,30,tis,300,0.01461286438120645,0.009831933348133431,0.028290427942774414,6.617593806929603
6,0.2,100,30,tis_no_cov,300,0.014613880913106532,0.009831874485476639,0.028302267893115882,6.618054154403654
6,0.2,100,30,uniform,300,0.0022081839423121756,0.00030894959143280083,0.021960564434768296,1.0
6,0.2,100,31,learned_mean,300,0.0010687542618581362,0.0002651433608173042,-0.0004421320827161927,0.2806081649835476
6,0.2,100,31,learned_occupancy,300,0.0006625896693363354,7.446746745401226e-05,-0.0030861605693013566,0.1739670922352816
6,0.2,100,31,oracle_no_cov,300,0.00010871537655782662,7.810901923368643e-06,-0.0003967999615538102,0.028543907060869775
6,0.2,100,31,oracle_tail,300,9.49124223501284e-05,7.488644323551835e-06,-0.000571035380988958,0.0249198544701085
6,0.2,100,31,tis,300,0.001736844451752065,0.0005443880693024496,-0.00174570758240521,0.456019453546465
6,0.2,100,31,tis_no_cov,300,0.0017537166357009348,0.0005430810816808469,-0.0019074560161287913,0.46044935174301194
6,0.2,100,31,uniform,300,0.0038087069274010555,0.0003594437890759828,-0.005893865458384883,1.0
6,0.2,100,32,learned_mean,300,0.0038187333210924876,0.0005598386863017121,0.0048427167519104345,0.5616730492742098
6,0.2,100,32,learned_occupancy,300,0.0009264118753048732,0.00010996930904790923,0.0013099617970871275,0.13625999490780485
6,0.2,100,32,oracle_no_cov,300,0.0002317326136346221,2.055183129356563e-05,8.027039350181082e-05,0.034084067352261216
6,0.2,100,32,oracle_tail,300,0.0001926064769801381,1.5487339933394207e-05,2.572105715204461e-05,0.028329254268126713
6,0.2,100,32,tis,300,0.003613857543017002,0.0004915711502254279,0.0019363042806744514,0.5315391820155336
6,0.2,100,32,tis_no_cov,300,0.003604728850633144,0.0004905761174803017,0.002161734315056145,0.5301965010645473
6,0.2,100,32,uniform,300,0.006798854468853419,0.0005328370774763158,0.0014150922807865103,1.0
6,0.2,100,33,learned_mean,300,0.004204252073822207,0.0004170791265883204,-0.00883040256667325,0.14864167761540872
6,0.2,100,33,learned_occupancy,300,0.004349796609378646,0.0004483464053616396,-0.00042005839077786505,0.1537874166322409
6,0.2,100,33,oracle_no_cov,300,0.0006354578249405054,5.110879584463857e-05,6.463421377838064e-05,0.022466663628739843
6,0.2,100,33,oracle_tail,300,0.0006186285686328189,5.493825763639377e-05,0.0009071465736206356,0.02187166388879323
6,0.2,100,33,tis,300,0.004081723822169412,0.00041662986906849665,-0.0057517674947619776,0.144309681207687
6,0.2,100,33,tis_no_cov,300,0.00406633358352823,0.00039295081093496673,-0.008156283406856582,0.1437655580556118
6,0.2,100,33,uniform,300,0.028284476744807538,0.003586651743845131,0.0391297581544527,1.0
6,0.2,100,34,learned_mean,300,0.00021575187337331817,0.00012279277174748147,0.001772708552486375,201.44434500811784
6,0.2,100,34,learned_occupancy,300,0.0,0.0,0.0,0.0
6,0.2,100,34,oracle_no_cov,300,1.0710247208211467e-06,9.876455717575836e-07,7.41705343647218e-05,1.0
6,0.2,100,34,oracle_tail,300,1.0710247208211467e-06,9.876455717575836e-07,7.41705343647218e-05,1.0
6,0.2,100,34,tis,300,1.631818213953082e-06,1.461485154649447e-06,9.587088643603876e-05,1.5236046210978016
6,0.2,100,34,tis_no_cov,300,1.631818213953082e-06,1.461485154649447e-06,9.587088643603876e-05,1.5236046210978016
6,0.2,100,34,uniform,300,1.0710247208211467e-06,9.876455717575836e-07,7.41705343647218e-05,1.0
6,0.2,100,35,learned_mean,300,3.707476881162842e-05,3.701292595154081e-05,0.0003515431164244694,37074768811.62842
6,0.2,100,35,learned_occupancy,300,0.0,0.0,0.0,0.0
6,0.2,100,35,oracle_no_cov,300,0.0,0.0,0.0,0.0
6,0.2,100,35,oracle_tail,300,0.0,0.0,0.0,0.0
6,0.2,100,35,tis,300,0.0,0.0,0.0,0.0
6,0.2,100,35,tis_no_cov,300,0.0,0.0,0.0,0.0
6,0.2,100,35,uniform,300,0.0,0.0,0.0,0.0
6,0.2,100,36,learned_mean,300,0.001789224700682275,0.0010792707224439378,0.003484594382696159,0.05783974592735447
6,0.2,100,36,learned_occupancy,300,0.0012677460145546536,0.0001390627755140147,0.002486205319861915,0.040982056280743466
6,0.2,100,36,oracle_no_cov,300,0.00044503350743533253,3.674876728490059e-05,0.002086837792266628,0.014386468613698168
6,0.2,100,36,oracle_tail,300,0.0004487220539473705,3.77616503861722e-05,0.0020592772610086283,0.014505707182792453
6,0.2,100,36,tis,300,0.0018227006450400958,0.00107330243922754,0.0035901064027935893,0.05892191303336204
6,0.2,100,36,tis_no_cov,300,0.0018308632423445048,0.0010818701577678038,0.0035797754721158316,0.05918578293970432
6,0.2,100,36,uniform,300,0.03093417289435373,0.0022833827712693358,0.007641184908637781,1.0
6,0.2,100,37,learned_mean,300,0.10298994225138958,0.024951247004623204,-0.005338129549518549,2.4859102639062014
6,0.2,100,37,learned_occupancy,300,0.0034694722630905952,0.0002915954008282411,-0.0019472243114626617,0.08374406782462701
6,0.2,100,37,oracle_no_cov,300,0.0013596697675227001,0.00010929268752165308,-0.0010773438006460815,0.03281890402809731
6,0.2,100,37,oracle_tail,300,0.0013105243085982884,0.00010124566498422328,0.00025997306220285104,0.03163266003092751
6,0.2,100,37,tis,300,0.10768598219749888,0.02617052469176599,-0.0049235094076990485,2.5992604964294084
6,0.2,100,37,tis_no_cov,300,0.10579448906562786,0.026154380180094694,-0.0061884471831364606,2.5536047548313707
6,0.2,100,37,uniform,300,0.04142946901452417,0.003655225507415071,-0.00532205560295019,1.0
6,0.2,100,38,learned_mean,300,0.020783872850983987,0.006939946111965985,-0.02242659185176407,1.0824390831450148
6,0.2,100,38,learned_occupancy,300,0.004545446758336822,0.0004400564528855457,-0.018081074208712352,0.23673014441799042
6,0.2,100,38,oracle_no_cov,300,0.0006123613998700056,5.874189388495532e-05,-0.002880740235129684,0.03189222321465968
6,0.2,100,38,oracle_tail,300,0.000572460581611697,5.108346232158373e-05,-0.003060601085835399,0.029814159831481574
6,0.2,100,38,tis,300,0.019806737635781228,0.006722798320910335,-0.020459370580023867,1.0315491766277747
6,0.2,100,38,tis_no_cov,300,0.020379383607714182,0.00688494600788236,-0.02268846736867321,1.0613729917208528
6,0.2,100,38,uniform,300,0.01920096306075412,0.0018940226815915321,-0.0021416590762575226,1.0
6,0.2,100,39,learned_mean,300,0.0028334962954581077,0.00032845409408048456,-0.005615335280174742,0.17842866634769602
6,0.2,100,39,learned_occupancy,300,0.0022855844390202644,0.00018756412172392514,-0.004012211554862199,0.14392599839750245
6,0.2,100,39,oracle_no_cov,300,0.000544164370074907,4.0571583215035424e-05,9.713297384528122e-05,0.034266684231080646
6,0.2,100,39,oracle_tail,300,0.0005224994022266395,4.012436530456884e-05,0.00047763283155861794,0.03290241517386379
6,0.2,100,39,tis,300,0.004416183085058884,0.0007112649476056872,-0.002339318438603215,0.27809235518584446
6,0.2,100,39,tis_no_cov,300,0.004316007081710333,0.0007125797689887647,-0.002666993745203864,0.271784151887264
6,0.2,100,39,uniform,300,0.01588027503347808,0.0014081453858272113,0.02620110587563941,1.0
6,0.2,100,40,learned_mean,300,0.00293209534562195,0.00048446099258061143,-0.006477239580625545,0.3690764743674816
6,0.2,100,40,learned_occupancy,300,0.0015009342806852626,0.00011642452667226417,-0.005627525795680851,0.18892957672735708
6,0.2,100,40,oracle_no_cov,300,0.0006341101164018919,5.418362209494387e-05,-0.002932333881471691,0.07981838874094342
6,0.2,100,40,oracle_tail,300,0.0005836140871949008,4.762742798191096e-05,-0.0030695702677990214,0.07346221875585024
6,0.2,100,40,tis,300,0.0032104131459914555,0.0005045635580043839,-0.0077036893699739175,0.40410962998005967
6,0.2,100,40,tis_no_cov,300,0.0031167016923700735,0.0005150908606022044,-0.0065619918872554805,0.39231373358737437
6,0.2,100,40,uniform,300,0.007944411386954252,0.000643017296404409,0.0002710111556824598,1.0
6,0.2,100,41,learned_mean,300,0.09633070576991083,0.010232144811224015,0.0741434931960105,1.2805535006851756
6,0.2,100,41,learned_occupancy,300,0.013075719162971818,0.0014048669387150736,0.0027323842142137535,0.17381952944592544
6,0.2,100,41,oracle_no_cov,300,0.005264638355792949,0.00042319799686258797,0.0022149661072198424,0.06998444600265642
6,0.2,100,41,oracle_tail,300,0.00483303175180419,0.00042723059930260506,-0.00013875758342684138,0.06424696756066538
6,0.2,100,41,tis,300,0.10482495186020237,0.010088689725761078,0.08027609444106801,1.3934701089428279
6,0.2,100,41,tis_no_cov,300,0.10537456703297687,0.009990703728473741,0.08110138219272504,1.4007763113411282
6,0.2,100,41,uniform,300,0.0752258345460521,0.006413946335638755,0.0014586463324618008,1.0
6,0.2,100,42,learned_mean,300,0.014846190879623753,0.01171030459879733,0.0001146379178921612,3.1651449456014484
6,0.2,100,42,learned_occupancy,300,0.0015162611647198496,0.00012449893199254584,0.0016257911662679093,0.3232604511579891
6,0.2,100,42,oracle_no_cov,300,0.00041359274732914747,3.694611580270204e-05,0.0008472951883465729,0.0881762200392404
6,0.2,100,42,oracle_tail,300,0.00038556278172150826,2.8979048530630643e-05,0.0010331339278462112,0.08220035022268245
6,0.2,100,42,tis,300,0.015035375604682787,0.01183770727133035,0.0020689413285762785,3.205478326814231
6,0.2,100,42,tis_no_cov,300,0.015169737088966594,0.011853622559856787,0.0018156038397319518,3.234123625551976
6,0.2,100,42,uniform,300,0.004690524805271641,0.0005179651293722666,0.009587076241282435,1.0
6,0.2,100,43,learned_mean,300,0.002401140696668463,0.00023583413149119045,-0.0022089646057977396,0.4166604539216943
6,0.2,100,43,learned_occupancy,300,0.002263507805570687,0.00020656806832836179,-0.004433929047196283,0.3927775623614783
6,0.2,100,43,oracle_no_cov,300,0.0004008683041613882,3.6691574247436533e-05,-1.708761958746067e-05,0.06956109227853628
6,0.2,100,43,oracle_tail,300,0.00032942365488090294,3.0095434236613568e-05,0.0005503974749597088,0.05716358469358467
6,0.2,100,43,tis,300,0.0033097730679548056,0.00036392607822243036,0.005908413267370521,0.5743318376908342
6,0.2,100,43,tis_no_cov,300,0.0032722441606171447,0.0003324688077414133,0.004757923397718207,0.567819594743892
6,0.2,100,43,uniform,300,0.0057628235990923316,0.0005118488953485736,0.010605277569442535,1.0
6,0.2,100,44,learned_mean,300,0.0,0.0,0.0,0.0
6,0.2,100,44,learned_occupancy,300,0.0,0.0,0.0,0.0
6,0.2,100,44,oracle_no_cov,300,5.252334247649615e-05,5.236934760904052e-05,0.0004375335909773137,1.0
6,0.2,100,44,oracle_tail,300,5.252334247649615e-05,5.236934760904052e-05,0.0004375335909773137,1.0
6,0.2,100,44,tis,300,7.382706140504695e-05,6.752974332690793e-05,0.0006219648964959587,1.4056047830178378
6,0.2,100,44,tis_no_cov,300,7.382706140504695e-05,6.752974332690793e-05,0.0006219648964959587,1.4056047830178378
6,0.2,100,44,uniform,300,5.252334247649615e-05,5.236934760904052e-05,0.0004375335909773137,1.0
6,0.2,100,45,learned_mean,300,0.0024716725551808924,0.0002641507559502064,-0.0013456958311371377,0.041442743619595566
6,0.2,100,45,learned_occupancy,300,0.00526858942896522,0.00042910140229663327,0.004352882858892579,0.0883388863479682
6,0.2,100,45,oracle_no_cov,300,0.0010535932438930382,8.390732096964489e-05,0.0006803831346125655,0.017665687388272032
6,0.2,100,45,oracle_tail,300,0.0010298150091631404,8.552682720332206e-05,0.000425390421629747,0.017266995707380835
6,0.2,100,45,tis,300,0.008593753259896912,0.0014796825671803675,0.0073008880486683005,0.14409219066394746
6,0.2,100,45,tis_no_cov,300,0.008568398869623777,0.0014661817195711355,0.00587251025792552,0.1436670714492205
6,0.2,100,45,uniform,300,0.05964065936050141,0.0049872155378081085,0.05905023736553422,1.0
6,0.2,100,46,learned_mean,300,0.2680226028265123,0.04776278853934767,0.09412550220699878,2.4938299227349083
6,0.2,100,46,learned_occupancy,300,0.0071527724347409715,0.0008589957396622091,0.004996716205272354,0.06655333445820107
6,0.2,100,46,oracle_no_cov,300,0.00408195958140401,0.0003161789596706051,0.0037462164896785548,0.03798080027634453
6,0.2,100,46,oracle_tail,300,0.003677286824564448,0.00027357177142610075,0.004687736087840826,0.03421550205418169
6,0.2,100,46,tis,300,0.2919384830884216,0.05132545270356775,0.09721189338612962,2.7163564454860514
6,0.2,100,46,tis_no_cov,300,0.2936685706661918,0.05153762412391461,0.0964878234584055,2.7324541332366183
6,0.2,100,46,uniform,300,0.10747429100240323,0.008735491421423375,0.04014984903025139,1.0
6,0.2,100,47,learned_mean,300,0.1152941425253136,0.01911749773908514,-0.008717801683094684,2.693830370383268
6,0.2,100,47,learned_occupancy,300,0.009528742427817215,0.0007813135082045549,-0.005679815463649346,0.22263763953123505
6,0.2,100,47,oracle_no_cov,300,0.001329524514072799,0.00011303636333648608,-0.001187573070186289,0.031064141124012585
6,0.2,100,47,oracle_tail,300,0.0012618959781664377,0.00011061775744066378,-0.0007211892601770309,0.02948401051252803
6,0.2,100,47,tis,300,0.11201677187932794,0.01584984789294503,-0.011672421265141479,2.6172550961517915
6,0.2,100,47,tis_no_cov,300,0.11340991322778339,0.01640553192263244,-0.009905623000472853,2.6498056350820933
6,0.2,100,47,uniform,300,0.04279933279871293,0.0032720013148755714,0.013535996058318765,1.0
6,0.2,100,48,learned_mean,300,0.09722201383434236,0.03014368219450797,-0.023413928201160766,5.524434063362653
6,0.2,100,48,learned_occupancy,300,0.003427628572734925,0.00026343526887356806,-0.011538328357040868,0.1947677002045719
6,0.2,100,48,oracle_no_cov,300,0.0009117838123803625,7.891205776212262e-05,0.00041075183324248125,0.05181017500953528
6,0.2,100,48,oracle_tail,300,0.000876131506669345,6.952791998435591e-05,0.00035932643846572356,0.04978430859986633
6,0.2,100,48,tis,300,0.09834974037715459,0.030309914671670896,-0.02087806947591357,5.588514724537658
6,0.2,100,48,tis_no_cov,300,0.09854890092755732,0.03017376299595818,-0.022434968894123237,5.599831599032745
6,0.2,100,48,uniform,300,0.01759854723927405,0.001684413670563154,-0.0035256661267865455,1.0
6,0.2,100,49,learned_mean,300,0.03192704113496549,0.0026667017396191737,0.037009850823409685,1.199068371536272
6,0.2,100,49,learned_occupancy,300,0.003643928725047548,0.00036037988022738553,0.0021104369407486225,0.13685326065345482
6,0.2,100,49,oracle_no_cov,300,0.0018418435262472536,0.00013554382843039106,0.003494743956655733,0.06917322242001446
6,0.2,100,49,oracle_tail,300,0.0017396540942046961,0.0001278055724939306,0.002758238962872577,0.06533534357150154
6,0.2,100,49,tis,300,0.034774513488713236,0.0028665232035446245,0.040795354243773535,1.306009507226532
6,0.2,100,49,tis_no_cov,300,0.034728581056265924,0.0030424946824154798,0.04031843372765388,1.3042844451782678
6,0.2,100,49,uniform,300,0.026626539314067544,0.0021372223710003553,0.03111029316514075,1.0
6,0.2,200,0,learned_mean,300,0.0007282043801424948,5.961945140613398e-05,0.0003424254180963882,0.06555871436199899
6,0.2,200,0,learned_occupancy,300,0.0008646576805707329,7.127474330019517e-05,-0.0008273721873818296,0.07784331905604987
6,0.2,200,0,oracle_no_cov,300,0.0003478696301864756,2.6489616310977123e-05,0.0008905025166332514,0.031317973830570375
6,0.2,200,0,oracle_tail,300,0.00034738150380869974,2.6585779062137356e-05,0.0005693978939531623,0.03127402883566812
6,0.2,200,0,tis,300,0.0006883656523787707,6.65515947246642e-05,0.0025005622413202064,0.06197211718512352
6,0.2,200,0,tis_no_cov,300,0.000676681969674154,6.381070984526078e-05,0.0026780795911786576,0.06092025971486453
6,0.2,200,0,uniform,300,0.011107667183976953,0.0007809644652698738,0.005801277002395044,1.0
6,0.2,200,1,learned_mean,300,8.362533235781803e-07,5.884257112569768e-07,8.54075590124063e-05,836253323.5781802
6,0.2,200,1,learned_occupancy,300,0.0,0.0,0.0,0.0
6,0.2,200,1,oracle_no_cov,300,0.0,0.0,0.0,0.0
6,0.2,200,1,oracle_tail,300,0.0,0.0,0.0,0.0
6,0.2,200,1,tis,300,0.0,0.0,0.0,0.0
6,0.2,200,1,tis_no_cov,300,0.0,0.0,0.0,0.0
6,0.2,200,1,uniform,300,0.0,0.0,0.0,0.0
6,0.2,200,2,learned_mean,300,0.03407581215808371,0.005581743250069427,0.04815770286144172,1.9579229906989861
6,0.2,200,2,learned_occupancy,300,0.0020030946995559943,0.00021177942869609196,-0.0020410764424820638,0.11509351990243251
6,0.2,200,2,oracle_no_cov,300,0.0010410283488169123,8.559890957737241e-05,-0.000552644229870823,0.059815253372750704
6,0.2,200,2,oracle_tail,300,0.0008989331862512247,7.250509206346869e-05,-0.001332179517197541,0.051650770473156186
6,0.2,200,2,tis,300,0.03442335718532839,0.005584271702511534,0.049172845894654295,1.9778921816309194
6,0.2,200,2,tis_no_cov,300,0.034376927911043555,0.005517182133327638,0.0495807583378054,1.9752244552347875
6,0.2,200,2,uniform,300,0.017404061508015958,0.0013840307091208587,0.00788147560546332,1.0
6,0.2,200,3,learned_mean,300,0.11108065118528676,0.015271010604016921,-0.01696448530610549,7.063244028194534
6,0.2,200,3,learned_occupancy,300,0.0011856656031544609,0.0001066351152972316,-0.0017842757845962403,0.07539247746168852
6,0.2,200,3,oracle_no_cov,300,0.0007481624282120194,6.274150266816133e-05,-0.0013012334263708958,0.04757312589366619
6,0.2,200,3,oracle_tail,300,0.0006551609617864562,5.802730976797972e-05,-0.0017787772111127016,0.04165947625860983
6,0.2,200,3,tis,300,0.11260899333671835,0.014937164894996522,-0.01307012465516401,7.160426151804258
6,0.2,200,3,tis_no_cov,300,0.11792416089584279,0.015712921420352206,-0.01723655326230336,7.4983997333438275
6,0.2,200,3,uniform,300,0.015726577015020754,0.0011628846656421919,0.008146932989160097,1.0
6,0.2,200,4,learned_mean,300,0.0,0.0,0.0,0.0
6,0.2,200,4,learned_occupancy,300,0.0,0.0,0.0,0.0
6,0.2,200,4,oracle_no_cov,300,0.0,0.0,0.0,0.0
6,0.2,200,4,oracle_tail,300,0.0,0.0,0.0,0.0
6,0.2,200,4,tis,300,0.0,0.0,0.0,0.0
6,0.2,200,4,tis_no_cov,300,0.0,0.0,0.0,0.0
6,0.2,200,4,uniform,300,0.0,0.0,0.0,0.0
6,0.2,200,5,learned_mean,300,0.0003321574012835879,0.00011258974198866294,0.003592136001258987,0.2775145387067485
6,0.2,200,5,learned_occupancy,300,6.641457245756049e-05,5.417028362097773e-06,0.0008332590018006562,0.055488781426339125
6,0.2,200,5,oracle_no_cov,300,2.2912289602057416e-05,1.7737176022284915e-06,0.00027851283998450125,0.019143013086743377
6,0.2,200,5,oracle_tail,300,2.1518165368475962e-05,1.7767620716950185e-06,0.0004233630850779994,0.01797823475548488
6,0.2,200,5,tis,300,0.0010702241206554178,0.00026330490100403366,0.009781639469835532,0.8941626831399434
6,0.2,200,5,tis_no_cov,300,0.001077017146496063,0.00026321402826165664,0.00994313733676046,0.8998381954883201
6,0.2,200,5,uniform,300,0.001196900900513111,0.00016712284566537956,0.012509560081465494,1.0
6,0.2,200,6,learned_mean,300,0.22220839648537866,0.024594342313204877,0.0141158190955673,1.5693158339064028
6,0.2,200,6,learned_occupancy,300,0.010316605452791058,0.0008873074514303718,0.002369996143356463,0.07285958832026154
6,0.2,200,6,oracle_no_cov,300,0.005780329965493843,0.00044730676158812987,0.005781932264780251,0.04082277485247963
6,0.2,200,6,oracle_tail,300,0.005147278002833419,0.0004321479840674628,0.002462416026142235,0.03635193358634459
6,0.2,200,6,tis,300,0.2875710032719126,0.028398428107831917,0.012603703401218708,2.0309301356065426
6,0.2,200,6,tis_no_cov,300,0.28858600264653067,0.02841868132836479,0.008863506530845581,2.038098427242624
6,0.2,200,6,uniform,300,0.14159571431344622,0.011751991228122712,0.00019671853789812103,1.0
6,0.2,200,7,learned_mean,300,0.0038924656826525256,0.0003598990617834659,-0.00551648395647344,0.09873809181419199
6,0.2,200,7,learned_occupancy,300,0.0062375962161445205,0.0005285876026399335,-0.0026667454266002047,0.15822576179267336
6,0.2,200,7,oracle_no_cov,300,0.001221866588711062,0.00010213661071631149,-0.0014487213444468409,0.03099443521326895
6,0.2,200,7,oracle_tail,300,0.0012703602327439072,0.00010321468534340475,-0.0018352090764468857,0.032224547503856164
6,0.2,200,7,tis,300,0.005786841055489979,0.0006215551168496378,-0.0035754629246019516,0.1467916970976958
6,0.2,200,7,tis_no_cov,300,0.005840247028132035,0.0006673212190566629,-0.0011880038567672745,0.14814641779662413
6,0.2,200,7,uniform,300,0.039422127885329936,0.0028692023588134975,0.01588685839891006,1.0
6,0.2,200,8,learned_mean,300,5.215310777734617e-06,2.4188702907887264e-06,0.00029089096336081845,3.4158478373446246
6,0.2,200,8,learned_occupancy,300,0.0,0.0,0.0,0.0
6,0.2,200,8,oracle_no_cov,300,1.5267983312127977e-06,1.0366305660786763e-06,0.00011723413182152568,1.0
6,0.2,200,8,oracle_tail,300,1.5267983312127977e-06,1.0366305660786763e-06,0.00011723413182152568,1.0
6,0.2,200,8,tis,300,1.3063575354912648e-06,9.33263206111787e-07,0.00010031483943164295,0.8556189175642943
6,0.2,200,8,tis_no_cov,300,1.3115468033063177e-06,9.361019195242197e-07,0.00010052344787741826,0.8590177081635287
6,0.2,200,8,uniform,300,1.5267983312127977e-06,1.0366305660786763e-06,0.00011723413182152568,1.0
6,0.2,200,9,learned_mean,300,0.0017920057810240661,0.00024833028346631596,-0.002825320855139538,0.25869853772006446
6,0.2,200,9,learned_occupancy,300,0.0010012605714508763,7.921308279044055e-05,-0.0022016256632556353,0.1445445368837341
6,0.2,200,9,oracle_no_cov,300,0.00022604906307522167,1.8521353896092682e-05,0.0005874700418076251,0.03263302088073181
6,0.2,200,9,oracle_tail,300,0.0002077431675672806,1.849624918028734e-05,0.0005134631833735977,0.029990334986686108
6,0.2,200,9,tis,300,0.0018347602120574631,0.00026220278113549787,-0.0008999003838372277,0.264870676731286
6,0.2,200,9,tis_no_cov,300,0.0018338072953695734,0.00026144510214973324,-0.0004459785672859155,0.2647331112410758
6,0.2,200,9,uniform,300,0.006927003905074951,0.0005516949952764468,0.010080785594333005,1.0
6,0.2,200,10,learned_mean,300,0.0016106303815128734,0.00023971657705801618,0.0007739712285769955,0.33681735651630623
6,0.2,200,10,learned_occupancy,300,0.00041418472289665026,3.089120405118968e-05,0.0011263653270191085,0.0866149087194364
6,0.2,200,10,oracle_no_cov,300,0.0001060832662009147,8.232296145401833e-06,0.000423546915099157,0.02218428616678998
6,0.2,200,10,oracle_tail,300,9.627026917100242e-05,7.607238667510727e-06,0.0009472510796510903,0.020132178025123834
6,0.2,200,10,tis,300,0.0019222797809203074,0.0002582020816654784,0.001853543641871844,0.4019899299839125
6,0.2,200,10,tis_no_cov,300,0.001933291395250557,0.0002578307984911941,0.001651325446097468,0.4042926947102353
6,0.2,200,10,uniform,300,0.004781910285656252,0.00033199022833773305,0.0053576532088807395,1.0
6,0.2,200,11,learned_mean,300,0.0,0.0,0.0,0.0
6,0.2,200,11,learned_occupancy,300,0.0,0.0,0.0,0.0
6,0.2,200,11,oracle_no_cov,300,0.0,0.0,0.0,0.0
6,0.2,200,11,oracle_tail,300,0.0,0.0,0.0,0.0
6,0.2,200,11,tis,300,0.0,0.0,0.0,0.0
6,0.2,200,11,tis_no_cov,300,0.0,0.0,0.0,0.0
6,0.2,200,11,uniform,300,0.0,0.0,0.0,0.0
6,0.2,200,12,learned_mean,300,0.0005100631162065228,6.395740555876742e-05,-0.0008401025100033117,0.14723851712043604
6,0.2,200,12,learned_occupancy,300,0.0007575827291506893,7.063408271545157e-05,-0.003260785288005816,0.21868932312885786
6,0.2,200,12,oracle_no_cov,300,0.0002496874811566605,1.9670732691515095e-05,7.023778694011421e-05,0.0720765985638492
6,0.2,200,12,oracle_tail,300,0.00021357736612748464,1.7569437536045346e-05,-0.00034075379515659124,0.06165279095845578
6,0.2,200,12,tis,300,0.0005750703775216969,6.130418015199867e-05,-0.000488014164000683,0.16600398447924705
6,0.2,200,12,tis_no_cov,300,0.0005971111471773587,6.732850415651977e-05,-0.0009439704227018926,0.17236643284530134
6,0.2,200,12,uniform,300,0.003464196231950018,0.0002917559473145622,0.0024595767931455724,1.0
6,0.2,200,13,learned_mean,300,0.0,0.0,0.0,0.0
6,0.2,200,13,learned_occupancy,300,0.0,0.0,0.0,0.0
6,0.2,200,13,oracle_no_cov,300,0.0,0.0,0.0,0.0
6,0.2,200,13,oracle_tail,300,0.0,0.0,0.0,0.0
6,0.2,200,13,tis,300,0.0,0.0,0.0,0.0
6,0.2,200,13,tis_no_cov,300,0.0,0.0,0.0,0.0
6,0.2,200,13,uniform,300,0.0,0.0,0.0,0.0
6,0.2,200,14,learned_mean,300,0.0002526423174737419,2.125515301923616e-05,-0.00020008102147604253,0.22256199344908395
6,0.2,200,14,learned_occupancy,300,0.00017656799531892085,1.7217945817669245e-05,-0.000684422327383687,0.15554529981530854
6,0.2,200,14,oracle_no_cov,300,5.7724583782028535e-05,5.026457369673513e-06,-0.0003917798676155234,0.050851728111155424
6,0.2,200,14,oracle_tail,300,5.067793125899794e-05,4.363231856558382e-06,4.027103312858493e-05,0.044644070390347394
6,0.2,200,14,tis,300,0.00023165348083452493,2.577865528547488e-05,0.0004958186175343649,0.20407214832214157
6,0.2,200,14,tis_no_cov,300,0.00022954322213362697,2.7422152594535534e-05,0.00025130801291123697,0.20221314311722796
6,0.2,200,14,uniform,300,0.0011351548103901194,8.978302790128646e-05,9.510317636626316e-05,1.0
6,0.2,200,15,learned_mean,300,0.0018652689604506257,0.0003062658369737893,0.013522605997683708,0.6657785230680859
6,0.2,200,15,learned_occupancy,300,0.00028594544919859343,3.8612689056272987e-05,0.004007679126165955,0.10206374677434582
6,0.2,200,15,oracle_no_cov,300,0.00010572645339382178,1.015272961929907e-05,0.0020030672693103126,0.03773740060133743
6,0.2,200,15,oracle_tail,300,8.990989909133218e-05,8.456879271756438e-06,0.0018544674159340123,0.03209192941899721
6,0.2,200,15,tis,300,0.002181388034553143,0.0003021196948293028,0.01928879232943799,0.7786122723729471
6,0.2,200,15,tis_no_cov,300,0.002232052222576794,0.00030711405621194963,0.019542942608691664,0.7966960602823759
6,0.2,200,15,uniform,300,0.0028016358230586445,0.0003527643547766739,0.02493768231509663,1.0
6,0.2,200,16,learned_mean,300,0.23260514626832446,0.01788552320245857,0.11784564865863077,1.5036104913593449
6,0.2,200,16,learned_occupancy,300,0.011779030420623615,0.0010100709931583276,-0.0010837648969378607,0.07614222644093921
6,0.2,200,16,oracle_no_cov,300,0.005823136068062105,0.00046408852378876316,0.0032588850910718154,0.03764202394065224
6,0.2,200,16,oracle_tail,300,0.00577679485697511,0.00045593695985764074,0.0035604879152337653,0.037342464226301275
6,0.2,200,16,tis,300,0.24072303108740756,0.017866537807744595,0.13202072068698392,1.5560862726455404
6,0.2,200,16,tis_no_cov,300,0.24077983369978298,0.017886152564091543,0.13386304563764861,1.5564534571437105
6,0.2,200,16,uniform,300,0.1546977409408981,0.011718415661909953,0.028479335612789747,1.0
6,0.2,200,17,learned_mean,300,0.015683312601158236,0.006291005284105393,0.0038332280064979434,1.5241123898528675
6,0.2,200,17,learned_occupancy,300,0.0011956546178887172,0.0001482834809901229,-0.0019992563234316634,0.1161943310990568
6,0.2,200,17,oracle_no_cov,300,0.000493772206386819,3.723115400253533e-05,0.0005584844654787494,0.047985037131987034
6,0.2,200,17,oracle_tail,300,0.00048449386865973866,3.757007673252788e-05,0.0007272822868471469,0.04708336349665835
6,0.2,200,17,tis,300,0.016570912204427767,0.006412586436478308,0.007224584276640168,1.6103697760935571
6,0.2,200,17,tis_no_cov,300,0.016458334884461065,0.0063943159336485615,0.006088862864536799,1.5994294542023129
6,0.2,200,17,uniform,300,0.010290128671332596,0.0007225240863933348,-0.0006184849827350399,1.0
6,0.2,200,18,learned_mean,300,0.017461521030867233,0.006321385189500227,0.006007304834467494,0.7924402583196323
6,0.2,200,18,learned_occupancy,300,0.0027124838950226796,0.00021972295628089135,0.0028480235552367124,0.12309817882760123
6,0.2,200,18,oracle_no_cov,300,0.0008956311933494917,7.784294280125471e-05,0.0009547245779623885,0.040645612313061054
6,0.2,200,18,oracle_tail,300,0.0008118959540266014,7.073307348018697e-05,0.002442353990988835,0.03684553243673244
6,0.2,200,18,tis,300,0.03293682693759522,0.008446632124911112,0.0029125740849765573,1.4947419300139106
6,0.2,200,18,tis_no_cov,300,0.034875165100023295,0.008681407510509139,0.002575246524181211,1.582707760220228
6,0.2,200,18,uniform,300,0.022035126115240975,0.0015864558199017212,0.015510705127665336,1.0
6,0.2,200,19,learned_mean,300,0.0023449825763026,0.00023875435979328467,-0.0014352302902261734,0.17737983687075723
6,0.2,200,19,learned_occupancy,300,0.001790663302958702,0.00013670068741887458,-0.0029914077246731533,0.13544986123951427
6,0.2,200,19,oracle_no_cov,300,0.00046675324086205993,3.478725413481504e-05,-0.001042663764438861,0.035306280976104686
6,0.2,200,19,oracle_tail,300,0.00048560740231965745,3.3027288224354845e-05,-0.0005053116110759293,0.03673245280248844
6,0.2,200,19,tis,300,0.002093299078679902,0.00023911217583192808,-0.0012452598436403887,0.158341922387927
6,0.2,200,19,tis_no_cov,300,0.0021678465661778175,0.0002628933491176116,-0.0019009716124184191,0.16398086457245892
6,0.2,200,19,uniform,300,0.013220119139083462,0.0010541891313720028,0.007002692917651639,1.0
6,0.2,200,20,learned_mean,300,0.002855714495639058,0.00025715784667535037,-0.005036317421923419,0.1836701349235614
6,0.2,200,20,learned_occupancy,300,0.0036089328734403587,0.00030582492748873393,-0.010109696185569996,0.23211465600188863
6,0.2,200,20,oracle_no_cov,300,0.0008866719356774507,6.441072452087263e-05,-0.0009117489178301863,0.057027813637360356
6,0.2,200,20,oracle_tail,300,0.0008182488252120696,6.504229638503613e-05,-0.00016660055342524756,0.052627064910462866
6,0.2,200,20,tis,300,0.003507405324381189,0.0003353830120475838,-0.0018572585589156658,0.22558473900121057
6,0.2,200,20,tis_no_cov,300,0.003736757833326166,0.0003252768935690943,-0.0010311102094669774,0.24033593570778275
6,0.2,200,20,uniform,300,0.015548061184947297,0.001243292759551948,0.00013991302100663388,1.0
6,0.2,200,21,learned_mean,300,0.0020585776129067373,0.000188642166570229,-0.01312465321535415,0.20245282081178234
6,0.2,200,21,learned_occupancy,300,0.0021704916182756122,0.00018994300478797897,-0.012714023479616168,0.21345911269663448
6,0.2,200,21,oracle_no_cov,300,0.00026810395656939515,2.3115962403723705e-05,-0.003155274176207706,0.026366944796233284
6,0.2,200,21,oracle_tail,300,0.00025275922064344565,2.1977567144299402e-05,-0.003109515741540434,0.02485785179272304
6,0.2,200,21,tis,300,0.0020085877503940096,0.00016921398393248815,-0.013684000789325548,0.19753651908274308
6,0.2,200,21,tis_no_cov,300,0.0021440320272603747,0.00017559171899212314,-0.014372913072025897,0.2108569184412539
6,0.2,200,21,uniform,300,0.010168184393047154,0.0009512732394485656,0.016534622262174975,1.0
6,0.2,200,22,learned_mean,300,0.0001168715872842001,8.122921366948128e-05,0.0010231485411334748,213.72200512392598
6,0.2,200,22,learned_occupancy,300,0.0,0.0,0.0,0.0
6,0.2,200,22,oracle_no_cov,300,5.46839279448237e-07,4.593549348467587e-07,6.535636295247634e-05,1.0
6,0.2,200,22,oracle_tail,300,5.46839279448237e-07,4.593549348467587e-07,6.535636295247634e-05,1.0
6,0.2,200,22,tis,300,4.729602760457688e-05,4.266470016582082e-05,0.0006195083871987976,86.48981406803614
6,0.2,200,22,tis_no_cov,300,4.686746533239972e-05,4.223760956077267e-05,0.0006176098336777358,85.70610615186455
6,0.2,200,22,uniform,300,5.46839279448237e-07,4.593549348467587e-07,6.535636295247634e-05,1.0
6,0.2,200,23,learned_mean,300,0.0006306199430523433,0.0001008997283280409,0.0025430588986016817,0.22380796800362301
6,0.2,200,23,learned_occupancy,300,0.00031445529276240774,3.353217870820795e-05,0.001622431642182816,0.11160065722072687
6,0.2,200,23,oracle_no_cov,300,5.522078343581888e-05,4.972029722980618e-06,0.00052279306632432,0.019597939247717272
6,0.2,200,23,oracle_tail,300,5.413715734957357e-05,4.573515168870493e-06,0.0002423246339348258,0.019213358716907526
6,0.2,200,23,tis,300,0.0006023069749767196,9.636713223005532e-05,0.005059932164858836,0.2137596529717738
6,0.2,200,23,tis_no_cov,300,0.0006143414803119938,9.590963426542342e-05,0.005028701152436601,0.218030717048783
6,0.2,200,23,uniform,300,0.0028176831623891725,0.00026260847615770664,0.005021547452141993,1.0
6,0.2,200,24,learned_mean,300,6.892381256045275e-05,6.88083286325195e-05,0.00048062567212043866,68923812560.45274
6,0.2,200,24,learned_occupancy,300,0.0,0.0,0.0,0.0
6,0.2,200,24,oracle_no_cov,300,0.0,0.0,0.0,0.0
6,0.2,200,24,oracle_tail,300,0.0,0.0,0.0,0.0
6,0.2,200,24,tis,300,0.0,0.0,0.0,0.0
6,0.2,200,24,tis_no_cov,300,0.0,0.0,0.0,0.0
6,0.2,200,24,uniform,300,0.0,0.0,0.0,0.0
6,0.2,200,25,learned_mean,300,0.012996988532033993,0.005555439561302604,5.72193004940195e-05,7.2027063030845015
6,0.2,200,25,learned_occupancy,300,0.00013072397529254113,1.1407293197232953e-05,-0.00048089852516978836,0.07244496665386349
6,0.2,200,25,oracle_no_cov,300,7.048715436796061e-05,5.592766733328113e-06,-0.0006252551160978854,0.03906276210071771
6,0.2,200,25,oracle_tail,300,5.976963726562058e-05,5.1518637096299055e-06,-0.0006666296438468737,0.03312329944779809
6,0.2,200,25,tis,300,0.013113408632053505,0.005453489995991635,0.0007577984491411863,7.2672243094018505
6,0.2,200,25,tis_no_cov,300,0.013350895208235954,0.005552285667887425,0.0009526908730891511,7.39883526335101
6,0.2,200,25,uniform,300,0.0018044590442995204,0.00018476703445451865,0.0003410224377173865,1.0
6,0.2,200,26,learned_mean,300,0.006404893201285328,0.0033525128451888215,0.00032502032137130026,7.108691182497181
6,0.2,200,26,learned_occupancy,300,3.235204133740081e-05,2.5326745382375475e-06,0.00035814091950188144,0.0359070266690494
6,0.2,200,26,oracle_no_cov,300,2.357767115967579e-05,1.8191186136439282e-06,0.00013723223507113857,0.026168489904401574
6,0.2,200,26,oracle_tail,300,2.0369454869158125e-05,1.5334711124944481e-06,0.00011603247421493101,0.022607740624246517
6,0.2,200,26,tis,300,0.006421704809524645,0.003352426120382914,0.0007282061897794841,7.127350124574536
6,0.2,200,26,tis_no_cov,300,0.0064270128613675885,0.0033535477587700348,0.0007492386048726729,7.133241448621064
6,0.2,200,26,uniform,300,0.0009009947171506444,0.0001627728267789253,0.0002451586312791084,1.0
6,0.2,200,27,learned_mean,300,0.0009617984722984161,0.00016903207824543092,-0.0008109528464733587,0.23388512833618985
6,0.2,200,27,learned_occupancy,300,0.00039169318116132355,3.227869422577948e-05,-0.0006353347282527725,0.09524990170279925
6,0.2,200,27,oracle_no_cov,300,8.957645967606369e-05,7.994307090122972e-06,0.000921612776086671,0.021782735542480017
6,0.2,200,27,oracle_tail,300,7.521323191939409e-05,6.4944363098072846e-06,0.0006549594898079165,0.01828996084596512
6,0.2,200,27,tis,300,0.0007764573751513289,0.00016285929871444907,-0.0011814488018869244,0.1888148485003044
6,0.2,200,27,tis_no_cov,300,0.0007974678225328545,0.00016319753818246904,-0.0004006864055569152,0.19392405934203696
6,0.2,200,27,uniform,300,0.0041122686129744564,0.0003678559167118564,-0.003008680679384407,1.0
6,0.2,200,28,learned_mean,300,0.0005843638849307546,0.00011570881164610879,-0.003085676657023424,0.12436891175321302
6,0.2,200,28,learned_occupancy,300,0.0006036989879982946,5.207543389585499e-05,-0.003009858148994401,0.1284839602515149
6,0.2,200,28,oracle_no_cov,300,0.0001916617380392775,1.3986015413181073e-05,-0.0011979141586022034,0.040790956456008436
6,0.2,200,28,oracle_tail,300,0.00016559109866967612,1.3403607945035558e-05,-0.0013138347716298404,0.03524239821905988
6,0.2,200,28,tis,300,0.0008375060173577109,0.0001365546348997383,0.0009554551148586943,0.1782446086275312
6,0.2,200,28,tis_no_cov,300,0.0008409152472171705,0.0001400586810379733,0.0008110170598419593,0.17897018770329456
6,0.2,200,28,uniform,300,0.004698633096431012,0.0003360461975085746,0.010292844120031097,1.0
6,0.2,200,29,learned_mean,300,0.0015272942691368625,0.00020515917018088716,-0.00037892006527501465,0.43660729945709
6,0.2,200,29,learned_occupancy,300,0.0006035685947310374,5.662178075102605e-05,-0.0013980302760392008,0.17254203037870136
6,0.2,200,29,oracle_no_cov,300,0.0001517993615525354,1.151167265352268e-05,0.0006500707681688722,0.04339485235168113
6,0.2,200,29,oracle_tail,300,0.00013228408244343805,1.0984213812414744e-05,0.00023063312674243293,0.037816023515513456
6,0.2,200,29,tis,300,0.0016065856605079656,0.00020684967546755675,-0.00045001826081015033,0.4592743132450074
6,0.2,200,29,tis_no_cov,300,0.0016076210810790593,0.0002035993477090823,-0.0006689782342254088,0.45957030871129234
6,0.2,200,29,uniform,300,0.003498096048865912,0.00025206114793054865,0.0033207290253738815,1.0
6,0.2,200,30,learned_mean,300,0.000694487143747109,0.00017935323414166785,0.005500127761168379,0.5623601608549764
6,0.2,200,30,learned_occupancy,300,2.607135055036629e-05,2.814168613751965e-06,0.0009015813145246672,0.02111124593337225
6,0.2,200,30,oracle_no_cov,300,1.6069740885639587e-05,1.633842115596453e-06,0.00041752056540786067,0.0130124540831483
6,0.2,200,30,oracle_tail,300,1.4711310820799437e-05,1.4887186781724096e-06,0.00038532597868265277,0.011912466910380825
6,0.2,200,30,tis,300,0.005360623535382134,0.0024082443044531857,0.020183280818547915,4.340758703429949
6,0.2,200,30,tis_no_cov,300,0.005353304089214941,0.0024079342866662984,0.0201917518242166,4.334831790367536
6,0.2,200,30,uniform,300,0.0012349508234922885,0.00016504967177504158,0.01502311309547246,1.0
6,0.2,200,31,learned_mean,300,0.0012038825313530031,0.00043100132682005716,-0.002836131744942613,0.710483346150164
6,0.2,200,31,learned_occupancy,300,0.00022413982978577196,2.268793638296102e-05,-0.0003747485476016591,0.13227836780117608
6,0.2,200,31,oracle_no_cov,300,5.847766238706409e-05,4.693890386802131e-06,-0.0003314375593426037,0.03451117876185739
6,0.2,200,31,oracle_tail,300,4.706654374600808e-05,3.950622734377122e-06,-4.051831013469102e-05,0.027776792686579482
6,0.2,200,31,tis,300,0.0012284034355262109,0.00043089733301808025,-0.0027850482094637593,0.72495460359754
6,0.2,200,31,tis_no_cov,300,0.0012993056220139518,0.00043658196737391536,-0.00289878738989766,0.7667982398271965
6,0.2,200,31,uniform,300,0.0016944556658173337,0.00013829435265789596,-0.0018004823484181187,1.0
6,0.2,200,32,learned_mean,300,0.0011876735815951275,0.00024940530418959145,-0.0029895640706491785,0.323009653622855
6,0.2,200,32,learned_occupancy,300,0.00037897727807811805,3.0457732600524963e-05,-0.001981546206515835,0.10306983435510604
6,0.2,200,32,oracle_no_cov,300,0.00012391269165066754,1.003057445634759e-05,-0.0005973660343009261,0.03370033334900102
6,0.2,200,32,oracle_tail,300,0.00012288619087072515,9.896666113849253e-06,-0.0005477466604224064,0.03342115760028439
6,0.2,200,32,tis,300,0.0011394462639994405,0.00023680212374756475,-0.0010266635476752098,0.30989334844174615
6,0.2,200,32,tis_no_cov,300,0.001152119213774063,0.00023524416760284926,-0.0008014047215781668,0.3133399899942027
6,0.2,200,32,uniform,300,0.003676898099713921,0.0002904098627366338,-0.0062174679368440155,1.0
6,0.2,200,33,learned_mean,300,0.001418670853434454,0.0001283216581989424,-0.004345208542886136,0.12529461396439223
6,0.2,200,33,learned_occupancy,300,0.0015042150979506118,0.000135487054403611,-0.0021350365062652843,0.13284973717537513
6,0.2,200,33,oracle_no_cov,300,0.0003392368120540935,2.7518179614655827e-05,0.00026315821212870684,0.029960822347149554
6,0.2,200,33,oracle_tail,300,0.00029052591562045616,2.581581707354675e-05,9.696852164490011e-05,0.025658758235705497
6,0.2,200,33,tis,300,0.0011374589823480781,0.00011310494567088777,-0.004595278784550934,0.10045845641264352
6,0.2,200,33,tis_no_cov,300,0.0012150639833406205,0.00011352798292461048,-0.0057942181134386424,0.10731239904318908
6,0.2,200,33,uniform,300,0.011322680269701214,0.0010976129202929547,0.013670192966324421,1.0
6,0.2,200,34,learned_mean,300,5.500732935021003e-06,3.9016857258977745e-06,0.0001911884295794401,5500732935.021003
6,0.2,200,34,learned_occupancy,300,0.0,0.0,0.0,0.0
6,0.2,200,34,oracle_no_cov,300,0.0,0.0,0.0,0.0
6,0.2,200,34,oracle_tail,300,0.0,0.0,0.0,0.0
6,0.2,200,34,tis,300,0.0,0.0,0.0,0.0
6,0.2,200,34,tis_no_cov,300,0.0,0.0,0.0,0.0
6,0.2,200,34,uniform,300,0.0,0.0,0.0,0.0
6,0.2,200,35,learned_mean,300,0.0,0.0,0.0,0.0
6,0.2,200,35,learned_occupancy,300,0.0,0.0,0.0,0.0
6,0.2,200,35,oracle_no_cov,300,0.0,0.0,0.0,0.0
6,0.2,200,35,oracle_tail,300,0.0,0.0,0.0,0.0
6,0.2,200,35,tis,300,0.0,0.0,0.0,0.0
6,0.2,200,35,tis_no_cov,300,0.0,0.0,0.0,0.0
6,0.2,200,35,uniform,300,0.0,0.0,0.0,0.0
6,0.2,200,36,learned_mean,300,0.0016089637967271466,0.0008386007154805782,0.0007512241726876834,0.09601221445669
6,0.2,200,36,learned_occupancy,300,0.000639204213159945,5.898446368862583e-05,0.003671525858378817,0.038143438727689404
6,0.2,200,36,oracle_no_cov,300,0.0002482033629104345,2.4811038227123104e-05,0.0016657737118097903,0.01481111915451604
6,0.2,200,36,oracle_tail,300,0.00024079431397511014,2.2154662617150204e-05,0.0015623596239395013,0.01436899659293605
6,0.2,200,36,tis,300,0.001845674765601697,0.0008590846985716538,2.922477438015954e-05,0.11013754428329288
6,0.2,200,36,tis_no_cov,300,0.0018431428390932156,0.0008591682647994299,0.0002250669253159643,0.10998645581789958
6,0.2,200,36,uniform,300,0.016757907374930214,0.001312872555228129,0.021003888003909704,1.0
6,0.2,200,37,learned_mean,300,0.042013836329562106,0.008787989844868234,-0.009609967821176813,2.0964708017812215
6,0.2,200,37,learned_occupancy,300,0.0014662900327533249,0.00012699831968302763,-0.00364141346955543,0.07316718750692139
6,0.2,200,37,oracle_no_cov,300,0.0006223854263517021,5.704443447665848e-05,-0.0005798357083900374,0.031056741963894345
6,0.2,200,37,oracle_tail,300,0.0006124411510025266,5.621971879880032e-05,-0.00039436846708277814,0.030560527270456554
6,0.2,200,37,tis,300,0.04222390203432327,0.008795898510690413,-0.012193795493027074,2.106952982295108
6,0.2,200,37,tis_no_cov,300,0.039731321180099685,0.008794800018675037,-0.006274436464962864,1.9825743623336234
6,0.2,200,37,uniform,300,0.02004026781287197,0.0016990336034828088,-0.001121679222899726,1.0
6,0.2,200,38,learned_mean,300,0.0033044942817592542,0.0008598711944561642,-0.005684962623597364,0.3273703847184948
6,0.2,200,38,learned_occupancy,300,0.0019269919952013563,0.000197800208511341,-0.006115430714211991,0.19090367754629
6,0.2,200,38,oracle_no_cov,300,0.00033533366064274135,2.600542238270588e-05,-0.002636190854976904,0.03322091071533989
6,0.2,200,38,oracle_tail,300,0.0003036976347243368,2.5202128927329726e-05,-0.002753190990890982,0.030086785765255655
6,0.2,200,38,tis,300,0.002846108744598823,0.0008327988264539418,-0.0059404286031519106,0.2819589429502512
6,0.2,200,38,tis_no_cov,300,0.003025766487858343,0.0008284675699966756,-0.006277957223917171,0.299757316775009
6,0.2,200,38,uniform,300,0.01009405381797374,0.0008631128311646204,-0.005064822295800144,1.0
6,0.2,200,39,learned_mean,300,0.0009646617033058737,8.106331748473217e-05,-0.0028207243506434302,0.14742217848953956
6,0.2,200,39,learned_occupancy,300,0.0010164188425327721,8.61753519646298e-05,-0.00272563553512591,0.15533184276984363
6,0.2,200,39,oracle_no_cov,300,0.00026274554747916144,2.3387572073408388e-05,-0.0014973329127129305,0.04015347646233121
6,0.2,200,39,oracle_tail,300,0.00023260334621882063,2.094497548356866e-05,-0.001217156455359958,0.03554706474406627
6,0.2,200,39,tis,300,0.0010026176304162356,8.290603153606369e-05,-0.0033214365911669115,0.15322270466573576
6,0.2,200,39,tis_no_cov,300,0.0009756452535417084,7.478961307371825e-05,-0.0037335574779338732,0.1491007139779569
6,0.2,200,39,uniform,300,0.006543531734435209,0.0006222487680655778,0.0022906749366508896,1.0
6,0.2,200,40,learned_mean,300,0.0012789163984373985,0.00013796180433725742,0.00033324375265588737,0.3116196415503561
6,0.2,200,40,learned_occupancy,300,0.0006468591772650604,5.33938269434341e-05,0.0008450659015707599,0.15761313655777887
6,0.2,200,40,oracle_no_cov,300,0.0003385951648521283,3.103123308137936e-05,0.0012763215590247364,0.0825017992034674
6,0.2,200,40,oracle_tail,300,0.0003046315647242874,2.444040543284162e-05,0.0013006374855757219,0.07422625835456689
6,0.2,200,40,tis,300,0.0013210880641413474,0.00013466336590050784,-0.00038109565244211533,0.32189515241744837
6,0.2,200,40,tis_no_cov,300,0.0013210904516027734,0.00013705264631680417,-0.0003820933686990428,0.32189573414419353
6,0.2,200,40,uniform,300,0.0041040943121383195,0.0003258166364529558,0.0004409531426163138,1.0
6,0.2,200,41,learned_mean,300,0.06492912971725999,0.008354718661831129,0.023268954283079873,1.6264235192453265
6,0.2,200,41,learned_occupancy,300,0.004017185548167369,0.00033567316032180155,-0.0006179732353790005,0.10062733144835316
6,0.2,200,41,oracle_no_cov,300,0.0023964969866009525,0.0002002472197253386,-0.0013228402359046366,0.060030360483519896
6,0.2,200,41,oracle_tail,300,0.002237040734079509,0.00018644716105544528,-8.942239663590534e-05,0.05603610704872209
6,0.2,200,41,tis,300,0.07289853059235468,0.008781024831605977,0.020841961563199247,1.826050729312532
6,0.2,200,41,tis_no_cov,300,0.0731980679926328,0.008851601377804238,0.020581811237513754,1.8335539050801324
6,0.2,200,41,uniform,300,0.039921415885197986,0.003439593323704616,0.01369735034885541,1.0
6,0.2,200,42,learned_mean,300,0.005215200377049506,0.002530329706736913,-0.0019670980780720983,1.7140382325946522
6,0.2,200,42,learned_occupancy,300,0.000637724965716114,7.825220578213155e-05,-0.001025364185133227,0.20959596834051938
6,0.2,200,42,oracle_no_cov,300,0.00020185064333032892,1.6640500623289375e-05,-0.00031850525330265296,0.06634063792918886
6,0.2,200,42,oracle_tail,300,0.00018436754088107482,1.541070635514826e-05,-0.0011118828207648897,0.060594606356890124
6,0.2,200,42,tis,300,0.005279126654109074,0.0024383810848325953,-0.0010951149344893866,1.735048371232801
6,0.2,200,42,tis_no_cov,300,0.00561299152555873,0.0025703206961846504,-0.00048046139614054794,1.8447770705754645
6,0.2,200,42,uniform,300,0.0030426394685227733,0.00025751208525522665,0.0008461110686517455,1.0
6,0.2,200,43,learned_mean,300,0.0007543152396970514,6.742124152582572e-05,0.00023393244853966655,0.1698524947785168
6,0.2,200,43,learned_occupancy,300,0.0008425398833126994,6.915865734271604e-05,0.001212574430042989,0.18971842752181087
6,0.2,200,43,oracle_no_cov,300,0.00019424391761172093,1.4631841245597267e-05,-0.00010310187856464943,0.04373876101874075
6,0.2,200,43,oracle_tail,300,0.00017918634478054452,1.2031272173052773e-05,-0.0006278884212089856,0.04034818082615217
6,0.2,200,43,tis,300,0.001220943389631027,0.00015813465800736015,0.0018838589338123826,0.274925216671291
6,0.2,200,43,tis_no_cov,300,0.0011990359055015136,0.0001472122477490989,0.0018893986340997016,0.2699922116915519
6,0.2,200,43,uniform,300,0.00444100182738357,0.0003353677588835418,0.007836618972603694,1.0
6,0.2,200,44,learned_mean,300,0.0,0.0,0.0,0.0
6,0.2,200,44,learned_occupancy,300,0.0,0.0,0.0,0.0
6,0.2,200,44,oracle_no_cov,300,0.0,0.0,0.0,0.0
6,0.2,200,44,oracle_tail,300,0.0,0.0,0.0,0.0
6,0.2,200,44,tis,300,0.0,0.0,0.0,0.0
6,0.2,200,44,tis_no_cov,300,0.0,0.0,0.0,0.0
6,0.2,200,44,uniform,300,0.0,0.0,0.0,0.0
6,0.2,200,45,learned_mean,300,0.001556253450239379,0.00020088479981918915,0.0022255240926127664,0.05760124696911281
6,0.2,200,45,learned_occupancy,300,0.002518384268124111,0.00021557392200407348,0.00572693384177321,0.09321237113982446
6,0.2,200,45,oracle_no_cov,300,0.0006271712378849844,5.248467540969279e-05,0.005057730979842267,0.02321334314778894
6,0.2,200,45,oracle_tail,300,0.0005638823533568129,4.232660777003822e-05,0.004446563286512477,0.020870846385744095
6,0.2,200,45,tis,300,0.0027671168434197173,0.0008397589877135799,0.005520227513984199,0.10241865209403657
6,0.2,200,45,tis_no_cov,300,0.0028262831565069144,0.000856525361921005,0.005329417766024598,0.10460856107824686
6,0.2,200,45,uniform,300,0.027017704166610836,0.0026587738059770443,0.04123488837114187,1.0
6,0.2,200,46,learned_mean,300,0.21931574441446217,0.03001843734601,0.017268245912635143,4.052749025182573
6,0.2,200,46,learned_occupancy,300,0.0031224657516054663,0.00024284252171784558,-0.003185299300293615,0.05770023517814781
6,0.2,200,46,oracle_no_cov,300,0.0020722865363673373,0.0001621088720461782,0.00043337802058062515,0.038293909370639256
6,0.2,200,46,oracle_tail,300,0.00188554325047306,0.00014917591141888444,-0.0013599478772657598,0.03484306879424553
6,0.2,200,46,tis,300,0.23829205890518476,0.03074295424432797,0.013068471987005949,4.40341349872122
6,0.2,200,46,tis_no_cov,300,0.23781723359361887,0.03097302011791801,0.01233369768054759,4.394639172811704
6,0.2,200,46,uniform,300,0.054115303723892,0.00428714118174322,0.00635479769769713,1.0
6,0.2,200,47,learned_mean,300,0.03547413356587511,0.007356060557116158,-0.000253703651710037,1.1902392359583787
6,0.2,200,47,learned_occupancy,300,0.005076169752581327,0.0004670219491458792,-0.0047024710550770165,0.17031723683082392
6,0.2,200,47,oracle_no_cov,300,0.0008028854750101314,6.7495323767404e-05,-0.0036122837848230603,0.02693866483204026
6,0.2,200,47,oracle_tail,300,0.000702107204777748,5.840046791858841e-05,-0.002885817854638327,0.023557320756649312
6,0.2,200,47,tis,300,0.03426705171399196,0.006463140467376392,-0.0009039446097445107,1.1497388477401111
6,0.2,200,47,tis_no_cov,300,0.03420472982271606,0.0063151147552260745,-0.0008268856701761422,1.147647804131732
6,0.2,200,47,uniform,300,0.02980420447769174,0.0026978862540353353,0.007294214339011524,1.0
6,0.2,200,48,learned_mean,300,0.02367241069392719,0.005405216437069077,-0.0012404868229202303,2.7632564255682883
6,0.2,200,48,learned_occupancy,300,0.0017962845080073517,0.0001954093521936387,-0.00290319595178651,0.20967846380653674
6,0.2,200,48,oracle_no_cov,300,0.0004445606337171205,3.50272496257713e-05,-8.838285532023556e-05,0.051893110657660245
6,0.2,200,48,oracle_tail,300,0.00042849964885864297,3.670509115136065e-05,-0.00031875295612272315,0.0500183282290786
6,0.2,200,48,tis,300,0.023720774081867527,0.00566670202028008,-0.002163217864002832,2.7689018346572185
6,0.2,200,48,tis_no_cov,300,0.025641458320693353,0.006072049640953003,-0.0037758200908473566,2.993101352528236
6,0.2,200,48,uniform,300,0.00856685267240761,0.0007486690131473881,-0.0035223646154916408,1.0
6,0.2,200,49,learned_mean,300,0.013630948495915996,0.0018671140258860663,0.02138817577039851,1.2463957776529175
6,0.2,200,49,learned_occupancy,300,0.001579389370193584,0.00023618191878632281,-0.0009880430899664638,0.144417260682115
6,0.2,200,49,oracle_no_cov,300,0.0008377139957870263,6.330364814188645e-05,0.0022185646046549816,0.07659945216156719
6,0.2,200,49,oracle_tail,300,0.0008074681705469587,6.412637630717886e-05,0.001953186718713805,0.07383381418104491
6,0.2,200,49,tis,300,0.015260890545881608,0.0020725888709039663,0.022317095469827433,1.395435508050605
6,0.2,200,49,tis_no_cov,300,0.015623709033902597,0.0021434981778897196,0.021811163574550263,1.4286111474170997
6,0.2,200,49,uniform,300,0.010936292259898677,0.0010196143893667082,0.006444803137963862,1.0
6,0.2,400,0,learned_mean,300,0.00029556939814149495,2.1695054845821113e-05,-0.0005593734256395659,0.05929187528600579
6,0.2,400,0,learned_occupancy,300,0.00040585128714502476,3.009358371925948e-05,-0.0004049917719233613,0.08141466624548177
6,0.2,400,0,oracle_no_cov,300,0.00021372725021624007,1.6865896987616703e-05,0.0010065267306319321,0.042874159316641375
6,0.2,400,0,oracle_tail,300,0.00019879385442479538,1.5017597606668778e-05,0.0006395415668785394,0.03987848707712546
6,0.2,400,0,tis,300,0.0003946791544874411,5.006295547909131e-05,-0.0002807320096904734,0.0791735117133233
6,0.2,400,0,tis_no_cov,300,0.00037190788463208974,4.979973157266382e-05,-0.00019772430889189932,0.07460554459339457
6,0.2,400,0,uniform,300,0.004984989877883926,0.00039810763066891756,0.004269872169500025,1.0
6,0.2,400,1,learned_mean,300,0.0,0.0,0.0,0.0
6,0.2,400,1,learned_occupancy,300,0.0,0.0,0.0,0.0
6,0.2,400,1,oracle_no_cov,300,0.0,0.0,0.0,0.0
6,0.2,400,1,oracle_tail,300,0.0,0.0,0.0,0.0
6,0.2,400,1,tis,300,0.0,0.0,0.0,0.0
6,0.2,400,1,tis_no_cov,300,0.0,0.0,0.0,0.0
6,0.2,400,1,uniform,300,0.0,0.0,0.0,0.0
6,0.2,400,2,learned_mean,300,0.02339839445294861,0.0027890649740100882,0.02713318202082734,2.711530076366306
6,0.2,400,2,learned_occupancy,300,0.0007747653555947943,6.366010106850657e-05,0.0026443062184379417,0.08978391949269765
6,0.2,400,2,oracle_no_cov,300,0.0004389210045346146,3.6507328770939856e-05,0.0008112042001878746,0.05086449445656473
6,0.2,400,2,oracle_tail,300,0.00040745803183580637,3.2995171307193574e-05,0.0014189582703403936,0.04721839827093693
6,0.2,400,2,tis,300,0.025293015304921392,0.002792169660878547,0.022294332604560263,2.9310887915493287
6,0.2,400,2,tis_no_cov,300,0.025466221473912868,0.0028181566022649407,0.020943827865903486,2.951160841260987
6,0.2,400,2,uniform,300,0.008629221802438776,0.0007335402158093666,0.002992645596108474,1.0
6,0.2,400,3,learned_mean,300,0.03845702328101807,0.00598874329885988,0.022339717363497533,5.483679087796307
6,0.2,400,3,learned_occupancy,300,0.0005892051222208883,5.278343690349891e-05,0.0001816846968099295,0.08401617003830718
6,0.2,400,3,oracle_no_cov,300,0.00038613865698268777,3.089731106296114e-05,0.0005762368326751973,0.05506043623846647
6,0.2,400,3,oracle_tail,300,0.00035824608968286964,2.902423764411581e-05,0.00045201197224507144,0.05108316824012766
6,0.2,400,3,tis,300,0.04792297291688918,0.007693909738753639,0.021435955430563015,6.833451525591323
6,0.2,400,3,tis_no_cov,300,0.04719972371512651,0.00743794084102047,0.022697737409701917,6.7303216890985205
6,0.2,400,3,uniform,300,0.0070129966880451726,0.0006058927304845115,0.011100319374306998,1.0
6,0.2,400,4,learned_mean,300,0.0,0.0,0.0,0.0
6,0.2,400,4,learned_occupancy,300,0.0,0.0,0.0,0.0
6,0.2,400,4,oracle_no_cov,300,0.0,0.0,0.0,0.0
6,0.2,400,4,oracle_tail,300,0.0,0.0,0.0,0.0
6,0.2,400,4,tis,300,0.0,0.0,0.0,0.0
6,0.2,400,4,tis_no_cov,300,0.0,0.0,0.0,0.0
6,0.2,400,4,uniform,300,0.0,0.0,0.0,0.0
6,0.2,400,5,learned_mean,300,5.547768098644063e-05,1.718349864152903e-05,0.0002375088818211372,0.1969858942739198
6,0.2,400,5,learned_occupancy,300,3.4737648602030885e-05,3.3305086722637773e-06,0.0002728279093132376,0.12334377813154623
6,0.2,400,5,oracle_no_cov,300,9.899636900688764e-06,8.91859989200331e-07,0.0002817819193156279,0.03515087136295217
6,0.2,400,5,oracle_tail,300,8.816095771452568e-06,9.290542732806682e-07,0.0004213186414198337,0.03130351663344694
6,0.2,400,5,tis,300,0.00013543412276111652,2.8139462544880384e-05,0.0017869107422085603,0.48088909473023805
6,0.2,400,5,tis_no_cov,300,0.0001369221352285642,2.812276926314473e-05,0.0017365245000318076,0.4861726152628026
6,0.2,400,5,uniform,300,0.0002816327594974686,4.017397316600762e-05,0.00216936034141712,1.0
6,0.2,400,6,learned_mean,300,0.09852499658551038,0.011339218528119943,0.034296145193944645,1.31991383892138
6,0.2,400,6,learned_occupancy,300,0.003993860302809979,0.0003510489116788284,-0.0021875461773337226,0.05350471116050652
6,0.2,400,6,oracle_no_cov,300,0.0028506938587932536,0.00022656771903944675,-0.002621710292571239,0.038190006649569015
6,0.2,400,6,oracle_tail,300,0.002507273703786436,0.00018801875480968709,-0.001784033803137429,0.033589295856703213
6,0.2,400,6,tis,300,0.11084782320866225,0.01220507650186617,0.042797029414280575,1.4849995527829423
6,0.2,400,6,tis_no_cov,300,0.11296531473675368,0.012238329789825891,0.043807374487273794,1.5133670378739055
6,0.2,400,6,uniform,300,0.07464502127352797,0.005738317359865466,0.0156984143018673,1.0
6,0.2,400,7,learned_mean,300,0.0016030992607682668,0.00015551082918959015,-0.00017985467178664708,0.08350933582663302
6,0.2,400,7,learned_occupancy,300,0.0024384617083764593,0.00020212385414916453,0.0022521396725687006,0.12702539555012057
6,0.2,400,7,oracle_no_cov,300,0.0005886298972251246,5.212310710546817e-05,0.0015397065483130565,0.030663161644408667
6,0.2,400,7,oracle_tail,300,0.0005899774655390954,4.8207568797566516e-05,0.0016661872009655335,0.03073335975230798
6,0.2,400,7,tis,300,0.0019047299263898938,0.00022719201738666947,0.0007740664770169118,0.09922201012412833
6,0.2,400,7,tis_no_cov,300,0.0018922037365124678,0.0002494717140986519,0.0004999643124483369,0.09856949045631885
6,0.2,400,7,uniform,300,0.019196647235901046,0.0016024450096258729,0.019059115305671934,1.0
6,0.2,400,8,learned_mean,300,0.0,0.0,0.0,0.0
6,0.2,400,8,learned_occupancy,300,0.0,0.0,0.0,0.0
6,0.2,400,8,oracle_no_cov,300,0.0,0.0,0.0,0.0
6,0.2,400,8,oracle_tail,300,0.0,0.0,0.0,0.0
6,0.2,400,8,tis,300,0.0,0.0,0.0,0.0
6,0.2,400,8,tis_no_cov,300,0.0,0.0,0.0,0.0
6,0.2,400,8,uniform,300,0.0,0.0,0.0,0.0
6,0.2,400,9,learned_mean,300,0.0006144311960337797,7.87330204072239e-05,0.0010900474785790026,0.15303796216929783
6,0.2,400,9,learned_occupancy,300,0.0005485270679932738,5.611125851076532e-05,0.0008604822978367062,0.1366230510792219
6,0.2,400,9,oracle_no_cov,300,0.0001228071049636983,9.933673892723218e-06,-0.0004635286182977453,0.030587882263911282
6,0.2,400,9,oracle_tail,300,9.826459682995359e-05,8.267706213761531e-06,-0.00022300508905075364,0.024475016485681466
6,0.2,400,9,tis,300,0.0005966625559705996,9.223363980809229e-05,0.0001783049576816039,0.14861228117630454
6,0.2,400,9,tis_no_cov,300,0.000607235862037804,8.525604385802123e-05,-0.00042001008974384263,0.1512458017793637
6,0.2,400,9,uniform,300,0.004014893999660469,0.00037028950471639085,0.01007389919442615,1.0
6,0.2,400,10,learned_mean,300,0.0006790826490180443,7.170543504116347e-05,0.001527181411876305,0.2905436012095016
6,0.2,400,10,learned_occupancy,300,0.00023015310748035012,1.8778244004340674e-05,0.0018362252679197874,0.09847035964413454
6,0.2,400,10,oracle_no_cov,300,5.7009570101254246e-05,4.240813000634523e-06,-5.123493816964456e-05,0.024391384207173013
6,0.2,400,10,oracle_tail,300,5.622509777996628e-05,4.519073133726877e-06,0.00019747454094051097,0.02405574993113053
6,0.2,400,10,tis,300,0.0009974862516238796,0.00012151636462758546,0.0018905852664000526,0.42677168695568934
6,0.2,400,10,tis_no_cov,300,0.0010220216929555717,0.0001224197338616661,0.0019537846236639842,0.4372691065143871
6,0.2,400,10,uniform,300,0.0023372831003370806,0.000164774466241867,0.001841132509238963,1.0
6,0.2,400,11,learned_mean,300,0.0,0.0,0.0,0.0
6,0.2,400,11,learned_occupancy,300,0.0,0.0,0.0,0.0
6,0.2,400,11,oracle_no_cov,300,0.0,0.0,0.0,0.0
6,0.2,400,11,oracle_tail,300,0.0,0.0,0.0,0.0
6,0.2,400,11,tis,300,0.0,0.0,0.0,0.0
6,0.2,400,11,tis_no_cov,300,0.0,0.0,0.0,0.0
6,0.2,400,11,uniform,300,0.0,0.0,0.0,0.0
6,0.2,400,12,learned_mean,300,0.0002735828028211177,2.6934505086635487e-05,-0.0006365904115815605,0.17493008864031062
6,0.2,400,12,learned_occupancy,300,0.00026525420386845145,2.2218766988206785e-05,-0.0006178243432952761,0.1696047445835348
6,0.2,400,12,oracle_no_cov,300,0.00012226899147686947,9.800270476191496e-06,2.567532309435035e-05,0.07817934934673164
6,0.2,400,12,oracle_tail,300,0.00011136006601827513,8.277281951192305e-06,8.849756441705677e-05,0.07120413278427033
6,0.2,400,12,tis,300,0.0003317447588066957,3.643378497638174e-05,-0.0008526723170279737,0.2121191078737434
6,0.2,400,12,tis_no_cov,300,0.0003467398255472581,3.5389176311989446e-05,-0.0009824187626854316,0.22170702175957732
6,0.2,400,12,uniform,300,0.0015639550917032675,0.00012326537711682207,-0.00018870977285062078,1.0
6,0.2,400,13,learned_mean,300,0.0,0.0,0.0,0.0
6,0.2,400,13,learned_occupancy,300,0.0,0.0,0.0,0.0
6,0.2,400,13,oracle_no_cov,300,0.0,0.0,0.0,0.0
6,0.2,400,13,oracle_tail,300,0.0,0.0,0.0,0.0
6,0.2,400,13,tis,300,0.0,0.0,0.0,0.0
6,0.2,400,13,tis_no_cov,300,0.0,0.0,0.0,0.0
6,0.2,400,13,uniform,300,0.0,0.0,0.0,0.0
6,0.2,400,14,learned_mean,300,8.490544620330017e-05,7.42915135493163e-06,-4.942615254114695e-06,0.16067321613335675
6,0.2,400,14,learned_occupancy,300,7.581593197885392e-05,6.8296137570572565e-06,0.00014036859266950566,0.14347241749395326
6,0.2,400,14,oracle_no_cov,300,2.9289385304598533e-05,2.647587353441421e-06,-0.0004230827402259004,0.055426594475349526
6,0.2,400,14,oracle_tail,300,2.832632422880671e-05,2.3704175321725934e-06,-0.00042078370817136463,0.053604118682573955
6,0.2,400,14,tis,300,8.484362995146785e-05,1.3841634486138955e-05,-0.0002106095204679918,0.16055623640549072
6,0.2,400,14,tis_no_cov,300,8.496273898765933e-05,1.2788937935700524e-05,-0.00011824104749360575,0.16078163574995213
6,0.2,400,14,uniform,300,0.000528435592730214,4.520198725238434e-05,-0.000980494758300058,1.0
6,0.2,400,15,learned_mean,300,0.0007685477005611807,0.00015624513189910352,0.007610088973875185,0.5791506118913665
6,0.2,400,15,learned_occupancy,300,0.00014992788398999126,1.6029132267137467e-05,0.0021603587045498983,0.11298039886005623
6,0.2,400,15,oracle_no_cov,300,3.797929587741798e-05,3.178462674418548e-06,0.0005527139160014201,0.028619866314802532
6,0.2,400,15,oracle_tail,300,3.72313957028751e-05,2.9544203945844757e-06,0.0007787672268145592,0.028056274954885777
6,0.2,400,15,tis,300,0.0008794714385915958,0.00013007847100347559,0.009664218628630959,0.6627388533325737
6,0.2,400,15,tis_no_cov,300,0.0008818161488473749,0.00013243341001723796,0.009670035577296869,0.6645057448063896
6,0.2,400,15,uniform,300,0.0013270256212823274,0.00015942278796991053,0.016116951939823057,1.0
6,0.2,400,16,learned_mean,300,0.11118521948779812,0.01194497176755217,0.09211502632799538,1.371441942433344
6,0.2,400,16,learned_occupancy,300,0.004637057668984557,0.00036023935752755275,-0.0007953856953491334,0.057196949432883254
6,0.2,400,16,oracle_no_cov,300,0.0029234897873939196,0.00023868615003176682,0.0024740893104594885,0.03606051713688047
6,0.2,400,16,oracle_tail,300,0.002693490215652369,0.00019724999958299971,-0.0015168797725232342,0.03322352980276196
6,0.2,400,16,tis,300,0.1151815494267228,0.012098965876007945,0.09242326757792042,1.4207356751731068
6,0.2,400,16,tis_no_cov,300,0.1159490232162189,0.012179866146130076,0.09334776887385546,1.4302022728871016
6,0.2,400,16,uniform,300,0.08107176545185911,0.006360291335199062,0.041068663991048006,1.0
6,0.2,400,17,learned_mean,300,0.006567862535837535,0.0024904952258628784,0.0030294159708295003,1.2471722363121585
6,0.2,400,17,learned_occupancy,300,0.00048447715446030916,4.0084941169246485e-05,0.0012103366834582522,0.09199742730202616
6,0.2,400,17,oracle_no_cov,300,0.00024312713467805586,2.1276853069594657e-05,0.0007483116651557194,0.04616744193564816
6,0.2,400,17,oracle_tail,300,0.0002314329559251932,1.8163065794567184e-05,0.0005419249098240394,0.04394683287334506
6,0.2,400,17,tis,300,0.007144689628428713,0.0025849761042930864,0.003370118639630292,1.3567060048870883
6,0.2,400,17,tis_no_cov,300,0.006896808217433409,0.002562612027654932,0.003030107527700885,1.3096357728284322
6,0.2,400,17,uniform,300,0.005266203291422248,0.00038760814398633827,-0.008809364572095179,1.0
6,0.2,400,18,learned_mean,300,0.008101737818701256,0.0030017081353076376,0.0071120866780571895,0.6964099671260987
6,0.2,400,18,learned_occupancy,300,0.0011371929637455295,9.048932007480163e-05,0.0007495162075728097,0.09775094334328983
6,0.2,400,18,oracle_no_cov,300,0.0004562142764035762,3.531846212572035e-05,2.3593132893928727e-05,0.03921531112736034
6,0.2,400,18,oracle_tail,300,0.00039267697894848115,3.1254162131283865e-05,-0.00037888644756168454,0.03375376593518612
6,0.2,400,18,tis,300,0.018038560286097103,0.004936096948739094,-0.000579231108829772,1.5505603189041255
6,0.2,400,18,tis_no_cov,300,0.016837663201967588,0.004416754101718751,0.0024398491096680325,1.4473334905871202
6,0.2,400,18,uniform,300,0.01163357533800816,0.0008891017780421513,-0.007207325349829417,1.0
6,0.2,400,19,learned_mean,300,0.0007438814424522443,7.393992439289666e-05,-0.002520998044626052,0.11448980993581856
6,0.2,400,19,learned_occupancy,300,0.0008732205425434098,7.885170453065199e-05,-0.0020903697778430425,0.13439621993832107
6,0.2,400,19,oracle_no_cov,300,0.0002521879333927956,2.0288141573846443e-05,-0.001030209597383973,0.03881391161885534
6,0.2,400,19,oracle_tail,300,0.00023465395021401186,1.85179400201993e-05,-0.00029967721025025095,0.03611527943502363
6,0.2,400,19,tis,300,0.0006207654370203273,5.5397113645411615e-05,-0.0024052064558603707,0.09554118820990114
6,0.2,400,19,tis_no_cov,300,0.0006572229363488179,6.425027194483039e-05,-0.002418110988174344,0.10115231376116408
6,0.2,400,19,uniform,300,0.006497359397043756,0.0005009367282307565,0.0006518206627016928,1.0
6,0.2,400,20,learned_mean,300,0.0010299241402574057,9.997466290377789e-05,-0.004829989404630992,0.11878452768161696
6,0.2,400,20,learned_occupancy,300,0.0010964028136100272,0.00011121783518914396,-0.0032328135188393267,0.12645173102837806
6,0.2,400,20,oracle_no_cov,300,0.00047249192847057697,3.421434117950815e-05,-0.0017920155522401463,0.054494043165865355
6,0.2,400,20,oracle_tail,300,0.0004057303798211041,3.0010147862985198e-05,-0.002163373483169117,0.046794214883717364
6,0.2,400,20,tis,300,0.0011996960806852511,0.00010515011654765377,-0.001710861829176998,0.1383648821650774
6,0.2,400,20,tis_no_cov,300,0.0013817634418294134,0.00011786436881558583,-0.0016536952204439122,0.15936330783004196
6,0.2,400,20,uniform,300,0.008670524354972843,0.0006567716448616134,-0.001085213229611876,1.0
6,0.2,400,21,learned_mean,300,0.0007468684675702524,6.856907812028712e-05,-0.0047982655095621255,0.2027620431340392
6,0.2,400,21,learned_occupancy,300,0.000867520236664242,7.365933063935438e-05,-0.004400433744159125,0.235516939439703
6,0.2,400,21,oracle_no_cov,300,0.00013904266346242066,1.0371970393680253e-05,-0.0017900711461239904,0.037747710273746654
6,0.2,400,21,oracle_tail,300,0.00012603803680839737,9.616685279303715e-06,-0.0008735138768882397,0.03421717606985469
6,0.2,400,21,tis,300,0.0007887527793139588,7.198436366843823e-05,-0.005222315063358948,0.214132918988586
6,0.2,400,21,tis_no_cov,300,0.0008359178693056303,7.310670520348811e-05,-0.005541883949555279,0.22693743601743296
6,0.2,400,21,uniform,300,0.003683472784284989,0.00029787835058699635,-0.004709998281838203,1.0
6,0.2,400,22,learned_mean,300,0.0,0.0,0.0,0.0
6,0.2,400,22,learned_occupancy,300,0.0,0.0,0.0,0.0
6,0.2,400,22,oracle_no_cov,300,0.0,0.0,0.0,0.0
6,0.2,400,22,oracle_tail,300,0.0,0.0,0.0,0.0
6,0.2,400,22,tis,300,0.0,0.0,0.0,0.0
6,0.2,400,22,tis_no_cov,300,0.0,0.0,0.0,0.0
6,0.2,400,22,uniform,300,0.0,0.0,0.0,0.0
6,0.2,400,23,learned_mean,300,0.00020361309454863252,3.758682738706531e-05,-0.0003059636926206544,0.13853397650120564
6,0.2,400,23,learned_occupancy,300,0.00014703662548168887,2.1888588014403226e-05,-0.000992988694694893,0.10004056204956717
6,0.2,400,23,oracle_no_cov,300,2.5729427503026364e-05,2.1192286442606084e-06,0.00025538217256632745,0.01750574987819548
6,0.2,400,23,oracle_tail,300,2.4547203807289293e-05,1.8055797367984229e-06,0.00020012987530316253,0.016701390266415747
6,0.2,400,23,tis,300,0.00023786776306998524,4.2595532958259686e-05,0.0026954734011481046,0.1618401172703605
6,0.2,400,23,tis_no_cov,300,0.0002456600694783511,4.258959062196753e-05,0.0030123714276191313,0.16714183519405185
6,0.2,400,23,uniform,300,0.0014697700859461038,0.0001197965029062218,0.005063379331479281,1.0
6,0.2,400,24,learned_mean,300,0.0,0.0,0.0,0.0
6,0.2,400,24,learned_occupancy,300,0.0,0.0,0.0,0.0
6,0.2,400,24,oracle_no_cov,300,0.0,0.0,0.0,0.0
6,0.2,400,24,oracle_tail,300,0.0,0.0,0.0,0.0
6,0.2,400,24,tis,300,0.0,0.0,0.0,0.0
6,0.2,400,24,tis_no_cov,300,0.0,0.0,0.0,0.0
6,0.2,400,24,uniform,300,0.0,0.0,0.0,0.0
6,0.2,400,25,learned_mean,300,0.008099106585014766,0.0029798089501290033,-0.002885031380149122,8.94284552429836
6,0.2,400,25,learned_occupancy,300,5.989432960964909e-05,5.44293057563369e-06,5.82257429997816e-05,0.06613392870659753
6,0.2,400,25,oracle_no_cov,300,3.720759295445016e-05,2.984372359953273e-06,0.0003042337335203538,0.04108376061358046
6,0.2,400,25,oracle_tail,300,3.157874426475319e-05,2.4936127961924675e-06,0.00017658906774456067,0.03486851652668992
6,0.2,400,25,tis,300,0.008332623271334431,0.0029201616181997125,-0.0029988983777046426,9.200689229796279
6,0.2,400,25,tis_no_cov,300,0.008586155246410617,0.0030243620918551377,-0.0033421785714412757,9.480633352617383
6,0.2,400,25,uniform,300,0.0009056520727109627,8.755063910941517e-05,-0.0019239540297750976,1.0
6,0.2,400,26,learned_mean,300,0.0012568892985581545,0.0009447772636440242,0.003652085557202588,2.876408441690882
6,0.2,400,26,learned_occupancy,300,1.552032576120674e-05,1.4279078082695357e-06,-0.000244413039124991,0.03551847890545309
6,0.2,400,26,oracle_no_cov,300,1.1759263243127163e-05,9.728087290064174e-07,-0.0001908149035115425,0.026911235619078083
6,0.2,400,26,oracle_tail,300,1.0625022485962476e-05,9.265905802868616e-07,-0.0001809943064333789,0.024315510050755558
6,0.2,400,26,tis,300,0.0016886332345330331,0.0010321906865911083,0.0028034333292577046,3.86446037554982
6,0.2,400,26,tis_no_cov,300,0.0016691169885321695,0.001031282152041115,0.0028555608065380304,3.8197971782329225
6,0.2,400,26,uniform,300,0.00043696482055215305,5.781871974481705e-05,-0.0019255552738216774,1.0
6,0.2,400,27,learned_mean,300,0.0003421801910071775,8.425246975103701e-05,0.00018343681778641355,0.1719634500822243
6,0.2,400,27,learned_occupancy,300,0.0001505144635644211,1.0909368159803277e-05,-0.0003069672892909599,0.07564139340044432
6,0.2,400,27,oracle_no_cov,300,4.7410548522345257e-05,3.3057437237749024e-06,-0.000672029729062793,0.02382628132328729
6,0.2,400,27,oracle_tail,300,4.217258880915562e-05,3.1733731486255126e-06,-0.0007489976464114804,0.021193932498475006
6,0.2,400,27,tis,300,0.00041574519113587614,9.533665671666709e-05,0.0013161851199801323,0.2089337118328963
6,0.2,400,27,tis_no_cov,300,0.0004157780102226715,9.450560656453645e-05,0.00184554556496949,0.2089502051412239
6,0.2,400,27,uniform,300,0.001989842555749865,0.00015376691706323146,-0.0006287587222446867,1.0
6,0.2,400,28,learned_mean,300,0.00019345860316021088,2.0171224548147512e-05,-0.0012238277578386025,0.09351552615234375
6,0.2,400,28,learned_occupancy,300,0.00027515036575915565,2.3536874884166056e-05,-0.00039746761856110477,0.13300432653113145
6,0.2,400,28,oracle_no_cov,300,8.921065389840239e-05,7.843201840133067e-06,-0.0007508442316696899,0.043123340608403476
6,0.2,400,28,oracle_tail,300,7.705433044931538e-05,6.848741274393376e-06,-0.000780618934265264,0.03724712231234759
6,0.2,400,28,tis,300,0.0002533638601117108,4.453348931900437e-05,-0.000355672830874959,0.12247299576909457
6,0.2,400,28,tis_no_cov,300,0.0002624912096355753,4.431516450322064e-05,-0.0011307325397363792,0.126885045061075
6,0.2,400,28,uniform,300,0.0020687324460437985,0.0001762364742660335,0.0019366104832200977,1.0
6,0.2,400,29,learned_mean,300,0.0003036903655606735,6.232378218128669e-05,-0.001203566564198845,0.1566736510452501
6,0.2,400,29,learned_occupancy,300,0.0002013678687659626,1.7331604097871448e-05,-0.002155085538680685,0.10388554521483839
6,0.2,400,29,oracle_no_cov,300,5.94830520973764e-05,4.666488743770314e-06,0.00012319634407846744,0.030687265729372897
6,0.2,400,29,oracle_tail,300,6.159149509723381e-05,4.887045666234141e-06,0.0006605924227381777,0.03177501002510843
6,0.2,400,29,tis,300,0.0004989957958744072,0.00010418308271045955,0.0021130648836957806,0.2574315884257265
6,0.2,400,29,tis_no_cov,300,0.0005179242105038336,0.00010432031832606701,0.001383594003239902,0.2671967445346979
6,0.2,400,29,uniform,300,0.0019383627274567206,0.00014345884534990247,-0.006745212324223274,1.0
6,0.2,400,30,learned_mean,300,0.00016982378409553887,3.6660884399852036e-05,0.001879666657377379,0.3527422913203673
6,0.2,400,30,learned_occupancy,300,1.1306184534213912e-05,8.809925389882748e-07,0.0002443841706574693,0.023484163068971917
6,0.2,400,30,oracle_no_cov,300,6.374827924790902e-06,5.037501504436017e-07,0.00017762867382421795,0.013241204233788332
6,0.2,400,30,oracle_tail,300,5.934996198680366e-06,4.917787801734424e-07,6.144598106384346e-05,0.012327626364293088
6,0.2,400,30,tis,300,0.00209172669643531,0.0008795819193699553,0.01188448669263444,4.344741648799215
6,0.2,400,30,tis_no_cov,300,0.002078236748912409,0.0008672448611782273,0.011951956523844958,4.31672157478919
6,0.2,400,30,uniform,300,0.0004814386827841453,6.816982133158975e-05,0.008709386633759418,1.0
6,0.2,400,31,learned_mean,300,0.0001780735150111332,9.78594387789128e-05,0.0003234371330527315,0.22370571180668686
6,0.2,400,31,learned_occupancy,300,9.577178423970143e-05,8.083400712335846e-06,-0.0005862983674856973,0.12031376571074799
6,0.2,400,31,oracle_no_cov,300,2.543013826154452e-05,1.9130136005435444e-06,-0.0002754595232529766,0.031946733801405613
6,0.2,400,31,oracle_tail,300,2.17149469634824e-05,1.6403344734337838e-06,-0.0001481957360062521,0.027279506820576747
6,0.2,400,31,tis,300,0.00018306352423678483,9.303342143556192e-05,0.0012242340453903395,0.229974434955531
6,0.2,400,31,tis_no_cov,300,0.00021406378314651233,9.646686092636176e-05,0.0009638503674670595,0.26891865967731854
6,0.2,400,31,uniform,300,0.0007960168454036333,6.552949163193468e-05,0.001242944713578928,1.0
6,0.2,400,32,learned_mean,300,0.00022658443570064543,4.907330119974088e-05,-0.0010402552280266864,0.10052007934399605
6,0.2,400,32,learned_occupancy,300,0.0001886704677228341,1.4281021874774447e-05,0.00011370697588434713,0.08370023442574041
6,0.2,400,32,oracle_no_cov,300,6.076562377152074e-05,4.324831294492855e-06,-0.000430654152077633,0.02695756795480228
6,0.2,400,32,oracle_tail,300,5.46122421175699e-05,4.200741063262667e-06,-0.0006464822081687224,0.024227731679082896
6,0.2,400,32,tis,300,0.0004351178120343311,0.00010173857311052064,-0.0006466550346424719,0.19303213327265767
6,0.2,400,32,tis_no_cov,300,0.0004482191878507699,0.00010304018983972619,-0.0007512697635943536,0.19884432126567517
6,0.2,400,32,uniform,300,0.0022541211385760716,0.00018454661069402476,0.003021966695032873,1.0
6,0.2,400,33,learned_mean,300,0.0005932627503935617,6.976091827501207e-05,-0.00216959322833138,0.1162841684922116
6,0.2,400,33,learned_occupancy,300,0.0006148331625335961,5.361677050135052e-05,-0.00354243691119085,0.12051213904669902
6,0.2,400,33,oracle_no_cov,300,0.0001539774999800285,1.1974791247813817e-05,-0.00013238809418710288,0.030180801912490094
6,0.2,400,33,oracle_tail,300,0.00013637931996419303,9.949179077618593e-06,-1.0988869828261194e-05,0.026731420118739958
6,0.2,400,33,tis,300,0.0004247274820037689,6.355756350363145e-05,-0.0006294807573305842,0.0832499293910414
6,0.2,400,33,tis_no_cov,300,0.0004979671082490528,7.06418089617123e-05,-0.0004839006476026094,0.09760547258495236
6,0.2,400,33,uniform,300,0.0051018359428119135,0.0005021558596194219,0.0013458185797161721,1.0
6,0.2,400,34,learned_mean,300,0.0,0.0,0.0,0.0
6,0.2,400,34,learned_occupancy,300,0.0,0.0,0.0,0.0
6,0.2,400,34,oracle_no_cov,300,0.0,0.0,0.0,0.0
6,0.2,400,34,oracle_tail,300,0.0,0.0,0.0,0.0
6,0.2,400,34,tis,300,0.0,0.0,0.0,0.0
6,0.2,400,34,tis_no_cov,300,0.0,0.0,0.0,0.0
6,0.2,400,34,uniform,300,0.0,0.0,0.0,0.0
6,0.2,400,35,learned_mean,300,0.0,0.0,0.0,0.0
6,0.2,400,35,learned_occupancy,300,0.0,0.0,0.0,0.0
6,0.2,400,35,oracle_no_cov,300,0.0,0.0,0.0,0.0
6,0.2,400,35,oracle_tail,300,0.0,0.0,0.0,0.0
6,0.2,400,35,tis,300,0.0,0.0,0.0,0.0
6,0.2,400,35,tis_no_cov,300,0.0,0.0,0.0,0.0
6,0.2,400,35,uniform,300,0.0,0.0,0.0,0.0
6,0.2,400,36,learned_mean,300,0.0003093488334507342,0.00015693004407321174,0.0004066955262966839,0.034904377151722996
6,0.2,400,36,learned_occupancy,300,0.00023976180097671473,1.9566004881223154e-05,0.0016363786319889802,0.027052748945311195
6,0.2,400,36,oracle_no_cov,300,0.00010342696092777403,8.420517924418211e-06,0.0003332733036275881,0.011669847309944576
6,0.2,400,36,oracle_tail,300,0.00010198665750610372,8.468000131355046e-06,0.0003762353297013421,0.011507335322160066
6,0.2,400,36,tis,300,0.0005231256646550472,0.00025223397537972467,0.00014236468626605288,0.05902519590323091
6,0.2,400,36,tis_no_cov,300,0.0005231314105492703,0.00025240403454728844,0.0001044646492527009,0.059025844222659815
6,0.2,400,36,uniform,300,0.008862751857913147,0.0007328014367983896,0.01567457276017431,1.0
6,0.2,400,37,learned_mean,300,0.009779901083617086,0.004577273483697533,0.002954071334861162,1.1335921616157998
6,0.2,400,37,learned_occupancy,300,0.0008052379226155749,6.254074264689165e-05,-0.0025381954641986166,0.09333544271136977
6,0.2,400,37,oracle_no_cov,300,0.0003236104964282374,2.6197858392108513e-05,-0.0004826067467894527,0.03750981927436545
6,0.2,400,37,oracle_tail,300,0.00028678365542198484,2.4209801712608526e-05,-0.0004226360989581194,0.03324120572246649
6,0.2,400,37,tis,300,0.011315860050945769,0.004823605254405816,-0.0007470161159393103,1.3116257665613553
6,0.2,400,37,tis_no_cov,300,0.010083520426648947,0.004714845763898283,-0.0017709989495339493,1.16878479847717
6,0.2,400,37,uniform,300,0.008627354188544325,0.0006735944621755454,-0.002207062000530297,1.0
6,0.2,400,38,learned_mean,300,0.0012976165216378296,0.00036082304214385885,-0.0028111530514784203,0.25507098624654945
6,0.2,400,38,learned_occupancy,300,0.0007710201021123545,6.495924927846979e-05,-0.0039785171834080535,0.15155853411413603
6,0.2,400,38,oracle_no_cov,300,0.0001565158170997252,1.3301302217312845e-05,-0.0025559030342491075,0.030766134035055112
6,0.2,400,38,oracle_tail,300,0.00015810794171944726,1.2674996883903955e-05,-0.002214803883200259,0.031079096139196124
6,0.2,400,38,tis,300,0.0010604131395369066,0.000346571783932256,-0.0021546170810892175,0.20844419042159124
6,0.2,400,38,tis_no_cov,300,0.0011889875145672127,0.00036157108110558155,-0.002268661243579948,0.2337179073465421
6,0.2,400,38,uniform,300,0.005087276058844123,0.0004061756937989012,-0.00042824992707987344,1.0
6,0.2,400,39,learned_mean,300,0.00041044235094121685,3.678426682865556e-05,-0.002333332041875162,0.1421958025694241
6,0.2,400,39,learned_occupancy,300,0.0004401484770799255,3.956156996664065e-05,-0.0011749480135436567,0.15248734884342738
6,0.2,400,39,oracle_no_cov,300,0.00012553966201481334,9.141127254578636e-06,-0.00019490531438847678,0.043492619495903974
6,0.2,400,39,oracle_tail,300,0.00011225160600477092,8.474536650381262e-06,-0.0001719102901347876,0.03888903561962398
6,0.2,400,39,tis,300,0.00039057265062298875,3.981026873665562e-05,-0.002444251318901375,0.13531203929040264
6,0.2,400,39,tis_no_cov,300,0.00040804816323227133,3.899237908684967e-05,-0.0020567535502391226,0.1413663476118773
6,0.2,400,39,uniform,300,0.0028864589778648847,0.00023445590841251373,0.005065031518017032,1.0
6,0.2,400,40,learned_mean,300,0.0006313392365224668,7.154046821118683e-05,0.0013774564545149647,0.280622265844968
6,0.2,400,40,learned_occupancy,300,0.00031437204704845676,2.397090747750563e-05,-0.0007671292692872752,0.1397343790114959
6,0.2,400,40,oracle_no_cov,300,0.00017270812579047037,1.3561189597435404e-05,-0.00015297041485590708,0.07676656666567698
6,0.2,400,40,oracle_tail,300,0.00015647935803022426,1.274782936533516e-05,-0.0007723095447670966,0.0695530856759049
6,0.2,400,40,tis,300,0.0006506621700064789,8.69960235476049e-05,0.0009321437829143741,0.2892110641698162
6,0.2,400,40,tis_no_cov,300,0.0006811562802535503,9.231153176474044e-05,0.001347303953769128,0.30276530857191414
6,0.2,400,40,uniform,300,0.002249783119031813,0.0001636536420256836,0.0019450112823431542,1.0
6,0.2,400,41,learned_mean,300,0.03508836754608013,0.005367745078832201,0.027200133445568077,1.7198214804302838
6,0.2,400,41,learned_occupancy,300,0.002120733647941897,0.00019497361030156908,0.0006572807161153982,0.10394565313453014
6,0.2,400,41,oracle_no_cov,300,0.001320193521981165,0.00011059097324778925,0.004160294329714015,0.0647079740727854
6,0.2,400,41,oracle_tail,300,0.001257531537944216,0.00011398798823060495,0.0030821831124575876,0.06163665917015854
6,0.2,400,41,tis,300,0.03828726770092098,0.005421764599545914,0.03264541155145081,1.8766123939095762
6,0.2,400,41,tis_no_cov,300,0.03842159153441626,0.005453817613108346,0.03308581163601171,1.883196143178491
6,0.2,400,41,uniform,300,0.020402331256672835,0.001578835354701435,0.010560849920103223,1.0
6,0.2,400,42,learned_mean,300,0.0017615399189763704,0.0005002270330478401,0.0013406508534643743,1.1580800570310752
6,0.2,400,42,learned_occupancy,300,0.0002738232397244244,2.926181679050264e-05,-8.642180646131277e-05,0.1800181929801325
6,0.2,400,42,oracle_no_cov,300,8.906104409288217e-05,6.5532010282404135e-06,0.0002685674326764283,0.05855094052155603
6,0.2,400,42,oracle_tail,300,7.610436687419835e-05,5.5137522545388335e-06,0.0005806930696231482,0.0500328993856697
6,0.2,400,42,tis,300,0.0019767275447782778,0.00048392318700930727,0.0014028010250832453,1.299549742319767
6,0.2,400,42,tis_no_cov,300,0.002078448270883249,0.00048414200403380504,0.001099747148376243,1.3664234719581743
6,0.2,400,42,uniform,300,0.0015210864812682827,0.00013638138070240388,0.0012823711519691313,1.0
6,0.2,400,43,learned_mean,300,0.0003155194398923784,4.983096196364835e-05,-0.0008183223065802925,0.1960890507787956
6,0.2,400,43,learned_occupancy,300,0.000418268389672184,4.736386304812635e-05,-0.00024731430099173593,0.2599454776211878
6,0.2,400,43,oracle_no_cov,300,9.051957639105193e-05,7.961590515273575e-06,-0.00021311352201484576,0.05625611473408555
6,0.2,400,43,oracle_tail,300,8.394873494779463e-05,7.056084410363837e-06,-0.00036054742673400806,0.05217246758427512
6,0.2,400,43,tis,300,0.0005818174639934938,0.00013483854764526133,0.0012123545584761268,0.3615879715047826
6,0.2,400,43,tis_no_cov,300,0.0006506758334846492,0.00015875554054513034,0.0012107429307420022,0.4043820773649534
6,0.2,400,43,uniform,300,0.0016090619983076464,0.0001293478214647594,-0.0018038769323168162,1.0
6,0.2,400,44,learned_mean,300,0.0,0.0,0.0,0.0
6,0.2,400,44,learned_occupancy,300,0.0,0.0,0.0,0.0
6,0.2,400,44,oracle_no_cov,300,0.0,0.0,0.0,0.0
6,0.2,400,44,oracle_tail,300,0.0,0.0,0.0,0.0
6,0.2,400,44,tis,300,0.0,0.0,0.0,0.0
6,0.2,400,44,tis_no_cov,300,0.0,0.0,0.0,0.0
6,0.2,400,44,uniform,300,0.0,0.0,0.0,0.0
6,0.2,400,45,learned_mean,300,0.0005515243126026225,4.326702167485782e-05,-0.001444110882897626,0.04396943796691953
6,0.2,400,45,learned_occupancy,300,0.0010796617853481992,8.274221197020737e-05,-0.0003527591299963621,0.08607439565465769
6,0.2,400,45,oracle_no_cov,300,0.00029926553372250597,2.388665085447705e-05,-0.00041433321779832535,0.023858490042903364
6,0.2,400,45,oracle_tail,300,0.0002938118465545492,2.2174284395618947e-05,-0.00037306515242789535,0.023423703118477725
6,0.2,400,45,tis,300,0.001217576986879453,0.00032872089535888524,0.001650433642579742,0.0970694755810668
6,0.2,400,45,tis_no_cov,300,0.0012543631172936076,0.0003668054601676497,0.0022320252305704992,0.10000219394420734
6,0.2,400,45,uniform,300,0.012543355978704176,0.0011281889937084944,0.017347751768666774,1.0
6,0.2,400,46,learned_mean,300,0.1343580645890451,0.02096328963815411,-0.0013361967308500456,5.5657485160746685
6,0.2,400,46,learned_occupancy,300,0.0014939096758128962,0.0001190042097137694,0.002208888509861365,0.06188482683742944
6,0.2,400,46,oracle_no_cov,300,0.0009128442805030049,7.375233942467532e-05,0.0010927103068145972,0.037814341216932806
6,0.2,400,46,oracle_tail,300,0.0009485614724746072,7.177590990265746e-05,0.001437986251762844,0.03929391677365386
6,0.2,400,46,tis,300,0.14219651306892614,0.020878230818196473,0.009464706885883412,5.890454242736221
6,0.2,400,46,tis_no_cov,300,0.14391943366691254,0.021159015329617274,0.00920332682406951,5.961825788544712
6,0.2,400,46,uniform,300,0.02414016087881082,0.0017733449020913695,0.018468572347260175,1.0
6,0.2,400,47,learned_mean,300,0.004958171321576925,0.0020845355448667786,0.0014193747997304884,0.39681540193596593
6,0.2,400,47,learned_occupancy,300,0.0016527337873108428,0.0001666189278762612,0.001707783515646238,0.13227260204803076
6,0.2,400,47,oracle_no_cov,300,0.00034636474625858655,2.7072234472031795e-05,-0.0009452198980816373,0.027720475370612396
6,0.2,400,47,oracle_tail,300,0.00034465180479626237,2.859122783363178e-05,-0.0015243480974159922,0.027583384191066634
6,0.2,400,47,tis,300,0.00492719803810155,0.0022364454674534536,-0.0012030571333302563,0.3943365291551746
6,0.2,400,47,tis_no_cov,300,0.0048584306412124975,0.0023270846934080993,-0.0023426148330200195,0.3888328947571722
6,0.2,400,47,uniform,300,0.012494906441098838,0.0009553937328286931,0.0076786047725175815,1.0
6,0.2,400,48,learned_mean,300,0.008026839179924583,0.0016859274782775318,-0.00944654859050937,1.8455469039762429
6,0.2,400,48,learned_occupancy,300,0.0006252663158173417,5.959988120781944e-05,-0.0032651296002621628,0.14376248077866294
6,0.2,400,48,oracle_no_cov,300,0.0002018482731544121,1.9485355632191556e-05,-0.0009113358677487311,0.04640935830940321
6,0.2,400,48,oracle_tail,300,0.00019518718604012616,2.0798135229994208e-05,-0.0006140680017921504,0.044877827849489106
6,0.2,400,48,tis,300,0.008095835698584561,0.0016967776215055569,-0.009011109211491076,1.8614107214196685
6,0.2,400,48,tis_no_cov,300,0.00775665704905477,0.0016420177059788565,-0.008472219208930067,1.783426088551961
6,0.2,400,48,uniform,300,0.004349301100194585,0.0003311262650826557,0.002425751696750306,1.0
6,0.2,400,49,learned_mean,300,0.003044870095074939,0.0007278637268009468,0.0067246879704733805,0.46807480381217625
6,0.2,400,49,learned_occupancy,300,0.0005662675376062406,4.924882467153223e-05,-0.0007385603660452963,0.08704987677437247
6,0.2,400,49,oracle_no_cov,300,0.0003423954955393098,2.8159874821388052e-05,0.00032568193467726064,0.05263498914451747
6,0.2,400,49,oracle_tail,300,0.00033770048874843633,2.6566879174561365e-05,0.00022168997450095892,0.05191324591281456
6,0.2,400,49,tis,300,0.0032993758597404757,0.000776373022858631,0.006837016306871716,0.5071988820635202
6,0.2,400,49,tis_no_cov,300,0.0031803616099069965,0.0007339181706618387,0.0068495688631073645,0.4889033325319438
6,0.2,400,49,uniform,300,0.006505092925909232,0.0005062190738476169,0.002526202106218373,1.0
